step,system_total_stopped,system_total_waiting_time,system_mean_waiting_time,system_mean_speed,J17_stopped,J17_accumulated_waiting_time,J17_average_speed,J18_stopped,J18_accumulated_waiting_time,J18_average_speed,agents_total_stopped,agents_total_accumulated_waiting_time
5.0,1,0.0,0.0,1.7063348058960404,0,0.0,1.0,1,0.0,0.123525669504524,1,0.0
10.0,0,0.0,0.0,7.405686739632787,0,0.0,0.4368807173940325,0,0.0,0.663918221542026,0,0.0
15.0,1,0.0,0.0,9.533157793589258,0,0.0,0.7886039928172665,1,0.0,0.6579262900430309,1,0.0
20.0,0,0.0,0.0,10.354700600504948,0,0.0,0.7876730195679651,0,0.0,0.7497154260566513,0,0.0
25.0,1,2.0,0.13333333333333333,8.525855884541228,1,2.0,0.5292947037747597,0,0.0,0.7375847063478245,1,2.0
30.0,5,13.0,0.65,8.019421627339108,4,11.0,0.4750224320394286,1,2.0,0.637622289314035,5,13.0
35.0,4,33.0,1.434782608695652,9.401697907064504,3,26.0,0.6762196252549416,1,7.0,0.6373185881244519,4,33.0
40.0,6,54.0,2.076923076923077,7.244923287430429,4,42.0,0.5076905847660681,2,12.0,0.47870140548410345,6,54.0
45.0,8,75.0,2.586206896551724,6.252207883543018,3,45.0,0.3186143535387551,5,31.0,0.4932301732437428,8,76.0
50.0,11,120.0,3.75,5.988814710507691,5,62.0,0.3058418834502169,6,58.0,0.3435876647051403,11,120.0
55.0,14,187.0,5.84375,5.899078192020907,6,90.0,0.3979581893141874,8,97.0,0.2669042054625177,14,187.0
60.0,16,259.0,7.848484848484849,5.5122559414557575,6,120.0,0.36895819251549816,10,139.0,0.21760718555365915,16,259.0
65.0,17,284.0,8.606060606060606,3.800763757984406,6,114.0,0.25572207135235464,11,192.0,0.16133434426246554,17,306.0
70.0,21,380.0,10.555555555555555,3.5603963791303213,9,128.0,0.2220194412658976,12,255.0,0.23724638049197885,21,383.0
75.0,23,484.0,12.41025641025641,4.680027791640613,9,171.0,0.26189309073531625,14,316.0,0.3567670329189549,23,487.0
80.0,23,594.0,14.142857142857142,4.59718006045968,10,216.0,0.2727190670479287,13,378.0,0.34885320010204973,23,594.0
85.0,21,578.0,13.136363636363637,4.428506850483736,5,166.0,0.3728287010141476,16,452.0,0.2843978334917384,21,618.0
90.0,24,677.0,14.404255319148936,4.678985633570103,8,158.0,0.2825808636462687,16,525.0,0.3525328889662945,24,683.0
95.0,28,806.0,16.448979591836736,4.007644703148485,9,207.0,0.36547078032752844,19,608.0,0.23982133771824762,28,815.0
100.0,29,945.0,18.173076923076923,3.5471945258487008,10,257.0,0.359455728671192,19,702.0,0.17228575357382592,29,959.0
105.0,30,949.0,17.574074074074073,3.835186906500248,8,202.0,0.34031435624849593,22,799.0,0.15575198688521513,30,1001.0
110.0,31,1055.0,18.50877192982456,4.028283440564777,11,180.0,0.14072106630365872,20,890.0,0.2334077541197704,31,1070.0
115.0,34,1216.0,20.96551724137931,4.629262152874505,13,237.0,0.17302283062095597,21,991.0,0.2903512388005039,34,1228.0
120.0,31,1136.0,19.92982456140351,3.988079516079336,13,296.0,0.22847458669965662,18,954.0,0.23476374321387278,31,1250.0
125.0,34,1030.0,18.392857142857142,3.5350358338677266,14,362.0,0.15551379334205256,20,844.0,0.20572071731692346,34,1206.0
130.0,33,1149.0,20.157894736842106,3.0236262819701274,17,438.0,0.13038349569397925,16,912.0,0.1864791462039112,33,1350.0
135.0,37,1326.0,22.47457627118644,3.4363354810535087,18,523.0,0.17906082530538933,19,998.0,0.12605617210277936,37,1521.0
140.0,38,1269.0,22.263157894736842,2.946022918008651,15,471.0,0.19943274634736866,23,1037.0,0.05943490685858123,38,1508.0
145.0,28,1214.0,21.29824561403509,4.257219791045008,8,355.0,0.35712797936070806,20,1047.0,0.07645560634787743,28,1402.0
150.0,31,1363.0,24.339285714285715,4.449031746427055,10,284.0,0.34936860262255265,21,1124.0,0.10590624111822246,31,1408.0
155.0,33,1524.0,25.83050847457627,4.622662434570081,11,328.0,0.34673660635761866,22,1202.0,0.0986180123775989,33,1530.0
160.0,34,1685.0,29.051724137931036,4.139033763713644,12,376.0,0.3165912786062997,22,1312.0,0.1124826192730781,34,1688.0
165.0,34,1817.0,31.32758620689655,3.7781724494390256,14,445.0,0.27659729102940284,20,1376.0,0.13931316652531744,34,1821.0
170.0,33,1725.0,32.54716981132076,3.219086875071659,13,362.0,0.23917234771958396,20,1472.0,0.13562892234974924,33,1834.0
175.0,30,1740.0,31.071428571428573,3.7273529356141135,9,259.0,0.2164130782324384,21,1574.0,0.12644885081375545,30,1833.0
180.0,32,1871.0,31.183333333333334,3.957566259087609,10,288.0,0.20820259532156168,22,1679.0,0.1821831423322525,32,1967.0
185.0,37,2045.0,32.983870967741936,4.270422430990956,13,349.0,0.2508053250755576,24,1792.0,0.1861591609048472,37,2141.0
190.0,31,1593.0,26.55,3.64502923569375,11,391.0,0.2854418755015122,20,1598.0,0.1820504300080277,31,1989.0
195.0,32,1033.0,16.396825396825395,4.313870927587075,15,460.0,0.24626881702896963,17,1194.0,0.252350451937033,32,1654.0
200.0,34,903.0,14.109375,4.368884972257444,18,544.0,0.2559017571582873,16,977.0,0.2464947625169648,34,1521.0
205.0,32,988.0,15.682539682539682,4.817311547251511,19,638.0,0.3239420879178169,13,832.0,0.28372878628772225,32,1470.0
210.0,36,1150.0,17.692307692307693,3.7931549790761148,21,734.0,0.21815067945108124,15,672.0,0.24372658769795655,36,1406.0
215.0,42,1346.0,20.393939393939394,2.920427226249137,25,846.0,0.21241167275986106,17,670.0,0.17733434730227982,42,1516.0
220.0,47,1573.0,22.47142857142857,2.829379665906493,28,980.0,0.2138691247274037,19,726.0,0.12352692056181326,47,1706.0
225.0,47,1646.0,22.243243243243242,2.688766599643305,28,1009.0,0.21760284910746402,19,789.0,0.09265868550551741,47,1798.0
230.0,47,1752.0,22.17721518987342,3.2720909359086536,28,1014.0,0.1767980304895931,19,854.0,0.19003001963829896,47,1868.0
235.0,49,1825.0,21.470588235294116,3.6368186416100605,28,1079.0,0.18477509640196849,21,929.0,0.24705219256919736,49,2008.0
240.0,42,1810.0,20.804597701149426,4.69754974082827,24,1087.0,0.2145317807020664,18,988.0,0.30554873461934146,42,2075.0
245.0,40,1909.0,21.693181818181817,3.5503676597725433,19,1136.0,0.19870825796288352,21,1077.0,0.15683798961207154,40,2213.0
250.0,49,2106.0,23.662921348314608,3.1463822648433593,25,1204.0,0.19350016474225762,24,1197.0,0.10523338978465163,49,2401.0
255.0,52,2288.0,25.142857142857142,2.6152177320977836,28,1271.0,0.16687326578420747,24,1284.0,0.16161743211792462,52,2555.0
260.0,51,2465.0,27.696629213483146,3.0073994748813466,28,1297.0,0.1820721485260649,23,1379.0,0.14893687411747794,51,2676.0
265.0,49,2118.0,22.774193548387096,2.740981824492115,27,1392.0,0.18955959710674405,22,1218.0,0.1204720610642776,49,2610.0
270.0,45,1892.0,19.50515463917526,3.3380354536592964,29,1521.0,0.17279391022815935,16,837.0,0.22721609041316904,45,2358.0
275.0,55,2147.0,21.68686868686869,3.2458124116790716,38,1692.0,0.18839189666855524,17,715.0,0.28842586290789857,55,2407.0
280.0,67,2455.0,23.83495145631068,2.6987325991008735,48,1909.0,0.13493969337563297,19,790.0,0.27040967923342896,67,2699.0
285.0,76,2265.0,21.367924528301888,1.8226894793915063,52,1876.0,0.0818591791230373,24,896.0,0.16922516773685367,76,2772.0
290.0,76,1810.0,16.605504587155963,1.9077112737534643,54,1631.0,0.06560226014372325,22,987.0,0.20930356810266335,76,2618.0
295.0,71,1858.0,16.73873873873874,2.3070424433396357,47,1772.0,0.09440174687433567,24,1093.0,0.23182882138400163,71,2865.0
300.0,70,1655.0,14.646017699115044,2.4634938834395195,48,1849.0,0.08618805599774682,22,999.0,0.22310599496171835,70,2848.0
305.0,67,1214.0,10.839285714285714,2.4981616689951878,52,1981.0,0.05491872456570304,15,719.0,0.19746442094943759,67,2700.0
310.0,63,1006.0,9.145454545454545,3.014942086849392,51,2015.0,0.05746722556615653,12,544.0,0.1914336407885739,63,2559.0
315.0,55,932.0,8.710280373831775,3.9530456990940017,46,2055.0,0.08862373764558792,9,407.0,0.28261731489818975,55,2462.0
320.0,46,885.0,8.509615384615385,5.1989870132036335,37,2093.0,0.16164478433710733,9,337.0,0.3911364004994285,46,2430.0
325.0,38,863.0,8.806122448979592,5.380752655188001,29,2070.0,0.20427298762889798,9,314.0,0.35805866214928617,38,2384.0
330.0,40,1014.0,10.903225806451612,5.387908159844347,30,2002.0,0.2467658415577353,10,311.0,0.2205222052905681,40,2313.0
335.0,42,1221.0,13.875,5.249874328645231,30,2021.0,0.27342989814597807,12,344.0,0.12432545365520115,42,2365.0
340.0,45,1440.0,17.142857142857142,4.574571160273306,31,2018.0,0.20271928246724577,14,408.0,0.07466327914229448,45,2426.0
345.0,43,1460.0,18.71794871794872,3.6776573531126964,32,2024.0,0.12342222964581033,11,420.0,0.1925207811802371,43,2444.0
350.0,40,1443.0,20.041666666666668,3.6526435450564083,30,2032.0,0.09714835192891669,10,396.0,0.3219640062112192,40,2428.0
355.0,41,1620.0,21.89189189189189,3.311671408638976,31,2149.0,0.1533907702495278,10,446.0,0.2801784974653577,41,2595.0
360.0,46,1825.0,24.66216216216216,3.4777537434199606,32,2240.0,0.16261353672232962,14,511.0,0.2845819697517929,46,2751.0
365.0,48,2044.0,27.253333333333334,3.561158639226221,34,2336.0,0.18476754718315766,14,578.0,0.25542717424379335,48,2914.0
370.0,45,2216.0,29.157894736842106,3.3426010346595705,32,2359.0,0.14184904330958858,13,627.0,0.28383018641213564,45,2986.0
375.0,46,2140.0,26.419753086419753,3.5952931231526017,32,2156.0,0.12657309975752792,14,695.0,0.3174432757203748,46,2851.0
380.0,38,1432.0,17.047619047619047,4.464539743546567,27,1698.0,0.18829679635577073,11,641.0,0.4176131994205945,38,2339.0
385.0,32,1047.0,12.464285714285714,5.31579714652994,21,1417.0,0.29738576650605963,11,509.0,0.4157329936660948,32,1926.0
390.0,40,1217.0,14.151162790697674,5.482296098017507,24,1098.0,0.30197420489732846,16,555.0,0.36079119087703837,40,1653.0
395.0,42,1421.0,16.333333333333332,4.857352397963534,27,990.0,0.27030410941655225,15,623.0,0.3543961632201454,42,1613.0
400.0,54,1663.0,18.07608695652174,3.8754121612131938,33,1059.0,0.15702126762268145,21,713.0,0.2984436102556892,54,1772.0
405.0,55,1775.0,20.170454545454547,2.61992953016211,36,1142.0,0.10791628349062099,19,792.0,0.21709711353156746,55,1934.0
410.0,45,1825.0,20.977011494252874,2.873062743964666,29,1197.0,0.11779100568256311,16,840.0,0.16446599626167205,45,2037.0
415.0,47,2020.0,23.2183908045977,3.613015797596451,26,1255.0,0.17806315614591553,21,931.0,0.11784709135265127,47,2186.0
420.0,54,2159.0,24.258426966292134,2.7996083913587824,27,1277.0,0.12355954166232336,27,1050.0,0.04427150436802935,54,2327.0
425.0,51,1700.0,19.767441860465116,2.5868552231029303,25,1294.0,0.06969934192940415,26,898.0,0.18277886001600754,51,2192.0
430.0,45,1433.0,17.05952380952381,3.4356697759719372,28,1395.0,0.1363708655990649,17,623.0,0.2599212473188443,45,2018.0
435.0,40,1571.0,19.158536585365855,4.157708163945983,23,1451.0,0.19397210566705433,17,504.0,0.25827448861341973,40,1955.0
440.0,52,1799.0,22.209876543209877,3.576428324606347,28,1541.0,0.13829641584702432,24,530.0,0.13213255622852885,52,2071.0
445.0,50,1877.0,22.890243902439025,3.2415775538168257,27,1622.0,0.1205400980617991,23,559.0,0.14559172284581545,50,2181.0
450.0,45,1920.0,23.703703703703702,3.401996200517474,25,1643.0,0.17777461220250645,20,562.0,0.19287423757024763,45,2205.0
455.0,47,2044.0,24.926829268292682,3.682073588959559,26,1697.0,0.1982132411177333,21,650.0,0.2638608386993935,47,2347.0
460.0,59,2304.0,28.097560975609756,3.099468793755464,32,1824.0,0.1205121161010484,27,771.0,0.22119485119372234,59,2595.0
465.0,59,2551.0,30.734939759036145,2.1271010733266826,31,1977.0,0.07604943488905248,28,869.0,0.19642482276382778,59,2846.0
470.0,65,2194.0,25.811764705882354,1.6429588023290584,34,1801.0,0.07107783428708386,31,970.0,0.13730203850319356,65,2771.0
475.0,60,1706.0,19.837209302325583,2.3377644297608473,27,1579.0,0.16526554190512893,33,1113.0,0.11200100860574422,60,2692.0
480.0,59,1706.0,18.955555555555556,2.9426781847286736,24,1315.0,0.17047467213481343,35,1282.0,0.14573688885272246,59,2597.0
485.0,62,1904.0,20.695652173913043,2.5383810536269986,23,1205.0,0.16984003372951043,39,1463.0,0.10786874603359155,62,2668.0
490.0,70,2215.0,23.31578947368421,2.2119103626579846,28,1152.0,0.16088077614521995,42,1644.0,0.10861197538831785,70,2796.0
495.0,67,2084.0,21.050505050505052,1.8386639870728843,26,1198.0,0.13330892456720708,41,1687.0,0.1033227805176804,67,2885.0
500.0,58,1316.0,13.708333333333334,2.553720440950483,23,1139.0,0.15848876661047767,35,1557.0,0.11900676451752307,58,2696.0
505.0,48,1045.0,11.117021276595745,3.1773821379952576,17,1075.0,0.21143871192536234,31,1408.0,0.11690490156858326,48,2483.0
510.0,41,1115.0,11.614583333333334,4.523872999016985,18,1030.0,0.2340930783317584,23,1226.0,0.2070924080669389,41,2256.0
515.0,38,1255.0,13.494623655913978,5.309891420583222,17,991.0,0.25729806665170024,21,1114.0,0.2680565145189714,38,2105.0
520.0,43,1462.0,16.244444444444444,5.142496284931435,21,1048.0,0.22988434312157238,22,1083.0,0.23192317477420343,43,2131.0
525.0,48,1693.0,19.45977011494253,4.557859794325266,24,1155.0,0.18659908622770924,24,1118.0,0.17498062097478723,48,2273.0
530.0,45,1604.0,19.095238095238095,3.771901637707086,22,1205.0,0.19360686192434168,23,1133.0,0.06970099894012191,45,2338.0
535.0,47,1759.0,21.9875,3.8085325906606022,20,1228.0,0.19057395089626222,27,1134.0,0.12447009162937125,47,2362.0
540.0,48,1868.0,24.57894736842105,3.362242200297098,24,1221.0,0.1803485615251934,24,1194.0,0.19597739904407985,48,2415.0
545.0,48,1907.0,25.426666666666666,3.610755882552172,22,1221.0,0.1936173361636542,26,1304.0,0.19428472455935933,48,2525.0
550.0,40,1381.0,18.413333333333334,2.8736808249359798,15,979.0,0.1431365925374406,25,1209.0,0.16170791512996607,40,2188.0
555.0,35,621.0,8.064935064935066,3.5582296397787547,16,747.0,0.15249971717145797,19,933.0,0.20143232654216706,35,1680.0
560.0,28,309.0,3.9615384615384617,3.860146297840223,13,793.0,0.21292918669722136,15,938.0,0.24825274302812725,28,1731.0
565.0,30,300.0,3.7037037037037037,4.425315733215282,15,841.0,0.18872164330977917,15,876.0,0.21009530912032712,30,1717.0
570.0,33,390.0,4.814814814814815,4.53331215144583,19,815.0,0.15806589479027344,14,759.0,0.2127158418634348,33,1574.0
575.0,27,417.0,5.085365853658536,5.094092396770161,15,750.0,0.1837858504880543,12,579.0,0.30887459474217344,27,1329.0
580.0,32,505.0,6.3125,4.601156824542956,16,821.0,0.283417886028069,16,607.0,0.25889410002115426,32,1428.0
585.0,34,625.0,8.116883116883116,4.145301152779933,20,905.0,0.260933687048683,14,608.0,0.1921997423649201,34,1513.0
590.0,37,743.0,9.776315789473685,3.5739450403058464,20,949.0,0.14062849827304863,17,554.0,0.1991652889382617,37,1503.0
595.0,39,847.0,10.45679012345679,3.9126633271306237,21,958.0,0.16146657072079873,18,447.0,0.20498376804187862,39,1405.0
600.0,40,694.0,8.675,3.8229220232738044,19,918.0,0.19442628103012188,21,435.0,0.2324857244382462,40,1353.0
605.0,38,725.0,9.0625,4.847383610500282,16,873.0,0.3226843664626076,22,463.0,0.2741658245720705,38,1336.0
610.0,40,636.0,7.7560975609756095,3.55913649624275,15,755.0,0.23162638281028647,25,529.0,0.2028503384320707,40,1284.0
615.0,44,524.0,6.1647058823529415,4.25113734166056,16,566.0,0.3084846313597027,28,593.0,0.20089251562295418,44,1159.0
620.0,43,572.0,6.729411764705882,3.7336675606642515,14,607.0,0.26805650600786884,29,668.0,0.1633375609348613,43,1275.0
625.0,41,530.0,6.091954022988506,4.102785952383972,17,657.0,0.14643888675720576,24,669.0,0.21186023146248276,41,1326.0
630.0,40,507.0,5.895348837209302,3.8787262373015956,20,687.0,0.08737981805625254,20,670.0,0.17683116087592604,40,1357.0
635.0,41,473.0,5.436781609195402,3.9987367382110905,21,708.0,0.1508179270971913,20,638.0,0.17770144235081356,41,1346.0
640.0,42,472.0,5.7560975609756095,3.155103712886578,18,722.0,0.14354583118724112,24,687.0,0.20631752136765988,42,1409.0
645.0,44,504.0,6.3,3.3902291928832,16,700.0,0.2663082995933632,28,750.0,0.18779614485743146,44,1450.0
650.0,48,616.0,7.333333333333333,3.1766314835623874,17,677.0,0.24416589439270986,31,866.0,0.19055201100753114,48,1543.0
655.0,54,719.0,8.170454545454545,2.56951363362065,17,565.0,0.20207577328402457,37,1008.0,0.1458952436817741,54,1573.0
660.0,60,921.0,10.233333333333333,2.45160797350538,19,600.0,0.2445515133169899,41,1154.0,0.1383802842994185,60,1754.0
665.0,65,1171.0,12.728260869565217,2.1022892138146276,25,665.0,0.1831749527893328,40,1263.0,0.11371680411003192,65,1928.0
670.0,67,1286.0,13.536842105263158,1.913545472986883,27,722.0,0.1599436226621962,40,1402.0,0.08960439377511219,67,2124.0
675.0,58,1256.0,12.948453608247423,2.4179031691056583,21,687.0,0.153296451296296,37,1497.0,0.08968137655290233,58,2184.0
680.0,53,1443.0,14.575757575757576,3.6129140975382716,16,737.0,0.2719148343246908,37,1626.0,0.11678893383981002,53,2363.0
685.0,60,1649.0,16.326732673267326,2.7565652655099373,22,824.0,0.2311747681223373,38,1765.0,0.05644723503702026,60,2589.0
690.0,63,1803.0,18.21212121212121,1.9908317422114123,22,825.0,0.17178529622773148,41,1922.0,0.0848360361226689,63,2747.0
695.0,66,1799.0,17.466019417475728,1.9931260274072404,28,795.0,0.09925962323635482,38,1933.0,0.13086060693802204,66,2728.0
700.0,65,1395.0,13.285714285714286,2.3193907296134757,34,803.0,0.08364534369029311,31,1747.0,0.16272539580267878,65,2550.0
705.0,61,1068.0,10.075471698113208,3.113573640964179,34,796.0,0.10166846892007263,27,1571.0,0.20352083530695458,61,2367.0
710.0,62,1018.0,9.695238095238095,3.635058978505569,37,919.0,0.11304236088939038,25,1265.0,0.19869239844844155,62,2184.0
715.0,57,1209.0,11.299065420560748,4.007024972748928,38,1023.0,0.10648909270962997,19,1065.0,0.23360067876266125,57,2088.0
720.0,59,1494.0,14.365384615384615,4.386318558999224,40,1220.0,0.12656784240290453,19,938.0,0.30252664571561594,59,2158.0
725.0,60,1791.0,18.09090909090909,4.208671602501726,41,1422.0,0.11846234469169374,19,818.0,0.3159024830278784,60,2240.0
730.0,64,2094.0,21.587628865979383,3.604291419159571,44,1630.0,0.07660061776655688,20,847.0,0.2680874396176808,64,2477.0
735.0,61,2288.0,24.602150537634408,3.1105170421405184,41,1769.0,0.0779717806030114,20,929.0,0.22329802515585892,61,2698.0
740.0,62,2379.0,25.30851063829787,3.0212029033006984,41,1918.0,0.1039039999405702,21,856.0,0.2134332593966659,62,2774.0
745.0,61,2384.0,24.577319587628867,3.327268214311229,41,2036.0,0.1312703746067305,20,781.0,0.2817137140572733,61,2817.0
750.0,60,2447.0,25.489583333333332,3.2781741061785685,41,2223.0,0.1260421060708494,19,744.0,0.31406730125874366,60,2967.0
755.0,60,2491.0,25.947916666666668,3.0119444140266425,43,2419.0,0.09957399477431401,17,596.0,0.28107927275153105,60,3015.0
760.0,67,2791.0,29.072916666666668,2.0705537955378426,48,2641.0,0.05405314853076608,19,615.0,0.20226361774533513,67,3256.0
765.0,72,2810.0,29.270833333333332,1.9654713941716107,47,2687.0,0.046129940630330275,25,628.0,0.1860935838529108,72,3315.0
770.0,64,2241.0,23.589473684210525,2.0104967523245665,41,2509.0,0.07192025921294266,23,684.0,0.08731787183502294,64,3193.0
775.0,53,1654.0,16.877551020408163,3.1851541334246023,32,2319.0,0.13819756542792766,21,689.0,0.07503401682610629,53,3008.0
780.0,41,1210.0,11.98019801980198,4.886885487680124,24,2108.0,0.1973009339255515,17,693.0,0.220826821473907,41,2801.0
785.0,33,735.0,7.35,5.207087078501798,17,1992.0,0.24654196432438946,16,657.0,0.2377701407035665,33,2649.0
790.0,31,573.0,6.095744680851064,5.203732890053888,15,2036.0,0.2503716552232775,16,655.0,0.34107165707319226,31,2691.0
795.0,37,684.0,7.6,4.120012848526659,18,1949.0,0.24744857281667143,19,697.0,0.2680849124870986,37,2646.0
800.0,37,791.0,8.988636363636363,3.7328714558274707,16,1699.0,0.20095969088480858,21,731.0,0.17474850695921695,37,2430.0
805.0,41,953.0,10.472527472527473,3.8670403015176325,18,1451.0,0.18731061655727485,23,834.0,0.10746982636867046,41,2285.0
810.0,41,1136.0,12.085106382978724,4.666784680019302,17,1315.0,0.2546769873764332,24,949.0,0.1310041069353477,41,2264.0
815.0,42,1336.0,15.01123595505618,5.367783960181818,18,1058.0,0.30905268667984115,24,1068.0,0.20638922475348806,42,2126.0
820.0,46,1552.0,18.046511627906977,4.460345571871588,20,914.0,0.26714573105050365,26,1177.0,0.16968785285062768,46,2091.0
825.0,48,1787.0,21.79268292682927,4.037734647625351,21,864.0,0.205447373548676,27,1320.0,0.15605183663900707,48,2184.0
830.0,46,1514.0,18.925,3.1418732331907933,20,798.0,0.10449983992915202,26,1336.0,0.1147199401349823,46,2134.0
835.0,38,1292.0,16.564102564102566,4.231637558232089,17,627.0,0.16200288224439413,21,1308.0,0.19698829599488946,38,1935.0
840.0,41,1067.0,13.857142857142858,3.899398991058502,18,655.0,0.17907296407763898,23,1174.0,0.1970375831931578,41,1829.0
845.0,34,831.0,10.518987341772151,5.059363985551253,18,696.0,0.261838420568316,16,911.0,0.29043470366701757,34,1607.0
850.0,40,1014.0,13.52,5.035333313241885,21,781.0,0.3119882608436692,19,801.0,0.3213244802578219,40,1582.0
855.0,37,1117.0,14.320512820512821,4.319383882052427,19,806.0,0.29381955994141556,18,850.0,0.269480326841429,37,1656.0
860.0,35,1230.0,16.18421052631579,4.2346654776834685,14,765.0,0.2825036684095613,21,936.0,0.17934217471119782,35,1701.0
865.0,32,1205.0,16.283783783783782,4.052736556877212,14,680.0,0.245268477654466,18,956.0,0.161468894569288,32,1636.0
870.0,38,1265.0,16.428571428571427,4.034133715043037,20,587.0,0.2004395720588549,18,944.0,0.10882909296854713,38,1531.0
875.0,45,1430.0,19.589041095890412,3.3839393562697535,24,680.0,0.15149383965771146,21,1016.0,0.16433985822657501,45,1696.0
880.0,49,1665.0,22.5,3.53352324768886,27,810.0,0.09332389661474123,22,1124.0,0.25406729319449156,49,1934.0
885.0,46,1207.0,16.093333333333334,3.1558248278639005,26,748.0,0.08485821788426408,20,964.0,0.23667891686125928,46,1712.0
890.0,37,671.0,9.067567567567568,3.9896593067936816,21,595.0,0.1531724642916597,16,656.0,0.26381508053731173,37,1251.0
895.0,38,708.0,9.567567567567568,4.4080331037778,21,556.0,0.18762456855203197,17,539.0,0.2645093465052206,38,1095.0
900.0,39,886.0,11.657894736842104,4.37157831933464,22,653.0,0.19087573859553975,17,486.0,0.25099668961599864,39,1139.0
905.0,38,798.0,10.5,3.3248156832910416,20,656.0,0.17282314602087487,18,508.0,0.22431458131936888,38,1164.0
910.0,30,438.0,5.615384615384615,4.254130430053911,16,585.0,0.1779261927847098,14,458.0,0.25837175767825726,30,1043.0
915.0,23,323.0,4.194805194805195,5.378830267321683,9,496.0,0.2043788796530802,14,456.0,0.3092329530958834,23,952.0
920.0,25,419.0,5.5131578947368425,6.215498697001287,8,390.0,0.3083437565193608,17,497.0,0.2795838933414061,25,887.0
925.0,29,546.0,7.583333333333333,5.944275869060518,9,261.0,0.3294934120079333,20,579.0,0.12533538255994142,29,840.0
930.0,31,692.0,10.028985507246377,5.51958143484007,9,260.0,0.25612338154865333,22,680.0,0.09708609688350024,31,940.0
935.0,27,576.0,9.142857142857142,4.92186002674625,10,219.0,0.11837940915169873,17,635.0,0.1365563011035065,27,854.0
940.0,22,592.0,10.385964912280702,5.568139010982374,9,222.0,0.3060572714613948,13,637.0,0.2615618456857643,22,859.0
945.0,24,546.0,10.11111111111111,4.534952417439221,8,220.0,0.34885480352525405,16,617.0,0.23503500322373824,24,837.0
950.0,23,442.0,8.185185185185185,4.790294197912794,10,186.0,0.3291335820370908,13,552.0,0.3244384170703837,23,738.0
955.0,22,418.0,7.464285714285714,4.1991421973417475,10,182.0,0.33246699590013723,12,605.0,0.2656325405622334,22,787.0
960.0,25,532.0,9.172413793103448,4.93127285756445,11,193.0,0.33843839760433075,14,671.0,0.2225968386547648,25,864.0
965.0,27,533.0,9.189655172413794,4.5733990340827395,10,196.0,0.30324219563080046,17,693.0,0.1156224815645449,27,889.0
970.0,27,552.0,9.2,5.016926267467726,9,187.0,0.28529095050728637,18,716.0,0.14291291736967615,27,903.0
975.0,25,262.0,4.517241379310345,4.058502301857745,10,154.0,0.21821024049821344,15,640.0,0.2057433342060482,25,794.0
980.0,25,304.0,5.333333333333333,5.761335206325933,11,163.0,0.3508804198280109,14,508.0,0.3703527087756507,25,671.0
985.0,26,352.0,6.068965517241379,5.760626418492543,12,200.0,0.3901087622075168,14,484.0,0.3130601766513255,26,684.0
990.0,23,340.0,5.666666666666667,5.52074670796462,12,261.0,0.3874917112928693,11,405.0,0.2510902593379194,23,666.0
995.0,30,436.0,7.389830508474576,3.956592818121328,16,332.0,0.25010027876459023,14,344.0,0.23524124305408686,30,676.0
1000.0,31,398.0,6.419354838709677,3.2999963128600154,18,361.0,0.20665981059037733,13,369.0,0.22474677128837112,31,730.0
1005.0,24,316.0,4.9375,4.573940715390174,12,320.0,0.2761599347368382,12,347.0,0.24905540791537054,24,667.0
1010.0,23,408.0,6.08955223880597,5.434071421239569,8,311.0,0.3246130413019703,15,384.0,0.2208098274772685,23,695.0
1015.0,27,531.0,7.695652173913044,5.770384142036746,10,321.0,0.259751966639854,17,453.0,0.2269744070445447,27,774.0
1020.0,24,431.0,6.734375,4.872877743524772,10,293.0,0.25244536009666635,14,414.0,0.1852807720142522,24,707.0
1025.0,25,416.0,6.603174603174603,5.28854669104531,11,224.0,0.28614550829667607,14,437.0,0.2278921411286476,25,661.0
1030.0,27,313.0,5.048387096774194,5.294804222852872,15,216.0,0.28258999683781727,12,414.0,0.32029394966454805,27,630.0
1035.0,27,386.0,6.433333333333334,5.15227361704267,17,289.0,0.28064603874259314,10,344.0,0.3751326198765183,27,633.0
1040.0,29,368.0,6.032786885245901,4.2971548709250715,18,338.0,0.2644126548930667,11,271.0,0.27395542289492797,29,609.0
1045.0,31,440.0,6.984126984126984,4.581382107272586,18,414.0,0.23900935750944444,13,197.0,0.2960201303473802,31,611.0
1050.0,31,392.0,6.125,4.059723563168623,19,444.0,0.20008296583761725,12,207.0,0.3080936005570811,31,651.0
1055.0,24,302.0,4.3768115942028984,5.088248044979563,15,407.0,0.2357567133448931,9,179.0,0.2952866426160787,24,586.0
1060.0,20,194.0,2.732394366197183,5.4655496171381035,9,346.0,0.30645897016469864,11,182.0,0.17670799026033954,20,528.0
1065.0,25,238.0,3.3055555555555554,5.719319794143189,11,278.0,0.32643362082481053,14,224.0,0.23731033124412623,25,502.0
1070.0,26,272.0,3.8857142857142857,4.95899339559998,14,307.0,0.21255621158177768,12,213.0,0.34854577733100217,26,520.0
1075.0,35,409.0,6.014705882352941,4.557420375887581,21,368.0,0.12092801932760898,14,265.0,0.37470426741669116,35,633.0
1080.0,34,434.0,6.382352941176471,3.829895404427589,22,405.0,0.09841974575338683,12,276.0,0.3285583023523966,34,681.0
1085.0,28,371.0,5.3,4.686932897998545,17,358.0,0.14527353988081065,11,253.0,0.3039380872981719,28,611.0
1090.0,22,421.0,6.378787878787879,6.0589558483857635,9,302.0,0.2919217385732289,13,290.0,0.2528290169171958,22,592.0
1095.0,22,461.0,7.092307692307692,5.850578679878749,8,257.0,0.3090199119990153,14,336.0,0.11919284090815581,22,593.0
1100.0,25,473.0,7.507936507936508,4.899574816011501,9,247.0,0.1783818946923628,16,410.0,0.19427916359470696,25,657.0
1105.0,28,366.0,6.310344827586207,4.500015722651545,15,304.0,0.2542186311817949,13,357.0,0.28069778295523673,28,661.0
1110.0,24,326.0,5.821428571428571,4.713000819270184,17,385.0,0.22490168522284243,7,202.0,0.39825307041851343,24,587.0
1115.0,28,306.0,5.186440677966102,3.8347844658356354,21,451.0,0.26708494850990794,7,175.0,0.15347590554535784,28,626.0
1120.0,36,467.0,7.783333333333333,3.3615025612773204,22,515.0,0.17327132480929378,14,216.0,0.1719444017265325,36,731.0
1125.0,46,669.0,11.15,2.3748334564140134,30,640.0,0.12862860351101574,16,293.0,0.1981931248426441,46,933.0
1130.0,42,776.0,12.125,2.4988992063000284,30,789.0,0.14016485243795623,12,297.0,0.2136572078466447,42,1086.0
1135.0,40,775.0,12.301587301587302,2.4643970687095926,30,845.0,0.11732832410999354,10,260.0,0.20779219280444347,40,1105.0
1140.0,31,566.0,9.129032258064516,3.5182432858606907,23,779.0,0.1611236534667241,8,255.0,0.151080041703948,31,1034.0
1145.0,29,559.0,8.469696969696969,4.101932670315591,17,857.0,0.1771136531650717,12,273.0,0.17858886076620645,29,1130.0
1150.0,32,675.0,9.782608695652174,3.8553521931429446,22,953.0,0.18397030325362454,10,298.0,0.2422571648472559,32,1251.0
1155.0,40,845.0,11.901408450704226,3.7420137076301248,30,1088.0,0.1302028221774658,10,324.0,0.3589820934418325,40,1412.0
1160.0,41,896.0,12.444444444444445,3.898048064765088,33,1144.0,0.10298746687262243,8,359.0,0.4750179995830665,41,1503.0
1165.0,41,843.0,11.391891891891891,4.023394627845979,30,1146.0,0.1293552956919691,11,405.0,0.39964262321457034,41,1551.0
1170.0,39,833.0,10.960526315789474,3.4022403896593914,26,1153.0,0.1403987386201044,13,463.0,0.30226298611980773,39,1616.0
1175.0,34,573.0,7.743243243243243,3.9879737705794858,19,1031.0,0.19083285305679432,15,382.0,0.2900937520013632,34,1413.0
1180.0,27,355.0,4.671052631578948,3.725781316337393,17,1113.0,0.15709723045272858,10,241.0,0.2230794615090393,27,1354.0
1185.0,34,439.0,5.776315789473684,3.9597997445932953,22,1212.0,0.1450597076680239,12,211.0,0.24672678034558304,34,1423.0
1190.0,41,441.0,5.802631578947368,3.0310388145449445,25,1233.0,0.08293426771965844,16,261.0,0.19665786196901022,41,1494.0
1195.0,51,594.0,8.136986301369863,2.196861145412071,31,1257.0,0.10991863633757802,20,340.0,0.11943554716162623,51,1597.0
1200.0,56,747.0,9.7012987012987,2.3493588268456143,36,1421.0,0.09767022448779153,20,384.0,0.19644774774482365,56,1805.0
1205.0,52,935.0,12.635135135135135,2.914580691436942,38,1605.0,0.10741277384178285,14,362.0,0.2797761416104706,52,1967.0
1210.0,55,1158.0,15.03896103896104,2.1520220969628023,39,1757.0,0.06456937825608472,16,406.0,0.1688775959162894,55,2163.0
1215.0,58,1438.0,17.753086419753085,2.642226306453607,39,1953.0,0.08747438308910659,19,497.0,0.19623398910241532,58,2450.0
1220.0,55,1456.0,17.333333333333332,2.9182810713125984,37,1983.0,0.10748137181287357,18,472.0,0.27315545879792336,55,2455.0
1225.0,44,1215.0,14.464285714285714,3.8618204777076026,35,1958.0,0.16448519402876818,9,366.0,0.3522283897534,44,2324.0
1230.0,46,1169.0,13.593023255813954,2.7179646412772525,35,1942.0,0.12587979574997943,11,416.0,0.26602447218737724,46,2358.0
1235.0,53,952.0,11.2,2.3597726819714455,33,1755.0,0.10955410265681184,20,499.0,0.15283203964702644,53,2254.0
1240.0,51,672.0,7.813953488372093,2.4502091047544683,29,1525.0,0.1332746497604893,22,531.0,0.09509801683060737,51,2056.0
1245.0,38,517.0,5.875,3.998151739324807,22,1392.0,0.20179194813866697,16,515.0,0.15325179682710094,38,1907.0
1250.0,31,567.0,6.670588235294118,5.420818083286515,15,1264.0,0.28024265422149763,16,534.0,0.22961821276831904,31,1798.0
1255.0,31,720.0,8.470588235294118,5.846113583655376,14,1121.0,0.33301697667265723,17,600.0,0.18162796104973022,31,1721.0
1260.0,35,890.0,11.125,5.53517810164981,16,1053.0,0.30005919921946117,19,694.0,0.14602699878522513,35,1747.0
1265.0,39,1080.0,14.4,5.020308322804597,17,1012.0,0.24601493853622367,22,800.0,0.11243082535942674,39,1812.0
1270.0,43,1180.0,15.733333333333333,3.4164788985694865,18,991.0,0.15725932588381625,25,915.0,0.05913633252496365,43,1906.0
1275.0,51,1411.0,18.08974358974359,3.398742635529724,24,1084.0,0.19144848795769645,27,1043.0,0.14882982296485955,51,2127.0
1280.0,44,1335.0,18.04054054054054,3.496147435514435,22,1033.0,0.239610814099101,22,998.0,0.25082392733516246,44,2031.0
1285.0,32,875.0,11.824324324324325,4.6976391861812665,20,867.0,0.3053627582852044,12,802.0,0.33420099871370057,32,1669.0
1290.0,31,883.0,11.467532467532468,4.843976801933588,20,746.0,0.2088444721131677,11,598.0,0.37531422310683077,31,1344.0
1295.0,39,1064.0,13.135802469135802,4.946618124428721,24,802.0,0.19019110101039913,15,470.0,0.3496126693569877,39,1272.0
1300.0,44,1266.0,15.439024390243903,4.772337867042447,25,905.0,0.2484373052037841,19,464.0,0.30813004255297377,44,1369.0
1305.0,43,998.0,12.170731707317072,3.6947496981649763,25,882.0,0.22740955111507064,18,443.0,0.22738391303506666,43,1325.0
1310.0,40,708.0,8.74074074074074,3.649783425974861,24,803.0,0.19139846448385608,16,371.0,0.23548490191002014,40,1174.0
1315.0,44,853.0,10.530864197530864,3.9178059935597846,24,794.0,0.21460792404839293,20,382.0,0.2578707974347826,44,1176.0
1320.0,45,760.0,8.735632183908047,3.3303303367626302,25,794.0,0.16982367489080213,20,409.0,0.2100575478454602,45,1203.0
1325.0,36,474.0,5.576470588235294,3.5279258790369856,22,681.0,0.15090544870120043,14,392.0,0.23955759937394885,36,1073.0
1330.0,31,483.0,5.551724137931035,5.158422708776701,18,610.0,0.2549975828625203,13,396.0,0.2946956387457359,31,1006.0
1335.0,29,421.0,4.839080459770115,5.220933070650347,17,628.0,0.2094309271520907,12,365.0,0.26583393264788885,29,993.0
1340.0,30,438.0,5.475,4.642977293905763,18,686.0,0.21314158656752769,12,292.0,0.22341551349027255,30,978.0
1345.0,44,543.0,7.0519480519480515,3.3322404995836012,27,786.0,0.16927173527553507,17,302.0,0.19433462315126865,44,1088.0
1350.0,48,727.0,8.975308641975309,3.503462554546273,30,846.0,0.15105357122724078,18,367.0,0.2640551433816858,48,1213.0
1355.0,44,746.0,9.209876543209877,3.586662860835652,28,918.0,0.15788987759876227,16,404.0,0.2768505076088949,44,1322.0
1360.0,37,690.0,8.734177215189874,4.169222937654599,25,885.0,0.16124225601001915,12,370.0,0.3227572459631825,37,1255.0
1365.0,29,623.0,7.597560975609756,4.666319382283792,20,835.0,0.0772927834194293,9,349.0,0.3128962509764823,29,1184.0
1370.0,28,680.0,8.395061728395062,5.561633839006917,18,785.0,0.19714903350332014,10,363.0,0.27529488878358144,28,1148.0
1375.0,28,730.0,9.240506329113924,6.018683851082272,16,784.0,0.2223982031834229,12,374.0,0.2830381393521708,28,1158.0
1380.0,36,802.0,10.986301369863014,4.802417618048575,22,860.0,0.1639080606032543,14,359.0,0.2812630672985983,36,1219.0
1385.0,35,592.0,8.222222222222221,4.237419404000761,22,801.0,0.20256445007725513,13,387.0,0.30904322418413765,35,1188.0
1390.0,34,590.0,8.428571428571429,4.717177047134576,20,675.0,0.2962137239466387,14,422.0,0.358702586841587,34,1097.0
1395.0,31,483.0,6.708333333333333,4.41589644487931,18,664.0,0.3118905426712573,13,357.0,0.24697693319744496,31,1021.0
1400.0,36,489.0,6.52,4.215452586408469,19,589.0,0.28228271293807194,17,283.0,0.16239059175577766,36,872.0
1405.0,45,695.0,9.391891891891891,3.8660612901713223,24,605.0,0.24708005624679197,21,379.0,0.15594198889190036,45,984.0
1410.0,44,669.0,8.802631578947368,3.001225676323573,26,618.0,0.1398470608616227,18,416.0,0.1733425049444337,44,1034.0
1415.0,33,461.0,6.1466666666666665,3.81083443840848,22,550.0,0.14869741417414287,11,360.0,0.22000662075843058,33,910.0
1420.0,29,520.0,7.323943661971831,5.094914103317511,17,486.0,0.20820960900461008,12,351.0,0.31750849311810814,29,837.0
1425.0,31,657.0,9.125,5.657331057024282,18,472.0,0.251328564685537,13,386.0,0.28682912686055584,31,858.0
1430.0,26,574.0,9.11111111111111,4.958489819601523,16,497.0,0.20918188816387556,10,331.0,0.30880798317090996,26,828.0
1435.0,26,496.0,7.873015873015873,5.614885900084012,19,541.0,0.21276694471155086,7,242.0,0.39532441641390575,26,783.0
1440.0,25,366.0,6.0,4.7401223927044205,18,478.0,0.17731661844219035,7,236.0,0.39067225831700975,25,714.0
1445.0,28,377.0,6.080645161290323,5.4004233815842255,17,420.0,0.2368395601566111,11,272.0,0.37609012563526467,28,692.0
1450.0,32,434.0,7.0,3.61200088145993,19,468.0,0.14637703469899815,13,295.0,0.27392584087976674,32,763.0
1455.0,30,423.0,6.714285714285714,4.366356621244695,16,520.0,0.22226622431142926,14,352.0,0.3564265418215901,30,872.0
1460.0,33,477.0,7.338461538461538,3.7431308878159713,16,565.0,0.20971306022807287,17,368.0,0.28185896810617966,33,933.0
1465.0,37,586.0,8.371428571428572,3.84247119138085,19,658.0,0.20196915698009368,18,350.0,0.27840816988070505,37,1008.0
1470.0,37,498.0,6.821917808219178,3.658075235053067,21,667.0,0.20672510701237437,16,369.0,0.24923088651879305,37,1036.0
1475.0,28,317.0,4.283783783783784,3.9725019042839764,14,568.0,0.20895415803893674,14,338.0,0.16561509036549082,28,906.0
1480.0,24,402.0,5.4324324324324325,5.934553888940702,12,525.0,0.32129060061609466,12,336.0,0.23939887569573645,24,861.0
1485.0,29,486.0,6.151898734177215,5.733416200191264,15,556.0,0.2850272888951956,14,318.0,0.24123232568356873,29,874.0
1490.0,37,632.0,8.54054054054054,5.106574984200401,20,642.0,0.278833083644391,17,308.0,0.21145534002005742,37,950.0
1495.0,34,535.0,7.642857142857143,4.404145636193964,18,611.0,0.3114406097016275,16,321.0,0.1868941582100217,34,932.0
1500.0,36,681.0,9.728571428571428,4.352456344575757,22,599.0,0.27106117751343106,14,342.0,0.2295385603371516,36,941.0
1505.0,42,864.0,11.675675675675675,3.80882675776504,24,704.0,0.2121958079544758,18,410.0,0.20918213899119495,42,1114.0
1510.0,43,913.0,11.857142857142858,4.425472850389263,27,832.0,0.19428205478694757,16,414.0,0.3270843285646874,43,1246.0
1515.0,42,976.0,13.36986301369863,3.715865150478627,27,908.0,0.17872954885928083,15,371.0,0.26541983376575184,42,1279.0
1520.0,36,846.0,11.58904109589041,3.2647377180223294,20,908.0,0.20642806937057484,16,369.0,0.10530646041422725,36,1277.0
1525.0,28,745.0,10.205479452054794,4.571920965549954,17,895.0,0.2427499414750582,11,281.0,0.1357061766467793,28,1176.0
1530.0,27,849.0,12.128571428571428,5.8665602042332194,19,913.0,0.22185495397940425,8,217.0,0.3108552074166482,27,1130.0
1535.0,28,984.0,14.26086956521739,5.991570188117014,20,995.0,0.21831871452805765,8,195.0,0.23237140947061713,28,1190.0
1540.0,25,953.0,14.014705882352942,5.29790394746531,17,1052.0,0.19399118983703872,8,143.0,0.2030384451651229,25,1195.0
1545.0,31,1081.0,16.37878787878788,5.702959463630462,22,1124.0,0.20561738692327333,9,153.0,0.40106392867074914,31,1277.0
1550.0,28,1054.0,16.73015873015873,5.475174734631988,22,1157.0,0.22383296211405132,6,128.0,0.466317223593875,28,1285.0
1555.0,28,1172.0,18.903225806451612,5.258058194442385,21,1209.0,0.2371881132921372,7,168.0,0.39980963537174147,28,1377.0
1560.0,29,939.0,15.39344262295082,4.236902724189409,21,1096.0,0.22063608539682347,8,165.0,0.33819927355333473,29,1261.0
1565.0,27,563.0,8.936507936507937,5.062657883982832,18,853.0,0.20868677623934523,9,185.0,0.4106629868404384,27,1038.0
1570.0,25,375.0,5.859375,5.302617693354336,16,888.0,0.2201583797155787,9,225.0,0.37614443045256546,25,1113.0
1575.0,20,352.0,5.176470588235294,5.650273214515856,10,850.0,0.19643430580308763,10,267.0,0.318096917855753,20,1117.0
1580.0,23,377.0,5.626865671641791,5.239276051863632,16,890.0,0.15109233931068491,7,279.0,0.38061177393071616,23,1169.0
1585.0,29,466.0,7.396825396825397,5.5319908116909255,19,936.0,0.18129023554328808,10,320.0,0.42753003075318796,29,1256.0
1590.0,33,585.0,9.915254237288135,4.609706818216029,21,981.0,0.18795940373914063,12,368.0,0.3506055267156044,33,1349.0
1595.0,33,698.0,11.830508474576272,3.9706581038970956,22,1024.0,0.1178106198076723,11,408.0,0.2499483597708271,33,1432.0
1600.0,37,871.0,14.76271186440678,3.739168930468788,23,1124.0,0.11054736704979366,14,476.0,0.1677851390836317,37,1600.0
1605.0,31,844.0,13.396825396825397,4.755263938357016,19,1163.0,0.22856821613384476,12,484.0,0.11808503587812708,31,1647.0
1610.0,30,969.0,15.380952380952381,5.513562756898821,18,1180.0,0.30389668918103185,12,527.0,0.2711892222832367,30,1707.0
1615.0,29,1065.0,16.904761904761905,5.517682448650294,17,1222.0,0.3247043953064316,12,587.0,0.3814902433193352,29,1809.0
1620.0,29,1151.0,18.868852459016395,5.814302857877263,18,1259.0,0.3109904668560583,11,632.0,0.42336172088899215,29,1891.0
1625.0,34,1194.0,18.952380952380953,4.625103610627209,20,1168.0,0.10524075877791422,14,691.0,0.33877180700745924,34,1859.0
1630.0,30,739.0,12.114754098360656,3.8776840056563837,18,1094.0,0.04944774035278011,12,574.0,0.28614251924858236,30,1668.0
1635.0,24,336.0,5.508196721311475,4.9389692611131535,15,867.0,0.20226211890024023,9,314.0,0.3038615587488977,24,1181.0
1640.0,24,370.0,5.967741935483871,5.15812706053995,12,669.0,0.27498897933953376,12,201.0,0.33653907674590117,24,870.0
1645.0,26,475.0,7.3076923076923075,5.043826313624723,13,561.0,0.31958391594103286,13,202.0,0.32923097553213065,26,763.0
1650.0,30,617.0,9.492307692307692,4.899570396798417,14,508.0,0.3421364163201312,16,280.0,0.334660778197762,30,788.0
1655.0,36,785.0,11.376811594202898,4.101129919194822,17,487.0,0.2964260042664561,19,369.0,0.2749098190908538,36,856.0
1660.0,37,721.0,9.613333333333333,3.3674806534652304,18,488.0,0.22595326443500482,19,422.0,0.2275634865615324,37,910.0
1665.0,27,645.0,8.6,4.397619945652566,13,414.0,0.2787352280837648,14,421.0,0.21851052546253827,27,835.0
1670.0,31,754.0,10.32876712328767,4.684572526021798,17,438.0,0.27982223981091203,14,447.0,0.22792593628533347,31,885.0
1675.0,37,883.0,11.618421052631579,3.767482955815312,20,509.0,0.1778394390419056,17,511.0,0.2016577955746514,37,1020.0
1680.0,43,684.0,8.883116883116884,3.044373189727188,24,498.0,0.16171228997494885,19,468.0,0.22897094260584502,43,966.0
1685.0,43,830.0,10.779220779220779,4.078262494524453,22,513.0,0.22098878863317847,21,449.0,0.27719798773633764,43,962.0
1690.0,45,956.0,11.95,3.945671235854442,26,613.0,0.21107901488492709,19,488.0,0.24473616581373447,45,1101.0
1695.0,39,990.0,11.927710843373495,3.8427182266334765,25,697.0,0.17997828816539968,14,485.0,0.2140321623452611,39,1182.0
1700.0,38,903.0,11.012195121951219,3.668023560954372,24,656.0,0.1753441147931223,14,533.0,0.2735003183616703,38,1189.0
1705.0,40,777.0,9.25,4.056595599621406,19,586.0,0.23888024544698164,21,594.0,0.22812352239408112,40,1180.0
1710.0,47,952.0,11.333333333333334,2.947133641010245,26,678.0,0.17934025360796932,21,658.0,0.14787339554604206,47,1336.0
1715.0,47,1101.0,12.80232558139535,3.27044134743017,29,786.0,0.1378776555178674,18,670.0,0.21053726661747116,47,1456.0
1720.0,43,862.0,9.795454545454545,3.5712771903023035,29,870.0,0.13227949073334316,14,564.0,0.2777136897694573,43,1434.0
1725.0,40,791.0,8.988636363636363,3.9973711803374155,28,926.0,0.18089301087202186,12,341.0,0.28697047580395857,40,1267.0
1730.0,46,690.0,7.840909090909091,3.5160156746993056,26,931.0,0.16993516253862256,20,367.0,0.25551234492266467,46,1298.0
1735.0,46,519.0,5.831460674157303,4.021411588068362,23,821.0,0.17053392852690083,23,395.0,0.22413125597499217,46,1216.0
1740.0,47,640.0,7.35632183908046,3.8632820260670315,22,779.0,0.25010682414930424,25,447.0,0.12154627230288735,47,1226.0
1745.0,43,706.0,8.209302325581396,4.451130037337583,23,806.0,0.26799375912724066,20,453.0,0.12674131437530864,43,1259.0
1750.0,35,624.0,7.428571428571429,4.269978813072966,21,739.0,0.21268983849337272,14,427.0,0.1427103394423446,35,1166.0
1755.0,34,476.0,5.6,4.51259710471709,19,632.0,0.2616463740472571,15,392.0,0.20576723336652664,34,1024.0
1760.0,41,592.0,7.132530120481928,4.072562100566267,20,622.0,0.26584825885204394,21,441.0,0.2783140742863088,41,1063.0
1765.0,43,739.0,9.012195121951219,4.269387799755515,23,698.0,0.26701219116217195,20,494.0,0.3007468277681122,43,1192.0
1770.0,45,899.0,10.702380952380953,2.986749806086818,23,715.0,0.1935141463832221,22,558.0,0.14798964338349693,45,1273.0
1775.0,51,1103.0,12.825581395348838,3.6850199661455587,26,737.0,0.19084365830184752,25,648.0,0.19802548088905117,51,1385.0
1780.0,53,1120.0,13.176470588235293,3.1181589815369275,29,796.0,0.15710366829470704,24,681.0,0.1656395004772951,53,1477.0
1785.0,46,966.0,11.63855421686747,3.1888992984958033,28,804.0,0.14018683280588914,18,613.0,0.1823255969640826,46,1417.0
1790.0,43,900.0,10.588235294117647,3.1316944817322656,30,900.0,0.07952250133964374,13,555.0,0.24157246119584377,43,1455.0
1795.0,45,1037.0,12.345238095238095,3.76918334781076,32,1013.0,0.08973331778286998,13,491.0,0.29353288211561884,45,1504.0
1800.0,45,946.0,11.536585365853659,3.333653637853404,28,1002.0,0.12993770769677213,17,537.0,0.2275158465011859,45,1539.0
1805.0,52,850.0,10.493827160493828,2.8870507459249737,24,860.0,0.127356790808358,28,644.0,0.12771229358027883,52,1504.0
1810.0,52,882.0,10.255813953488373,3.099523366729041,24,882.0,0.15612920143621536,28,670.0,0.1268642991706891,52,1552.0
1815.0,40,595.0,7.0,3.777170869360557,18,820.0,0.21039857086744262,22,593.0,0.10551373403358653,40,1413.0
1820.0,27,517.0,6.154761904761905,5.158842501541157,12,741.0,0.2820060814998346,15,539.0,0.24203145474170357,27,1280.0
1825.0,26,627.0,7.290697674418604,5.947295192675894,13,683.0,0.26255258966563333,13,487.0,0.33578435529020684,26,1170.0
1830.0,31,771.0,9.289156626506024,6.273870780597021,17,660.0,0.23402860526972163,14,487.0,0.3076114637813373,31,1147.0
1835.0,29,804.0,10.307692307692308,5.483776809410327,16,707.0,0.1573109400332255,13,463.0,0.2597229257459838,29,1170.0
1840.0,37,886.0,11.972972972972974,4.7126347102140524,19,781.0,0.2024831408058324,18,494.0,0.16536499175210578,37,1275.0
1845.0,33,775.0,11.742424242424242,4.200911589006509,15,720.0,0.29215164769855023,18,545.0,0.1821629884516416,33,1265.0
1850.0,32,808.0,12.242424242424242,4.808405251834883,15,591.0,0.31626537511805103,17,587.0,0.23862026477112877,32,1178.0
1855.0,31,932.0,13.705882352941176,4.082112912880217,16,662.0,0.20993229244009814,15,619.0,0.2705315203781191,31,1281.0
1860.0,39,1094.0,15.194444444444445,4.663501413442393,20,755.0,0.27222122292039785,19,647.0,0.3187506606585885,39,1402.0
1865.0,35,1140.0,15.833333333333334,3.9193039243519032,17,780.0,0.32045233037030124,18,712.0,0.23825618545882363,35,1492.0
1870.0,33,1210.0,17.794117647058822,4.242856143163803,17,760.0,0.2747838648695146,16,751.0,0.22504645069574464,33,1511.0
1875.0,36,863.0,12.507246376811594,3.451909713759,19,623.0,0.054010867497531,17,620.0,0.23851262147663038,36,1243.0
1880.0,36,533.0,7.507042253521127,4.269550008283846,20,494.0,0.11984369020316321,16,508.0,0.21250348131233138,36,1002.0
1885.0,30,589.0,8.661764705882353,4.183855504978482,17,550.0,0.2088716360590332,13,562.0,0.26020921298320415,30,1112.0
1890.0,34,699.0,10.432835820895523,4.756463628463037,19,573.0,0.21105383016598647,15,602.0,0.2521504759544265,34,1175.0
1895.0,34,829.0,12.56060606060606,4.044512050778015,18,567.0,0.1750035258567113,16,599.0,0.20375509489307178,34,1166.0
1900.0,33,937.0,13.985074626865671,4.232656811430244,17,520.0,0.20564340954791652,16,586.0,0.23275553852364347,33,1106.0
1905.0,35,1092.0,16.058823529411764,4.109530957176,17,592.0,0.22730344780084225,18,609.0,0.2960744831634888,35,1201.0
1910.0,34,947.0,14.134328358208956,4.326397220138026,19,667.0,0.28887263825407816,15,495.0,0.2753208837580953,34,1162.0
1915.0,32,768.0,10.816901408450704,4.535287765123403,16,620.0,0.29540786498061605,16,397.0,0.23381265776054488,32,1017.0
1920.0,30,508.0,6.864864864864865,4.691467016032337,10,451.0,0.3266254262566852,20,463.0,0.2503871617808524,30,914.0
1925.0,34,626.0,8.12987012987013,4.772638702541092,13,492.0,0.3301599012498649,21,540.0,0.2739947674325821,34,1032.0
1930.0,36,666.0,9.25,4.401807069620044,16,545.0,0.37527039857227357,20,572.0,0.21875741740952903,36,1117.0
1935.0,37,719.0,9.98611111111111,3.7465579931639894,16,510.0,0.26515259678129693,21,566.0,0.12471088350899556,37,1076.0
1940.0,33,751.0,10.14864864864865,4.479840302544656,15,417.0,0.20208471831302502,18,580.0,0.24788853674143044,33,997.0
1945.0,36,865.0,11.381578947368421,4.91223600686748,17,413.0,0.24826475446256818,19,579.0,0.3143499792313723,36,992.0
1950.0,35,662.0,8.945945945945946,4.488288589871297,14,378.0,0.3453687155846945,21,558.0,0.2628846586875599,35,936.0
1955.0,36,582.0,7.76,4.659774258305998,14,392.0,0.30693063360422235,22,454.0,0.22994543429016057,36,846.0
1960.0,40,619.0,8.03896103896104,3.65356879984478,16,423.0,0.20545061849354532,24,499.0,0.1641149394755263,40,922.0
1965.0,29,558.0,7.153846153846154,4.375962846285381,12,399.0,0.21139543429222107,17,531.0,0.17847151983286608,29,930.0
1970.0,24,357.0,4.890410958904109,4.878291032939531,8,296.0,0.2675696157591152,16,500.0,0.17346656429607293,24,796.0
1975.0,32,306.0,4.135135135135135,4.724983573286771,12,208.0,0.2648655473777465,20,502.0,0.12251543837250789,32,710.0
1980.0,38,453.0,6.380281690140845,4.185286481970995,14,229.0,0.23865482577261068,24,574.0,0.18846564272466462,38,803.0
1985.0,31,518.0,7.507246376811594,4.59156247702629,9,215.0,0.341332988268929,22,640.0,0.18188529136104586,31,855.0
1990.0,25,587.0,9.171875,4.900542727386916,9,217.0,0.33506919540555363,16,647.0,0.13250326934622222,25,864.0
1995.0,27,543.0,8.227272727272727,4.505028645070407,12,259.0,0.1828247768888417,15,629.0,0.14695968893233302,27,888.0
2000.0,35,556.0,8.553846153846154,4.550630751360289,20,347.0,0.21686748029245903,15,535.0,0.16609180829548476,35,882.0
2005.0,32,460.0,7.301587301587301,3.768811966295119,17,363.0,0.2925514047426484,15,452.0,0.18326964251285255,32,815.0
2010.0,31,380.0,5.846153846153846,4.192367759631881,15,374.0,0.29779971311281733,16,383.0,0.24139831103439333,31,757.0
2015.0,35,543.0,8.353846153846154,4.493825717390619,19,390.0,0.2723593249468499,16,376.0,0.3042930743549649,35,766.0
2020.0,41,734.0,10.955223880597014,3.6676264698642003,24,470.0,0.15273872206403216,17,458.0,0.2587848514826733,41,928.0
2025.0,42,721.0,10.154929577464788,2.6063188561972472,25,536.0,0.10975696160493942,17,458.0,0.2017503202559288,42,994.0
2030.0,31,497.0,6.716216216216216,3.7240573628985656,20,530.0,0.14661693450695407,11,382.0,0.22646820973101275,31,912.0
2035.0,22,519.0,7.013513513513513,6.198167595709824,13,512.0,0.27235808658435917,9,328.0,0.39113754236801057,22,840.0
2040.0,20,403.0,5.302631578947368,6.046780089956788,10,436.0,0.24821431376076658,10,314.0,0.35916870718072247,20,750.0
2045.0,29,369.0,5.197183098591549,4.0059953045197405,13,369.0,0.1258232549667182,16,383.0,0.19297576301237968,29,752.0
2050.0,36,452.0,6.550724637681159,3.574030384702258,16,387.0,0.1319174285186376,20,444.0,0.24837854390225178,36,831.0
2055.0,24,480.0,7.619047619047619,4.5355105873751045,12,357.0,0.19550621867382167,12,470.0,0.2915524193769022,24,827.0
2060.0,23,317.0,5.031746031746032,4.055033692420668,11,353.0,0.24482745003889284,12,372.0,0.15252616199819166,23,725.0
2065.0,31,319.0,4.984375,4.873068740416775,16,409.0,0.22465850328427586,15,218.0,0.2093648893807151,31,627.0
2070.0,34,331.0,5.426229508196721,4.375006688643033,18,429.0,0.2638545140732871,16,251.0,0.24548914481627304,34,680.0
2075.0,30,416.0,6.933333333333334,4.812000607949006,17,517.0,0.2982061075125503,13,252.0,0.18606954797074365,30,769.0
2080.0,35,498.0,8.163934426229508,3.4912299023842652,18,548.0,0.2261904151969848,17,303.0,0.08156021346044606,35,851.0
2085.0,38,576.0,9.142857142857142,3.3932188215810024,18,537.0,0.19863359439058412,20,400.0,0.16891641803864263,38,937.0
2090.0,34,534.0,8.476190476190476,3.2175561276397495,18,535.0,0.17825300911548353,16,427.0,0.2641289916308534,34,962.0
2095.0,20,232.0,3.7419354838709675,4.3010849453964095,13,437.0,0.2080118767625383,7,355.0,0.27494441186904706,20,792.0
2100.0,19,262.0,4.09375,5.771188592978027,9,354.0,0.3180884760291694,10,303.0,0.29883406236435517,19,657.0
2105.0,20,326.0,4.865671641791045,5.271239697220733,10,318.0,0.2821449160070205,10,350.0,0.13319295478433674,20,668.0
2110.0,32,423.0,6.507692307692308,4.914121914939086,14,275.0,0.24054859133153528,18,427.0,0.1764522805911107,32,702.0
2115.0,28,513.0,8.844827586206897,4.16231232101743,15,298.0,0.19447682137401429,13,454.0,0.32377373417382926,28,752.0
2120.0,24,559.0,9.807017543859649,4.850354262099867,13,276.0,0.18136753728387048,11,453.0,0.34139758074725773,24,729.0
2125.0,20,341.0,5.879310344827586,5.111617222988519,9,244.0,0.21374527351273756,11,366.0,0.2454359420982517,20,610.0
2130.0,27,376.0,5.968253968253968,5.7825844983943675,14,243.0,0.27007811318584407,13,271.0,0.24508753022830473,27,514.0
2135.0,23,282.0,4.779661016949152,5.811160731949427,12,244.0,0.3904153809262356,11,249.0,0.26791857626628623,23,493.0
2140.0,21,254.0,4.456140350877193,5.737199687401514,12,245.0,0.3344715423688311,9,179.0,0.339405007812714,21,424.0
2145.0,28,379.0,6.767857142857143,4.4652125388284665,17,317.0,0.18079072285003295,11,177.0,0.3147819702185967,28,494.0
2150.0,31,405.0,7.232142857142857,3.648274080869061,21,375.0,0.15025801550003792,10,192.0,0.2502284058817139,31,567.0
2155.0,35,545.0,9.56140350877193,3.3349435711588784,23,426.0,0.15963824803667695,12,226.0,0.25189428004047143,35,652.0
2160.0,33,479.0,7.725806451612903,3.8807884857385484,21,436.0,0.22324630487562025,12,209.0,0.3210251927848968,33,645.0
2165.0,19,278.0,4.34375,5.6850715797245766,11,361.0,0.2986587162163834,8,174.0,0.38720105347908107,19,535.0
2170.0,15,277.0,4.328125,6.444447586979209,6,291.0,0.3057249316191322,9,179.0,0.4301493098474088,15,470.0
2175.0,16,147.0,2.161764705882353,6.227618834146752,9,249.0,0.29223162679541365,7,149.0,0.36972107978842494,16,398.0
2180.0,17,143.0,2.2,6.419230198198402,10,217.0,0.1826303438893527,7,110.0,0.46830323497064696,17,327.0
2185.0,27,220.0,3.4375,6.001954656564214,17,226.0,0.24431734906740174,10,141.0,0.4471322788106871,27,367.0
2190.0,20,247.0,3.9838709677419355,5.984303904968881,9,183.0,0.34125389623187946,11,180.0,0.3137708988638231,20,363.0
2195.0,24,304.0,4.903225806451613,4.9719172031102055,8,187.0,0.2779024753366624,16,228.0,0.14796514652811363,24,415.0
2200.0,24,344.0,5.4603174603174605,5.046220956680569,11,210.0,0.1810435068874383,13,264.0,0.23133387534092337,24,474.0
2205.0,26,392.0,6.6440677966101696,4.950749287934987,16,247.0,0.18630437335426098,10,287.0,0.36144184399510904,26,534.0
2210.0,25,460.0,8.070175438596491,4.695643327346647,18,324.0,0.23919278533237168,7,299.0,0.37320888807869945,25,623.0
2215.0,30,527.0,9.24561403508772,4.160686182040343,19,383.0,0.26048584333471503,11,318.0,0.1781741165819921,30,701.0
2220.0,34,497.0,8.568965517241379,3.6341024385054514,22,433.0,0.19616053870036668,12,270.0,0.1801306692375927,34,703.0
2225.0,34,546.0,9.75,3.6129260719928715,24,554.0,0.16617035631370083,10,199.0,0.23486982559462746,34,753.0
2230.0,31,541.0,9.169491525423728,3.538266051601889,23,574.0,0.1727434349951216,8,220.0,0.22898406856189782,31,794.0
2235.0,25,407.0,6.359375,5.00075202864007,15,498.0,0.1695787900803312,10,236.0,0.33483838445513214,25,734.0
2240.0,21,446.0,7.193548387096774,5.938367500725961,11,431.0,0.2641606564032037,10,281.0,0.3529496667920471,21,712.0
2245.0,23,552.0,8.761904761904763,6.431923114750195,12,379.0,0.3173455389620836,11,328.0,0.3070970179234633,23,707.0
2250.0,24,456.0,7.354838709677419,5.043806115904499,11,348.0,0.1384764570066366,13,336.0,0.3420879580220188,24,684.0
2255.0,21,262.0,4.517241379310345,5.421498481105428,12,305.0,0.28504470650277725,9,302.0,0.35755912640538734,21,607.0
2260.0,20,296.0,5.381818181818182,5.915552354197629,11,276.0,0.395258663241272,9,295.0,0.40575673730361606,20,571.0
2265.0,25,344.0,6.035087719298246,5.069910389156224,11,258.0,0.34499487346491264,14,346.0,0.2995560970352174,25,604.0
2270.0,27,354.0,6.103448275862069,3.8747125212632394,12,257.0,0.30098068354546975,15,343.0,0.18827731253669344,27,600.0
2275.0,29,337.0,5.524590163934426,3.658765767781989,12,249.0,0.27533853207942155,17,312.0,0.22589516450141892,29,561.0
2280.0,28,302.0,4.507462686567164,4.2929259000731514,12,189.0,0.32508294498571033,16,343.0,0.22236494928230216,28,532.0
2285.0,22,338.0,5.044776119402985,5.791358435375569,11,216.0,0.3932980393254117,11,322.0,0.2759963517321636,22,538.0
2290.0,24,350.0,5.0,5.53581695471555,12,240.0,0.26486195647668526,12,306.0,0.2781671843859997,24,546.0
2295.0,31,380.0,5.428571428571429,4.84160615639592,16,264.0,0.22312744358520537,15,270.0,0.24421558408258962,31,534.0
2300.0,31,336.0,5.1692307692307695,4.010291560048909,15,240.0,0.2172367355281637,16,295.0,0.2348514342732064,31,535.0
2305.0,32,470.0,7.230769230769231,4.285593124994916,16,291.0,0.19760525669346315,16,333.0,0.26165662282909835,32,624.0
2310.0,34,490.0,7.0,4.079521737117356,17,288.0,0.19723661805093815,17,369.0,0.24379640072180273,34,657.0
2315.0,25,417.0,5.712328767123288,6.274108468726993,13,312.0,0.3534744794665378,12,366.0,0.34260686368843707,25,678.0
2320.0,25,430.0,5.972222222222222,5.841681879485979,11,315.0,0.33931920256867293,14,375.0,0.27228329928772915,25,690.0
2325.0,24,392.0,5.52112676056338,6.429687386612777,9,249.0,0.35098070894030814,15,445.0,0.26407019447751473,24,694.0
2330.0,22,428.0,6.484848484848484,5.6134401813555606,11,279.0,0.2532405362037288,11,475.0,0.2454632796531054,22,754.0
2335.0,32,569.0,8.890625,5.516303325009948,19,355.0,0.2082326838072067,13,522.0,0.3533701419015745,32,877.0
2340.0,31,545.0,8.65079365079365,4.420241034401531,18,382.0,0.15872290677049444,13,516.0,0.293828759508038,31,898.0
2345.0,22,391.0,6.516666666666667,5.374450121142412,13,336.0,0.2657565717322547,9,444.0,0.35599921111977784,22,780.0
2350.0,26,493.0,8.216666666666667,5.09495334753241,16,380.0,0.29354547578047735,10,433.0,0.31788158945811157,26,813.0
2355.0,25,416.0,6.4,4.908710937304583,16,427.0,0.28110184791313203,9,310.0,0.3148745263180017,25,737.0
2360.0,33,466.0,7.396825396825397,4.710182498194406,21,464.0,0.2744877377415463,12,218.0,0.3041959779405439,33,682.0
2365.0,32,395.0,5.8088235294117645,4.217671624555314,19,447.0,0.2790496911605218,13,223.0,0.2701007710225031,32,670.0
2370.0,26,255.0,3.3552631578947367,5.090965762118972,15,323.0,0.2666027078257384,11,214.0,0.3369637817642626,26,537.0
2375.0,23,326.0,4.075,5.611488510688412,13,372.0,0.3067734650030889,10,241.0,0.33871793910506287,23,613.0
2380.0,37,479.0,5.841463414634147,5.351705974745929,21,460.0,0.2147095434366802,16,308.0,0.3337344776904821,37,768.0
2385.0,42,620.0,8.493150684931507,3.3927112535652464,26,498.0,0.14692318472687563,16,367.0,0.22712720063801567,42,865.0
2390.0,41,724.0,11.138461538461538,2.697338129349303,24,493.0,0.12458636195321972,17,407.0,0.13089893462015598,41,900.0
2395.0,34,671.0,10.82258064516129,2.4801677334464114,19,491.0,0.12367024623610248,15,414.0,0.025305067184412174,34,905.0
2400.0,35,751.0,11.378787878787879,3.6171098700076767,19,500.0,0.17149249607180028,16,456.0,0.08549358276107723,35,956.0
2405.0,36,663.0,10.359375,3.8022753586745535,23,545.0,0.16116735511137847,13,401.0,0.22613539817583278,36,946.0
2410.0,29,404.0,6.2153846153846155,4.67165865961755,22,555.0,0.14138585441255164,7,292.0,0.4069066308793852,29,847.0
2415.0,27,431.0,6.53030303030303,5.037888806082714,19,556.0,0.19874440023618473,8,277.0,0.42081486151271846,27,833.0
2420.0,28,424.0,6.523076923076923,4.484238914202267,20,626.0,0.1953527716604499,8,214.0,0.3839524629862663,28,840.0
2425.0,38,559.0,8.6,3.844941256999745,25,715.0,0.20761642879254533,13,205.0,0.2942075592119569,38,920.0
2430.0,38,530.0,7.681159420289855,3.265945946744567,25,745.0,0.17473741337886564,13,204.0,0.2739008133510166,38,949.0
2435.0,29,445.0,6.449275362318841,4.422461929297089,18,699.0,0.2269401205036095,11,200.0,0.262286979415517,29,899.0
2440.0,24,243.0,3.4225352112676055,4.449398413636251,14,664.0,0.22751266427476466,10,196.0,0.2008671806787259,24,860.0
2445.0,29,334.0,4.575342465753424,5.269887884827185,15,646.0,0.28407703644740034,14,237.0,0.25234825517491366,29,883.0
2450.0,36,417.0,6.223880597014926,3.7554933153624335,21,655.0,0.2069642458614126,15,281.0,0.2576460128083666,36,936.0
2455.0,29,390.0,5.735294117647059,4.330920584586956,21,705.0,0.16764726120363396,8,288.0,0.30834987779487577,29,993.0
2460.0,33,456.0,6.422535211267606,4.458429709116421,23,734.0,0.09282621962003508,10,314.0,0.39626079309322143,33,1048.0
2465.0,27,450.0,6.164383561643835,5.564367156585599,17,688.0,0.17231164565336224,10,351.0,0.4379882810900365,27,1039.0
2470.0,22,439.0,6.183098591549296,5.588748756303002,11,703.0,0.2673442708456063,11,377.0,0.3123090374580959,22,1080.0
2475.0,29,560.0,7.887323943661972,5.08964355041882,16,758.0,0.29143549847426237,13,441.0,0.2407812998745965,29,1199.0
2480.0,36,557.0,8.072463768115941,4.263525599534235,23,773.0,0.21957418602722642,13,398.0,0.28899912389199345,36,1171.0
2485.0,30,409.0,6.196969696969697,4.507531263335833,21,804.0,0.21642749200768494,9,315.0,0.38813973023367704,30,1119.0
2490.0,32,418.0,6.057971014492754,3.479191426039739,24,823.0,0.12957728323786566,8,317.0,0.3137892817397581,32,1140.0
2495.0,26,375.0,5.681818181818182,4.165295069657632,19,740.0,0.13963629317328521,7,294.0,0.32582958885665836,26,1034.0
2500.0,26,465.0,6.739130434782608,5.738349725552274,15,671.0,0.2288173524382217,11,328.0,0.36874834655328576,26,999.0
2505.0,25,301.0,4.180555555555555,5.271823517290534,14,635.0,0.20474731884683708,11,288.0,0.20392606333453145,25,923.0
2510.0,34,438.0,6.636363636363637,4.669476436226504,19,620.0,0.18305512672056837,15,358.0,0.1958192364106728,34,978.0
2515.0,34,521.0,8.140625,4.109077479426123,19,641.0,0.1861807746557177,15,343.0,0.2080836230317504,34,984.0
2520.0,23,510.0,8.360655737704919,5.044387653855898,13,603.0,0.25215659226779263,10,249.0,0.2441622425033637,23,852.0
2525.0,24,376.0,5.968253968253968,4.504005053171241,14,582.0,0.2764204525719443,10,236.0,0.10912904125398587,24,818.0
2530.0,28,416.0,6.5,5.125247772495895,16,531.0,0.3314106890166697,12,257.0,0.2239731295754549,28,788.0
2535.0,26,406.0,6.548387096774194,5.066977455087542,18,568.0,0.3245572437012365,8,249.0,0.34913384591214786,26,817.0
2540.0,21,418.0,6.53125,5.724503000798695,13,579.0,0.2725991084955298,8,187.0,0.3952676573722341,21,766.0
2545.0,24,524.0,8.1875,6.123497323099832,17,621.0,0.1995508131021005,7,199.0,0.4291573006476103,24,820.0
2550.0,29,584.0,8.716417910447761,5.63910696508277,19,671.0,0.14222507977178186,10,232.0,0.2913837284502269,29,903.0
2555.0,29,692.0,11.344262295081966,5.26110446324157,20,724.0,0.18992075503196357,9,277.0,0.3313962362539856,29,1001.0
2560.0,25,499.0,8.60344827586207,4.375780333925056,16,601.0,0.16574060179561353,9,261.0,0.36184572873691917,25,862.0
2565.0,20,304.0,5.333333333333333,5.342817029147618,14,366.0,0.2737535547006328,6,175.0,0.44855645648440373,20,541.0
2570.0,22,405.0,6.982758620689655,5.5496597077502665,15,345.0,0.3543818487403478,7,148.0,0.32107041843525524,22,493.0
2575.0,22,325.0,5.327868852459017,4.831749989241278,13,333.0,0.2830337433459499,9,134.0,0.3458808219925567,22,467.0
2580.0,26,348.0,5.8,5.153650694244666,15,330.0,0.278446204774098,11,132.0,0.4211533096217874,26,462.0
2585.0,30,303.0,4.661538461538462,3.8898382605066724,19,348.0,0.1925865760694646,11,132.0,0.3140772471419471,30,480.0
2590.0,24,293.0,4.4393939393939394,5.119136743761461,15,341.0,0.26683749297549125,9,126.0,0.3292332806089658,24,467.0
2595.0,23,297.0,4.367647058823529,5.13518782781651,17,379.0,0.2632340825011282,6,120.0,0.27342622231123764,23,499.0
2600.0,31,356.0,5.235294117647059,4.89892935600552,19,400.0,0.244894287853757,12,148.0,0.2223327014030829,31,548.0
2605.0,36,394.0,6.253968253968254,3.7554323990086527,22,438.0,0.1326242077913774,14,182.0,0.29821931877705055,36,620.0
2610.0,35,428.0,6.6875,3.323337424609125,20,476.0,0.14942468448648397,15,200.0,0.2579116036999749,35,676.0
2615.0,40,465.0,6.940298507462686,3.149611133779648,22,509.0,0.19973786413327993,18,219.0,0.21601801344300017,40,728.0
2620.0,22,344.0,5.0588235294117645,5.01857473654953,15,516.0,0.2957992311340916,7,181.0,0.2702962374643481,22,697.0
2625.0,19,242.0,3.611940298507463,5.3521319069695314,14,442.0,0.25703509652720014,5,162.0,0.33160473320760003,19,604.0
2630.0,25,215.0,3.161764705882353,5.215284334561614,12,366.0,0.2023322382717491,13,190.0,0.1935483404933437,25,556.0
2635.0,34,342.0,5.181818181818182,4.210414323904425,16,393.0,0.1962471013431055,18,268.0,0.2095161244625363,34,661.0
2640.0,35,439.0,6.455882352941177,4.559417290968356,18,416.0,0.21666498002435097,17,291.0,0.25729067393887295,35,707.0
2645.0,27,494.0,7.484848484848484,5.541036307501495,19,491.0,0.20343731148108582,8,262.0,0.3648747600268569,27,753.0
2650.0,23,408.0,6.0,5.971736550175726,17,503.0,0.20042237063595805,6,213.0,0.37462062008450814,23,716.0
2655.0,29,446.0,6.5588235294117645,5.541863755446186,16,490.0,0.2382057754585248,13,228.0,0.26071376437505966,29,718.0
2660.0,28,472.0,7.151515151515151,5.103052311086811,15,472.0,0.26279659595949906,13,281.0,0.3076950910876323,28,753.0
2665.0,26,519.0,7.984615384615385,5.882130783098292,14,418.0,0.38421809135450125,12,344.0,0.36942320249151317,26,762.0
2670.0,24,430.0,6.515151515151516,4.984433385673799,13,449.0,0.34205168723540336,11,288.0,0.34334951085919285,24,737.0
2675.0,29,522.0,7.909090909090909,5.396289909580071,15,488.0,0.37265565584481586,14,259.0,0.2723607857642084,29,747.0
2680.0,35,618.0,8.82857142857143,4.23542230332377,18,512.0,0.270134173436251,17,328.0,0.1442427440345806,35,840.0
2685.0,39,733.0,9.773333333333333,4.7046538429533,20,544.0,0.2321183382130156,19,421.0,0.2688805983635915,39,965.0
2690.0,36,756.0,10.647887323943662,4.627637470892244,21,604.0,0.2455704496073533,15,394.0,0.3231899667696684,36,998.0
2695.0,26,619.0,8.971014492753623,4.310053550175261,19,677.0,0.12356884765377633,7,267.0,0.3876779500671599,26,944.0
2700.0,21,602.0,8.47887323943662,4.415479323553489,17,711.0,0.173494676389027,4,203.0,0.2640952925271901,21,914.0
2705.0,26,594.0,8.25,4.81360215896358,16,694.0,0.24850844173031822,10,242.0,0.19991324926300919,26,936.0
2710.0,33,623.0,8.306666666666667,5.214775958602848,18,666.0,0.3029525549284489,15,249.0,0.26994309865030003,33,915.0
2715.0,25,428.0,5.783783783783784,5.356248794977021,17,543.0,0.20337293086235567,8,208.0,0.42431621561872096,25,751.0
2720.0,26,287.0,4.042253521126761,5.263434613770102,19,385.0,0.18467643118320146,7,196.0,0.3899189420150905,26,581.0
2725.0,34,421.0,6.101449275362318,4.674991687617767,21,405.0,0.15549793417909602,13,201.0,0.28999661393509474,34,606.0
2730.0,38,483.0,7.102941176470588,3.5060995624034703,20,450.0,0.1434171174793482,18,229.0,0.1934079622732339,38,679.0
2735.0,28,495.0,7.5,4.152074181133829,15,427.0,0.1893349310457938,13,235.0,0.2079999465595439,28,662.0
2740.0,22,363.0,5.761904761904762,4.73092902227132,12,392.0,0.23065140618854396,10,213.0,0.2632906325401539,22,605.0
2745.0,26,325.0,4.924242424242424,5.2196844071479065,11,331.0,0.25428009115128564,15,223.0,0.23788422204927162,26,554.0
2750.0,27,403.0,6.296875,3.97823248683211,10,356.0,0.2544625354168172,17,270.0,0.21254690331241305,27,626.0
2755.0,24,446.0,6.96875,5.2583807011973995,12,367.0,0.29066072317631236,12,277.0,0.267955247678974,24,644.0
2760.0,17,252.0,3.9375,5.278598479898632,10,310.0,0.2913900139761789,7,219.0,0.30344428142034274,17,529.0
2765.0,21,253.0,3.6142857142857143,6.2404302930150495,11,199.0,0.38866529555018314,10,206.0,0.3490260216338626,21,405.0
2770.0,26,297.0,4.242857142857143,5.35413215201014,11,212.0,0.36003040986538315,15,234.0,0.3361278356668469,26,446.0
2775.0,31,354.0,4.783783783783784,5.008534355941932,11,204.0,0.3576278782322512,20,266.0,0.2825649695632376,31,470.0
2780.0,36,346.0,4.613333333333333,4.530447372946813,14,213.0,0.32934570032202837,22,321.0,0.2636449972196286,36,534.0
2785.0,43,495.0,6.6,3.842320372296977,18,257.0,0.2870270211774954,25,392.0,0.181989953406342,43,649.0
2790.0,48,672.0,8.615384615384615,2.9067103970344115,22,337.0,0.17756293307628676,26,496.0,0.15882511031909666,48,833.0
2795.0,52,877.0,10.566265060240964,3.02056852139522,24,405.0,0.17124042918829374,28,611.0,0.1568469225888688,52,1016.0
2800.0,53,983.0,11.298850574712644,3.1376852811973124,25,513.0,0.1688526123315343,28,674.0,0.18950936352911604,53,1187.0
2805.0,46,866.0,9.622222222222222,3.5567068029637325,25,611.0,0.2109326286013181,21,627.0,0.1728878158207295,46,1238.0
2810.0,42,709.0,7.877777777777778,4.129217566471649,24,646.0,0.18619250581106733,18,589.0,0.2847001530531145,42,1235.0
2815.0,32,489.0,5.258064516129032,5.044488752029789,20,597.0,0.2404629669054152,12,506.0,0.29091903287513493,32,1103.0
2820.0,23,349.0,3.8351648351648353,5.360844014253633,12,537.0,0.27655580096248333,11,486.0,0.31576251807434064,23,1023.0
2825.0,38,463.0,5.144444444444445,5.0837093125473825,20,498.0,0.25414639686023316,18,556.0,0.2705586513598028,38,1054.0
2830.0,50,557.0,6.476744186046512,3.137890690420818,28,571.0,0.19171830722989003,22,594.0,0.17107608246376851,50,1165.0
2835.0,53,677.0,7.872093023255814,2.5052298856036646,26,661.0,0.15360283141269354,27,629.0,0.12742948809464685,53,1290.0
2840.0,54,800.0,9.090909090909092,2.550102351569585,28,702.0,0.1572634887028032,26,668.0,0.15176653016390107,54,1370.0
2845.0,41,725.0,7.880434782608695,3.596076411863313,20,645.0,0.1617026889208404,21,631.0,0.16640198071655593,41,1276.0
2850.0,36,761.0,8.55056179775281,4.790091581761959,18,603.0,0.20145528087806872,18,612.0,0.19856909879860585,36,1215.0
2855.0,31,490.0,5.6976744186046515,4.897618708976262,16,557.0,0.18004733208743795,15,548.0,0.20391839422134928,31,1105.0
2860.0,37,414.0,4.9879518072289155,4.096121039871045,19,494.0,0.12299636143421637,18,467.0,0.20471241303146667,37,961.0
2865.0,41,524.0,6.805194805194805,3.845875478250628,18,534.0,0.17831866453189865,23,522.0,0.24672115704161482,41,1056.0
2870.0,38,579.0,7.423076923076923,3.902356554496327,16,544.0,0.21121988962167298,22,568.0,0.19143546929824287,38,1112.0
2875.0,38,586.0,7.417721518987341,3.7461284112066995,15,543.0,0.26476161940862025,23,665.0,0.18123376826918253,38,1208.0
2880.0,45,774.0,9.675,3.8975029529018386,16,552.0,0.32174048346394396,29,804.0,0.1708923396305219,45,1356.0
2885.0,46,802.0,10.025,3.6852968443782315,15,523.0,0.3383096823631033,31,917.0,0.14171090348159893,46,1440.0
2890.0,41,809.0,10.240506329113924,3.632395425849183,13,421.0,0.29888721705498306,28,993.0,0.1266084091995898,41,1414.0
2895.0,44,961.0,12.0125,3.6052929602373274,15,423.0,0.25428836891822804,29,1106.0,0.14575896183441273,44,1529.0
2900.0,52,1106.0,13.487804878048781,2.9444257924447763,18,421.0,0.2269593111207884,34,1214.0,0.09541411756483126,52,1635.0
2905.0,50,1038.0,12.814814814814815,2.575459659366122,17,366.0,0.2692735023544352,33,1239.0,0.06467850195616956,50,1605.0
2910.0,45,712.0,8.578313253012048,3.041124162109812,18,378.0,0.25979302336911864,27,1130.0,0.07120298182022791,45,1508.0
2915.0,36,467.0,5.9113924050632916,3.717377444589852,15,351.0,0.19786743019098824,21,997.0,0.11432330017681748,36,1348.0
2920.0,29,426.0,5.3924050632911396,4.965294011247594,15,368.0,0.21162388776726562,14,865.0,0.2134037579888171,29,1233.0
2925.0,27,538.0,6.987012987012987,5.842925589855723,17,422.0,0.12925006173975132,10,648.0,0.3170643848683696,27,1070.0
2930.0,30,679.0,9.840579710144928,6.281064338824814,19,500.0,0.04720695891175967,11,552.0,0.39512968023290335,30,1052.0
2935.0,30,825.0,12.5,5.688563653539714,19,595.0,0.04659747069978908,11,527.0,0.32445654434888294,30,1122.0
2940.0,29,878.0,15.137931034482758,4.757770006422546,18,613.0,0.013796985040194687,11,522.0,0.32356762625824786,29,1135.0
2945.0,24,893.0,18.604166666666668,4.050582921202019,13,586.0,0.15151653470170443,11,559.0,0.3140528563762111,24,1145.0
2950.0,25,788.0,15.450980392156863,3.7300099532027606,12,561.0,0.2046407295604738,13,541.0,0.27241564751344893,25,1102.0
2955.0,21,467.0,8.81132075471698,4.848828603183231,9,510.0,0.35314363486273204,12,443.0,0.27982273606705865,21,953.0
2960.0,21,541.0,9.836363636363636,4.8320586260673535,8,498.0,0.33141321066607493,13,499.0,0.2950783991308611,21,997.0
2965.0,32,654.0,10.9,4.298658585497638,13,496.0,0.33626214642536023,19,574.0,0.2559767967066613,32,1070.0
2970.0,33,693.0,11.0,3.4238541880840447,14,548.0,0.2666784685458556,19,598.0,0.23505004092205237,33,1146.0
2975.0,27,723.0,11.123076923076923,5.0090304844067175,14,597.0,0.3258851517822555,13,581.0,0.2986983442929424,27,1178.0
2980.0,25,349.0,5.132352941176471,4.264730109818306,14,491.0,0.1978949709303725,11,457.0,0.2218860840379354,25,948.0
2985.0,30,345.0,4.791666666666667,5.20401436081749,15,442.0,0.2623239898895827,15,397.0,0.24954350987798807,30,839.0
2990.0,35,372.0,5.552238805970149,4.2369352541350445,15,425.0,0.26524898878295194,20,384.0,0.20661102265601616,35,809.0
2995.0,30,324.0,4.695652173913044,4.309723473616931,14,336.0,0.27885282074952594,16,318.0,0.2101529262169411,30,654.0
3000.0,30,329.0,4.633802816901408,4.037670541607642,14,368.0,0.2375397088362868,16,340.0,0.23987686013149098,30,708.0
3005.0,24,260.0,3.7681159420289854,4.631187540542063,12,360.0,0.29311288588560613,12,303.0,0.23195546359308108,24,663.0
3010.0,24,280.0,4.057971014492754,4.5091425670439245,10,339.0,0.24770621322306957,14,338.0,0.23547872312395712,24,677.0
3015.0,37,423.0,6.042857142857143,4.460503511299596,16,370.0,0.2062011905282811,21,419.0,0.21900657914713997,37,789.0
3020.0,38,548.0,7.942028985507246,3.7812745080031918,16,419.0,0.20732044075725775,22,470.0,0.22313657487030913,38,889.0
3025.0,25,583.0,8.833333333333334,4.537249984851689,11,425.0,0.19457174130475555,14,457.0,0.2490632996356024,25,882.0
3030.0,27,597.0,8.91044776119403,4.847360974015872,12,386.0,0.1829856764491689,15,458.0,0.23815205521430796,27,844.0
3035.0,34,623.0,9.298507462686567,4.360314199740238,15,367.0,0.19446695906735587,19,489.0,0.176701574243428,34,856.0
3040.0,38,756.0,11.63076923076923,3.460295608481267,14,414.0,0.25260419974100534,24,581.0,0.17358911855918888,38,995.0
3045.0,32,875.0,13.461538461538462,4.350757097752401,9,402.0,0.29783957972619357,23,694.0,0.2071873442902339,32,1096.0
3050.0,29,599.0,9.075757575757576,4.44433087055597,8,255.0,0.27676671948005344,21,697.0,0.18607021286077507,29,952.0
3055.0,28,425.0,6.343283582089552,5.109833117176731,9,134.0,0.30537242534147757,19,662.0,0.21410103800965863,28,796.0
3060.0,27,374.0,5.582089552238806,5.256554164056041,11,162.0,0.36389657222848265,16,676.0,0.22144073762726527,27,838.0
3065.0,16,268.0,4.253968253968254,5.807265138343869,7,165.0,0.4320849904350248,9,616.0,0.1490632736320421,16,781.0
3070.0,20,213.0,3.4918032786885247,5.292491290538501,7,136.0,0.3111783718523609,13,590.0,0.1906622602690551,20,726.0
3075.0,29,262.0,4.225806451612903,5.126853742881904,8,137.0,0.27080986781382754,21,544.0,0.21151938177302781,29,681.0
3080.0,26,332.0,5.724137931034483,4.978683888404892,6,158.0,0.3831883727452588,20,558.0,0.2571837568014161,26,716.0
3085.0,27,382.0,6.586206896551724,4.928949075071413,9,200.0,0.40443841264638536,18,519.0,0.2471535634624006,27,719.0
3090.0,29,447.0,7.576271186440678,3.9092311280134155,10,247.0,0.35286270137526,19,520.0,0.20714076348627714,29,767.0
3095.0,24,393.0,6.238095238095238,4.61895817644869,10,276.0,0.2683850717748864,14,458.0,0.3037228767346923,24,734.0
3100.0,22,398.0,6.633333333333334,5.0137789662469325,10,295.0,0.22473278555876933,12,425.0,0.29249226139188494,22,720.0
3105.0,24,295.0,5.0,5.1379690885461295,8,205.0,0.19584376231743714,16,448.0,0.2216535538248919,24,653.0
3110.0,30,337.0,5.810344827586207,4.401918545602614,8,146.0,0.3067048198967586,22,475.0,0.13010295969672522,30,621.0
3115.0,30,398.0,6.982456140350878,4.541481393680951,9,172.0,0.38841952137576463,21,454.0,0.14779959438506665,30,626.0
3120.0,31,481.0,8.43859649122807,3.816416462079434,11,221.0,0.35487338361689674,20,481.0,0.15958907241847253,31,702.0
3125.0,26,442.0,7.620689655172414,3.8660678133703277,10,247.0,0.22977824415343107,16,454.0,0.24302102898658426,26,701.0
3130.0,21,397.0,6.728813559322034,4.639293656219707,8,242.0,0.20418155108888078,13,431.0,0.25391444668532903,21,673.0
3135.0,28,427.0,6.887096774193548,4.576631287121689,9,278.0,0.18394327716977277,19,421.0,0.2266589998619506,28,699.0
3140.0,34,547.0,8.682539682539682,4.876070723393558,12,329.0,0.310898749692835,22,482.0,0.213118788628731,34,811.0
3145.0,29,604.0,9.901639344262295,4.3806393298418405,10,356.0,0.36158245584208876,19,522.0,0.21303918096722665,29,878.0
3150.0,30,607.0,10.116666666666667,4.1513892583561125,9,378.0,0.4759877045602736,21,541.0,0.12924531828725322,30,919.0
3155.0,29,600.0,9.23076923076923,4.58161806114494,9,367.0,0.3904650406052421,20,556.0,0.18699602878281787,29,923.0
3160.0,33,715.0,10.671641791044776,4.374563867029841,13,381.0,0.29774455485300505,20,592.0,0.18718168333545987,33,973.0
3165.0,36,682.0,10.17910447761194,4.415938961327982,12,347.0,0.35874236975249374,24,671.0,0.17138111318896923,36,1018.0
3170.0,30,611.0,8.855072463768115,4.031892638287014,8,205.0,0.3406875455924371,22,752.0,0.13399865377404682,30,957.0
3175.0,34,684.0,9.91304347826087,4.635058814781477,12,221.0,0.36670976554235024,22,808.0,0.18643333774398455,34,1029.0
3180.0,28,581.0,8.3,4.923879220333439,7,203.0,0.4177962043907837,21,769.0,0.15565244524320784,28,972.0
3185.0,26,385.0,5.579710144927536,5.236851600890842,10,222.0,0.3669914485612196,16,604.0,0.1723575158009867,26,826.0
3190.0,29,518.0,7.4,6.0056398188558,14,271.0,0.21573599009569616,15,491.0,0.27901688678328024,29,762.0
3195.0,30,571.0,8.522388059701493,5.248787174350746,16,302.0,0.09645696952570704,14,467.0,0.2261876921642393,30,769.0
3200.0,35,727.0,12.116666666666667,4.6627767073363255,16,368.0,0.17645808931425533,19,545.0,0.22382613250011438,35,913.0
3205.0,29,744.0,12.827586206896552,3.9074313696252316,12,343.0,0.18328156168531992,17,599.0,0.17614734606464325,29,942.0
3210.0,24,732.0,12.620689655172415,4.498837854187038,9,285.0,0.30149289336776636,15,648.0,0.22056580117015562,24,933.0
3215.0,24,490.0,7.777777777777778,4.780037360670071,10,231.0,0.2994152098236333,14,536.0,0.28571609655788943,24,767.0
3220.0,24,293.0,4.373134328358209,5.399819620851783,10,184.0,0.3632978837735983,14,452.0,0.28578286820798243,24,636.0
3225.0,25,186.0,2.735294117647059,5.223336148608325,10,176.0,0.4109955454673363,15,468.0,0.28852716913212556,25,644.0
3230.0,19,154.0,2.2318840579710146,5.780773937552636,7,139.0,0.4436457194255754,12,433.0,0.21842633546049642,19,572.0
3235.0,28,266.0,4.03030303030303,5.753408953659756,12,163.0,0.31571191181399044,16,449.0,0.22383428873656244,28,612.0
3240.0,28,310.0,4.696969696969697,5.595373870483975,13,180.0,0.20997871303254342,15,469.0,0.19646278738719472,28,649.0
3245.0,29,296.0,4.553846153846154,4.905557684347633,13,189.0,0.2604635937055059,16,471.0,0.16439706408219937,29,660.0
3250.0,27,336.0,5.508196721311475,4.838659722351869,11,199.0,0.3526617541900982,16,456.0,0.26666943997498155,27,655.0
3255.0,27,326.0,5.258064516129032,4.9181532541385,15,222.0,0.3464633753993556,12,374.0,0.3139715224243752,27,596.0
3260.0,25,276.0,4.524590163934426,3.9689897003588643,13,240.0,0.2090543908868555,12,369.0,0.33669774248866724,25,609.0
3265.0,32,362.0,5.65625,4.25005348684059,16,241.0,0.3065670435712398,16,445.0,0.26453052311273606,32,686.0
3270.0,35,349.0,5.208955223880597,3.521057705897212,16,265.0,0.2707168580490676,19,478.0,0.21617610982150617,35,743.0
3275.0,30,393.0,5.954545454545454,4.357268155768595,15,297.0,0.24364003590810754,15,467.0,0.22759358260623735,30,764.0
3280.0,28,474.0,7.181818181818182,4.434135691981893,14,328.0,0.24170301270176184,14,448.0,0.1924287451831888,28,776.0
3285.0,32,537.0,7.782608695652174,4.241476085191125,19,407.0,0.2586975130705872,13,417.0,0.16319886103111664,32,824.0
3290.0,32,461.0,7.203125,4.067891406558816,17,401.0,0.31247804626806064,15,410.0,0.22395263183803496,32,811.0
3295.0,32,371.0,5.888888888888889,3.8871932539735106,13,384.0,0.3000445256697776,19,375.0,0.17968741195717894,32,759.0
3300.0,36,398.0,5.852941176470588,3.2588925939308426,16,414.0,0.23158790216954706,20,424.0,0.1560888738318086,36,838.0
3305.0,29,394.0,5.880597014925373,3.9405305425945,16,429.0,0.2070706296911144,13,420.0,0.1688171373700281,29,849.0
3310.0,26,279.0,4.359375,4.235835013601263,15,398.0,0.17039560625152464,11,414.0,0.24716128177251312,26,812.0
3315.0,29,383.0,6.17741935483871,4.877129878295069,13,357.0,0.23926901848490653,16,462.0,0.26807399969213286,29,819.0
3320.0,33,414.0,6.571428571428571,4.103665570345143,12,373.0,0.19154031430009377,21,493.0,0.2575888944988234,33,866.0
3325.0,31,397.0,6.107692307692307,4.653007658080469,10,376.0,0.33211319755419566,21,477.0,0.27109489835266104,31,853.0
3330.0,29,391.0,6.015384615384615,4.54561787573511,7,317.0,0.33327517508229104,22,519.0,0.29740157963550645,29,836.0
3335.0,30,399.0,6.045454545454546,5.346812033160556,5,206.0,0.5139805038003988,25,599.0,0.2582996983807783,30,805.0
3340.0,35,520.0,7.878787878787879,3.689905509407874,5,201.0,0.4344348552075483,30,678.0,0.11867844176854456,35,879.0
3345.0,45,697.0,9.957142857142857,3.369202889478591,10,227.0,0.41624070531806273,35,737.0,0.07850507888183132,45,964.0
3350.0,45,833.0,11.9,2.399972907040077,10,202.0,0.27052809646287546,35,865.0,0.09383340288264527,45,1067.0
3355.0,48,1045.0,14.315068493150685,2.949801371105236,12,190.0,0.3364454691302124,36,1021.0,0.10903301142252181,48,1211.0
3360.0,44,1068.0,14.052631578947368,2.99051791763676,12,244.0,0.3158035804526258,32,1063.0,0.12640022478750182,44,1307.0
3365.0,43,832.0,10.666666666666666,3.725460314354461,16,312.0,0.27101499041449106,27,973.0,0.17320001847697408,43,1285.0
3370.0,39,590.0,7.7631578947368425,3.4269433124838864,18,291.0,0.15650681871149355,21,890.0,0.1860469465544905,39,1181.0
3375.0,29,465.0,5.886075949367089,4.672802368022463,12,262.0,0.1598866576932096,17,763.0,0.2228506683894414,29,1025.0
3380.0,23,332.0,4.098765432098766,4.864920339103049,13,283.0,0.09910668036254161,10,666.0,0.29848985082321217,23,949.0
3385.0,28,363.0,4.5375,5.469572635563518,14,317.0,0.23189865342729252,14,610.0,0.29627245849450506,28,927.0
3390.0,30,450.0,6.0,3.9181171048722803,12,328.0,0.2815669422630344,18,612.0,0.17527577914952266,30,940.0
3395.0,28,505.0,6.644736842105263,4.688227717187895,10,324.0,0.373120739988046,18,549.0,0.11343928520332332,28,873.0
3400.0,26,609.0,8.013157894736842,5.469529086895303,12,333.0,0.275501636264835,14,492.0,0.20166436467034204,26,825.0
3405.0,23,393.0,5.383561643835616,5.865924246322283,12,271.0,0.25607958451723034,11,425.0,0.29250223321600466,23,696.0
3410.0,29,427.0,6.014084507042254,5.535714476401724,10,184.0,0.35604077100955256,19,450.0,0.22144265701569738,29,634.0
3415.0,31,512.0,7.757575757575758,4.381080986152942,11,213.0,0.31596862479450544,20,492.0,0.20048703495997935,31,705.0
3420.0,31,606.0,9.044776119402986,4.529443505358144,15,265.0,0.2905719444612807,16,498.0,0.1628450217825521,31,763.0
3425.0,26,536.0,8.121212121212121,4.038442702042806,13,257.0,0.2223188450338276,13,490.0,0.18860567979906182,26,747.0
3430.0,31,542.0,7.970588235294118,4.652839062923869,12,225.0,0.21989144993322063,19,495.0,0.22553753765620674,31,720.0
3435.0,30,639.0,9.128571428571428,4.517697718198373,12,272.0,0.2219381726786214,18,540.0,0.2499723523961378,30,812.0
3440.0,31,724.0,10.969696969696969,4.5939973587436755,17,345.0,0.2098721322640635,14,550.0,0.23612184701886538,31,895.0
3445.0,33,768.0,11.294117647058824,4.292024312238049,16,349.0,0.21450013967015646,17,609.0,0.22060543866684643,33,958.0
3450.0,37,788.0,11.588235294117647,3.903049946819248,11,307.0,0.20895788566187273,26,725.0,0.20806358955656198,37,1032.0
3455.0,38,665.0,10.23076923076923,3.878350823815263,12,256.0,0.1956323637264396,26,741.0,0.24793875531847337,38,997.0
3460.0,37,479.0,7.149253731343284,3.8234958217399524,12,277.0,0.2853929365660544,25,665.0,0.1596555056335915,37,942.0
3465.0,33,443.0,6.328571428571428,3.5985465245900192,12,289.0,0.22827954319691762,21,729.0,0.19089240735253493,33,1018.0
3470.0,33,436.0,6.228571428571429,4.132713143477624,13,273.0,0.30957868142064326,20,753.0,0.20860936347717496,33,1026.0
3475.0,35,413.0,5.736111111111111,3.919130301458587,11,278.0,0.2881058002664096,24,789.0,0.20352031236831086,35,1067.0
3480.0,33,321.0,4.223684210526316,4.693786743165262,12,275.0,0.3475705647891872,21,744.0,0.166475874768414,33,1019.0
3485.0,30,437.0,5.602564102564102,5.682000765596734,12,327.0,0.2858459820435383,18,703.0,0.22358355622729742,30,1030.0
3490.0,27,398.0,4.975,6.047856475012177,11,272.0,0.22196244987386946,16,725.0,0.2754595096587634,27,997.0
3495.0,30,518.0,7.194444444444445,5.837934654353398,9,219.0,0.4215250233443059,21,815.0,0.22495128258809205,30,1034.0
3500.0,36,550.0,8.088235294117647,4.386241646007816,8,213.0,0.39870735973025534,28,824.0,0.16495843384568562,36,1037.0
3505.0,34,533.0,8.075757575757576,4.056930885450581,8,182.0,0.45060606478311044,26,774.0,0.17309009554809027,34,956.0
3510.0,33,393.0,5.779411764705882,3.5361200150762384,9,132.0,0.37026502871022515,24,804.0,0.18505463454625484,33,936.0
3515.0,32,369.0,5.507462686567164,4.080413458191699,7,70.0,0.39040150836823334,25,817.0,0.20729642994591826,32,887.0
3520.0,39,518.0,7.295774647887324,3.1633061173486317,10,110.0,0.20400773633424277,29,882.0,0.1501944205954724,39,992.0
3525.0,46,688.0,8.935064935064934,3.232085255269635,16,182.0,0.23622339431994738,30,895.0,0.12151271174623601,46,1077.0
3530.0,43,670.0,8.271604938271604,3.2975271962443604,14,215.0,0.2891265486833938,29,933.0,0.13877866947116246,43,1148.0
3535.0,33,429.0,5.3625,4.294550193921292,9,187.0,0.3267832534164756,24,877.0,0.1908963636507317,33,1064.0
3540.0,28,415.0,5.1875,5.357331649209355,9,188.0,0.30925852602047205,19,841.0,0.2177477952644989,28,1029.0
3545.0,29,426.0,5.3924050632911396,5.7223074182739175,11,190.0,0.22756615870702804,18,783.0,0.24889395100289322,29,973.0
3550.0,31,500.0,6.578947368421052,4.741183442284741,12,199.0,0.2721447229297658,19,770.0,0.17762056825006048,31,969.0
3555.0,35,428.0,6.202898550724638,3.9922647707161003,11,190.0,0.32470685479253697,24,780.0,0.18241412061318224,35,970.0
3560.0,32,414.0,6.088235294117647,4.003495679273614,9,120.0,0.34395701628450875,23,780.0,0.16093443515923012,32,900.0
3565.0,38,427.0,6.188405797101449,3.5726955287273565,12,150.0,0.3011132958626589,26,813.0,0.1257283773362589,38,963.0
3570.0,39,501.0,7.1571428571428575,3.8713807593359135,10,167.0,0.3592262355501123,29,864.0,0.10139754973638222,39,1031.0
3575.0,33,490.0,7.313432835820896,3.8977476806554026,5,116.0,0.42892069115797743,28,891.0,0.05934579910258743,33,1007.0
3580.0,28,393.0,6.046153846153846,4.507409495208032,7,108.0,0.3674478314749984,21,812.0,0.1091083890484844,28,920.0
3585.0,21,422.0,6.698412698412699,6.492778741299683,8,136.0,0.41826782311789784,13,716.0,0.20783706190246296,21,852.0
3590.0,20,343.0,5.813559322033898,6.233180812991595,7,113.0,0.4380367731898651,13,582.0,0.21244155841638276,20,695.0
3595.0,20,265.0,4.907407407407407,5.931820817249816,7,103.0,0.3851593976635827,13,529.0,0.22481893211961093,20,632.0
3600.0,21,330.0,6.73469387755102,4.967796477989337,9,129.0,0.3424868092399061,12,530.0,0.31295647589027253,21,659.0
3605.0,24,413.0,7.9423076923076925,5.584142136588776,11,173.0,0.28749314652115876,13,530.0,0.30532972691134824,24,703.0
3610.0,22,345.0,6.509433962264151,5.016945512907454,8,141.0,0.31935126614665316,14,528.0,0.21511271285449254,22,669.0
3615.0,20,419.0,7.618181818181818,6.513324574061302,8,148.0,0.41396932752166526,12,547.0,0.3018463442483191,20,695.0
3620.0,20,445.0,8.090909090909092,5.8589756177027414,7,152.0,0.43236599261764935,13,545.0,0.31852277175337207,20,697.0
3625.0,23,518.0,9.25,6.167255785940898,9,197.0,0.40567087633309235,14,499.0,0.353264160533891,23,696.0
3630.0,23,535.0,9.553571428571429,4.247024182943133,7,208.0,0.28875544820301885,16,520.0,0.2477673606954169,23,728.0
3635.0,25,644.0,12.88,4.767478457612682,8,233.0,0.28647744464664626,17,570.0,0.21558951725733058,25,803.0
3640.0,25,660.0,13.2,3.9458094412863822,9,234.0,0.13524803549958342,16,615.0,0.16309070164991432,25,849.0
3645.0,23,699.0,13.705882352941176,5.88720075777417,10,286.0,0.32201772760414205,13,617.0,0.28754951123988653,23,903.0
3650.0,21,422.0,8.791666666666666,4.7115845552476125,7,185.0,0.44645875749321884,14,548.0,0.20431862146656485,21,733.0
3655.0,17,193.0,3.784313725490196,5.495417184649147,5,97.0,0.4645710902378282,12,496.0,0.2208575876031008,17,593.0
3660.0,21,249.0,4.98,5.827348985502185,8,111.0,0.4096307469448693,13,366.0,0.33426068169687506,21,477.0
3665.0,23,359.0,6.648148148148148,5.171421129447397,10,157.0,0.34904630142014076,13,360.0,0.28307947006463674,23,517.0
3670.0,21,302.0,5.206896551724138,3.975841094741802,9,156.0,0.32480014136994195,12,374.0,0.2081658802823773,21,530.0
3675.0,18,285.0,4.913793103448276,5.66931119309045,5,115.0,0.4206828835968203,13,378.0,0.2611155952106033,18,493.0
3680.0,13,194.0,3.4035087719298245,5.993427314370809,4,81.0,0.3283464419009427,9,300.0,0.3528886449585883,13,381.0
3685.0,22,273.0,4.55,6.096684407432234,12,110.0,0.27452673769408087,10,319.0,0.29578260335271483,22,429.0
3690.0,24,343.0,6.017543859649122,5.43980906706237,12,128.0,0.30511163315215195,12,369.0,0.28216372368373804,24,497.0
3695.0,16,382.0,6.945454545454545,6.336898881113343,6,102.0,0.3450991710451148,10,415.0,0.30846481997385095,16,517.0
3700.0,16,360.0,6.666666666666667,5.285411147466003,7,92.0,0.22260206352987688,9,414.0,0.24591942203785858,16,506.0
3705.0,23,419.0,7.618181818181818,5.035297611293806,11,118.0,0.221617328104249,12,378.0,0.2449643731698105,23,496.0
3710.0,23,242.0,4.245614035087719,5.666119022267898,12,130.0,0.38810535904147675,11,294.0,0.28055315892318916,23,424.0
3715.0,18,202.0,3.672727272727273,6.722002752637447,12,166.0,0.37073022652950555,6,118.0,0.4214869641358867,18,284.0
3720.0,20,190.0,3.6538461538461537,5.7304490615554595,10,171.0,0.28723371109662543,10,138.0,0.40657031844277164,20,309.0
3725.0,19,166.0,3.018181818181818,5.369121713328812,7,126.0,0.2852947785185325,12,168.0,0.24631982378008888,19,294.0
3730.0,20,189.0,3.5,5.214375372275174,7,101.0,0.4117192342290375,13,177.0,0.08269315078648268,20,278.0
3735.0,19,244.0,4.979591836734694,6.302043719936822,10,123.0,0.38505371741941535,9,186.0,0.23708737404400476,19,309.0
3740.0,20,266.0,5.215686274509804,4.96443599373282,10,128.0,0.1421004107365644,10,222.0,0.23711784026393853,20,350.0
3745.0,24,346.0,6.92,5.02635500768125,12,147.0,0.2053358784852533,12,282.0,0.2928618713034344,24,429.0
3750.0,23,311.0,6.346938775510204,4.956508712795387,11,172.0,0.269495873923587,12,284.0,0.3697767227216078,23,456.0
3755.0,23,356.0,7.12,4.8118775677592245,12,194.0,0.32332250810490637,11,271.0,0.34736768076578856,23,465.0
3760.0,21,247.0,4.574074074074074,4.990961681314729,10,196.0,0.3543673446568432,11,215.0,0.3477345776890084,21,411.0
3765.0,26,342.0,6.107142857142857,5.725984811790953,14,218.0,0.31520803352244003,12,197.0,0.3866105162237923,26,415.0
3770.0,24,255.0,4.25,5.085423533418537,12,226.0,0.29603533467936505,12,189.0,0.3564737165800877,24,415.0
3775.0,17,204.0,3.4,5.676504144456239,10,171.0,0.2602360999111106,7,132.0,0.35558109710299485,17,303.0
3780.0,20,296.0,5.016949152542373,6.304532313255935,11,204.0,0.31355385453625556,9,136.0,0.33339040477205595,20,340.0
3785.0,21,252.0,4.2,5.641136785873663,9,186.0,0.27964990390491257,12,146.0,0.1987270311096805,21,332.0
3790.0,23,240.0,4.444444444444445,5.752413282044298,9,160.0,0.36495064587933684,14,193.0,0.24490193722205478,23,353.0
3795.0,20,201.0,3.6545454545454548,5.33514864399569,9,171.0,0.34786499007716837,11,176.0,0.28262263868888166,20,347.0
3800.0,21,239.0,4.345454545454546,5.339625235606997,11,198.0,0.3168395241640503,10,171.0,0.3149943741784859,21,369.0
3805.0,20,214.0,3.754385964912281,5.065170387540163,10,213.0,0.291441962746335,10,181.0,0.3308491660685439,20,394.0
3810.0,16,188.0,3.2982456140350878,6.339226482592771,9,217.0,0.329987856832675,7,136.0,0.37352175479612004,16,353.0
3815.0,17,266.0,4.836363636363636,6.633035336010343,10,240.0,0.3544093529173547,7,136.0,0.33601841248161757,17,376.0
3820.0,19,233.0,4.236363636363636,5.8215286337185415,7,206.0,0.2979634676146455,12,142.0,0.1988289204116644,19,348.0
3825.0,20,260.0,5.0,6.218292915666487,8,145.0,0.29385250527154516,12,199.0,0.3113928310703823,20,344.0
3830.0,21,290.0,5.8,5.184005738672977,11,187.0,0.23328166281355248,10,192.0,0.38227593876152144,21,379.0
3835.0,23,369.0,7.38,5.052626340252104,15,254.0,0.2564268669415764,8,187.0,0.3736843002459109,23,441.0
3840.0,21,226.0,4.612244897959184,4.220466669511015,13,231.0,0.28019215158550353,8,141.0,0.33425094044259535,21,372.0
3845.0,23,314.0,6.038461538461538,5.084715962613879,12,263.0,0.33495618108189706,11,131.0,0.2777114521062745,23,394.0
3850.0,24,295.0,5.363636363636363,4.769242463971571,11,268.0,0.3063487800089875,13,175.0,0.3382544023454186,24,443.0
3855.0,21,303.0,5.224137931034483,5.605132798358915,9,210.0,0.35066233417783105,12,208.0,0.3227132104974786,21,418.0
3860.0,20,281.0,4.844827586206897,5.989412535366892,8,214.0,0.39350234852199556,12,193.0,0.3137270729104435,20,407.0
3865.0,17,314.0,5.233333333333333,6.705102381512249,8,242.0,0.3831572006123741,9,165.0,0.28722440784183695,17,407.0
3870.0,18,313.0,5.305084745762712,6.022786611435758,8,259.0,0.2571483120934995,10,163.0,0.24158457722870783,18,422.0
3875.0,22,342.0,6.333333333333333,5.867170417568413,11,302.0,0.27292324309471544,11,160.0,0.2913973257145431,22,462.0
3880.0,22,277.0,5.12962962962963,4.843880471638958,10,241.0,0.31693835951931465,12,198.0,0.2511470561183427,22,439.0
3885.0,27,337.0,6.127272727272727,4.725585340862719,12,180.0,0.33011651675455084,15,240.0,0.24045919480830968,27,420.0
3890.0,30,405.0,7.5,4.136334144660908,15,245.0,0.3596344771676776,15,261.0,0.22107022179551408,30,506.0
3895.0,26,355.0,6.454545454545454,3.744688995617255,13,224.0,0.23257830840222662,13,260.0,0.2491555890363127,26,484.0
3900.0,28,427.0,7.763636363636364,4.302267605317979,15,220.0,0.18089472970727993,13,319.0,0.3518226587443239,28,539.0
3905.0,31,544.0,9.379310344827585,4.274571353628107,16,279.0,0.19880384507111037,15,381.0,0.35694965310477567,31,660.0
3910.0,29,531.0,9.0,4.150912553846818,15,335.0,0.21536425414332946,14,369.0,0.3212919520655302,29,704.0
3915.0,33,501.0,7.9523809523809526,3.79986166753266,14,329.0,0.27568282543338934,19,368.0,0.18515440683813822,33,697.0
3920.0,24,420.0,6.461538461538462,5.048598185295894,7,228.0,0.42467408670686396,17,416.0,0.16344603120646664,24,644.0
3925.0,21,439.0,6.455882352941177,5.739226140648569,9,197.0,0.40961512764514474,12,438.0,0.21037441916793864,21,635.0
3930.0,25,430.0,6.231884057971015,5.363294656884356,12,229.0,0.3060132174786015,13,426.0,0.20663421519205774,25,655.0
3935.0,30,314.0,4.686567164179104,4.587794854179806,15,281.0,0.1948502337550272,15,436.0,0.2729752886832917,30,717.0
3940.0,27,353.0,5.1911764705882355,4.308680328220747,14,313.0,0.19273011899553769,13,472.0,0.27990379925899045,27,785.0
3945.0,26,392.0,5.850746268656716,5.0013502043025335,13,316.0,0.2534064222424703,13,449.0,0.2779392882317927,26,765.0
3950.0,27,262.0,3.742857142857143,4.638515810084494,13,275.0,0.20917983275744625,14,440.0,0.22389079928250327,27,715.0
3955.0,35,374.0,4.921052631578948,5.387480441743109,16,267.0,0.27800308086300735,19,486.0,0.22722804726202234,35,753.0
3960.0,30,459.0,6.202702702702703,5.681951867575894,12,298.0,0.4072189780085765,18,527.0,0.23367464466146312,30,825.0
3965.0,30,558.0,8.205882352941176,5.680504325622185,12,329.0,0.41173527223919926,18,564.0,0.20088282559296186,30,893.0
3970.0,29,456.0,6.333333333333333,4.641485542018632,11,255.0,0.3042460247995132,18,580.0,0.12067530828883552,29,835.0
3975.0,39,596.0,8.054054054054054,4.698422807921144,19,256.0,0.20761291505052476,20,654.0,0.23392714448408672,39,910.0
3980.0,35,569.0,8.014084507042254,5.004474022502866,16,257.0,0.28768779017532126,19,645.0,0.31014880127097827,35,902.0
3985.0,28,413.0,5.816901408450704,5.184681169443053,12,224.0,0.290318033397337,16,553.0,0.35658691256561587,28,777.0
3990.0,24,294.0,4.027397260273973,4.012941035832595,13,243.0,0.27277967157302996,11,559.0,0.23809017361161416,24,802.0
3995.0,38,404.0,5.45945945945946,4.378405420463352,20,313.0,0.22077449670972155,18,579.0,0.25279119506265674,38,892.0
4000.0,40,389.0,5.0519480519480515,3.6033445017827517,18,354.0,0.22736905682532255,22,620.0,0.12290979742482036,40,974.0
4005.0,30,255.0,3.493150684931507,4.5689349932509895,12,323.0,0.2352349004478812,18,617.0,0.1672024859747873,30,940.0
4010.0,27,282.0,4.086956521739131,3.991600059187063,11,306.0,0.15261338660389806,16,602.0,0.16529178558641575,27,908.0
4015.0,33,292.0,4.055555555555555,3.8443688720323714,13,306.0,0.1853418731452145,20,521.0,0.1200550236990373,33,827.0
4020.0,32,283.0,4.223880597014926,3.8930762399299237,14,328.0,0.25760648779926304,18,573.0,0.19818227550679063,32,901.0
4025.0,40,446.0,6.5588235294117645,3.9256825156852093,19,388.0,0.3081146614757756,21,638.0,0.20028342774739516,40,1026.0
4030.0,37,489.0,7.086956521739131,3.6516359163856906,16,395.0,0.33821074183227423,21,682.0,0.17017745021939973,37,1077.0
4035.0,25,349.0,4.915492957746479,4.230972048438297,11,320.0,0.28287051280088654,14,652.0,0.16810585654134785,25,972.0
4040.0,27,443.0,5.986486486486487,4.640441211438322,11,261.0,0.23893347166851464,16,718.0,0.19116691953529286,27,979.0
4045.0,37,565.0,7.243589743589744,4.35960198836791,14,274.0,0.2668102787770796,23,817.0,0.10086153900126325,37,1091.0
4050.0,41,728.0,9.333333333333334,3.665091065507262,18,345.0,0.26492706414517625,23,873.0,0.1048143586208761,41,1218.0
4055.0,35,815.0,10.866666666666667,4.343486193026073,19,399.0,0.2741064679397971,16,865.0,0.22983891294198605,35,1264.0
4060.0,33,856.0,11.413333333333334,4.204665385427291,16,428.0,0.21506881195656746,17,826.0,0.2011206488043593,33,1254.0
4065.0,37,800.0,10.526315789473685,4.567593776020695,20,444.0,0.21697346303979226,17,744.0,0.22443588197646852,37,1188.0
4070.0,33,518.0,7.095890410958904,3.922718192805947,16,395.0,0.22585320910560758,17,685.0,0.19964884229976587,33,1080.0
4075.0,31,414.0,5.914285714285715,4.577701547717683,13,450.0,0.29563367104797406,18,564.0,0.280176567402714,31,1014.0
4080.0,33,495.0,6.780821917808219,3.8878776420907104,17,516.0,0.24140168451342608,16,592.0,0.20455435943986144,33,1108.0
4085.0,38,422.0,5.702702702702703,3.5453942643067333,21,527.0,0.13719776485760593,17,570.0,0.22855379307207205,38,1097.0
4090.0,35,365.0,5.0,4.295617196721563,20,483.0,0.1415731208082241,15,579.0,0.28295195441136467,35,1062.0
4095.0,39,500.0,6.666666666666667,4.369621933457876,22,529.0,0.11059681813699483,17,592.0,0.2904839570940778,39,1121.0
4100.0,40,547.0,6.924050632911392,4.0981476550719,23,587.0,0.2188176666196958,17,575.0,0.2121583416392765,40,1162.0
4105.0,39,600.0,7.792207792207792,3.9833327078196628,17,591.0,0.2884327917654297,22,577.0,0.1979962419023793,39,1168.0
4110.0,40,596.0,7.180722891566265,3.7249127534220055,17,594.0,0.29080463073486373,23,617.0,0.19562446223004393,40,1211.0
4115.0,30,449.0,5.54320987654321,4.269871566955392,14,530.0,0.25680888712430605,16,618.0,0.21756499213464658,30,1148.0
4120.0,31,432.0,5.333333333333333,4.210645495679827,18,536.0,0.16095188196075083,13,619.0,0.23799222516219998,31,1155.0
4125.0,43,574.0,6.833333333333333,3.9675422168155046,23,534.0,0.13252521586500118,20,683.0,0.1815300576470679,43,1217.0
4130.0,50,736.0,9.08641975308642,3.761473264220509,26,579.0,0.14416239882079984,24,709.0,0.23339512807931695,50,1288.0
4135.0,38,814.0,10.049382716049383,4.274464323294605,18,578.0,0.23485880310021387,20,712.0,0.21399703119258584,38,1290.0
4140.0,40,693.0,8.6625,3.582073719381224,18,606.0,0.2150089200077958,22,650.0,0.17373226818689183,40,1256.0
4145.0,46,640.0,7.710843373493976,3.7891098852508476,23,629.0,0.22165660515529187,23,497.0,0.20354254503766062,46,1126.0
4150.0,43,724.0,8.938271604938272,3.214403683356434,24,705.0,0.22438638419086906,19,525.0,0.15689886928212698,43,1230.0
4155.0,37,638.0,7.595238095238095,3.7981454637212573,20,742.0,0.2095142497397432,17,473.0,0.1321019312329457,37,1215.0
4160.0,31,649.0,7.819277108433735,4.222960979001337,17,770.0,0.16000615022078551,14,482.0,0.1975241834675658,31,1252.0
4165.0,44,821.0,10.012195121951219,4.036843949930731,26,854.0,0.10110566591313946,18,513.0,0.1761596135784909,44,1367.0
4170.0,48,771.0,9.518518518518519,3.581994191904536,30,852.0,0.12470841186080103,18,536.0,0.2056299035657182,48,1388.0
4175.0,40,590.0,7.564102564102564,3.5478235874364303,24,763.0,0.17717787576563387,16,578.0,0.18850939376945236,40,1341.0
4180.0,43,523.0,6.705128205128205,3.238665933653167,26,834.0,0.1712146418213094,17,559.0,0.210095915557357,43,1393.0
4185.0,45,651.0,8.1375,3.3687894499640634,27,889.0,0.17289343125678525,18,551.0,0.20561560514712648,45,1440.0
4190.0,51,671.0,8.3875,2.695795400092792,32,965.0,0.1546772728747818,19,527.0,0.17537013448379432,51,1492.0
4195.0,38,425.0,5.120481927710843,3.6637154383112036,27,972.0,0.1610688491302073,11,394.0,0.20852887623832053,38,1366.0
4200.0,33,441.0,5.582278481012659,4.904486633734832,23,956.0,0.17904244185041202,10,319.0,0.3182927650558883,33,1275.0
4205.0,26,499.0,6.397435897435898,6.4021703890257555,17,933.0,0.2188105824214723,9,298.0,0.4149541146622003,26,1231.0
4210.0,30,565.0,7.847222222222222,5.341319799399638,20,966.0,0.23750833655599893,10,278.0,0.19545058611527172,30,1244.0
4215.0,36,702.0,10.028571428571428,3.964123561406024,24,1078.0,0.14746031788603017,12,226.0,0.1645782864787958,36,1304.0
4220.0,38,738.0,11.181818181818182,3.677817779390605,26,1021.0,0.21821341354503723,12,284.0,0.12484566311386418,38,1305.0
4225.0,35,709.0,11.078125,3.5443272495147995,20,869.0,0.24742889955445696,15,356.0,0.15411987368342128,35,1225.0
4230.0,35,584.0,8.588235294117647,3.315891722182967,21,881.0,0.1671846142458647,14,373.0,0.25240566154938787,35,1254.0
4235.0,35,594.0,8.027027027027026,4.28058163940791,23,903.0,0.1604181122006878,12,368.0,0.37963269131542937,35,1271.0
4240.0,34,594.0,7.425,4.162858821078831,25,945.0,0.18306344165454613,9,372.0,0.3705626657767758,34,1317.0
4245.0,32,494.0,6.098765432098766,5.045408861682385,21,906.0,0.20872227896420376,11,363.0,0.395069723483174,32,1269.0
4250.0,28,587.0,7.3375,5.590113706180121,17,857.0,0.21528295353291163,11,389.0,0.36914385210020495,28,1246.0
4255.0,35,439.0,5.045977011494253,4.718484782809814,22,913.0,0.11836678110015046,13,294.0,0.2756726279424672,35,1207.0
4260.0,37,462.0,5.372093023255814,5.064784218231209,24,972.0,0.20642597729540202,13,162.0,0.3771699319968523,37,1134.0
4265.0,37,596.0,6.930232558139535,4.769617168862732,24,1017.0,0.2853633296259196,13,213.0,0.3210739246066852,37,1230.0
4270.0,40,739.0,8.694117647058823,4.235614759090629,20,1033.0,0.2623138565497303,20,299.0,0.2304260364220762,40,1332.0
4275.0,43,840.0,9.767441860465116,3.4049362846424835,22,1098.0,0.20776558859337182,21,335.0,0.11233610725678418,43,1433.0
4280.0,48,998.0,11.088888888888889,3.766265319665751,28,1192.0,0.20941053398633394,20,348.0,0.14392186119188233,48,1540.0
4285.0,51,1141.0,12.965909090909092,3.3170675478653204,32,1260.0,0.16891238087323548,19,437.0,0.23508564546663138,51,1697.0
4290.0,58,1357.0,15.077777777777778,3.145223714448134,33,1378.0,0.11837419033021379,25,544.0,0.2654374816714197,58,1922.0
4295.0,58,1428.0,16.04494382022472,2.717034130672825,36,1502.0,0.04523579809008214,22,578.0,0.2824465586040908,58,2080.0
4300.0,45,1325.0,15.588235294117647,2.8417970452675743,29,1576.0,0.05540331753193923,16,531.0,0.19860082662648795,45,2107.0
4305.0,43,1492.0,17.149425287356323,4.200916266740279,25,1624.0,0.13313949272424314,18,528.0,0.21523600907064372,43,2152.0
4310.0,43,1486.0,17.27906976744186,4.029259283507003,24,1701.0,0.12574244272580395,19,512.0,0.1667161990116712,43,2213.0
4315.0,47,1507.0,18.378048780487806,3.686444843923019,28,1807.0,0.16182712784943815,19,410.0,0.1879017992988538,47,2217.0
4320.0,49,1650.0,19.642857142857142,3.335556456206168,27,1901.0,0.19184433883217797,22,495.0,0.15156136481598625,49,2396.0
4325.0,53,1860.0,22.962962962962962,3.4310006972104774,28,1968.0,0.21142491734533278,25,583.0,0.16188747921384566,53,2551.0
4330.0,53,1743.0,21.25609756097561,3.032661500543615,29,1817.0,0.16899506875647016,24,631.0,0.16678621847457006,53,2448.0
4335.0,47,1374.0,16.55421686746988,3.179086643448166,27,1730.0,0.1421458440132886,20,613.0,0.2101112452924112,47,2343.0
4340.0,51,1220.0,14.022988505747126,3.7394984216229252,27,1530.0,0.16700887650106727,24,650.0,0.24685519285510485,51,2180.0
4345.0,51,1103.0,12.393258426966293,3.692214923302945,26,1371.0,0.20601939688996462,25,768.0,0.22656751659112273,51,2139.0
4350.0,49,991.0,11.261363636363637,2.68033876263374,23,1389.0,0.20507236412238788,26,790.0,0.1345406154678632,49,2179.0
4355.0,41,572.0,6.355555555555555,3.0408603254255215,21,1311.0,0.19893908522224066,20,716.0,0.10196956658016289,41,2027.0
4360.0,37,508.0,5.521739130434782,4.600458916518313,21,1279.0,0.267229554587959,16,638.0,0.1872840455357094,37,1917.0
4365.0,33,624.0,6.782608695652174,5.850415244367478,20,1260.0,0.2753793467297948,13,585.0,0.3158869980636722,33,1845.0
4370.0,35,507.0,5.964705882352941,4.026204112160641,23,1295.0,0.11531102939277563,12,435.0,0.23074915460788467,35,1730.0
4375.0,39,528.0,6.518518518518518,3.8628526567657446,28,1386.0,0.13083822183888344,11,294.0,0.2622693069109659,39,1680.0
4380.0,47,655.0,8.291139240506329,3.7439233658973055,30,1367.0,0.14089610246583617,17,348.0,0.252124713201947,47,1715.0
4385.0,46,754.0,9.921052631578947,3.388748477202324,26,1255.0,0.12151066805680838,20,448.0,0.2605131221060253,46,1703.0
4390.0,50,888.0,11.384615384615385,3.3183459934879953,26,1141.0,0.08281963698247455,24,557.0,0.24918316101842491,50,1698.0
4395.0,45,921.0,11.807692307692308,2.965320006693786,23,1172.0,0.08729516804576251,22,597.0,0.25812960380197153,45,1769.0
4400.0,33,745.0,9.675324675324676,3.3343830431471657,16,1107.0,0.07494654588663877,17,549.0,0.23059394473255945,33,1656.0
4405.0,33,860.0,10.75,5.027825666440988,15,1032.0,0.17729011112543597,18,532.0,0.2580261370319013,33,1564.0
4410.0,34,884.0,10.523809523809524,4.754306351172563,16,1081.0,0.14555176176488474,18,524.0,0.18447465617146822,34,1605.0
4415.0,44,996.0,12.296296296296296,4.604754766574833,22,1184.0,0.16695004889129578,22,496.0,0.2184087520192497,44,1680.0
4420.0,44,1136.0,15.35135135135135,3.3884748911695266,23,1177.0,0.21809910215531353,21,579.0,0.1853933061959979,44,1756.0
4425.0,44,1255.0,16.733333333333334,3.372964836245491,18,1045.0,0.24852771691626568,26,689.0,0.16883459880035612,44,1734.0
4430.0,44,1335.0,17.56578947368421,3.11230033861242,19,1068.0,0.1982283641476196,25,752.0,0.23637474568935865,44,1820.0
4435.0,34,1300.0,17.56756756756757,3.738971059858187,17,1034.0,0.17041780384313723,17,755.0,0.22929521999630498,34,1789.0
4440.0,32,1091.0,15.152777777777779,3.4906852199888143,16,952.0,0.1700543621619891,16,663.0,0.150657100701117,32,1615.0
4445.0,39,990.0,13.2,3.787280871636968,19,878.0,0.12247272690253437,20,481.0,0.14247520584931966,39,1359.0
4450.0,44,1153.0,15.373333333333333,3.748044381259406,22,933.0,0.15665464294294662,22,552.0,0.20070582890146005,44,1485.0
4455.0,44,1320.0,17.142857142857142,3.772131599530539,18,1004.0,0.24768759063289766,26,653.0,0.17460005536860965,44,1657.0
4460.0,37,1399.0,18.653333333333332,4.447630614241397,15,1032.0,0.331742387300658,22,691.0,0.22433170480717513,37,1723.0
4465.0,36,1434.0,19.12,4.566123630834188,18,1098.0,0.2646288422227666,18,656.0,0.22953621742368924,36,1754.0
4470.0,36,1538.0,20.236842105263158,4.3205904675691365,19,1183.0,0.19040768049208087,17,620.0,0.18625167696274836,36,1803.0
4475.0,38,1644.0,22.216216216216218,4.233862237850574,19,1281.0,0.20079461051946754,19,611.0,0.19836819371376324,38,1892.0
4480.0,36,1470.0,19.6,4.169838895228761,16,1280.0,0.18199193790207924,20,575.0,0.24583335224460703,36,1855.0
4485.0,33,1450.0,19.863013698630137,4.675220730410642,16,1308.0,0.28804630384832847,17,459.0,0.22115361282244558,33,1767.0
4490.0,35,1030.0,14.305555555555555,4.365300228406227,13,1077.0,0.3616822423252733,22,540.0,0.17454561550903674,35,1617.0
4495.0,34,398.0,5.378378378378378,4.817607406556781,6,605.0,0.4060746448186866,28,671.0,0.15726558642246263,34,1276.0
4500.0,37,562.0,7.915492957746479,4.121348353129003,6,254.0,0.3396893559966469,31,818.0,0.19414481645297932,37,1072.0
4505.0,44,765.0,10.337837837837839,3.6272503662902396,11,126.0,0.1929354229800952,33,975.0,0.1775388936918462,44,1101.0
4510.0,52,1000.0,14.084507042253522,2.598128117936153,15,190.0,0.1501411593996174,37,1146.0,0.11762116106336812,52,1336.0
4515.0,52,1172.0,16.054794520547944,2.1339517445166996,16,270.0,0.16716921111041444,36,1237.0,0.07890836512478465,52,1507.0
4520.0,53,1395.0,19.10958904109589,2.595396327992297,17,354.0,0.21636562383688535,36,1299.0,0.11844446737445101,53,1653.0
4525.0,50,1334.0,18.273972602739725,2.567699319725626,15,380.0,0.3108731121519972,35,1325.0,0.09247103247877322,50,1705.0
4530.0,37,936.0,12.155844155844155,3.140568565126287,9,344.0,0.21812305127892073,28,1192.0,0.10577538555424393,37,1536.0
4535.0,30,886.0,11.506493506493506,5.0309641082143575,9,291.0,0.27486601126188887,21,1088.0,0.20606850847107983,30,1379.0
4540.0,29,856.0,10.974358974358974,5.031285162712536,11,262.0,0.1934043758353355,18,1158.0,0.22850594816325562,29,1420.0
4545.0,37,995.0,13.266666666666667,4.109798855165682,14,295.0,0.24325875514901601,23,1237.0,0.13571254127482463,37,1532.0
4550.0,41,743.0,11.08955223880597,3.0238353594618292,11,236.0,0.3043137133458929,30,1212.0,0.08579490389533764,41,1448.0
4555.0,35,484.0,7.0144927536231885,4.05086037098909,10,159.0,0.359899526973398,25,1138.0,0.10491622525979512,35,1297.0
4560.0,34,515.0,7.357142857142857,4.136736514083928,10,182.0,0.3061806934702687,24,1103.0,0.1216385463011627,34,1285.0
4565.0,40,681.0,9.728571428571428,4.117426361530538,14,232.0,0.3173243097726271,26,1209.0,0.09469216462164204,40,1441.0
4570.0,39,754.0,11.088235294117647,3.56839808807894,11,219.0,0.29730495770050674,28,1314.0,0.09387474874905546,39,1533.0
4575.0,30,642.0,10.19047619047619,3.4946192032374266,5,146.0,0.29558921415065814,25,1305.0,0.09345436318552452,30,1451.0
4580.0,25,435.0,7.25,4.750637363709452,9,104.0,0.27392096655802667,16,1133.0,0.19284180982888416,25,1237.0
4585.0,22,432.0,6.857142857142857,5.7691392603607765,8,115.0,0.20830896372738694,14,974.0,0.2571907304756504,22,1089.0
4590.0,24,541.0,8.725806451612904,6.538743806228609,8,150.0,0.2873602522855963,16,843.0,0.2967167298675787,24,993.0
4595.0,23,656.0,11.310344827586206,6.672929479407985,8,190.0,0.38236415390428435,15,779.0,0.24452446046639773,23,969.0
4600.0,24,765.0,13.909090909090908,5.766564756690518,8,230.0,0.34520034056282467,16,851.0,0.1881354422652064,24,1081.0
4605.0,23,562.0,10.60377358490566,4.72700024426431,7,211.0,0.2699719312114237,16,774.0,0.12524156554521335,23,985.0
4610.0,22,554.0,11.306122448979592,5.453539593298567,9,192.0,0.3015440020967049,13,706.0,0.2575396725553017,22,898.0
4615.0,17,473.0,9.854166666666666,5.225651647525269,5,181.0,0.35681137072356456,12,633.0,0.26775571305990525,17,814.0
4620.0,15,311.0,6.346938775510204,6.7724818498266615,5,189.0,0.5115246038373046,10,457.0,0.35884625163994094,15,646.0
4625.0,14,341.0,6.959183673469388,6.117421171974889,6,210.0,0.3893301457778445,8,313.0,0.3843995316084117,14,523.0
4630.0,21,432.0,8.307692307692308,5.772480124657634,8,248.0,0.4228297811121046,13,262.0,0.3441485978556718,21,510.0
4635.0,25,542.0,10.627450980392156,5.005744137517563,11,293.0,0.3964863251525359,14,288.0,0.2613914501663492,25,581.0
4640.0,30,681.0,13.352941176470589,3.8837549375814002,11,345.0,0.33891552073001274,19,375.0,0.1617851785370622,30,720.0
4645.0,30,460.0,8.679245283018869,2.5131417651232053,10,239.0,0.26647469326372,20,387.0,0.050582415530616286,30,626.0
4650.0,32,555.0,9.736842105263158,4.080608411986362,15,203.0,0.30774340662241156,17,387.0,0.18819603169993238,32,590.0
4655.0,27,497.0,8.283333333333333,4.542155709016095,12,215.0,0.34340595255913653,15,416.0,0.23449887261478353,27,631.0
4660.0,15,389.0,6.274193548387097,5.847391998932279,6,164.0,0.38239787033910627,9,378.0,0.2508803122752459,15,542.0
4665.0,17,465.0,8.017241379310345,6.641944096767766,7,146.0,0.4036434353101232,10,369.0,0.2231719119841478,17,515.0
4670.0,18,443.0,7.771929824561403,5.805460221597736,8,121.0,0.33186884066459565,10,373.0,0.1793406978734748,18,494.0
4675.0,25,550.0,9.649122807017545,4.690340468362282,13,151.0,0.289701876225952,12,425.0,0.21012696165078731,25,576.0
4680.0,33,694.0,12.175438596491228,4.124390238486507,20,232.0,0.24819099819919638,13,487.0,0.30582064053896724,33,719.0
4685.0,28,761.0,12.475409836065573,4.5769579144949075,17,290.0,0.2761662286455736,11,521.0,0.36627132408734425,28,811.0
4690.0,24,818.0,12.78125,5.30509007087622,12,299.0,0.2838653403417019,12,569.0,0.32427023719494413,24,868.0
4695.0,26,762.0,11.723076923076922,4.927414302243174,12,295.0,0.2784021968711297,14,583.0,0.12505934501044524,26,878.0
4700.0,31,749.0,11.348484848484848,4.908253748020162,14,285.0,0.2607710557498237,17,617.0,0.18695834961453545,31,902.0
4705.0,34,884.0,13.6,4.534805480424487,18,296.0,0.2748401480507243,16,697.0,0.279614763354373,34,993.0
4710.0,29,714.0,10.818181818181818,4.647295977354565,17,342.0,0.2812150187748252,12,612.0,0.38175043438113365,29,954.0
4715.0,31,473.0,6.757142857142857,4.736802155230921,20,405.0,0.2881994592243807,11,450.0,0.32496124661524134,31,855.0
4720.0,30,455.0,6.148648648648648,4.510219907273965,21,459.0,0.25272791942427614,9,321.0,0.37247362973362774,30,780.0
4725.0,36,584.0,7.487179487179487,4.520136515036102,23,530.0,0.24106093390332997,13,295.0,0.3593561003788761,36,825.0
4730.0,37,508.0,6.597402597402597,3.357545270909928,22,539.0,0.20467842923404453,15,312.0,0.22031196067600683,37,851.0
4735.0,43,627.0,7.8375,3.7840463318588915,24,539.0,0.2112218306953076,19,349.0,0.24107085112986343,43,888.0
4740.0,48,580.0,7.160493827160494,3.2798001633970943,30,575.0,0.1274136884284515,18,373.0,0.26312410315525636,48,948.0
4745.0,38,395.0,4.8765432098765435,3.8254605708812583,26,535.0,0.10422620242013036,12,359.0,0.22628912886869074,38,894.0
4750.0,33,488.0,6.177215189873418,4.6749384760207535,20,514.0,0.16440477909524848,13,361.0,0.2153072731700011,33,875.0
4755.0,32,620.0,8.051948051948052,5.382094869420256,16,522.0,0.1992756289440638,16,409.0,0.19434253264380222,32,931.0
4760.0,31,613.0,8.884057971014492,5.185721851327942,17,541.0,0.16065617488958678,14,386.0,0.25007598665118624,31,927.0
4765.0,29,610.0,8.591549295774648,5.005801450670157,20,576.0,0.1308687337762463,9,327.0,0.32640794622093156,29,903.0
4770.0,32,668.0,10.276923076923078,4.768400553309998,25,692.0,0.20921104140884075,7,313.0,0.37388290549125053,32,1005.0
4775.0,31,675.0,10.887096774193548,4.087141712632597,23,717.0,0.22470578054658327,8,284.0,0.31106193055140763,31,1001.0
4780.0,35,519.0,8.109375,2.9948158045970192,22,710.0,0.17429066163528073,13,291.0,0.14379242899007047,35,1001.0
4785.0,39,561.0,8.63076923076923,2.9140290157309887,23,727.0,0.16185973981669982,16,295.0,0.20627886285942043,39,1022.0
4790.0,34,562.0,8.388059701492537,3.4512779987361504,22,725.0,0.1809647203626977,12,347.0,0.3192288733138652,34,1072.0
4795.0,41,696.0,10.235294117647058,3.1820394650202815,27,773.0,0.14553782761897574,14,392.0,0.3237013013669662,41,1165.0
4800.0,42,675.0,9.642857142857142,3.1504653020421394,30,831.0,0.13125561853836426,12,399.0,0.28990769378308867,42,1230.0
4805.0,33,526.0,7.305555555555555,4.017620791832463,22,770.0,0.09607231207393052,11,400.0,0.2975195593792725,33,1170.0
4810.0,29,526.0,7.514285714285714,4.999443437888025,17,712.0,0.1773286365722102,12,447.0,0.2682459269339013,29,1159.0
4815.0,26,598.0,8.422535211267606,5.873876749323622,12,645.0,0.24771816408932543,14,503.0,0.1999476963754238,26,1148.0
4820.0,22,512.0,7.641791044776119,5.977879929990319,11,602.0,0.2572862479288854,11,444.0,0.3023829805940451,22,1046.0
4825.0,23,369.0,5.765625,5.1901254199191404,14,625.0,0.21323978145285777,9,314.0,0.2819452995810544,23,939.0
4830.0,26,460.0,7.666666666666667,5.345575365747834,19,712.0,0.29109727107713707,7,247.0,0.33938411731232626,26,959.0
4835.0,25,419.0,7.350877192982456,4.6967706682903785,19,719.0,0.26600079368928203,6,229.0,0.3668759113144765,25,948.0
4840.0,28,345.0,5.948275862068965,3.315181288765536,19,638.0,0.13716899584515627,9,210.0,0.2642487388905828,28,848.0
4845.0,36,509.0,8.627118644067796,3.2740964309742315,24,596.0,0.11102699926127849,12,256.0,0.3252459503750958,36,852.0
4850.0,33,562.0,8.920634920634921,3.647969097640217,22,620.0,0.13404122220417852,11,298.0,0.38330211254446095,33,918.0
4855.0,31,498.0,8.03225806451613,4.007006522263887,17,554.0,0.17893528442858653,14,349.0,0.2678379296343584,31,903.0
4860.0,24,511.0,7.861538461538461,5.23364641101021,8,477.0,0.30019279811769406,16,423.0,0.15098049762005616,24,900.0
4865.0,20,508.0,7.36231884057971,5.925087332580644,4,440.0,0.3391028001464497,16,429.0,0.11568395286406967,20,869.0
4870.0,25,492.0,7.130434782608695,4.885270651936,14,472.0,0.2790504712727488,11,379.0,0.21983493881657662,25,851.0
4875.0,26,502.0,7.492537313432836,4.747842129043541,17,475.0,0.3066368022807004,9,408.0,0.29835839872694064,26,883.0
4880.0,28,568.0,8.352941176470589,4.5192481121353225,22,573.0,0.26371703489716924,6,409.0,0.31734063922090355,28,982.0
4885.0,35,317.0,4.594202898550725,3.77010931095179,26,526.0,0.24912610976713728,9,314.0,0.23871732286185027,35,840.0
4890.0,38,468.0,6.591549295774648,4.227067608114498,25,556.0,0.21625926500926446,13,325.0,0.27433011187926143,38,881.0
4895.0,46,614.0,8.41095890410959,2.9965346999516154,29,676.0,0.09546707687763352,17,345.0,0.24451887249531357,46,1021.0
4900.0,43,764.0,9.922077922077921,4.2259761664889055,31,813.0,0.14998246340251614,12,320.0,0.3339998333766744,43,1133.0
4905.0,42,755.0,9.556962025316455,3.593020002642532,30,855.0,0.1668915120139574,12,341.0,0.27812519082174764,42,1196.0
4910.0,33,541.0,7.3108108108108105,4.085351938477247,22,764.0,0.1612198479021926,11,336.0,0.3620441082510855,33,1100.0
4915.0,29,450.0,5.769230769230769,5.042992979498511,16,664.0,0.24742343743844736,13,383.0,0.3010886339062005,29,1047.0
4920.0,22,371.0,4.580246913580247,5.6881678632236445,9,587.0,0.3211825654565084,13,389.0,0.22130486325514392,22,976.0
4925.0,31,354.0,4.1647058823529415,5.625947403353817,15,617.0,0.3005568321960883,16,355.0,0.23250850423412123,31,972.0
4930.0,32,374.0,4.560975609756097,4.634780908635699,20,632.0,0.24408805817082524,12,399.0,0.32528182448524845,32,1031.0
4935.0,39,426.0,5.132530120481928,4.53345021488153,24,647.0,0.24329946322760648,15,469.0,0.38394200676540813,39,1116.0
4940.0,41,511.0,6.2317073170731705,3.969375627021566,28,737.0,0.20447195536624035,13,441.0,0.35712790110548526,41,1178.0
4945.0,48,610.0,7.176470588235294,3.3134238762988946,33,887.0,0.15316756835633646,15,360.0,0.28263207581700195,48,1247.0
4950.0,50,668.0,7.767441860465116,2.2225656945953705,34,930.0,0.10394726533710447,16,386.0,0.1341021678166867,50,1316.0
4955.0,46,589.0,6.7701149425287355,3.0031201377862575,32,852.0,0.08630444677640105,14,395.0,0.1793252496315824,46,1247.0
4960.0,37,598.0,7.204819277108434,4.3813621085532555,25,784.0,0.15599713079283384,12,421.0,0.2676117848234167,37,1205.0
4965.0,33,690.0,8.023255813953488,5.313576527944932,20,741.0,0.2373621159817897,13,461.0,0.22386693846469563,33,1202.0
4970.0,29,631.0,7.252873563218391,5.162109217936012,18,721.0,0.25149977845430554,11,469.0,0.16542161081280857,29,1190.0
4975.0,33,665.0,8.012048192771084,5.035878537829761,18,699.0,0.23270882028067433,15,480.0,0.2943183476982831,33,1179.0
4980.0,36,615.0,7.784810126582278,4.568155563930368,23,712.0,0.20073077256066288,13,484.0,0.3761961907001507,36,1196.0
4985.0,40,660.0,8.148148148148149,4.236785456813582,29,721.0,0.1547273645413734,11,438.0,0.3696367619542823,40,1159.0
4990.0,38,702.0,8.357142857142858,4.003441698931651,27,762.0,0.19517716129892737,11,456.0,0.3182842829605977,38,1218.0
4995.0,35,694.0,8.16470588235294,4.157769120259009,23,729.0,0.1363599748413935,12,448.0,0.31038462099443537,35,1177.0
5000.0,34,560.0,6.511627906976744,4.329327352075346,19,672.0,0.1495894313781074,15,403.0,0.26984895817898485,34,1075.0
5005.0,31,282.0,3.168539325842697,4.531966945976744,15,696.0,0.1549442018354605,16,375.0,0.2734209015509604,31,1071.0
5010.0,38,354.0,4.068965517241379,3.9311600282669685,20,730.0,0.11441755243727507,18,432.0,0.31231046771064114,38,1162.0
5015.0,45,457.0,5.506024096385542,3.088193128980088,26,800.0,0.14402695478041858,19,484.0,0.2310662267671567,45,1284.0
5020.0,54,580.0,6.823529411764706,2.067487617527905,30,857.0,0.1157604521549177,24,553.0,0.17025820250425808,54,1410.0
5025.0,46,552.0,6.4186046511627906,2.828830160320854,25,821.0,0.09430323255037387,21,592.0,0.21117360415851164,46,1413.0
5030.0,35,555.0,6.306818181818182,3.843599096585008,16,825.0,0.16531932956012507,19,556.0,0.24193840775880152,35,1381.0
5035.0,36,563.0,5.926315789473684,4.53937365676557,15,782.0,0.21780599654886876,21,500.0,0.28713997119803,36,1282.0
5040.0,40,378.0,4.0212765957446805,3.4378120821383984,18,731.0,0.1845752166569765,22,538.0,0.22592413086965893,40,1269.0
5045.0,48,488.0,5.136842105263158,3.645336895787793,25,667.0,0.20418125787516161,23,556.0,0.2639376923998601,48,1223.0
5050.0,53,601.0,6.326315789473684,3.2114115869629885,26,705.0,0.2136362367585044,27,612.0,0.18680028095622395,53,1317.0
5055.0,48,547.0,5.757894736842105,3.518172574152436,24,667.0,0.12840420813506312,24,613.0,0.19937034027445885,48,1280.0
5060.0,44,664.0,7.217391304347826,3.976722312146541,18,637.0,0.19039729462495658,26,641.0,0.14298293437340087,44,1278.0
5065.0,42,748.0,8.219780219780219,4.0081305623286,16,653.0,0.22395261542260236,26,710.0,0.0868055592732816,42,1363.0
5070.0,45,795.0,9.034090909090908,3.6460423843954057,19,643.0,0.2265725164092,26,743.0,0.10585307580993836,45,1386.0
5075.0,47,790.0,9.186046511627907,2.7581513371023236,23,696.0,0.17635894191710694,24,806.0,0.14531980440193817,47,1502.0
5080.0,50,954.0,11.093023255813954,3.284461816606182,28,783.0,0.1906853927076641,22,824.0,0.22079014433647537,50,1607.0
5085.0,55,835.0,9.382022471910112,3.3134223481650866,32,814.0,0.2298731453868194,23,819.0,0.21542371905167765,55,1633.0
5090.0,52,760.0,8.172043010752688,3.186627863646013,31,831.0,0.12994031021928887,21,719.0,0.2257958617127511,52,1550.0
5095.0,57,942.0,10.23913043478261,2.9734567356948625,35,946.0,0.11321858201399554,22,763.0,0.22358606433447722,57,1709.0
5100.0,60,1091.0,11.48421052631579,2.8300202187493406,36,1088.0,0.11736158979209739,24,786.0,0.1721865258783845,60,1874.0
5105.0,59,1074.0,11.425531914893616,2.2912393369558774,35,1133.0,0.08751304831510975,24,811.0,0.13233760558000057,59,1944.0
5110.0,53,725.0,7.880434782608695,2.31795900021917,32,1045.0,0.10541167009907211,21,764.0,0.0860763186295166,53,1809.0
5115.0,44,642.0,6.829787234042553,3.7016025897740694,25,952.0,0.19169948885044022,19,745.0,0.15483314409017696,44,1697.0
5120.0,37,642.0,6.6875,5.29848891981007,19,830.0,0.22231051902654148,18,742.0,0.2581933362281377,37,1572.0
5125.0,34,764.0,8.127659574468085,5.911668334780953,15,756.0,0.2906980504704802,19,788.0,0.21999381881495286,34,1544.0
5130.0,36,736.0,8.177777777777777,4.990870961047119,18,759.0,0.2549367817500886,18,762.0,0.08121646618254091,36,1521.0
5135.0,38,740.0,9.25,4.365924718874297,23,810.0,0.15364849154102864,15,670.0,0.22342701260011213,38,1480.0
5140.0,41,739.0,9.986486486486486,3.51479601598533,27,837.0,0.11279961606220526,14,719.0,0.2654389333606467,41,1556.0
5145.0,45,881.0,11.905405405405405,3.675736624865444,27,859.0,0.09394262241165942,18,772.0,0.2757131949016608,45,1631.0
5150.0,42,874.0,12.309859154929578,3.188046682834153,27,888.0,0.08966860629452958,15,766.0,0.23824129762137822,42,1654.0
5155.0,43,780.0,10.985915492957746,3.407486712267584,28,965.0,0.13903371377926743,15,687.0,0.2711650002421636,43,1652.0
5160.0,36,805.0,11.338028169014084,2.893899901118384,25,973.0,0.14015647963592326,11,735.0,0.22309913657922384,36,1708.0
5165.0,33,700.0,9.859154929577464,3.911008464263025,20,857.0,0.12231855134173653,13,789.0,0.27176473969041254,33,1646.0
5170.0,34,690.0,9.452054794520548,4.802509489302816,15,741.0,0.1804281102843719,19,865.0,0.2261290774900617,34,1606.0
5175.0,31,804.0,10.864864864864865,6.092111670432146,13,609.0,0.310516494212989,18,954.0,0.2056804416806241,31,1563.0
5180.0,26,730.0,10.735294117647058,5.908757288494425,10,494.0,0.31308939398335345,16,897.0,0.24563335549032764,26,1391.0
5185.0,26,734.0,11.292307692307693,5.1620927066577185,13,474.0,0.224967566396559,13,830.0,0.23473271478725466,26,1304.0
5190.0,28,543.0,9.05,5.160021226621355,15,548.0,0.33995267285173986,13,695.0,0.22947820576450836,28,1243.0
5195.0,28,621.0,10.706896551724139,5.349540603855189,15,629.0,0.3617483784570511,13,571.0,0.30044207408939466,28,1200.0
5200.0,29,589.0,10.155172413793103,3.8747382556115912,14,586.0,0.2542222512755393,15,526.0,0.23812199735184084,29,1112.0
5205.0,29,475.0,7.786885245901639,3.547058080283443,15,505.0,0.23380494398332977,14,433.0,0.18500011974141403,29,938.0
5210.0,34,598.0,9.34375,3.883169807551249,20,559.0,0.21904090701696538,14,438.0,0.2630852790832814,34,997.0
5215.0,32,606.0,8.535211267605634,4.372903203074849,19,548.0,0.2462538421389141,13,413.0,0.31276016779719307,32,961.0
5220.0,26,564.0,7.833333333333333,4.981087019053087,12,463.0,0.29871341091644904,14,450.0,0.3032453974543774,26,913.0
5225.0,25,635.0,8.14102564102564,5.422057956956071,10,443.0,0.30053508444227234,15,522.0,0.26858023429210093,25,965.0
5230.0,33,778.0,9.848101265822784,5.769179493095912,10,425.0,0.29295869700655947,23,619.0,0.2874405624204499,33,1044.0
5235.0,30,762.0,10.16,5.261609644444648,8,423.0,0.2472912893446169,22,583.0,0.2822650272849673,30,1006.0
5240.0,33,761.0,11.35820895522388,3.655267163659919,13,472.0,0.10676484466546077,20,589.0,0.22215699817958742,33,1061.0
5245.0,40,796.0,11.880597014925373,3.150671067026884,20,559.0,0.14745827726538405,20,582.0,0.17976558252695155,40,1141.0
5250.0,32,547.0,8.164179104477611,3.9135160836159177,15,439.0,0.2714806626283272,17,574.0,0.19969415966941603,32,1013.0
5255.0,32,485.0,7.132352941176471,3.869434627521254,13,257.0,0.3245484318553983,19,575.0,0.1513629110727315,32,832.0
5260.0,38,455.0,6.408450704225352,4.169562313101824,16,295.0,0.3065063205039267,22,541.0,0.19973742433515645,38,836.0
5265.0,37,513.0,6.84,4.423760468611598,21,385.0,0.25846290404105254,16,591.0,0.2880852521095929,37,976.0
5270.0,36,540.0,7.5,3.823090119855687,19,406.0,0.22393674998088467,17,619.0,0.2228987347241215,36,1025.0
5275.0,33,389.0,5.47887323943662,3.7757452091841532,13,349.0,0.23362119159298766,20,667.0,0.12897424625379802,33,1016.0
5280.0,30,451.0,6.263888888888889,4.5226647321129185,11,279.0,0.17599812271418921,19,712.0,0.17981544438515615,30,991.0
5285.0,31,540.0,7.5,4.64454673729041,11,288.0,0.20423051652642035,20,740.0,0.133785040115312,31,1028.0
5290.0,34,617.0,9.208955223880597,4.139793978583007,16,355.0,0.17992110463920905,18,782.0,0.18793699632201052,34,1137.0
5295.0,34,576.0,8.861538461538462,2.890440484266766,17,344.0,0.20165824684949668,17,822.0,0.16786752281491665,34,1166.0
5300.0,36,668.0,9.970149253731343,4.421570412687092,15,311.0,0.22940861244918145,21,869.0,0.2852182586283567,36,1180.0
5305.0,39,835.0,12.279411764705882,4.175894687481474,19,399.0,0.19468343056253806,20,908.0,0.27337722349181115,39,1307.0
5310.0,42,998.0,14.46376811594203,3.8282903122656187,22,510.0,0.2047818589559243,20,880.0,0.1979081160414501,42,1390.0
5315.0,40,982.0,14.028571428571428,2.995740144758368,21,527.0,0.18566875408448472,19,908.0,0.1637505759145423,40,1435.0
5320.0,31,830.0,12.388059701492537,3.704814941915821,14,445.0,0.1775573893856745,17,884.0,0.18839125611301463,31,1329.0
5325.0,26,889.0,13.676923076923076,5.284642947202847,8,385.0,0.255587054997687,18,937.0,0.20005466293784174,26,1322.0
5330.0,22,587.0,9.03076923076923,5.0488071618669075,6,267.0,0.2602991667895546,16,814.0,0.09970194333157402,22,1081.0
5335.0,29,373.0,5.651515151515151,5.220627944403538,14,264.0,0.22725425470652075,15,631.0,0.23139698277897022,29,895.0
5340.0,27,431.0,6.53030303030303,5.113250802864954,15,333.0,0.31783638012855286,12,515.0,0.29817685024146134,27,848.0
5345.0,25,416.0,6.4,5.225624805751628,15,390.0,0.35545344791998723,10,451.0,0.37199497133751896,25,841.0
5350.0,26,426.0,6.553846153846154,5.375735610027852,19,459.0,0.3434071104152399,7,385.0,0.41959681216181255,26,844.0
5355.0,30,492.0,7.343283582089552,4.053985265512866,23,558.0,0.23528859105843355,7,226.0,0.27695391436397543,30,784.0
5360.0,39,633.0,9.308823529411764,3.9424979961838194,28,684.0,0.17187188290011302,11,205.0,0.3000962501641993,39,889.0
5365.0,42,692.0,10.028985507246377,3.0167108303691297,28,729.0,0.12962302972915163,14,252.0,0.18809656194325666,42,981.0
5370.0,35,608.0,9.5,3.723652967313443,21,656.0,0.12972355051582915,14,304.0,0.22331492924211127,35,960.0
5375.0,31,645.0,10.238095238095237,4.390389782059606,16,606.0,0.16459451549042495,15,375.0,0.15703894508900984,31,981.0
5380.0,23,367.0,5.477611940298507,5.186594066951955,10,480.0,0.2596773280928925,13,355.0,0.18678548646965867,23,835.0
5385.0,24,390.0,6.09375,5.204729992763911,12,367.0,0.23603672303446457,12,381.0,0.25885582508130695,24,748.0
5390.0,26,301.0,5.189655172413793,4.70512238855044,17,385.0,0.20713374184543715,9,341.0,0.3555322954296853,26,726.0
5395.0,24,311.0,5.456140350877193,5.326567059858075,17,421.0,0.18938239773501758,7,247.0,0.449925595766306,24,668.0
5400.0,31,446.0,7.964285714285714,4.451280339844578,21,511.0,0.1822533082169684,10,217.0,0.34486080940597647,31,728.0
5405.0,27,476.0,7.67741935483871,4.728786707354182,19,521.0,0.23341706907465073,8,244.0,0.35690743769249483,27,765.0
5410.0,19,373.0,5.920634920634921,6.005412241272905,10,422.0,0.2273696791943143,9,271.0,0.47443244727160183,19,693.0
5415.0,15,366.0,6.310344827586207,6.9261431590518105,6,297.0,0.33734702607952266,9,316.0,0.4656420614648938,15,613.0
5420.0,15,223.0,3.982142857142857,6.71223003540599,5,186.0,0.41512925059206074,10,255.0,0.3059168354582421,15,441.0
5425.0,19,238.0,4.490566037735849,4.704757272955381,8,192.0,0.25486496659403934,11,180.0,0.253364353338402,19,372.0
5430.0,26,241.0,4.462962962962963,4.462840589790623,15,251.0,0.19888682815217687,11,161.0,0.37339882374362143,26,412.0
5435.0,25,298.0,5.0508474576271185,5.448279996400765,15,303.0,0.3051613458398444,10,141.0,0.4325684091133035,25,444.0
5440.0,28,325.0,5.158730158730159,4.844243001097066,18,376.0,0.2622659526313922,10,129.0,0.3979607249151151,28,505.0
5445.0,26,343.0,5.444444444444445,4.936483874055677,15,372.0,0.2555396087067808,11,113.0,0.3919638242528438,26,485.0
5450.0,21,216.0,3.272727272727273,4.8775449062154985,11,287.0,0.29499101714081916,10,119.0,0.25976686682505234,21,406.0
5455.0,22,265.0,3.8970588235294117,5.790514276636522,9,231.0,0.35779003420141,13,143.0,0.20908215983568174,22,374.0
5460.0,20,281.0,4.1940298507462686,5.799625326809063,7,240.0,0.26686416059017726,13,172.0,0.2362615318412302,20,412.0
5465.0,26,389.0,5.8059701492537314,5.922862931438424,13,285.0,0.25286844648477697,13,211.0,0.31183596456810575,26,496.0
5470.0,30,426.0,6.761904761904762,5.001668246922676,18,367.0,0.29574475895261104,12,215.0,0.28861186086376966,30,582.0
5475.0,28,459.0,7.171875,4.922781788050188,19,446.0,0.2545882959483556,9,164.0,0.38058594032998644,28,610.0
5480.0,31,555.0,8.283582089552239,4.339472926733244,22,539.0,0.2407795998220596,9,174.0,0.33762384734593653,31,713.0
5485.0,32,605.0,9.029850746268657,4.742258589484693,21,567.0,0.18234161458214157,11,195.0,0.43284065951877365,32,762.0
5490.0,28,555.0,8.161764705882353,4.884460627235676,16,521.0,0.19980089001313678,12,248.0,0.34587926535703983,28,769.0
5495.0,27,627.0,9.35820895522388,5.423374251604207,12,481.0,0.28038629661585485,15,316.0,0.2137623426499293,27,797.0
5500.0,26,648.0,9.96923076923077,4.504265736999316,13,502.0,0.2044932575292224,13,349.0,0.15050013085693048,26,851.0
5505.0,31,728.0,11.2,4.186241272609654,18,546.0,0.1921321384235945,13,363.0,0.20770509669022233,31,909.0
5510.0,32,757.0,11.646153846153846,4.805728524860552,21,627.0,0.2507508277577796,11,334.0,0.37286385342188505,32,961.0
5515.0,29,831.0,13.19047619047619,5.180277148222443,21,727.0,0.2601165380664189,8,279.0,0.4822959017589879,29,1006.0
5520.0,28,528.0,7.880597014925373,4.628832253425299,21,689.0,0.2716655118403352,7,181.0,0.38954017745888125,28,870.0
5525.0,30,379.0,5.414285714285715,4.228839434282344,21,606.0,0.21801819110435816,9,127.0,0.32937801851023724,30,733.0
5530.0,31,362.0,5.098591549295775,4.089376032519132,23,628.0,0.2228850112070123,8,134.0,0.2835241172517874,31,762.0
5535.0,29,287.0,4.042253521126761,4.698715781818501,20,570.0,0.19684138552144595,9,163.0,0.28319775290888205,29,733.0
5540.0,29,364.0,5.126760563380282,4.716868795813168,18,566.0,0.20486087947886822,11,213.0,0.1847190243421859,29,779.0
5545.0,26,336.0,4.666666666666667,4.826112592411099,18,597.0,0.19790674982756165,8,203.0,0.1513090855345766,26,800.0
5550.0,31,457.0,6.6231884057971016,5.096296240709361,23,647.0,0.1622866728809758,8,218.0,0.38313892471551225,31,865.0
5555.0,27,361.0,5.3088235294117645,4.8681979548321515,24,704.0,0.11567226902667735,3,153.0,0.4934680960607935,27,857.0
5560.0,31,444.0,6.7272727272727275,5.609684884730207,26,731.0,0.19414479981045588,5,117.0,0.5930441352041674,31,848.0
5565.0,32,454.0,6.776119402985074,4.942883426143105,28,757.0,0.21085985441336236,4,85.0,0.5618407521320308,32,842.0
5570.0,28,440.0,6.666666666666667,4.663292722111968,24,756.0,0.22064418163835328,4,33.0,0.4983221992021668,28,789.0
5575.0,33,479.0,6.8428571428571425,3.6657989066685217,28,778.0,0.18385243778828766,5,55.0,0.40633936324950537,33,833.0
5580.0,34,367.0,5.169014084507042,4.350448432456647,25,731.0,0.17324136958626019,9,86.0,0.4175877133341691,34,817.0
5585.0,30,384.0,5.1891891891891895,4.499168842406284,20,684.0,0.14828927637073422,10,133.0,0.312544604201066,30,817.0
5590.0,24,417.0,5.635135135135135,4.916621514127638,16,671.0,0.19758714466314597,8,154.0,0.27379506647329377,24,825.0
5595.0,25,457.0,6.260273972602739,5.2459108985890275,18,652.0,0.20618638755079116,7,166.0,0.418200690762333,25,818.0
5600.0,27,363.0,5.260869565217392,4.176611662761099,22,669.0,0.15491750903236529,5,135.0,0.4226921174661766,27,804.0
5605.0,36,438.0,6.4411764705882355,4.381059612214095,28,713.0,0.15532866103568627,8,136.0,0.4610342153696953,36,849.0
5610.0,36,467.0,6.867647058823529,3.861774616958572,28,756.0,0.12194276300163966,8,158.0,0.45266339529310007,36,914.0
5615.0,44,673.0,9.897058823529411,3.5708169986750455,35,866.0,0.09515026476565198,9,206.0,0.41257376802805884,44,1072.0
5620.0,48,791.0,11.632352941176471,2.458192292897272,35,924.0,0.06728756835123327,13,262.0,0.30293484621593614,48,1186.0
5625.0,38,742.0,10.6,3.638626696041089,25,859.0,0.16263107714298203,13,327.0,0.21400215601321726,38,1186.0
5630.0,32,726.0,10.521739130434783,4.336183112903852,18,791.0,0.18151660793950603,14,391.0,0.20333989581415635,32,1182.0
5635.0,27,735.0,10.970149253731343,5.221003146927331,13,721.0,0.2538103012523322,14,461.0,0.16142018439128014,27,1182.0
5640.0,23,718.0,12.169491525423728,4.487615019610976,12,616.0,0.2713232235241041,11,480.0,0.03872296060945133,23,1096.0
5645.0,25,791.0,13.183333333333334,4.519438765782221,13,604.0,0.20582196745254872,12,515.0,0.14470651816568075,25,1119.0
5650.0,27,589.0,9.816666666666666,3.677937056717874,17,633.0,0.20104650997471699,10,403.0,0.2685816295709812,27,1036.0
5655.0,29,663.0,10.693548387096774,5.01443020267341,23,728.0,0.24853284145401594,6,275.0,0.5063982539232647,29,1003.0
5660.0,26,464.0,7.138461538461539,5.248960562079148,22,712.0,0.26341612110741497,4,183.0,0.5632493138712563,26,895.0
5665.0,30,349.0,5.057971014492754,5.084975085977728,23,686.0,0.22576953513546358,7,92.0,0.5145578033207996,30,778.0
5670.0,34,424.0,6.144927536231884,3.523536026591054,25,771.0,0.1733379687635363,9,98.0,0.35390467311191576,34,869.0
5675.0,39,588.0,8.054794520547945,3.8839737496474815,30,875.0,0.13951080661301646,9,138.0,0.3840384779676929,39,1013.0
5680.0,46,794.0,10.876712328767123,3.429535673122573,33,1035.0,0.12863508645634927,13,140.0,0.3606033252303412,46,1175.0
5685.0,53,1046.0,14.32876712328767,2.9101528160621815,38,1222.0,0.09968262488203189,15,210.0,0.2644969914354592,53,1432.0
5690.0,58,1298.0,17.54054054054054,1.5395695220883776,42,1417.0,0.03584814354717474,16,271.0,0.12703420165850315,58,1688.0
5695.0,60,1523.0,20.863013698630137,1.4723174853525107,41,1515.0,0.08453766464656083,19,355.0,0.06700307668537682,60,1870.0
5700.0,54,1564.0,20.31168831168831,2.025079832572222,38,1629.0,0.08589335677191073,16,365.0,0.15160904898893965,54,1994.0
5705.0,42,1372.0,17.818181818181817,3.610106384579,36,1646.0,0.11169919747092086,6,277.0,0.35591647500444157,42,1923.0
5710.0,36,993.0,12.73076923076923,4.81635221300851,29,1472.0,0.12098508003135532,7,219.0,0.394761567769093,36,1691.0
5715.0,34,761.0,9.632911392405063,5.224735396294918,26,1295.0,0.13010475970666727,8,212.0,0.3349234801207914,34,1507.0
5720.0,28,565.0,7.243589743589744,5.921577903211792,18,1083.0,0.19617694777016292,10,255.0,0.2640774062484294,28,1338.0
5725.0,25,590.0,8.194444444444445,6.349173859379842,13,945.0,0.30833126763782437,12,306.0,0.17570907895072807,25,1251.0
5730.0,26,715.0,11.171875,5.398109125104957,13,815.0,0.32775243268839555,13,366.0,0.09345525845773055,26,1181.0
5735.0,30,858.0,13.838709677419354,5.034957947364754,15,683.0,0.27300786865938353,15,438.0,0.1299108213564696,30,1121.0
5740.0,25,647.0,10.60655737704918,4.5597929729855915,14,653.0,0.15722771323477472,11,372.0,0.24333223584267086,25,1025.0
5745.0,29,741.0,12.775862068965518,5.188228037825985,19,703.0,0.2111047315372781,10,300.0,0.3975162013697623,29,1003.0
5750.0,29,672.0,11.2,4.831140437150514,21,738.0,0.2632672189218848,8,256.0,0.4075883945329784,29,994.0
5755.0,25,580.0,9.830508474576272,4.60906982064549,17,766.0,0.24890878120520127,8,189.0,0.4051770448319427,25,955.0
5760.0,27,626.0,9.936507936507937,4.2028664438570145,16,748.0,0.2227704501932592,11,237.0,0.344703572118039,27,985.0
5765.0,23,636.0,9.217391304347826,4.848143921653792,11,646.0,0.21070818551064582,12,289.0,0.3295178552555617,23,935.0
5770.0,25,331.0,4.728571428571429,4.925109787911274,14,546.0,0.23358211894359315,11,232.0,0.32009802435244,25,778.0
5775.0,27,278.0,3.808219178082192,5.734545502544625,18,463.0,0.19582314497121386,9,171.0,0.43324781624253683,27,634.0
5780.0,35,354.0,4.783783783783784,4.891804046458889,24,483.0,0.21976313223608668,11,194.0,0.3172867700633449,35,677.0
5785.0,32,424.0,5.971830985915493,4.682394802861446,19,516.0,0.24928075083333417,13,239.0,0.2853723408069331,32,755.0
5790.0,34,414.0,5.914285714285715,3.798211373744412,18,488.0,0.21061819396064874,16,274.0,0.2711678676241347,34,762.0
5795.0,23,404.0,5.855072463768116,4.312955333105321,10,456.0,0.18366687436792717,13,310.0,0.2780911753346398,23,766.0
5800.0,30,539.0,7.591549295774648,5.0595186298445025,15,450.0,0.22396360714759703,15,383.0,0.22640865692787138,30,833.0
5805.0,31,564.0,7.52,5.070774737138102,17,447.0,0.16956139791659736,14,392.0,0.1960057204496137,31,839.0
5810.0,38,699.0,9.845070422535212,4.910802225464591,24,517.0,0.2022241267098014,14,411.0,0.2610994605555962,38,928.0
5815.0,33,485.0,7.2388059701492535,4.27269704090661,21,523.0,0.2478496115552029,12,342.0,0.2346978574466494,33,865.0
5820.0,31,483.0,7.0,4.451150657897112,25,596.0,0.18213852438362765,6,196.0,0.34451221828236567,31,792.0
5825.0,35,532.0,7.388888888888889,4.145651006999142,26,678.0,0.1920421818948381,9,199.0,0.38731331965523735,35,877.0
5830.0,26,561.0,7.581081081081081,5.5528556798976485,18,706.0,0.24408565176464833,8,220.0,0.42689151297032146,26,926.0
5835.0,27,695.0,9.391891891891891,5.552034308543339,18,741.0,0.23260943962310096,9,252.0,0.33075958773846764,27,993.0
5840.0,34,788.0,10.102564102564102,4.51852076831451,24,804.0,0.09709965232704126,10,295.0,0.23249204133651888,34,1099.0
5845.0,40,944.0,12.586666666666666,4.925165821618337,27,877.0,0.15783646172469895,13,359.0,0.3301209680384747,40,1236.0
5850.0,37,1001.0,13.902777777777779,4.296506812082482,27,980.0,0.18383418289702327,10,316.0,0.3621948196448035,37,1296.0
5855.0,39,1156.0,15.835616438356164,4.54334302204955,27,1099.0,0.21617700379364943,12,261.0,0.37456012671097877,39,1360.0
5860.0,41,1112.0,15.444444444444445,3.6655958368485884,31,1141.0,0.19454704942269113,10,193.0,0.3005866972016498,41,1334.0
5865.0,42,936.0,12.48,3.605571999604382,29,1190.0,0.17696650707200945,13,179.0,0.28425960979092246,42,1369.0
5870.0,41,667.0,8.662337662337663,3.0547471646377375,27,1265.0,0.1813567211779544,14,192.0,0.19134783557518173,41,1457.0
5875.0,29,342.0,4.329113924050633,3.679699626808606,21,1255.0,0.15474439036801607,8,170.0,0.2121806441119192,29,1425.0
5880.0,22,191.0,2.448717948717949,4.154721756519992,17,1293.0,0.13127480895507043,5,153.0,0.31686133374099773,22,1446.0
5885.0,39,306.0,3.825,3.9796732592496107,27,1385.0,0.08504289181813283,12,148.0,0.29687173217478663,39,1533.0
5890.0,46,460.0,5.897435897435898,3.312343022249587,31,1409.0,0.10172483743724907,15,207.0,0.26208262340819816,46,1616.0
5895.0,48,617.0,7.910256410256411,3.0255980805675065,30,1351.0,0.1394083308229361,18,295.0,0.19882591365685107,48,1646.0
5900.0,44,618.0,7.923076923076923,2.554660447969141,27,1405.0,0.1223017550199331,17,337.0,0.24176833846798926,44,1742.0
5905.0,31,437.0,5.395061728395062,3.6918147486904815,19,1386.0,0.15249539294693756,12,320.0,0.25985344154677886,31,1706.0
5910.0,23,468.0,5.7073170731707314,5.296715476763336,15,1373.0,0.2286014284567744,8,299.0,0.3224824816817922,23,1672.0
5915.0,27,313.0,3.7710843373493974,5.185282675263671,17,1318.0,0.23052430603172136,10,247.0,0.2116944378101747,27,1565.0
5920.0,34,293.0,3.7564102564102564,4.388732059510415,20,1317.0,0.12328120597007107,14,237.0,0.2868664989965478,34,1554.0
5925.0,40,360.0,5.0,3.9890199629116307,27,1275.0,0.10192170589374948,13,222.0,0.3152674097175131,40,1497.0
5930.0,41,462.0,6.794117647058823,3.19617808878012,24,1172.0,0.1525910947136233,17,288.0,0.20373777651050717,41,1460.0
5935.0,44,603.0,8.614285714285714,2.6377206045131207,22,1062.0,0.13052672050130232,22,388.0,0.1540005724977708,44,1450.0
5940.0,37,562.0,7.698630136986301,2.9303298512353817,18,1095.0,0.16123985148668404,19,429.0,0.22562390615099906,37,1524.0
5945.0,22,356.0,5.014084507042254,4.371076722156948,9,1054.0,0.23774012336122616,13,391.0,0.2674373718896077,22,1445.0
5950.0,22,416.0,5.698630136986301,5.4889500563468,11,1047.0,0.25052963097418535,11,360.0,0.29184358425117296,22,1407.0
5955.0,29,535.0,7.22972972972973,5.525012156490094,15,1089.0,0.15302270985292246,14,370.0,0.2866249877659204,29,1459.0
5960.0,31,449.0,6.507246376811594,4.678332522529012,18,1089.0,0.112700712815718,13,370.0,0.23217091512620874,31,1459.0
5965.0,32,443.0,6.921875,4.8762552296334585,22,1148.0,0.16494921131592974,10,332.0,0.28244842640923845,32,1480.0
5970.0,35,553.0,8.378787878787879,4.603563532962683,22,1121.0,0.19854555120215917,13,365.0,0.2884327686336562,35,1486.0
5975.0,32,573.0,9.241935483870968,3.9539181487358097,18,1091.0,0.23237674943230072,14,427.0,0.3081102609670222,32,1518.0
5980.0,33,635.0,9.621212121212121,3.9091830877114133,16,941.0,0.21813061123201868,17,507.0,0.32052510239588805,33,1448.0
5985.0,35,693.0,10.191176470588236,3.9033263793496977,14,815.0,0.26096011973424676,21,608.0,0.28992378555907206,35,1423.0
5990.0,35,648.0,9.0,3.2591676481619505,12,816.0,0.2263986517162736,23,667.0,0.2233204942184389,35,1483.0
5995.0,27,619.0,8.71830985915493,3.5565729936882926,9,781.0,0.19681153112785224,18,681.0,0.19853886166896795,27,1462.0
6000.0,35,428.0,6.028169014084507,3.4340292082826074,15,741.0,0.11196836152216619,20,642.0,0.15506180114529244,35,1383.0
6005.0,42,507.0,6.76,4.157378210391083,20,795.0,0.1626848583307993,22,554.0,0.17447715346350445,42,1349.0
6010.0,44,648.0,8.526315789473685,3.714077665428104,21,788.0,0.2158274294793743,23,652.0,0.14772580251753337,44,1440.0
6015.0,40,740.0,10.0,3.9413005588740706,16,686.0,0.3048969329873456,24,744.0,0.18055568559594934,40,1430.0
6020.0,38,723.0,9.64,3.0378347912458765,13,692.0,0.2546567601465256,25,797.0,0.1590398498190866,38,1489.0
6025.0,33,694.0,9.506849315068493,4.064754800233579,13,637.0,0.23134954064563334,20,794.0,0.23804924134155225,33,1431.0
6030.0,29,593.0,8.123287671232877,4.006655853143206,12,597.0,0.170901014358185,17,772.0,0.19352108628876313,29,1369.0
6035.0,34,449.0,5.986666666666666,4.672024866180037,15,616.0,0.25814356205681704,19,687.0,0.1711185781670691,34,1303.0
6040.0,36,474.0,6.583333333333333,4.604190135925963,15,676.0,0.2944372907138423,21,670.0,0.24449404365636362,36,1346.0
6045.0,32,486.0,7.043478260869565,3.923632032009354,12,632.0,0.33838984701221037,20,693.0,0.2111202234774955,32,1325.0
6050.0,37,523.0,7.4714285714285715,3.1412335051360083,12,499.0,0.3425560471116063,25,737.0,0.0936083098773246,37,1236.0
6055.0,37,547.0,7.597222222222222,3.6401580716200908,9,525.0,0.3781082440214911,28,782.0,0.11067370967595444,37,1307.0
6060.0,33,518.0,7.0,4.223927387713368,12,560.0,0.2927609185457539,21,765.0,0.14972159239713492,33,1325.0
6065.0,31,551.0,7.445945945945946,4.1249993133830305,17,620.0,0.13649740921398817,14,770.0,0.21850842782168675,31,1390.0
6070.0,38,655.0,8.85135135135135,3.934112958439136,21,713.0,0.18295779395568568,17,710.0,0.20078818826828826,38,1423.0
6075.0,42,611.0,8.48611111111111,3.076021516967293,17,690.0,0.26481472305355475,25,779.0,0.15218009865745252,42,1469.0
6080.0,42,733.0,10.04109589041096,3.7074311062707714,14,615.0,0.33242116536262584,28,906.0,0.16285002892422298,42,1521.0
6085.0,44,722.0,9.256410256410257,3.6423187287694563,17,573.0,0.18906332523899086,27,939.0,0.2297747743178061,44,1512.0
6090.0,41,650.0,8.024691358024691,4.09659989093566,17,464.0,0.2311999157728051,24,927.0,0.24070080196785187,41,1391.0
6095.0,42,636.0,8.050632911392405,3.293263737930918,17,491.0,0.2158671694271482,25,951.0,0.20486450365885145,42,1442.0
6100.0,37,443.0,5.402439024390244,3.6909804681596787,13,452.0,0.2291016294518315,24,868.0,0.1452123158607127,37,1320.0
6105.0,37,483.0,5.962962962962963,4.7697027293008745,15,475.0,0.22376451764017738,22,817.0,0.20115387626139714,37,1292.0
6110.0,29,431.0,5.130952380952381,4.738517442874862,13,481.0,0.13869765594417308,16,718.0,0.24595623964632646,29,1199.0
6115.0,35,469.0,5.650602409638554,5.105680506665203,15,481.0,0.2503289380042837,20,649.0,0.23036633905418405,35,1130.0
6120.0,37,431.0,5.5256410256410255,4.034848974045837,13,452.0,0.2701995752330533,24,707.0,0.15937615294178598,37,1159.0
6125.0,42,563.0,7.407894736842105,3.841044604341713,12,417.0,0.3584122050304301,30,793.0,0.1359904392889875,42,1210.0
6130.0,46,631.0,7.987341772151899,3.484243479086733,14,364.0,0.35434331450408824,32,844.0,0.1120067021070838,46,1208.0
6135.0,43,644.0,8.05,4.033145308241682,14,262.0,0.392550861934718,29,916.0,0.1372461368532216,43,1178.0
6140.0,44,601.0,7.419753086419753,2.7938289625210007,16,264.0,0.26413760902875105,28,936.0,0.10381104264401889,44,1200.0
6145.0,37,435.0,5.37037037037037,3.2774594959451075,11,217.0,0.26106087998425465,26,861.0,0.09099969306224354,37,1078.0
6150.0,31,418.0,5.097560975609756,5.004387662685108,11,228.0,0.2964779127013749,20,816.0,0.22482586491806172,31,1044.0
6155.0,24,333.0,4.269230769230769,5.6271226080435115,12,206.0,0.23803100649463707,12,708.0,0.3057337398048887,24,914.0
6160.0,30,332.0,4.311688311688312,4.4922990214735234,15,211.0,0.1850326793537478,15,689.0,0.24181176310566618,30,900.0
6165.0,39,383.0,5.0394736842105265,3.6054237587297093,18,244.0,0.21115169653755503,21,687.0,0.16903916241414227,39,931.0
6170.0,41,439.0,5.8533333333333335,3.724830040159703,18,293.0,0.27019920080820325,23,688.0,0.17519966390070305,41,981.0
6175.0,36,429.0,5.876712328767123,2.8937694739383746,17,335.0,0.21680480980916747,19,713.0,0.15859444653597904,36,1048.0
6180.0,27,347.0,4.6891891891891895,4.338031106996895,12,331.0,0.2531647558591736,15,646.0,0.2082693514993711,27,977.0
6185.0,26,427.0,5.930555555555555,5.034184335497809,10,328.0,0.20973962279972594,16,607.0,0.190068362313544,26,935.0
6190.0,34,462.0,6.243243243243243,4.3065594316801326,16,353.0,0.07738612460079708,18,637.0,0.14606894012046254,34,990.0
6195.0,40,590.0,8.309859154929578,3.8519438294428245,17,382.0,0.18542306035846082,23,681.0,0.14343170896190688,40,1063.0
6200.0,40,687.0,10.409090909090908,3.528836421387126,16,428.0,0.24148170468596422,24,755.0,0.20372522041023924,40,1183.0
6205.0,44,896.0,13.575757575757576,3.5395279755713034,19,499.0,0.23423132108257114,25,871.0,0.2000765918068457,44,1370.0
6210.0,41,956.0,14.058823529411764,2.5191313240964046,16,536.0,0.1913481201562896,25,924.0,0.10300669113589427,41,1460.0
6215.0,32,893.0,12.757142857142858,4.295266061617828,12,515.0,0.27526851611055303,20,900.0,0.12899090881151082,32,1415.0
6220.0,32,707.0,10.246376811594203,3.7020617711435597,12,398.0,0.1080865232186281,20,993.0,0.11624065732129153,32,1391.0
6225.0,44,785.0,10.902777777777779,3.6559137188997064,15,238.0,0.12694842325816189,29,1117.0,0.09201601477597188,44,1355.0
6230.0,40,788.0,11.098591549295774,3.8057510751708916,12,281.0,0.21789108658709772,28,1103.0,0.16326907722050424,40,1384.0
6235.0,37,681.0,10.014705882352942,4.035952183036265,13,331.0,0.28436766509819933,24,1078.0,0.1887648121011715,37,1409.0
6240.0,33,510.0,7.285714285714286,3.7253049753306464,12,317.0,0.28911220546086186,21,1105.0,0.17560131210200774,33,1422.0
6245.0,21,323.0,4.549295774647887,4.466806914974604,9,265.0,0.2495471188666402,12,1027.0,0.19076407589734773,21,1292.0
6250.0,28,404.0,5.534246575342466,4.699773663558894,14,305.0,0.18138099579108197,14,949.0,0.18245019757171987,28,1254.0
6255.0,26,327.0,4.541666666666667,5.25377754014235,10,262.0,0.24838463104625552,16,955.0,0.21268379763951425,26,1217.0
6260.0,33,394.0,5.472222222222222,5.339961484069319,7,162.0,0.39534608909543667,26,1069.0,0.14423057436969527,33,1231.0
6265.0,38,574.0,8.318840579710145,5.033118091836226,9,182.0,0.4871889170895181,29,1210.0,0.1530166004706718,38,1392.0
6270.0,38,676.0,9.657142857142857,4.230424651373407,10,225.0,0.42258055599137484,28,1289.0,0.16155729103702368,38,1514.0
6275.0,44,887.0,13.044117647058824,3.4991715276427633,14,296.0,0.3847650444401464,30,1415.0,0.15950559396202044,44,1711.0
6280.0,47,984.0,14.057142857142857,2.1408193605275008,17,343.0,0.18692119165859744,30,1418.0,0.12539460555421714,47,1761.0
6285.0,50,1022.0,14.0,2.219449471358664,20,406.0,0.18752821991992,30,1329.0,0.12913184977806325,50,1735.0
6290.0,45,882.0,11.454545454545455,2.6421821787110398,19,467.0,0.2561358312804746,26,1366.0,0.13085379671372488,45,1833.0
6295.0,30,617.0,7.7125,3.914967037818149,14,492.0,0.30884469217783206,16,1292.0,0.12818311857634898,30,1784.0
6300.0,33,659.0,8.036585365853659,4.85846092245655,18,552.0,0.2616047656794654,15,1230.0,0.1908396853365417,33,1782.0
6305.0,33,515.0,6.0588235294117645,5.095477883193456,19,494.0,0.2276173019576807,14,1250.0,0.20439788194429154,33,1744.0
6310.0,34,377.0,4.542168674698795,4.833163191619006,12,346.0,0.36595505967043945,22,1340.0,0.10587684803057101,34,1686.0
6315.0,41,407.0,5.0875,4.0456540748812255,13,339.0,0.277687642902523,28,1397.0,0.19602072152331004,41,1736.0
6320.0,45,569.0,7.0246913580246915,3.51990826810192,17,381.0,0.1915486611855766,28,1540.0,0.2013033871353037,45,1921.0
6325.0,46,653.0,8.061728395061728,3.1590437503464512,15,418.0,0.1855687180786334,31,1541.0,0.1848741397208162,46,1959.0
6330.0,46,713.0,9.025316455696203,2.9200158834626295,16,465.0,0.19104341085306617,30,1425.0,0.10237768894647986,46,1890.0
6335.0,47,697.0,9.051948051948052,2.6402344042449495,21,558.0,0.16919944940621257,26,1464.0,0.08765509282008824,47,2022.0
6340.0,39,567.0,6.914634146341464,3.677193545184597,23,667.0,0.11493730608261993,16,1377.0,0.17394281110834384,39,2044.0
6345.0,30,478.0,5.975,4.2495525375131775,21,636.0,0.16662719407183155,9,1355.0,0.24548951133315297,30,1991.0
6350.0,35,486.0,6.230769230769231,4.44340050322224,16,507.0,0.2176067922092977,19,1430.0,0.20730966494856717,35,1937.0
6355.0,40,498.0,6.821917808219178,3.1103060827622153,16,470.0,0.19993515152705923,24,1392.0,0.12650139821480655,40,1862.0
6360.0,47,592.0,8.0,2.8670651282149815,20,482.0,0.17182413019070913,27,1259.0,0.1140261421170632,47,1741.0
6365.0,45,743.0,9.906666666666666,3.0667900752845103,21,563.0,0.2039248746975632,24,1277.0,0.15589361714329913,45,1840.0
6370.0,40,790.0,10.25974025974026,3.5502466161364823,18,625.0,0.297919846203364,22,1176.0,0.17020481411547844,40,1801.0
6375.0,33,739.0,9.354430379746836,4.1475877754624735,15,674.0,0.2869577065418535,18,1087.0,0.1883637515518493,33,1761.0
6380.0,32,776.0,9.948717948717949,4.674097684719415,18,737.0,0.2544836114010177,14,1017.0,0.2350451020868445,32,1754.0
6385.0,34,811.0,10.397435897435898,4.6785337629627355,18,689.0,0.12528923774098988,16,1022.0,0.27860249320930947,34,1711.0
6390.0,39,967.0,12.723684210526315,3.6612522463069275,17,691.0,0.14162809046074176,22,1118.0,0.19930757226999718,39,1809.0
6395.0,44,1093.0,14.573333333333334,3.766940377972838,19,757.0,0.19299468330070607,25,1100.0,0.20390017652749073,44,1857.0
6400.0,47,1234.0,16.453333333333333,3.481096676836256,19,855.0,0.22841545765521118,28,993.0,0.13074223775670676,47,1848.0
6405.0,41,1266.0,16.441558441558442,3.199865504301194,17,901.0,0.21152143151542305,24,1033.0,0.13911439948000484,41,1934.0
6410.0,36,1249.0,16.22077922077922,3.6187581193830347,17,943.0,0.2580592730100564,19,1012.0,0.11459059629999725,36,1955.0
6415.0,35,1342.0,16.775,5.299112133257306,18,1000.0,0.2585788054809533,17,957.0,0.23144459682249696,35,1957.0
6420.0,34,1402.0,17.525,5.28580684861002,18,1038.0,0.15796344521339084,16,991.0,0.26278572588979904,34,2029.0
6425.0,41,1569.0,20.376623376623378,4.46305232394422,21,1123.0,0.1883482772054263,20,1052.0,0.26260714539401875,41,2175.0
6430.0,39,1146.0,15.078947368421053,4.150339954809934,16,1027.0,0.24618495797110748,23,978.0,0.2585913790955696,39,2005.0
6435.0,36,778.0,10.236842105263158,4.596514671444772,13,850.0,0.3649300272705023,23,916.0,0.21133117670396134,36,1766.0
6440.0,42,644.0,8.05,3.9623837501637,11,694.0,0.30498144788196085,31,1058.0,0.192000563168224,42,1752.0
6445.0,43,741.0,8.717647058823529,4.247711391186957,13,445.0,0.26033883927861146,30,1177.0,0.2675578470329427,43,1622.0
6450.0,45,878.0,10.452380952380953,3.698727991230575,12,439.0,0.3231833565782125,33,1314.0,0.22048097866794666,45,1753.0
6455.0,51,956.0,10.741573033707866,3.2673768142100714,14,480.0,0.28064348511649295,37,1303.0,0.17214110101044625,51,1783.0
6460.0,52,877.0,9.637362637362637,3.409042935787942,17,494.0,0.2911956565733572,35,1213.0,0.16177945996979048,52,1707.0
6465.0,48,780.0,8.297872340425531,3.5497969361165276,13,489.0,0.3286012824943603,35,1262.0,0.1264811716938541,48,1751.0
6470.0,43,602.0,6.206185567010309,4.1123863709803326,15,526.0,0.256846562650383,28,1177.0,0.15031858564669828,43,1703.0
6475.0,41,593.0,6.11340206185567,4.900980028053722,15,594.0,0.248402388856426,26,1104.0,0.17796467420832765,41,1698.0
6480.0,40,555.0,5.721649484536083,4.724960865327893,14,526.0,0.23496616715287524,26,1203.0,0.1672955408171332,40,1729.0
6485.0,42,570.0,6.0638297872340425,4.536811071125876,11,433.0,0.26311505204260294,31,1302.0,0.1950727862438939,42,1735.0
6490.0,45,556.0,6.390804597701149,3.096912396039165,11,399.0,0.2439425386924735,34,1420.0,0.16003824335671896,45,1819.0
6495.0,55,729.0,8.379310344827585,3.1896265925327665,13,350.0,0.3018977365827255,42,1566.0,0.14830638290196993,55,1916.0
6500.0,57,807.0,9.067415730337078,2.9754794669079176,13,346.0,0.33431934371864463,44,1613.0,0.12784082797008503,57,1959.0
6505.0,56,854.0,9.282608695652174,3.079973251454132,12,382.0,0.3024029551027525,44,1519.0,0.10285021164037396,56,1901.0
6510.0,55,810.0,8.617021276595745,2.5737623720552154,14,397.0,0.1803407820934036,41,1579.0,0.12921037038603667,55,1976.0
6515.0,43,661.0,7.10752688172043,3.7575497959937025,10,403.0,0.28471727182389317,33,1499.0,0.14499902473178003,43,1902.0
6520.0,43,663.0,7.053191489361702,4.244855488544047,12,438.0,0.25939670777217444,31,1425.0,0.16181607359175199,43,1863.0
6525.0,40,676.0,7.268817204301075,4.9153268561975105,13,486.0,0.2580831094329085,27,1327.0,0.18340918332086034,40,1813.0
6530.0,36,624.0,6.933333333333334,4.996845154478012,10,426.0,0.3886997721835341,26,1391.0,0.16859604848796492,36,1817.0
6535.0,37,547.0,6.3604651162790695,4.824980577878778,8,268.0,0.5115557388483226,29,1437.0,0.1242968132892129,37,1705.0
6540.0,45,654.0,7.879518072289157,3.505855998415045,11,299.0,0.3444759659079294,34,1505.0,0.1073636107621736,45,1804.0
6545.0,53,793.0,9.670731707317072,2.922582301341158,14,359.0,0.31678777402282854,39,1522.0,0.039512613193050626,53,1881.0
6550.0,47,631.0,7.8875,2.8879200518078703,12,357.0,0.3417414473273634,35,1597.0,0.05257721482887459,47,1954.0
6555.0,42,675.0,8.333333333333334,3.6044935292966933,11,348.0,0.34664340569038926,31,1610.0,0.12466745655719791,42,1958.0
6560.0,46,784.0,9.116279069767442,3.790069972304945,15,406.0,0.2734524747964034,31,1625.0,0.18410720238449702,46,2031.0
6565.0,39,690.0,8.313253012048193,4.097375739022981,13,457.0,0.2670660163321269,26,1521.0,0.2066066666145271,39,1978.0
6570.0,36,693.0,8.349397590361447,4.313399556676545,11,490.0,0.22409707442850574,25,1442.0,0.18279351898196103,36,1932.0
6575.0,37,846.0,10.317073170731707,4.738407067911026,13,542.0,0.23353100700244822,24,1329.0,0.18368623146453442,37,1871.0
6580.0,39,885.0,10.925925925925926,4.650910488101203,13,496.0,0.20393924131421287,26,1382.0,0.15021440031010988,39,1878.0
6585.0,38,850.0,10.625,4.165907213238443,11,445.0,0.27293990370434135,27,1383.0,0.15601494330966556,38,1828.0
6590.0,43,840.0,10.632911392405063,3.6965921872780356,11,351.0,0.30976559867211206,32,1429.0,0.18366895956896453,43,1780.0
6595.0,44,824.0,10.430379746835444,3.78778791495743,10,257.0,0.47821065167856996,34,1538.0,0.1350792258791589,44,1795.0
6600.0,50,1001.0,12.358024691358025,3.104165433864969,9,270.0,0.42072899328811186,41,1677.0,0.07333245849617863,50,1947.0
6605.0,49,1147.0,14.160493827160494,3.3330145904459814,11,295.0,0.36491505998063184,38,1751.0,0.07259019047834568,49,2046.0
6610.0,46,1165.0,14.382716049382717,3.555851846267017,14,353.0,0.21100061794339275,32,1719.0,0.08563284436271759,46,2072.0
6615.0,42,1258.0,15.725,4.19271421296495,16,421.0,0.11760030494181029,26,1739.0,0.10931041930661603,42,2160.0
6620.0,34,1156.0,15.012987012987013,4.275120455781219,12,412.0,0.17033184028764425,22,1663.0,0.13786002576372666,34,2075.0
6625.0,34,951.0,12.513157894736842,4.390084811695172,12,388.0,0.25547708094631894,22,1433.0,0.11529771629316111,34,1821.0
6630.0,33,706.0,10.231884057971014,3.5375877891281795,9,343.0,0.2653809695982978,24,1535.0,0.1494573358501524,33,1878.0
6635.0,35,599.0,8.557142857142857,4.008201007333945,9,286.0,0.3857041793484046,26,1659.0,0.1402167973182012,35,1945.0
6640.0,37,716.0,10.084507042253522,3.6141075160913316,12,339.0,0.3102699853339199,25,1651.0,0.16594665881768456,37,1990.0
6645.0,41,874.0,12.13888888888889,2.907098296421932,15,408.0,0.28665444139754764,26,1520.0,0.11691851998689175,41,1928.0
6650.0,44,1066.0,15.014084507042254,2.1101489904851634,17,486.0,0.2197550227147145,27,1531.0,0.10562279616194058,44,2017.0
6655.0,46,1286.0,17.14666666666667,2.400255414267126,19,575.0,0.2563883496792384,27,1458.0,0.11048129005273517,46,2033.0
6660.0,49,1517.0,19.20253164556962,2.649885194927331,21,675.0,0.2551003336728611,28,1432.0,0.13505954705657572,49,2107.0
6665.0,45,1244.0,14.80952380952381,2.727103301765596,19,589.0,0.23735601920695804,26,1431.0,0.13864225058766255,45,2020.0
6670.0,38,825.0,9.482758620689655,4.131277186075704,18,443.0,0.2467404098465091,20,1296.0,0.254838591120684,38,1739.0
6675.0,37,640.0,7.2727272727272725,4.412396259684258,21,452.0,0.19888732030824788,16,1106.0,0.32503441925241067,37,1558.0
6680.0,32,619.0,6.955056179775281,4.50821577294262,13,415.0,0.2625110381942161,19,976.0,0.20832917872828097,32,1391.0
6685.0,36,676.0,7.681818181818182,4.455718323476571,12,434.0,0.27863697447775004,24,955.0,0.1793651912408097,36,1389.0
6690.0,40,746.0,8.477272727272727,3.6993550144605196,15,480.0,0.2543519022617663,25,919.0,0.12056813764978547,40,1399.0
6695.0,40,797.0,9.056818181818182,3.8959153467791356,17,452.0,0.26774466224829757,23,964.0,0.1742867273686401,40,1416.0
6700.0,39,882.0,10.022727272727273,4.296556695589465,22,492.0,0.2213178426350062,17,957.0,0.26782679586409586,39,1449.0
6705.0,41,997.0,11.459770114942529,4.281981412065039,23,524.0,0.1508055483544966,18,1009.0,0.29569297191247995,41,1533.0
6710.0,41,1084.0,12.179775280898877,4.351567033985577,17,490.0,0.13352507956415105,24,1093.0,0.2414852237256794,41,1583.0
6715.0,43,1193.0,13.556818181818182,4.090941435538557,18,508.0,0.13680700540275675,25,1128.0,0.19914543985188737,43,1636.0
6720.0,42,1247.0,14.5,4.283914303511806,17,551.0,0.19184126560463952,25,1122.0,0.1946021656902666,42,1673.0
6725.0,38,907.0,10.670588235294117,3.7724387581952903,16,479.0,0.24209230156205938,22,1096.0,0.19920907244834557,38,1575.0
6730.0,36,840.0,10.120481927710843,4.470139714977046,15,399.0,0.2862714304759677,21,1075.0,0.25320959311138597,36,1474.0
6735.0,45,1006.0,12.120481927710843,3.5462401650526707,19,460.0,0.2282248837485889,26,1132.0,0.2109990468385501,45,1592.0
6740.0,47,1174.0,13.976190476190476,2.6517889549337332,21,521.0,0.16830128840582495,26,1173.0,0.12408037100286508,47,1694.0
6745.0,47,1175.0,13.823529411764707,2.4215654864735603,22,525.0,0.17435401593653965,25,1239.0,0.13133971363297764,47,1764.0
6750.0,37,1031.0,12.129411764705882,3.1015466811547814,19,483.0,0.1607298770668366,18,1230.0,0.1604250342098531,37,1713.0
6755.0,33,1118.0,12.850574712643677,4.475262672402085,13,471.0,0.2034924322782337,20,1264.0,0.18465192873998917,33,1735.0
6760.0,36,789.0,8.965909090909092,4.110284610844815,13,430.0,0.24227952992108986,23,1121.0,0.11310173685243789,36,1551.0
6765.0,42,512.0,5.818181818181818,4.164967219722038,15,397.0,0.23510074396259353,27,899.0,0.13774942198274157,42,1296.0
6770.0,48,579.0,6.811764705882353,3.6040310197378793,21,432.0,0.24047314172898654,27,995.0,0.1541560777617632,48,1427.0
6775.0,49,780.0,9.397590361445783,3.673668417221404,26,554.0,0.1378115478849826,23,1061.0,0.24714329873114246,49,1615.0
6780.0,51,859.0,9.761363636363637,2.850878387751067,27,609.0,0.04626781771097557,24,1094.0,0.18916535758080147,51,1703.0
6785.0,52,870.0,9.775280898876405,3.2537429446295714,27,697.0,0.11789218623215784,25,1077.0,0.19689010635951065,52,1774.0
6790.0,47,859.0,9.988372093023257,2.92654715836079,23,723.0,0.1479613666141781,24,1176.0,0.2121777501396293,47,1899.0
6795.0,37,651.0,7.658823529411765,3.4040297399948485,18,638.0,0.16939817372185767,19,1240.0,0.155088579992615,37,1878.0
6800.0,35,671.0,8.08433734939759,4.303446758513224,12,554.0,0.21349956172071685,23,1328.0,0.12376331389015459,35,1882.0
6805.0,37,709.0,8.44047619047619,4.309281798271632,11,533.0,0.23628463992788812,26,1313.0,0.05644228564878965,37,1846.0
6810.0,44,700.0,8.75,3.694627297412694,16,534.0,0.18923013945143546,28,1217.0,0.11197883155980076,44,1751.0
6815.0,43,591.0,7.776315789473684,3.3684360165782494,21,601.0,0.2081238087797001,22,1179.0,0.19693698440218244,43,1780.0
6820.0,44,635.0,8.246753246753247,3.0962936679547313,22,625.0,0.18508978235568982,22,1090.0,0.2166830565574437,44,1715.0
6825.0,46,731.0,9.253164556962025,3.384647097752195,21,619.0,0.2243622628008901,25,1081.0,0.18661386865877147,46,1700.0
6830.0,54,826.0,9.951807228915662,3.0575871026162074,26,744.0,0.19966017066965508,28,1030.0,0.15987246653658213,54,1774.0
6835.0,47,772.0,8.873563218390805,3.0587131358788833,26,759.0,0.1755155975356233,21,1091.0,0.1874771481714558,47,1850.0
6840.0,38,578.0,6.72093023255814,3.3515671981405557,20,654.0,0.1326485057628374,18,1132.0,0.20695305617564852,38,1786.0
6845.0,39,622.0,7.068181818181818,4.289894311157912,18,564.0,0.12201981593061417,21,1207.0,0.2020981357049206,39,1771.0
6850.0,35,723.0,8.310344827586206,5.441213966487252,10,477.0,0.23022110374325744,25,1322.0,0.11840669530908653,35,1799.0
6855.0,34,755.0,8.988095238095237,5.119296263852502,7,451.0,0.3375861753229966,27,1322.0,0.0949781013822616,34,1773.0
6860.0,38,751.0,9.50632911392405,4.624206326329044,13,494.0,0.2067248845626968,25,1283.0,0.17784807767815194,38,1777.0
6865.0,37,755.0,9.93421052631579,3.982427147719284,17,547.0,0.22493943607614608,20,1261.0,0.20970099083087207,37,1808.0
6870.0,36,796.0,10.904109589041095,3.925446820695965,19,644.0,0.23963893771123287,17,1153.0,0.22826296966568752,36,1797.0
6875.0,46,915.0,12.364864864864865,2.830132870645986,25,756.0,0.20210669045100896,21,1164.0,0.182795632741072,46,1920.0
6880.0,44,590.0,7.7631578947368425,2.420784170592529,23,695.0,0.15180782856041197,21,1141.0,0.163840557003169,44,1836.0
6885.0,46,648.0,8.20253164556962,2.851467530608767,22,562.0,0.19063865207947603,24,1182.0,0.17456442815337192,46,1744.0
6890.0,47,807.0,9.72289156626506,3.0369244518997784,24,679.0,0.18416511271629624,23,1199.0,0.21829584890227835,47,1878.0
6895.0,54,934.0,10.49438202247191,3.46814266286845,30,810.0,0.1706001336378656,24,1136.0,0.2656746964954207,54,1946.0
6900.0,51,1102.0,12.10989010989011,3.612304611110216,27,921.0,0.24391651635610695,24,1137.0,0.2030358533845477,51,2058.0
6905.0,55,1242.0,13.35483870967742,3.244343575404413,28,1049.0,0.20176578204518272,27,1189.0,0.16866487302073901,55,2238.0
6910.0,49,1196.0,12.72340425531915,3.177536335884321,26,1050.0,0.11453853293665488,23,1237.0,0.1916329052428484,49,2287.0
6915.0,46,934.0,10.043010752688172,4.129635690425639,22,906.0,0.14107997081473958,24,1308.0,0.2081320108561468,46,2214.0
6920.0,43,859.0,9.761363636363637,4.797542708897498,16,753.0,0.19130607348260134,27,1409.0,0.16195993035250658,43,2162.0
6925.0,38,865.0,10.297619047619047,5.128841750247188,9,514.0,0.23957655742912226,29,1534.0,0.08206123334479476,38,2048.0
6930.0,35,919.0,11.4875,4.870439529687725,8,482.0,0.3092130110049535,27,1599.0,0.08068915970566988,35,2081.0
6935.0,34,950.0,12.337662337662337,4.896775107544467,11,489.0,0.2731507486424406,23,1596.0,0.14105139766275032,34,2085.0
6940.0,35,953.0,13.23611111111111,4.48756011378522,16,530.0,0.29998303613527916,19,1616.0,0.19465763526261892,35,2146.0
6945.0,41,1135.0,15.76388888888889,3.9759742706167764,18,623.0,0.248185701131377,23,1659.0,0.18712594810550154,41,2282.0
6950.0,46,1176.0,17.043478260869566,2.9897830214733476,21,708.0,0.20647598397327074,25,1595.0,0.15558159344112357,46,2303.0
6955.0,46,1052.0,14.61111111111111,2.729388352616763,24,819.0,0.1495885091059499,22,1402.0,0.17570356818791774,46,2221.0
6960.0,47,1019.0,14.352112676056338,2.6703766230289356,28,951.0,0.15077144778436147,19,1223.0,0.18816444456553744,47,2174.0
6965.0,41,797.0,10.626666666666667,2.6833036996534396,27,973.0,0.15634586522039523,14,1291.0,0.18027942392683488,41,2264.0
6970.0,43,961.0,12.320512820512821,3.4811647605364513,25,1025.0,0.2145974669144714,18,1369.0,0.19679017118689063,43,2394.0
6975.0,47,902.0,11.0,3.1515122520380103,27,1002.0,0.1295254299647769,20,1394.0,0.22090914314499546,47,2396.0
6980.0,37,661.0,7.776470588235294,4.4485218504310735,20,831.0,0.16734836794603392,17,1400.0,0.26034796669139915,37,2231.0
6985.0,34,613.0,7.6625,4.632929066137889,12,643.0,0.25896760753466996,22,1483.0,0.15283159072747513,34,2126.0
6990.0,36,676.0,8.144578313253012,4.436047559477323,9,653.0,0.26316091425770854,27,1609.0,0.06201981917512017,36,2262.0
6995.0,43,767.0,9.833333333333334,3.5911438797680595,17,703.0,0.18668866972502593,26,1638.0,0.053550691527396395,43,2341.0
7000.0,44,606.0,7.769230769230769,3.0220241651610156,21,719.0,0.17054097979040383,23,1586.0,0.0923525329413037,44,2305.0
7005.0,42,645.0,8.835616438356164,3.6643101791654846,24,774.0,0.25784240108851586,18,1526.0,0.16488937263889342,42,2300.0
7010.0,36,580.0,8.285714285714286,3.2517216739199237,21,847.0,0.23237081058504852,15,1301.0,0.16302338660093244,36,2148.0
7015.0,42,633.0,9.042857142857143,3.0536652765703938,26,926.0,0.17270902040522887,16,1138.0,0.21313541710388784,42,2064.0
7020.0,41,670.0,9.43661971830986,2.869592308507765,29,1061.0,0.11254495629610044,12,963.0,0.2574633869490778,41,2024.0
7025.0,47,880.0,12.394366197183098,3.07417689828124,32,1215.0,0.1278530988388059,15,840.0,0.27652672413782153,47,2055.0
7030.0,45,917.0,12.391891891891891,2.2739667572881253,31,1187.0,0.11329103444416205,14,886.0,0.17930622541107913,45,2073.0
7035.0,36,725.0,10.357142857142858,2.7085701230661403,21,951.0,0.16693535509449828,15,936.0,0.09431386972145664,36,1887.0
7040.0,37,652.0,9.314285714285715,3.4604923819584874,18,787.0,0.24233812294685805,19,1022.0,0.007975807088082171,37,1809.0
7045.0,33,700.0,10.144927536231885,4.608611381579579,11,594.0,0.3276770298352175,22,1127.0,0.03348713342990324,33,1721.0
7050.0,33,840.0,13.333333333333334,4.631290711916265,12,424.0,0.36741585585657427,21,1232.0,0.075044014423661,33,1656.0
7055.0,30,770.0,12.419354838709678,3.9093217479572875,10,360.0,0.30002625058326543,20,1208.0,0.12426833180383719,30,1568.0
7060.0,28,620.0,10.333333333333334,4.488326460727079,13,339.0,0.24073393114375713,15,1074.0,0.2842266037613048,28,1413.0
7065.0,28,490.0,8.305084745762711,4.039476360469812,18,382.0,0.16556134508930287,10,1008.0,0.3578830788410023,28,1390.0
7070.0,28,448.0,7.344262295081967,4.135317150335132,17,419.0,0.1804883096358769,11,909.0,0.3105696330878796,28,1328.0
7075.0,34,567.0,9.295081967213115,3.710823880499566,18,501.0,0.2387001283122237,16,912.0,0.22554658612310277,34,1413.0
7080.0,32,626.0,9.63076923076923,3.959872108405062,16,499.0,0.2884114008118316,16,916.0,0.22083555441140407,32,1415.0
7085.0,28,580.0,9.0625,4.873724837213768,9,409.0,0.3151320384593706,19,983.0,0.19740889169036144,28,1392.0
7090.0,26,682.0,10.029411764705882,5.370333657748553,7,329.0,0.3410855545139079,19,1073.0,0.14722191927097117,26,1402.0
7095.0,27,812.0,11.941176470588236,6.027491615066881,9,285.0,0.3737577096341898,18,1163.0,0.12086314597100362,27,1448.0
7100.0,26,801.0,12.515625,5.74651154215889,9,252.0,0.288545619861403,17,1096.0,0.1743267436448085,26,1348.0
7105.0,22,747.0,12.048387096774194,5.927472625940783,10,288.0,0.28883512267895844,12,959.0,0.2800059839108187,22,1247.0
7110.0,21,276.0,5.111111111111111,5.217250749216159,10,177.0,0.2930881810342478,11,792.0,0.3420433717626491,21,969.0
7115.0,21,248.0,4.350877192982456,6.203220553729801,8,97.0,0.4383392966941466,13,708.0,0.380582149477391,21,805.0
7120.0,24,275.0,4.661016949152542,5.003863741266182,10,135.0,0.3535604950108273,14,668.0,0.3102603088540448,24,803.0
7125.0,26,315.0,5.25,5.38252257271285,13,199.0,0.35328939550423005,13,567.0,0.3519814762849406,26,766.0
7130.0,27,282.0,4.622950819672131,3.9095196061470405,14,213.0,0.26222942841346836,13,588.0,0.2367152179953832,27,801.0
7135.0,23,272.0,4.459016393442623,4.576309179773573,8,181.0,0.2770490650911119,15,621.0,0.1519229574511997,23,802.0
7140.0,25,375.0,6.3559322033898304,5.363191091000178,8,158.0,0.33404826663097187,17,698.0,0.04015045834352446,25,856.0
7145.0,23,357.0,5.758064516129032,5.394050086848504,10,166.0,0.2931285351766099,13,635.0,0.033428591963530534,23,801.0
7150.0,25,329.0,5.483333333333333,5.3342234076640205,17,216.0,0.2570925214596215,8,414.0,0.23017982433250103,25,630.0
7155.0,22,258.0,4.6909090909090905,4.926162046309703,16,222.0,0.27832506157467357,6,385.0,0.3214525595407746,22,607.0
7160.0,24,359.0,6.773584905660377,5.8746206300724895,16,266.0,0.33562483397668313,8,387.0,0.4548002455787349,24,653.0
7165.0,23,347.0,6.3090909090909095,4.398819297507971,16,298.0,0.2214777698303717,7,354.0,0.3668656400974635,23,652.0
7170.0,28,368.0,6.344827586206897,4.188952123842078,19,370.0,0.20087532869172808,9,310.0,0.3697550773279777,28,680.0
7175.0,27,372.0,6.2,3.9989951444877554,19,382.0,0.2162199270904857,8,339.0,0.3011590246665085,27,721.0
7180.0,23,250.0,4.032258064516129,5.486649016338978,12,319.0,0.2595716143014808,11,382.0,0.3069284502541596,23,701.0
7185.0,18,292.0,4.9491525423728815,6.0583536087701955,7,247.0,0.33686614771445916,11,437.0,0.22366729283208947,18,684.0
7190.0,17,238.0,3.7777777777777777,5.760698461012905,6,202.0,0.30418659326389696,11,347.0,0.20617452668113945,17,549.0
7195.0,23,226.0,3.7666666666666666,5.794178155204043,16,245.0,0.22566067310398583,7,233.0,0.404083993267819,23,478.0
7200.0,20,191.0,3.4727272727272727,5.259238098454832,18,308.0,0.2156652749743714,2,173.0,0.4308361283121621,20,481.0
