step,system_total_stopped,system_total_waiting_time,system_mean_waiting_time,system_mean_speed,J17_stopped,J17_accumulated_waiting_time,J17_average_speed,J18_stopped,J18_accumulated_waiting_time,J18_average_speed,agents_total_stopped,agents_total_accumulated_waiting_time
5.0,1,0.0,0.0,1.7871752146980726,0,0.0,1.0,1,0.0,0.13250908563593103,1,0.0
10.0,0,0.0,0.0,7.402003205689379,0,0.0,0.4521278264270355,0,0.0,0.6290829497164915,0,0.0
15.0,1,0.0,0.0,9.583726467412307,0,0.0,0.7752526151693471,1,0.0,0.6431124415130658,1,0.0
20.0,0,0.0,0.0,10.327202533637447,0,0.0,0.814706943570615,0,0.0,0.7299231290491207,0,0.0
25.0,1,2.0,0.13333333333333333,6.621113688537813,0,0.0,0.5122258611803333,1,2.0,0.4808635665286513,1,2.0
30.0,7,20.0,1.0,6.9592981748092,5,10.0,0.4108157929140213,2,10.0,0.6044215453574543,7,20.0
35.0,6,46.0,2.0,7.230506651670983,3,25.0,0.5782927351258538,3,21.0,0.4874154507298211,6,46.0
40.0,9,82.0,3.1538461538461537,6.042195946649401,3,40.0,0.4137271993235381,6,42.0,0.39121182001573546,9,82.0
45.0,8,91.0,3.1379310344827585,6.45874573555078,3,42.0,0.3321825955663614,5,50.0,0.5301451968806234,8,92.0
50.0,10,131.0,3.9696969696969697,6.758420245842786,6,65.0,0.3127317055048117,4,69.0,0.4458850956284724,10,134.0
55.0,9,100.0,3.125,6.436398770291954,4,63.0,0.4705270070226501,5,56.0,0.3216576107516303,9,119.0
60.0,12,155.0,4.696969696969697,6.774964825525602,4,77.0,0.49582245039284534,8,90.0,0.34387648493376854,12,167.0
65.0,9,83.0,2.59375,5.405443680111064,4,54.0,0.41911802930854825,5,63.0,0.3428774264755074,9,117.0
70.0,12,111.0,2.9210526315789473,6.518228156041588,7,82.0,0.3830218514079703,5,66.0,0.4527123504889317,12,148.0
75.0,12,123.0,3.075,5.96791980282364,5,91.0,0.3776425181723099,7,81.0,0.428185948996657,12,172.0
80.0,14,169.0,3.840909090909091,7.50298518635407,6,104.0,0.4770666609701614,8,96.0,0.4802485537412992,14,200.0
85.0,11,89.0,2.022727272727273,6.8140518474066285,3,56.0,0.6254016933596916,8,93.0,0.32587751937494697,11,149.0
90.0,14,149.0,3.3863636363636362,7.117342963239808,4,49.0,0.4635614409294337,10,128.0,0.39278771925084055,14,177.0
95.0,12,154.0,3.422222222222222,6.48826186552236,3,54.0,0.38521147188509935,9,141.0,0.3645649227539363,12,195.0
100.0,14,208.0,4.837209302325581,6.666635693317043,4,75.0,0.5097629372424295,10,161.0,0.2404557633300311,14,236.0
105.0,17,251.0,6.121951219512195,5.691935524791347,6,103.0,0.556570765346047,11,193.0,0.1709007030200043,17,296.0
110.0,18,235.0,5.108695652173913,5.843543155582319,5,72.0,0.4970027015789844,13,237.0,0.2578917146992386,18,309.0
115.0,15,187.0,4.25,5.976237619380507,5,49.0,0.339009097513652,10,222.0,0.38456996895308065,15,271.0
120.0,15,166.0,3.86046511627907,6.002378498208784,9,88.0,0.30333352214887116,6,150.0,0.4121249777507812,15,238.0
125.0,14,123.0,2.7333333333333334,4.753769121153848,6,108.0,0.3321494841151743,8,134.0,0.2266233617927059,14,242.0
130.0,16,142.0,3.0869565217391304,5.995156464084864,6,102.0,0.2824889784551613,10,108.0,0.3081286929844539,16,210.0
135.0,17,157.0,3.738095238095238,6.556542972202363,6,66.0,0.3329981447845219,11,156.0,0.18227061054038404,17,222.0
140.0,17,218.0,5.069767441860465,6.980294109364236,7,97.0,0.38827496653166094,10,181.0,0.2108764695332354,17,278.0
145.0,17,269.0,7.078947368421052,5.713725347011092,6,115.0,0.43798575683773217,11,172.0,0.15850749428821018,17,287.0
150.0,16,262.0,7.277777777777778,5.778221819801864,8,124.0,0.4422623247267343,8,169.0,0.26109317959159917,16,293.0
155.0,12,219.0,5.7631578947368425,6.3849751052785235,5,109.0,0.48739126495746393,7,154.0,0.2456622696308383,12,263.0
160.0,12,274.0,7.2105263157894735,7.313003988805941,5,96.0,0.5192552977929917,7,187.0,0.3985645004254882,12,283.0
165.0,8,114.0,2.923076923076923,7.037480788256812,4,82.0,0.555904377431699,4,140.0,0.46893947880196546,8,222.0
170.0,7,88.0,2.3157894736842106,6.940564091849748,3,40.0,0.49434427063903275,4,70.0,0.47341310412015847,7,110.0
175.0,16,151.0,3.775,6.361471692965239,8,65.0,0.45393278017512195,8,101.0,0.43505766618391783,16,166.0
180.0,18,120.0,2.6666666666666665,4.971546854943528,8,90.0,0.31539814665538807,10,83.0,0.37073266268833555,18,173.0
185.0,13,147.0,3.127659574468085,6.3898644509469085,7,107.0,0.331342611785365,6,54.0,0.4339601394315236,13,161.0
190.0,10,115.0,2.3469387755102042,6.186785332775799,4,88.0,0.2974539922106279,6,74.0,0.3434529296343089,10,162.0
195.0,21,190.0,3.6538461538461537,6.538902308660964,8,88.0,0.3352336367289023,13,120.0,0.35583847661209894,21,208.0
200.0,18,213.0,4.346938775510204,6.251592276844822,7,123.0,0.3934319084425442,11,133.0,0.3737727134164532,18,256.0
205.0,20,299.0,6.795454545454546,5.604222048737598,9,170.0,0.3436909407821685,11,150.0,0.396096519382228,20,320.0
210.0,22,226.0,4.913043478260869,3.8017902047729164,10,130.0,0.3310107428132784,12,158.0,0.1294582075767125,22,288.0
215.0,17,241.0,4.918367346938775,5.127606290376192,9,136.0,0.30004628032680847,8,137.0,0.25255654860646204,17,273.0
220.0,19,190.0,4.042553191489362,5.1086264880495325,11,126.0,0.2899308842146583,8,135.0,0.29618149928238524,19,261.0
225.0,14,202.0,4.297872340425532,6.463168441438684,5,80.0,0.4087846809676666,9,156.0,0.36092257018043084,14,236.0
230.0,12,141.0,2.764705882352941,5.876967124602874,6,81.0,0.43531709384517137,6,124.0,0.2949143283587201,12,205.0
235.0,21,232.0,4.377358490566038,6.309560435051844,10,117.0,0.4568195524160513,11,140.0,0.3667675286406786,21,257.0
240.0,16,229.0,4.403846153846154,6.01974085303464,9,124.0,0.37341424584097666,7,156.0,0.464526444567052,16,280.0
245.0,22,314.0,5.508771929824562,5.644714266116208,15,179.0,0.2846754699587438,7,157.0,0.349235715206039,22,336.0
250.0,26,267.0,4.684210526315789,5.219653737963075,17,212.0,0.24983811405756137,9,127.0,0.3132034238332474,26,339.0
255.0,27,333.0,5.370967741935484,5.202534892168849,20,299.0,0.21593244510184237,7,98.0,0.3575178449111224,27,397.0
260.0,23,320.0,5.423728813559322,5.01730683466437,17,321.0,0.310614626045159,6,106.0,0.28716588457727826,23,427.0
265.0,23,223.0,3.596774193548387,5.546197954648904,11,258.0,0.3434552135447596,12,156.0,0.2475468522291109,23,414.0
270.0,24,253.0,3.8923076923076922,5.277551166430324,12,216.0,0.3340117340586646,12,176.0,0.22195865519741081,24,392.0
275.0,23,316.0,4.647058823529412,5.7123314269052985,12,259.0,0.2961642432315884,11,186.0,0.3364883932052904,23,445.0
280.0,28,429.0,6.3088235294117645,5.518305143061297,17,312.0,0.25774543861711385,11,233.0,0.36568041594138695,28,545.0
285.0,36,552.0,8.238805970149254,4.51504472183734,21,393.0,0.2900908815428366,15,293.0,0.24806951013834536,36,686.0
290.0,33,541.0,7.955882352941177,4.459440747358171,21,468.0,0.25028302841478167,12,294.0,0.36755610715360204,33,762.0
295.0,30,506.0,7.333333333333333,4.151005818821119,22,496.0,0.14552156485875023,8,210.0,0.39733923099709967,30,706.0
300.0,27,447.0,6.573529411764706,4.916529735488417,19,474.0,0.15073624641571906,8,210.0,0.3997157556333821,27,684.0
305.0,24,528.0,7.880597014925373,5.1525172464939315,14,483.0,0.2563397623717077,10,234.0,0.15129099300264734,24,717.0
310.0,30,361.0,5.46969696969697,4.446944066331158,16,431.0,0.25900532836361223,14,231.0,0.08408836614079847,30,662.0
315.0,32,341.0,5.246153846153846,4.309684442377972,18,441.0,0.2200809872639407,14,190.0,0.15357903137809933,32,631.0
320.0,30,381.0,6.0476190476190474,4.515070392063439,19,444.0,0.21557156514944933,11,187.0,0.30471399118439896,30,631.0
325.0,25,353.0,5.603174603174603,5.404373033152873,20,476.0,0.1712304194475083,5,132.0,0.48256423629216244,25,608.0
330.0,29,390.0,6.09375,4.165476632327483,23,516.0,0.12674689564867037,6,138.0,0.3450872730328787,29,654.0
335.0,26,387.0,6.241935483870968,5.232774841223845,15,500.0,0.283043418840247,11,183.0,0.258199786504818,26,683.0
340.0,24,453.0,7.677966101694915,5.422716944409733,14,470.0,0.39694895849160894,10,187.0,0.12847703428725715,24,657.0
345.0,21,357.0,6.0508474576271185,5.559565656017743,13,422.0,0.24849078388316007,8,185.0,0.3180480238154664,21,607.0
350.0,22,309.0,5.722222222222222,5.026018753582908,17,365.0,0.17942454113500722,5,162.0,0.3529366537759765,22,527.0
355.0,24,359.0,6.298245614035087,5.450039353466676,19,430.0,0.18490499223112947,5,102.0,0.49571340656258633,24,532.0
360.0,18,414.0,7.2631578947368425,5.882912379644161,12,442.0,0.27980823954931083,6,132.0,0.4598118072560854,18,574.0
365.0,19,313.0,5.491228070175438,5.663121802135008,12,363.0,0.36463407441830203,7,119.0,0.32470841204003237,19,482.0
370.0,21,290.0,5.087719298245614,5.454297424708602,11,326.0,0.33536638227801313,10,124.0,0.35515691645946074,21,450.0
375.0,23,250.0,4.166666666666667,4.392718623824758,15,316.0,0.2511287631981107,8,131.0,0.39226770241662773,23,447.0
380.0,26,277.0,4.396825396825397,5.170780724792336,19,301.0,0.26013333646736614,7,112.0,0.4484700680521303,26,413.0
385.0,24,244.0,3.753846153846154,5.382538743549669,18,343.0,0.26840169142359693,6,69.0,0.4870820249122873,24,412.0
390.0,25,286.0,4.268656716417911,5.489836419082879,14,357.0,0.2924863614291086,11,92.0,0.3354626313012482,25,449.0
395.0,26,365.0,5.447761194029851,4.905025362737268,17,403.0,0.32402785548337376,9,111.0,0.22506015854696138,26,514.0
400.0,32,455.0,6.408450704225352,4.869383919016099,17,424.0,0.28521362674494116,15,151.0,0.22710952004533957,32,575.0
405.0,30,442.0,6.314285714285714,5.1258901299183,19,418.0,0.22055886985212125,11,165.0,0.3510539748044202,30,583.0
410.0,31,519.0,7.521739130434782,4.752847280572932,21,473.0,0.19655885005575668,10,166.0,0.328093411334243,31,639.0
415.0,32,491.0,7.220588235294118,3.620089631871993,22,526.0,0.18855837968364866,10,171.0,0.1863622942695914,32,697.0
420.0,29,468.0,6.985074626865671,3.699933596021889,23,596.0,0.16209231162691232,6,121.0,0.2725571547049609,29,717.0
425.0,25,473.0,7.166666666666667,5.1029640916367836,18,638.0,0.14702083462422955,7,97.0,0.45538975708379587,25,735.0
430.0,21,266.0,4.290322580645161,5.371567841868111,15,522.0,0.18084550780240907,6,106.0,0.42676098778899696,21,628.0
435.0,30,367.0,5.825396825396825,4.662429922965046,19,462.0,0.15580032423359683,11,135.0,0.2043764594978296,30,597.0
440.0,32,378.0,6.517241379310345,4.171598557932441,20,488.0,0.12249029624648015,12,150.0,0.2790850375170719,32,638.0
445.0,30,407.0,7.017241379310345,4.705622413302651,17,493.0,0.14330645856287005,13,183.0,0.3634658386676646,30,676.0
450.0,24,385.0,6.637931034482759,4.3080037948076955,15,517.0,0.21003402609854036,9,191.0,0.3464502942474034,24,708.0
455.0,15,257.0,4.431034482758621,5.347763576290523,10,473.0,0.24750240210793892,5,133.0,0.3846243425862404,15,606.0
460.0,18,260.0,4.7272727272727275,6.2628488776635765,10,450.0,0.2346196689469113,8,114.0,0.4312357199432675,18,564.0
465.0,19,212.0,3.719298245614035,5.683325479558843,12,384.0,0.13045386550736895,7,123.0,0.34998634910742227,19,507.0
470.0,26,288.0,5.236363636363636,5.089323614624885,16,409.0,0.12171940632073254,10,150.0,0.3509200565993051,26,559.0
475.0,20,235.0,4.795918367346939,5.460558590235822,12,380.0,0.27060877898396607,8,115.0,0.4177014511842457,20,495.0
480.0,19,255.0,4.903846153846154,4.888006060013459,10,372.0,0.2690961551458301,9,127.0,0.3618956684378785,19,499.0
485.0,15,214.0,4.115384615384615,5.4841561189368555,7,288.0,0.42639124706258574,8,129.0,0.29810994606670177,15,417.0
490.0,15,215.0,3.909090909090909,6.623264917113467,6,242.0,0.4201465670416905,9,154.0,0.40748652418737974,15,396.0
495.0,16,251.0,4.327586206896552,6.4142654789265965,8,267.0,0.362663767360906,8,172.0,0.3684553261315039,16,439.0
500.0,23,321.0,5.631578947368421,5.881523311077436,12,271.0,0.2740968644192729,11,202.0,0.3747757842204934,23,473.0
505.0,18,360.0,6.666666666666667,5.804753972820417,10,289.0,0.38019047686910223,8,213.0,0.29450401028795986,18,502.0
510.0,18,349.0,6.232142857142857,5.6165548709266675,8,236.0,0.30989290418345034,10,238.0,0.25983112455868457,18,474.0
515.0,17,242.0,4.4,5.717145383019377,9,204.0,0.2921253909304139,8,180.0,0.31580732425274743,17,384.0
520.0,18,229.0,4.163636363636364,6.498774308030645,11,234.0,0.3403080638938773,7,97.0,0.451564473430347,18,331.0
525.0,19,273.0,5.055555555555555,6.650827495125267,13,261.0,0.38549156667692913,6,117.0,0.4936267269946086,19,378.0
530.0,20,271.0,5.018518518518518,6.178664008007542,12,245.0,0.376099453624018,8,136.0,0.37810931780074347,20,381.0
535.0,24,279.0,5.365384615384615,4.828961447078395,15,228.0,0.2953276429292123,9,121.0,0.33298345946473684,24,349.0
540.0,26,325.0,6.132075471698113,3.726051025014379,15,267.0,0.18858135613835905,11,151.0,0.2523906062003181,26,418.0
545.0,22,238.0,4.490566037735849,4.277392652356736,13,250.0,0.22562924476050297,9,147.0,0.24749228642574,22,397.0
550.0,16,216.0,4.0,5.2673193190656695,12,280.0,0.21578746508511226,4,118.0,0.3602334798357896,16,398.0
555.0,20,242.0,4.566037735849057,5.891093882210283,15,290.0,0.11758993824739467,5,109.0,0.5376489974014844,20,399.0
560.0,20,316.0,5.962264150943396,5.59513534328004,15,320.0,0.11278861568476846,5,114.0,0.5255735512767759,20,434.0
565.0,18,367.0,7.196078431372549,5.979983941260217,11,297.0,0.18884252754137387,7,143.0,0.44069085592673857,18,440.0
570.0,13,225.0,4.411764705882353,5.9189198857693395,10,266.0,0.18561790193946637,3,119.0,0.4108293877727137,13,385.0
575.0,17,294.0,5.547169811320755,7.321716933424365,13,261.0,0.21241539673799964,4,94.0,0.5971602153740528,17,355.0
580.0,15,245.0,4.803921568627451,6.979178486858505,11,267.0,0.28192828962545163,4,86.0,0.5855279681457881,15,353.0
585.0,16,242.0,4.84,7.2692628070316365,10,241.0,0.449026502152382,6,116.0,0.46427866124523576,16,357.0
590.0,18,244.0,5.191489361702128,5.574139880734468,11,252.0,0.3780607485125701,7,76.0,0.35105632562376776,18,328.0
595.0,21,242.0,4.653846153846154,5.058065530791851,13,245.0,0.25214164205397355,8,86.0,0.4084609336550062,21,331.0
600.0,19,219.0,3.981818181818182,5.610859743022319,12,224.0,0.29498432362941446,7,93.0,0.425731040188665,19,317.0
605.0,17,166.0,2.912280701754386,6.097128532528402,10,203.0,0.2722732415448997,7,94.0,0.48208589383768796,17,297.0
610.0,16,183.0,3.1016949152542375,6.5090872930477275,7,144.0,0.274859187274494,9,125.0,0.43160523416021657,16,269.0
615.0,17,167.0,2.830508474576271,6.137814898965835,8,161.0,0.23647052506294117,9,135.0,0.3348166859157964,17,296.0
620.0,23,250.0,4.385964912280702,6.240321360327291,12,179.0,0.29577694145218936,11,150.0,0.35191543502587597,23,329.0
625.0,24,230.0,4.2592592592592595,4.692579022862824,13,194.0,0.220524594147912,11,156.0,0.332629080287951,24,350.0
630.0,24,307.0,5.7924528301886795,5.1628283739499725,13,250.0,0.31067060889460674,11,154.0,0.3742720719357998,24,404.0
635.0,23,309.0,5.517857142857143,4.685698914999,11,264.0,0.35318043236588886,12,178.0,0.28795838984218647,23,442.0
640.0,18,328.0,5.857142857142857,5.761620012776179,7,238.0,0.3534216180714149,11,200.0,0.3335472756509194,18,438.0
645.0,21,330.0,5.689655172413793,5.454890666809858,8,185.0,0.20517696578060238,13,250.0,0.27252484150671613,21,435.0
650.0,27,366.0,5.809523809523809,5.118051152397735,14,154.0,0.18732879426257673,13,286.0,0.2519907504975755,27,440.0
655.0,23,430.0,7.049180327868853,5.56654698470715,12,192.0,0.2815545516625737,11,299.0,0.3672781878923301,23,491.0
660.0,17,365.0,6.636363636363637,6.086618410859028,7,191.0,0.41902294131827095,10,280.0,0.36065677226284815,17,471.0
665.0,17,220.0,4.150943396226415,5.345981911179276,4,131.0,0.4009512577816661,13,237.0,0.21072402829004347,17,368.0
670.0,23,286.0,5.296296296296297,4.599288182343031,10,101.0,0.2677525140777983,13,284.0,0.2161388360590959,23,385.0
675.0,21,346.0,6.290909090909091,5.24963071826717,10,133.0,0.31325683236014645,11,306.0,0.31463052985453027,21,439.0
680.0,15,222.0,3.8275862068965516,5.893085066898809,4,126.0,0.39474662177249353,11,255.0,0.3123747061952317,15,381.0
685.0,18,173.0,2.9827586206896552,5.941887311368588,6,107.0,0.4097284911020932,12,217.0,0.27206067186820426,18,324.0
690.0,23,219.0,3.65,5.493110724817492,9,85.0,0.3560629778715283,14,261.0,0.2031800819576805,23,346.0
695.0,28,311.0,5.183333333333334,4.618551157964631,12,116.0,0.2851115421403418,16,314.0,0.2431733973154576,28,430.0
700.0,19,262.0,4.295081967213115,5.120181916448913,7,106.0,0.2890410331327342,12,324.0,0.3248355287956341,19,430.0
705.0,15,226.0,3.6451612903225805,5.746876804616155,6,122.0,0.26250839132338594,9,294.0,0.3988697554227943,15,416.0
710.0,21,239.0,3.8548387096774195,5.408795417822613,12,157.0,0.22524067076036045,9,268.0,0.3450846494068305,21,425.0
715.0,26,222.0,3.639344262295082,3.7909698276444197,15,196.0,0.21107504727978807,11,227.0,0.20718789703712642,26,423.0
720.0,33,359.0,5.983333333333333,3.5528275964184934,20,291.0,0.2902840338047787,13,262.0,0.12831224250362624,33,553.0
725.0,30,416.0,6.933333333333334,4.295381846418563,18,328.0,0.2629610163072182,12,278.0,0.17996773081911321,30,606.0
730.0,22,307.0,4.873015873015873,4.858714864799923,13,293.0,0.23876619637772878,9,300.0,0.2024546555703392,22,593.0
735.0,18,310.0,5.0,5.273427887822436,7,258.0,0.3201566436125657,11,307.0,0.14297980055948056,18,565.0
740.0,23,276.0,4.246153846153846,6.175382235768728,10,220.0,0.40627356762060224,13,253.0,0.18461048453018586,23,473.0
745.0,20,243.0,3.6818181818181817,6.4705605378463815,10,172.0,0.36118722223433297,10,239.0,0.35424824483654704,20,411.0
750.0,23,288.0,4.5,5.920193258177853,14,217.0,0.2820333276463598,9,235.0,0.41935982756043844,23,452.0
755.0,26,294.0,4.983050847457627,4.854494421012306,18,253.0,0.20785044357361313,8,182.0,0.4427545019561307,26,435.0
760.0,33,430.0,7.413793103448276,3.9146153277518696,22,325.0,0.15777853704129627,11,224.0,0.3547192144615627,33,549.0
765.0,36,532.0,9.016949152542374,3.2409275193872693,21,375.0,0.18036176304401946,15,286.0,0.2528419951543827,36,661.0
770.0,29,498.0,8.440677966101696,3.8683505885420284,15,358.0,0.25405591110686015,14,330.0,0.20760111741079942,29,688.0
775.0,27,486.0,7.838709677419355,3.9900570199570526,11,344.0,0.2297717868273496,16,367.0,0.09287617904862824,27,711.0
780.0,25,369.0,5.507462686567164,4.728783690873115,13,321.0,0.22458941934404916,12,347.0,0.22538097432374016,25,668.0
785.0,22,239.0,3.463768115942029,5.751313353489649,18,344.0,0.1943700899936039,4,248.0,0.5027766954451082,22,592.0
790.0,15,262.0,3.91044776119403,7.069692970358954,11,317.0,0.2235674305115906,4,155.0,0.6100412142677322,15,472.0
795.0,13,121.0,1.9206349206349207,6.4435856227262,8,279.0,0.3188723683857433,5,92.0,0.3458615761972302,13,371.0
800.0,25,179.0,2.8412698412698414,5.842638309072584,16,284.0,0.2712992751745867,9,80.0,0.2660015084158677,25,364.0
805.0,23,242.0,3.903225806451613,5.238421474036572,15,313.0,0.26615199048401855,8,81.0,0.37087795651462274,23,394.0
810.0,20,287.0,4.629032258064516,6.448575209408818,11,302.0,0.37823876815477686,9,89.0,0.3931767099123716,20,391.0
815.0,19,305.0,5.258620689655173,6.73656111433005,10,288.0,0.33507473340715643,9,123.0,0.4464217510304301,19,411.0
820.0,22,323.0,5.209677419354839,6.130644772216473,14,231.0,0.15338144495054168,8,145.0,0.4177096588242486,22,376.0
825.0,24,254.0,4.618181818181818,5.590901066250997,15,218.0,0.15936071794391668,9,143.0,0.46718564378369837,24,361.0
830.0,20,229.0,4.2407407407407405,5.961120016313772,12,181.0,0.24222582274402593,8,129.0,0.43065790292551376,20,310.0
835.0,21,266.0,4.836363636363636,5.387400610977479,10,194.0,0.2615081199380454,11,142.0,0.3351980900271422,21,336.0
840.0,26,362.0,6.581818181818182,5.486598813672159,12,227.0,0.36707516724451633,14,197.0,0.3276085299101629,26,424.0
845.0,26,375.0,6.578947368421052,4.707740663161818,10,216.0,0.31659581585222657,16,255.0,0.2898948553922471,26,471.0
850.0,19,298.0,5.228070175438597,4.858550761576842,5,135.0,0.31697028921628434,14,286.0,0.2640049463315884,19,421.0
855.0,14,319.0,5.5,6.520469649115073,5,117.0,0.37976405008301417,9,270.0,0.3460383790292723,14,387.0
860.0,14,146.0,2.4745762711864407,5.9722063353846115,5,88.0,0.3722918136038373,9,210.0,0.21244303075555748,14,298.0
865.0,21,186.0,3.263157894736842,6.065166610113855,9,99.0,0.409691590699196,12,166.0,0.1967899550233403,21,265.0
870.0,23,227.0,4.127272727272727,5.021474307434759,8,120.0,0.394240018006159,15,194.0,0.14894513952268765,23,314.0
875.0,17,245.0,4.9,5.279155779752618,8,124.0,0.3117060989342645,9,191.0,0.21672664682100082,17,315.0
880.0,13,199.0,3.98,5.750671590059984,6,123.0,0.20468383136359244,7,173.0,0.32811472995723956,13,296.0
885.0,19,281.0,5.30188679245283,6.5204389632292274,9,142.0,0.3090189856614082,10,208.0,0.35599887859582907,19,350.0
890.0,21,329.0,6.854166666666667,5.597939393692148,8,165.0,0.3311487468955491,13,228.0,0.33726393563079177,21,393.0
895.0,22,392.0,8.340425531914894,5.292057708486564,8,208.0,0.3794804461258683,14,250.0,0.3030682881065831,22,458.0
900.0,21,352.0,7.183673469387755,3.7303422984771863,7,203.0,0.3367351001450166,14,273.0,0.17414718401475418,21,476.0
905.0,16,332.0,6.64,5.244972679939665,4,163.0,0.39948895239725385,12,255.0,0.24101640917237638,16,418.0
910.0,12,226.0,4.431372549019608,5.537466535409832,4,178.0,0.3469866365954281,8,178.0,0.2850147005415887,12,356.0
915.0,19,279.0,5.166666666666667,5.867389639501824,6,198.0,0.23034628896122944,13,170.0,0.34162832874113513,19,368.0
920.0,19,179.0,3.4423076923076925,5.672541504238767,7,77.0,0.33667827691739216,12,200.0,0.3185254665267931,19,277.0
925.0,17,214.0,4.36734693877551,6.069777413473995,5,84.0,0.3941710652425186,12,199.0,0.3032226233315523,17,283.0
930.0,16,195.0,3.9,5.408574240042909,4,75.0,0.281143619299227,12,209.0,0.2599044004412277,16,284.0
935.0,16,232.0,4.64,6.114911880176356,3,53.0,0.33062968241762625,13,251.0,0.27063080452288724,16,304.0
940.0,19,268.0,5.583333333333333,5.383064792696236,6,66.0,0.41707728582605114,13,282.0,0.18087179274114934,19,348.0
945.0,14,294.0,5.88,6.421353349821719,4,68.0,0.500374894433358,10,294.0,0.25082365094811604,14,362.0
950.0,16,185.0,3.7,6.087406847697777,5,50.0,0.3784578080105045,11,235.0,0.3449517124337335,16,285.0
955.0,15,124.0,2.5306122448979593,6.891341938438447,7,84.0,0.43319893602732407,8,198.0,0.39264533073872243,15,282.0
960.0,13,145.0,3.152173913043478,5.391789145314643,6,106.0,0.42775225907305975,7,209.0,0.2963121467023843,13,315.0
965.0,16,197.0,4.377777777777778,5.623500884315868,6,118.0,0.4061951343756593,10,217.0,0.2753551507372646,16,335.0
970.0,18,130.0,2.8260869565217392,4.418251026777339,8,96.0,0.23037460153633355,10,206.0,0.2097947806333622,18,302.0
975.0,18,170.0,3.4693877551020407,5.787833929244285,5,50.0,0.35284068422024817,13,244.0,0.23655679294503879,18,294.0
980.0,20,212.0,4.416666666666667,5.602887565712048,7,65.0,0.4008649284251955,13,256.0,0.23116831702156088,20,321.0
985.0,21,259.0,5.285714285714286,5.961051853899828,10,111.0,0.44925326806555765,11,213.0,0.2494441771802847,21,324.0
990.0,15,246.0,4.92,4.378739500321134,7,125.0,0.34247237842725503,8,227.0,0.20238125793205075,15,352.0
995.0,17,253.0,4.96078431372549,5.862185784638455,8,122.0,0.36439496172295144,9,204.0,0.32990984146021546,17,326.0
1000.0,15,221.0,4.0181818181818185,5.854157894667317,6,92.0,0.327866065232016,9,216.0,0.26423406219971535,15,308.0
1005.0,20,300.0,5.357142857142857,6.045293506538222,10,105.0,0.3095462166795961,10,241.0,0.30285039553787824,20,346.0
1010.0,20,210.0,3.8181818181818183,5.397067582495135,12,152.0,0.2530216386537257,8,181.0,0.35720177105435996,20,333.0
1015.0,16,202.0,3.811320754716981,6.223979918680898,10,166.0,0.3752422988512177,6,113.0,0.35579640176991556,16,279.0
1020.0,19,245.0,4.454545454545454,6.84575018666196,10,197.0,0.5142703308432908,9,115.0,0.19823350361584,19,312.0
1025.0,19,241.0,4.381818181818182,6.252747563668941,9,174.0,0.39068111164751324,10,153.0,0.20273885014674212,19,327.0
1030.0,23,326.0,6.150943396226415,5.532214977135311,13,186.0,0.28230404348810906,10,206.0,0.3067896512914094,23,392.0
1035.0,25,415.0,7.545454545454546,4.836515802056207,14,235.0,0.21489660959145176,11,259.0,0.3371528635824051,25,494.0
1040.0,18,370.0,6.981132075471698,4.775754893588404,10,254.0,0.23392950216969297,8,233.0,0.28144703393061754,18,487.0
1045.0,15,223.0,4.46,5.591586023903619,9,222.0,0.24235251086998877,6,149.0,0.32987397844653166,15,371.0
1050.0,13,141.0,2.660377358490566,6.076873498250276,7,153.0,0.29938346310952707,6,107.0,0.25740716465661573,13,260.0
1055.0,16,200.0,3.7037037037037037,6.797715117246131,8,184.0,0.39003849379814043,8,106.0,0.22983257369516202,16,290.0
1060.0,17,235.0,4.351851851851852,6.699339043851172,9,205.0,0.4283519248354692,8,104.0,0.32020942370161326,17,309.0
1065.0,14,264.0,4.8,7.103340920806767,8,215.0,0.4359177785931691,6,98.0,0.36600322496436977,14,313.0
1070.0,15,149.0,2.709090909090909,6.592606287012254,10,144.0,0.28973228007363055,5,72.0,0.45638321626923445,15,216.0
1075.0,24,251.0,4.648148148148148,5.575965268634358,16,216.0,0.0979707585737173,8,82.0,0.43179872718377554,24,298.0
1080.0,24,280.0,5.490196078431373,4.966240806340571,16,262.0,0.09296499597511476,8,77.0,0.4479491066800026,24,339.0
1085.0,25,361.0,7.078431372549019,4.94755617198697,16,313.0,0.1694274486631479,9,119.0,0.367175637242454,25,432.0
1090.0,21,292.0,5.959183673469388,4.792226587038989,14,306.0,0.19618522503459673,7,120.0,0.37730777062056353,21,426.0
1095.0,21,263.0,5.36734693877551,5.420752734578347,12,309.0,0.211058245327005,9,100.0,0.34392287003555827,21,409.0
1100.0,15,168.0,3.230769230769231,5.328951567888277,9,298.0,0.20030134041062245,6,80.0,0.34109587703270244,15,378.0
1105.0,16,143.0,2.803921568627451,6.048907741646404,10,236.0,0.25094059385695194,6,79.0,0.4011684129017625,16,315.0
1110.0,17,186.0,3.6470588235294117,6.066388489025565,12,257.0,0.28479383181865214,5,86.0,0.39402314637108654,17,343.0
1115.0,17,230.0,4.339622641509434,6.704921104874201,11,251.0,0.3312159540452594,6,105.0,0.3926810440083296,17,356.0
1120.0,15,203.0,4.319148936170213,5.759665620157898,11,256.0,0.2364365848482202,4,93.0,0.48980398268390135,15,349.0
1125.0,15,198.0,4.604651162790698,6.305101703426434,12,269.0,0.2998770316062367,3,48.0,0.47679588175751897,15,317.0
1130.0,14,168.0,3.9069767441860463,5.035265473106445,12,268.0,0.29114947397524393,2,37.0,0.22437172714633485,14,305.0
1135.0,19,158.0,3.590909090909091,5.67475435613369,12,237.0,0.3648789348055946,7,64.0,0.3114509862193238,19,301.0
1140.0,15,169.0,4.121951219512195,4.870672390424801,12,247.0,0.2759669196682368,3,67.0,0.5148670141593589,15,314.0
1145.0,20,184.0,4.181818181818182,4.784411262695141,15,260.0,0.18440054401837058,5,78.0,0.4351471608539804,20,338.0
1150.0,21,191.0,3.8979591836734695,4.458839953694004,16,297.0,0.13671506840698128,5,57.0,0.4536376368420536,21,354.0
1155.0,20,203.0,3.690909090909091,5.9530383868174415,15,325.0,0.24741529069409102,5,27.0,0.501435901603836,20,352.0
1160.0,19,181.0,3.232142857142857,6.11273709321144,13,312.0,0.34289983834678,6,46.0,0.4684677619474143,19,358.0
1165.0,25,260.0,4.333333333333333,5.6684720837205465,16,348.0,0.24953325914356814,9,58.0,0.4419377417457189,25,406.0
1170.0,29,392.0,6.32258064516129,5.181339893054673,19,440.0,0.23261693636559017,10,101.0,0.3039029609594302,29,541.0
1175.0,28,420.0,7.0,4.812923500380793,18,491.0,0.2576147647860763,10,116.0,0.34181961356270374,28,607.0
1180.0,19,400.0,6.779661016949152,5.149455410290678,14,506.0,0.2232239086937641,5,79.0,0.3455313591042822,19,585.0
1185.0,20,369.0,6.473684210526316,4.627552521337886,13,470.0,0.1431946570225956,7,98.0,0.2920216032884119,20,568.0
1190.0,26,378.0,6.406779661016949,5.120434953530252,17,432.0,0.18640851482377835,9,143.0,0.3146108272024063,26,575.0
1195.0,27,332.0,6.036363636363636,4.085558696639693,19,426.0,0.14401559531465824,8,145.0,0.3258965020412212,27,571.0
1200.0,26,333.0,6.054545454545455,4.7740482463831935,17,374.0,0.17957844685835167,9,141.0,0.34670772009133044,26,515.0
1205.0,26,325.0,5.909090909090909,4.983921280609693,18,420.0,0.1841079202283618,8,138.0,0.38169224624341824,26,558.0
1210.0,29,398.0,6.982456140350878,4.819804788725525,21,502.0,0.16590578464579633,8,113.0,0.39279757461591724,29,615.0
1215.0,25,396.0,6.827586206896552,4.223645425041229,18,525.0,0.17753541097519182,7,129.0,0.34591822823424934,25,654.0
1220.0,19,256.0,4.413793103448276,5.1423298675638325,10,466.0,0.20772695829412163,9,152.0,0.3569530729790629,19,618.0
1225.0,14,167.0,2.830508474576271,6.016538336044364,7,418.0,0.282938835415425,7,160.0,0.36424768114714584,14,578.0
1230.0,20,221.0,3.683333333333333,6.401879136265663,10,403.0,0.3412007995250303,10,174.0,0.3086270620768415,20,577.0
1235.0,19,195.0,3.5454545454545454,5.032677829988558,10,388.0,0.22681497357397506,9,143.0,0.3548975975663812,19,531.0
1240.0,18,215.0,3.9814814814814814,5.422334241260251,11,315.0,0.26206918435005655,7,156.0,0.38004253637534235,18,471.0
1245.0,18,288.0,5.333333333333333,5.997625559796096,9,261.0,0.38466363045156676,9,190.0,0.24406777543408043,18,451.0
1250.0,18,326.0,5.927272727272728,5.292333371806038,9,273.0,0.3024618541464934,9,224.0,0.27271623851725924,18,497.0
1255.0,23,396.0,7.333333333333333,5.046035252813941,13,288.0,0.19667270268461876,10,273.0,0.36005569607547966,23,561.0
1260.0,23,386.0,7.148148148148148,4.760228493945641,17,335.0,0.22670157607679378,6,255.0,0.3493265300299358,23,590.0
1265.0,17,389.0,7.480769230769231,5.832140376509566,9,352.0,0.2944902324810234,8,211.0,0.34547750233473934,17,563.0
1270.0,19,319.0,5.5964912280701755,4.55133894710821,10,350.0,0.1960859547404436,9,171.0,0.2231418064842093,19,521.0
1275.0,25,319.0,5.063492063492063,5.276472538161314,18,425.0,0.25036746582923114,7,101.0,0.3329040727958791,25,526.0
1280.0,26,393.0,6.338709677419355,5.669607670617951,18,472.0,0.3201632336738361,8,99.0,0.43644630793371864,26,571.0
1285.0,25,463.0,7.8474576271186445,4.758865325112079,18,520.0,0.2784486597032185,7,118.0,0.4182703686144382,25,638.0
1290.0,29,520.0,8.387096774193548,3.9615535399575648,19,565.0,0.14759095102538985,10,133.0,0.3674462466832526,29,698.0
1295.0,24,415.0,6.384615384615385,4.637671282172697,15,551.0,0.13792077061750438,9,128.0,0.37188322430484283,24,679.0
1300.0,26,522.0,7.909090909090909,5.804565843318423,15,549.0,0.2862018263375331,11,130.0,0.27473664907779605,26,679.0
1305.0,28,612.0,9.0,5.64707808727796,15,579.0,0.3609740506424599,13,161.0,0.1458789796769719,28,740.0
1310.0,22,449.0,6.907692307692308,5.727547625640548,12,443.0,0.25253678865119716,10,191.0,0.2586953040338513,22,634.0
1315.0,23,280.0,4.516129032258065,5.7446135190818906,15,296.0,0.2633706698892037,8,179.0,0.36846928315703414,23,475.0
1320.0,20,277.0,4.396825396825397,6.261351977927512,13,298.0,0.270158431824992,7,122.0,0.48089525241876974,20,420.0
1325.0,24,388.0,6.258064516129032,5.722519156736086,15,350.0,0.24354455909825395,9,166.0,0.41221675485666137,24,516.0
1330.0,27,394.0,6.354838709677419,4.683579943317391,19,398.0,0.19618467658585864,8,143.0,0.341439894593563,27,541.0
1335.0,26,457.0,7.370967741935484,4.72779177699091,19,421.0,0.1596964110685051,7,111.0,0.37484845793432797,26,532.0
1340.0,23,374.0,6.233333333333333,4.855873038624639,17,424.0,0.19902854261586536,6,87.0,0.2985461524786719,23,511.0
1345.0,26,351.0,6.051724137931035,5.003717121082922,18,408.0,0.20900752346641097,8,109.0,0.2904534506133637,26,517.0
1350.0,25,290.0,4.833333333333333,4.877253565530514,18,423.0,0.1997967223095198,7,125.0,0.38526551937425924,25,548.0
1355.0,20,192.0,3.096774193548387,5.848147448266054,13,364.0,0.27357486926975483,7,114.0,0.3909006445755284,20,478.0
1360.0,22,212.0,3.6551724137931036,5.2205587278666234,14,401.0,0.2620851438424183,8,120.0,0.38829114431815315,22,521.0
1365.0,21,192.0,3.2542372881355934,4.647340587775675,16,425.0,0.1510552879933689,5,90.0,0.38874376959528506,21,515.0
1370.0,24,265.0,4.416666666666667,4.665805090603521,18,442.0,0.11382961539483863,6,87.0,0.3994924248569813,24,529.0
1375.0,21,328.0,5.377049180327869,6.174829425959165,13,423.0,0.20362548914298711,8,125.0,0.40630324691037845,21,548.0
1380.0,19,265.0,4.491525423728813,6.1684467280192266,11,414.0,0.23333099013042466,8,109.0,0.3567333018305464,19,523.0
1385.0,23,370.0,6.491228070175438,5.905883127354166,15,430.0,0.23212655381222233,8,146.0,0.3108848034209119,23,576.0
1390.0,23,295.0,5.175438596491228,5.5117769856525225,14,400.0,0.2522371910315861,9,147.0,0.3733989915393757,23,547.0
1395.0,20,298.0,5.518518518518518,6.325656016607884,12,325.0,0.38937598810795643,8,132.0,0.4165258328794408,20,457.0
1400.0,17,251.0,4.5636363636363635,5.548799440315414,9,332.0,0.4058624395198674,8,115.0,0.2781915271153713,17,447.0
1405.0,20,284.0,5.2592592592592595,5.7421343152660205,13,318.0,0.40573907775707946,7,105.0,0.17560807632016817,20,423.0
1410.0,19,220.0,4.150943396226415,4.578767136724336,15,316.0,0.2525610022980639,4,87.0,0.24737802238808826,19,403.0
1415.0,18,166.0,3.018181818181818,6.005168069552666,14,275.0,0.2769475750379897,4,60.0,0.4019354274439337,18,335.0
1420.0,22,198.0,3.8076923076923075,5.330854091830828,15,301.0,0.2151600934892986,7,78.0,0.43424201184104455,22,379.0
1425.0,27,298.0,5.228070175438597,4.95842333311974,19,353.0,0.1315426083896669,8,117.0,0.45554541797458725,27,470.0
1430.0,26,334.0,6.185185185185185,4.740644324171295,19,420.0,0.18147887008608551,7,124.0,0.4187162273150931,26,544.0
1435.0,22,367.0,6.9245283018867925,5.248997178642854,15,445.0,0.26421022340403294,7,115.0,0.3382997908314536,22,560.0
1440.0,24,382.0,7.2075471698113205,3.818452873539885,13,431.0,0.15961118473727517,11,140.0,0.24430503142856166,24,571.0
1445.0,21,408.0,7.555555555555555,6.028249376646071,12,398.0,0.25928160594946936,9,149.0,0.38878233094734727,21,547.0
1450.0,20,333.0,6.166666666666667,5.063345588434312,12,325.0,0.19209179556268513,8,128.0,0.32952399887942313,20,453.0
1455.0,20,219.0,3.981818181818182,6.260412643582956,9,329.0,0.274989311921383,11,158.0,0.39542312798095713,20,487.0
1460.0,14,181.0,3.3518518518518516,6.3461308575785775,7,271.0,0.26570970329276994,7,155.0,0.4456586834795619,14,426.0
1465.0,15,211.0,4.0576923076923075,6.3505736402756074,8,292.0,0.3154952063558751,7,165.0,0.4458719481571884,15,457.0
1470.0,19,227.0,4.283018867924528,5.571479685589348,14,345.0,0.2628566082823905,5,152.0,0.4405620089327243,19,497.0
1475.0,25,230.0,4.107142857142857,4.8616812747249485,13,363.0,0.33337172455380015,12,119.0,0.28456705837299273,25,482.0
1480.0,21,276.0,4.842105263157895,5.43790663685785,11,382.0,0.4333092641436025,10,138.0,0.26198786743118585,21,520.0
1485.0,20,268.0,4.32258064516129,5.7145256519155,12,385.0,0.33459297596806625,8,117.0,0.2895530369814473,20,502.0
1490.0,21,251.0,3.984126984126984,5.724476872619332,13,352.0,0.28581834652086147,8,127.0,0.31370355198746036,21,479.0
1495.0,24,294.0,4.819672131147541,5.630772881576459,13,344.0,0.3379774675841971,11,169.0,0.32583326332108487,24,513.0
1500.0,21,238.0,3.966666666666667,5.006303349715671,13,289.0,0.2999415568002426,8,191.0,0.307726020513766,21,480.0
1505.0,22,237.0,3.761904761904762,4.936236149045517,15,315.0,0.2612136831879732,7,173.0,0.3431907634768757,22,488.0
1510.0,22,295.0,4.538461538461538,5.959256029173921,14,316.0,0.22328256835704294,8,201.0,0.4760899676144388,22,517.0
1515.0,22,366.0,5.809523809523809,6.514203100923338,13,328.0,0.2805999574804657,9,239.0,0.4052998960819936,22,567.0
1520.0,22,266.0,4.222222222222222,5.6882854984054205,15,340.0,0.22882639353565573,7,180.0,0.23488421018012956,22,520.0
1525.0,23,244.0,4.280701754385965,5.283161924626719,14,373.0,0.2570088072065847,9,127.0,0.3058693754755796,23,500.0
1530.0,23,291.0,5.490566037735849,4.938823990689504,17,421.0,0.2607530606716224,6,114.0,0.43282393024501753,23,535.0
1535.0,26,355.0,6.574074074074074,4.307816319223257,16,474.0,0.26930857788562773,10,138.0,0.2750082650373121,26,612.0
1540.0,22,374.0,6.338983050847458,5.324927633948615,14,481.0,0.3256764135060349,8,150.0,0.2874609663953236,22,631.0
1545.0,21,412.0,6.866666666666666,5.895158664719968,13,500.0,0.28965309663516253,8,162.0,0.35783736709681585,21,662.0
1550.0,26,426.0,6.870967741935484,5.661519228965279,19,489.0,0.17992107391466633,7,164.0,0.4312848431395918,26,653.0
1555.0,26,423.0,6.934426229508197,5.072506333176432,19,481.0,0.19724878767900625,7,177.0,0.4111116540067679,26,658.0
1560.0,24,208.0,3.586206896551724,4.56062343650118,19,395.0,0.25986012135306974,5,113.0,0.32814667685768195,24,508.0
1565.0,25,261.0,4.278688524590164,5.179197019595075,15,424.0,0.3373825174039692,10,110.0,0.28917083575530134,25,534.0
1570.0,21,220.0,3.492063492063492,5.19719292398317,14,409.0,0.3077170376361122,7,114.0,0.3218664113741448,21,523.0
1575.0,21,215.0,3.467741935483871,5.530579893129047,16,417.0,0.24271003383832104,5,94.0,0.42298163039140046,21,511.0
1580.0,23,286.0,4.5396825396825395,5.850788565557754,20,472.0,0.1747716124852737,3,86.0,0.589366965610546,23,558.0
1585.0,28,385.0,6.111111111111111,5.75592338279285,23,539.0,0.15402425980551596,5,104.0,0.5571545690639987,28,643.0
1590.0,26,483.0,8.625,5.24083824209638,18,608.0,0.1884195187907185,8,138.0,0.44610626142444587,26,746.0
1595.0,30,554.0,9.719298245614034,3.3894264528508917,22,605.0,0.08431685682220827,8,168.0,0.16070556189344318,30,773.0
1600.0,34,577.0,10.303571428571429,3.1559178485731407,21,550.0,0.18457838918691902,13,229.0,0.19726111748084835,34,779.0
1605.0,29,514.0,8.566666666666666,4.132044845594275,18,543.0,0.27768009925775394,11,252.0,0.2434368989708795,29,795.0
1610.0,23,370.0,5.967741935483871,5.086575887133866,15,502.0,0.275053360407703,8,233.0,0.3621286782057326,23,735.0
1615.0,20,243.0,3.6818181818181817,5.282964767345922,14,533.0,0.24251664628665115,6,181.0,0.4190859935621951,20,714.0
1620.0,31,314.0,4.757575757575758,5.308170515435323,22,620.0,0.22411091646532702,8,112.0,0.4168372652633948,30,732.0
1625.0,30,334.0,5.301587301587301,4.496413907150985,21,666.0,0.19537119610920703,9,122.0,0.3435921571931122,30,788.0
1630.0,27,333.0,5.370967741935484,5.002357134325442,19,667.0,0.11726313691740098,8,126.0,0.37219066031255504,27,793.0
1635.0,26,355.0,5.916666666666667,4.532902149318754,17,672.0,0.13118123739792353,9,145.0,0.2549005623772674,26,817.0
1640.0,26,359.0,5.698412698412699,5.277352658992529,17,645.0,0.19829667560312841,9,169.0,0.2807728216650166,26,814.0
1645.0,23,355.0,5.634920634920635,4.769232409315933,15,626.0,0.24565871343582635,8,196.0,0.30795136661132344,23,822.0
1650.0,19,302.0,4.870967741935484,6.301221359392362,11,493.0,0.2805775936207871,8,218.0,0.48916055989159785,19,711.0
1655.0,22,336.0,5.25,5.717346454962246,14,479.0,0.22258305440820506,8,256.0,0.44043717674436467,22,735.0
1660.0,23,252.0,3.7611940298507465,5.720165995019368,14,447.0,0.26171566925223033,9,203.0,0.2834012304611435,23,650.0
1665.0,25,321.0,5.015625,5.566516728498545,15,482.0,0.26039508641258874,10,191.0,0.1782302078562641,25,673.0
1670.0,28,336.0,5.1692307692307695,5.5821930490289455,17,541.0,0.31372376083671066,11,155.0,0.16431608837363532,28,696.0
1675.0,26,361.0,5.73015873015873,5.062181135049358,20,555.0,0.2207848751405414,6,132.0,0.3218531352881815,26,687.0
1680.0,24,302.0,4.7936507936507935,4.568725274466331,20,573.0,0.20715470959258425,4,132.0,0.43002327322435846,24,705.0
1685.0,24,294.0,4.666666666666667,5.0178660479577255,16,526.0,0.24000476140149454,8,134.0,0.4569068049370618,24,660.0
1690.0,24,318.0,5.129032258064516,4.995326705910183,15,429.0,0.19720845304456056,9,180.0,0.4754792085042392,24,609.0
1695.0,31,362.0,5.323529411764706,4.34786088705068,20,486.0,0.16335880369148792,11,206.0,0.31654975032699567,31,692.0
1700.0,34,457.0,6.720588235294118,4.488628156408936,23,540.0,0.1775831189790525,11,225.0,0.400542444135227,34,765.0
1705.0,34,577.0,8.36231884057971,4.1937113811447375,25,612.0,0.21997887365551225,9,260.0,0.3745807460549869,34,872.0
1710.0,31,715.0,10.214285714285714,4.963504075404021,20,665.0,0.23783497032971224,11,305.0,0.40036660692578774,31,970.0
1715.0,32,544.0,7.351351351351352,4.130356729254487,21,682.0,0.15475055337367682,11,244.0,0.3280116997204181,32,926.0
1720.0,32,512.0,6.64935064935065,5.229332054552413,18,626.0,0.2635211448676169,14,198.0,0.31412109697201307,32,824.0
1725.0,34,593.0,8.123287671232877,4.970929593540952,21,651.0,0.28242207712337375,13,216.0,0.2612074262873701,34,867.0
1730.0,36,665.0,9.23611111111111,4.352988648059969,21,711.0,0.21356666635118648,15,219.0,0.23208888716391157,36,930.0
1735.0,37,775.0,11.071428571428571,4.123689172871564,23,816.0,0.18332302112561352,14,252.0,0.3083152806624937,37,1068.0
1740.0,36,794.0,11.027777777777779,4.446517674749372,24,832.0,0.17386363427655133,12,250.0,0.32124615823741326,36,1082.0
1745.0,33,640.0,8.88888888888889,4.414500693667219,22,769.0,0.1934035075664688,11,256.0,0.27090692924519444,33,1025.0
1750.0,34,616.0,8.67605633802817,4.358768444703738,20,793.0,0.25341312668765315,14,296.0,0.25449788800873385,34,1089.0
1755.0,35,639.0,8.753424657534246,3.9878460533641817,21,849.0,0.25087049285593027,14,318.0,0.26157051289550837,35,1167.0
1760.0,33,696.0,9.534246575342467,4.585237265463054,18,874.0,0.28237740605132033,15,343.0,0.27784176876359273,33,1217.0
1765.0,32,604.0,8.162162162162161,4.159640425118075,21,855.0,0.22387363072097025,11,362.0,0.26131675653116654,32,1217.0
1770.0,31,510.0,6.8,4.770384329908296,22,800.0,0.1636902231092061,9,371.0,0.3431353112908042,31,1171.0
1775.0,36,599.0,8.094594594594595,3.855225494345816,24,817.0,0.09365707510089402,12,405.0,0.25839308936459626,36,1222.0
1780.0,39,694.0,9.63888888888889,3.974028459158874,24,850.0,0.12728307275867348,15,478.0,0.25672519776220315,39,1328.0
1785.0,39,629.0,8.73611111111111,3.748867609412446,24,814.0,0.179989283851113,15,424.0,0.2132209901849943,39,1238.0
1790.0,38,611.0,8.36986301369863,4.016551179403607,25,799.0,0.16847089802701248,13,393.0,0.2887970033590634,38,1192.0
1795.0,36,654.0,9.211267605633802,3.7616981445875486,25,840.0,0.1329025156225172,11,322.0,0.3571753026487004,36,1162.0
1800.0,35,684.0,9.633802816901408,3.9908118634994065,26,848.0,0.09020306701624976,9,280.0,0.32247993823358156,35,1128.0
1805.0,38,719.0,10.420289855072463,3.5098931420335715,26,879.0,0.042597555015700256,12,296.0,0.35269546320562123,38,1175.0
1810.0,32,471.0,6.4520547945205475,4.344013178924055,20,822.0,0.15153335500623336,12,280.0,0.21409633056633884,32,1102.0
1815.0,28,326.0,4.465753424657534,4.527266050132382,11,783.0,0.2785216738644066,17,320.0,0.10931184937864774,28,1103.0
1820.0,33,414.0,5.75,4.4971717556942945,16,753.0,0.2965246358288183,17,323.0,0.21722604417802868,33,1076.0
1825.0,38,446.0,6.027027027027027,4.27131557225628,24,749.0,0.1576198909199079,14,278.0,0.33615448646113316,38,1027.0
1830.0,35,392.0,5.52112676056338,4.125493286444225,25,804.0,0.14375081362924186,10,266.0,0.3943089103411119,35,1070.0
1835.0,39,473.0,6.391891891891892,3.7657366129058043,23,763.0,0.16940063938448863,16,262.0,0.24641930573883422,39,1025.0
1840.0,35,391.0,5.144736842105263,4.275845643553372,18,653.0,0.21110816389334155,17,292.0,0.21016026630406956,35,945.0
1845.0,23,354.0,4.916666666666667,4.938830654248572,12,589.0,0.2753840136168015,11,257.0,0.1744625501249482,23,846.0
1850.0,23,408.0,5.513513513513513,5.612201811402399,14,526.0,0.30140914928437623,9,250.0,0.18321993758373828,23,776.0
1855.0,28,485.0,6.381578947368421,5.080918205108819,17,537.0,0.24883285318817167,11,273.0,0.17131775018594644,28,810.0
1860.0,32,493.0,6.573333333333333,4.855203513348043,18,556.0,0.2804260403848079,14,264.0,0.2615269588747556,32,820.0
1865.0,35,470.0,6.438356164383562,4.377208563852043,22,560.0,0.27380078976300726,13,227.0,0.29787176145470334,35,787.0
1870.0,36,424.0,5.971830985915493,3.8742297771124843,27,523.0,0.20763900721920758,9,232.0,0.32190584315267495,36,755.0
1875.0,36,433.0,5.931506849315069,3.556862187383954,29,604.0,0.07878468808634813,7,177.0,0.38164377469864985,36,781.0
1880.0,35,465.0,6.549295774647887,4.427423778525137,26,634.0,0.07569044836991373,9,149.0,0.40997027843211775,35,783.0
1885.0,29,451.0,6.632352941176471,4.560181775291792,20,618.0,0.1657710758400671,9,149.0,0.22801940842838947,29,767.0
1890.0,27,329.0,4.838235294117647,4.787911024996624,16,588.0,0.1885384526640849,11,163.0,0.3128518816394317,27,751.0
1895.0,27,349.0,5.453125,4.087462926262842,19,622.0,0.18766466254938494,8,167.0,0.36974186706260015,27,789.0
1900.0,27,407.0,6.4603174603174605,5.019511652459185,18,641.0,0.270472015545938,9,152.0,0.3526698920030337,27,793.0
1905.0,28,363.0,5.260869565217392,4.539202196842865,17,644.0,0.23088228745708006,11,153.0,0.29656878549340343,28,797.0
1910.0,34,428.0,6.202898550724638,5.2133925402636345,22,645.0,0.2537692931305078,12,168.0,0.387080978114371,34,813.0
1915.0,31,487.0,7.161764705882353,4.29388598062501,21,716.0,0.22383150449049338,10,179.0,0.3936897434242013,31,895.0
1920.0,28,544.0,7.661971830985915,4.860161944051833,19,748.0,0.18447302810850738,9,156.0,0.4045626864654801,28,904.0
1925.0,24,493.0,6.943661971830986,5.172539105962291,16,723.0,0.2016197274815179,8,141.0,0.3592277143644652,24,864.0
1930.0,24,449.0,6.323943661971831,5.820444439352758,15,604.0,0.23959845996015136,9,139.0,0.38552917607303205,24,743.0
1935.0,28,491.0,7.3283582089552235,4.499717661695199,19,653.0,0.2054677513618028,9,140.0,0.37255447370882266,28,793.0
1940.0,26,534.0,8.34375,4.886676141980066,18,703.0,0.20662436108247464,8,128.0,0.43478225980897955,26,831.0
1945.0,22,490.0,7.313432835820896,4.446607616799176,15,709.0,0.22821640726897183,7,113.0,0.35643551788920624,22,822.0
1950.0,33,620.0,9.117647058823529,4.4822580237407825,20,777.0,0.26342467242271295,13,116.0,0.2863460968055773,33,893.0
1955.0,34,528.0,7.6521739130434785,4.4158925031908405,23,720.0,0.24835376330367617,11,135.0,0.35365242199366737,34,855.0
1960.0,33,405.0,5.785714285714286,3.862423937648799,25,639.0,0.12551237890567302,8,137.0,0.3581681757716946,33,776.0
1965.0,38,486.0,6.845070422535211,3.4655512907813026,31,725.0,0.11036124213530178,7,154.0,0.33475473038047304,38,879.0
1970.0,33,495.0,6.971830985915493,4.602573320690745,21,756.0,0.22198585063002804,12,201.0,0.2535328522940239,33,957.0
1975.0,26,523.0,7.263888888888889,4.655975990584206,15,788.0,0.29984959385185256,11,232.0,0.09386768062941,26,1020.0
1980.0,26,607.0,8.549295774647888,4.91733621250736,16,722.0,0.19542095624117878,10,252.0,0.21529722243331575,26,974.0
1985.0,29,627.0,9.35820895522388,4.776696081630717,19,694.0,0.1908665260046414,10,248.0,0.25746000753076564,29,942.0
1990.0,30,494.0,7.373134328358209,4.748487087246367,22,624.0,0.16185307171023505,8,205.0,0.3682368983666692,30,829.0
1995.0,36,437.0,6.936507936507937,4.060679624999273,28,508.0,0.14039409061438027,8,168.0,0.38982197768694277,36,676.0
2000.0,34,491.0,7.7936507936507935,3.6867187246886073,26,574.0,0.1629251027617444,8,140.0,0.29536552517856524,34,714.0
2005.0,34,484.0,7.333333333333333,4.031429190633702,25,638.0,0.1692421433014995,9,162.0,0.33525135814474494,34,800.0
2010.0,35,518.0,7.295774647887324,4.147055183622455,26,672.0,0.15199170296680573,9,167.0,0.3652890038637432,35,839.0
2015.0,28,412.0,5.885714285714286,5.750595990633737,21,617.0,0.2231598012539289,7,195.0,0.42580861671090753,28,812.0
2020.0,22,384.0,5.818181818181818,5.850573341179081,13,551.0,0.22795083655691217,9,232.0,0.36448315599973125,22,783.0
2025.0,19,356.0,5.313432835820896,5.9880081626374775,9,446.0,0.241946304556029,10,277.0,0.3309482641559481,19,723.0
2030.0,25,430.0,6.515151515151516,5.191656673903286,13,448.0,0.196405454221746,12,330.0,0.2887515015395278,25,778.0
2035.0,23,337.0,5.616666666666666,4.7839001094776625,15,461.0,0.19494905674456475,8,263.0,0.368824642153082,23,724.0
2040.0,19,392.0,6.6440677966101696,5.943456216594989,11,434.0,0.262236218067262,8,217.0,0.47095119765630666,19,651.0
2045.0,20,323.0,5.568965517241379,4.873627524947666,13,435.0,0.2535065656577975,7,194.0,0.26924157396343396,20,629.0
2050.0,29,433.0,7.098360655737705,4.79810498907958,20,520.0,0.12835319688048788,9,180.0,0.3481244816804428,29,700.0
2055.0,31,455.0,7.844827586206897,4.6403952118127885,22,517.0,0.15962949847267294,9,220.0,0.3957576963672157,31,737.0
2060.0,31,516.0,8.89655172413793,4.992604974718927,21,482.0,0.20633681087029135,10,268.0,0.3516534425881631,31,750.0
2065.0,30,511.0,8.964912280701755,3.9404569101549605,22,533.0,0.19147447309017052,8,271.0,0.28059017146977666,30,804.0
2070.0,28,557.0,9.60344827586207,4.59085940069262,22,570.0,0.1247041753888578,6,256.0,0.4229650732816752,28,826.0
2075.0,27,582.0,10.392857142857142,5.361164477452182,21,580.0,0.13937596683260894,6,278.0,0.5066472615287452,27,858.0
2080.0,21,435.0,7.767857142857143,5.921547316659536,14,489.0,0.2077756209482215,7,309.0,0.3239173594906246,21,798.0
2085.0,16,437.0,8.092592592592593,6.096061889209869,8,411.0,0.2591693797789694,8,342.0,0.2983977468023711,16,753.0
2090.0,13,378.0,7.132075471698113,6.542200026423281,9,310.0,0.2555091624476323,4,290.0,0.3940933518372244,13,600.0
2095.0,19,460.0,9.019607843137255,6.807028931595621,15,378.0,0.25403157630848044,4,298.0,0.5113181662716657,19,676.0
2100.0,21,413.0,8.428571428571429,5.570467772244813,16,391.0,0.28170303728805396,5,291.0,0.34588227319910686,21,682.0
2105.0,21,483.0,10.27659574468085,4.498722288013472,14,382.0,0.29197534741324227,7,323.0,0.20171706453251378,21,705.0
2110.0,22,300.0,6.382978723404255,4.555822920282678,14,373.0,0.2547565514518199,8,222.0,0.3257556822852509,22,595.0
2115.0,11,185.0,3.7755102040816326,6.1800345891854525,8,296.0,0.2552929028249516,3,64.0,0.5041982940298386,11,360.0
2120.0,14,243.0,4.86,7.1307578845800155,9,264.0,0.353467664630763,5,64.0,0.5125226628942086,14,328.0
2125.0,16,317.0,6.604166666666667,7.72848308722999,10,286.0,0.4072671067363655,6,82.0,0.37923769642714505,16,368.0
2130.0,15,307.0,6.14,6.4563352918260435,8,293.0,0.4124485872842255,7,94.0,0.21157557538106836,15,387.0
2135.0,18,389.0,8.644444444444444,5.735448006849419,10,320.0,0.3450921246460529,8,134.0,0.329078358927634,18,454.0
2140.0,17,266.0,6.045454545454546,4.645003205260635,11,285.0,0.236909216311542,6,98.0,0.38710903108957456,17,383.0
2145.0,19,234.0,5.2,5.648610995282101,12,204.0,0.2005440387271839,7,88.0,0.419057885888321,19,292.0
2150.0,18,186.0,4.133333333333334,5.0324149199921715,13,201.0,0.08094279724312703,5,72.0,0.43412966182835855,18,273.0
2155.0,19,267.0,5.804347826086956,5.380752776393179,13,246.0,0.20798345510332159,6,85.0,0.39118026117589444,19,331.0
2160.0,19,185.0,3.7,5.464793649286764,10,245.0,0.3525057595687228,9,73.0,0.32265477143395205,19,318.0
2165.0,12,133.0,2.5576923076923075,7.25694428077527,4,177.0,0.5367054010150014,8,87.0,0.3752459266383068,12,264.0
2170.0,14,127.0,2.4423076923076925,6.232456748429327,6,181.0,0.4312547941545258,8,89.0,0.34226177689255505,14,270.0
2175.0,22,210.0,3.75,5.95753780109756,14,231.0,0.28936681009667653,8,90.0,0.42057441498868664,22,321.0
2180.0,22,187.0,3.4,4.926384214262717,15,234.0,0.22000035468627258,7,82.0,0.40326002808081185,22,316.0
2185.0,23,230.0,4.035087719298246,5.250186217278375,17,248.0,0.20492751558653044,6,54.0,0.4423014883619724,23,302.0
2190.0,26,252.0,4.421052631578948,4.431617379167228,16,256.0,0.18205253257660214,10,76.0,0.3483777563251073,26,332.0
2195.0,22,260.0,4.333333333333333,5.472291517377005,10,233.0,0.34372208373797275,12,118.0,0.2577656778877222,22,351.0
2200.0,21,190.0,3.1666666666666665,4.785919090137635,10,213.0,0.30199639691141017,11,134.0,0.21638076093020536,21,347.0
2205.0,31,278.0,4.711864406779661,5.258331681932028,17,200.0,0.24590623543208232,14,178.0,0.34605143346413886,31,378.0
2210.0,28,375.0,6.4655172413793105,4.499456504932078,15,235.0,0.2101597587642962,13,238.0,0.3090808256443936,28,473.0
2215.0,24,450.0,7.894736842105263,4.711430994995294,11,224.0,0.3038447691350329,13,282.0,0.23242544518420127,24,506.0
2220.0,26,411.0,7.086206896551724,4.054181287361768,11,237.0,0.3194308464024726,15,286.0,0.060045831331228317,26,523.0
2225.0,24,386.0,6.771929824561403,5.177271700994682,12,235.0,0.3348619742678671,12,286.0,0.16354629377043206,24,521.0
2230.0,24,281.0,4.9298245614035086,4.555193561890076,12,256.0,0.22828597429718056,12,249.0,0.19511165161378244,24,505.0
2235.0,19,233.0,4.017241379310345,5.9984871767861145,11,273.0,0.2561734698332106,8,137.0,0.3627404756099063,19,410.0
2240.0,19,211.0,3.7017543859649122,6.249806897181816,9,255.0,0.3142774597787289,10,140.0,0.4086796759044171,19,395.0
2245.0,21,217.0,3.7413793103448274,6.21991641549143,12,260.0,0.3416655213350667,9,132.0,0.36057253092168096,21,392.0
2250.0,27,285.0,4.75,4.606612820572695,16,274.0,0.1193216018942826,11,157.0,0.37992108642235956,27,431.0
2255.0,24,282.0,4.779661016949152,4.910350391089206,14,270.0,0.2386661817712017,10,162.0,0.37972763015721817,24,432.0
2260.0,18,289.0,4.982758620689655,5.874720213135084,11,291.0,0.2875045181703982,7,154.0,0.4384508320898076,18,445.0
2265.0,21,228.0,3.9310344827586206,5.002436444146892,10,262.0,0.2124868209912521,11,153.0,0.24256876228514568,21,415.0
2270.0,28,270.0,4.354838709677419,4.298490477342956,15,292.0,0.1760672512018423,13,148.0,0.1296839162474227,28,440.0
2275.0,28,267.0,4.45,4.656684996335673,13,329.0,0.29657050397801304,15,184.0,0.21510614579906298,28,513.0
2280.0,26,339.0,5.557377049180328,5.280064147727023,11,313.0,0.39745902182525994,15,217.0,0.29377526484197986,26,530.0
2285.0,22,326.0,5.344262295081967,5.118992454974791,11,291.0,0.3345706351258074,11,242.0,0.3287055159562764,22,533.0
2290.0,24,290.0,4.53125,5.179623518391487,16,303.0,0.22064923786692545,8,205.0,0.4084016291895488,24,508.0
2295.0,22,355.0,5.546875,5.654931862579417,12,297.0,0.20507396635284036,10,212.0,0.3786358065092502,22,509.0
2300.0,27,271.0,4.301587301587301,5.193816676874179,15,249.0,0.123616350412909,12,229.0,0.2958023005037582,27,478.0
2305.0,29,338.0,5.28125,4.747377900344269,16,298.0,0.1518051735338404,13,221.0,0.23379211626093263,29,519.0
2310.0,30,379.0,5.742424242424242,4.989607385469377,17,321.0,0.2607396608942332,13,245.0,0.321671002706073,30,566.0
2315.0,25,380.0,6.031746031746032,5.952587231000544,12,351.0,0.37974148226735355,13,269.0,0.3544363362939326,25,620.0
2320.0,26,360.0,5.373134328358209,4.818256845803337,12,364.0,0.35876888252307104,14,287.0,0.17713289785686845,26,651.0
2325.0,18,305.0,4.295774647887324,5.895274909466071,8,316.0,0.37542718035859035,10,275.0,0.22660688268936877,18,591.0
2330.0,23,294.0,4.388059701492537,5.700222142478148,14,314.0,0.30538654678061733,9,237.0,0.24669393898462422,23,551.0
2335.0,28,340.0,4.927536231884058,5.628208824063382,15,327.0,0.22998862246127777,13,186.0,0.24142793802457782,28,513.0
2340.0,30,393.0,5.954545454545454,5.104971379946026,15,300.0,0.2589405103151949,15,219.0,0.26999237809904825,30,519.0
2345.0,28,373.0,6.114754098360656,5.043950521950295,16,302.0,0.2562228170109494,12,216.0,0.3713981284230364,28,518.0
2350.0,29,383.0,6.17741935483871,4.236348640952664,18,293.0,0.2582126869423004,11,225.0,0.23997928791838216,29,518.0
2355.0,26,346.0,5.492063492063492,4.281653215529681,16,342.0,0.21434197310016675,10,201.0,0.32079762574424014,26,543.0
2360.0,28,435.0,7.372881355932203,5.123677165250581,17,362.0,0.22270400492911668,11,198.0,0.36122119370363154,28,560.0
2365.0,26,393.0,6.140625,4.703159456748044,15,355.0,0.21613202743818066,11,226.0,0.2435117263050973,26,581.0
2370.0,30,484.0,7.117647058823529,5.429247869265791,19,326.0,0.25558418449154535,11,284.0,0.3124003603288993,30,610.0
2375.0,26,443.0,6.420289855072464,5.572700635922303,16,346.0,0.30125395685470335,10,274.0,0.41727034364393856,26,620.0
2380.0,22,388.0,5.542857142857143,6.4164550770744375,14,305.0,0.33930451549492574,8,267.0,0.45942250289686054,22,572.0
2385.0,22,247.0,3.742424242424242,4.494509506840843,11,316.0,0.19783346303590893,11,199.0,0.3763677670135634,22,515.0
2390.0,32,340.0,5.151515151515151,4.239983329544409,17,329.0,0.20868258179784355,15,185.0,0.1829092335652014,32,514.0
2395.0,33,315.0,4.846153846153846,3.491402918460709,18,340.0,0.1919997143793651,15,198.0,0.030273398089399817,33,538.0
2400.0,32,365.0,5.53030303030303,4.403875477841074,21,355.0,0.18141617144736633,11,184.0,0.16519873012754097,32,539.0
2405.0,29,349.0,5.453125,3.9156812884964354,21,401.0,0.10962860468693418,8,177.0,0.27591025980217004,29,578.0
2410.0,34,432.0,6.75,5.054540515638804,23,416.0,0.14868095663471995,11,189.0,0.3639887776038572,34,605.0
2415.0,29,490.0,7.65625,4.598289891942414,21,484.0,0.15369705840953105,8,204.0,0.37154325372912655,29,688.0
2420.0,21,495.0,8.114754098360656,5.731291764782884,14,500.0,0.18303801790396473,7,189.0,0.4242888526910184,21,689.0
2425.0,20,453.0,7.677966101694915,4.622459539343943,12,499.0,0.1660551375183013,8,189.0,0.2846232357912067,20,688.0
2430.0,28,401.0,6.467741935483871,4.663867058841808,15,458.0,0.1826166367283008,13,220.0,0.23655075449851848,28,678.0
2435.0,24,399.0,6.435483870967742,4.567995433873277,12,480.0,0.23660774386203062,12,270.0,0.26239148276614477,24,750.0
2440.0,23,441.0,7.35,5.350949966983616,12,462.0,0.24175286377546218,11,289.0,0.33974580721512443,23,751.0
2445.0,20,305.0,4.919354838709677,5.3391597316207475,12,441.0,0.2547484893961699,8,230.0,0.27619252570888275,20,671.0
2450.0,30,345.0,5.476190476190476,5.541338718674064,17,485.0,0.2788107617636683,13,166.0,0.2740230919964557,30,651.0
2455.0,27,363.0,5.950819672131147,5.095339423305854,15,489.0,0.27488202066091355,12,192.0,0.29882705638901985,27,681.0
2460.0,23,352.0,5.966101694915254,5.106539636791888,12,436.0,0.27267314768482764,11,189.0,0.33246211076519117,23,625.0
2465.0,25,275.0,4.508196721311475,4.531948825505549,14,420.0,0.2230477913888167,11,209.0,0.3456639389959909,25,629.0
2470.0,24,325.0,5.158730158730159,5.350918959829195,16,408.0,0.26694351812758543,8,215.0,0.34844181600413193,24,623.0
2475.0,24,228.0,3.5625,4.750941972584037,17,417.0,0.23429577713332922,7,173.0,0.2958013314013889,24,590.0
2480.0,22,217.0,3.3384615384615386,5.4173616667459985,11,382.0,0.3043946825971497,11,147.0,0.24893210423126397,22,529.0
2485.0,24,311.0,5.016129032258065,6.064745987981255,12,377.0,0.41317530729024726,12,181.0,0.2425625804033063,24,558.0
2490.0,20,313.0,5.216666666666667,5.765720296306337,12,375.0,0.26494297165040104,8,188.0,0.3094031436623691,20,563.0
2495.0,20,277.0,4.616666666666666,5.793672980939675,11,370.0,0.22046934923477732,9,170.0,0.3575467230757626,20,540.0
2500.0,27,324.0,5.4,5.736047686648196,14,335.0,0.19987146986409576,13,227.0,0.3878816049102436,27,562.0
2505.0,24,282.0,5.035714285714286,5.1483253775825375,12,314.0,0.2470897324035027,12,197.0,0.37026962262046487,24,511.0
2510.0,24,290.0,5.178571428571429,4.850561337389893,11,339.0,0.2716218567029047,13,204.0,0.26508501531435374,24,543.0
2515.0,23,301.0,5.280701754385965,5.0337635728623145,9,321.0,0.37631225438264176,14,233.0,0.16512606152761689,23,554.0
2520.0,18,253.0,4.43859649122807,5.362053674587016,9,292.0,0.3053487409796717,9,226.0,0.17190834338386113,18,518.0
2525.0,22,230.0,3.9655172413793105,5.256535719314607,14,343.0,0.29238800801514075,8,199.0,0.185159625431422,22,542.0
2530.0,24,213.0,3.55,5.151498592435899,13,333.0,0.25311374403854503,11,173.0,0.2795910885886302,24,506.0
2535.0,23,279.0,4.894736842105263,5.596356145065946,14,346.0,0.34799872574561336,9,186.0,0.3499605143980612,23,532.0
2540.0,18,268.0,4.701754385964913,6.294516022636923,11,357.0,0.40822694485992744,7,153.0,0.41876932022857344,18,510.0
2545.0,16,286.0,5.107142857142857,6.537897921281969,10,329.0,0.24626252765736856,6,157.0,0.5111111566022325,16,486.0
2550.0,21,225.0,3.6885245901639343,5.522042819992621,14,262.0,0.1673542722887893,7,134.0,0.2731460727589058,21,396.0
2555.0,24,260.0,4.333333333333333,6.068315061756114,14,241.0,0.31166658729828695,10,142.0,0.2795536444671056,24,383.0
2560.0,20,263.0,4.696428571428571,5.441075753808426,11,205.0,0.3086154929069106,9,178.0,0.3493023229108549,20,383.0
2565.0,19,273.0,4.875,5.536826766092582,13,217.0,0.27683150619980634,6,179.0,0.3897999259093983,19,396.0
2570.0,22,300.0,5.555555555555555,5.179995589470293,14,226.0,0.26207999242231544,8,180.0,0.3422123090496103,22,406.0
2575.0,21,310.0,5.344827586206897,5.872826947936555,14,234.0,0.18527281304823373,7,155.0,0.42889216184776113,21,389.0
2580.0,27,320.0,5.818181818181818,5.093297989233334,16,246.0,0.1351771733238868,11,200.0,0.3364886541655605,27,446.0
2585.0,25,388.0,6.807017543859649,5.301468816314299,15,256.0,0.2078565406470986,10,235.0,0.3325094482414904,25,491.0
2590.0,22,420.0,7.777777777777778,5.726389039737774,11,258.0,0.3599492659331203,11,267.0,0.3222376608620315,22,525.0
2595.0,15,241.0,4.303571428571429,6.1022610664534085,8,229.0,0.40798140303934355,7,214.0,0.3625304670749501,15,443.0
2600.0,18,244.0,4.60377358490566,6.1614138029245815,10,240.0,0.4104321331738853,8,125.0,0.37369510980643794,18,365.0
2605.0,22,240.0,4.528301886792453,4.977264670271708,14,245.0,0.20522780086001433,8,140.0,0.3935750860946878,22,385.0
2610.0,23,203.0,3.625,4.163831444200637,17,279.0,0.0643556062878301,6,113.0,0.43198652694351336,23,392.0
2615.0,21,249.0,4.446428571428571,4.935348493120142,13,291.0,0.19621663006105095,8,111.0,0.30912780178840316,21,402.0
2620.0,17,192.0,3.2542372881355934,6.018434146540307,11,301.0,0.2939698972819557,6,81.0,0.3019069906437347,17,382.0
2625.0,25,260.0,4.482758620689655,6.226791404112914,15,314.0,0.3018171698642932,10,110.0,0.3631098631082159,25,424.0
2630.0,23,261.0,4.9245283018867925,5.293142782011551,14,301.0,0.24577331195088678,9,119.0,0.4213004904269233,23,420.0
2635.0,23,308.0,5.811320754716981,5.317355276899056,14,278.0,0.26521171198156895,9,163.0,0.36291671473725307,23,441.0
2640.0,27,310.0,5.43859649122807,3.958665651752149,15,300.0,0.17128136902509616,12,173.0,0.3233194135998418,27,473.0
2645.0,25,375.0,6.147540983606557,5.743667596708362,17,331.0,0.22152624508693983,8,161.0,0.45326676850210973,25,492.0
2650.0,21,253.0,4.147540983606557,5.0328673683431475,14,328.0,0.22503446762338458,7,121.0,0.37794564693968735,21,449.0
2655.0,21,237.0,3.761904761904762,5.670084578070921,9,252.0,0.3566382747609466,12,100.0,0.27809781999422706,21,352.0
2660.0,23,295.0,4.682539682539683,4.8580976588347085,10,273.0,0.31480795780454984,13,148.0,0.20518363648444135,23,421.0
2665.0,26,381.0,5.953125,5.604799829968452,16,326.0,0.28085204521090573,10,169.0,0.30844924256487116,26,495.0
2670.0,26,319.0,5.316666666666666,5.094598011233841,16,313.0,0.27580409433715575,10,170.0,0.3464200064945643,26,483.0
2675.0,26,385.0,6.416666666666667,5.755026299201287,14,264.0,0.34798611794381656,12,225.0,0.32773420430841266,26,489.0
2680.0,25,366.0,6.0,5.019303042394825,15,275.0,0.26364306478726346,10,243.0,0.35414397819379206,25,518.0
2685.0,20,338.0,5.121212121212121,6.056519122765478,11,236.0,0.267803226095247,9,228.0,0.47054946847227025,20,464.0
2690.0,20,255.0,4.180327868852459,6.113073069745875,13,247.0,0.2852541243631563,7,158.0,0.4041115634137512,20,405.0
2695.0,22,322.0,5.551724137931035,6.340754465796143,14,293.0,0.32786153972427956,8,100.0,0.34915956803690285,22,393.0
2700.0,20,294.0,4.983050847457627,4.9831762793192595,12,319.0,0.28142516567164766,8,93.0,0.18143715961588486,20,412.0
2705.0,19,306.0,5.275862068965517,6.1089935922123875,12,324.0,0.38362884243451156,7,77.0,0.3225009582263622,19,401.0
2710.0,19,269.0,4.483333333333333,6.226935135768723,11,314.0,0.35656245945670406,8,93.0,0.3941253458913655,19,407.0
2715.0,21,311.0,5.098360655737705,6.676413709694282,12,281.0,0.3516644157463358,9,135.0,0.47187052407208946,21,416.0
2720.0,20,261.0,4.5,5.4859402683364715,11,219.0,0.30732735330094624,9,145.0,0.4478782830891025,20,364.0
2725.0,23,266.0,4.75,5.30480294272686,13,225.0,0.3124268541045322,10,170.0,0.35064022276230494,23,395.0
2730.0,29,236.0,4.140350877192983,4.252951830896394,13,195.0,0.2723163897369829,16,177.0,0.2803761622565324,29,372.0
2735.0,25,274.0,4.491803278688525,4.527738663534281,10,187.0,0.2558895627987812,15,200.0,0.19552061120558092,25,387.0
2740.0,23,245.0,4.1525423728813555,5.083935449898972,8,159.0,0.38400527346790414,15,214.0,0.20218618967337199,23,373.0
2745.0,19,222.0,3.7,5.34766283283991,9,166.0,0.2872101788877072,10,210.0,0.25175750806457314,19,376.0
2750.0,19,296.0,5.016949152542373,5.188687522567874,10,196.0,0.20274620018408512,9,196.0,0.3359868771346061,19,392.0
2755.0,19,340.0,5.762711864406779,5.687025553105489,9,214.0,0.277112491523757,10,213.0,0.3026522709594033,19,427.0
2760.0,21,282.0,4.548387096774194,5.77064592069691,8,170.0,0.3451531841881921,13,228.0,0.28552114750267926,21,398.0
2765.0,22,269.0,4.338709677419355,5.892128769377084,8,137.0,0.4381185525842017,14,219.0,0.34541256175778795,22,356.0
2770.0,28,323.0,4.82089552238806,5.861807729073965,10,143.0,0.42306298811611603,18,259.0,0.34704265395401795,28,402.0
2775.0,29,318.0,4.608695652173913,4.987253282455115,12,178.0,0.3538993102033276,17,259.0,0.31774277939551354,29,437.0
2780.0,34,401.0,5.569444444444445,4.917886176604327,17,221.0,0.3238481197585551,17,269.0,0.2996059668382113,34,490.0
2785.0,37,416.0,5.777777777777778,4.139771423441333,17,252.0,0.30805103438825415,20,299.0,0.2043313686138313,37,551.0
2790.0,31,325.0,4.333333333333333,3.8969733089750496,18,287.0,0.1616594645105065,13,274.0,0.2802281218897181,31,561.0
2795.0,29,325.0,4.166666666666667,4.412863844345397,18,280.0,0.15135671434934814,11,260.0,0.28777463568760114,29,540.0
2800.0,30,356.0,4.395061728395062,5.328677103597587,18,298.0,0.26734748859181356,12,253.0,0.25782512666910296,30,551.0
2805.0,34,428.0,5.283950617283951,5.393769925685862,16,319.0,0.3169373174884618,18,268.0,0.20195198700642422,34,587.0
2810.0,34,464.0,5.8734177215189876,5.236982290193699,15,354.0,0.32081264837243656,19,303.0,0.2379606448005233,34,657.0
2815.0,40,578.0,7.225,4.831273587374943,17,371.0,0.3399293218908934,23,392.0,0.2282944449294498,40,763.0
2820.0,37,564.0,7.05,4.485878528553068,17,390.0,0.3125873638687891,20,431.0,0.20488046707985552,37,821.0
2825.0,38,652.0,8.467532467532468,4.210061214411557,18,443.0,0.23112197314338867,20,444.0,0.2438602162440703,38,887.0
2830.0,40,650.0,8.227848101265822,3.6254293513150793,19,452.0,0.2151854640294147,21,463.0,0.1354296723135214,40,915.0
2835.0,36,536.0,6.871794871794871,4.328766678639253,20,497.0,0.20188097475349984,16,404.0,0.18428249458514417,36,901.0
2840.0,28,569.0,7.4868421052631575,4.464843003916038,20,551.0,0.1866568619992662,8,442.0,0.25523767175393636,28,993.0
2845.0,32,451.0,5.934210526315789,4.015073773603152,20,522.0,0.20467015592433813,12,472.0,0.2664506890553811,32,994.0
2850.0,35,509.0,6.972602739726027,3.7351658015277747,20,447.0,0.2257199246886876,15,457.0,0.23991737448506323,35,904.0
2855.0,34,568.0,8.114285714285714,3.5794556386896703,19,505.0,0.12485817420272143,15,383.0,0.28953648801473314,34,888.0
2860.0,31,659.0,9.152777777777779,4.177144142742402,18,520.0,0.17202016804481654,13,341.0,0.2197258051452895,31,861.0
2865.0,29,584.0,8.342857142857143,4.872853611295053,17,503.0,0.09325623442900417,12,333.0,0.307894465036502,29,836.0
2870.0,23,380.0,5.507246376811594,5.0500270460978145,9,364.0,0.22315152634480784,14,363.0,0.2544534195251804,23,727.0
2875.0,27,452.0,6.191780821917808,4.146457824972164,8,375.0,0.2856132354808002,19,408.0,0.177077524431309,27,783.0
2880.0,31,549.0,7.32,5.211250334419865,15,418.0,0.34905035353049074,16,450.0,0.2113543053073123,31,868.0
2885.0,24,507.0,7.242857142857143,5.947425504610196,11,386.0,0.36922982908324137,13,372.0,0.28304796874300886,24,758.0
2890.0,24,564.0,8.173913043478262,5.353852204999259,9,293.0,0.30392319633515813,15,400.0,0.23275001873580883,24,693.0
2895.0,30,651.0,9.863636363636363,5.170755216113794,11,317.0,0.32591620224115825,19,441.0,0.2061068888369293,30,758.0
2900.0,31,672.0,10.5,4.542287304006443,11,313.0,0.28326846178756515,20,486.0,0.19273475018916914,31,799.0
2905.0,32,711.0,11.109375,4.3249684172519,12,279.0,0.32528335607182995,20,550.0,0.20830309501404484,32,829.0
2910.0,26,703.0,11.158730158730158,4.1790622406548525,12,310.0,0.30899834005103993,14,558.0,0.19014278343915048,26,868.0
2915.0,24,533.0,8.737704918032787,5.3307349352431235,13,349.0,0.31592212600388336,11,401.0,0.2596851755091145,24,750.0
2920.0,25,289.0,4.587301587301587,4.588019908054993,14,268.0,0.20684090515035636,11,325.0,0.1458851276967012,25,593.0
2925.0,33,367.0,5.825396825396825,4.559567650344865,16,231.0,0.212489396328946,17,316.0,0.18537847453953946,33,547.0
2930.0,32,431.0,7.56140350877193,4.48464515515995,15,253.0,0.23581125144662077,17,371.0,0.2777340439704559,32,624.0
2935.0,33,494.0,8.372881355932204,4.014470747520244,13,265.0,0.24824139859266062,20,441.0,0.21734676527385355,33,706.0
2940.0,29,484.0,8.066666666666666,3.323974938601325,12,287.0,0.1247237998498933,17,470.0,0.23978419282650035,29,757.0
2945.0,22,373.0,6.543859649122807,4.682268103291322,10,282.0,0.17824893008162135,12,422.0,0.28825382579796194,22,704.0
2950.0,18,347.0,6.087719298245614,4.998044953628427,10,277.0,0.12471225721237625,8,366.0,0.29521004531926837,18,643.0
2955.0,21,316.0,5.3559322033898304,5.571682172019162,9,241.0,0.20384935946732746,12,315.0,0.272458455144685,21,556.0
2960.0,22,346.0,6.290909090909091,5.271074495647608,10,264.0,0.26431834368104395,12,334.0,0.3189250762003838,22,598.0
2965.0,26,439.0,7.701754385964913,4.3816711399192165,10,293.0,0.3390581635214104,16,361.0,0.19445719793096553,26,654.0
2970.0,24,460.0,8.214285714285714,4.475691799244834,11,291.0,0.30032492163590974,13,369.0,0.24975516921945218,24,660.0
2975.0,21,444.0,7.52542372881356,5.268634759582913,9,283.0,0.34676791213071984,12,366.0,0.2528163502963915,21,649.0
2980.0,22,453.0,7.55,5.163628437105149,6,246.0,0.29612314636696024,16,407.0,0.2691566292813771,22,653.0
2985.0,30,248.0,3.9365079365079363,4.657763699009711,11,173.0,0.3155878169784451,19,317.0,0.22125652560421621,30,490.0
2990.0,28,322.0,5.193548387096774,5.347356860876199,10,194.0,0.3325476678761622,18,268.0,0.3191062154680169,28,462.0
2995.0,21,361.0,5.82258064516129,5.422136346513799,7,210.0,0.41592048796198944,14,302.0,0.22058529188218537,21,512.0
3000.0,23,384.0,6.193548387096774,5.825596174399995,9,248.0,0.36456994101910045,14,286.0,0.18654073024674728,23,534.0
3005.0,23,371.0,5.707692307692308,5.335427087756228,8,262.0,0.2522934194529331,15,314.0,0.13676143512276437,23,576.0
3010.0,28,401.0,6.467741935483871,6.035398991153393,10,288.0,0.3206303848222116,18,324.0,0.24493065131594374,28,612.0
3015.0,24,406.0,7.518518518518518,4.643605394596075,9,296.0,0.24186507849303093,15,359.0,0.2795840712113974,24,655.0
3020.0,28,482.0,9.09433962264151,3.8266135467434483,10,325.0,0.2578692680405042,18,405.0,0.26530390585120617,28,730.0
3025.0,31,353.0,6.303571428571429,3.097679244352108,9,228.0,0.2582788491178763,22,444.0,0.2029146053786257,31,672.0
3030.0,25,352.0,6.068965517241379,4.595878477653428,7,113.0,0.3117733588004811,18,435.0,0.24284096232589003,25,548.0
3035.0,21,226.0,3.7049180327868854,4.733645430963051,5,91.0,0.3372923564186287,16,441.0,0.22230900018768665,21,532.0
3040.0,24,264.0,4.190476190476191,5.5984134906204295,2,47.0,0.575124171769143,22,426.0,0.16989082343495832,24,473.0
3045.0,24,349.0,5.816666666666666,5.40582284616299,3,51.0,0.5921609091725191,21,492.0,0.14412900400082235,24,543.0
3050.0,22,404.0,6.622950819672131,6.107715217614421,5,73.0,0.4974004827308916,17,531.0,0.20602364929563352,22,604.0
3055.0,19,409.0,7.175438596491228,5.891128612460223,5,95.0,0.41974837866266484,14,522.0,0.20079665503837366,19,617.0
3060.0,24,338.0,6.2592592592592595,4.969038877153562,8,126.0,0.3918379362677708,16,491.0,0.10697250589169549,24,617.0
3065.0,20,332.0,6.384615384615385,4.897136776909195,5,121.0,0.49813570147689357,15,541.0,0.07561019428112402,20,662.0
3070.0,23,417.0,8.176470588235293,5.627385821063036,5,138.0,0.5243710443498157,18,578.0,0.14082396939281175,23,716.0
3075.0,22,416.0,7.849056603773585,5.2757762985921195,6,115.0,0.36537903113110953,16,609.0,0.25507845426947695,22,724.0
3080.0,19,427.0,7.907407407407407,5.91475810940206,8,145.0,0.3508952100268298,11,579.0,0.32929499513089994,19,724.0
3085.0,19,356.0,6.716981132075472,5.613583460052456,6,83.0,0.386694542486498,13,574.0,0.28129722077945896,19,657.0
3090.0,23,378.0,6.75,5.967000961240918,7,80.0,0.37229449101824724,16,536.0,0.3346306479552445,23,616.0
3095.0,23,238.0,4.175438596491228,4.91584225311105,7,96.0,0.29360104967891815,16,440.0,0.2799582832928836,23,536.0
3100.0,24,257.0,4.849056603773585,4.820502867062328,9,122.0,0.3273471439363509,15,381.0,0.2850232483736133,24,503.0
3105.0,28,297.0,5.60377358490566,3.363564023110203,11,143.0,0.21270510441533833,17,385.0,0.2178575326937893,28,528.0
3110.0,29,346.0,6.407407407407407,3.64346159805247,13,188.0,0.19652889962241643,16,375.0,0.20013959800558143,29,563.0
3115.0,24,275.0,4.910714285714286,3.6498527899800335,9,176.0,0.16205080435476038,15,395.0,0.19261729995108154,24,571.0
3120.0,22,254.0,4.456140350877193,5.033296307658592,3,115.0,0.3789078039482857,19,427.0,0.15140480494110706,22,542.0
3125.0,25,310.0,5.344827586206897,4.961618887551554,3,112.0,0.4758927799166688,22,480.0,0.16910973310953484,25,592.0
3130.0,29,421.0,7.258620689655173,4.836325232344204,8,144.0,0.3323174132467062,21,524.0,0.2339912236452533,29,668.0
3135.0,27,462.0,7.830508474576271,4.410297468560249,7,149.0,0.2934057538993502,20,561.0,0.2737907806037584,27,710.0
3140.0,19,407.0,7.140350877192983,5.383305987422237,5,118.0,0.3529109559268848,14,534.0,0.27802948748775785,19,652.0
3145.0,21,461.0,7.813559322033898,4.975343609970018,7,142.0,0.2756967878378371,14,552.0,0.21069894882746384,21,694.0
3150.0,30,564.0,9.4,5.148274330689782,12,195.0,0.3254307752229455,18,602.0,0.1648169312842158,30,797.0
3155.0,29,557.0,9.131147540983607,4.466139429307577,9,219.0,0.3578732256207547,20,585.0,0.1349451658049375,29,804.0
3160.0,25,399.0,6.65,5.603916503474177,8,210.0,0.4236417597543979,17,495.0,0.21000362384821805,25,705.0
3165.0,20,312.0,5.2,5.419918128887916,8,189.0,0.38259705507093966,12,496.0,0.20239886357687337,20,685.0
3170.0,26,374.0,6.032258064516129,5.237048859975013,12,234.0,0.3028729367981267,14,472.0,0.21516299063990468,26,706.0
3175.0,31,326.0,5.433333333333334,4.318312544655222,13,199.0,0.2729573611924008,18,488.0,0.16315614611599813,31,687.0
3180.0,29,430.0,7.049180327868853,5.1699661988090835,13,183.0,0.36929137425945313,16,450.0,0.2075744678279991,29,633.0
3185.0,25,403.0,6.830508474576271,4.624030507223258,11,196.0,0.31097438831162977,14,478.0,0.2734910401320657,25,674.0
3190.0,25,465.0,7.75,4.563635216402598,13,241.0,0.2653744497503444,12,478.0,0.27710702851790103,25,719.0
3195.0,27,337.0,5.524590163934426,3.918391089697353,13,245.0,0.2309086415777145,14,463.0,0.24520272626434533,27,708.0
3200.0,24,254.0,4.096774193548387,5.158052299638217,6,176.0,0.32205776497629374,18,410.0,0.21853360690657894,24,586.0
3205.0,28,342.0,5.428571428571429,5.181385609455329,7,138.0,0.4308037384302326,21,440.0,0.0988263768458055,28,578.0
3210.0,28,407.0,6.074626865671642,5.849730679156425,8,160.0,0.4348086876628915,20,443.0,0.15390884584776632,28,603.0
3215.0,26,465.0,7.045454545454546,5.185625791128582,8,188.0,0.35434529888580585,18,491.0,0.21765713262168104,26,679.0
3220.0,28,498.0,7.432835820895522,5.035782236659224,11,203.0,0.3951821724953223,17,534.0,0.2113140059834527,28,737.0
3225.0,32,364.0,5.27536231884058,4.33483367823342,13,172.0,0.36234358949747675,19,513.0,0.1879689509149904,32,685.0
3230.0,29,295.0,4.338235294117647,4.832818215728676,15,170.0,0.36833001018171996,14,428.0,0.24129642929606332,29,598.0
3235.0,31,336.0,5.014925373134329,4.116544227581552,16,211.0,0.21042762959992412,15,405.0,0.25347252361786826,31,616.0
3240.0,28,323.0,4.75,4.665491243571339,13,214.0,0.2248435250574609,15,402.0,0.23778797084875455,28,616.0
3245.0,29,309.0,4.478260869565218,4.519201688782452,11,172.0,0.32483930812694634,18,431.0,0.15411534588341733,29,603.0
3250.0,28,322.0,4.666666666666667,5.320924243089677,12,184.0,0.36021844195014385,16,435.0,0.2675522980468604,28,619.0
3255.0,29,378.0,5.478260869565218,4.693872297789871,14,211.0,0.24278538899866892,15,443.0,0.34370548123239886,29,654.0
3260.0,24,416.0,6.208955223880597,5.285025726873746,12,234.0,0.20629145984993888,12,408.0,0.341068936511973,24,642.0
3265.0,29,485.0,7.698412698412699,4.224220151933596,15,280.0,0.1522506142550316,14,407.0,0.19857000232641753,29,687.0
3270.0,31,561.0,8.63076923076923,4.733890752780218,16,330.0,0.23453213970202555,15,433.0,0.206257299079553,31,763.0
3275.0,32,610.0,9.53125,4.39807565882416,16,335.0,0.26301352153567165,16,464.0,0.24842597573937136,32,799.0
3280.0,30,569.0,9.17741935483871,4.0094381472525855,12,362.0,0.3022440459827133,18,466.0,0.21737394492225015,30,828.0
3285.0,34,550.0,8.333333333333334,3.4406732555044304,15,378.0,0.30490925613520287,19,502.0,0.14989923895139987,34,880.0
3290.0,31,571.0,8.651515151515152,4.293102735769428,17,355.0,0.27918388455183757,14,518.0,0.22853064012659038,31,873.0
3295.0,27,351.0,5.484375,4.135813136153374,16,376.0,0.22459242438912277,11,383.0,0.26672748555180276,27,759.0
3300.0,28,296.0,4.417910447761194,4.240657931328785,14,345.0,0.23533918165856685,14,284.0,0.1764427387424517,28,629.0
3305.0,29,398.0,6.21875,4.5878359614646005,14,360.0,0.30364309276995766,15,332.0,0.12122884244350718,29,692.0
3310.0,25,463.0,7.590163934426229,5.601941955621195,13,400.0,0.2395210592436142,12,361.0,0.3111011245495533,25,761.0
3315.0,24,449.0,7.87719298245614,4.745581123660925,14,383.0,0.16817982219364255,10,345.0,0.32528850071190313,24,728.0
3320.0,29,459.0,7.65,4.432999679729897,13,336.0,0.15731089766305084,16,402.0,0.26606487893034186,29,738.0
3325.0,30,550.0,9.01639344262295,4.244719417076429,14,388.0,0.21085393640707048,16,446.0,0.3005044584772009,30,834.0
3330.0,27,638.0,9.96875,5.474912592990059,15,423.0,0.19857317718608444,12,465.0,0.4155426179643813,27,888.0
3335.0,26,580.0,9.0625,4.494922960287656,15,436.0,0.19386792613268225,11,432.0,0.34601484008282446,26,868.0
3340.0,28,621.0,10.35,5.586379340878076,10,394.0,0.37574025633416996,18,451.0,0.27138660335366044,28,845.0
3345.0,33,450.0,7.377049180327869,3.800401577410712,12,335.0,0.3024458206146818,21,459.0,0.11685878144641275,33,794.0
3350.0,34,379.0,6.112903225806452,3.936232041296422,14,331.0,0.3121519165561098,20,402.0,0.16595129207654258,34,733.0
3355.0,31,395.0,6.370967741935484,3.583094151546226,13,322.0,0.2676618166596528,18,452.0,0.23674113394201318,31,774.0
3360.0,30,418.0,6.430769230769231,4.166045615861267,12,260.0,0.30133679619916753,18,460.0,0.23398672399129025,30,720.0
3365.0,34,420.0,6.176470588235294,4.266524224481914,14,290.0,0.3150060132334894,20,502.0,0.20454268637425668,34,792.0
3370.0,28,331.0,4.867647058823529,4.576113100951088,15,312.0,0.2217689448457296,13,475.0,0.24026807864620386,28,787.0
3375.0,30,267.0,3.869565217391304,3.813999564022556,18,312.0,0.13194761374145625,12,482.0,0.23501170154659595,30,794.0
3380.0,31,298.0,4.082191780821918,4.385366465537224,15,291.0,0.1980360892791184,16,520.0,0.19153459858453048,31,811.0
3385.0,33,362.0,5.098591549295775,4.253001640856989,13,327.0,0.26570432072335975,20,513.0,0.21630990706558664,33,840.0
3390.0,37,450.0,6.081081081081081,4.569260506171,17,402.0,0.3489115241240607,20,470.0,0.1588488860871182,37,872.0
3395.0,39,525.0,7.191780821917808,3.618378205799999,17,435.0,0.29118930351267625,22,490.0,0.13151252673262998,39,925.0
3400.0,31,491.0,6.726027397260274,4.066013431350808,15,427.0,0.2619129231786775,16,428.0,0.16473981722460482,31,855.0
3405.0,22,305.0,4.178082191780822,4.361754085343155,14,387.0,0.22337600229192234,8,417.0,0.23237727871558486,22,804.0
3410.0,29,237.0,3.1184210526315788,4.895918253339124,16,310.0,0.24712268498100493,13,419.0,0.2317600196293319,29,729.0
3415.0,31,323.0,4.364864864864865,4.2256974204933035,16,360.0,0.2545943002316873,15,418.0,0.2027241220347543,31,778.0
3420.0,30,372.0,5.23943661971831,4.520796411593194,17,396.0,0.22775892819696994,13,374.0,0.23716209868232774,30,770.0
3425.0,25,347.0,4.887323943661972,4.580081685575253,16,430.0,0.1768560529285797,9,318.0,0.25460998219051767,25,748.0
3430.0,32,373.0,5.253521126760563,4.89357597927391,18,453.0,0.20974352072485658,14,269.0,0.3049246924694261,32,722.0
3435.0,30,422.0,6.0285714285714285,4.168762276765697,15,457.0,0.1880339474047707,15,320.0,0.2884002904734648,30,777.0
3440.0,31,468.0,6.782608695652174,4.043121312440294,15,468.0,0.22640134536370538,16,370.0,0.2545654753509336,31,838.0
3445.0,38,406.0,5.561643835616438,3.8415789570598062,18,432.0,0.20863289812222371,20,398.0,0.2507453622338328,38,830.0
3450.0,31,406.0,5.486486486486487,4.694129247661946,18,416.0,0.16508574068669585,13,365.0,0.33096866389400886,31,781.0
3455.0,33,475.0,6.597222222222222,3.8392213315018924,20,473.0,0.07042237015680919,13,384.0,0.3022498013529887,33,857.0
3460.0,40,590.0,7.866666666666666,4.01641834718175,21,558.0,0.15985200831034027,19,405.0,0.22274896228825572,40,963.0
3465.0,42,700.0,9.58904109589041,3.0566681387900605,21,587.0,0.1736620239248084,21,472.0,0.18445073758736544,42,1059.0
3470.0,42,795.0,10.743243243243244,3.6101368390726836,18,600.0,0.22880341090897313,24,520.0,0.19066148012691095,42,1120.0
3475.0,41,653.0,8.592105263157896,3.346455751490112,17,573.0,0.2047604858900256,24,524.0,0.19174513816853336,41,1097.0
3480.0,38,540.0,6.8354430379746836,3.7821658252010097,11,438.0,0.2948593172016518,27,595.0,0.11855483634627009,38,1033.0
3485.0,38,553.0,6.662650602409639,3.9417083559215897,11,450.0,0.28698987031345286,27,630.0,0.16996986447430734,38,1080.0
3490.0,36,391.0,4.443181818181818,4.3868666419699025,17,435.0,0.22097134914320066,19,571.0,0.26094404656413994,36,1006.0
3495.0,32,399.0,4.694117647058824,4.204451129480841,18,431.0,0.16020444244559898,14,526.0,0.2692166131534153,32,957.0
3500.0,31,490.0,5.833333333333333,4.72492818990214,15,373.0,0.18072256171574375,16,498.0,0.2810143654483042,31,871.0
3505.0,30,615.0,7.235294117647059,5.669267417232359,13,396.0,0.2540301086995525,17,469.0,0.2633664978587748,30,865.0
3510.0,28,571.0,7.1375,5.413121350696008,13,345.0,0.25794481106957107,15,501.0,0.1939112516096964,28,846.0
3515.0,31,626.0,8.694444444444445,5.13259298647574,10,260.0,0.279373771295943,21,575.0,0.22062353560909212,31,835.0
3520.0,32,649.0,9.271428571428572,3.915870012312015,10,284.0,0.23809869273149267,22,612.0,0.1788957658252163,32,896.0
3525.0,31,582.0,8.314285714285715,4.5339309275864474,12,302.0,0.3107674007806653,19,573.0,0.19332150392308645,31,875.0
3530.0,28,515.0,7.253521126760563,4.507923355400379,9,299.0,0.31809935207103823,19,550.0,0.2108504829954458,28,849.0
3535.0,31,494.0,6.767123287671233,5.216268639841634,13,314.0,0.3103343270737018,18,501.0,0.2524838436263876,31,815.0
3540.0,32,454.0,6.485714285714286,4.6470443994064,15,312.0,0.2734280019752477,17,523.0,0.2288749105696638,32,835.0
3545.0,31,338.0,4.828571428571428,4.736541756413747,17,283.0,0.20312711455948354,14,483.0,0.26665563158786204,31,766.0
3550.0,28,366.0,5.462686567164179,3.7263108658775295,14,319.0,0.17790372990364095,14,453.0,0.2603827960183523,28,772.0
3555.0,25,298.0,4.515151515151516,4.878202296462833,9,303.0,0.3331071316306974,16,409.0,0.20608407450805935,25,712.0
3560.0,25,365.0,5.7936507936507935,4.753573282030479,7,281.0,0.3853975785706913,18,440.0,0.17061651551213794,25,721.0
3565.0,26,437.0,7.406779661016949,4.416506190718044,10,279.0,0.30311498998851694,16,444.0,0.16979439036424337,26,723.0
3570.0,25,436.0,8.384615384615385,3.782308827992519,10,280.0,0.27119607815766744,15,420.0,0.1744600836619141,25,700.0
3575.0,26,482.0,8.925925925925926,4.483672990322583,12,321.0,0.2166896165266235,14,387.0,0.2521025530401484,26,708.0
3580.0,24,429.0,7.526315789473684,4.564131610829188,11,342.0,0.2593616798873946,13,374.0,0.2904502885687174,24,716.0
3585.0,20,469.0,8.849056603773585,6.128125047517692,8,306.0,0.44680577770771734,12,362.0,0.24425694728907893,20,668.0
3590.0,21,489.0,9.226415094339623,5.837824293364898,9,316.0,0.5032050199622959,12,333.0,0.12032292517642765,21,649.0
3595.0,17,217.0,4.173076923076923,6.212358921013522,6,153.0,0.4670425475333855,11,291.0,0.2365637536618198,17,444.0
3600.0,19,297.0,5.60377358490566,5.649576870523637,9,134.0,0.3175883459703936,10,342.0,0.2887498513255089,19,476.0
3605.0,24,303.0,5.509090909090909,5.630301179925585,10,106.0,0.3476782796320396,14,402.0,0.3361785743927918,24,508.0
3610.0,21,281.0,5.203703703703703,5.6491525101295945,11,110.0,0.3420755970481951,10,400.0,0.3819420144064523,21,510.0
3615.0,16,224.0,4.0,5.638884024466973,8,131.0,0.2886731981383961,8,312.0,0.3777337877345244,16,443.0
3620.0,15,248.0,4.350877192982456,6.606478284379033,6,110.0,0.3176535620597342,9,327.0,0.3968561971760962,15,437.0
3625.0,15,250.0,4.8076923076923075,7.119215902589256,7,105.0,0.4107250086193432,8,359.0,0.3932816168589544,15,464.0
3630.0,18,261.0,5.22,6.574280685362059,9,95.0,0.42055271255961174,9,335.0,0.365959405541007,18,430.0
3635.0,17,253.0,5.622222222222222,5.530896872496672,6,92.0,0.43161412564053253,11,270.0,0.3330144036646471,17,362.0
3640.0,22,231.0,4.914893617021277,4.848928740128778,10,101.0,0.28326027284608124,12,249.0,0.33243026629066225,22,350.0
3645.0,19,263.0,5.717391304347826,5.140763065830413,10,140.0,0.3197342389790803,9,191.0,0.3413396977272433,19,331.0
3650.0,21,297.0,6.061224489795919,4.543788421920273,13,194.0,0.25953323962686353,8,204.0,0.30549204972176025,21,398.0
3655.0,23,292.0,5.84,4.163134321053413,12,199.0,0.2839301410328088,11,203.0,0.20571214795742987,23,402.0
3660.0,17,291.0,5.705882352941177,5.499571037875282,4,154.0,0.3675800276172342,13,254.0,0.22401864282007655,17,408.0
3665.0,20,364.0,6.7407407407407405,5.408007341219712,6,146.0,0.3259647553788479,14,322.0,0.16578048257310476,20,468.0
3670.0,23,428.0,7.379310344827586,4.677628341464165,11,190.0,0.24066162220445006,12,350.0,0.1780070751456208,23,540.0
3675.0,27,491.0,8.322033898305085,4.905789249925307,13,227.0,0.3195506292756123,14,384.0,0.2151368019091153,27,611.0
3680.0,20,391.0,7.109090909090909,5.404053481338416,9,221.0,0.38259709102606193,11,347.0,0.2794669274638124,20,568.0
3685.0,13,120.0,2.142857142857143,5.862556828778733,8,129.0,0.35237246811692324,5,216.0,0.3077514914270759,13,345.0
3690.0,17,154.0,2.6551724137931036,5.77634363702094,12,151.0,0.2553493150655728,5,202.0,0.2762537382614128,17,353.0
3695.0,23,172.0,3.0714285714285716,5.7860146663896534,13,159.0,0.26368551047531974,10,224.0,0.28605299501339515,23,383.0
3700.0,21,234.0,4.333333333333333,5.686652813118144,12,177.0,0.22239405967505205,9,192.0,0.357184204966299,21,369.0
3705.0,18,228.0,4.071428571428571,5.879920577580579,11,182.0,0.2247953003592932,7,158.0,0.4018684111378867,18,340.0
3710.0,15,229.0,4.089285714285714,6.821950004912902,6,139.0,0.38966456245718023,9,181.0,0.30177062907851254,15,320.0
3715.0,13,207.0,3.7636363636363637,7.152692592988029,4,98.0,0.4218088888004009,9,210.0,0.3283480548240886,13,308.0
3720.0,18,272.0,5.333333333333333,6.88676302409638,8,105.0,0.3051695601978577,10,261.0,0.4127220629786737,18,366.0
3725.0,20,258.0,5.863636363636363,5.009749950138836,11,136.0,0.2558093809640888,9,242.0,0.34281363093015554,20,378.0
3730.0,20,304.0,6.7555555555555555,4.744281908593584,10,182.0,0.29380893808652947,10,203.0,0.2848005068824613,20,385.0
3735.0,22,320.0,6.956521739130435,4.500575430179791,13,207.0,0.29544482596500504,9,222.0,0.29046858942870046,22,429.0
3740.0,18,381.0,7.775510204081633,5.522522282784266,10,231.0,0.2595176437610555,8,236.0,0.3980046438474123,18,467.0
3745.0,17,208.0,4.078431372549019,5.160494167991965,11,211.0,0.15542078371009174,6,157.0,0.4372400754544038,17,368.0
3750.0,16,151.0,2.7962962962962963,6.901161665361521,7,120.0,0.38963906544857235,9,122.0,0.4043069797928249,16,242.0
3755.0,13,186.0,3.381818181818182,5.932549469229526,6,141.0,0.4129593872403601,7,143.0,0.22346817820109452,13,284.0
3760.0,17,245.0,4.375,6.819118537203514,9,170.0,0.4078346368362242,8,160.0,0.3692411751416488,17,330.0
3765.0,17,239.0,4.686274509803922,6.355335098694917,10,172.0,0.2549918234926402,7,156.0,0.49077071242439096,17,328.0
3770.0,17,292.0,5.7254901960784315,6.548140384936932,9,169.0,0.2524176872442821,8,159.0,0.4378423594298453,17,328.0
3775.0,15,135.0,2.7,5.939874129143772,10,124.0,0.2680850235786957,5,119.0,0.33747374709334527,15,243.0
3780.0,14,148.0,2.96,6.876654104006439,11,134.0,0.3304593473422839,3,45.0,0.410477853317601,14,179.0
3785.0,14,165.0,3.4375,7.479001794525222,10,141.0,0.43476639612293566,4,46.0,0.5078025016862093,14,187.0
3790.0,13,209.0,4.354166666666667,6.915684806149938,10,181.0,0.36880555066354964,3,56.0,0.4917540772845239,13,237.0
3795.0,20,225.0,4.6875,5.2243463749935435,14,199.0,0.2782032466067807,6,69.0,0.4059312643907615,20,268.0
3800.0,16,246.0,4.92,5.363317099688409,8,173.0,0.30905639969667736,8,107.0,0.2701021303271324,16,280.0
3805.0,15,204.0,4.08,5.374723546568929,7,165.0,0.3169050789389293,8,126.0,0.32195331467162414,15,291.0
3810.0,17,198.0,3.7358490566037736,6.262389714037479,10,132.0,0.24827226784579653,7,127.0,0.4260688355162843,17,259.0
3815.0,20,159.0,3.0576923076923075,5.079127898471662,15,161.0,0.17740799529133316,5,88.0,0.36268248086451366,20,249.0
3820.0,16,175.0,3.240740740740741,6.864402601935105,7,162.0,0.36383924773251186,9,99.0,0.37724342806931677,16,261.0
3825.0,10,100.0,2.127659574468085,7.6790894971231,5,125.0,0.4898998144671888,5,79.0,0.4841971838055867,10,204.0
3830.0,16,136.0,2.8333333333333335,6.462916106254205,11,154.0,0.28331197149184134,5,56.0,0.46632735902490974,16,210.0
3835.0,15,166.0,3.3877551020408165,5.330911534707012,11,187.0,0.2680180969969891,4,57.0,0.3631432802945863,15,244.0
3840.0,17,223.0,4.74468085106383,6.490927776007471,9,197.0,0.36808114880388465,8,84.0,0.4063860919907532,17,281.0
3845.0,14,178.0,3.7872340425531914,5.858512203294527,8,178.0,0.21450919808223862,6,80.0,0.27624310147027115,14,258.0
3850.0,16,213.0,4.176470588235294,6.718010720961261,10,202.0,0.24195353335175632,6,93.0,0.39884303018641976,16,295.0
3855.0,20,266.0,5.32,6.4747893981522795,13,250.0,0.30134016953314824,7,101.0,0.4649559304358195,20,351.0
3860.0,18,329.0,7.1521739130434785,6.155662166769035,13,307.0,0.30082063391305147,5,94.0,0.5116625979457539,18,401.0
3865.0,17,270.0,5.510204081632653,4.348929593688054,9,316.0,0.3238612975721412,8,73.0,0.2589278341639635,17,389.0
3870.0,21,308.0,5.811320754716981,5.649913149997757,7,292.0,0.4447074120440091,14,112.0,0.2533918637855784,21,404.0
3875.0,19,209.0,3.8703703703703702,5.290966149293324,8,207.0,0.3336909841115621,11,159.0,0.2570746656753849,19,366.0
3880.0,23,233.0,4.160714285714286,5.513087034556983,12,134.0,0.26758638855651834,11,172.0,0.2897837153666347,23,306.0
3885.0,24,256.0,4.7407407407407405,4.803644876985152,11,158.0,0.24680831635678874,13,192.0,0.2630847828432082,24,350.0
3890.0,19,272.0,5.037037037037037,5.803571661760801,9,146.0,0.36691956651259283,10,192.0,0.26634148754291853,19,338.0
3895.0,17,205.0,3.9423076923076925,4.648412966828969,6,113.0,0.340010010385919,11,212.0,0.1711880364055601,17,325.0
3900.0,19,191.0,3.537037037037037,6.110466858715814,9,100.0,0.42143541836837145,10,204.0,0.345089833435061,19,304.0
3905.0,24,241.0,4.462962962962963,5.527538108904544,12,114.0,0.31652441919979624,12,219.0,0.43387239028607466,24,333.0
3910.0,21,234.0,4.415094339622642,5.211970685641043,10,129.0,0.3612156696384214,11,217.0,0.37617084101767956,21,346.0
3915.0,28,289.0,4.898305084745763,3.919798172215029,12,137.0,0.3035954578515098,16,252.0,0.19425869267432247,28,389.0
3920.0,25,267.0,4.377049180327869,4.9117373752594276,7,121.0,0.415110208306545,18,278.0,0.17866606237468863,25,399.0
3925.0,19,232.0,3.625,5.209357816717795,8,110.0,0.34242516244660154,11,263.0,0.21959331779657298,19,373.0
3930.0,24,291.0,4.409090909090909,5.373708928705849,14,156.0,0.23845932055544183,10,287.0,0.28669497087454443,24,443.0
3935.0,29,366.0,5.71875,4.111181038470054,15,208.0,0.1401847671720152,14,308.0,0.28542223128384514,29,516.0
3940.0,28,436.0,7.032258064516129,4.527915754859076,12,224.0,0.26804440154985476,16,352.0,0.24703170357623067,28,576.0
3945.0,21,420.0,6.666666666666667,5.2096010153276096,10,222.0,0.2834310429211604,11,350.0,0.2820754281653061,21,572.0
3950.0,20,239.0,3.5671641791044775,5.193183914732257,7,187.0,0.266451887550283,13,301.0,0.2622509649924426,20,488.0
3955.0,21,170.0,2.4285714285714284,5.493298558579933,9,193.0,0.324343389586925,12,209.0,0.2802668324847639,21,402.0
3960.0,21,216.0,3.130434782608696,6.225471657460259,8,188.0,0.49038784643274635,13,238.0,0.2547754276366879,21,426.0
3965.0,21,171.0,2.4782608695652173,6.042670432995131,9,144.0,0.4184593508507105,12,237.0,0.22710549433827784,21,381.0
3970.0,28,256.0,3.657142857142857,5.030340400542582,14,180.0,0.2792192424133139,14,244.0,0.21805539975602656,28,424.0
3975.0,32,344.0,4.777777777777778,5.22753036874919,17,238.0,0.24434593235696622,15,268.0,0.32174000704403105,32,506.0
3980.0,27,405.0,5.785714285714286,5.3935915183098855,12,263.0,0.32980726144650885,15,307.0,0.310728175314671,27,570.0
3985.0,22,427.0,6.1,5.737976033921828,10,262.0,0.3074956839801153,12,318.0,0.28692285465624245,22,580.0
3990.0,23,283.0,4.101449275362318,4.9937885859631495,11,219.0,0.23176286144265226,12,279.0,0.23276508349733382,23,498.0
3995.0,31,384.0,5.731343283582089,4.968098769294884,14,252.0,0.2489482825195466,17,289.0,0.3001053381465404,31,541.0
4000.0,26,437.0,6.522388059701493,4.779965984874416,10,262.0,0.3393407266375478,16,338.0,0.17912606031661504,26,600.0
4005.0,27,499.0,8.048387096774194,4.904660581603657,12,254.0,0.33002256346332864,15,374.0,0.1689680535254798,27,628.0
4010.0,30,500.0,8.064516129032258,4.53513316997675,13,261.0,0.23928970848655315,17,385.0,0.1916589006667182,30,646.0
4015.0,28,365.0,5.983606557377049,4.111113397770577,12,232.0,0.27397592410836163,16,413.0,0.20245095861534565,28,645.0
4020.0,32,404.0,6.8474576271186445,4.128848221015302,17,240.0,0.28290113631769725,15,390.0,0.18806807282638865,32,630.0
4025.0,28,340.0,5.396825396825397,4.594681471251869,17,275.0,0.2174284092144374,11,346.0,0.24649168281620967,28,621.0
4030.0,19,288.0,4.645161290322581,5.040222807153595,9,262.0,0.2949062227991072,10,342.0,0.11081144863168489,19,604.0
4035.0,26,277.0,4.540983606557377,5.011338440599675,11,244.0,0.3686063610276319,15,374.0,0.06660680999503993,26,618.0
4040.0,28,303.0,4.887096774193548,5.120069289999856,14,230.0,0.2922349498086753,14,388.0,0.3137575079530264,28,618.0
4045.0,28,368.0,5.75,5.015833393976802,16,268.0,0.2822158527240926,12,386.0,0.3741175977971267,28,654.0
4050.0,25,376.0,5.529411764705882,4.771963771863603,14,278.0,0.37022420774403425,11,355.0,0.16844185607182555,25,633.0
4055.0,19,364.0,5.126760563380282,5.619676345305415,12,328.0,0.32608866783473545,7,280.0,0.2577301345503886,19,608.0
4060.0,28,467.0,6.577464788732394,4.745518244714106,20,401.0,0.17873547928497166,8,283.0,0.2964925356425172,28,684.0
4065.0,39,595.0,8.380281690140846,4.366492550612636,26,492.0,0.15172792120912004,13,333.0,0.34622013474742647,39,825.0
4070.0,38,737.0,10.681159420289855,3.8944207152891903,26,572.0,0.17832057204991872,12,370.0,0.3187362614905118,38,942.0
4075.0,40,814.0,11.970588235294118,3.9694397081835557,27,625.0,0.1762934849188467,13,433.0,0.32800951656373345,40,1058.0
4080.0,35,688.0,9.555555555555555,3.890480258904564,24,616.0,0.19780587001063982,11,427.0,0.249140783586465,35,1043.0
4085.0,31,567.0,7.767123287671233,3.9453515351641983,21,651.0,0.12201202082455086,10,388.0,0.3171080802604415,31,1039.0
4090.0,25,446.0,6.463768115942029,5.436021129641319,15,621.0,0.1565578256612936,10,389.0,0.42722667347755033,25,1010.0
4095.0,26,357.0,5.25,4.603410010624621,16,594.0,0.13230124975795735,10,293.0,0.29697976622990696,26,887.0
4100.0,34,324.0,4.5,4.37767494463283,21,626.0,0.18509662937366012,13,164.0,0.20979617994663294,34,790.0
4105.0,31,421.0,6.101449275362318,4.260286573525466,20,635.0,0.24940211707826587,11,200.0,0.27709514375936795,31,835.0
4110.0,32,518.0,7.095890410958904,4.555872867273646,18,654.0,0.3021161408868723,14,234.0,0.31794762672367183,32,888.0
4115.0,25,502.0,6.876712328767123,4.8533854159071765,15,592.0,0.2585685924255846,10,253.0,0.3823276807763893,25,845.0
4120.0,26,432.0,6.0,5.003773300897,18,535.0,0.2027351484596234,8,219.0,0.3277573092365095,26,754.0
4125.0,28,357.0,4.824324324324325,4.19915125965946,19,537.0,0.09832449862532465,9,190.0,0.2559759926290717,28,727.0
4130.0,39,341.0,4.546666666666667,4.215173165213648,25,557.0,0.11896638724967352,14,195.0,0.2883651108166932,39,752.0
4135.0,38,435.0,5.8,4.790126234357757,24,555.0,0.21668986873017806,14,197.0,0.33387935196926394,38,752.0
4140.0,36,483.0,6.44,4.190811935906899,25,596.0,0.17634364130583274,11,197.0,0.35633158797243547,36,793.0
4145.0,37,459.0,5.961038961038961,4.103734258678603,24,601.0,0.2041426748090977,13,219.0,0.29361713704979525,37,820.0
4150.0,32,436.0,5.8133333333333335,4.217388530488093,22,634.0,0.1950679091619335,10,185.0,0.2609442691421423,32,819.0
4155.0,31,284.0,3.7866666666666666,4.102094622392878,19,612.0,0.1582385378937261,12,181.0,0.18424226410496047,31,793.0
4160.0,29,328.0,4.619718309859155,5.420354162012047,17,600.0,0.24916304888290916,12,172.0,0.21105371114053068,29,772.0
4165.0,31,397.0,5.925373134328358,4.869879597809986,16,565.0,0.2267248334632585,15,206.0,0.14481145013357472,31,771.0
4170.0,30,449.0,6.803030303030303,4.092645988285505,16,542.0,0.13242432099225002,14,219.0,0.22569927534000372,30,761.0
4175.0,32,449.0,7.126984126984127,3.642747617769336,21,569.0,0.20012493081309324,11,231.0,0.23988196873696868,32,800.0
4180.0,30,403.0,6.396825396825397,4.207729924160146,21,572.0,0.19056127763921277,9,206.0,0.3646545200615548,30,778.0
4185.0,27,418.0,6.430769230769231,4.423053656371973,20,605.0,0.19889266320491453,7,201.0,0.36896995539672406,27,806.0
4190.0,26,387.0,5.863636363636363,4.612609687058514,17,586.0,0.24275422198087712,9,206.0,0.24040178897538886,26,792.0
4195.0,24,475.0,7.08955223880597,4.854825186663545,15,581.0,0.32073862169383144,9,226.0,0.18125627257123833,24,807.0
4200.0,27,582.0,8.434782608695652,5.948105518962659,18,601.0,0.28556982743137227,9,218.0,0.36700683596013683,27,819.0
4205.0,23,513.0,7.892307692307693,6.290225133103862,18,676.0,0.2316839180675985,5,130.0,0.4619029686203444,23,806.0
4210.0,23,409.0,6.704918032786885,5.688581741084189,19,625.0,0.1893267709063955,4,79.0,0.38230308109832817,23,704.0
4215.0,24,482.0,8.033333333333333,5.480361328964441,20,653.0,0.1865384931681614,4,51.0,0.3802746338857138,24,704.0
4220.0,27,495.0,9.0,5.193923649903657,19,652.0,0.2656874422991976,8,84.0,0.3039138417458417,27,736.0
4225.0,22,431.0,7.981481481481482,5.2023956521863735,14,579.0,0.3232287370026922,8,127.0,0.29041442793118005,22,706.0
4230.0,24,390.0,6.964285714285714,4.153266079045632,18,546.0,0.19813960399368788,6,132.0,0.3428243638763146,24,678.0
4235.0,23,305.0,4.919354838709677,5.235731201252488,17,508.0,0.15770583128822674,6,131.0,0.45943707370713965,23,639.0
4240.0,24,229.0,3.417910447761194,5.330881837590627,17,540.0,0.1895182525862583,7,114.0,0.4428274607739992,24,654.0
4245.0,21,227.0,3.289855072463768,6.492773005539936,12,522.0,0.27961148790923346,9,123.0,0.46302914875280465,21,645.0
4250.0,21,269.0,3.9558823529411766,5.620552087789092,14,516.0,0.26342193649620654,7,147.0,0.4188265568951155,21,663.0
4255.0,26,342.0,4.816901408450704,4.859391715992417,19,504.0,0.15212774127876108,7,150.0,0.38714369450432773,26,654.0
4260.0,25,337.0,4.616438356164384,4.88143621433594,16,535.0,0.1932466405254458,9,136.0,0.4258892911497855,25,671.0
4265.0,28,373.0,4.8441558441558445,5.746657647489234,16,546.0,0.29793891841329084,12,104.0,0.36714424932039463,28,650.0
4270.0,30,398.0,5.2368421052631575,4.93949641893447,18,571.0,0.3146704834958516,12,134.0,0.20924066674260383,30,705.0
4275.0,41,579.0,7.824324324324325,4.399827145339431,23,668.0,0.26613357195359355,18,198.0,0.19004799954595536,41,866.0
4280.0,41,670.0,8.81578947368421,3.635608797096257,25,736.0,0.22374159347389438,16,240.0,0.16750111703986267,41,976.0
4285.0,36,709.0,9.08974358974359,4.182119324144425,24,795.0,0.16877454153105778,12,252.0,0.2924831900859954,36,1047.0
4290.0,36,766.0,9.69620253164557,4.104573430059771,25,873.0,0.09168193118020178,11,244.0,0.36266999204387945,36,1117.0
4295.0,32,784.0,10.594594594594595,4.3836059439670265,22,916.0,0.09435514519222048,10,251.0,0.3776968618660151,32,1167.0
4300.0,35,730.0,10.28169014084507,3.398774729142404,21,877.0,0.15535199026709395,14,269.0,0.22204118697251976,35,1146.0
4305.0,39,487.0,6.671232876712328,3.2125580357802583,22,761.0,0.1476796649546318,17,285.0,0.16626078944576603,39,1046.0
4310.0,36,430.0,5.972222222222222,3.2669173764238337,17,820.0,0.167032417853207,19,328.0,0.22050183803435522,36,1148.0
4315.0,26,377.0,5.094594594594595,4.479366109990751,13,825.0,0.23461832003048466,13,308.0,0.214089860937344,26,1133.0
4320.0,32,488.0,6.506666666666667,3.7508508159498977,16,806.0,0.14403869836035565,16,337.0,0.20859166818005484,32,1143.0
4325.0,37,603.0,7.934210526315789,4.1789573589471045,20,757.0,0.19203137754691826,17,363.0,0.19942995271306604,37,1120.0
4330.0,35,650.0,9.027777777777779,3.9488483948421638,16,779.0,0.27189721232224734,19,404.0,0.1971382211688543,35,1183.0
4335.0,28,631.0,9.144927536231885,3.9216165529203804,16,741.0,0.1629735315950459,12,402.0,0.27182873305608474,28,1143.0
4340.0,32,464.0,6.27027027027027,3.802858543760249,19,726.0,0.08618255587229882,13,377.0,0.2837413924904749,32,1103.0
4345.0,38,520.0,6.753246753246753,4.789963725040798,23,711.0,0.16860366303991203,15,310.0,0.30265494113727964,38,1021.0
4350.0,36,565.0,7.635135135135135,4.33195811803781,18,736.0,0.2824556680706375,18,361.0,0.2383858733766192,36,1097.0
4355.0,27,515.0,6.602564102564102,4.818827662503873,12,699.0,0.32085336491615235,15,385.0,0.14627118568273506,27,1084.0
4360.0,26,529.0,6.782051282051282,4.972658180513004,13,651.0,0.30115887962353055,13,412.0,0.15986950877768133,26,1063.0
4365.0,33,525.0,6.818181818181818,4.682925629166609,15,634.0,0.2842894691256441,18,444.0,0.16119756786340658,33,1078.0
4370.0,38,441.0,6.041095890410959,4.021322538522333,18,668.0,0.2390431051889164,20,410.0,0.1936465853081085,38,1078.0
4375.0,35,483.0,6.9,3.939686170820079,18,688.0,0.20774089632379897,17,329.0,0.1821301027240198,35,1017.0
4380.0,36,494.0,7.264705882352941,3.4578903808747423,18,681.0,0.15313607729347106,18,354.0,0.16852646706727836,36,1035.0
4385.0,30,395.0,5.72463768115942,4.673120926267904,18,653.0,0.1399202310137057,12,325.0,0.24955511160443755,30,978.0
4390.0,29,483.0,7.318181818181818,5.0787672342114165,17,709.0,0.039586728063178186,12,301.0,0.38489582189821775,29,1010.0
4395.0,25,492.0,7.6875,5.598218934608626,15,748.0,0.11608841655334731,10,274.0,0.3980005108245198,25,1022.0
4400.0,27,527.0,8.932203389830509,4.79274740113115,15,723.0,0.13423433949009106,12,242.0,0.287099573110935,27,965.0
4405.0,26,420.0,6.885245901639344,5.046634274466176,10,590.0,0.2874412536497134,16,243.0,0.24724332014601863,26,833.0
4410.0,20,291.0,5.017241379310345,5.178559149587155,7,536.0,0.39745820777248825,13,225.0,0.26087076238104645,20,761.0
4415.0,25,266.0,4.508474576271187,5.027565201849861,9,480.0,0.41413110756568233,16,220.0,0.24942981115342092,25,700.0
4420.0,25,306.0,4.935483870967742,5.000091282191553,10,463.0,0.33322556026631817,15,242.0,0.2496065329788794,25,705.0
4425.0,28,314.0,4.90625,5.175559619137028,12,421.0,0.30300869264994995,16,260.0,0.26633532338012583,28,681.0
4430.0,22,265.0,4.2063492063492065,5.242832354645852,13,443.0,0.1696680550351376,9,205.0,0.35856467993888735,22,648.0
4435.0,20,317.0,5.283333333333333,6.35125106261731,10,425.0,0.21719342690181007,10,204.0,0.3661590949248758,20,629.0
4440.0,19,278.0,4.964285714285714,4.785340482584289,9,336.0,0.14609862882353353,10,198.0,0.16324722101798622,19,534.0
4445.0,26,327.0,5.839285714285714,5.070112697661149,9,215.0,0.23666467917240255,17,244.0,0.15328752424444697,26,459.0
4450.0,25,387.0,7.166666666666667,4.428927969056069,8,240.0,0.3028845056765679,17,308.0,0.21644969014148824,25,548.0
4455.0,23,474.0,8.618181818181819,5.778282233005653,9,265.0,0.3584689032389319,14,340.0,0.32973870537678834,23,605.0
4460.0,18,299.0,5.4363636363636365,5.276847819926072,7,210.0,0.2746116198099807,11,296.0,0.34754759608845326,18,506.0
4465.0,21,268.0,4.5423728813559325,6.153131221034102,11,226.0,0.29642766763703476,10,228.0,0.4022719057014465,21,454.0
4470.0,21,265.0,4.491525423728813,5.477492638354511,8,199.0,0.3699587892675492,13,252.0,0.31708188939636983,21,451.0
4475.0,25,345.0,5.75,5.618984597533881,9,219.0,0.40256431575301727,16,267.0,0.32174879674853457,25,486.0
4480.0,24,248.0,4.0,4.224131484268478,9,175.0,0.2951036301125345,15,294.0,0.2783457940035414,24,469.0
4485.0,22,218.0,3.4603174603174605,5.37609482285738,5,78.0,0.40753917858260297,17,316.0,0.24791848607808273,22,394.0
4490.0,23,206.0,3.3225806451612905,5.630463718026573,4,59.0,0.49358185687931044,19,338.0,0.17839578900897823,23,397.0
4495.0,28,298.0,4.65625,5.188833306465513,7,91.0,0.346236857937819,21,358.0,0.13465213428636355,28,449.0
4500.0,30,358.0,5.966666666666667,4.148642858428167,10,114.0,0.30897355861852177,20,388.0,0.2010654334946779,30,502.0
4505.0,27,390.0,6.724137931034483,4.19384319143956,8,133.0,0.29678246087658716,19,374.0,0.19319489996311523,27,507.0
4510.0,26,406.0,7.0,4.322181673906817,9,169.0,0.3071176331236483,17,400.0,0.17427815109287959,26,569.0
4515.0,31,430.0,7.288135593220339,4.2849173356491566,14,235.0,0.2763767119965817,17,385.0,0.14401861611508185,31,620.0
4520.0,30,434.0,7.114754098360656,4.10743944345476,15,279.0,0.23903733696769058,15,398.0,0.19533927544814922,30,677.0
4525.0,20,351.0,6.267857142857143,4.97090336544951,9,278.0,0.26879547489122074,11,333.0,0.21355257833554653,20,611.0
4530.0,20,285.0,4.830508474576271,4.439301234503771,8,233.0,0.1792066874742249,12,345.0,0.16406168469887128,20,578.0
4535.0,25,339.0,5.557377049180328,5.244106471652253,12,235.0,0.1777149602073571,13,356.0,0.22040144073746112,25,591.0
4540.0,24,399.0,7.0,5.377483852012556,13,265.0,0.2866152791806117,11,355.0,0.2947980280071587,24,620.0
4545.0,17,417.0,7.867924528301887,5.989068730305819,5,248.0,0.3957747210424219,12,323.0,0.20566891958984906,17,571.0
4550.0,21,295.0,5.9,5.0779636445149094,4,139.0,0.28331637430716994,17,388.0,0.13574011962671234,21,527.0
4555.0,25,378.0,7.714285714285714,4.796775586384972,10,79.0,0.23829853917086705,15,433.0,0.14280306718729585,25,512.0
4560.0,22,437.0,9.297872340425531,5.49885266336132,10,126.0,0.31312999639043476,12,453.0,0.2050152936104005,22,579.0
4565.0,22,396.0,8.8,5.034377343343838,11,181.0,0.3580085397863138,11,407.0,0.2016276991092046,22,588.0
4570.0,19,384.0,8.930232558139535,4.779077234125165,9,189.0,0.382965135076985,10,387.0,0.22810347507192355,19,576.0
4575.0,23,487.0,11.325581395348838,4.462184237933074,12,210.0,0.19085829190968445,11,425.0,0.2252453815762381,23,635.0
4580.0,24,459.0,10.2,4.341264271968161,15,278.0,0.08324855912171747,9,359.0,0.311400442009739,24,637.0
4585.0,25,432.0,8.816326530612244,4.808929430160561,17,362.0,0.16236500933551085,8,226.0,0.34201808169051984,25,588.0
4590.0,20,386.0,8.041666666666666,4.3112497168183275,13,352.0,0.2424943959361261,7,253.0,0.32330470998809807,20,605.0
4595.0,17,289.0,5.8979591836734695,5.425485991775727,6,242.0,0.3814221291078573,11,299.0,0.25921665611014155,17,541.0
4600.0,14,274.0,5.708333333333333,6.223518360552698,5,174.0,0.53389353519676,9,278.0,0.2061668756927519,14,452.0
4605.0,15,305.0,6.630434782608695,6.653232044861305,7,179.0,0.48935417842817597,8,228.0,0.26852424106539463,15,407.0
4610.0,15,324.0,7.043478260869565,4.408979867215522,9,209.0,0.2525205230778797,6,197.0,0.233617812738947,15,406.0
4615.0,21,379.0,8.23913043478261,5.128369062613707,13,262.0,0.26036130596002866,8,160.0,0.32589516052299927,21,422.0
4620.0,19,220.0,4.680851063829787,4.928774778526893,12,237.0,0.2475397705727525,7,109.0,0.3792880435707197,19,346.0
4625.0,21,268.0,5.36,5.292273255586383,12,190.0,0.22586994255135523,9,127.0,0.4163713395150527,21,317.0
4630.0,20,273.0,5.150943396226415,5.185337618048637,12,213.0,0.17802376319202384,8,137.0,0.4388828512250841,20,350.0
4635.0,14,249.0,4.69811320754717,7.236631735645787,6,187.0,0.39772109918410126,8,176.0,0.4679204903421037,14,363.0
4640.0,15,261.0,5.22,6.908255060646684,5,158.0,0.5556535844254205,10,187.0,0.2171576424253288,15,345.0
4645.0,20,285.0,5.816326530612245,5.992329452886633,8,171.0,0.4753437853698041,12,178.0,0.06474152154798478,20,349.0
4650.0,17,257.0,5.468085106382978,4.940938311911577,6,167.0,0.41671230081643873,11,169.0,0.0650700395154153,17,336.0
4655.0,19,291.0,6.191489361702128,5.26264878010002,9,192.0,0.37541676724535056,10,167.0,0.22672146272578692,19,359.0
4660.0,14,276.0,5.63265306122449,5.483209729296569,7,216.0,0.38240656907529275,7,171.0,0.31736269382082294,14,387.0
4665.0,14,289.0,5.666666666666667,6.5995820359526896,9,235.0,0.40480012865649656,5,131.0,0.3532548021338427,14,366.0
4670.0,14,161.0,3.2857142857142856,6.346518302959873,9,135.0,0.3302210866427235,5,100.0,0.36353924195902,14,235.0
4675.0,21,245.0,4.454545454545454,5.965730386528276,15,181.0,0.2531808865450463,6,101.0,0.3409950711814585,21,282.0
4680.0,25,289.0,5.160714285714286,5.51721517786983,19,251.0,0.2473820709551486,6,96.0,0.4245398134496073,25,347.0
4685.0,21,338.0,6.1454545454545455,5.6713060216578715,15,297.0,0.31702467144788404,6,100.0,0.4897523969453201,21,397.0
4690.0,22,297.0,5.120689655172414,4.623058281967614,16,304.0,0.2731247761817676,6,103.0,0.43891913686980183,22,407.0
4695.0,25,336.0,5.6,5.104586915473225,16,321.0,0.2898840914781726,9,125.0,0.3887525823399971,25,446.0
4700.0,26,255.0,4.0476190476190474,4.3271806866349785,18,354.0,0.18669994122170325,8,80.0,0.3489999575779571,26,434.0
4705.0,27,234.0,3.295774647887324,4.997946977356592,16,333.0,0.2345118943435123,11,106.0,0.28528941151620113,27,439.0
4710.0,28,330.0,4.925373134328358,5.3103551620082134,17,351.0,0.30731781098852384,11,159.0,0.3310703606736742,28,510.0
4715.0,29,354.0,5.057142857142857,5.191772939871568,17,381.0,0.30858264734961083,12,191.0,0.29491731537881866,29,572.0
4720.0,30,386.0,5.436619718309859,4.363695491139414,20,440.0,0.21071306749422078,10,187.0,0.36904411813035165,30,627.0
4725.0,29,434.0,6.027777777777778,4.531726471853897,19,469.0,0.2515017798944154,10,196.0,0.31230186215799344,29,665.0
4730.0,33,485.0,6.830985915492958,4.600619417182482,21,495.0,0.19950704683511958,12,207.0,0.2707648086888682,33,702.0
4735.0,38,523.0,7.164383561643835,4.041593112965283,26,525.0,0.16626979838308614,12,226.0,0.16837061963832356,38,751.0
4740.0,36,509.0,7.069444444444445,3.9593973325977623,23,548.0,0.12809480649351454,13,234.0,0.289911316958153,36,782.0
4745.0,37,548.0,7.828571428571428,4.4817155330339435,26,550.0,0.16383410528870196,11,253.0,0.38673411747491293,37,803.0
4750.0,39,626.0,9.072463768115941,4.084088700525271,27,612.0,0.16842518110890162,12,258.0,0.32619582094419775,39,870.0
4755.0,39,568.0,8.0,3.736330990515147,25,648.0,0.13925020784048614,14,256.0,0.29159726809537323,39,904.0
4760.0,34,477.0,6.71830985915493,3.3271491984880956,22,687.0,0.07176313966349313,12,215.0,0.3363384118581804,34,902.0
4765.0,28,323.0,4.194805194805195,4.103562765936732,17,656.0,0.15458890916029705,11,217.0,0.306021940771217,28,873.0
4770.0,25,323.0,4.681159420289855,4.967954321049594,15,633.0,0.2746072754892102,10,194.0,0.2695154111973847,25,827.0
4775.0,23,375.0,5.597014925373134,5.166406024156714,14,622.0,0.2615952025506518,9,199.0,0.22382249965930925,23,821.0
4780.0,30,453.0,7.190476190476191,4.35750901942865,14,611.0,0.25471659584401535,16,255.0,0.14645664740206082,30,866.0
4785.0,30,487.0,7.73015873015873,3.9102239461828345,15,609.0,0.27297141531961816,15,300.0,0.18587573686661574,30,909.0
4790.0,29,471.0,7.721311475409836,4.568003146232936,17,559.0,0.2231082568306059,12,320.0,0.35093728134810637,29,879.0
4795.0,27,437.0,7.163934426229508,4.294781985082643,18,593.0,0.1205748464063376,9,288.0,0.35661245021506144,27,881.0
4800.0,22,396.0,6.491803278688525,5.266342657051387,13,586.0,0.19178581382654863,9,267.0,0.35952615356133344,22,853.0
4805.0,20,259.0,4.316666666666666,5.339938791786271,11,510.0,0.2593152524034612,9,246.0,0.21235832805930135,20,756.0
4810.0,24,286.0,4.931034482758621,4.864046038175769,15,509.0,0.19397137272624795,9,188.0,0.3163349552261055,24,697.0
4815.0,27,372.0,6.413793103448276,4.376201067974369,17,543.0,0.19290079365648782,10,199.0,0.33025309028083133,27,742.0
4820.0,22,448.0,7.724137931034483,5.507270369568288,11,549.0,0.2789082150682231,11,222.0,0.4031535831572801,22,771.0
4825.0,24,435.0,7.131147540983607,4.669759996605269,12,514.0,0.30169608216598676,12,235.0,0.20514056116671095,24,749.0
4830.0,22,434.0,7.114754098360656,5.916440647784282,11,456.0,0.3563372231046671,11,238.0,0.2626572478838553,22,694.0
4835.0,28,419.0,7.224137931034483,4.570076613126323,15,438.0,0.15008078877261752,13,245.0,0.28309350307234016,28,683.0
4840.0,30,391.0,6.516666666666667,4.635820340863902,18,342.0,0.10085488283121241,12,262.0,0.33769012418183614,30,604.0
4845.0,28,293.0,5.140350877192983,3.5760763424426565,18,383.0,0.11296361048864481,10,201.0,0.32327550794610865,28,584.0
4850.0,23,271.0,4.672413793103448,4.615411421812186,10,367.0,0.18459614011680034,13,186.0,0.286712653222595,23,553.0
4855.0,20,232.0,3.8666666666666667,4.794681038348977,8,340.0,0.24291115793510898,12,199.0,0.1870765010408476,20,539.0
4860.0,23,299.0,4.746031746031746,5.8206433120188406,11,312.0,0.24906435900423923,12,224.0,0.2167419095945581,23,536.0
4865.0,26,314.0,5.064516129032258,5.231424343840394,13,327.0,0.23459763984964146,13,248.0,0.19864370666653214,26,575.0
4870.0,18,253.0,3.953125,6.042330060780266,8,288.0,0.35422419937552624,10,231.0,0.2717343776819294,18,519.0
4875.0,15,215.0,3.5245901639344264,5.909147621685727,5,224.0,0.44847903351177365,10,246.0,0.23940548767689276,15,470.0
4880.0,24,204.0,3.2903225806451615,5.387149171576863,13,190.0,0.3817076365332911,11,249.0,0.2581795741648693,24,439.0
4885.0,23,194.0,3.129032258064516,4.967070947572525,17,216.0,0.3535969544311541,6,247.0,0.3044644125359614,23,463.0
4890.0,20,245.0,4.1525423728813555,5.199214041319019,12,209.0,0.3136931666780686,8,258.0,0.2556206377274694,20,467.0
4895.0,26,210.0,3.5,4.122495885784032,14,194.0,0.1773563722004828,12,267.0,0.19778715785173462,26,461.0
4900.0,25,250.0,3.9682539682539684,5.169337393856648,16,208.0,0.2251066069546806,9,255.0,0.32949340762163615,25,463.0
4905.0,24,270.0,4.153846153846154,5.045714573489559,18,252.0,0.24702994850057292,6,274.0,0.39013392668347696,24,526.0
4910.0,28,349.0,5.629032258064516,5.45679351154265,17,274.0,0.2676262151979089,11,309.0,0.41092335202490693,28,583.0
4915.0,27,334.0,5.138461538461539,4.862408006952039,17,299.0,0.18778391915769832,10,290.0,0.37802839853537373,27,589.0
4920.0,23,294.0,4.323529411764706,5.808290991570704,12,280.0,0.31899335177974786,11,229.0,0.3090325874071481,23,509.0
4925.0,25,290.0,4.264705882352941,4.957352428940522,11,281.0,0.37908131491741187,14,231.0,0.2154210241046082,25,512.0
4930.0,29,355.0,4.930555555555555,5.1272156189810545,14,292.0,0.326676439178416,15,229.0,0.30005675781142743,29,521.0
4935.0,33,432.0,5.76,4.7355547467780665,18,347.0,0.2771266760390131,15,269.0,0.3456467854679574,33,616.0
4940.0,28,511.0,6.723684210526316,5.49927567081362,16,369.0,0.29404421842722084,12,287.0,0.3915972931518234,28,656.0
4945.0,28,364.0,4.7272727272727275,4.93389340235373,15,349.0,0.24586708260998869,13,271.0,0.28669094889014923,28,620.0
4950.0,31,364.0,4.666666666666667,5.161448991468192,19,332.0,0.2447858380426923,12,275.0,0.27494433654764594,31,607.0
4955.0,31,457.0,6.260273972602739,4.423725354083238,18,390.0,0.2396877081574386,13,327.0,0.23242036143653508,31,717.0
4960.0,29,554.0,8.147058823529411,4.695604938439328,17,429.0,0.22072840108972477,12,362.0,0.25415375033077914,29,791.0
4965.0,29,449.0,6.323943661971831,3.9833095107547094,19,459.0,0.15152098306157086,10,306.0,0.14716563445290873,29,765.0
4970.0,36,533.0,7.301369863013699,4.817945631192603,21,480.0,0.19259651411785497,15,267.0,0.2665332207397585,36,747.0
4975.0,35,530.0,7.066666666666666,5.063778414480964,22,489.0,0.25773196875848986,13,317.0,0.3157201749877149,35,806.0
4980.0,28,513.0,7.125,5.288711903509959,19,469.0,0.1797489405549783,9,330.0,0.43591647038135384,28,799.0
4985.0,35,540.0,7.105263157894737,4.4503128029628956,24,530.0,0.12779656307632564,11,302.0,0.33108079710915267,35,832.0
4990.0,36,500.0,6.410256410256411,4.454720653034182,23,604.0,0.20678571557297498,13,249.0,0.2851943922459776,36,853.0
4995.0,37,449.0,5.8311688311688314,3.405783725745306,21,641.0,0.17568684909633614,16,247.0,0.23722617439977686,37,888.0
5000.0,38,378.0,4.725,3.893883773829335,18,614.0,0.1910485287202452,20,265.0,0.25013588005498333,38,879.0
5005.0,37,414.0,4.9879518072289155,4.153931258323869,16,570.0,0.182694723663818,21,314.0,0.2473335631161137,37,884.0
5010.0,29,406.0,4.833333333333333,4.878975477029067,16,559.0,0.17536330952556706,13,317.0,0.32682281021563714,29,876.0
5015.0,35,448.0,5.670886075949367,3.8454480945820273,22,575.0,0.0867962667741127,13,317.0,0.30844382346449817,35,892.0
5020.0,43,524.0,6.469135802469136,3.823901214516573,24,564.0,0.1292524585156244,19,357.0,0.2252749016890765,43,921.0
5025.0,44,611.0,7.273809523809524,3.588462566724734,21,600.0,0.17073113635586332,23,415.0,0.20016146867196705,44,1015.0
5030.0,30,610.0,7.439024390243903,4.553609081355743,14,571.0,0.16053962505716582,16,468.0,0.29081335335914604,30,1039.0
5035.0,28,680.0,8.095238095238095,4.583009473239935,12,564.0,0.19485804822650682,16,507.0,0.2781393101899443,28,1071.0
5040.0,39,813.0,9.453488372093023,4.089371118598378,14,550.0,0.21759768493326057,25,589.0,0.20169018101545522,39,1139.0
5045.0,45,894.0,10.51764705882353,3.4980029141534192,17,574.0,0.2604518351571515,28,665.0,0.21048596545578702,45,1239.0
5050.0,39,999.0,12.036144578313253,4.057384250910515,12,556.0,0.30549422493654604,27,709.0,0.20892182093899075,39,1265.0
5055.0,45,974.0,11.595238095238095,3.8272522562017843,16,564.0,0.3033575379966224,29,704.0,0.10283740628730954,45,1268.0
5060.0,46,661.0,7.597701149425287,4.0231643779105735,17,489.0,0.26118760716251443,29,676.0,0.08505393958061705,46,1165.0
5065.0,43,737.0,8.879518072289157,3.9730016513202115,18,448.0,0.2834561369353148,25,784.0,0.12658317312125184,43,1232.0
5070.0,49,825.0,9.821428571428571,3.7273777262582204,22,456.0,0.22788797076317832,27,884.0,0.15835724762437647,49,1340.0
5075.0,51,842.0,10.023809523809524,3.0230703625138857,23,418.0,0.23505598950046297,28,928.0,0.10983220292684508,51,1346.0
5080.0,43,658.0,7.741176470588235,3.582995143624991,23,475.0,0.19269421041358273,20,873.0,0.18490992977481613,43,1348.0
5085.0,37,652.0,7.761904761904762,4.478743473263458,21,493.0,0.20574628613621887,16,797.0,0.21967647047225025,37,1290.0
5090.0,31,693.0,8.152941176470588,5.226828968858574,16,497.0,0.20997602074189298,15,667.0,0.2741304731465054,31,1164.0
5095.0,35,724.0,9.05,5.2609772321908475,19,527.0,0.2554171822478897,16,571.0,0.2241655701131286,35,1098.0
5100.0,38,630.0,8.4,4.121325651629812,20,520.0,0.21779917814687677,18,572.0,0.1646844376892714,38,1092.0
5105.0,34,456.0,6.333333333333333,4.2757785861683795,17,486.0,0.2314126742047233,17,540.0,0.14288903539425826,34,1026.0
5110.0,36,459.0,6.464788732394366,3.4068872528837266,18,502.0,0.18922976624643426,18,569.0,0.17033049620046897,36,1071.0
5115.0,34,521.0,6.946666666666666,4.169535067554768,19,529.0,0.22316153952277545,15,570.0,0.20115013182061162,34,1099.0
5120.0,34,470.0,6.438356164383562,4.68163312570824,20,526.0,0.21247565134275045,14,520.0,0.30799956777952303,34,1046.0
5125.0,30,445.0,5.933333333333334,5.41615613121521,19,480.0,0.2498100929185458,11,453.0,0.37278206875486286,30,933.0
5130.0,30,449.0,6.236111111111111,3.9446252221281686,19,505.0,0.203309255031773,11,468.0,0.2818878573742613,30,973.0
5135.0,28,433.0,6.185714285714286,4.550787045139887,14,471.0,0.17169938321462647,14,491.0,0.2705260390443807,28,962.0
5140.0,26,533.0,7.955223880597015,4.9004026914494245,13,458.0,0.19197480645693965,13,493.0,0.1983992937057402,26,951.0
5145.0,30,589.0,8.924242424242424,5.1121313063919755,12,409.0,0.26282282650640165,18,514.0,0.10202146339012078,30,923.0
5150.0,30,539.0,8.983333333333333,4.609054423836986,11,327.0,0.294883044037447,19,522.0,0.12964287935505672,30,849.0
5155.0,31,497.0,8.875,3.6197320730017757,13,353.0,0.3044889264708491,18,477.0,0.181805557270803,31,830.0
5160.0,28,549.0,9.803571428571429,3.740863038920353,15,381.0,0.2872984331073071,13,514.0,0.2023676703780479,28,895.0
5165.0,23,511.0,8.810344827586206,4.265542758728158,12,418.0,0.20388614013662573,11,486.0,0.27261896032536287,23,904.0
5170.0,25,593.0,9.721311475409836,4.681363216616129,11,435.0,0.1952311585814941,14,499.0,0.2572412870788836,25,934.0
5175.0,26,563.0,8.936507936507937,4.782242255886076,10,374.0,0.22350963867749588,16,572.0,0.2526357123607098,26,946.0
5180.0,31,599.0,9.507936507936508,4.981590871429608,11,276.0,0.3227804666771644,20,607.0,0.2879322333043262,31,883.0
5185.0,29,635.0,10.583333333333334,4.571405154546635,9,241.0,0.35624230412069446,20,626.0,0.26996487743654046,29,867.0
5190.0,28,641.0,10.683333333333334,4.0308083243952435,8,147.0,0.41272145424184137,20,655.0,0.18372900691905253,28,802.0
5195.0,26,599.0,9.359375,4.3163170691587,8,152.0,0.35467632524534093,18,648.0,0.17766219886093906,26,800.0
5200.0,26,689.0,10.765625,5.277593443787601,10,161.0,0.29283364657757377,16,662.0,0.23928590407145053,26,823.0
5205.0,25,419.0,6.348484848484849,5.484025079682435,11,209.0,0.2782491462313335,14,496.0,0.21653801456126437,25,705.0
5210.0,25,399.0,5.867647058823529,5.876075188927833,11,270.0,0.3699717148364737,14,317.0,0.16464370512594684,25,587.0
5215.0,27,358.0,5.343283582089552,5.4099502172488005,8,226.0,0.46522226928720783,19,374.0,0.1789309029560627,27,600.0
5220.0,24,396.0,5.91044776119403,6.132493680279106,8,159.0,0.46066329168364983,16,393.0,0.3028182377905867,24,552.0
5225.0,26,369.0,5.426470588235294,5.247650208785073,10,117.0,0.2904604883886676,16,406.0,0.3254510101190125,26,523.0
5230.0,30,394.0,5.549295774647887,5.147515609295012,13,151.0,0.15716106850801095,17,408.0,0.36974021384449296,30,559.0
5235.0,28,411.0,5.871428571428571,4.902253164420221,13,191.0,0.2105501779075738,15,399.0,0.35491083706051346,28,590.0
5240.0,26,468.0,7.3125,4.855272022465465,7,195.0,0.3227511241663337,19,431.0,0.25633959722714067,26,626.0
5245.0,34,445.0,7.063492063492063,4.058373366259851,9,204.0,0.3535158358443053,25,438.0,0.10106609024195917,34,642.0
5250.0,28,337.0,5.349206349206349,4.952675718022859,5,130.0,0.4237889809782974,23,449.0,0.0967968622802739,28,579.0
5255.0,27,397.0,6.403225806451613,4.983594389913708,6,105.0,0.4595731095422509,21,502.0,0.12460616063260252,27,607.0
5260.0,29,451.0,7.274193548387097,5.094893901046793,7,141.0,0.4875867318361454,22,526.0,0.17031625196260614,29,667.0
5265.0,28,451.0,7.158730158730159,4.1622069643624195,9,182.0,0.35197524293206944,19,538.0,0.16976118433059698,28,720.0
5270.0,24,352.0,5.770491803278689,4.270021133901756,8,191.0,0.332057519887098,16,493.0,0.18916873138904258,24,684.0
5275.0,24,355.0,5.916666666666667,4.6278897276739395,9,191.0,0.35208554831856065,15,510.0,0.16608456956028309,24,701.0
5280.0,26,422.0,6.806451612903226,5.231888379252155,10,230.0,0.27790771918151,16,498.0,0.16853120721999287,26,728.0
5285.0,28,331.0,5.426229508196721,4.663831675448539,10,170.0,0.21293486480984367,18,517.0,0.143853500295048,28,687.0
5290.0,23,401.0,6.683333333333334,5.792292506375417,9,121.0,0.33903146950696866,14,488.0,0.20437045702287432,23,609.0
5295.0,21,341.0,5.879310344827586,5.385625229501596,7,112.0,0.32353554249808175,14,474.0,0.19325963661429835,21,586.0
5300.0,23,351.0,6.051724137931035,6.310484625721245,8,89.0,0.3666913928552253,15,449.0,0.32838568865104817,23,538.0
5305.0,24,339.0,6.39622641509434,5.172814387690318,7,80.0,0.4177124643653021,17,457.0,0.2820999750716486,24,537.0
5310.0,25,349.0,6.711538461538462,5.5897432804582285,8,123.0,0.4315975605143819,17,422.0,0.29919393810288697,25,545.0
5315.0,21,257.0,4.7592592592592595,3.707809566451829,5,103.0,0.3522146233417121,16,423.0,0.16296141986163934,21,526.0
5320.0,23,248.0,4.428571428571429,5.0297305926319575,4,60.0,0.4294686032489852,19,382.0,0.1534102989615864,23,442.0
5325.0,20,229.0,4.403846153846154,5.726171116142594,3,46.0,0.5087875691909826,17,408.0,0.17429527344112258,20,454.0
5330.0,16,191.0,3.6037735849056602,5.890186274052086,5,62.0,0.2789797953580847,11,374.0,0.27063159270634285,16,436.0
5335.0,19,177.0,3.4038461538461537,5.30230119002894,8,82.0,0.26099551695257744,11,299.0,0.2535419170957645,19,381.0
5340.0,16,210.0,4.038461538461538,6.329496011680159,7,96.0,0.4168001336062045,9,218.0,0.3759844073349276,16,314.0
5345.0,16,168.0,3.0545454545454547,6.403759120764397,6,100.0,0.49752301729341625,10,182.0,0.35630163919166064,16,282.0
5350.0,13,159.0,2.890909090909091,7.288436969604206,4,71.0,0.6155920184670017,9,166.0,0.35775280238349844,13,237.0
5355.0,17,207.0,3.7636363636363637,5.334089495793976,7,89.0,0.4190266348525962,10,189.0,0.21807194115716988,17,278.0
5360.0,27,317.0,5.763636363636364,4.979390999271627,13,148.0,0.32979514382675096,14,237.0,0.1942537715411513,27,385.0
5365.0,28,330.0,5.892857142857143,3.931375122905106,14,196.0,0.21825675556979376,14,246.0,0.20258177600440064,28,442.0
5370.0,24,402.0,7.730769230769231,4.909580062429486,15,241.0,0.1591434603489564,9,231.0,0.35132666400573437,24,472.0
5375.0,22,327.0,6.54,4.922911992888826,15,278.0,0.1120959081789841,7,164.0,0.41775941282787,22,442.0
5380.0,14,287.0,5.627450980392157,6.509798904045785,7,251.0,0.322375209876192,7,168.0,0.380652906591161,14,419.0
5385.0,16,357.0,7.285714285714286,5.588860063738927,8,284.0,0.36498238691843254,8,205.0,0.2103714902034075,16,489.0
5390.0,23,367.0,7.808510638297872,4.435426997448218,15,348.0,0.19671567172376864,8,176.0,0.3067939408267028,23,524.0
5395.0,24,426.0,9.063829787234043,3.8213970373491564,16,415.0,0.1679815235649184,8,124.0,0.23600272403775568,24,539.0
5400.0,26,476.0,9.916666666666666,3.9014060174403316,19,492.0,0.1847751127538308,7,113.0,0.27242325701977405,26,605.0
5405.0,17,463.0,8.735849056603774,5.744903906992089,14,511.0,0.23556049237438575,3,65.0,0.4069181542623874,17,576.0
5410.0,13,397.0,7.490566037735849,7.328228858964455,8,434.0,0.2383207408716065,5,75.0,0.6259837613097871,13,509.0
5415.0,9,86.0,1.7551020408163265,7.416451984818018,7,286.0,0.301271214549893,2,31.0,0.6609603773748096,9,317.0
5420.0,17,95.0,2.021276595744681,6.865553852523205,13,179.0,0.2700951047984582,4,29.0,0.5236995301754656,17,208.0
5425.0,16,115.0,2.3958333333333335,5.590732735844287,10,178.0,0.2879265048281966,6,27.0,0.3749343703254797,16,205.0
5430.0,14,144.0,2.88,7.116807040427866,8,129.0,0.3858685524878751,6,48.0,0.5070621847581286,14,177.0
5435.0,15,214.0,4.037735849056604,6.925269656019665,8,142.0,0.44409955071694973,7,78.0,0.358941848584792,15,220.0
5440.0,14,200.0,3.508771929824561,6.6250437588517865,8,134.0,0.3116411575353671,6,87.0,0.42821630858619275,14,221.0
5445.0,22,289.0,5.351851851851852,6.370026145759045,13,176.0,0.22564425742840816,9,125.0,0.46289762489152203,22,301.0
5450.0,19,232.0,4.549019607843137,5.1357422242692445,12,190.0,0.28170904431551536,7,113.0,0.3445085694495663,19,303.0
5455.0,23,249.0,4.611111111111111,5.083997370475648,12,175.0,0.27660750683213925,11,130.0,0.25734053301491083,23,305.0
5460.0,20,242.0,4.566037735849057,5.056889280136884,10,188.0,0.23821314309863129,10,162.0,0.3588981337077404,20,350.0
5465.0,18,240.0,4.2105263157894735,6.669346185840765,9,175.0,0.35234960950443767,9,172.0,0.44532903676481,18,347.0
5470.0,16,191.0,3.293103448275862,6.717499449206221,9,181.0,0.46233521958131524,7,123.0,0.31914769296291784,16,304.0
5475.0,20,211.0,3.5762711864406778,5.793317351178003,10,179.0,0.3471903912995441,10,102.0,0.2579762678306993,20,281.0
5480.0,19,218.0,3.5161290322580645,5.611230231196584,9,181.0,0.2729462912059452,10,98.0,0.3404051035416143,19,279.0
5485.0,22,217.0,3.7413793103448274,5.946031761886808,9,154.0,0.36703294396570707,13,155.0,0.3877910952393581,22,309.0
5490.0,26,305.0,5.169491525423729,4.885135817825026,14,177.0,0.2542135914729417,12,203.0,0.3650660348738953,26,380.0
5495.0,30,384.0,6.508474576271187,4.125161735153855,16,219.0,0.2865705357047848,14,252.0,0.1941741910778472,30,471.0
5500.0,26,422.0,6.806451612903226,4.865235578909693,12,220.0,0.3410690724031249,14,294.0,0.19530885108287296,26,514.0
5505.0,28,487.0,7.492307692307692,4.821023915570177,13,245.0,0.30851535692498133,15,319.0,0.16905973560445628,28,564.0
5510.0,29,393.0,5.779411764705882,5.026082016847763,16,272.0,0.2763732920337365,13,300.0,0.3063667366262132,29,572.0
5515.0,20,278.0,4.276923076923077,5.357588876410387,15,322.0,0.2645655468355325,5,182.0,0.4470795067560493,20,504.0
5520.0,22,348.0,5.523809523809524,5.551545320665,16,354.0,0.23886369642155672,6,117.0,0.444338052902937,22,471.0
5525.0,20,331.0,5.092307692307692,4.779370293878605,15,384.0,0.22204090285812628,5,101.0,0.2202039739240824,20,485.0
5530.0,27,414.0,6.46875,5.418733267640469,18,418.0,0.2610946423780311,9,119.0,0.32247674346967947,27,537.0
5535.0,30,523.0,8.573770491803279,5.570519516753953,20,509.0,0.25505353856519053,10,131.0,0.39903209705919607,30,640.0
5540.0,30,621.0,10.016129032258064,4.82372379609637,19,579.0,0.2565347517577918,11,181.0,0.34764463810725477,30,760.0
5545.0,27,628.0,10.129032258064516,4.209586076296297,17,604.0,0.26102835750884373,10,178.0,0.1859922011061697,27,782.0
5550.0,25,609.0,10.15,4.589406540715774,18,618.0,0.18477347730540014,7,150.0,0.3229766152383293,25,768.0
5555.0,24,596.0,9.46031746031746,4.772378679589504,17,576.0,0.10577482947940667,7,164.0,0.37492638336332734,24,740.0
5560.0,33,486.0,7.476923076923077,4.458196252539085,18,482.0,0.13310538233906366,15,222.0,0.3558820244021962,33,704.0
5565.0,33,449.0,6.907692307692308,4.517841190232448,17,429.0,0.20240506043723364,16,299.0,0.3294231946635104,33,728.0
5570.0,30,476.0,7.104477611940299,4.0111947232843415,15,459.0,0.2500320379034754,15,335.0,0.24136697887783584,30,794.0
5575.0,27,472.0,6.840579710144928,4.918922705273669,13,421.0,0.31380746921440156,14,340.0,0.22733666255147658,27,761.0
5580.0,30,585.0,8.602941176470589,5.053629733081296,15,428.0,0.25732756285183156,15,406.0,0.20410299393389972,30,834.0
5585.0,36,715.0,9.930555555555555,4.387210978170897,18,420.0,0.1478097543815321,18,480.0,0.21105262765669797,36,900.0
5590.0,34,744.0,10.782608695652174,4.38095899251443,16,400.0,0.234418549872836,18,540.0,0.22653093089793574,34,940.0
5595.0,31,785.0,11.716417910447761,5.063842038545098,16,377.0,0.2061282883718973,15,580.0,0.3596084997602149,31,957.0
5600.0,30,576.0,8.228571428571428,4.283709288493046,16,382.0,0.13535573521172156,14,482.0,0.3259250413608835,30,864.0
5605.0,26,463.0,6.7101449275362315,5.308667388715411,12,363.0,0.2710205002595709,14,317.0,0.28590146578630676,26,680.0
5610.0,25,380.0,5.9375,4.2474773889045,10,376.0,0.2807833276350467,15,303.0,0.16873788551719765,25,679.0
5615.0,32,459.0,6.954545454545454,4.680976756483373,14,398.0,0.2897993079919277,18,271.0,0.1807221116509932,32,669.0
5620.0,34,503.0,7.7384615384615385,3.9729057805044747,18,419.0,0.22963912176644372,16,311.0,0.1659226342023441,34,730.0
5625.0,31,557.0,8.841269841269842,4.7859300290022135,18,437.0,0.2538468117218581,13,303.0,0.22073489039992003,31,740.0
5630.0,30,576.0,9.290322580645162,3.8870924035318843,19,473.0,0.13161482822588416,11,261.0,0.2497435104620743,30,734.0
5635.0,26,560.0,9.03225806451613,5.243024781066942,13,472.0,0.20646981404940926,13,277.0,0.2720155148330595,26,749.0
5640.0,22,208.0,3.5254237288135593,4.46993976187913,10,345.0,0.2636288618149591,12,250.0,0.049468677757562834,22,595.0
5645.0,28,266.0,4.586206896551724,4.575723196902582,12,249.0,0.2324393224949263,16,257.0,0.19414966182290466,28,506.0
5650.0,30,300.0,4.761904761904762,4.400432298277263,17,273.0,0.2024130869680103,13,262.0,0.30855112996516826,30,535.0
5655.0,15,252.0,4.064516129032258,5.9783188022505955,9,248.0,0.3040926665021834,6,213.0,0.4368067985557513,15,461.0
5660.0,15,279.0,4.292307692307692,6.821075356671795,8,234.0,0.3959504032818102,7,209.0,0.3695825662671222,15,443.0
5665.0,24,352.0,5.176470588235294,6.8748626975431755,10,249.0,0.44798550260831793,14,220.0,0.2372623867963807,24,469.0
5670.0,21,328.0,5.2063492063492065,5.3066680464049,8,230.0,0.30859419518736514,13,237.0,0.20138501688124769,21,467.0
5675.0,20,325.0,5.327868852459017,6.234031434507169,11,206.0,0.31744802433993324,9,223.0,0.3210589511473976,20,429.0
5680.0,17,176.0,3.087719298245614,5.962045430326404,10,166.0,0.22449346306784732,7,144.0,0.3732433326118184,17,310.0
5685.0,23,234.0,4.415094339622642,6.521192913730908,12,164.0,0.33717029706069634,11,169.0,0.366997221186859,23,333.0
5690.0,18,211.0,4.137254901960785,4.522419838537205,8,182.0,0.3115970759454315,10,189.0,0.2389080871079195,18,371.0
5695.0,24,245.0,4.803921568627451,5.064877232163623,12,178.0,0.3127791955566422,12,191.0,0.19706996868889726,24,369.0
5700.0,24,215.0,3.909090909090909,4.596544105741644,11,166.0,0.280643232413815,13,161.0,0.11288293745874708,24,327.0
5705.0,26,327.0,5.945454545454545,5.867568269919227,15,229.0,0.32342811273950545,11,198.0,0.27421035506667063,26,427.0
5710.0,21,316.0,5.851851851851852,5.179859029910398,13,275.0,0.24911858676267942,8,180.0,0.36503539653774275,21,455.0
5715.0,14,275.0,5.392156862745098,6.081876896413681,11,287.0,0.19491635093250015,3,84.0,0.5160624575673165,14,371.0
5720.0,17,270.0,5.294117647058823,6.141854699649563,11,284.0,0.18180410818865375,6,58.0,0.41084694626283286,17,342.0
5725.0,22,289.0,5.5576923076923075,6.327570851708194,14,264.0,0.18043270624145677,8,94.0,0.28912432435112884,22,358.0
5730.0,19,302.0,6.04,5.708921153209782,13,305.0,0.1707361858161371,6,82.0,0.37577735628324416,19,387.0
5735.0,16,335.0,7.282608695652174,6.235142475610104,10,317.0,0.3123860084716918,6,79.0,0.3442376598607121,16,396.0
5740.0,20,269.0,5.977777777777778,5.216292077051549,12,310.0,0.2798896907151403,8,87.0,0.28968603002248067,20,397.0
5745.0,14,193.0,4.195652173913044,6.4131301015965905,8,254.0,0.3280948503235578,6,95.0,0.39455696665065204,14,349.0
5750.0,17,143.0,3.0425531914893615,5.32619252069208,11,240.0,0.28303061142596686,6,71.0,0.4384416040110326,17,311.0
5755.0,21,205.0,4.361702127659575,5.126191069622202,15,291.0,0.24870911216061026,6,77.0,0.4564674791527813,21,368.0
5760.0,20,203.0,3.980392156862745,4.782615973490726,14,313.0,0.2332056843473936,6,85.0,0.42467144886442626,20,398.0
5765.0,18,231.0,4.052631578947368,6.037639024851621,11,310.0,0.2817396601430615,7,91.0,0.4006709145687701,18,401.0
5770.0,20,234.0,3.9,5.897816569937197,11,287.0,0.23678911718446782,9,85.0,0.39052060850441256,20,372.0
5775.0,19,261.0,4.278688524590164,6.665997094156648,10,273.0,0.2860965009997769,9,129.0,0.4252614067350387,19,402.0
5780.0,17,275.0,4.508196721311475,5.575871942456467,9,288.0,0.3186493676721516,8,156.0,0.3576050393426655,17,444.0
5785.0,19,338.0,5.633333333333334,6.266518906418651,9,273.0,0.3590504012425628,10,185.0,0.32928710587822135,19,458.0
5790.0,25,309.0,5.327586206896552,5.505831482228677,13,317.0,0.2511779296006265,12,166.0,0.22179051517015513,25,483.0
5795.0,26,376.0,6.266666666666667,5.230410357755635,17,361.0,0.14810130311163897,9,120.0,0.25903509010117026,26,481.0
5800.0,24,380.0,6.785714285714286,4.824376311498506,15,390.0,0.2607204676012862,9,128.0,0.22769562239277372,24,518.0
5805.0,21,434.0,7.75,6.120107019266663,12,410.0,0.33796842053873727,9,129.0,0.419110601816895,21,539.0
5810.0,20,460.0,8.363636363636363,5.370539820844101,15,463.0,0.2995614055834044,5,123.0,0.4390653770193469,20,586.0
5815.0,25,368.0,6.344827586206897,4.812991853247953,18,404.0,0.28612869113160067,7,116.0,0.3333178749251656,25,520.0
5820.0,27,356.0,5.836065573770492,4.503291052222112,20,380.0,0.27437086831931745,7,118.0,0.3502169370126628,27,498.0
5825.0,24,342.0,5.181818181818182,4.75822132013569,21,424.0,0.1704984412318755,3,85.0,0.5518822474978341,24,509.0
5830.0,22,359.0,5.4393939393939394,6.025328094683196,19,456.0,0.2148455604178267,3,89.0,0.6273272041161111,22,545.0
5835.0,19,216.0,3.176470588235294,5.82901545321858,17,424.0,0.24280643458133078,2,30.0,0.37071407964698644,19,454.0
5840.0,31,303.0,4.328571428571428,5.171948077227833,25,453.0,0.12922134855601222,6,56.0,0.4290250538071409,31,509.0
5845.0,34,427.0,6.373134328358209,4.696235739367302,26,526.0,0.1714752627233866,8,95.0,0.45883271504300016,34,621.0
5850.0,25,463.0,6.7101449275362315,5.657348294323596,20,559.0,0.2600355930596637,5,104.0,0.46544079867327914,25,663.0
5855.0,22,480.0,6.956521739130435,5.49526887169447,16,560.0,0.2459572116497188,6,84.0,0.38010335149995506,22,644.0
5860.0,29,529.0,7.666666666666667,5.908450950716383,21,554.0,0.21352967498131706,8,116.0,0.3911541051209372,29,670.0
5865.0,30,595.0,8.75,5.30871520841052,22,607.0,0.1436070461954176,8,145.0,0.4535123579443801,30,752.0
5870.0,30,727.0,11.015151515151516,6.046991676888141,23,695.0,0.19954137948167858,7,166.0,0.5374388975172968,30,861.0
5875.0,33,704.0,10.830769230769231,4.754873057463312,25,741.0,0.2314398158512076,8,116.0,0.35642175288053257,33,857.0
5880.0,27,481.0,8.152542372881356,3.864002454442744,19,778.0,0.20020559448003436,8,81.0,0.3238948971262991,27,859.0
5885.0,30,323.0,5.126984126984127,3.1162159709067767,19,812.0,0.14722138741630642,11,108.0,0.23924246663649001,30,920.0
5890.0,19,228.0,3.5625,4.461737325834562,14,771.0,0.14051494606154008,5,106.0,0.33436894081427154,19,877.0
5895.0,21,233.0,3.5303030303030303,5.334346193457612,14,749.0,0.15328329487127829,7,118.0,0.41962053735345717,21,867.0
5900.0,27,255.0,3.75,5.784896850849204,23,763.0,0.12727631354015476,4,87.0,0.42259182408591256,27,850.0
5905.0,34,341.0,5.328125,4.545511537852423,26,801.0,0.13751113076118834,8,73.0,0.42825448701070035,34,874.0
5910.0,28,367.0,5.919354838709677,4.473241653912693,22,737.0,0.1940261538153762,6,90.0,0.4102641878285484,28,827.0
5915.0,26,335.0,5.317460317460317,4.962880130920494,17,751.0,0.2398076990782324,9,98.0,0.3862931477546526,26,849.0
5920.0,17,223.0,3.5396825396825395,4.96759643519359,11,729.0,0.18779418615421908,6,91.0,0.32198686313073654,17,820.0
5925.0,19,154.0,2.5245901639344264,5.104792059778674,11,664.0,0.17895433541719757,8,101.0,0.2584657090013608,19,765.0
5930.0,32,255.0,4.396551724137931,3.9776894795243476,22,697.0,0.1632586197975106,10,126.0,0.2066283998385061,32,823.0
5935.0,34,357.0,6.0508474576271185,3.583129995430267,20,687.0,0.12001126912428202,14,160.0,0.1871185235444032,34,847.0
5940.0,30,371.0,6.288135593220339,4.343657328629784,19,612.0,0.15593097173285903,11,173.0,0.3201128362750981,30,785.0
5945.0,29,453.0,7.677966101694915,4.650202464740992,16,560.0,0.19784682169667367,13,228.0,0.3093902306316939,29,788.0
5950.0,25,374.0,6.131147540983607,4.126017783807372,13,558.0,0.22775295526919656,12,226.0,0.2678780616964818,25,784.0
5955.0,15,230.0,4.107142857142857,4.874643949899503,7,519.0,0.2302796593443781,8,160.0,0.3126946557920565,15,679.0
5960.0,16,237.0,4.157894736842105,5.581958743298789,10,501.0,0.2640954680257582,6,129.0,0.34445923256967637,16,630.0
5965.0,21,261.0,4.5,5.86052310889773,13,522.0,0.2462462557328225,8,101.0,0.27412208893504747,21,623.0
5970.0,28,358.0,6.280701754385965,4.60108178005533,15,511.0,0.2489651182752528,13,147.0,0.15653826700420573,28,658.0
5975.0,27,406.0,7.0,4.9970866765043604,12,504.0,0.2804066788109942,15,219.0,0.270133002104672,27,723.0
5980.0,22,231.0,3.9152542372881354,5.034768950239299,10,433.0,0.24433493749641153,12,231.0,0.3885917688390579,22,664.0
5985.0,23,222.0,3.8275862068965516,5.334193630153543,15,413.0,0.2009930343051832,8,196.0,0.4154358457010314,23,609.0
5990.0,24,248.0,4.065573770491803,4.797279595842965,13,451.0,0.20445300628960245,11,195.0,0.2851485794037752,24,646.0
5995.0,23,264.0,4.258064516129032,5.367734796608545,10,455.0,0.29690256134078497,13,211.0,0.26113244650236256,23,666.0
6000.0,28,259.0,4.4655172413793105,4.7703342261402,12,428.0,0.2614658632196318,16,212.0,0.21474130793849727,28,640.0
6005.0,29,299.0,5.067796610169491,4.571169901726829,11,341.0,0.3497871071432641,18,274.0,0.16559024933907526,29,615.0
6010.0,28,342.0,5.516129032258065,4.106146750659752,11,373.0,0.31541304847211593,17,304.0,0.21086870276643843,28,677.0
6015.0,26,371.0,5.983870967741935,4.995861816508308,15,427.0,0.319380874179335,11,268.0,0.30946112603357795,26,695.0
6020.0,28,339.0,5.2153846153846155,4.451714108295626,16,405.0,0.16190163388400425,12,286.0,0.32605435842401165,28,691.0
6025.0,33,418.0,6.430769230769231,4.526751503422653,19,457.0,0.16281979819595283,14,299.0,0.2833208992039532,33,756.0
6030.0,35,480.0,7.384615384615385,4.055398015054342,17,464.0,0.1975081162255282,18,344.0,0.19878494566532454,35,808.0
6035.0,33,472.0,7.2615384615384615,3.9564538227878905,14,417.0,0.28690095228068213,19,370.0,0.13206064995059788,33,787.0
6040.0,31,417.0,6.318181818181818,3.586981078945257,13,396.0,0.2385910717395323,18,396.0,0.18290629007689144,31,792.0
6045.0,20,168.0,2.5454545454545454,4.374064117625984,8,304.0,0.232820811102057,12,362.0,0.20916720567680974,20,666.0
6050.0,19,232.0,3.7419354838709675,6.1287959229011495,8,233.0,0.3539743122519921,11,335.0,0.2827923018328638,19,568.0
6055.0,18,278.0,4.557377049180328,6.620915346664859,8,210.0,0.38185540912902904,10,297.0,0.25974541848042193,18,507.0
6060.0,23,309.0,5.15,5.519117017716754,8,209.0,0.36116823131790865,15,295.0,0.1568739755794328,23,504.0
6065.0,26,382.0,6.821428571428571,5.338855580557335,11,253.0,0.29163846841452007,15,314.0,0.29739681630615233,26,567.0
6070.0,25,376.0,7.09433962264151,5.4489155412636165,12,272.0,0.3234430243680066,13,290.0,0.39659394105902507,25,562.0
6075.0,19,384.0,7.111111111111111,5.019202889853706,8,276.0,0.39115360483134587,11,307.0,0.29344835234560973,19,583.0
6080.0,20,349.0,6.232142857142857,5.014203518887062,9,285.0,0.2765965043088161,11,288.0,0.30212060068848207,20,573.0
6085.0,19,414.0,7.137931034482759,6.411874147887068,8,263.0,0.24029224285817563,11,310.0,0.41759769298470206,19,573.0
6090.0,17,202.0,3.4237288135593222,6.025962005219492,9,208.0,0.18523370824089602,8,240.0,0.36088725906779373,17,448.0
6095.0,19,194.0,3.5272727272727273,6.160547099920501,12,137.0,0.28350947775802327,7,166.0,0.3445147689934215,19,303.0
6100.0,24,259.0,4.980769230769231,5.22630298741727,13,200.0,0.30701048631249034,11,169.0,0.303716475437555,24,369.0
6105.0,26,336.0,6.339622641509434,4.240649652320049,15,275.0,0.2387580594383494,11,152.0,0.29502012360108393,26,427.0
6110.0,23,356.0,6.357142857142857,3.761016997438022,15,310.0,0.21089036523336352,8,166.0,0.3054093458490965,23,476.0
6115.0,22,416.0,7.428571428571429,4.919886727628169,10,299.0,0.2896838494088516,12,188.0,0.2838278760494684,22,487.0
6120.0,22,334.0,5.964285714285714,4.748104654249914,10,261.0,0.33704720365162416,12,202.0,0.20431173870751462,22,463.0
6125.0,24,356.0,5.836065573770492,5.482687617968527,13,199.0,0.28370148420728064,11,234.0,0.2573495977207173,24,433.0
6130.0,25,443.0,7.508474576271187,5.877212118069167,12,230.0,0.2924919751020655,13,286.0,0.31106237818064236,25,516.0
6135.0,20,389.0,6.483333333333333,6.72129354939409,10,250.0,0.34469832697337055,10,255.0,0.3537841725066711,20,505.0
6140.0,18,269.0,4.803571428571429,5.3092256623272,9,191.0,0.30567756840440674,9,239.0,0.17509999253518227,18,430.0
6145.0,26,287.0,4.864406779661017,5.052627715676544,13,165.0,0.33694705833237626,13,252.0,0.17323272273327645,26,417.0
6150.0,23,246.0,4.169491525423729,5.8342224690040085,14,205.0,0.3371134341914048,9,188.0,0.333868192123407,23,393.0
6155.0,21,293.0,5.140350877192983,5.619549324573529,16,272.0,0.28194295786507273,5,196.0,0.425163781267454,21,468.0
6160.0,24,330.0,5.5,4.879848330220616,16,308.0,0.20217610332027222,8,193.0,0.35781363498697644,24,501.0
6165.0,22,328.0,5.559322033898305,5.00296726396181,13,298.0,0.19959983358873928,9,200.0,0.303158964643811,22,498.0
6170.0,25,315.0,5.080645161290323,5.166608359512099,12,259.0,0.27067907699999677,13,236.0,0.19821307237669286,25,495.0
6175.0,25,286.0,4.8474576271186445,5.0476386090031715,13,246.0,0.2774373817253825,12,291.0,0.23732663540216223,25,537.0
6180.0,25,329.0,5.875,4.865620588175235,13,264.0,0.22053745982293563,12,327.0,0.2955428572743902,25,591.0
6185.0,32,477.0,8.833333333333334,4.1319824329752315,19,329.0,0.1032860124822858,13,388.0,0.2737388648527557,32,717.0
6190.0,33,541.0,9.660714285714286,3.574010661814699,20,405.0,0.053628599817936946,13,373.0,0.2093859881725499,33,778.0
6195.0,30,542.0,9.678571428571429,4.206033562617895,19,503.0,0.15450133017891435,11,316.0,0.30483013650533564,30,819.0
6200.0,29,642.0,11.672727272727272,4.464751163930918,19,598.0,0.22875962355481858,10,293.0,0.35112193504956063,29,891.0
6205.0,25,489.0,8.578947368421053,3.9308975479133226,18,600.0,0.23946626445437555,7,236.0,0.2673504863337182,25,836.0
6210.0,23,323.0,5.666666666666667,4.3180720336925145,10,513.0,0.28568466905919315,13,248.0,0.16874903822548942,23,761.0
6215.0,23,285.0,4.830508474576271,4.531023548768494,9,494.0,0.26415500927855756,14,270.0,0.12598281953565074,23,764.0
6220.0,20,194.0,3.180327868852459,5.372193801180369,10,425.0,0.16498318338605253,10,258.0,0.30128576091268605,20,683.0
6225.0,29,230.0,3.8333333333333335,4.10969805527886,16,413.0,0.09344400279436965,13,270.0,0.26989578038575995,29,683.0
6230.0,23,294.0,4.819672131147541,5.172825604558777,10,323.0,0.27977214376047077,13,320.0,0.2504708454144918,23,643.0
6235.0,22,250.0,4.098360655737705,5.0687985375577,8,332.0,0.36393487538877406,14,311.0,0.1675035694005974,22,643.0
6240.0,28,274.0,4.566666666666666,4.97025058442699,17,377.0,0.2356827631503031,11,244.0,0.29023252816495576,28,621.0
6245.0,23,229.0,3.8813559322033897,4.542540768070647,18,397.0,0.21924945519839772,5,229.0,0.3316252458862754,23,626.0
6250.0,26,274.0,4.566666666666666,4.6119383159080805,18,378.0,0.1746850036488362,8,200.0,0.35549551537824364,26,578.0
6255.0,29,341.0,5.779661016949152,4.735666662793572,18,385.0,0.17832425059225113,11,246.0,0.37256657891683365,29,631.0
6260.0,23,337.0,5.435483870967742,5.9631041144511245,11,348.0,0.27600633230536203,12,306.0,0.3412139029473534,23,654.0
6265.0,21,268.0,4.32258064516129,5.1283444350033545,10,325.0,0.34028795916381843,11,307.0,0.1342027616070227,21,632.0
6270.0,26,263.0,4.241935483870968,5.08068429664872,14,307.0,0.3275427696090875,12,275.0,0.22356067476651334,26,582.0
6275.0,24,293.0,4.966101694915254,4.7347989072399495,16,319.0,0.29249774895550973,8,286.0,0.33886601567886454,24,605.0
6280.0,23,349.0,5.915254237288136,5.08177970762406,14,295.0,0.2512779963433927,9,315.0,0.3830655731619942,23,610.0
6285.0,26,359.0,5.885245901639344,4.212411468194246,16,297.0,0.214719703399486,10,335.0,0.23040035002327405,26,632.0
6290.0,30,417.0,6.725806451612903,4.749117504455337,18,312.0,0.2452422503475078,12,366.0,0.19654503843552457,30,678.0
6295.0,28,326.0,5.344262295081967,4.2752690365229205,19,360.0,0.20294319188368368,9,309.0,0.26392525511826276,28,669.0
6300.0,33,446.0,6.96875,4.7830292789523146,23,412.0,0.2446307536578183,10,304.0,0.34013445406676507,33,716.0
6305.0,30,437.0,6.828125,4.411138925390068,22,452.0,0.2670526911247753,8,278.0,0.38355965503061884,30,730.0
6310.0,29,367.0,5.397058823529412,4.69012697659758,22,459.0,0.2787772741267008,7,189.0,0.3790304891092723,29,648.0
6315.0,29,348.0,4.833333333333333,4.4298504151253155,24,495.0,0.2027374854956249,5,189.0,0.4024726161170673,29,684.0
6320.0,28,281.0,3.7972972972972974,4.867152849633995,22,467.0,0.12811116790491725,6,176.0,0.46929904119852733,28,643.0
6325.0,27,317.0,4.342465753424658,5.380559633598351,19,480.0,0.17072256500695462,8,205.0,0.40594156741547177,27,685.0
6330.0,30,326.0,4.591549295774648,4.9664265945533685,21,537.0,0.10689904726952663,9,250.0,0.36632876453098756,30,787.0
6335.0,30,316.0,4.787878787878788,4.4063291505671405,21,550.0,0.11091744586461061,9,221.0,0.3461726768983211,30,771.0
6340.0,27,350.0,5.555555555555555,4.7110426441725926,23,632.0,0.14859085446359738,4,150.0,0.4615227344896799,27,782.0
6345.0,28,373.0,6.114754098360656,4.066133097386342,24,680.0,0.1373755372876323,4,83.0,0.47805043933307295,28,763.0
6350.0,35,511.0,8.37704918032787,4.349547115726481,27,749.0,0.15873249566365527,8,111.0,0.4401770543322022,35,860.0
6355.0,35,550.0,8.73015873015873,2.9432693441995563,27,779.0,0.1208262438554784,8,128.0,0.2679913135888513,35,907.0
6360.0,30,438.0,6.537313432835821,3.899329893316972,22,724.0,0.1329644516895759,8,149.0,0.2895688156480126,30,873.0
6365.0,25,509.0,7.485294117647059,5.28471228892674,16,648.0,0.22025884646047578,9,191.0,0.2937268538641226,25,839.0
6370.0,22,505.0,7.318840579710145,6.632648976984613,16,633.0,0.3306296279048894,6,138.0,0.3447482589312308,22,771.0
6375.0,21,568.0,8.606060606060606,6.495563252500743,14,668.0,0.31350880216885113,7,125.0,0.3279205877255965,21,793.0
6380.0,27,563.0,9.229508196721312,5.575188042950653,21,741.0,0.19840411805414077,6,84.0,0.41572690485956754,27,825.0
6385.0,30,580.0,10.0,4.693041892397898,24,759.0,0.12972473665322096,6,83.0,0.42392419467634773,30,842.0
6390.0,25,424.0,7.310344827586207,4.25613704439455,22,723.0,0.15159613753841975,3,79.0,0.42309102408989235,25,802.0
6395.0,23,361.0,6.224137931034483,5.572820072197185,19,688.0,0.19900759479572283,4,58.0,0.5836895332469155,23,746.0
6400.0,24,359.0,5.983333333333333,5.507088007555585,18,725.0,0.20978900957415655,6,80.0,0.48541971881398904,24,805.0
6405.0,19,340.0,5.862068965517241,5.167334496057925,13,707.0,0.1967546130184882,6,107.0,0.4279710123200101,19,814.0
6410.0,20,167.0,2.8793103448275863,4.877491693596569,14,673.0,0.2482567963226619,6,87.0,0.23349651642627045,20,760.0
6415.0,26,252.0,4.344827586206897,5.163559736472115,18,669.0,0.18633478015880023,8,99.0,0.38018110788308157,26,768.0
6420.0,26,276.0,4.928571428571429,4.382516703957703,20,726.0,0.12521442692313686,6,89.0,0.4713080848675048,26,815.0
6425.0,19,320.0,5.245901639344262,6.437881208427081,16,741.0,0.2251534200446196,3,62.0,0.5845496192324448,19,803.0
6430.0,20,303.0,4.809523809523809,5.828914655279257,16,703.0,0.24241664635704546,4,49.0,0.47333368170997525,20,752.0
6435.0,19,272.0,4.459016393442623,6.467144129713119,15,607.0,0.27481231502358844,4,65.0,0.4666538575842609,19,672.0
6440.0,21,290.0,4.603174603174603,5.442283989315695,13,512.0,0.19657370565274265,8,94.0,0.393962171853452,21,606.0
6445.0,24,233.0,3.5303030303030303,5.239191509712313,18,491.0,0.12204603338064843,6,103.0,0.5221639245946538,24,594.0
6450.0,25,338.0,5.28125,5.4976605756317305,18,552.0,0.20893280799033567,7,119.0,0.5018005079208431,25,671.0
6455.0,28,355.0,5.461538461538462,4.496660953641572,19,600.0,0.24937368445085414,9,140.0,0.3678879539302929,28,740.0
6460.0,29,440.0,6.470588235294118,5.5159441308407775,19,649.0,0.29652238733776515,10,160.0,0.41860508977762517,29,809.0
6465.0,30,360.0,5.142857142857143,4.418254202845463,16,644.0,0.2471917538425747,14,121.0,0.34192804109284125,30,765.0
6470.0,28,333.0,4.561643835616438,5.106176311023461,15,562.0,0.26009418472694557,13,161.0,0.3594456765310287,28,723.0
6475.0,27,324.0,4.378378378378378,4.135114434538513,13,516.0,0.2726239094488382,14,196.0,0.19704512372676686,27,712.0
6480.0,31,306.0,3.8734177215189876,4.679010587202309,14,450.0,0.22413756334760615,17,222.0,0.2584748836965242,31,672.0
6485.0,38,429.0,5.5,3.8896096857455236,19,469.0,0.12721768684791543,19,290.0,0.26700804794145555,38,759.0
6490.0,35,539.0,6.822784810126582,4.3682422716003115,15,482.0,0.16823677630890868,20,360.0,0.27820979951337405,35,842.0
6495.0,34,503.0,6.367088607594937,4.16809694448753,13,478.0,0.27438265598196687,21,404.0,0.1730654998391652,34,882.0
6500.0,38,549.0,7.12987012987013,4.387042884079821,15,463.0,0.27999028027100564,23,449.0,0.18176979943130891,38,912.0
6505.0,40,636.0,8.25974025974026,3.7386191245864935,18,478.0,0.20648165241964792,22,509.0,0.19932511281875792,40,987.0
6510.0,38,687.0,8.807692307692308,3.8841839332910797,20,451.0,0.13399570585340534,18,529.0,0.2580975477826281,38,980.0
6515.0,40,813.0,10.558441558441558,4.436681034843911,21,501.0,0.1111278274073886,19,562.0,0.3148514349824511,40,1063.0
6520.0,34,815.0,10.448717948717949,4.735722574883232,16,493.0,0.16934029970103864,18,627.0,0.25684727243458827,34,1120.0
6525.0,30,696.0,8.923076923076923,4.623729979474641,12,435.0,0.2627036390698204,18,670.0,0.16842229988049662,30,1105.0
6530.0,32,599.0,7.986666666666666,4.8842346783460675,13,411.0,0.35157136923628535,19,634.0,0.18033367624837826,32,1045.0
6535.0,37,482.0,6.426666666666667,4.731458304847016,18,445.0,0.3158533008847473,19,535.0,0.22767256969570554,37,980.0
6540.0,34,405.0,5.472972972972973,3.928478052648116,21,456.0,0.24052218317557672,13,530.0,0.2533909603844887,34,986.0
6545.0,40,458.0,6.1066666666666665,3.7613528947978474,22,491.0,0.22803111723807004,18,496.0,0.1986623533219517,40,987.0
6550.0,38,397.0,5.438356164383562,3.507603318907007,17,453.0,0.2554828897725834,21,531.0,0.10249360337168593,38,984.0
6555.0,27,393.0,5.458333333333333,4.383023523496383,12,405.0,0.23618860682384518,15,555.0,0.16209151019624876,27,960.0
6560.0,30,433.0,5.623376623376624,4.829200885182794,14,374.0,0.21909670853837687,16,566.0,0.18205089276845343,30,940.0
6565.0,29,436.0,5.891891891891892,5.718167229445884,12,394.0,0.29170593766490854,17,587.0,0.24873405820791458,29,981.0
6570.0,33,505.0,7.318840579710145,4.5457726507868355,15,405.0,0.24017069256831527,18,590.0,0.22565956433978335,33,995.0
6575.0,34,489.0,7.523076923076923,3.9491993221515145,21,476.0,0.19725225784047298,13,497.0,0.2511879746495544,34,973.0
6580.0,32,487.0,7.609375,3.3883077456367072,23,536.0,0.15806906447900396,9,495.0,0.2549240373619981,32,1031.0
6585.0,32,519.0,7.521739130434782,3.453456886926926,21,591.0,0.11441430442079886,11,440.0,0.2802354131685738,32,1031.0
6590.0,27,421.0,5.613333333333333,4.709343875456522,16,581.0,0.20276075404997684,11,438.0,0.32386441668093063,27,1019.0
6595.0,22,335.0,4.466666666666667,5.681353263531784,7,506.0,0.3578100402810461,15,473.0,0.2919079036984,22,979.0
6600.0,25,308.0,4.1066666666666665,5.00072840989323,11,397.0,0.32878363617949624,14,511.0,0.1889210978114674,25,908.0
6605.0,31,394.0,5.472222222222222,4.176615718450132,17,408.0,0.14505579561124962,14,549.0,0.2693596418511453,31,957.0
6610.0,33,488.0,7.176470588235294,4.407499952434259,19,386.0,0.10018453182054213,14,604.0,0.24526028188057333,33,990.0
6615.0,25,362.0,5.484848484848484,4.11089708566959,12,353.0,0.16083551491982448,13,545.0,0.10945391660132872,25,898.0
6620.0,26,314.0,4.90625,4.933087131596863,15,327.0,0.19251920178010276,11,449.0,0.2655547568983922,26,776.0
6625.0,21,232.0,3.80327868852459,4.351169934987758,16,353.0,0.21241665232292126,5,406.0,0.3548252169290791,21,759.0
6630.0,20,266.0,4.360655737704918,4.4941230510900185,11,330.0,0.2496676732748427,9,394.0,0.3353156090830527,20,724.0
6635.0,23,324.0,5.4,4.386270727105508,11,329.0,0.3594184612766643,12,420.0,0.1294038151445562,23,749.0
6640.0,23,322.0,5.193548387096774,5.006565075468582,10,302.0,0.3257385853704689,13,434.0,0.15694501540990402,23,736.0
6645.0,27,409.0,6.596774193548387,4.409129262556102,14,335.0,0.1429335012820565,13,424.0,0.2325106479185974,27,759.0
6650.0,32,485.0,7.82258064516129,4.3323657132260465,20,429.0,0.12135017429426023,12,339.0,0.25503436739978474,32,768.0
6655.0,31,597.0,9.629032258064516,4.064167533083114,22,536.0,0.20942381921245867,9,282.0,0.23396868405391874,31,818.0
6660.0,30,521.0,8.403225806451612,3.52912548857278,21,500.0,0.2139932330964477,9,292.0,0.24358984357421065,30,792.0
6665.0,32,557.0,8.841269841269842,4.062861318476502,20,451.0,0.22195719558775845,12,292.0,0.25559733205805873,32,743.0
6670.0,29,455.0,6.791044776119403,4.460390926975802,19,483.0,0.2015012751863811,10,242.0,0.32431069582067873,29,725.0
6675.0,32,379.0,5.263888888888889,5.406458091902471,17,456.0,0.2764510811831473,15,260.0,0.32103483855873977,32,716.0
6680.0,23,278.0,3.915492957746479,5.098193929033579,11,418.0,0.32465402140924676,12,256.0,0.24415249260158742,23,674.0
6685.0,33,274.0,3.859154929577465,4.353386882157157,21,407.0,0.23344472492756643,12,223.0,0.26452582186946527,33,630.0
6690.0,35,316.0,4.328767123287672,3.9746137856460018,26,483.0,0.2167250764816079,9,239.0,0.3027682970383952,35,722.0
6695.0,34,419.0,5.739726027397261,4.28589410922658,24,558.0,0.22880729146409445,10,235.0,0.2825316707361067,34,793.0
6700.0,35,453.0,5.883116883116883,3.841783502818506,23,616.0,0.19810769230271846,12,247.0,0.27366824744558804,35,863.0
6705.0,36,541.0,6.935897435897436,4.303757322374157,27,687.0,0.14527100479774785,9,251.0,0.3215952086130743,36,938.0
6710.0,42,622.0,7.585365853658536,3.9297109953706473,30,721.0,0.05233972881486879,12,283.0,0.34988500805032474,42,1004.0
6715.0,41,557.0,6.7926829268292686,4.865992601297913,26,658.0,0.09921416838364705,15,348.0,0.3405889974190983,41,1006.0
6720.0,33,584.0,7.3924050632911396,5.151064416536522,17,634.0,0.19137415320407264,16,425.0,0.29613575359373623,33,1059.0
6725.0,32,577.0,7.4935064935064934,3.982205240709824,15,633.0,0.2186559177772467,17,444.0,0.1473433689686312,32,1077.0
6730.0,37,628.0,8.486486486486486,4.09400787817702,23,714.0,0.11431788659992316,14,429.0,0.3054987248144257,37,1143.0
6735.0,36,661.0,8.932432432432432,3.4982066732330197,24,755.0,0.1180892238311444,12,420.0,0.2513816657479879,36,1175.0
6740.0,33,746.0,10.219178082191782,4.139614722529653,18,722.0,0.238249131657589,15,444.0,0.16922936169611033,33,1166.0
6745.0,31,690.0,9.71830985915493,4.477254155225222,15,695.0,0.3172294469434087,16,420.0,0.09188513773804628,31,1115.0
6750.0,32,757.0,10.22972972972973,5.349793169710807,17,714.0,0.29086354586503727,15,347.0,0.1726678089789321,32,1061.0
6755.0,27,740.0,10.422535211267606,4.7261491264564155,14,703.0,0.2522043439013286,13,340.0,0.16650161579060233,27,1043.0
6760.0,29,546.0,7.913043478260869,4.654812565744446,17,655.0,0.2246660307893266,12,303.0,0.2330401808639474,29,958.0
6765.0,27,501.0,7.590909090909091,4.74052087867124,19,629.0,0.2586450209809299,8,282.0,0.31229020100088545,27,911.0
6770.0,26,268.0,3.9411764705882355,4.016962605191752,18,595.0,0.2273410932349028,8,234.0,0.2945255010404278,26,829.0
6775.0,27,313.0,4.408450704225352,3.9844019188664923,21,557.0,0.11498093463918041,6,174.0,0.3751201991363107,27,731.0
6780.0,34,336.0,4.363636363636363,4.279171350986624,24,611.0,0.1284074180442565,10,170.0,0.37487615268082003,34,781.0
6785.0,32,302.0,3.8227848101265822,4.778378909537251,19,611.0,0.17174933525352967,13,201.0,0.35348862968518374,32,812.0
6790.0,29,332.0,4.368421052631579,4.675678349619115,13,590.0,0.25921115262177874,16,246.0,0.23218625795860562,29,836.0
6795.0,33,332.0,4.486486486486487,3.8675891759535137,14,522.0,0.20853128487718822,19,273.0,0.18262466055758575,33,795.0
6800.0,37,388.0,5.315068493150685,3.032264576755355,21,577.0,0.13909967856195296,16,316.0,0.1842354642224325,37,893.0
6805.0,39,424.0,6.057142857142857,2.960297427789572,27,652.0,0.07977414399691383,12,318.0,0.21232297693978613,39,970.0
6810.0,41,454.0,6.394366197183099,2.9556136354084437,28,720.0,0.08382186160081093,13,313.0,0.2295454051170866,41,1033.0
6815.0,39,485.0,6.736111111111111,3.6703429277289294,19,689.0,0.20680566919414467,20,361.0,0.14406449182551098,39,1050.0
6820.0,33,525.0,7.291666666666667,4.125828992412599,13,623.0,0.2815417163206013,20,416.0,0.15514699792607836,33,1039.0
6825.0,24,583.0,7.671052631578948,6.1875976267857125,12,609.0,0.37900155354422715,12,403.0,0.2525568509767547,24,1012.0
6830.0,23,428.0,5.783783783783784,5.849088184990917,10,514.0,0.36254755901920077,13,413.0,0.19838515142117005,23,927.0
6835.0,26,438.0,6.0,5.679568547151135,12,459.0,0.24304177948261763,14,413.0,0.30418484661352563,26,872.0
6840.0,36,423.0,6.042857142857143,4.444438373803489,19,417.0,0.1940457396475868,17,427.0,0.2972463648578383,36,844.0
6845.0,31,328.0,4.895522388059701,4.326750898754804,17,350.0,0.219092442508853,14,384.0,0.3168914601964463,31,734.0
6850.0,34,351.0,5.318181818181818,3.187627813447049,17,382.0,0.1480885263031059,17,391.0,0.2433864657562976,34,773.0
6855.0,23,251.0,3.585714285714286,4.102959492193195,11,363.0,0.16921781241543532,12,362.0,0.22729923436720736,23,725.0
6860.0,24,288.0,4.0,5.021286024580068,10,347.0,0.25846826962321656,14,374.0,0.21663390862050896,24,721.0
6865.0,27,371.0,4.756410256410256,5.695698340843522,11,366.0,0.3382877093979549,16,412.0,0.18681792895026766,27,778.0
6870.0,31,444.0,6.529411764705882,5.278282800874983,8,319.0,0.4182610219643953,23,449.0,0.18051451484840014,31,768.0
6875.0,31,502.0,7.492537313432836,4.722957904702586,9,308.0,0.3591789644023833,22,451.0,0.18410728125252795,31,759.0
6880.0,30,403.0,6.296875,3.7622030795075236,9,227.0,0.27807967145913126,21,489.0,0.18249336053860227,30,716.0
6885.0,31,382.0,5.96875,3.7099173656776827,12,211.0,0.21381038804711425,19,459.0,0.18875256914789917,31,670.0
6890.0,25,305.0,4.485294117647059,3.868035856255266,11,148.0,0.1782591127697508,14,486.0,0.22850562990123718,25,634.0
6895.0,32,408.0,5.513513513513513,4.884444463404051,14,208.0,0.2813737093966151,18,500.0,0.2908548653149095,32,708.0
6900.0,34,493.0,6.7534246575342465,4.267076113042161,10,236.0,0.37999786534026275,24,557.0,0.20848020683150043,34,793.0
6905.0,38,610.0,8.243243243243244,4.1714912789429635,10,268.0,0.44170618980951604,28,619.0,0.16098963639808672,38,887.0
6910.0,39,597.0,7.96,3.328460987845844,11,248.0,0.27661162494878583,28,681.0,0.1424059306625843,39,929.0
6915.0,31,427.0,5.77027027027027,4.1321572173250996,7,157.0,0.26147373572447585,24,660.0,0.15738307077827995,31,817.0
6920.0,21,190.0,2.676056338028169,4.730859791342165,5,107.0,0.31890539685285163,16,596.0,0.12691142171385555,21,703.0
6925.0,21,213.0,3.0428571428571427,5.4970252545351785,4,98.0,0.29335094519074223,17,556.0,0.1907961479632867,21,654.0
6930.0,29,300.0,4.411764705882353,4.726710068044536,7,93.0,0.3517292189502723,22,591.0,0.16304578998598884,29,684.0
6935.0,22,360.0,5.538461538461538,5.31461707910072,5,76.0,0.46514561196253845,17,575.0,0.15012242193702788,22,651.0
6940.0,17,274.0,4.2153846153846155,5.705422961055012,4,57.0,0.5030099191774009,13,579.0,0.17662017490111165,17,636.0
6945.0,23,303.0,4.590909090909091,5.494880638814954,7,88.0,0.3969999355243901,16,548.0,0.17873772551044453,23,636.0
6950.0,30,330.0,5.5,4.368286883891369,9,129.0,0.3523610445060744,21,547.0,0.1575626778565255,30,676.0
6955.0,32,341.0,5.683333333333334,4.219203279134768,9,152.0,0.3279349342650762,23,555.0,0.14937418716985656,32,707.0
6960.0,31,417.0,7.189655172413793,3.3030572786837133,9,167.0,0.25917196908120377,22,594.0,0.13479592861807382,31,761.0
6965.0,27,318.0,5.389830508474576,3.9325224927411924,11,148.0,0.2521225046681482,16,531.0,0.19827148547246415,27,679.0
6970.0,24,291.0,4.770491803278689,4.251123628291326,12,187.0,0.27020589813729323,12,522.0,0.23975489070883452,24,709.0
6975.0,28,277.0,4.196969696969697,4.744253192112672,11,182.0,0.3067697379630349,17,542.0,0.24127177961002003,28,724.0
6980.0,23,301.0,4.5606060606060606,5.128292369453063,6,122.0,0.41790004433534833,17,545.0,0.17993771384784665,23,667.0
6985.0,22,355.0,5.634920634920635,5.583051585724525,7,149.0,0.4322488037786152,15,484.0,0.20886543504689045,22,633.0
6990.0,29,390.0,6.0,4.5731564702435,14,201.0,0.19353845000248115,15,498.0,0.19942908883562277,29,699.0
6995.0,29,366.0,6.0,3.5885644754432606,11,200.0,0.22082753883309805,18,505.0,0.15021335819823514,29,705.0
7000.0,35,413.0,6.3538461538461535,3.9397825688418946,15,228.0,0.30065003837401255,20,495.0,0.16069391907210417,35,723.0
7005.0,29,356.0,5.836065573770492,3.8657775384104935,11,226.0,0.35359025873954664,18,489.0,0.14162788752310657,29,715.0
7010.0,30,404.0,6.622950819672131,4.062840245002423,12,243.0,0.36973622963280134,18,471.0,0.12631334540337255,30,714.0
7015.0,25,259.0,4.17741935483871,3.6764057280632128,13,228.0,0.15326186403216044,12,390.0,0.17295045571991474,25,618.0
7020.0,24,233.0,3.9491525423728815,4.68576331755294,11,153.0,0.16890818639401498,13,351.0,0.20890149158836147,24,504.0
7025.0,21,284.0,5.2592592592592595,5.86085804339657,9,135.0,0.3375964425841486,12,349.0,0.15001405409203875,21,484.0
7030.0,25,330.0,6.470588235294118,5.487896800159706,10,166.0,0.3479667928506999,15,360.0,0.12017616901634862,25,526.0
7035.0,22,339.0,7.212765957446808,4.134480101656525,8,153.0,0.3360065900168201,14,377.0,0.0622612479442956,22,530.0
7040.0,20,353.0,7.844444444444444,5.1381292587333895,9,173.0,0.4470802455406978,11,355.0,0.188218436984948,20,528.0
7045.0,17,273.0,5.934782608695652,4.663020621174445,8,144.0,0.39749563252748166,9,353.0,0.21208611263619093,17,497.0
7050.0,19,265.0,5.888888888888889,5.611979837563396,11,129.0,0.2985959367123253,8,314.0,0.3655616217761452,19,443.0
7055.0,19,332.0,7.377777777777778,4.487212233382639,13,183.0,0.16299208250332464,6,301.0,0.36666941744156745,19,484.0
7060.0,24,437.0,9.5,5.24570989982953,15,256.0,0.2162271135552058,9,280.0,0.39440848810057433,24,536.0
7065.0,19,427.0,9.282608695652174,4.611047492475655,12,263.0,0.2623247119457722,7,293.0,0.3559479728905604,19,556.0
7070.0,18,425.0,9.23913043478261,5.934871557757406,10,216.0,0.22388584455970756,8,316.0,0.4188896623214638,18,532.0
7075.0,12,307.0,6.531914893617022,5.630869427538277,7,236.0,0.2570020975873508,5,193.0,0.2458560981369405,12,429.0
7080.0,21,388.0,7.76,6.392276669451171,12,289.0,0.37545381342714357,9,198.0,0.234827109860358,21,487.0
7085.0,17,423.0,9.195652173913043,5.6018751342341675,10,293.0,0.40487760131411216,7,224.0,0.317729854375826,17,517.0
7090.0,15,478.0,10.622222222222222,6.163351721599476,8,302.0,0.4078227866106437,7,238.0,0.309932960262624,15,540.0
7095.0,15,427.0,9.282608695652174,5.788213271462618,9,262.0,0.2533388248051257,6,265.0,0.3414934365105841,15,527.0
7100.0,17,352.0,7.183673469387755,6.161122165449569,13,262.0,0.17958449507788915,4,182.0,0.4003718728031544,17,444.0
7105.0,14,127.0,2.702127659574468,6.038605070834638,12,178.0,0.22871636278412236,2,53.0,0.5141274778933458,14,231.0
7110.0,17,134.0,2.977777777777778,6.513673458624614,11,127.0,0.29629604456411246,6,52.0,0.5489253448981861,17,179.0
7115.0,19,217.0,4.717391304347826,6.480707192586334,12,175.0,0.3338871426538237,7,80.0,0.5494045480171096,19,255.0
7120.0,11,170.0,3.4693877551020407,5.825097910623915,8,175.0,0.22546137101191346,3,83.0,0.5395987272325669,11,258.0
7125.0,12,131.0,2.62,7.240902626928415,5,115.0,0.37462526721914935,7,95.0,0.42527667320097934,12,210.0
7130.0,12,120.0,2.5,6.750831346769108,3,85.0,0.33346051537835275,9,131.0,0.3117818491270912,12,216.0
7135.0,18,120.0,2.4489795918367347,6.130312826513287,11,100.0,0.2596558384028123,7,129.0,0.20653442891037344,18,229.0
7140.0,22,219.0,4.9772727272727275,5.517799079185425,12,156.0,0.3606765648799185,10,148.0,0.24534778825479275,22,304.0
7145.0,22,318.0,7.2272727272727275,5.213656189995458,13,215.0,0.3604551300138464,9,192.0,0.32476615808650705,22,407.0
7150.0,20,346.0,7.688888888888889,4.915566119081119,10,212.0,0.3397304071240855,10,234.0,0.27512278024550646,20,446.0
7155.0,11,215.0,4.673913043478261,5.414755712350971,6,146.0,0.2883055097194385,5,182.0,0.3462435879771064,11,328.0
7160.0,9,232.0,5.523809523809524,7.5652225414515435,5,118.0,0.47450532230084236,4,133.0,0.3872934803198891,9,251.0
7165.0,14,280.0,6.511627906976744,7.046456682421478,10,138.0,0.29891237128387926,4,156.0,0.5406802513226913,14,294.0
7170.0,13,126.0,2.8,6.719237334253838,11,115.0,0.2890913960517931,2,81.0,0.6125737973890435,13,196.0
7175.0,9,71.0,1.6904761904761905,7.5801272600962095,8,98.0,0.3859646047325285,1,9.0,0.671903683883818,9,107.0
7180.0,14,130.0,3.0232558139534884,7.174133864063963,10,130.0,0.43333535831646847,4,22.0,0.5049052459082872,14,152.0
7185.0,11,112.0,2.382978723404255,6.7528106722488905,9,135.0,0.3583289229288628,2,29.0,0.6026433044866142,11,164.0
7190.0,11,105.0,2.1875,6.640558599619214,8,101.0,0.3074961504940466,3,32.0,0.49251667561532436,11,133.0
7195.0,12,118.0,2.4583333333333335,6.571838810580836,9,138.0,0.24703944138387351,3,27.0,0.5379919129802547,12,165.0
7200.0,16,180.0,3.6,7.242211937632077,14,203.0,0.24241017819015537,2,10.0,0.6191377587571355,16,213.0
