step,system_total_stopped,system_total_waiting_time,system_mean_waiting_time,system_mean_speed,J17_stopped,J17_accumulated_waiting_time,J17_average_speed,J18_stopped,J18_accumulated_waiting_time,J18_average_speed,agents_total_stopped,agents_total_accumulated_waiting_time
5.0,1,0.0,0.0,1.841920960356947,0,0.0,1.0,1,0.0,0.13534160086717476,1,0.0
10.0,0,0.0,0.0,7.448054984823604,0,0.0,0.43376218613836537,0,0.0,0.6452659260565419,0,0.0
15.0,1,0.0,0.0,9.888471732472201,0,0.0,0.7584573156835607,1,0.0,0.667672807749221,1,0.0
20.0,0,0.0,0.0,10.64964236093088,0,0.0,0.7870668665560617,0,0.0,0.7072943752396933,0,0.0
25.0,1,3.0,0.2,7.894204224608044,0,0.0,0.4647961748582444,1,3.0,0.5937683622070623,1,3.0
30.0,6,21.0,1.05,7.026239276856769,4,10.0,0.397518366169727,2,11.0,0.5128215158018219,6,21.0
35.0,5,27.0,1.173913043478261,7.6457298806803005,2,14.0,0.5782628137598136,3,13.0,0.5077240424405236,5,27.0
40.0,9,59.0,2.269230769230769,7.043537552666493,3,29.0,0.5125862170848526,6,33.0,0.3852927315989723,9,62.0
45.0,6,57.0,2.0357142857142856,6.608878937811318,2,29.0,0.42963929811378115,4,35.0,0.49059454004569286,6,64.0
50.0,8,86.0,2.774193548387097,7.379204670439403,4,41.0,0.467443906823571,4,51.0,0.4366299687641761,8,92.0
55.0,7,109.0,3.5161290322580645,7.788612085867618,3,45.0,0.5457592286667418,4,71.0,0.47357785652760687,7,116.0
60.0,9,152.0,4.903225806451613,7.809898676480793,3,63.0,0.527896814662116,6,98.0,0.3909257614421729,9,161.0
65.0,13,207.0,6.67741935483871,5.361105257056178,5,79.0,0.4373697785573181,8,131.0,0.1882773213860269,13,210.0
70.0,16,257.0,6.945945945945946,5.395441202678644,5,80.0,0.44730642732997783,11,181.0,0.2189426244804834,16,261.0
75.0,11,202.0,5.611111111111111,5.444440859630273,4,99.0,0.27972289810329815,7,155.0,0.431964544945943,11,254.0
80.0,12,249.0,6.384615384615385,5.937336633284039,5,128.0,0.3539608856341817,7,139.0,0.49055573228352545,12,267.0
85.0,13,264.0,6.439024390243903,6.878337650135659,5,150.0,0.5683684619810621,8,149.0,0.38984193068466766,13,299.0
90.0,14,242.0,5.5,6.491596708700076,4,113.0,0.5112925362252793,10,149.0,0.36032863521825526,14,262.0
95.0,14,112.0,2.4347826086956523,5.6926703392536755,4,85.0,0.45147106681147603,10,116.0,0.2642820081463742,14,201.0
100.0,16,134.0,3.0454545454545454,5.504931553251547,6,76.0,0.40923686620712124,10,118.0,0.2478166254258456,16,194.0
105.0,19,160.0,3.404255319148936,5.477480086690485,8,101.0,0.28391000764926705,11,134.0,0.2922621969599161,19,235.0
110.0,15,186.0,3.72,5.948687510120111,7,109.0,0.20546018923802806,8,146.0,0.43223494497388965,15,255.0
115.0,12,123.0,2.7333333333333334,7.19081424720175,4,93.0,0.46806213440435457,8,130.0,0.443339928152254,12,223.0
120.0,12,125.0,2.840909090909091,7.059655734212151,3,74.0,0.5739617586720231,9,109.0,0.31531483710277775,12,183.0
125.0,14,118.0,2.8095238095238093,6.016687275067265,3,33.0,0.523740931753652,11,131.0,0.21365860462735445,14,164.0
130.0,17,183.0,4.357142857142857,5.592411907076188,6,60.0,0.340097501237735,11,150.0,0.316467701076984,17,210.0
135.0,19,185.0,4.3023255813953485,4.8922932803900165,11,103.0,0.28753063592892125,8,148.0,0.28845653581321684,19,251.0
140.0,16,167.0,4.175,4.64533796607424,8,121.0,0.33614590500142355,8,110.0,0.1736737356506644,16,231.0
145.0,14,210.0,5.0,6.486314670463919,5,97.0,0.3396479197202981,9,136.0,0.11224992322072037,14,233.0
150.0,14,186.0,4.2272727272727275,6.5171604449578675,6,84.0,0.22521773882397084,8,142.0,0.20968826912338062,14,226.0
155.0,18,269.0,5.8478260869565215,6.86535418851293,9,110.0,0.314363086168643,9,186.0,0.30872676003836697,18,296.0
160.0,15,319.0,8.179487179487179,6.17470605512368,6,122.0,0.38061394695670747,9,231.0,0.4037847373086761,15,353.0
165.0,11,239.0,6.128205128205129,6.613172304618468,6,122.0,0.42588873566614927,5,196.0,0.44852798709066966,11,318.0
170.0,14,195.0,4.875,6.191135214151565,7,114.0,0.4423968618372392,7,132.0,0.2983523560991518,14,246.0
175.0,11,195.0,4.642857142857143,5.996294318989282,5,73.0,0.41441096277464096,6,161.0,0.368009845398088,11,234.0
180.0,16,263.0,6.261904761904762,6.08527911579639,8,93.0,0.38294876399313,8,183.0,0.40268681554886404,16,276.0
185.0,15,169.0,3.7555555555555555,5.836920700333394,8,89.0,0.2897017654018437,7,135.0,0.4739696094896813,15,224.0
190.0,12,166.0,3.5319148936170213,6.690729997318318,8,127.0,0.3097820379361635,4,67.0,0.48659692548531525,12,194.0
195.0,14,136.0,2.893617021276596,6.222464861496257,8,145.0,0.390487872287964,6,56.0,0.4201557190003893,14,201.0
200.0,16,177.0,3.847826086956522,6.26367323227748,6,139.0,0.452697950915393,10,69.0,0.30247121353219153,16,208.0
205.0,14,109.0,2.422222222222222,5.363072079897464,5,93.0,0.38822783201201944,9,103.0,0.22850629857172533,14,196.0
210.0,17,146.0,3.106382978723404,6.113478506687142,6,39.0,0.3137441499064475,11,122.0,0.2734350913281338,17,161.0
215.0,17,185.0,4.111111111111111,5.640112597745211,7,64.0,0.3406236868439667,10,152.0,0.30536681791900216,17,216.0
220.0,16,212.0,4.326530612244898,6.558227068295091,8,98.0,0.4108970730210075,8,160.0,0.3716330915271849,16,258.0
225.0,11,171.0,3.717391304347826,5.7016064281891525,6,93.0,0.45440425078369334,5,161.0,0.35023012319127733,11,254.0
230.0,14,198.0,3.8823529411764706,6.217939728241225,4,63.0,0.5412692971725807,10,180.0,0.2578929742360384,14,243.0
235.0,15,202.0,3.607142857142857,6.337450389514941,3,43.0,0.48888731419359055,12,217.0,0.28782577279327254,15,260.0
240.0,19,266.0,4.666666666666667,7.049024891525517,7,41.0,0.4628140988833545,12,243.0,0.37057948589293965,19,284.0
245.0,20,266.0,4.666666666666667,5.102267314623051,10,70.0,0.33758345096957215,10,258.0,0.2585161002466723,20,328.0
250.0,18,285.0,5.181818181818182,5.8511506830259075,7,70.0,0.41034536257355514,11,242.0,0.20339440283204557,18,312.0
255.0,19,127.0,2.189655172413793,5.557663948531855,7,69.0,0.3786922411648242,12,178.0,0.1541344531855977,19,247.0
260.0,21,197.0,3.396551724137931,6.377603224529016,10,92.0,0.4071899855994703,11,140.0,0.2590028312250978,21,232.0
265.0,26,278.0,4.87719298245614,5.444547631678144,16,155.0,0.3779407097211919,10,170.0,0.2959089357677347,26,325.0
270.0,26,343.0,5.532258064516129,5.115628396658347,15,206.0,0.336129897161239,11,185.0,0.3364144527242554,26,391.0
275.0,22,336.0,5.333333333333333,5.342271771943257,13,224.0,0.3448329102884822,9,178.0,0.34806273062780707,22,402.0
280.0,22,321.0,5.015625,5.819469366349214,12,216.0,0.31427457792914104,10,173.0,0.39051818445497144,22,389.0
285.0,26,283.0,4.161764705882353,5.172688110356101,16,231.0,0.30502215032539215,10,154.0,0.19888184936520895,26,385.0
290.0,26,306.0,4.5,5.31300642327286,20,303.0,0.19334275362418113,6,90.0,0.343299916238424,26,393.0
295.0,27,343.0,5.196969696969697,5.002236995301099,20,371.0,0.14750422092895574,7,86.0,0.3531996625856118,27,457.0
300.0,31,348.0,5.3538461538461535,5.1307051770767504,21,387.0,0.18921048383531563,10,124.0,0.4000996806478379,31,511.0
305.0,31,435.0,7.372881355932203,4.166030966105059,22,407.0,0.2053571979197043,9,149.0,0.32236157488908235,31,556.0
310.0,32,484.0,8.203389830508474,3.7165392331038487,22,449.0,0.1383156777593989,10,163.0,0.250519351853004,32,612.0
315.0,28,421.0,6.790322580645161,4.99219295834303,16,432.0,0.15334255783499653,12,222.0,0.28445108199690605,28,654.0
320.0,20,363.0,5.761904761904762,5.28413775264296,11,421.0,0.18422922142437206,9,238.0,0.29189565905058323,20,659.0
325.0,28,438.0,6.9523809523809526,5.669047200529493,17,402.0,0.19576776684627578,11,280.0,0.3773508176228164,28,682.0
330.0,28,373.0,6.431034482758621,4.638755294920973,18,434.0,0.1722808161883508,10,241.0,0.4529087935217341,28,675.0
335.0,23,315.0,5.338983050847458,5.2580918183746155,17,445.0,0.2723355018103074,6,199.0,0.4285960502002091,23,644.0
340.0,27,339.0,5.745762711864407,4.488187880595817,17,443.0,0.2951242017494785,10,221.0,0.29041995143268023,27,664.0
345.0,20,274.0,4.566666666666666,5.3844468604999145,10,340.0,0.25433997848787826,10,241.0,0.3587537756231485,20,581.0
350.0,17,220.0,4.150943396226415,5.379230184053075,11,276.0,0.23100219544786105,6,205.0,0.28642299343221006,17,481.0
355.0,24,315.0,5.7272727272727275,5.570657056120827,17,345.0,0.24055238592571676,7,177.0,0.3429094573459513,24,522.0
360.0,23,387.0,7.036363636363636,4.928890424859344,16,371.0,0.2712999800739573,7,192.0,0.4071802522325027,23,563.0
365.0,21,448.0,8.296296296296296,6.087989566848909,14,366.0,0.3778987235200602,7,227.0,0.4411836522918927,21,593.0
370.0,14,338.0,6.377358490566038,5.7976296413359165,10,300.0,0.33553228430555154,4,160.0,0.43058975961788776,14,460.0
375.0,18,232.0,3.9322033898305087,5.817474223302083,14,312.0,0.28280116391289273,4,63.0,0.4573514736397398,18,375.0
380.0,22,265.0,4.344262295081967,5.213599301635982,18,331.0,0.26432280731409263,4,57.0,0.4419336976371008,22,388.0
385.0,30,392.0,6.030769230769231,5.610003713711059,22,418.0,0.2553887330465429,8,86.0,0.45861010934540014,30,504.0
390.0,32,508.0,7.582089552238806,4.875324265551979,25,532.0,0.16910789954623365,7,90.0,0.4625847334473111,32,622.0
395.0,35,648.0,9.529411764705882,4.744403836192981,27,631.0,0.16292309094980337,8,115.0,0.4891489378244699,35,746.0
400.0,36,772.0,10.873239436619718,3.9884405198236124,25,708.0,0.17673258662676125,11,154.0,0.3079673976644274,36,862.0
405.0,35,821.0,11.898550724637682,4.382373818812675,26,765.0,0.13689548572817875,9,188.0,0.4243889028318397,35,953.0
410.0,30,722.0,10.617647058823529,4.787475400758005,20,742.0,0.15439971145038167,10,236.0,0.38029236029148,30,978.0
415.0,29,766.0,11.432835820895523,5.085320187213596,16,742.0,0.23601570653227477,13,289.0,0.16044110197514266,29,1031.0
420.0,28,774.0,11.727272727272727,4.38637929045432,16,733.0,0.2004076263404564,12,258.0,0.12482070485323449,28,991.0
425.0,28,785.0,12.46031746031746,4.664138595689139,19,795.0,0.1470488328432956,9,234.0,0.33385497545202103,28,1029.0
430.0,29,507.0,8.17741935483871,4.463188939979414,23,706.0,0.16916290595225433,6,226.0,0.3831467686355822,29,932.0
435.0,31,494.0,7.967741935483871,4.41653584924871,22,524.0,0.18604765659885023,9,244.0,0.3488933921003491,31,768.0
440.0,33,505.0,8.416666666666666,3.621426826006011,21,545.0,0.11211615448337195,12,269.0,0.31962303594062663,33,814.0
445.0,37,670.0,10.46875,4.067082784996729,24,617.0,0.09822721144877862,13,287.0,0.35616453376145124,37,904.0
450.0,38,779.0,11.626865671641792,3.9156123593387333,26,746.0,0.14488154579053958,12,296.0,0.31496955138223626,38,1042.0
455.0,31,755.0,11.43939393939394,4.127129732339827,23,759.0,0.12093893985965037,8,273.0,0.3758250479774103,31,1032.0
460.0,28,589.0,9.5,4.570237864706888,17,665.0,0.09722757113881515,11,296.0,0.3444369141761611,28,961.0
465.0,23,594.0,9.428571428571429,5.673660423360675,10,562.0,0.24505619354010202,13,352.0,0.22492726985427475,23,914.0
470.0,25,449.0,7.360655737704918,5.497595520713206,12,541.0,0.23204196382137202,13,242.0,0.20927350773301467,25,783.0
475.0,25,546.0,10.11111111111111,4.860916062366603,15,602.0,0.14595769777167147,10,193.0,0.29135750340968075,25,795.0
480.0,26,572.0,10.79245283018868,3.9513073255080053,15,603.0,0.22088526546063691,11,194.0,0.22287576811022142,26,797.0
485.0,22,606.0,11.433962264150944,5.1845665801970275,10,552.0,0.3393997099635,12,189.0,0.25049438295158083,22,741.0
490.0,20,453.0,8.38888888888889,5.17420012432274,9,503.0,0.36177269398670914,11,174.0,0.254588703864159,20,677.0
495.0,16,317.0,5.56140350877193,5.917356429717036,10,422.0,0.36473953893919364,6,116.0,0.36852496664661216,16,538.0
500.0,20,151.0,2.603448275862069,5.025655443052622,12,321.0,0.28817336431566554,8,130.0,0.3678877286450635,20,451.0
505.0,24,223.0,3.8448275862068964,5.362073707225179,15,261.0,0.2772823701689046,9,152.0,0.34856403976389616,24,413.0
510.0,24,257.0,4.213114754098361,4.903998662091292,15,274.0,0.21099852182368758,9,174.0,0.3706274928206037,24,448.0
515.0,21,288.0,4.645161290322581,5.942825407242906,10,263.0,0.29022137634454687,11,226.0,0.3807174944459517,21,489.0
520.0,21,283.0,4.421875,5.379287143064319,11,233.0,0.3308298423682708,10,227.0,0.24011438656054387,21,460.0
525.0,26,355.0,5.634920634920635,5.066845455509824,15,227.0,0.29575249961302613,11,240.0,0.2791533303606827,26,467.0
530.0,28,397.0,6.403225806451613,4.149969361506743,19,277.0,0.28072244055911166,9,269.0,0.26589379849647216,28,546.0
535.0,32,503.0,8.245901639344263,4.568820451159597,20,342.0,0.2029086434982458,12,293.0,0.3486071235226998,32,635.0
540.0,33,384.0,6.193548387096774,3.477400978098271,23,381.0,0.0673047131211185,10,229.0,0.3369279991594875,33,610.0
545.0,35,448.0,7.111111111111111,4.40919909970492,24,455.0,0.1571038555423745,11,161.0,0.3830008077447987,35,616.0
550.0,30,464.0,7.25,3.7214403157582616,21,484.0,0.19655811487035083,9,182.0,0.3037996375684698,30,666.0
555.0,22,346.0,5.672131147540983,4.8055813713925755,14,437.0,0.1807525039800636,8,196.0,0.3865691877925499,22,633.0
560.0,16,218.0,3.5737704918032787,4.50550404888821,10,421.0,0.17451829749504175,6,154.0,0.32455457859688686,16,575.0
565.0,23,229.0,3.578125,4.971983240082729,14,430.0,0.2017733226151982,9,78.0,0.3125063973237679,23,508.0
570.0,29,296.0,4.553846153846154,4.911908782556871,20,438.0,0.19859712110898037,9,107.0,0.36306618793742634,29,545.0
575.0,18,313.0,4.968253968253968,5.7373520583879305,12,379.0,0.23653904790680036,6,107.0,0.4390773013182682,18,486.0
580.0,18,294.0,4.666666666666667,5.591239617736586,13,389.0,0.24412326660492778,5,106.0,0.3963605144883292,18,495.0
585.0,26,343.0,5.276923076923077,5.3952845562836815,14,381.0,0.28657650755243996,12,155.0,0.2857466827999853,26,536.0
590.0,29,370.0,5.967741935483871,4.474929109297713,16,402.0,0.27642049080123515,13,157.0,0.2759238885292358,29,559.0
595.0,26,427.0,6.777777777777778,4.297934423028288,14,385.0,0.1724839182923077,12,188.0,0.3359142443377787,26,573.0
600.0,24,400.0,6.153846153846154,5.13140128443763,13,361.0,0.26238174127923264,11,188.0,0.32413578136763094,24,549.0
605.0,31,514.0,7.5588235294117645,5.1704022172258295,16,409.0,0.2405602225513226,15,224.0,0.29251639602359875,31,633.0
610.0,31,340.0,4.927536231884058,4.495952247573174,17,356.0,0.22722394885142733,14,231.0,0.29762301314737777,31,587.0
615.0,24,296.0,4.417910447761194,5.081984501165677,15,323.0,0.23525034878970633,9,185.0,0.3394889172607388,24,508.0
620.0,25,354.0,5.363636363636363,5.649349952951254,14,342.0,0.1619925611819331,11,168.0,0.44614009029576474,25,510.0
625.0,20,263.0,4.046153846153846,5.243709137966613,10,313.0,0.13876541703406406,10,163.0,0.33844833550707426,20,476.0
630.0,26,267.0,4.107692307692307,4.968690594042274,12,309.0,0.25449962739549997,14,163.0,0.218715162177524,26,472.0
635.0,31,289.0,4.587301587301587,4.696781601231958,15,293.0,0.29926772419473074,16,215.0,0.25376790630301904,31,508.0
640.0,32,401.0,6.573770491803279,4.214961981743982,13,321.0,0.2835909767910639,19,270.0,0.2852184137770305,32,591.0
645.0,23,389.0,6.174603174603175,4.17450598896888,7,265.0,0.2898399460279339,16,310.0,0.2453202199725324,23,575.0
650.0,23,407.0,6.074626865671642,5.595727184045472,10,257.0,0.36711479767926697,13,303.0,0.25006351655712644,23,560.0
655.0,23,312.0,4.656716417910448,5.660657666378038,7,215.0,0.3904315635140517,16,310.0,0.19745348706042637,23,525.0
660.0,28,312.0,4.8,5.712623284957858,8,149.0,0.39450635549998914,20,312.0,0.24133226402237976,28,461.0
665.0,28,323.0,5.47457627118644,4.673184828062651,10,135.0,0.3206753965860496,18,347.0,0.24300465640085736,28,482.0
670.0,27,329.0,5.483333333333333,4.518334843929539,14,208.0,0.31075333769131497,13,328.0,0.23937873701890314,27,536.0
675.0,26,327.0,5.45,3.565646625711347,13,249.0,0.29211896209929783,13,324.0,0.18143835918547738,26,573.0
680.0,21,293.0,4.578125,4.972336913326501,8,233.0,0.29810898084658743,13,290.0,0.21004447001375676,21,523.0
685.0,24,374.0,5.936507936507937,4.850765360804474,11,275.0,0.2928435050839513,13,308.0,0.15570937124161296,24,583.0
690.0,28,461.0,6.880597014925373,4.854170953005367,16,349.0,0.1985478709223663,12,286.0,0.21518284827519316,28,635.0
695.0,33,529.0,8.138461538461538,3.9096802246531257,18,399.0,0.21667502289221116,15,297.0,0.21519667915418744,33,696.0
700.0,25,575.0,9.126984126984127,4.958494388395881,12,411.0,0.31089297720313264,13,304.0,0.2974032253437975,25,715.0
705.0,24,364.0,5.432835820895522,4.4436482288891455,12,353.0,0.271067251272373,12,283.0,0.257770834367588,24,636.0
710.0,30,369.0,5.3478260869565215,4.688446845051917,13,262.0,0.26794997278836713,17,299.0,0.2527721227771297,30,561.0
715.0,35,436.0,6.055555555555555,4.142791685934792,19,312.0,0.253079451133622,16,330.0,0.20044873916311912,35,642.0
720.0,26,416.0,5.942857142857143,5.199338638563544,11,323.0,0.3424922586831815,15,336.0,0.17819453598738783,26,659.0
725.0,22,349.0,5.208955223880597,4.800896496410381,11,320.0,0.25849942614885435,11,316.0,0.19714580127671671,22,636.0
730.0,28,388.0,5.6231884057971016,4.719544265937323,20,397.0,0.20610520332860477,8,253.0,0.2154126322630476,28,650.0
735.0,35,457.0,6.924242424242424,4.0549190198879295,23,471.0,0.23776004375727736,12,267.0,0.19550403368101313,35,738.0
740.0,31,514.0,7.5588235294117645,4.260955003919817,17,511.0,0.24331159504837604,14,262.0,0.2590133222399013,31,773.0
745.0,24,496.0,7.085714285714285,4.412221848259373,12,460.0,0.263114881716724,12,292.0,0.2803158605356781,24,752.0
750.0,31,576.0,8.0,4.91693593805185,17,443.0,0.228081105570851,14,362.0,0.360157192623572,31,805.0
755.0,30,377.0,5.385714285714286,4.115255179117831,20,374.0,0.14261721479734182,10,350.0,0.37178573265323944,30,724.0
760.0,36,354.0,5.130434782608695,4.18568261403124,24,350.0,0.09263142114926311,12,308.0,0.36364777938412757,36,658.0
765.0,37,461.0,6.779411764705882,3.57791384978047,25,424.0,0.05168670697048874,12,295.0,0.3483051571241292,37,719.0
770.0,31,364.0,5.27536231884058,3.948075467544817,18,429.0,0.12191489764450864,13,261.0,0.21590709261377014,31,690.0
775.0,29,308.0,4.4,4.262382535562152,13,438.0,0.24468124124984764,16,233.0,0.08660425876143334,29,671.0
780.0,33,331.0,4.597222222222222,4.5379493115138665,16,452.0,0.2502498154988449,17,281.0,0.18542924291669466,33,733.0
785.0,37,438.0,5.918918918918919,5.10732018892115,21,494.0,0.20736160218907665,16,315.0,0.34777027074961536,37,809.0
790.0,34,515.0,7.253521126760563,5.16728671912276,22,537.0,0.1873734539537319,12,320.0,0.4139777162945489,34,857.0
795.0,28,474.0,6.583333333333333,5.242987034158353,19,568.0,0.2435109459478015,9,256.0,0.357959810877781,28,824.0
800.0,24,430.0,6.142857142857143,5.266790821491171,12,496.0,0.2415784174080932,12,232.0,0.2569524610940949,24,728.0
805.0,21,379.0,5.191780821917808,5.1297024757867105,9,428.0,0.2615302276878799,12,286.0,0.16546406574173567,21,714.0
810.0,31,426.0,5.916666666666667,4.922360274662425,12,377.0,0.24778867353984646,19,356.0,0.19024735905814924,31,733.0
815.0,30,464.0,6.72463768115942,5.027608292079112,14,395.0,0.239576431187226,16,404.0,0.2936045453144917,30,799.0
820.0,29,565.0,8.432835820895523,5.01954161821403,17,407.0,0.14295787574932806,12,428.0,0.344613730151041,29,835.0
825.0,29,451.0,6.938461538461539,4.715615851278383,17,466.0,0.12965748517338374,12,349.0,0.31543846335466225,29,815.0
830.0,31,478.0,7.134328358208955,5.091273073446041,17,540.0,0.17955866610963708,14,257.0,0.3190959488317274,31,797.0
835.0,30,493.0,7.46969696969697,4.81008265342751,15,504.0,0.22391969892236926,15,307.0,0.2668333695516216,30,811.0
840.0,24,386.0,6.03125,5.3064599172221705,8,340.0,0.27857134431834446,16,344.0,0.23980898505590334,24,684.0
845.0,20,339.0,5.380952380952381,5.090679771938873,5,282.0,0.3020662687835994,15,373.0,0.16457476817132302,20,655.0
850.0,26,388.0,6.258064516129032,6.155432935330378,10,262.0,0.29188666005909814,16,413.0,0.27099617007257926,26,675.0
855.0,25,467.0,7.915254237288136,5.2903542712294875,10,220.0,0.2699790598542895,15,474.0,0.29621723512528214,25,694.0
860.0,17,498.0,8.440677966101696,5.731033590020153,4,117.0,0.3970904089905075,13,511.0,0.2224115660232987,17,628.0
865.0,19,473.0,8.446428571428571,5.73459920585975,3,93.0,0.40363630423715996,16,498.0,0.1898429354373827,19,591.0
870.0,24,503.0,8.824561403508772,5.306791358209053,8,123.0,0.31044525019041663,16,502.0,0.18088131899451312,24,625.0
875.0,21,544.0,9.714285714285714,4.618519889165853,9,132.0,0.23439094454132936,12,543.0,0.27570628296698,21,675.0
880.0,17,584.0,11.018867924528301,6.106607660176364,4,110.0,0.33748394953015287,13,574.0,0.329201795207812,17,684.0
885.0,17,283.0,5.1454545454545455,5.905218630167025,6,99.0,0.30178224148136024,11,437.0,0.308402306697304,17,536.0
890.0,22,232.0,4.218181818181818,5.724999629143589,11,152.0,0.2735511578078658,11,228.0,0.3318996634881196,22,380.0
895.0,22,278.0,5.450980392156863,4.813075259080774,10,179.0,0.3399378734646762,12,261.0,0.2615828047773319,22,440.0
900.0,19,322.0,6.313725490196078,5.194574607196749,7,169.0,0.37460622968054713,12,294.0,0.14974658196363655,19,463.0
905.0,18,229.0,4.163636363636364,5.420140751485682,5,103.0,0.3193377743917369,13,306.0,0.19027306965530932,18,409.0
910.0,21,294.0,5.25,6.365701224559759,8,95.0,0.323811886592043,13,332.0,0.31817297964103225,21,427.0
915.0,17,280.0,5.185185185185185,5.770084758505096,6,107.0,0.342484383109109,11,320.0,0.3631034112370182,17,427.0
920.0,17,233.0,4.755102040816326,6.165813756756476,8,106.0,0.4104532391614393,9,278.0,0.346999642271337,17,384.0
925.0,19,177.0,3.6122448979591835,4.697988373814796,9,128.0,0.3141195035652923,10,221.0,0.24133721955717355,19,349.0
930.0,22,246.0,4.823529411764706,4.642492080018704,9,165.0,0.3266952143901936,13,196.0,0.16690751521561897,22,361.0
935.0,21,244.0,4.88,4.2257271662598805,7,185.0,0.25147661075137345,14,210.0,0.266352953742491,21,395.0
940.0,22,308.0,6.16,5.681079595618018,10,198.0,0.32337205179739453,12,211.0,0.30614360126747525,22,409.0
945.0,18,319.0,5.8,5.560369749055825,9,228.0,0.20878321915101522,9,228.0,0.2156441582815715,18,456.0
950.0,20,376.0,6.5964912280701755,6.7978874508114995,9,253.0,0.3467878373423043,11,235.0,0.31037623014871535,20,488.0
955.0,18,391.0,7.666666666666667,6.391842558862852,6,274.0,0.44028420704449245,12,229.0,0.3466350940972334,18,503.0
960.0,18,367.0,7.645833333333333,5.9338374451262785,9,312.0,0.42618766546857195,9,190.0,0.2907960795647192,18,502.0
965.0,16,238.0,5.0638297872340425,4.197039062821112,8,221.0,0.33356317258131823,8,189.0,0.11845398828679105,16,410.0
970.0,17,284.0,6.042553191489362,4.787121679051263,10,246.0,0.27302499556021914,7,180.0,0.1807766014473163,17,426.0
975.0,20,345.0,7.040816326530612,4.921718949851281,10,281.0,0.2573099114964996,10,187.0,0.2944445813436701,20,468.0
980.0,18,406.0,7.96078431372549,6.729256905288538,8,309.0,0.40979469853714895,10,168.0,0.37213337812578107,18,477.0
985.0,16,356.0,6.846153846153846,5.98957876417742,9,311.0,0.3984955617402176,7,152.0,0.29008377692390375,16,463.0
990.0,21,429.0,8.25,5.854848939444121,8,304.0,0.4647216515279069,13,195.0,0.22657908853666897,21,499.0
995.0,20,503.0,9.49056603773585,5.792544549880455,8,327.0,0.421327223556584,12,234.0,0.36003888731171674,20,561.0
1000.0,20,595.0,11.018518518518519,5.873969309425763,9,369.0,0.46005282267486186,11,268.0,0.32055101466011393,20,637.0
1005.0,20,382.0,6.945454545454545,5.423258236025162,7,276.0,0.4223654297968385,13,285.0,0.27261849525077725,20,561.0
1010.0,26,378.0,6.517241379310345,5.250095509541648,11,124.0,0.33051094913945434,15,298.0,0.24413686428103742,26,422.0
1015.0,28,287.0,4.783333333333333,4.477108681484362,13,120.0,0.34177882831727435,15,284.0,0.1815468771167239,28,404.0
1020.0,22,221.0,3.810344827586207,5.119444842500743,15,171.0,0.26181495134793303,7,193.0,0.29261050467270916,22,364.0
1025.0,21,255.0,4.396551724137931,5.620839879481054,15,212.0,0.23547023844593,6,132.0,0.4133024299205919,21,344.0
1030.0,16,252.0,4.344827586206897,6.564065959418508,10,203.0,0.2131360700658913,6,129.0,0.44483869693334355,16,332.0
1035.0,16,149.0,2.5689655172413794,5.483243844666853,10,195.0,0.19528166815729925,6,97.0,0.27601390222835603,16,292.0
1040.0,23,235.0,4.12280701754386,6.28060496579115,14,221.0,0.27787230953696584,9,114.0,0.37953962170302147,23,335.0
1045.0,19,191.0,3.7450980392156863,6.038124165486359,13,226.0,0.3244523430030579,6,112.0,0.4296584488592788,19,338.0
1050.0,16,236.0,4.452830188679245,6.681284972176843,9,218.0,0.37721535732423567,7,127.0,0.42402883537546493,16,345.0
1055.0,14,165.0,3.0,5.595568928525837,9,199.0,0.29187404153642205,5,118.0,0.32031785074651686,14,317.0
1060.0,11,116.0,2.0350877192982457,6.7580253643787325,7,137.0,0.36362111232451727,4,86.0,0.3673233354924322,11,223.0
1065.0,14,148.0,2.5964912280701755,6.07458775117435,7,148.0,0.36522529573517304,7,113.0,0.28563631105600185,14,261.0
1070.0,26,244.0,4.135593220338983,6.023800277115841,14,171.0,0.2545869765298896,12,164.0,0.3560081752171518,26,335.0
1075.0,24,299.0,5.339285714285714,4.609107120706945,14,196.0,0.08696681129146454,10,190.0,0.42183499538818237,24,386.0
1080.0,18,316.0,5.962264150943396,5.618027230801089,10,184.0,0.17130993619964793,8,192.0,0.4035159948718347,18,376.0
1085.0,19,249.0,4.527272727272727,5.10359567398296,10,162.0,0.14306315766479832,9,182.0,0.35005757989991004,19,344.0
1090.0,20,261.0,4.745454545454545,6.197886128988559,9,162.0,0.28235334626287484,11,217.0,0.3131992078944119,20,379.0
1095.0,19,157.0,3.0784313725490198,5.797340079828927,7,169.0,0.350180598162898,12,157.0,0.2588447603834459,19,326.0
1100.0,15,182.0,3.64,5.865697649734085,6,142.0,0.311363560351187,9,129.0,0.2709399084203139,15,271.0
1105.0,20,192.0,3.84,5.408471364969498,10,153.0,0.25780627188793753,10,134.0,0.2257896918457337,20,287.0
1110.0,17,236.0,4.538461538461538,6.666124334728741,8,149.0,0.37851372285736784,9,156.0,0.33942897620836726,17,305.0
1115.0,15,179.0,3.58,5.395438748051024,8,158.0,0.38437533062254053,7,137.0,0.30676061796460585,15,295.0
1120.0,14,171.0,3.8,6.759079835488368,10,164.0,0.3707146914861608,4,73.0,0.4883043045735669,14,237.0
1125.0,18,243.0,5.651162790697675,6.480458516118298,13,215.0,0.2691583741677304,5,63.0,0.3457263054845333,18,278.0
1130.0,15,250.0,5.434782608695652,6.0287591005273535,10,238.0,0.23223679020373797,5,47.0,0.21921488774263448,15,285.0
1135.0,16,284.0,6.454545454545454,6.435673098127947,9,253.0,0.3483325079044833,7,74.0,0.31975747048912007,16,327.0
1140.0,13,280.0,7.5675675675675675,5.957420500520939,10,263.0,0.38973561889844666,3,78.0,0.4435961212950824,13,341.0
1145.0,19,355.0,9.342105263157896,5.166633897946846,14,312.0,0.23013558262213665,5,89.0,0.4238367754284716,19,401.0
1150.0,19,307.0,6.9772727272727275,4.561608917285443,15,311.0,0.11622194898380638,4,69.0,0.47063649905855987,19,380.0
1155.0,17,171.0,3.489795918367347,5.901504218763163,14,313.0,0.2503020440450119,3,29.0,0.4967985490578433,17,342.0
1160.0,18,171.0,3.42,5.56239900558154,12,327.0,0.2974880922828134,6,50.0,0.5080491436980904,18,377.0
1165.0,19,217.0,4.09433962264151,5.860067293276718,11,315.0,0.3693452986490971,8,78.0,0.40373638487291397,19,393.0
1170.0,22,257.0,4.672727272727273,5.062378685678882,12,340.0,0.25742849670057494,10,95.0,0.3766754877219989,22,435.0
1175.0,25,361.0,6.5636363636363635,5.8121116531792705,17,414.0,0.21815946093832747,8,107.0,0.42290804299537416,25,521.0
1180.0,24,294.0,5.345454545454546,4.18042253682816,15,418.0,0.21264776731210985,9,92.0,0.1950213637864575,24,510.0
1185.0,22,295.0,5.566037735849057,5.629431946062865,14,389.0,0.2500849102833593,8,94.0,0.36718657597695037,22,483.0
1190.0,23,305.0,5.648148148148148,5.129704068128955,14,425.0,0.2419890223393771,9,116.0,0.3276603387595175,23,541.0
1195.0,23,350.0,6.60377358490566,4.843803687796356,11,420.0,0.26078503889358673,12,145.0,0.2555567629572219,23,565.0
1200.0,22,338.0,6.1454545454545455,4.2303743249348855,10,434.0,0.294915338733386,12,165.0,0.17496814389468918,22,599.0
1205.0,25,435.0,7.909090909090909,5.4377324123697095,15,484.0,0.27520611382586735,10,172.0,0.30574271147088505,25,656.0
1210.0,24,445.0,8.090909090909092,4.871844513643898,16,505.0,0.17082230572952056,8,175.0,0.31539173608442367,24,680.0
1215.0,28,538.0,9.275862068965518,4.813765643981162,22,574.0,0.10908840062822796,6,148.0,0.43924705137395026,28,722.0
1220.0,26,581.0,10.017241379310345,5.142308045932924,19,620.0,0.21980493918303973,7,163.0,0.44621412530025534,26,783.0
1225.0,19,567.0,10.5,5.5098046337541895,11,613.0,0.30405518923778496,8,201.0,0.3807367482263351,19,814.0
1230.0,20,355.0,6.339285714285714,4.834579306105214,11,539.0,0.3075726034473837,9,132.0,0.25390737999141944,20,671.0
1235.0,22,184.0,3.2857142857142856,4.733615505312861,13,494.0,0.22572972062907223,9,134.0,0.2676905048588053,22,628.0
1240.0,23,158.0,2.7719298245614037,4.03368453602695,15,507.0,0.1973333591494597,8,124.0,0.2968977300026565,23,631.0
1245.0,18,178.0,3.016949152542373,5.023200078507287,10,486.0,0.21197945410680252,8,125.0,0.25260889555708216,18,611.0
1250.0,19,174.0,2.9491525423728815,5.409696541399429,13,535.0,0.20030576587813922,6,97.0,0.32129962669826745,19,632.0
1255.0,25,256.0,4.063492063492063,5.6588624193523405,20,623.0,0.15159093840223078,5,70.0,0.4170651983399004,25,693.0
1260.0,26,343.0,6.017543859649122,5.120002556941133,20,685.0,0.17090360084762554,6,86.0,0.3906366777105786,26,771.0
1265.0,23,405.0,7.788461538461538,4.946717878561409,14,692.0,0.23410264942707165,9,125.0,0.2640262488337413,23,817.0
1270.0,24,393.0,7.017857142857143,4.436608903591369,14,601.0,0.2579245723416912,10,137.0,0.15865810960180188,24,738.0
1275.0,25,359.0,5.885245901639344,5.151911220077868,13,452.0,0.3367296431278459,12,160.0,0.2577171955964984,25,612.0
1280.0,21,191.0,3.1311475409836067,5.495183307339402,12,404.0,0.3639025712768378,9,155.0,0.4077232577059555,21,559.0
1285.0,24,292.0,4.9491525423728815,5.287575574502766,16,449.0,0.21942505745128107,8,174.0,0.506056130074385,24,623.0
1290.0,33,377.0,6.080645161290323,3.7427791510756454,21,501.0,0.06569776158825018,12,218.0,0.40062528808180997,33,719.0
1295.0,28,296.0,4.553846153846154,3.8611023164303533,18,535.0,0.11660845306576577,10,199.0,0.30169210695423004,28,734.0
1300.0,30,316.0,4.861538461538461,4.298613737047271,18,561.0,0.2356210808036718,12,142.0,0.2423746830707822,30,703.0
1305.0,33,351.0,5.086956521739131,4.398228971467475,20,519.0,0.2899702963222553,13,187.0,0.20306892990754147,33,706.0
1310.0,28,323.0,4.614285714285714,4.5676297310051766,14,545.0,0.2854827798048113,14,227.0,0.25822467219535256,28,772.0
1315.0,32,380.0,5.428571428571429,4.476468302050802,22,565.0,0.19651783357961286,10,253.0,0.35384125810843375,32,818.0
1320.0,32,423.0,5.794520547945205,4.725084709001418,24,602.0,0.13074614721691896,8,228.0,0.46086105711572384,32,830.0
1325.0,28,425.0,5.902777777777778,5.405509941954637,18,577.0,0.1648553270756712,10,270.0,0.4243539808426886,28,847.0
1330.0,27,491.0,6.726027397260274,5.531022709768505,17,576.0,0.22324836858852803,10,316.0,0.3260763549167632,27,892.0
1335.0,33,560.0,7.777777777777778,4.6547816402670925,20,538.0,0.20725038849661326,13,378.0,0.2620253892247114,33,916.0
1340.0,31,365.0,5.367647058823529,3.972606425771847,18,552.0,0.22933128052048365,13,333.0,0.21407442070617988,31,885.0
1345.0,40,501.0,7.367647058823529,3.735717649781157,25,639.0,0.21146267102025754,15,264.0,0.20971514622462364,40,903.0
1350.0,40,554.0,7.589041095890411,3.52113973422454,27,682.0,0.1416187232712979,13,297.0,0.23785305898814493,40,979.0
1355.0,29,536.0,7.243243243243243,5.397141198601342,21,664.0,0.19764278300263083,8,282.0,0.4014913624498499,29,946.0
1360.0,23,377.0,5.309859154929577,5.170393053714239,17,690.0,0.16808090544158918,6,188.0,0.3566010473783936,23,878.0
1365.0,30,298.0,4.197183098591549,4.420652050021587,22,716.0,0.11602230061089475,8,98.0,0.3043609764413573,30,814.0
1370.0,31,385.0,5.746268656716418,3.5739443990798034,25,766.0,0.1455848539538083,6,107.0,0.24510354037556986,31,873.0
1375.0,26,421.0,6.578125,5.097377394344688,18,757.0,0.182266657021203,8,104.0,0.40834627413096286,26,861.0
1380.0,25,393.0,6.238095238095238,5.156010187042952,16,707.0,0.21824895001918074,9,103.0,0.3511235670184744,25,810.0
1385.0,26,332.0,5.107692307692307,5.160942412890937,16,640.0,0.23441472695665885,10,138.0,0.2935480036560582,26,778.0
1390.0,27,291.0,4.476923076923077,4.72796748008626,17,653.0,0.23985311816618438,10,168.0,0.38194920123667564,27,821.0
1395.0,28,417.0,6.415384615384616,5.361361502183137,18,688.0,0.2791621770504037,10,202.0,0.358426868982747,28,890.0
1400.0,30,399.0,6.045454545454546,4.57382806622048,21,724.0,0.21174610382827885,9,175.0,0.31046559843078936,30,899.0
1405.0,33,404.0,5.9411764705882355,4.842301561683358,22,720.0,0.21939526782479946,11,123.0,0.27448121263666425,33,843.0
1410.0,30,465.0,6.940298507462686,3.8879903201583503,22,723.0,0.20702962965016677,8,138.0,0.26736815664873237,30,861.0
1415.0,33,517.0,7.7164179104477615,4.417586597293509,23,749.0,0.2131789557060415,10,155.0,0.33815412128536143,33,904.0
1420.0,33,445.0,6.357142857142857,3.6052409912473222,23,761.0,0.16413846636986482,10,172.0,0.27550575214088574,33,933.0
1425.0,26,263.0,3.6027397260273974,4.397529559969877,19,730.0,0.13882433984326029,7,166.0,0.35743737536048803,26,896.0
1430.0,24,344.0,5.134328358208955,5.71373588221684,18,608.0,0.2273113979736161,6,180.0,0.4095836483831941,24,788.0
1435.0,26,407.0,5.985294117647059,5.4978734127126065,17,579.0,0.22027072093658118,9,194.0,0.2734978081561422,26,773.0
1440.0,33,491.0,7.553846153846154,4.073182691388861,21,526.0,0.08845174771692442,12,234.0,0.30073949651879917,33,760.0
1445.0,30,424.0,6.950819672131147,3.7758053510791947,19,585.0,0.1835592697100342,11,202.0,0.33203667691508093,30,787.0
1450.0,34,563.0,8.936507936507937,3.7140203373402407,21,655.0,0.18249493488661594,13,222.0,0.2978461040442688,34,877.0
1455.0,31,476.0,7.212121212121212,3.6115501290588945,23,661.0,0.1543317301850604,8,204.0,0.2880457893893317,31,865.0
1460.0,32,463.0,6.614285714285714,4.724635899680421,22,616.0,0.17096942324796466,10,190.0,0.37021102065238787,32,806.0
1465.0,31,401.0,5.493150684931507,4.814903926222295,21,648.0,0.14973274247108803,10,173.0,0.40009269654707835,31,821.0
1470.0,21,234.0,3.342857142857143,4.976182565664821,17,594.0,0.16673551618245455,4,86.0,0.30866444924757247,21,680.0
1475.0,23,255.0,3.5416666666666665,5.601091210877872,15,534.0,0.24916508363865922,8,101.0,0.2540365130479385,23,635.0
1480.0,26,249.0,3.557142857142857,4.900734711776546,13,494.0,0.2526523179806287,13,161.0,0.20692339786708835,26,655.0
1485.0,32,291.0,4.041666666666667,4.330919563070397,16,506.0,0.2365032472850476,16,193.0,0.2589281917352985,32,699.0
1490.0,25,318.0,4.676470588235294,4.720404664398966,16,486.0,0.21956295428128506,9,196.0,0.3679707739247764,25,682.0
1495.0,27,390.0,5.909090909090909,5.254579050434519,17,509.0,0.26286320347326725,10,215.0,0.35405504271811056,27,724.0
1500.0,27,406.0,6.059701492537314,5.240004570912788,15,477.0,0.19998428587961084,12,260.0,0.2583905265522882,27,737.0
1505.0,29,441.0,6.3,4.673014542631061,20,538.0,0.14277571757566473,9,257.0,0.22400382682844996,29,795.0
1510.0,31,534.0,7.628571428571429,5.576977499526641,21,609.0,0.22168833467002408,10,261.0,0.3632106288886931,31,870.0
1515.0,29,464.0,7.365079365079365,4.640504563149197,21,655.0,0.2453034352258346,8,209.0,0.40239138471637426,29,864.0
1520.0,27,503.0,7.984126984126984,4.710802670352758,19,670.0,0.2538329159614555,8,115.0,0.28843369741593683,27,785.0
1525.0,29,499.0,8.180327868852459,4.175324665483484,19,632.0,0.24163832210916483,10,121.0,0.1279196594054032,29,753.0
1530.0,31,462.0,7.21875,4.84779614872253,19,574.0,0.24409840076842526,12,179.0,0.22603740294555247,31,753.0
1535.0,25,323.0,5.295081967213115,3.739659376810071,17,556.0,0.20762784926448635,8,179.0,0.255240954218654,25,735.0
1540.0,28,352.0,5.333333333333333,4.75084384431866,21,557.0,0.19324839398953242,7,153.0,0.383574573088519,28,710.0
1545.0,32,403.0,6.014925373134329,4.861046628825468,23,604.0,0.17843478505501242,9,180.0,0.43543465841446793,32,784.0
1550.0,33,462.0,6.695652173913044,5.316102431711511,24,614.0,0.14604331216922178,9,226.0,0.5078852707252927,33,840.0
1555.0,33,465.0,6.838235294117647,4.689577618434929,23,670.0,0.18109571942971045,10,229.0,0.3941967005904631,33,899.0
1560.0,27,398.0,5.940298507462686,4.590171575221887,17,663.0,0.25495384296901885,10,226.0,0.19520689759853108,27,889.0
1565.0,32,472.0,6.840579710144928,4.3916091829424575,16,633.0,0.28633740297973054,16,289.0,0.10078247102573831,32,922.0
1570.0,35,522.0,7.352112676056338,4.704960264490425,19,549.0,0.241123509338108,16,369.0,0.21907492719261545,35,918.0
1575.0,34,494.0,6.861111111111111,3.443248582493026,20,587.0,0.16015331291433155,14,393.0,0.27079932827620995,34,980.0
1580.0,31,543.0,7.541666666666667,4.70160203116787,24,663.0,0.13638904565646193,7,358.0,0.47262690649695793,31,1021.0
1585.0,33,408.0,5.828571428571428,4.6774356979817435,27,729.0,0.11091437409987576,6,203.0,0.5286465947560923,33,932.0
1590.0,32,432.0,6.084507042253521,5.341335288536291,25,780.0,0.15393517774932847,7,101.0,0.4799955778085679,32,881.0
1595.0,34,459.0,6.557142857142857,3.6221430190873907,24,800.0,0.16493839343124303,10,120.0,0.24528757350306218,34,920.0
1600.0,29,358.0,5.114285714285714,4.167903384573124,19,718.0,0.15969426401280196,10,157.0,0.2666126810698638,29,875.0
1605.0,27,341.0,4.871428571428571,4.3364899205600755,17,680.0,0.226021694345458,10,156.0,0.14728606123851798,27,836.0
1610.0,30,336.0,4.48,4.864152901732946,17,603.0,0.22857786426656135,13,190.0,0.21859349136926756,30,793.0
1615.0,29,301.0,4.180555555555555,4.407831966750482,19,655.0,0.1800981124473735,10,173.0,0.3611037030623056,29,828.0
1620.0,35,442.0,6.314285714285714,4.786800998847673,25,762.0,0.2022513649760679,10,160.0,0.40513052370500957,35,922.0
1625.0,39,490.0,7.101449275362318,3.5934154691202895,28,792.0,0.1401020643927914,11,176.0,0.2950778420196428,39,968.0
1630.0,29,455.0,6.6911764705882355,4.30835258664237,22,750.0,0.08927829366088351,7,142.0,0.3295036791700684,29,892.0
1635.0,27,383.0,5.7164179104477615,4.232268365410908,18,772.0,0.1316846662144112,9,111.0,0.22208229090528336,27,883.0
1640.0,28,311.0,4.380281690140845,5.084806931545555,18,714.0,0.174771518091871,10,121.0,0.2751291499810729,28,835.0
1645.0,33,323.0,4.614285714285714,4.407523716462559,23,723.0,0.18404492430262062,10,139.0,0.30198843823909594,33,862.0
1650.0,33,366.0,5.228571428571429,4.803393417905602,21,749.0,0.16439153247856877,12,187.0,0.36893536299996277,33,936.0
1655.0,27,356.0,4.944444444444445,4.4482600820216485,20,752.0,0.1938664899998592,7,171.0,0.3381989199405606,27,923.0
1660.0,24,269.0,3.736111111111111,4.781982239209321,17,700.0,0.223678246658904,7,125.0,0.2491011172130841,24,825.0
1665.0,26,225.0,3.2142857142857144,4.555906263770991,16,703.0,0.2727725822434432,10,122.0,0.1742581868141839,26,825.0
1670.0,37,362.0,4.891891891891892,4.583643301554862,23,787.0,0.21192047040976775,14,168.0,0.17650123274909826,37,955.0
1675.0,39,450.0,6.25,4.030145382882671,27,808.0,0.168243347675223,12,215.0,0.2817306148257086,39,1023.0
1680.0,36,496.0,6.526315789473684,3.847952145711128,25,800.0,0.14710519098793293,11,207.0,0.2836993119096374,36,1007.0
1685.0,40,657.0,9.0,3.9772402841683485,26,910.0,0.2052795823501845,14,249.0,0.3400672291903631,40,1159.0
1690.0,39,738.0,9.710526315789474,4.098252799096367,26,996.0,0.18269006456038211,13,259.0,0.35730391459502436,39,1255.0
1695.0,37,700.0,8.860759493670885,4.287780736729203,28,1013.0,0.18534161510069724,9,197.0,0.35549055266115964,37,1210.0
1700.0,32,687.0,8.807692307692308,4.8469086356878455,22,934.0,0.158915540385407,10,180.0,0.4022194388394955,32,1114.0
1705.0,33,675.0,8.881578947368421,4.908958113322643,21,890.0,0.20696661137419134,12,193.0,0.3269931609582322,33,1083.0
1710.0,35,557.0,7.328947368421052,3.671152982690611,22,791.0,0.14755206218823497,13,213.0,0.2261820808943919,35,1004.0
1715.0,35,439.0,5.776315789473684,3.6347593933085287,21,806.0,0.1810648202458695,14,268.0,0.2750341596465158,35,1074.0
1720.0,30,431.0,5.597402597402597,4.635857304886747,17,816.0,0.23492618350485905,13,304.0,0.33327906811263924,30,1120.0
1725.0,35,523.0,6.620253164556962,4.612133465625759,21,818.0,0.1267237644306379,14,361.0,0.3514334526713533,35,1179.0
1730.0,35,446.0,5.575,4.662181015585313,20,791.0,0.09196830257106853,15,351.0,0.29060740097317195,35,1142.0
1735.0,36,457.0,5.935064935064935,4.451733272714285,23,791.0,0.12812799399716607,13,317.0,0.27429695925537356,36,1108.0
1740.0,39,429.0,5.797297297297297,3.429346345194504,26,747.0,0.1517545533871447,13,309.0,0.21475373320732774,39,1056.0
1745.0,36,498.0,6.821917808219178,4.297142913927599,22,734.0,0.29428935151618724,14,283.0,0.2544690241239781,36,1017.0
1750.0,37,538.0,7.173333333333333,4.295910790081499,19,747.0,0.30750184469108466,18,350.0,0.20972812465044846,37,1097.0
1755.0,40,583.0,7.2875,3.6395941464499204,24,789.0,0.21358000175320793,16,358.0,0.19801240177294352,40,1147.0
1760.0,45,655.0,7.891566265060241,3.650743788758914,28,849.0,0.14999133239238607,17,339.0,0.28268315849033004,45,1188.0
1765.0,40,627.0,7.464285714285714,3.9685311229413833,26,879.0,0.18241956955388983,14,360.0,0.28427018521857533,40,1239.0
1770.0,32,680.0,8.292682926829269,4.416523791900401,23,893.0,0.18307790360554624,9,320.0,0.2539017790739064,32,1213.0
1775.0,31,649.0,8.1125,4.341776338975389,21,874.0,0.147595708173116,10,354.0,0.26824440546607753,31,1228.0
1780.0,39,596.0,7.544303797468355,4.305421576707089,22,830.0,0.16123499694579407,17,421.0,0.20060258604128836,39,1251.0
1785.0,40,617.0,8.118421052631579,3.7286855350660324,23,912.0,0.1658226069957772,17,386.0,0.19880583225399492,40,1298.0
1790.0,33,647.0,8.626666666666667,4.134027699461437,18,955.0,0.19143474270132532,15,345.0,0.20217620720918458,33,1300.0
1795.0,34,600.0,8.108108108108109,4.380012729775803,20,919.0,0.18560501317269382,14,355.0,0.2480141439037048,34,1274.0
1800.0,38,546.0,7.47945205479452,4.316141548680099,20,794.0,0.1665200274921722,18,393.0,0.22979289668605404,38,1187.0
1805.0,37,508.0,7.154929577464789,3.4653972756915916,20,861.0,0.13807404176096197,17,395.0,0.21216313811075338,37,1256.0
1810.0,28,410.0,5.774647887323944,4.460172164267989,17,891.0,0.1887487397033789,11,321.0,0.2255379245514787,28,1212.0
1815.0,29,500.0,7.142857142857143,4.043836701213162,16,874.0,0.22577826298056256,13,369.0,0.13311512070298856,29,1243.0
1820.0,37,625.0,8.561643835616438,3.9024469107471913,17,808.0,0.2070669375860823,20,447.0,0.17903329551184083,37,1255.0
1825.0,41,634.0,8.929577464788732,3.1334374205611666,21,800.0,0.16385011049818332,20,467.0,0.2520179333264121,41,1267.0
1830.0,38,679.0,9.430555555555555,3.65469892206462,22,827.0,0.1874023236443588,16,486.0,0.32603879266634633,38,1313.0
1835.0,41,739.0,9.723684210526315,3.3398503517180735,25,896.0,0.1725471780407544,16,473.0,0.277213777484981,41,1369.0
1840.0,32,679.0,9.053333333333333,3.9597383738984915,18,905.0,0.19407981853899453,14,399.0,0.21263876107857832,32,1304.0
1845.0,31,531.0,7.08,3.962812369399162,20,888.0,0.19881911904571758,11,346.0,0.19075037284830043,31,1234.0
1850.0,38,385.0,4.8734177215189876,3.9514361048308024,21,782.0,0.21179243892920446,17,280.0,0.13045928323048725,38,1062.0
1855.0,39,492.0,6.3896103896103895,3.7077498578184027,21,836.0,0.2328447998916826,18,313.0,0.22599430869063136,39,1149.0
1860.0,29,540.0,6.666666666666667,4.784460917063107,19,852.0,0.2548023462991636,10,309.0,0.27215561529823395,29,1161.0
1865.0,33,513.0,6.180722891566265,4.78735424589515,22,829.0,0.23741322784947028,11,304.0,0.23188765981237078,33,1133.0
1870.0,41,489.0,5.891566265060241,4.63920746734555,26,780.0,0.16805178236244384,15,327.0,0.26354115841989134,41,1107.0
1875.0,44,430.0,5.512820512820513,3.5021133504211277,27,848.0,0.13960873270467697,17,310.0,0.2763165425717316,44,1158.0
1880.0,37,441.0,5.7272727272727275,3.8307224586820716,23,882.0,0.17140414423140463,14,290.0,0.30892220203504733,37,1172.0
1885.0,41,489.0,6.35064935064935,3.1713959957739455,25,944.0,0.15570860642231418,16,312.0,0.2659403694138987,41,1256.0
1890.0,35,433.0,5.481012658227848,3.8659858113326124,23,956.0,0.1459040557515474,12,266.0,0.25471396025852355,35,1222.0
1895.0,30,488.0,6.506666666666667,4.386470125576687,20,927.0,0.1991703776934341,10,267.0,0.25563842672962245,30,1194.0
1900.0,35,564.0,7.230769230769231,4.7158304679442375,19,912.0,0.18105193569545083,16,304.0,0.25143399269680816,35,1216.0
1905.0,38,649.0,8.428571428571429,4.159505355401024,21,958.0,0.19991504407616614,17,336.0,0.2691946556097669,38,1294.0
1910.0,33,721.0,9.743243243243244,5.1074803797407995,22,960.0,0.2143622888995373,11,332.0,0.3874172804662218,33,1292.0
1915.0,36,607.0,8.202702702702704,4.212757624358654,23,875.0,0.09373991169834728,13,319.0,0.3709930207161537,36,1194.0
1920.0,37,478.0,6.2894736842105265,4.409517547568724,20,730.0,0.1930545804494845,17,303.0,0.33101323918811626,37,1033.0
1925.0,41,502.0,6.51948051948052,3.861826572657863,19,746.0,0.2769831596590928,22,366.0,0.2453721542939976,41,1112.0
1930.0,27,443.0,5.828947368421052,4.615557405035092,12,715.0,0.322799242003784,15,407.0,0.24281897285668716,27,1122.0
1935.0,27,394.0,5.184210526315789,3.9727353985450256,12,703.0,0.2686127138007803,15,389.0,0.1521674776078632,27,1092.0
1940.0,35,415.0,5.253164556962025,4.185354469029549,17,751.0,0.14473867698251966,18,340.0,0.21214335786701893,35,1091.0
1945.0,43,527.0,6.756410256410256,3.6197845132548,23,753.0,0.15875178710619964,20,398.0,0.22909531996102062,43,1151.0
1950.0,44,656.0,8.2,4.148943826797013,22,701.0,0.2632145290081626,22,469.0,0.2233275990163481,44,1170.0
1955.0,44,730.0,9.35897435897436,3.487569149269517,22,734.0,0.2305056705514158,22,523.0,0.2635623066559475,44,1257.0
1960.0,34,621.0,8.064935064935066,3.300914388271064,18,705.0,0.147692957931933,16,514.0,0.21071292821268575,34,1219.0
1965.0,31,396.0,4.95,3.656055348545754,14,638.0,0.19040882220856947,17,507.0,0.15793361616003154,31,1145.0
1970.0,30,277.0,3.4625,4.427332664751228,10,478.0,0.2646515644183775,20,499.0,0.12852245430261364,30,977.0
1975.0,39,354.0,4.481012658227848,3.6165705114322995,14,460.0,0.2272783310953194,25,562.0,0.1344084566749911,39,1022.0
1980.0,44,486.0,6.230769230769231,3.367275932804994,20,459.0,0.16361252846636146,24,645.0,0.18113213563599753,44,1104.0
1985.0,49,573.0,7.253164556962025,3.225908968947131,25,498.0,0.19330225353191077,24,686.0,0.16756609557619065,49,1184.0
1990.0,33,455.0,5.9868421052631575,3.407571833078199,18,500.0,0.14747639762616782,15,637.0,0.16472443674780435,33,1137.0
1995.0,28,491.0,6.546666666666667,4.643290906075197,15,462.0,0.18396889623111035,13,611.0,0.23213856711251318,28,1073.0
2000.0,24,497.0,6.454545454545454,4.980398228882679,12,435.0,0.17798172549376676,12,579.0,0.2578249790072624,24,1014.0
2005.0,29,486.0,6.48,4.636740839473276,15,471.0,0.2127972828835092,14,564.0,0.20365213668494947,29,1035.0
2010.0,37,579.0,7.618421052631579,3.6191375944937647,19,483.0,0.22127749455015439,18,612.0,0.20314959868336713,37,1095.0
2015.0,28,623.0,8.9,4.625021132518995,16,453.0,0.24626169329827546,12,616.0,0.2910070400571883,28,1069.0
2020.0,27,702.0,10.477611940298507,5.167043957309998,14,422.0,0.20882095115470262,13,649.0,0.32674152090805314,27,1071.0
2025.0,26,598.0,8.422535211267606,5.659104922504311,14,417.0,0.22658511692890126,12,522.0,0.26493271178678635,26,939.0
2030.0,23,355.0,5.071428571428571,5.5249381421205666,15,399.0,0.22171148132507648,8,350.0,0.254785696726875,23,749.0
2035.0,25,267.0,3.985074626865672,5.547656805377539,16,414.0,0.28042086743339817,9,297.0,0.2939968563870642,25,711.0
2040.0,25,353.0,5.430769230769231,5.5446321290607266,15,464.0,0.29411882172276244,10,259.0,0.38848032377741487,25,723.0
2045.0,23,407.0,6.783333333333333,5.100060153262225,14,470.0,0.3056425783176135,9,216.0,0.38748078418265774,23,686.0
2050.0,26,404.0,6.516129032258065,4.519053702333754,15,454.0,0.23763323485773571,11,181.0,0.29815342948842444,26,635.0
2055.0,31,424.0,6.838709677419355,4.146757118996224,18,395.0,0.20882784288646458,13,230.0,0.27463745809401363,31,625.0
2060.0,31,427.0,6.671875,3.6131031148713273,20,457.0,0.19700272667327356,11,221.0,0.2223037154104438,31,678.0
2065.0,21,429.0,7.15,4.956987216970611,13,494.0,0.2419299408664133,8,174.0,0.3364420650156704,21,668.0
2070.0,18,334.0,5.566666666666666,4.6810460966172,13,447.0,0.191487649313561,5,182.0,0.3045619906526309,18,629.0
2075.0,24,411.0,6.737704918032787,5.039685802097348,15,451.0,0.20810096168479852,9,202.0,0.27545193344632474,24,653.0
2080.0,28,496.0,8.551724137931034,4.302702785339886,19,515.0,0.2276209213811375,9,218.0,0.29319516385159694,28,733.0
2085.0,18,527.0,9.24561403508772,6.019095973960258,12,527.0,0.2810747617135437,6,219.0,0.4595206657810015,18,746.0
2090.0,17,372.0,6.413793103448276,5.517605788373856,13,468.0,0.22474575193054705,4,163.0,0.356131827717726,17,631.0
2095.0,24,326.0,5.719298245614035,6.2890576883141165,15,418.0,0.27713075713103846,9,186.0,0.39525980568768787,24,604.0
2100.0,27,414.0,7.527272727272727,4.894624794696632,17,462.0,0.2723726594207976,10,231.0,0.3319365772415928,27,693.0
2105.0,25,497.0,9.036363636363637,4.480420834787796,14,479.0,0.2994835642185068,11,282.0,0.15715845997547317,25,761.0
2110.0,24,317.0,5.763636363636364,4.268746181112267,11,410.0,0.264513848810095,13,230.0,0.17408119393762797,24,640.0
2115.0,26,407.0,7.140350877192983,5.01009554818832,16,360.0,0.18844950760995813,10,218.0,0.3437321704445731,26,578.0
2120.0,25,283.0,4.879310344827586,4.53663634770949,18,362.0,0.1591788055137909,7,194.0,0.3768650058758854,25,556.0
2125.0,22,255.0,4.473684210526316,5.66244863897062,17,370.0,0.17962791250203441,5,102.0,0.43116989172871434,22,472.0
2130.0,24,299.0,4.82258064516129,5.94102730450392,16,406.0,0.21869630774672325,8,67.0,0.3361288817214651,24,473.0
2135.0,15,260.0,4.482758620689655,6.941727210463599,7,371.0,0.3113977442249858,8,103.0,0.32458351534932195,15,474.0
2140.0,13,239.0,4.425925925925926,6.623985008337735,7,339.0,0.2976567458348591,6,103.0,0.3624659216133367,13,442.0
2145.0,19,296.0,6.166666666666667,5.465141487333703,12,385.0,0.1619619329296103,7,87.0,0.3255261763756276,19,472.0
2150.0,19,311.0,6.760869565217392,5.036328744158343,12,414.0,0.20545863759949437,7,75.0,0.31316150287293937,19,489.0
2155.0,16,370.0,8.222222222222221,6.104828444940474,9,414.0,0.33104931469064186,7,86.0,0.3397365289958593,16,500.0
2160.0,15,273.0,5.808510638297872,5.686872089264969,9,335.0,0.3610021733564478,6,74.0,0.309276752040573,15,409.0
2165.0,13,168.0,3.230769230769231,7.358938639824759,7,203.0,0.4608328198761686,6,79.0,0.4632042764217986,13,282.0
2170.0,17,241.0,4.7254901960784315,6.560386108557786,11,165.0,0.32285012670460467,6,108.0,0.5638619921487907,17,273.0
2175.0,23,344.0,6.254545454545455,5.85359521715071,16,218.0,0.2612983786703096,7,140.0,0.5038793098074494,23,358.0
2180.0,20,246.0,4.472727272727273,4.725421795668643,13,221.0,0.2018015758367239,7,125.0,0.4576540124530837,20,346.0
2185.0,23,280.0,4.745762711864407,4.8985684296079715,15,200.0,0.16591194418980035,8,118.0,0.3783858897956278,23,318.0
2190.0,25,275.0,4.583333333333333,5.074777747498642,15,216.0,0.1909508183452265,10,148.0,0.37512142155939415,25,364.0
2195.0,25,281.0,4.532258064516129,5.439091212069747,8,175.0,0.38076878036805206,17,207.0,0.19603556330722988,25,382.0
2200.0,25,346.0,5.672131147540983,4.246947375771628,9,200.0,0.27379423118296314,16,275.0,0.17804536497128018,25,475.0
2205.0,29,448.0,7.466666666666667,4.652803387078307,13,235.0,0.24417152754164384,16,337.0,0.25563244134142993,29,572.0
2210.0,26,493.0,8.216666666666667,4.415135904286952,11,242.0,0.25724932228342356,15,376.0,0.2815461342422612,26,618.0
2215.0,23,523.0,9.175438596491228,5.456114503723562,11,226.0,0.32280126244165863,12,382.0,0.28314376331419794,23,608.0
2220.0,25,407.0,7.267857142857143,4.435301925862184,13,242.0,0.2236385681786827,12,346.0,0.12713602426148474,25,588.0
2225.0,28,325.0,5.803571428571429,4.7009540407706885,16,260.0,0.24351100493913017,12,295.0,0.12661616119587837,28,555.0
2230.0,22,231.0,4.125,4.585044206233717,14,242.0,0.25402803097371196,8,311.0,0.2384749937261421,22,553.0
2235.0,26,332.0,5.724137931034483,4.963705611154982,15,273.0,0.23588962267795563,11,307.0,0.28192971070508915,26,580.0
2240.0,25,336.0,5.793103448275862,5.391318119066498,14,289.0,0.20495805631595795,11,335.0,0.3779381988058572,25,624.0
2245.0,27,375.0,6.25,5.506336159917099,14,298.0,0.24358490669931532,13,371.0,0.3398150169031067,27,669.0
2250.0,25,307.0,5.116666666666666,4.67489322067386,11,296.0,0.23118805614190663,14,375.0,0.3314923659546782,25,671.0
2255.0,25,313.0,5.216666666666667,5.446427546531882,8,225.0,0.28866862296547136,17,431.0,0.3119383904016619,25,656.0
2260.0,26,309.0,5.327586206896552,4.663237061278775,10,219.0,0.32402629377808834,16,443.0,0.2054829101527874,26,662.0
2265.0,28,277.0,4.540983606557377,4.6437266455486235,11,226.0,0.34153726756773634,17,399.0,0.1645395968975407,28,625.0
2270.0,25,238.0,3.838709677419355,3.7984762480848926,11,213.0,0.2935478096472374,14,436.0,0.19518433661541632,25,649.0
2275.0,25,262.0,4.09375,5.15695501983682,12,210.0,0.32327064042321463,13,435.0,0.2609029608312703,25,645.0
2280.0,22,217.0,3.4444444444444446,5.3734516655531035,9,176.0,0.32533301270741494,13,445.0,0.23470811499263333,22,621.0
2285.0,24,217.0,3.3384615384615386,6.2221905293704936,9,141.0,0.41121241924001933,15,459.0,0.25761783303537916,24,600.0
2290.0,26,261.0,4.078125,5.600389443043918,9,149.0,0.3774033515618422,17,464.0,0.28604404922499865,26,613.0
2295.0,22,257.0,4.3559322033898304,5.1002414687420465,9,159.0,0.39253889090454697,13,406.0,0.2825198211634184,22,565.0
2300.0,25,250.0,4.166666666666667,4.073577400012342,10,164.0,0.24493111546251972,15,421.0,0.28491985752116644,25,585.0
2305.0,25,296.0,4.698412698412699,4.963348865596043,12,199.0,0.22862740381564134,13,401.0,0.33487757634233917,25,600.0
2310.0,25,328.0,4.96969696969697,5.055685398447967,13,216.0,0.25141646041142757,12,407.0,0.35544575012082014,25,623.0
2315.0,30,454.0,6.485714285714286,5.454647906115932,13,249.0,0.3582960376640597,17,440.0,0.2753714318914826,30,689.0
2320.0,32,386.0,5.514285714285714,4.504682089107938,11,248.0,0.41924254682308704,21,481.0,0.14326830561573597,32,729.0
2325.0,29,332.0,4.611111111111111,4.247716762021507,6,188.0,0.4225994631937008,23,539.0,0.07898405500341885,29,727.0
2330.0,33,346.0,4.739726027397261,4.165582589051508,8,155.0,0.3516863643410682,25,560.0,0.11333122865148465,33,715.0
2335.0,37,427.0,5.77027027027027,4.66172544942153,13,155.0,0.29430908188629,24,554.0,0.2100973274334933,37,709.0
2340.0,39,477.0,6.36,3.869481884268602,16,185.0,0.21689965408952339,23,603.0,0.22166972968716514,39,788.0
2345.0,28,346.0,4.675675675675675,4.828944851074263,12,179.0,0.3028437762195038,16,579.0,0.2081295415367413,28,758.0
2350.0,23,259.0,3.5972222222222223,4.535650800457139,11,184.0,0.2620994738303267,12,587.0,0.16812533225556223,23,771.0
2355.0,31,335.0,4.35064935064935,4.629119575571602,16,224.0,0.246617671653565,15,590.0,0.15559327042430965,31,814.0
2360.0,34,389.0,5.328767123287672,4.795339835896504,15,264.0,0.3168547383523705,19,595.0,0.2001612945297502,34,859.0
2365.0,34,488.0,6.684931506849315,4.586318438985188,10,269.0,0.39331534346740027,24,644.0,0.14197504376862424,34,913.0
2370.0,35,517.0,6.544303797468355,4.326812332281542,11,261.0,0.3358583013243622,24,677.0,0.17275128719788532,35,938.0
2375.0,27,451.0,5.369047619047619,5.465359220917826,12,243.0,0.3571570984625542,15,597.0,0.25406928514403837,27,840.0
2380.0,19,226.0,2.935064935064935,5.788094629203693,13,244.0,0.30022943415670234,6,377.0,0.365286930195117,19,621.0
2385.0,26,261.0,3.5753424657534247,5.862541293087099,17,223.0,0.22854345824434366,9,300.0,0.4011311829858905,26,523.0
2390.0,34,326.0,4.72463768115942,4.012512419624948,20,279.0,0.13451743526584908,14,298.0,0.25834633954745767,34,577.0
2395.0,36,413.0,6.661290322580645,3.8917656677825536,20,355.0,0.20037751658106195,16,295.0,0.13813264346467613,36,650.0
2400.0,34,452.0,7.409836065573771,2.9293277477688093,19,399.0,0.1917186719594178,15,309.0,0.05266426282404228,34,708.0
2405.0,28,491.0,7.671875,4.9242202379986555,17,406.0,0.21768241653624412,11,269.0,0.21647453235297756,28,675.0
2410.0,29,474.0,7.9,4.809372870966077,20,439.0,0.09385031402099515,9,241.0,0.3911335242007898,29,680.0
2415.0,25,374.0,6.233333333333333,5.307910966702973,16,435.0,0.1632724051459155,9,229.0,0.41994484158132694,25,664.0
2420.0,20,302.0,5.11864406779661,4.742047130921712,11,456.0,0.26478190878953867,9,226.0,0.31636592482753095,20,682.0
2425.0,21,314.0,5.413793103448276,5.053208676432237,9,447.0,0.3493216518186722,12,225.0,0.26531123871409085,21,672.0
2430.0,24,226.0,3.7049180327868854,4.717181029335862,12,437.0,0.2781204544387079,12,210.0,0.24185469643188065,24,647.0
2435.0,29,311.0,4.936507936507937,5.218556224117919,14,427.0,0.3031260581690951,15,226.0,0.2458600273712055,29,653.0
2440.0,33,375.0,5.9523809523809526,4.292177661300125,20,512.0,0.2576417163672659,13,218.0,0.257908705160639,33,730.0
2445.0,25,368.0,5.661538461538462,4.401075340235727,18,535.0,0.22416568517591054,7,187.0,0.2894126562371233,25,722.0
2450.0,28,387.0,5.863636363636363,5.360986830707311,18,509.0,0.20689047861138174,10,172.0,0.34791143719248424,28,681.0
2455.0,25,371.0,5.455882352941177,5.078821501783968,16,536.0,0.17001847952369115,9,177.0,0.3319433068818148,25,713.0
2460.0,24,330.0,4.925373134328358,5.65760221956847,14,521.0,0.184935827283929,10,170.0,0.3675383180705796,24,691.0
2465.0,27,297.0,4.640625,5.299475008325241,14,466.0,0.25437637633748844,13,206.0,0.30985666530753125,27,672.0
2470.0,27,332.0,5.26984126984127,5.186086851347549,14,449.0,0.3086842868387489,13,237.0,0.2904578873444193,27,686.0
2475.0,24,327.0,5.109375,5.2013004555949065,14,473.0,0.26007241193774505,10,240.0,0.32158726288273937,24,713.0
2480.0,28,366.0,5.630769230769231,4.86149781840034,19,531.0,0.1998088147356262,9,230.0,0.3151060011705826,28,761.0
2485.0,31,434.0,6.676923076923077,4.98884135961389,18,567.0,0.2017301804094655,13,239.0,0.30649850972056786,31,806.0
2490.0,23,439.0,6.859375,4.938943435947761,12,538.0,0.29831247786852433,11,270.0,0.21417236191279176,23,808.0
2495.0,22,440.0,7.096774193548387,5.418081716027669,13,515.0,0.22636554204974357,9,271.0,0.3200517346521265,22,786.0
2500.0,24,383.0,5.984375,5.347833954142466,16,420.0,0.18445705908849244,8,270.0,0.30734073540186346,24,690.0
2505.0,28,425.0,6.746031746031746,4.9501518573191134,15,439.0,0.18498035751217526,13,302.0,0.30832029535316247,28,741.0
2510.0,28,452.0,7.661016949152542,5.111127436481357,16,427.0,0.29215035419636454,12,338.0,0.3131484377876222,28,765.0
2515.0,26,489.0,8.01639344262295,4.817934026296632,16,426.0,0.21503548108323256,10,353.0,0.35023733740440083,26,779.0
2520.0,20,482.0,8.169491525423728,5.619954773058168,9,359.0,0.24542807423108284,11,396.0,0.3400573082270202,20,755.0
2525.0,22,451.0,7.516666666666667,5.227933385340861,12,367.0,0.25899877052330145,10,385.0,0.14588552901176932,22,752.0
2530.0,29,531.0,8.428571428571429,5.4432599889291575,18,434.0,0.2598264745333829,11,393.0,0.21674302160529904,29,827.0
2535.0,29,626.0,11.178571428571429,4.938250221336718,17,469.0,0.29887197045400277,12,433.0,0.29077509749547453,29,902.0
2540.0,27,707.0,12.189655172413794,4.987352380149948,13,454.0,0.31048139872324126,14,493.0,0.23979630345085023,27,947.0
2545.0,23,649.0,11.385964912280702,3.6041780049483605,13,435.0,0.1676435542551229,10,512.0,0.222655705481459,23,947.0
2550.0,26,715.0,11.916666666666666,5.036158267356263,16,435.0,0.1752482650247822,10,508.0,0.3756576354881859,26,943.0
2555.0,27,368.0,6.133333333333334,5.038509967441357,19,348.0,0.1977264503692315,8,312.0,0.4493640516520946,27,660.0
2560.0,27,310.0,5.081967213114754,5.321687904612799,15,330.0,0.2596858419539202,12,151.0,0.3857551428981263,27,481.0
2565.0,27,375.0,5.769230769230769,4.57838219280569,16,388.0,0.28558604397987075,11,170.0,0.24021524623441623,27,558.0
2570.0,27,486.0,7.59375,5.043562078764841,19,479.0,0.2370127348088271,8,177.0,0.2962700172047455,27,656.0
2575.0,26,454.0,7.09375,4.65252377999986,18,501.0,0.1599475823183518,8,176.0,0.359386570701542,26,677.0
2580.0,31,455.0,7.0,5.000414587606387,17,455.0,0.1798697568348936,14,204.0,0.29603952944652745,31,659.0
2585.0,32,524.0,8.061538461538461,4.31490419410016,17,445.0,0.2102121884580717,15,258.0,0.2178958936054557,32,703.0
2590.0,30,581.0,8.671641791044776,5.317023468270587,13,434.0,0.3475028549245468,17,337.0,0.19078186490585305,30,771.0
2595.0,25,632.0,9.575757575757576,4.773282436408183,12,477.0,0.33539433073992464,13,374.0,0.23261053212004631,25,851.0
2600.0,26,673.0,10.682539682539682,4.894547230822815,18,552.0,0.24596463075401057,8,346.0,0.2642524471415432,26,898.0
2605.0,28,408.0,6.8,4.158834545367152,21,522.0,0.12482883867895299,7,260.0,0.3743998858104611,28,782.0
2610.0,30,327.0,5.030769230769231,4.054298126815568,21,516.0,0.1104468373738339,9,151.0,0.2915323389733643,30,667.0
2615.0,31,343.0,5.276923076923077,3.7518864271965886,19,526.0,0.2066879828746375,12,155.0,0.23753002377376778,31,681.0
2620.0,20,270.0,4.153846153846154,5.535928808194691,13,472.0,0.28235439983106975,7,136.0,0.3485210375324427,20,608.0
2625.0,20,250.0,3.8461538461538463,5.151554351241143,14,463.0,0.22896147728459393,6,129.0,0.2648896285736464,20,592.0
2630.0,31,300.0,4.761904761904762,4.697147415427317,18,453.0,0.19089382103672253,13,185.0,0.23417598854857466,31,638.0
2635.0,31,397.0,6.107692307692307,4.4366137977814315,19,492.0,0.17410152488865735,12,225.0,0.2635593006123711,31,717.0
2640.0,27,459.0,7.403225806451613,5.201138658027194,16,474.0,0.18340386650750998,11,229.0,0.33178883763887557,27,703.0
2645.0,26,458.0,7.046153846153846,5.391364641893621,17,463.0,0.16306693411730822,9,224.0,0.36594348664616977,26,687.0
2650.0,23,448.0,6.787878787878788,6.016304657236783,14,417.0,0.22279364848930672,9,224.0,0.369234658566241,23,641.0
2655.0,23,250.0,4.098360655737705,4.702244208015582,14,401.0,0.24965899229081992,9,181.0,0.33736760070702326,23,582.0
2660.0,24,253.0,3.953125,5.30177060529034,13,343.0,0.26807533870855604,11,167.0,0.3554908871355381,24,510.0
2665.0,30,348.0,5.4375,4.660046028005721,17,380.0,0.26609704960842034,13,214.0,0.34958375873986697,30,594.0
2670.0,29,464.0,7.03030303030303,5.260672548591501,15,406.0,0.3111928582738409,14,267.0,0.3503344776863985,29,673.0
2675.0,29,391.0,5.75,4.387044839304089,14,403.0,0.30181520585760285,15,268.0,0.21828209611738075,29,671.0
2680.0,20,286.0,4.085714285714285,4.945432216232224,12,360.0,0.2705513224991195,8,218.0,0.2541537608801869,20,578.0
2685.0,23,261.0,3.5753424657534247,5.320478360610946,15,368.0,0.1887124934257855,8,175.0,0.37296578621518944,23,543.0
2690.0,31,379.0,5.338028169014085,5.4834788107017305,20,419.0,0.1922176709018022,11,182.0,0.3880819105489415,31,601.0
2695.0,34,483.0,7.318181818181818,4.484902144973763,20,483.0,0.1895933023374788,14,229.0,0.3485622222348995,34,712.0
2700.0,37,596.0,8.63768115942029,3.94893551033633,19,527.0,0.22150847525728976,18,314.0,0.21414919837563673,37,841.0
2705.0,38,648.0,9.0,3.847420907442594,18,540.0,0.24096287330607086,20,362.0,0.2169295824135822,38,902.0
2710.0,25,535.0,7.133333333333334,5.060127923858886,13,509.0,0.26256159667931805,12,350.0,0.28343949870700297,25,859.0
2715.0,22,288.0,3.9452054794520546,5.031246781006679,14,449.0,0.22830109503605903,8,245.0,0.33357755056146116,22,694.0
2720.0,27,240.0,3.2,5.259185339449733,19,376.0,0.22261708423136567,8,160.0,0.2895644850921183,27,536.0
2725.0,33,334.0,4.704225352112676,4.611543393424041,21,426.0,0.19057068650979164,12,180.0,0.3067974590307784,33,606.0
2730.0,26,390.0,5.909090909090909,4.5811653751460195,14,415.0,0.16680571875657416,12,177.0,0.24568688712069323,26,592.0
2735.0,25,374.0,6.032258064516129,4.413692128068177,14,398.0,0.144389654078019,11,189.0,0.27285929724363306,25,587.0
2740.0,29,440.0,6.984126984126984,5.148193727212175,15,369.0,0.24202441513623102,14,246.0,0.28311764924017013,29,615.0
2745.0,27,441.0,7.47457627118644,4.2879215293934,14,402.0,0.3043177239882175,13,248.0,0.2539121330312212,27,650.0
2750.0,25,502.0,8.508474576271187,4.948630345192933,11,411.0,0.33974519167259865,14,250.0,0.22115002969229022,25,661.0
2755.0,28,439.0,7.080645161290323,4.001827038971432,14,369.0,0.23725499275026823,14,288.0,0.20656235564639347,28,657.0
2760.0,26,408.0,6.181818181818182,5.13686032115138,15,308.0,0.2549103539156712,11,296.0,0.3347974388486012,26,604.0
2765.0,29,400.0,5.970149253731344,4.943669145366796,19,319.0,0.2509290371390251,10,253.0,0.3757586077534088,29,572.0
2770.0,27,354.0,4.916666666666667,5.619626607503188,19,377.0,0.2892657765890434,8,218.0,0.42985795873166227,27,595.0
2775.0,33,381.0,4.9480519480519485,4.666862339710829,23,418.0,0.2690780188010616,10,211.0,0.3283251057938033,33,629.0
2780.0,39,453.0,5.734177215189874,4.878502007542392,22,445.0,0.2662596458181602,17,269.0,0.319083225875209,39,714.0
2785.0,37,474.0,6.076923076923077,4.325478254715445,21,484.0,0.2602916677702305,16,311.0,0.2733802786695172,37,795.0
2790.0,29,351.0,4.3875,4.092398507787989,17,459.0,0.15450348563855218,12,321.0,0.2476227993700086,29,780.0
2795.0,32,377.0,4.654320987654321,4.05924201837585,19,490.0,0.1900759461921537,13,326.0,0.21993409847602058,32,816.0
2800.0,36,478.0,5.623529411764705,4.416095840702915,21,565.0,0.21016791760009954,15,305.0,0.234997693164179,36,870.0
2805.0,40,494.0,5.811764705882353,4.147241446330491,23,565.0,0.2341425323182099,17,351.0,0.2686763370144421,40,916.0
2810.0,39,584.0,6.9523809523809526,4.607251493584383,28,595.0,0.198983644344383,11,357.0,0.3723930498775722,39,952.0
2815.0,43,645.0,7.329545454545454,3.952875308048294,31,666.0,0.1890453956609772,12,362.0,0.2987855136763065,43,1028.0
2820.0,44,723.0,7.945054945054945,4.246082952234406,26,703.0,0.21302456282469,18,421.0,0.23918613073549067,44,1124.0
2825.0,45,800.0,8.98876404494382,3.8652564583520075,24,725.0,0.23378341427327431,21,483.0,0.20121177779443458,45,1208.0
2830.0,38,681.0,7.651685393258427,3.3270448656255636,22,650.0,0.13169231026762146,16,514.0,0.14683942822195134,38,1164.0
2835.0,32,531.0,5.9,3.7284397153377995,19,696.0,0.12580143251348894,13,519.0,0.2027654446514607,32,1215.0
2840.0,34,615.0,6.684782608695652,4.587843645924686,17,696.0,0.21121926649022157,17,553.0,0.19811740864636324,34,1249.0
2845.0,44,545.0,5.989010989010989,3.881130850387137,23,710.0,0.16700795226800952,21,489.0,0.20121616219460348,44,1199.0
2850.0,44,488.0,5.809523809523809,3.658780889433464,22,675.0,0.17999693931863425,22,439.0,0.1473932890441794,44,1114.0
2855.0,42,599.0,7.395061728395062,3.997387883622013,19,644.0,0.21531371516035083,23,463.0,0.14645433190674048,42,1107.0
2860.0,36,656.0,8.0,4.282794115484894,16,573.0,0.2190990407637426,20,507.0,0.19663938030664344,36,1080.0
2865.0,39,722.0,9.139240506329115,3.995881344520893,21,612.0,0.16800112103138104,18,534.0,0.2909573933796734,39,1146.0
2870.0,35,628.0,7.566265060240964,4.097133719554069,23,680.0,0.12898486294873274,12,466.0,0.29847918186966443,35,1146.0
2875.0,29,627.0,7.936708860759493,4.104618427216934,18,726.0,0.1794584055071249,11,398.0,0.23724912784684657,29,1124.0
2880.0,28,609.0,7.708860759493671,4.957215357946172,14,697.0,0.3070060205875536,14,392.0,0.245387129365572,28,1089.0
2885.0,31,609.0,7.909090909090909,4.96331990745326,11,610.0,0.34151374745234464,20,456.0,0.17688395569752752,31,1066.0
2890.0,36,708.0,9.567567567567568,4.094817912296358,15,661.0,0.2599932484582874,21,506.0,0.19733299319326397,36,1167.0
2895.0,36,763.0,10.746478873239436,3.8117624250187228,16,715.0,0.2505100187718559,20,524.0,0.1349454474281593,36,1239.0
2900.0,42,715.0,10.070422535211268,3.223848052415027,21,701.0,0.1963452165400141,21,567.0,0.11698404883336495,42,1268.0
2905.0,39,543.0,7.438356164383562,3.909801650227034,17,595.0,0.25213230941385967,22,625.0,0.07833048891406921,39,1220.0
2910.0,38,546.0,7.583333333333333,4.0506723495620145,16,507.0,0.3261647371114682,22,636.0,0.12290516404180828,38,1143.0
2915.0,31,403.0,5.676056338028169,4.05815345313178,19,520.0,0.24287585800641462,12,538.0,0.19140778647107254,31,1058.0
2920.0,30,327.0,4.739130434782608,3.4806563261921193,22,535.0,0.16108003959067269,8,541.0,0.21459514569619303,30,1076.0
2925.0,30,315.0,4.375,3.3388100211109255,20,577.0,0.13744499689501252,10,493.0,0.21201383632086415,30,1070.0
2930.0,37,439.0,6.183098591549296,3.280728101127936,23,666.0,0.12590137950529265,14,457.0,0.2026846788404272,37,1123.0
2935.0,34,426.0,6.0,3.1040696828864354,23,714.0,0.08735953313949997,11,358.0,0.19439554391976213,34,1072.0
2940.0,22,337.0,4.814285714285714,4.776320519708782,15,681.0,0.07874986441062178,7,297.0,0.35306601104778207,22,978.0
2945.0,22,383.0,5.803030303030303,5.798935730581113,14,631.0,0.12246583824561917,8,261.0,0.41460952479871,22,892.0
2950.0,25,369.0,5.951612903225806,4.930490030155763,16,545.0,0.09636944846337077,9,281.0,0.3065238341804169,25,826.0
2955.0,23,381.0,6.0476190476190474,4.5317006293239865,12,561.0,0.16991961249848223,11,257.0,0.2511891893294095,23,818.0
2960.0,23,422.0,7.535714285714286,5.258423559554514,10,523.0,0.24454539868844757,13,222.0,0.34101292104958764,23,745.0
2965.0,26,370.0,6.271186440677966,4.819184220778325,13,521.0,0.2872967276485877,13,216.0,0.21980481003453442,26,737.0
2970.0,27,295.0,4.682539682539683,5.440573017883014,12,468.0,0.34385258274394837,15,234.0,0.26559925651393096,27,702.0
2975.0,27,312.0,5.032258064516129,4.665463040390725,12,456.0,0.33310886056257205,15,265.0,0.26374539768374355,27,721.0
2980.0,24,295.0,4.758064516129032,5.399982745359332,13,408.0,0.31816151024946954,11,248.0,0.38158235121555323,24,656.0
2985.0,26,319.0,4.907692307692308,4.107223056258305,14,406.0,0.16898457266899308,12,251.0,0.3468481124433401,26,657.0
2990.0,26,366.0,5.462686567164179,5.224811403759593,12,405.0,0.28760663441703876,14,287.0,0.33854398821581144,26,692.0
2995.0,28,412.0,6.338461538461538,4.166278466104011,9,361.0,0.327108525498706,19,338.0,0.1653807408137358,28,699.0
3000.0,30,465.0,7.045454545454546,3.9864790981733043,12,291.0,0.24832867793332436,18,383.0,0.1725629670667537,30,674.0
3005.0,35,543.0,7.757142857142857,3.8688488030495365,17,335.0,0.23737592692383405,18,423.0,0.2316150100918946,35,758.0
3010.0,27,562.0,8.264705882352942,4.502650404093822,12,366.0,0.22656176901060632,15,429.0,0.25656191521428534,27,795.0
3015.0,27,377.0,5.463768115942029,4.556834971328356,11,343.0,0.1568017768480763,16,351.0,0.23413464050013788,27,694.0
3020.0,35,408.0,5.666666666666667,4.797910304646389,17,337.0,0.11702881371296807,18,281.0,0.23599933242417304,35,618.0
3025.0,35,503.0,7.507462686567164,4.003177871221501,17,388.0,0.19248780344064884,18,325.0,0.23280691360651964,35,713.0
3030.0,26,557.0,8.43939393939394,5.506685088904983,10,388.0,0.2728275521843795,16,343.0,0.2914445861829419,26,731.0
3035.0,26,572.0,9.079365079365079,5.092712164876749,10,360.0,0.3054094441669065,16,355.0,0.17563544237814935,26,715.0
3040.0,29,534.0,8.215384615384615,4.750266560060541,12,370.0,0.27718030178807845,17,367.0,0.16093903343539337,29,737.0
3045.0,26,376.0,5.968253968253968,4.851276801287031,11,278.0,0.28402932661917424,15,420.0,0.25427810994386085,26,698.0
3050.0,26,402.0,6.483870967741935,5.117158242482555,11,148.0,0.2519015099349313,15,448.0,0.30225689014859397,26,596.0
3055.0,27,331.0,5.253968253968254,4.674082587669692,11,162.0,0.19086400941061318,16,436.0,0.2546683906694222,27,598.0
3060.0,27,397.0,6.203125,5.4028502380639525,7,142.0,0.3671645225168602,20,461.0,0.14277258802296772,27,603.0
3065.0,26,432.0,7.081967213114754,4.521660054087539,7,120.0,0.39030998952226714,19,509.0,0.03322719583513396,26,629.0
3070.0,27,498.0,8.163934426229508,5.403641402464684,9,136.0,0.3588677698017868,18,522.0,0.17333562112197315,27,658.0
3075.0,25,526.0,8.766666666666667,4.461808451963955,8,154.0,0.2567902445499017,17,561.0,0.2500239564780139,25,715.0
3080.0,24,556.0,9.586206896551724,5.326962432448026,11,167.0,0.3212928680783629,13,548.0,0.28991307275543166,24,715.0
3085.0,21,350.0,6.140350877192983,5.033406690713451,9,146.0,0.3268305029025959,12,457.0,0.21801068062674075,21,603.0
3090.0,22,233.0,3.8833333333333333,5.693049897556638,11,181.0,0.3122419032367773,11,309.0,0.2766167885597285,22,490.0
3095.0,22,313.0,5.491228070175438,5.268795767644013,12,240.0,0.18925686917510573,10,324.0,0.36063429431723004,22,564.0
3100.0,25,369.0,6.833333333333333,5.6763828927107545,11,270.0,0.19241001655776946,14,335.0,0.4009802984322534,25,605.0
3105.0,23,401.0,7.862745098039215,4.726112460136395,11,267.0,0.09681561708322817,12,311.0,0.29380121374153606,23,578.0
3110.0,23,484.0,9.490196078431373,4.8066691241488435,11,301.0,0.18102823402058846,12,280.0,0.30757717123953293,23,581.0
3115.0,21,393.0,7.705882352941177,4.887262577390049,7,227.0,0.41774952884732997,14,332.0,0.2326690230180926,21,559.0
3120.0,19,442.0,8.666666666666666,5.852945147488997,4,158.0,0.47486681001940106,15,391.0,0.29617827258760204,19,549.0
3125.0,19,365.0,6.636363636363637,5.4388206229768485,3,128.0,0.29492368932925306,16,410.0,0.24767732725601402,19,538.0
3130.0,20,351.0,6.381818181818182,5.762987270617129,2,58.0,0.41126028450360835,18,419.0,0.2051980032937312,20,477.0
3135.0,26,343.0,6.351851851851852,4.89473821342459,5,67.0,0.3302822449822786,21,431.0,0.19789563152653655,26,498.0
3140.0,25,291.0,5.388888888888889,5.196147425530463,7,96.0,0.4181523795916879,18,384.0,0.23923071562507556,25,480.0
3145.0,24,295.0,5.566037735849057,4.2338037620298055,8,95.0,0.41121342008444045,16,424.0,0.21785549925408074,24,519.0
3150.0,28,351.0,6.622641509433962,4.285831488849567,10,135.0,0.39963974635418426,18,432.0,0.14917348689821602,28,567.0
3155.0,29,297.0,5.033898305084746,3.8122725516462643,10,139.0,0.24904874965866997,19,426.0,0.1724719798302767,29,565.0
3160.0,27,295.0,4.836065573770492,5.111064685338092,14,198.0,0.2855879011816673,13,375.0,0.2937934929400791,27,573.0
3165.0,25,290.0,5.0,4.7015442743993034,11,181.0,0.36807450567614736,14,419.0,0.24520833439141734,25,600.0
3170.0,25,317.0,5.112903225806452,4.941864317126695,6,151.0,0.4244185076682797,19,474.0,0.1605864526516303,25,625.0
3175.0,28,411.0,6.629032258064516,4.589311893456869,10,159.0,0.39250790111904404,18,513.0,0.11170375935004256,28,672.0
3180.0,31,504.0,7.753846153846154,5.2446066042073305,15,223.0,0.33825103301779696,16,507.0,0.19926959562397698,31,730.0
3185.0,31,609.0,9.515625,4.03117755051805,15,259.0,0.23180926576116848,16,574.0,0.17191621861372608,31,833.0
3190.0,28,703.0,10.815384615384616,4.525116800856123,11,278.0,0.26786002350816257,17,648.0,0.19835761301680088,28,926.0
3195.0,28,571.0,8.921875,4.2250669911968135,9,243.0,0.24719378539484752,19,609.0,0.19253464531462208,28,852.0
3200.0,28,431.0,6.841269841269841,4.432127081936914,13,221.0,0.1952754938849931,15,529.0,0.18765757730091526,28,750.0
3205.0,28,241.0,3.707692307692308,4.179486728090208,16,222.0,0.18884718976821044,12,502.0,0.2062633224232179,28,724.0
3210.0,31,345.0,5.390625,4.134423613734109,18,241.0,0.15806330442385058,13,462.0,0.2684996017734459,31,703.0
3215.0,35,446.0,6.656716417910448,4.664295346846974,18,282.0,0.14087526834782138,17,541.0,0.3419797715096564,35,823.0
3220.0,23,364.0,5.27536231884058,5.995406002111443,8,248.0,0.31653673404013183,15,579.0,0.3479705685045951,23,827.0
3225.0,22,386.0,5.676470588235294,5.795392222178093,7,253.0,0.39979769303145823,15,601.0,0.21257904479615652,22,854.0
3230.0,27,472.0,6.840579710144928,5.082461768951091,12,262.0,0.3709060109376853,15,672.0,0.17390938950468462,27,934.0
3235.0,35,595.0,8.623188405797102,4.531468637202481,17,282.0,0.24079366104467995,18,747.0,0.22231230112577446,35,1029.0
3240.0,26,664.0,10.709677419354838,4.428594325649325,11,251.0,0.19746639371360591,15,804.0,0.2535194794644351,26,1055.0
3245.0,32,787.0,11.405797101449275,4.191487338422563,15,307.0,0.23130429025563137,17,872.0,0.12282401646231395,32,1179.0
3250.0,38,946.0,14.119402985074627,4.276780627889187,19,371.0,0.2678712363110833,19,960.0,0.22166336569668688,38,1331.0
3255.0,40,1064.0,15.880597014925373,4.020112899499075,21,427.0,0.1975721775022064,19,1053.0,0.27068908158382726,40,1480.0
3260.0,39,1207.0,18.56923076923077,3.7918069122162272,20,467.0,0.14111834245859964,19,1144.0,0.3030830907968389,39,1611.0
3265.0,44,1343.0,19.75,3.052478410303526,20,495.0,0.11563433842931643,24,1255.0,0.24402330226287197,44,1750.0
3270.0,35,1100.0,16.417910447761194,3.506041088762407,12,456.0,0.2184104576607847,23,1190.0,0.21991001744092917,35,1646.0
3275.0,35,944.0,13.681159420289855,3.580949521702568,14,435.0,0.24746655973165685,21,1021.0,0.14785842780982364,35,1456.0
3280.0,39,952.0,13.222222222222221,3.307212249686498,16,378.0,0.25882488687306804,23,1105.0,0.13372088692412223,39,1483.0
3285.0,34,1074.0,14.712328767123287,4.38051737298094,14,395.0,0.32530292649914555,20,1176.0,0.1953571340997752,34,1571.0
3290.0,32,1163.0,16.614285714285714,4.0693064686539655,14,365.0,0.2533999004467026,18,1238.0,0.17138646483443598,32,1603.0
3295.0,39,1319.0,19.115942028985508,3.859236434516713,17,373.0,0.24981501842919862,22,1314.0,0.08192679967375999,39,1687.0
3300.0,40,1449.0,20.7,3.5001229294500726,18,405.0,0.1918358246454624,22,1400.0,0.11013946687661007,40,1805.0
3305.0,37,1519.0,22.671641791044777,3.6111486433615525,18,442.0,0.15735905537927183,19,1456.0,0.2009987491384733,37,1898.0
3310.0,38,1545.0,23.40909090909091,3.8093322598884005,21,448.0,0.09650949856738218,17,1496.0,0.2934459832769805,38,1944.0
3315.0,37,1716.0,26.4,4.226219810667064,20,538.0,0.12677623140457633,17,1569.0,0.32342620274779804,37,2107.0
3320.0,39,1580.0,22.89855072463768,3.4617696756428993,21,608.0,0.12060702031248526,18,1410.0,0.26502184574513254,39,2018.0
3325.0,36,1088.0,15.11111111111111,3.9232685250526322,19,645.0,0.13360223214632913,17,1159.0,0.3431167665728852,36,1804.0
3330.0,30,713.0,9.902777777777779,4.878956975532721,15,600.0,0.2614719362600879,15,933.0,0.36249136917914504,30,1533.0
3335.0,30,644.0,8.702702702702704,5.272627064925851,15,574.0,0.35940259106113326,15,769.0,0.28269844181853904,30,1343.0
3340.0,37,812.0,11.6,4.996248961054944,15,628.0,0.3896830270520199,22,582.0,0.19931425406646444,37,1210.0
3345.0,43,1008.0,14.19718309859155,3.6994454710768006,18,703.0,0.3375251894680915,25,546.0,0.0796779971194794,43,1249.0
3350.0,42,817.0,11.507042253521126,3.0186738310979258,18,608.0,0.253545046289725,24,631.0,0.07765019492667734,42,1239.0
3355.0,36,801.0,11.442857142857143,4.0760628245775585,14,416.0,0.3004069902363083,22,659.0,0.21146619927838164,36,1075.0
3360.0,38,954.0,13.068493150684931,4.112609127487709,15,479.0,0.26694474025429255,23,694.0,0.23730347280975284,38,1173.0
3365.0,41,1136.0,15.146666666666667,4.3657551627500935,18,556.0,0.3177573777725072,23,723.0,0.17069889887542702,41,1279.0
3370.0,43,1084.0,14.849315068493151,3.309059787767879,18,589.0,0.2470689076140783,25,741.0,0.08824601776706494,43,1330.0
3375.0,42,1065.0,14.013157894736842,3.8925961172190555,18,592.0,0.2362147718513881,24,727.0,0.16954650557651538,42,1319.0
3380.0,42,1226.0,15.325,3.069829310262396,19,660.0,0.17985721836487298,23,824.0,0.1821743957401917,42,1484.0
3385.0,47,1446.0,18.53846153846154,3.9512055068785785,22,754.0,0.2955192331067691,25,934.0,0.20934335351070135,47,1688.0
3390.0,44,1295.0,16.1875,3.5216527994631335,19,767.0,0.2805059312611981,25,916.0,0.14199310418211675,44,1683.0
3395.0,43,935.0,11.402439024390244,4.169014261483829,21,795.0,0.2679642314102479,22,769.0,0.15876511964075213,43,1564.0
3400.0,31,586.0,6.976190476190476,3.6338926984004676,21,698.0,0.1784536206027032,10,753.0,0.19492534017443927,31,1451.0
3405.0,33,375.0,4.3604651162790695,4.809760085345666,19,564.0,0.25838333155478405,14,773.0,0.23387688184654082,33,1337.0
3410.0,38,422.0,4.906976744186046,4.022473971875555,18,611.0,0.2188607396924723,20,852.0,0.18876316751396446,38,1463.0
3415.0,47,561.0,6.6,3.4100678733378613,19,635.0,0.22341714875969815,28,966.0,0.09596661248539137,47,1601.0
3420.0,53,673.0,7.91764705882353,2.978786734488074,21,692.0,0.1772181884967504,32,963.0,0.09169486472794593,53,1655.0
3425.0,44,726.0,8.44186046511628,4.120999094478248,22,754.0,0.21027086196593564,22,804.0,0.17723755174837558,44,1558.0
3430.0,35,676.0,8.047619047619047,4.069924331948075,21,746.0,0.1332953619559361,14,737.0,0.2596305170835138,35,1483.0
3435.0,30,664.0,7.904761904761905,4.272396285011444,18,676.0,0.12121032226836793,12,768.0,0.2686080043979222,30,1444.0
3440.0,33,423.0,5.035714285714286,3.8349430577261034,18,643.0,0.20672866196327344,15,699.0,0.22088226170268227,33,1342.0
3445.0,39,383.0,4.453488372093023,4.083329958996265,14,549.0,0.27671051071409536,25,627.0,0.19673946575157936,39,1176.0
3450.0,47,455.0,5.290697674418604,3.4471531611643687,15,544.0,0.24486941690254213,32,756.0,0.19161291626217683,47,1300.0
3455.0,48,583.0,6.940476190476191,3.394868348487622,14,491.0,0.2350100049167,34,899.0,0.14448114612273424,48,1390.0
3460.0,51,716.0,8.325581395348838,3.0731309473486292,17,493.0,0.2273924315525681,34,928.0,0.08520079060155993,51,1421.0
3465.0,50,700.0,7.954545454545454,3.336263141543641,21,529.0,0.14016160172034065,29,849.0,0.1435779477411672,50,1378.0
3470.0,42,677.0,7.964705882352941,3.4665025036953976,22,592.0,0.10317993630743172,20,774.0,0.2450596207544454,42,1366.0
3475.0,29,641.0,7.630952380952381,4.631037202772258,14,615.0,0.17194804431387695,15,662.0,0.2783252520727307,29,1277.0
3480.0,27,509.0,6.059523809523809,4.87099920238882,14,583.0,0.19962418023311862,13,625.0,0.2570414852451895,27,1208.0
3485.0,35,545.0,6.566265060240964,4.326959696366823,19,613.0,0.1493760412071999,16,581.0,0.26778695305471617,35,1194.0
3490.0,43,630.0,7.590361445783133,3.6074850765545534,19,591.0,0.22201864365617324,24,634.0,0.178086770911719,43,1225.0
3495.0,40,568.0,6.843373493975903,3.9097521582046384,14,491.0,0.27266337878856317,26,669.0,0.1789505679967573,40,1160.0
3500.0,37,579.0,6.892857142857143,4.010914306286868,13,514.0,0.2480709740699662,24,650.0,0.17541754193942194,37,1164.0
3505.0,32,592.0,6.964705882352941,4.698147544381339,11,490.0,0.2708675370324788,21,623.0,0.17845348540225672,32,1113.0
3510.0,30,468.0,5.571428571428571,4.929278766454338,14,486.0,0.24394851942747114,16,553.0,0.21965770062683446,30,1039.0
3515.0,30,442.0,5.525,5.070971810362041,14,455.0,0.25907686384221573,16,511.0,0.2593680727193211,30,966.0
3520.0,34,366.0,4.753246753246753,3.5338172857010552,13,424.0,0.2188882796980438,21,484.0,0.16890837343262016,34,908.0
3525.0,37,392.0,5.226666666666667,3.9606138622920724,12,329.0,0.3536626685586454,25,508.0,0.1360866422385127,37,837.0
3530.0,39,462.0,5.775,3.522248925946188,12,341.0,0.2518815950632455,27,571.0,0.16840720189995778,39,912.0
3535.0,32,429.0,5.3625,4.481536217776179,11,314.0,0.2483977167683717,21,557.0,0.2274979063556894,32,871.0
3540.0,28,480.0,6.153846153846154,5.530337143716474,11,340.0,0.31491994858478894,17,552.0,0.24991139069443144,28,892.0
3545.0,28,482.0,6.17948717948718,5.219437691554735,12,321.0,0.206712312186514,16,529.0,0.22078159809439143,28,850.0
3550.0,36,604.0,8.053333333333333,4.379112476115859,15,320.0,0.24882584918077344,21,594.0,0.1876767758133661,36,914.0
3555.0,38,577.0,8.242857142857142,3.8879542375661686,13,378.0,0.2763122483322551,25,606.0,0.18187978418036727,38,984.0
3560.0,34,597.0,9.045454545454545,4.497109383193265,12,408.0,0.3357719332796616,22,573.0,0.18471786328934278,34,981.0
3565.0,32,559.0,8.734375,3.5733245449876776,9,335.0,0.27956153351666957,23,600.0,0.03778779494679889,32,935.0
3570.0,31,533.0,8.46031746031746,5.015183780694207,8,273.0,0.45020799232200864,23,634.0,0.09643209920411686,31,907.0
3575.0,26,520.0,8.813559322033898,4.304091935435746,6,267.0,0.3483212722730859,20,650.0,0.15785087709720994,26,917.0
3580.0,24,374.0,6.032258064516129,4.785426333188644,9,267.0,0.24274106893359512,15,574.0,0.20200249551080524,24,841.0
3585.0,20,382.0,6.47457627118644,5.003718090774414,11,301.0,0.26190209728019404,9,510.0,0.2675107409993029,20,811.0
3590.0,25,460.0,7.796610169491525,5.143529392851794,11,337.0,0.3550074213909212,14,495.0,0.20026511311057507,25,832.0
3595.0,25,337.0,6.127272727272727,3.917058410898981,8,185.0,0.35068333863938067,17,494.0,0.1462283071473594,25,679.0
3600.0,21,395.0,6.9298245614035086,5.586657421174888,10,180.0,0.35372396075097323,11,439.0,0.2694003525308701,21,619.0
3605.0,16,300.0,5.454545454545454,5.794931973818221,10,204.0,0.17700458469169103,6,308.0,0.4355907131453593,16,512.0
3610.0,22,362.0,6.241379310344827,6.391415764228998,13,257.0,0.33586671030126664,9,259.0,0.37448572646744327,22,516.0
3615.0,20,391.0,7.109090909090909,5.533386824921447,8,270.0,0.4575195162790534,12,285.0,0.2999861971373976,20,555.0
3620.0,26,497.0,8.719298245614034,5.238818733916066,9,280.0,0.42505577850295834,17,360.0,0.26399141231452794,26,640.0
3625.0,27,544.0,9.543859649122806,4.241421405011128,9,304.0,0.2857254151702503,18,407.0,0.22859165933265005,27,711.0
3630.0,26,619.0,10.859649122807017,4.627823526012814,13,351.0,0.13745475043576313,13,408.0,0.3126193189546357,26,759.0
3635.0,28,672.0,12.679245283018869,4.174426341058499,14,410.0,0.07266004055601463,14,417.0,0.2696229340838511,28,827.0
3640.0,25,713.0,13.203703703703704,5.232245273573192,16,487.0,0.16256951360226451,9,398.0,0.3610525585344237,25,885.0
3645.0,24,607.0,11.452830188679245,3.9855554332902523,12,516.0,0.2733373587120993,12,327.0,0.14666973941823122,24,843.0
3650.0,25,520.0,9.81132075471698,5.096976036686485,10,497.0,0.42101024743228826,15,225.0,0.1552963981502007,25,722.0
3655.0,20,364.0,6.7407407407407405,4.534397260899907,6,364.0,0.37193825358789584,14,283.0,0.15617285686065882,20,647.0
3660.0,25,259.0,4.796296296296297,4.907702495634551,7,206.0,0.32907084365334033,18,371.0,0.20252207201250969,25,577.0
3665.0,23,332.0,6.036363636363636,3.9597456011200522,6,208.0,0.27005720793996624,17,409.0,0.21898414648753603,23,617.0
3670.0,21,378.0,6.406779661016949,5.431453007258709,5,205.0,0.3727884845369788,16,439.0,0.26535260728895116,21,644.0
3675.0,22,366.0,6.1,5.38906226480828,7,227.0,0.46856331917932603,15,429.0,0.21022293205734724,22,656.0
3680.0,25,400.0,6.451612903225806,5.99025786405022,10,270.0,0.4156190944249166,15,361.0,0.2342687270940352,25,631.0
3685.0,29,368.0,5.935483870967742,4.991976091363812,15,330.0,0.3367948169146714,14,346.0,0.18078315221634803,29,676.0
3690.0,24,299.0,4.746031746031746,5.089320143126748,14,310.0,0.2735730097541772,10,240.0,0.2606721271385048,24,550.0
3695.0,21,263.0,4.383333333333334,5.400455123687354,13,250.0,0.2543380123019309,8,236.0,0.31327545848370997,21,486.0
3700.0,24,289.0,4.737704918032787,4.840985218404069,12,260.0,0.1486427444866591,12,257.0,0.3113931239436425,24,517.0
3705.0,23,291.0,4.693548387096774,4.9236264695159475,9,237.0,0.2946821312127229,14,273.0,0.22432958358102995,23,510.0
3710.0,18,221.0,3.622950819672131,5.730408822883848,9,193.0,0.39186795413959513,9,248.0,0.238977009163179,18,441.0
3715.0,22,299.0,4.746031746031746,6.701323685838549,12,203.0,0.3338947252002141,10,275.0,0.35751480806727876,22,478.0
3720.0,21,286.0,5.296296296296297,5.960638762123751,12,216.0,0.18814329476728495,9,249.0,0.41913991926502275,21,465.0
3725.0,19,314.0,6.1568627450980395,5.979495342300783,11,206.0,0.284099935467051,8,216.0,0.3511269665774679,19,422.0
3730.0,20,222.0,4.44,4.927996334861249,11,230.0,0.2954541868209534,9,153.0,0.15384233690328897,20,383.0
3735.0,25,302.0,6.291666666666667,5.232098383467304,13,274.0,0.33517575384821024,12,121.0,0.24755502768399065,25,395.0
3740.0,22,381.0,7.775510204081633,4.96749857676533,14,340.0,0.2407696098844761,8,149.0,0.3656259694199137,22,489.0
3745.0,23,398.0,7.653846153846154,5.026986816373846,15,349.0,0.15892160284206458,8,164.0,0.44573078292135443,23,513.0
3750.0,24,334.0,6.30188679245283,5.528330849370896,15,312.0,0.18616492893004483,9,163.0,0.4549848045006911,24,475.0
3755.0,21,315.0,5.833333333333333,5.409859252241055,12,320.0,0.287807232790081,9,139.0,0.3642838214277999,21,459.0
3760.0,16,268.0,5.36,5.984741452244103,10,291.0,0.39208884740276595,6,113.0,0.37983869229668366,16,404.0
3765.0,17,170.0,3.3333333333333335,6.302757896534186,10,255.0,0.352641029885549,7,81.0,0.4411207962066484,17,336.0
3770.0,19,209.0,3.8703703703703702,5.872544074224188,13,216.0,0.24343218835804017,6,101.0,0.4207665844899452,19,317.0
3775.0,21,257.0,4.7592592592592595,5.471570029384629,14,227.0,0.16061333302109682,7,117.0,0.4509119023473048,21,344.0
3780.0,25,350.0,6.481481481481482,5.644844547533181,15,245.0,0.21687499987898895,10,166.0,0.45241809313452636,25,411.0
3785.0,24,364.0,6.5,4.691054164565668,14,256.0,0.23794237141423,10,183.0,0.2972793792896182,24,439.0
3790.0,22,396.0,7.615384615384615,5.548802553260637,9,247.0,0.3298964623272484,13,214.0,0.31714823561084365,22,461.0
3795.0,22,242.0,4.481481481481482,4.698724279032479,10,206.0,0.3120173209869975,12,185.0,0.19074244273192337,22,391.0
3800.0,24,284.0,5.071428571428571,5.831624539030499,9,181.0,0.4313455495120482,15,208.0,0.24429134905614958,24,389.0
3805.0,21,300.0,5.357142857142857,5.434443597961413,9,200.0,0.3447657943978267,12,230.0,0.3590261519182168,21,430.0
3810.0,22,348.0,6.327272727272727,5.492969029574295,10,228.0,0.3399092781276231,12,256.0,0.32407755989972314,22,484.0
3815.0,25,357.0,6.0508474576271185,5.005668795697069,12,277.0,0.32914786740521185,13,261.0,0.1733961585511573,25,538.0
3820.0,22,282.0,4.622950819672131,5.705296712480521,12,255.0,0.33190273370696594,10,206.0,0.2270716975296982,22,461.0
3825.0,20,243.0,4.11864406779661,6.171506522448879,12,252.0,0.30425427755633494,8,187.0,0.3626924983850893,20,439.0
3830.0,28,326.0,5.433333333333334,4.704262662818575,15,301.0,0.1812583837836354,13,222.0,0.3162866628964096,28,523.0
3835.0,25,400.0,7.017543859649122,5.225279713489907,13,336.0,0.2875471344979647,12,240.0,0.27646026354766035,25,576.0
3840.0,23,349.0,6.232142857142857,5.253308107956229,10,306.0,0.3368977487341732,13,237.0,0.24776840471662964,23,543.0
3845.0,23,383.0,6.719298245614035,5.02058051160493,10,317.0,0.33244524156476424,13,229.0,0.19567703927043678,23,546.0
3850.0,22,397.0,7.351851851851852,4.889816551784806,11,323.0,0.18229109290986137,11,200.0,0.34797396728065566,22,523.0
3855.0,30,423.0,7.553571428571429,4.332873102515955,17,376.0,0.12615683831383193,13,189.0,0.3270547305489469,30,565.0
3860.0,28,365.0,6.4035087719298245,4.887943620953656,15,323.0,0.23676916385974928,13,208.0,0.3330319471414806,28,531.0
3865.0,27,346.0,5.864406779661017,4.729140293965331,12,238.0,0.30022806303845473,15,243.0,0.2867602022452479,27,481.0
3870.0,29,370.0,5.967741935483871,4.756669102084925,11,242.0,0.3391068192706664,18,285.0,0.2605166015447511,29,527.0
3875.0,25,322.0,5.111111111111111,4.938878611919361,7,196.0,0.3509196061909984,18,321.0,0.21862718169941484,25,517.0
3880.0,20,272.0,4.317460317460317,4.761910257569878,6,174.0,0.3364087032453538,14,312.0,0.18480158491767817,20,486.0
3885.0,23,295.0,4.609375,5.229840257795137,11,197.0,0.265727109588825,12,309.0,0.2561931536290513,23,506.0
3890.0,28,241.0,3.765625,4.683803101368108,12,218.0,0.3059264788278028,16,295.0,0.23746737600371814,28,513.0
3895.0,20,268.0,4.1875,4.9380125862823565,7,181.0,0.36791857600462746,13,331.0,0.23064154201271542,20,512.0
3900.0,18,235.0,3.9166666666666665,5.0327966751341044,8,149.0,0.3019804897816969,10,335.0,0.2262128828383991,18,484.0
3905.0,26,276.0,4.451612903225806,4.698562771829992,11,174.0,0.19335380899042406,15,369.0,0.2371175425369919,26,543.0
3910.0,28,327.0,5.274193548387097,4.5662315244715925,10,196.0,0.24461193812229082,18,394.0,0.2015436252143763,28,590.0
3915.0,29,415.0,6.693548387096774,4.331416168357608,10,195.0,0.385646548104427,19,459.0,0.12311493360224923,29,654.0
3920.0,24,459.0,7.403225806451613,5.156172632613552,8,193.0,0.40999450391446324,16,507.0,0.17274645510274608,24,700.0
3925.0,27,430.0,6.515151515151516,5.064751437422095,12,249.0,0.29945722473265907,15,487.0,0.19772574457272532,27,736.0
3930.0,35,547.0,8.415384615384616,4.93387540320835,16,294.0,0.2782201932704345,19,494.0,0.23386849667843645,35,788.0
3935.0,29,603.0,9.725806451612904,4.504980244308269,12,338.0,0.2796661809643696,17,554.0,0.24822662768858023,29,892.0
3940.0,25,652.0,10.03076923076923,5.002995023173333,11,358.0,0.2392096702944617,14,580.0,0.3167738648114796,25,938.0
3945.0,26,646.0,9.787878787878787,5.161603731570118,12,361.0,0.19439495870022896,14,566.0,0.29182930379648486,26,927.0
3950.0,28,544.0,8.119402985074627,5.59149876484911,14,403.0,0.24637323250464316,14,475.0,0.2498809447791091,28,878.0
3955.0,24,443.0,6.514705882352941,5.690765029378973,13,420.0,0.3226280117889769,11,456.0,0.21509350201261662,24,876.0
3960.0,23,481.0,7.4,5.665227473562664,11,423.0,0.38565305029718017,12,442.0,0.22988476508270972,23,865.0
3965.0,24,298.0,4.584615384615384,4.680168887559053,10,281.0,0.39441092814987927,14,470.0,0.1861872201065532,24,751.0
3970.0,30,276.0,3.887323943661972,5.413407987020059,11,178.0,0.3958066513038648,19,505.0,0.24715754334905038,30,683.0
3975.0,31,339.0,4.6438356164383565,4.992835685761433,14,213.0,0.219533415950754,17,504.0,0.31369801002736436,31,717.0
3980.0,29,388.0,5.243243243243243,5.566167488347234,13,253.0,0.2850191246534043,16,440.0,0.31425156693745826,29,693.0
3985.0,26,367.0,5.027397260273973,4.769964218810494,14,276.0,0.2658064160382833,12,454.0,0.24512811171821292,26,730.0
3990.0,33,451.0,6.178082191780822,4.48829819929328,16,297.0,0.2926173362814349,17,492.0,0.20699217509217008,33,789.0
3995.0,32,399.0,5.465753424657534,4.3152440808483545,14,292.0,0.29238263969457473,18,533.0,0.21346591779198107,32,825.0
4000.0,35,482.0,6.513513513513513,4.281869378137317,19,302.0,0.2294758351644738,16,538.0,0.22671828193944027,35,840.0
4005.0,35,405.0,5.785714285714286,3.743675580147766,20,314.0,0.1378151893573463,15,501.0,0.26689885469579594,35,815.0
4010.0,43,583.0,8.097222222222221,4.062580360587372,24,380.0,0.1083126132971207,19,519.0,0.2512983041884154,43,899.0
4015.0,42,625.0,8.680555555555555,3.449981396332584,20,432.0,0.22791851586161002,22,532.0,0.15329350304125133,42,964.0
4020.0,31,441.0,6.3,4.1223959008353575,11,390.0,0.29995471053198536,20,477.0,0.1563168501306968,31,867.0
4025.0,29,438.0,6.169014084507042,3.6676290823223763,9,401.0,0.28451560693255645,20,518.0,0.09443950247800621,29,919.0
4030.0,31,460.0,6.301369863013699,4.461179706176823,15,446.0,0.27842478332468995,16,511.0,0.18946760418795433,31,957.0
4035.0,31,325.0,4.513888888888889,4.268076071244916,17,438.0,0.20963702207879012,14,508.0,0.23731232492838863,31,946.0
4040.0,37,329.0,4.328947368421052,4.212890415658501,21,427.0,0.15958978644418295,16,477.0,0.24133639058012032,37,904.0
4045.0,35,403.0,5.233766233766234,4.136722701676309,18,429.0,0.24892164252171936,17,513.0,0.22821535930252296,35,942.0
4050.0,25,328.0,4.315789473684211,4.679974155131024,13,343.0,0.30117162101291284,12,493.0,0.1690877680345581,25,836.0
4055.0,24,327.0,4.36,5.304998110085461,10,279.0,0.39414816210927034,14,483.0,0.16305217478531758,24,762.0
4060.0,28,362.0,4.891891891891892,5.215283250448521,12,263.0,0.33331680270200387,16,420.0,0.16290976625153394,28,683.0
4065.0,33,349.0,4.847222222222222,3.870491400163321,18,324.0,0.2138036551321576,15,408.0,0.16996761631664498,33,732.0
4070.0,39,507.0,7.041666666666667,4.056051577876405,23,407.0,0.2263075591306759,16,429.0,0.2425638796409748,39,836.0
4075.0,37,525.0,7.291666666666667,4.357181358529476,23,457.0,0.2648484364048243,14,440.0,0.2789816011944184,37,897.0
4080.0,35,550.0,7.4324324324324325,4.1420291900785475,24,520.0,0.15651926904192306,11,390.0,0.30235239368609035,35,910.0
4085.0,38,611.0,8.146666666666667,3.7362967693269487,26,597.0,0.09562233533634738,12,325.0,0.27482100533262266,38,922.0
4090.0,35,641.0,8.662162162162161,5.180669540984431,21,616.0,0.16631756636709033,14,307.0,0.37036186864174603,35,923.0
4095.0,34,604.0,8.162162162162161,4.322365644784898,21,597.0,0.20039225793438167,13,288.0,0.21085697743766973,34,885.0
4100.0,42,491.0,6.4605263157894735,3.957043207142908,23,631.0,0.2104565165150763,19,264.0,0.1702928834683054,42,895.0
4105.0,35,416.0,5.402597402597403,4.0354993938558525,20,704.0,0.24592534835620897,15,275.0,0.2129603443533927,35,979.0
4110.0,32,439.0,5.628205128205129,4.765386477857381,22,753.0,0.24002486554670405,10,250.0,0.36122652949756295,32,1003.0
4115.0,36,529.0,6.9605263157894735,3.8045648841883812,26,812.0,0.14593437881649168,10,277.0,0.38653698905017686,36,1089.0
4120.0,42,588.0,7.7368421052631575,3.461261639833788,25,820.0,0.14163116426727385,17,353.0,0.25473729459057964,42,1173.0
4125.0,39,612.0,7.846153846153846,3.000944909027292,21,840.0,0.14987033359337096,18,408.0,0.16539800285426967,39,1248.0
4130.0,41,702.0,8.560975609756097,3.4828844007671327,27,857.0,0.10975899657430037,14,423.0,0.24653963516220556,41,1280.0
4135.0,43,676.0,8.047619047619047,4.161041595644797,31,973.0,0.12803561426062632,12,364.0,0.3264736009554617,43,1337.0
4140.0,44,696.0,8.285714285714286,4.463223374627871,33,1099.0,0.15904460666947828,11,250.0,0.36762688894587686,44,1349.0
4145.0,45,765.0,9.216867469879517,3.625401654526187,32,1184.0,0.18405674720275672,13,247.0,0.2610590597486533,45,1431.0
4150.0,40,734.0,9.41025641025641,3.377132247103888,26,1181.0,0.19692123802415099,14,259.0,0.16774493077919644,40,1440.0
4155.0,41,824.0,10.3,3.362477963762133,23,1190.0,0.20537813530189827,18,298.0,0.07349651350647526,41,1488.0
4160.0,34,744.0,9.662337662337663,4.21958849703284,20,1098.0,0.1929104701700734,14,296.0,0.19776867550931676,34,1394.0
4165.0,36,579.0,7.931506849315069,3.5997428493517964,21,925.0,0.12318255822316582,15,333.0,0.18865447387078246,36,1258.0
4170.0,40,566.0,7.447368421052632,3.7503687886797423,23,928.0,0.11032857124811357,17,411.0,0.2155834936602723,40,1339.0
4175.0,37,589.0,7.64935064935065,4.502680775332069,23,861.0,0.20689432452306364,14,387.0,0.2673461264129795,37,1248.0
4180.0,32,606.0,8.301369863013699,4.925489035499013,23,819.0,0.2631655126961843,9,299.0,0.3880436043550674,32,1118.0
4185.0,37,776.0,10.486486486486486,4.537885875577942,26,821.0,0.2261626934411472,11,261.0,0.3277866254743776,37,1082.0
4190.0,40,769.0,10.253333333333334,3.3360761162350494,29,868.0,0.20631394081865326,11,254.0,0.19124976813778996,40,1122.0
4195.0,32,641.0,8.43421052631579,3.7784376260565513,24,856.0,0.1256861226199953,8,214.0,0.29248162032129776,32,1070.0
4200.0,31,700.0,9.210526315789474,5.153172501795494,23,853.0,0.18379880066773369,8,229.0,0.41042623192427596,31,1082.0
4205.0,27,708.0,9.44,6.144105488233587,19,827.0,0.2849435571827737,8,190.0,0.35452952459756837,27,1017.0
4210.0,32,792.0,11.478260869565217,5.321080636762507,21,871.0,0.2786820966775201,11,121.0,0.24226733986383378,32,992.0
4215.0,34,828.0,12.0,3.8780189617227263,21,879.0,0.2119033892730794,13,150.0,0.08096016139410263,34,1029.0
4220.0,32,888.0,13.454545454545455,4.6148881478380295,20,878.0,0.27682905547461456,12,175.0,0.1870669005131313,32,1053.0
4225.0,29,631.0,9.417910447761194,4.351100745805313,20,790.0,0.2768037339408031,9,187.0,0.2419157451338405,29,977.0
4230.0,30,668.0,9.408450704225352,4.537405923507692,24,742.0,0.14464091411878457,6,147.0,0.4117480923768614,30,889.0
4235.0,32,755.0,10.342465753424657,4.8502660080231905,25,819.0,0.1120570153968138,7,154.0,0.49363469766937673,32,973.0
4240.0,24,665.0,8.986486486486486,5.910745140363869,20,843.0,0.18536111273940437,4,90.0,0.5870268038738946,24,933.0
4245.0,24,530.0,7.361111111111111,5.988006264975768,18,759.0,0.2452236557347506,6,82.0,0.5167710519321155,24,841.0
4250.0,26,330.0,4.714285714285714,5.352529624415311,18,668.0,0.25384836148811907,8,118.0,0.3593437390371563,26,786.0
4255.0,35,428.0,6.114285714285714,4.395811355037148,22,631.0,0.21036826979303802,13,175.0,0.3815526639583288,35,806.0
4260.0,33,527.0,6.934210526315789,4.595284327766078,23,644.0,0.23043808461039614,10,198.0,0.43431869995340355,33,842.0
4265.0,34,576.0,7.2,4.661095024304393,26,687.0,0.22993178038415785,8,196.0,0.41203230864351637,34,883.0
4270.0,36,517.0,6.304878048780488,4.409724044473649,25,700.0,0.23396758509932397,11,197.0,0.3363532066838001,36,897.0
4275.0,46,692.0,8.337349397590362,3.7877149617767887,32,784.0,0.18232843557569334,14,185.0,0.2511113515158432,46,969.0
4280.0,45,772.0,9.08235294117647,3.1495236276937106,31,830.0,0.19076890395946225,14,230.0,0.17067059557555705,45,1060.0
4285.0,45,916.0,10.528735632183908,3.554892292909141,32,894.0,0.10948103686449172,13,273.0,0.2754897266294051,45,1167.0
4290.0,50,848.0,9.422222222222222,3.717943158743137,36,958.0,0.0498557689086969,14,225.0,0.3433536982864288,50,1183.0
4295.0,41,623.0,7.079545454545454,4.272935477153103,28,908.0,0.07959859096940121,13,234.0,0.3520752300510196,41,1142.0
4300.0,37,614.0,7.309523809523809,4.134834961468948,22,853.0,0.1694826986874807,15,282.0,0.2504038356118231,37,1135.0
4305.0,33,651.0,7.843373493975903,4.020614791204012,18,822.0,0.1919829680586264,15,311.0,0.14902389830082596,33,1133.0
4310.0,33,594.0,7.518987341772152,4.071693705825254,18,849.0,0.15541898257193698,15,307.0,0.21117324517121894,33,1156.0
4315.0,40,641.0,8.217948717948717,3.7889462694721794,21,842.0,0.1505240102906668,19,350.0,0.1981388072332312,40,1192.0
4320.0,43,522.0,6.525,3.2930759698234366,23,829.0,0.18653854859485375,20,395.0,0.16684229034507458,43,1224.0
4325.0,40,570.0,7.3076923076923075,3.87307975914218,23,854.0,0.18239588330331424,17,389.0,0.2818938972457513,40,1243.0
4330.0,37,541.0,6.935897435897436,4.150431284041891,20,785.0,0.22508312101157366,17,426.0,0.23554395365095657,37,1211.0
4335.0,26,501.0,6.341772151898734,4.479215877901851,16,722.0,0.15889881132794825,10,396.0,0.22948258163293017,26,1118.0
4340.0,25,526.0,6.658227848101266,5.588277251357441,16,719.0,0.22645805764881546,9,345.0,0.25953021279758504,25,1064.0
4345.0,30,549.0,7.038461538461538,5.959559297020269,18,761.0,0.2501555127031167,12,298.0,0.26028130403566924,30,1059.0
4350.0,29,464.0,6.444444444444445,5.016084055380954,14,705.0,0.2777517495172237,15,318.0,0.16550186975148445,29,1023.0
4355.0,26,474.0,6.676056338028169,5.744325844381615,14,613.0,0.34750293359517725,12,310.0,0.22703271285260299,26,923.0
4360.0,25,548.0,7.942028985507246,4.917249297180246,13,658.0,0.28168796530781376,12,319.0,0.22398276610348694,25,977.0
4365.0,32,675.0,9.642857142857142,5.416250001305621,16,727.0,0.2773027438537788,16,325.0,0.21895944068452483,32,1052.0
4370.0,30,642.0,9.727272727272727,4.5658238545364265,16,677.0,0.25491939974407124,14,360.0,0.1646965608933851,30,1037.0
4375.0,29,626.0,9.936507936507937,4.963007912271144,13,564.0,0.22944093417348913,16,417.0,0.22160177992394772,29,981.0
4380.0,27,618.0,10.3,4.642495736604787,13,593.0,0.25828713224136135,14,432.0,0.27766219467074493,27,1025.0
4385.0,25,631.0,10.516666666666667,5.11974537968452,17,626.0,0.15453193761575681,8,384.0,0.30441087985130205,25,1010.0
4390.0,24,464.0,8.0,4.6379648609863695,16,592.0,0.024207893565451975,8,314.0,0.4132041975911526,24,906.0
4395.0,24,258.0,4.3,5.651221004232999,15,483.0,0.1448228646325184,9,220.0,0.4421793077847913,24,703.0
4400.0,25,310.0,5.43859649122807,4.383441873732305,12,444.0,0.20476218765117757,13,257.0,0.33625141212472615,25,701.0
4405.0,31,396.0,6.6,4.426494393697953,13,401.0,0.23184605024963903,18,339.0,0.2846433861535432,31,740.0
4410.0,29,354.0,5.709677419354839,3.6130033909598076,12,395.0,0.1815208456751783,17,372.0,0.2463112892260275,29,767.0
4415.0,17,246.0,4.032786885245901,5.030157480603542,5,322.0,0.29027998084072254,12,356.0,0.2587742809302148,17,678.0
4420.0,20,214.0,3.5081967213114753,5.377697680512715,7,280.0,0.39189705351142073,13,327.0,0.21128209241546503,20,607.0
4425.0,25,290.0,4.67741935483871,5.321528241843004,7,296.0,0.34604989586750207,18,336.0,0.1563649549823296,25,632.0
4430.0,28,386.0,6.433333333333334,5.377364535273532,9,338.0,0.31829160408004964,19,374.0,0.2135213147038431,28,712.0
4435.0,22,439.0,7.9818181818181815,5.51969122568387,11,386.0,0.2562617418160125,11,376.0,0.3058155846952288,22,762.0
4440.0,21,359.0,6.903846153846154,4.14240007552687,9,305.0,0.175106298883821,12,314.0,0.17108086057643968,21,619.0
4445.0,25,308.0,6.03921568627451,4.6340305609369254,8,233.0,0.3154770890173464,17,284.0,0.1596906580032366,25,517.0
4450.0,23,355.0,6.69811320754717,4.7742380468803285,9,246.0,0.3715188120450926,14,321.0,0.2366698508722717,23,567.0
4455.0,23,427.0,7.907407407407407,5.435141021268705,9,291.0,0.3917960496205387,14,319.0,0.24692113832005796,23,610.0
4460.0,17,256.0,4.7407407407407405,4.854535073905618,6,210.0,0.2741716362331377,11,278.0,0.27121967266943237,17,488.0
4465.0,21,243.0,4.2631578947368425,5.8999159312642835,9,127.0,0.3784032938972359,12,297.0,0.2908135312047711,21,424.0
4470.0,22,229.0,4.017543859649122,5.0870319568948705,7,128.0,0.3336420498014661,15,333.0,0.2981632940051971,22,461.0
4475.0,22,283.0,5.053571428571429,5.9542411145531515,8,130.0,0.42344453138113847,14,342.0,0.29659404343924184,22,472.0
4480.0,22,289.0,4.898305084745763,5.073945234919656,8,144.0,0.3983197278448154,14,351.0,0.25163252440275946,22,495.0
4485.0,26,374.0,6.233333333333333,5.199181584492733,10,165.0,0.3496242016055533,16,377.0,0.23078149581422638,26,542.0
4490.0,26,452.0,7.793103448275862,4.727538702657101,8,196.0,0.3428113179025569,18,443.0,0.20285582854391462,26,639.0
4495.0,23,534.0,9.206896551724139,5.831651761550576,8,218.0,0.377258917449969,15,495.0,0.24480948736129907,23,713.0
4500.0,23,461.0,8.087719298245615,4.901727392287827,9,205.0,0.3047006244235292,14,476.0,0.16805591140255322,23,681.0
4505.0,27,359.0,6.189655172413793,5.327317303726392,12,211.0,0.24977104689259294,15,403.0,0.2686416290170775,27,614.0
4510.0,22,208.0,3.9245283018867925,4.470332679318282,10,168.0,0.2844767719410567,12,391.0,0.26239207344734483,22,559.0
4515.0,23,293.0,5.528301886792453,5.091210806735022,10,134.0,0.42574578859684165,13,376.0,0.22729683796054762,23,510.0
4520.0,22,241.0,4.381818181818182,4.73808704731744,7,141.0,0.37807214582992593,15,389.0,0.25714902873158313,22,530.0
4525.0,15,237.0,4.471698113207547,5.97325389339774,5,106.0,0.3980605650465605,10,367.0,0.2613018339362361,15,473.0
4530.0,21,267.0,4.767857142857143,4.626275065879891,7,112.0,0.19096658020593701,14,355.0,0.21421438093645326,21,467.0
4535.0,27,312.0,5.473684210526316,4.429000621936878,13,166.0,0.16990222648154674,14,299.0,0.22973209650513998,27,465.0
4540.0,24,353.0,6.537037037037037,4.476071903759324,14,206.0,0.257654191729662,10,329.0,0.3055123901908056,24,535.0
4545.0,15,359.0,6.648148148148148,5.548738644571281,5,201.0,0.3915067180356384,10,321.0,0.2571318072263244,15,522.0
4550.0,20,351.0,6.882352941176471,5.993177290631498,6,202.0,0.3790690246987059,14,324.0,0.11460430026195359,20,526.0
4555.0,18,370.0,7.551020408163265,6.862862545850791,6,220.0,0.4330587125799744,12,276.0,0.1671883009811501,18,496.0
4560.0,19,410.0,9.318181818181818,5.864886460570731,8,253.0,0.411645206905884,11,271.0,0.1497370703211445,19,524.0
4565.0,16,407.0,10.435897435897436,5.844226132439322,8,296.0,0.4562679633323542,8,245.0,0.23013063595067548,16,541.0
4570.0,12,211.0,5.410256410256411,4.768344413160926,6,213.0,0.38199091785682676,6,250.0,0.20325985847993192,12,463.0
4575.0,15,190.0,5.0,5.454445936406715,5,48.0,0.3921901469142947,10,285.0,0.22080405569554085,15,333.0
4580.0,18,250.0,6.410256410256411,5.10807174076423,9,81.0,0.10209844261894738,9,292.0,0.30605565122941875,18,373.0
4585.0,18,314.0,7.136363636363637,5.624738348348107,10,131.0,0.19528123759098379,8,263.0,0.33147634903420553,18,394.0
4590.0,16,227.0,5.159090909090909,5.0608682144248265,7,142.0,0.3394314238209389,9,220.0,0.3174027070162079,16,362.0
4595.0,14,236.0,5.2444444444444445,6.89609540285908,6,138.0,0.5486604181920421,8,191.0,0.37990058419310135,14,329.0
4600.0,14,142.0,3.0869565217391304,6.247721901539482,5,109.0,0.47236327500496234,9,178.0,0.36136692335476034,14,287.0
4605.0,14,150.0,3.409090909090909,6.558849752169217,4,68.0,0.46363682704669673,10,162.0,0.3427988540796199,14,230.0
4610.0,20,230.0,4.8936170212765955,5.32954818310847,8,92.0,0.38016989772198495,12,204.0,0.18545116062181127,20,296.0
4615.0,19,253.0,5.270833333333333,5.338231409200136,6,104.0,0.3489940595394613,13,225.0,0.2108125110765017,19,329.0
4620.0,18,266.0,5.428571428571429,5.428799336458727,8,129.0,0.3185297721603072,10,217.0,0.26553311112061617,18,346.0
4625.0,17,169.0,3.4489795918367347,5.374707196470515,9,91.0,0.3217884675541363,8,205.0,0.38363374487785745,17,296.0
4630.0,21,248.0,4.862745098039215,5.734872200313421,10,122.0,0.2806795631573268,11,205.0,0.40930777037297483,21,327.0
4635.0,22,215.0,4.3,5.468848162814031,13,145.0,0.21384211138334377,9,197.0,0.40005765151929973,22,342.0
4640.0,21,301.0,6.02,5.940584716805133,13,216.0,0.2895041649254306,8,169.0,0.35643399325195724,21,385.0
4645.0,21,244.0,5.083333333333333,4.43803772556934,10,225.0,0.3872340579878321,11,169.0,0.14260884641632668,21,394.0
4650.0,17,216.0,4.5,5.201196373040086,6,159.0,0.4035824150713694,11,202.0,0.19415039986937352,17,361.0
4655.0,17,169.0,3.3137254901960786,4.881605800051632,7,136.0,0.3799026795457087,10,206.0,0.16036273346603605,17,342.0
4660.0,21,185.0,3.3636363636363638,5.2847320183636946,11,141.0,0.320898085617641,10,170.0,0.2553117531546463,21,311.0
4665.0,19,165.0,3.0,5.235682324987046,11,141.0,0.3703391731877061,8,168.0,0.3067949419150428,19,309.0
4670.0,14,132.0,2.5384615384615383,5.92938049315407,8,116.0,0.3005432850618672,6,121.0,0.3763008214995117,14,237.0
4675.0,18,189.0,3.3157894736842106,5.953827116736466,10,124.0,0.329223041073521,8,134.0,0.28809097388383254,18,258.0
4680.0,25,261.0,4.423728813559322,5.621436436682556,14,158.0,0.26515460833804355,11,175.0,0.2525400424146871,25,333.0
4685.0,20,268.0,4.701754385964913,5.415332481577074,12,186.0,0.3133139435340453,8,179.0,0.3878851791011176,20,365.0
4690.0,22,355.0,6.228070175438597,5.43393370266721,15,234.0,0.2921126499551073,7,189.0,0.4867554009199836,22,423.0
4695.0,22,337.0,5.810344827586207,4.849434601667281,16,245.0,0.2998652656016799,6,179.0,0.43480097104951787,22,424.0
4700.0,30,468.0,7.672131147540983,4.971563586832497,20,324.0,0.22620424611607576,10,202.0,0.38484252514970874,30,526.0
4705.0,29,349.0,5.057971014492754,4.291539884622449,21,364.0,0.1601885083831838,8,115.0,0.3634729836306385,29,479.0
4710.0,30,388.0,5.388888888888889,6.000387500381643,19,397.0,0.30545576908387706,11,102.0,0.42479767348123687,30,499.0
4715.0,32,455.0,6.408450704225352,5.132927717923916,19,457.0,0.334569803176382,13,134.0,0.315499158712186,32,591.0
4720.0,32,502.0,6.876712328767123,4.213007326487889,19,498.0,0.24900214699808101,13,165.0,0.3118375994490482,32,663.0
4725.0,37,599.0,7.881578947368421,3.8315606575938816,23,550.0,0.22169173937951298,14,204.0,0.27397353307649674,37,754.0
4730.0,35,707.0,9.554054054054054,4.205670560025001,25,626.0,0.19898257066895006,10,212.0,0.3142347990277669,35,838.0
4735.0,41,696.0,9.157894736842104,3.977913994861723,30,656.0,0.09115658933124439,11,243.0,0.3504115843732574,41,899.0
4740.0,36,458.0,6.1891891891891895,4.437907482604416,24,575.0,0.08595364781036166,12,252.0,0.300453874929426,36,827.0
4745.0,31,502.0,6.972222222222222,5.064801066418866,18,509.0,0.18645538870567627,13,308.0,0.22322656663845436,31,817.0
4750.0,30,499.0,7.231884057971015,4.325417735860072,17,545.0,0.2002680284948088,13,308.0,0.10422957386863424,30,853.0
4755.0,32,597.0,9.184615384615384,4.223412106832016,21,613.0,0.11444064203585674,11,287.0,0.3165857834705965,32,900.0
4760.0,34,640.0,10.158730158730158,3.7932052514467034,24,658.0,0.11779796367142227,10,269.0,0.37983974428363887,34,927.0
4765.0,25,684.0,10.363636363636363,4.6427944654970235,17,661.0,0.21758441636325015,8,238.0,0.39442726447732285,25,899.0
4770.0,22,551.0,8.476923076923077,5.074099003525384,12,591.0,0.29446770792706045,10,218.0,0.33046267560377596,22,809.0
4775.0,24,399.0,6.138461538461539,4.583932110597552,12,520.0,0.252303038790362,12,180.0,0.23071400975312023,24,700.0
4780.0,28,404.0,6.3125,4.1277780506342046,16,509.0,0.2578656355981237,12,184.0,0.2250884063490564,28,693.0
4785.0,31,519.0,8.109375,4.537795407430615,21,530.0,0.2570235478495807,10,185.0,0.3080559822816952,31,715.0
4790.0,33,395.0,6.26984126984127,3.74907831113473,22,510.0,0.20803425313623158,11,185.0,0.31812760066064866,33,695.0
4795.0,35,465.0,7.045454545454546,3.936656547904827,25,485.0,0.11995208921978125,10,202.0,0.38962781803239577,35,687.0
4800.0,36,544.0,8.242424242424242,4.0124713302555435,25,523.0,0.06282661795406211,11,250.0,0.37893363350597137,36,773.0
4805.0,31,469.0,7.106060606060606,4.890621314590568,18,488.0,0.12030148918426645,13,312.0,0.3676162470986643,31,800.0
4810.0,23,453.0,7.078125,5.484360396996694,9,445.0,0.24614333750182193,14,377.0,0.29044882818997925,23,822.0
4815.0,21,464.0,7.483870967741935,5.942537947959902,8,367.0,0.34710414424530295,13,379.0,0.25757138616970054,21,746.0
4820.0,20,426.0,7.607142857142857,5.406602586241017,6,309.0,0.30074697220736396,14,357.0,0.2821716690166253,20,666.0
4825.0,26,396.0,6.947368421052632,4.731857278787847,12,314.0,0.2717096746668061,14,349.0,0.22880879600185863,26,663.0
4830.0,27,451.0,8.351851851851851,4.687733386301148,11,295.0,0.33344791119748407,16,365.0,0.2169556050259479,27,660.0
4835.0,29,527.0,9.581818181818182,4.957134483835792,14,253.0,0.2811162456966888,15,418.0,0.2760658003801986,29,671.0
4840.0,27,592.0,10.571428571428571,4.362420979140855,11,257.0,0.2304670060175607,16,468.0,0.23921143738086384,27,725.0
4845.0,24,626.0,11.592592592592593,4.230108316918914,6,191.0,0.24380699562333294,18,553.0,0.22166322414351847,24,744.0
4850.0,20,517.0,9.070175438596491,4.558427893840675,4,188.0,0.30104213866793733,16,509.0,0.20070723095825177,20,697.0
4855.0,25,395.0,6.694915254237288,4.84638210370409,10,221.0,0.29176115086459975,15,442.0,0.1840947675051865,25,663.0
4860.0,22,205.0,3.4166666666666665,4.680485991627852,13,188.0,0.3286693706616228,9,420.0,0.19489785139778454,22,608.0
4865.0,28,252.0,4.0,4.191069146288093,18,267.0,0.2124591634454226,10,357.0,0.2088358482152934,28,624.0
4870.0,35,313.0,4.815384615384615,4.059354131000357,22,295.0,0.2075235565780514,13,388.0,0.23135057439218168,35,683.0
4875.0,21,256.0,3.8208955223880596,5.7093442311230165,11,253.0,0.32824801640765766,10,428.0,0.31487176173228637,21,681.0
4880.0,18,283.0,4.223880597014926,6.493527484797454,7,220.0,0.43774750104807836,11,460.0,0.25454332733430945,18,680.0
4885.0,22,312.0,4.7272727272727275,5.302147155199293,11,229.0,0.3536662048157167,11,426.0,0.14877404856504126,22,655.0
4890.0,28,324.0,5.142857142857143,4.2196838703012505,17,293.0,0.25186036726355265,11,368.0,0.22502762535924165,28,661.0
4895.0,35,349.0,5.453125,3.3072742057951285,25,369.0,0.17211956515563248,10,362.0,0.2935625346709426,35,731.0
4900.0,32,469.0,7.2153846153846155,4.051892358436836,22,439.0,0.17471227332376105,10,383.0,0.37138196615864044,32,822.0
4905.0,38,492.0,7.130434782608695,4.106836561592132,26,460.0,0.15608464401462305,12,378.0,0.3848599469806467,38,838.0
4910.0,34,591.0,8.208333333333334,4.804181904362776,25,517.0,0.1996260460780438,9,320.0,0.41134726175624114,34,837.0
4915.0,34,700.0,9.210526315789474,4.533752730256208,22,585.0,0.2500308518308875,12,296.0,0.30694363590029305,34,881.0
4920.0,43,896.0,11.487179487179487,3.9808975344440447,25,674.0,0.24146938060408496,18,368.0,0.20670406554750817,43,1042.0
4925.0,45,908.0,10.80952380952381,3.8986798924540715,26,699.0,0.2349620171610863,19,425.0,0.22519328788446835,45,1124.0
4930.0,32,663.0,7.534090909090909,4.752878083828741,20,605.0,0.24445401079643342,12,439.0,0.2892124060556656,32,1044.0
4935.0,30,659.0,7.488636363636363,5.812913586959604,17,519.0,0.291262989107048,13,463.0,0.3498251517651759,30,982.0
4940.0,31,631.0,7.089887640449438,5.996490814246357,16,421.0,0.32088477120795356,15,433.0,0.23058372776208588,31,854.0
4945.0,35,545.0,6.488095238095238,5.501768856385826,16,373.0,0.31586603219541376,19,406.0,0.1731273236393873,35,779.0
4950.0,36,605.0,8.066666666666666,3.7904471320361433,19,340.0,0.19913050509005314,17,476.0,0.20588972080624918,36,816.0
4955.0,41,677.0,9.026666666666667,3.696520291327531,25,381.0,0.1261636593701002,16,520.0,0.2659336425004185,41,901.0
4960.0,39,518.0,7.095890410958904,3.8700375732693137,25,457.0,0.13991715176898104,14,407.0,0.2604883106489864,39,864.0
4965.0,41,559.0,7.355263157894737,4.018776201728712,28,551.0,0.19357084534682362,13,324.0,0.24798951884213044,41,875.0
4970.0,39,538.0,6.897435897435898,3.912711725513706,25,618.0,0.23889260607297005,14,312.0,0.23925468678095838,39,930.0
4975.0,45,730.0,9.012345679012345,4.135386287620676,25,677.0,0.2310308430333666,20,375.0,0.24547648926022939,45,1052.0
4980.0,45,767.0,9.353658536585366,3.5847379694032457,28,716.0,0.14893350086989685,17,428.0,0.31504563933340574,45,1144.0
4985.0,35,532.0,6.258823529411765,4.046133902060039,24,673.0,0.13794414102124372,11,424.0,0.29938671723428045,35,1097.0
4990.0,29,552.0,6.4941176470588236,5.323946476421029,18,605.0,0.23212697130000123,11,411.0,0.3450420326088341,29,1016.0
4995.0,29,588.0,6.758620689655173,5.88569522286264,15,565.0,0.32089533320170477,14,372.0,0.25172160296443563,29,937.0
5000.0,38,695.0,8.273809523809524,5.615264249273617,18,561.0,0.27681660892463494,20,366.0,0.2666763686534228,38,927.0
5005.0,34,641.0,8.217948717948717,4.404086380603942,15,497.0,0.19206746394682736,19,425.0,0.24613616443606112,34,922.0
5010.0,31,649.0,8.653333333333334,5.2316241991543135,16,393.0,0.207388988770286,15,467.0,0.3546879291528484,31,860.0
5015.0,32,588.0,8.054794520547945,4.901704942525027,17,439.0,0.16771916410418308,15,409.0,0.3151120833075817,32,848.0
5020.0,36,588.0,8.054794520547945,4.365316485233955,19,467.0,0.20691869281323078,17,327.0,0.25997602642114825,36,794.0
5025.0,38,662.0,8.710526315789474,3.865660254125507,18,516.0,0.19746402453843212,20,383.0,0.23743787287469145,38,899.0
5030.0,34,733.0,9.905405405405405,4.814751644855788,12,528.0,0.2872993450267839,22,444.0,0.2772764778356744,34,972.0
5035.0,33,568.0,7.1,4.420423678864822,11,473.0,0.2569397782167876,22,454.0,0.24306441718970456,33,927.0
5040.0,36,427.0,5.144578313253012,4.558749171804556,14,376.0,0.27700864646688206,22,480.0,0.21481413964725188,36,856.0
5045.0,36,469.0,5.650602409638554,4.270712027773702,13,409.0,0.33104050049004796,23,533.0,0.22414226362258477,36,942.0
5050.0,31,402.0,5.0886075949367084,4.513265877997241,11,406.0,0.31106210723147154,20,525.0,0.2375478145792016,31,931.0
5055.0,36,424.0,5.3,3.9199975981967747,14,397.0,0.2207033142111732,22,532.0,0.17082661948045366,36,929.0
5060.0,43,511.0,6.308641975308642,3.82544802873901,20,481.0,0.18143729129377467,23,537.0,0.1444007304607599,43,1018.0
5065.0,46,650.0,8.441558441558442,3.4140466799851232,20,554.0,0.24020169154964627,26,620.0,0.08771816067889365,46,1174.0
5070.0,39,701.0,9.103896103896103,4.0908679096700125,14,573.0,0.29913276554579793,25,691.0,0.08726078262146088,39,1264.0
5075.0,38,609.0,7.708860759493671,3.560332395467095,14,495.0,0.2606298455659721,24,723.0,0.06727569043495848,38,1218.0
5080.0,37,578.0,7.410256410256411,4.653775908929457,18,420.0,0.2592151762735921,19,684.0,0.18656035726690348,37,1104.0
5085.0,37,535.0,7.0394736842105265,4.373007232042082,21,418.0,0.1895359174107316,16,626.0,0.25137011145259974,37,1044.0
5090.0,36,421.0,5.467532467532467,4.464686719622964,19,361.0,0.14874789488227122,17,563.0,0.2922448067900666,36,924.0
5095.0,35,469.0,6.424657534246576,4.507909207783286,19,417.0,0.24948349633282804,16,548.0,0.2928158771380206,35,965.0
5100.0,41,575.0,7.876712328767123,4.322799071479703,21,465.0,0.2588527536885915,20,497.0,0.2639774980298301,41,962.0
5105.0,42,602.0,8.36111111111111,2.866762393565596,21,480.0,0.22158214883381647,21,523.0,0.16963890157679107,42,1003.0
5110.0,34,504.0,6.72,3.815366471974511,16,440.0,0.2255476507644428,18,535.0,0.1820954732034838,34,975.0
5115.0,26,424.0,5.367088607594937,3.818278202054838,12,414.0,0.24894500839462955,14,521.0,0.12777380381082026,26,935.0
5120.0,34,425.0,5.246913580246914,4.888324191880053,16,400.0,0.2723093533704268,18,492.0,0.24747059441400027,34,892.0
5125.0,39,551.0,7.1558441558441555,3.6287729414869676,19,423.0,0.1842664340846663,20,552.0,0.2566040656627432,39,975.0
5130.0,33,605.0,7.857142857142857,3.8066112166415498,15,394.0,0.179539320587964,18,579.0,0.18084047183268823,33,973.0
5135.0,27,514.0,6.8533333333333335,3.9902432222663977,12,389.0,0.16393588222977998,15,551.0,0.18196345639641326,27,940.0
5140.0,32,488.0,6.506666666666667,4.337503319959878,17,427.0,0.12686063099230824,15,448.0,0.22043286213367183,32,875.0
5145.0,40,415.0,5.684931506849315,3.585679004278862,21,403.0,0.1635063561824261,19,498.0,0.17739900126994068,40,901.0
5150.0,35,478.0,6.828571428571428,3.8414035169237137,22,370.0,0.13168262174449843,13,524.0,0.20861638782024133,35,894.0
5155.0,36,517.0,7.180555555555555,3.891758237608121,21,412.0,0.11663534428878088,15,504.0,0.22252561310764152,36,916.0
5160.0,28,425.0,6.071428571428571,4.6756226486664225,12,388.0,0.21348245821543235,16,476.0,0.21541821304872583,28,864.0
5165.0,23,333.0,5.045454545454546,4.217173870053374,7,340.0,0.29972827241995736,16,519.0,0.1444094169274619,23,859.0
5170.0,25,364.0,5.352941176470588,4.754763961112562,11,303.0,0.16656354110598062,14,524.0,0.28680472761196213,25,827.0
5175.0,26,254.0,3.681159420289855,4.6415572943586145,14,331.0,0.12447883076604116,12,430.0,0.3234332004627769,26,761.0
5180.0,35,391.0,5.666666666666667,5.110945110920059,17,369.0,0.25992635819958015,18,456.0,0.30387199196840503,35,825.0
5185.0,32,448.0,6.686567164179104,4.441536475368982,15,365.0,0.26937670770600713,17,508.0,0.2595720594567706,32,873.0
5190.0,18,366.0,5.809523809523809,5.062014023425388,5,267.0,0.3258303686929392,13,529.0,0.18852804282057264,18,796.0
5195.0,17,255.0,4.112903225806452,4.5191329475921,4,245.0,0.30748214866661167,13,454.0,0.16374573495190267,17,699.0
5200.0,30,268.0,4.1875,4.434503310656234,13,292.0,0.20427977991403176,17,368.0,0.18140261771525876,30,660.0
5205.0,31,311.0,4.936507936507937,3.6633284702370714,13,276.0,0.2109621346381534,18,392.0,0.17627826366741037,31,668.0
5210.0,24,272.0,4.184615384615385,4.620675231113846,7,186.0,0.3451387897554365,17,369.0,0.14262923767980948,24,555.0
5215.0,21,311.0,4.573529411764706,5.830526478241159,6,143.0,0.4502260495751209,15,395.0,0.2065655972630492,21,538.0
5220.0,19,304.0,4.28169014084507,6.819607912721685,7,147.0,0.47150349578511236,12,367.0,0.2893404640119116,19,514.0
5225.0,23,396.0,5.6571428571428575,6.388486584944245,10,183.0,0.32960859625936995,13,367.0,0.3137087050728504,23,550.0
5230.0,23,384.0,5.647058823529412,5.969222902346637,7,159.0,0.22249825725808206,16,390.0,0.33502285200355575,23,549.0
5235.0,23,348.0,5.612903225806452,5.729933724348054,7,153.0,0.37214426413881035,16,380.0,0.31847162719025585,23,533.0
5240.0,22,324.0,5.586206896551724,5.489852433945803,4,97.0,0.4693767801290392,18,398.0,0.29594268077090996,22,495.0
5245.0,27,359.0,6.298245614035087,4.989842244743599,5,90.0,0.48999818296255687,22,430.0,0.22547422858208263,27,520.0
5250.0,22,272.0,4.945454545454545,5.06428742361153,2,38.0,0.6198094615687791,20,429.0,0.1633867453640918,22,467.0
5255.0,26,288.0,4.88135593220339,4.4354730021029765,5,51.0,0.4273306925332507,21,465.0,0.16295481218611552,26,516.0
5260.0,23,278.0,4.711864406779661,4.698511476757843,3,43.0,0.5220349614327687,20,442.0,0.13885403098169388,23,485.0
5265.0,21,270.0,4.576271186440678,5.339006900757628,2,15.0,0.5224175404225485,19,478.0,0.16060922793783441,21,493.0
5270.0,24,276.0,4.758620689655173,5.613893818593632,4,32.0,0.42243524003980265,20,486.0,0.1592756479543137,24,518.0
5275.0,21,340.0,5.862068965517241,5.518112947039666,3,39.0,0.5512577475378523,18,547.0,0.09051132859263021,21,586.0
5280.0,23,412.0,7.490909090909091,5.364093196077083,5,50.0,0.2811178709343245,18,592.0,0.2009781435541206,23,642.0
5285.0,25,348.0,6.6923076923076925,4.990928083663917,6,47.0,0.21121701354809438,19,604.0,0.2319731312863988,25,651.0
5290.0,20,312.0,6.117647058823529,5.788560706879704,7,82.0,0.3771332485727478,13,540.0,0.25748406437753807,20,622.0
5295.0,21,275.0,5.288461538461538,4.458529662732749,5,65.0,0.4123659431112515,16,535.0,0.15209640146821451,21,600.0
5300.0,24,272.0,5.037037037037037,5.628917549659722,6,79.0,0.45377407499424544,18,494.0,0.24946058681030037,24,573.0
5305.0,25,353.0,6.537037037037037,4.793799030693247,8,113.0,0.37260658738074315,17,513.0,0.23950998026422265,25,626.0
5310.0,25,373.0,7.173076923076923,4.240140530525789,7,108.0,0.36949628916310506,18,527.0,0.18232995434563368,25,635.0
5315.0,21,319.0,5.8,4.600117367354493,4,54.0,0.3978167769048668,17,549.0,0.11682074806139574,21,603.0
5320.0,18,302.0,5.592592592592593,6.633148259745515,4,41.0,0.539544986853931,14,506.0,0.19673692472548587,18,547.0
5325.0,15,269.0,5.604166666666667,6.422696376675535,5,65.0,0.3385373495758644,10,438.0,0.22950834685977023,15,503.0
5330.0,15,226.0,4.913043478260869,6.085605083857456,6,98.0,0.24805694438525128,9,325.0,0.19670802587954295,15,423.0
5335.0,22,316.0,7.348837209302325,5.207209511428146,10,136.0,0.3142695330169876,12,312.0,0.18295407308028372,22,448.0
5340.0,16,288.0,5.877551020408164,5.650706879714271,6,147.0,0.4920812587506531,10,282.0,0.205032435301377,16,429.0
5345.0,12,273.0,5.571428571428571,6.5743425094696635,5,141.0,0.5528723321557993,7,212.0,0.356343336239601,12,353.0
5350.0,10,176.0,3.74468085106383,6.719144043299466,4,99.0,0.6159409763080537,6,177.0,0.4175709318139438,10,276.0
5355.0,17,242.0,5.041666666666667,6.171178878247563,7,108.0,0.4954262583216012,10,190.0,0.3561413560674068,17,298.0
5360.0,20,313.0,6.520833333333333,5.203489862122854,9,144.0,0.3672334639672844,11,220.0,0.2414719699597581,20,364.0
5365.0,26,409.0,8.520833333333334,4.4246535971938625,15,202.0,0.195046567848184,11,237.0,0.2684237256215948,26,439.0
5370.0,22,274.0,5.829787234042553,4.0265834470813475,14,196.0,0.23924612276163829,8,175.0,0.27951399997233495,22,371.0
5375.0,20,313.0,6.387755102040816,5.402611962786865,11,160.0,0.28348046609996563,9,213.0,0.42663226329627596,20,373.0
5380.0,18,202.0,3.9607843137254903,5.14965747467612,11,169.0,0.2648611283067931,7,180.0,0.4126360642636813,18,349.0
5385.0,11,117.0,2.25,6.387412439291518,5,136.0,0.362495720844458,6,110.0,0.37973219210525,11,246.0
5390.0,13,122.0,2.489795918367347,7.34054507092599,6,116.0,0.4804455839552398,7,102.0,0.36011412453379693,13,218.0
5395.0,13,166.0,3.4583333333333335,7.2073897167235,8,143.0,0.27081731278963855,5,92.0,0.3329909528507623,13,235.0
5400.0,14,161.0,3.2857142857142856,6.284697982932012,8,154.0,0.21965010922735853,6,63.0,0.2588177605148371,14,217.0
5405.0,17,210.0,4.285714285714286,6.943975538703841,7,167.0,0.3728459541907622,10,107.0,0.3138785402179638,17,274.0
5410.0,14,173.0,3.6808510638297873,6.816908124495864,6,118.0,0.30719252594588004,8,130.0,0.47840300536553015,14,248.0
5415.0,13,215.0,4.886363636363637,7.3458629482031474,8,150.0,0.33827369746052477,5,130.0,0.5478664438619435,13,280.0
5420.0,15,198.0,4.714285714285714,5.735716905652431,7,154.0,0.347534825003165,8,97.0,0.3905724538521545,15,251.0
5425.0,18,273.0,5.934782608695652,5.6799510345286475,8,192.0,0.32831075032690393,10,120.0,0.2935967701696876,18,312.0
5430.0,18,181.0,3.7708333333333335,5.4491337495784435,8,167.0,0.3397715873723493,10,97.0,0.3065921255248546,18,264.0
5435.0,15,171.0,3.2884615384615383,6.967916083688648,5,114.0,0.5058429632827366,10,123.0,0.41833854100557993,15,237.0
5440.0,17,161.0,3.0961538461538463,5.772192809690652,9,136.0,0.3774820201549707,8,127.0,0.418993143882067,17,263.0
5445.0,22,228.0,4.470588235294118,5.985497272744538,14,192.0,0.22898101699348922,8,99.0,0.5193375750430359,22,291.0
5450.0,22,296.0,5.481481481481482,4.2712650725694905,14,226.0,0.210171740309195,8,125.0,0.2536763826590853,22,351.0
5455.0,29,400.0,7.017543859649122,4.850026738927848,15,252.0,0.33439618554037787,14,186.0,0.2524953385984662,29,438.0
5460.0,23,374.0,6.56140350877193,5.015160306048714,11,264.0,0.33692111372476,12,201.0,0.33068117161388716,23,465.0
5465.0,20,342.0,5.60655737704918,5.898576872011701,8,197.0,0.39927296927815364,12,221.0,0.3263894783095447,20,418.0
5470.0,18,192.0,3.0476190476190474,5.731325532697983,8,177.0,0.37540487704742076,10,187.0,0.2724498568430032,18,364.0
5475.0,29,285.0,4.318181818181818,5.088103178976801,16,191.0,0.24239160147392638,13,182.0,0.2543027503390623,29,373.0
5480.0,29,292.0,4.294117647058823,4.959998540961094,18,250.0,0.2560031532768338,11,177.0,0.3422771806876766,29,427.0
5485.0,27,318.0,4.96875,5.5892861645342595,20,334.0,0.22038413506752008,7,123.0,0.4386657601493022,27,457.0
5490.0,26,378.0,6.0,5.2151314605228585,18,376.0,0.1951078869708275,8,109.0,0.42136484469816765,26,485.0
5495.0,24,367.0,5.825396825396825,5.4449874132617415,13,345.0,0.2313493840772109,11,150.0,0.2787440639964412,24,495.0
5500.0,22,270.0,4.5,4.521137804285624,12,291.0,0.20493380578708942,10,144.0,0.1304580589401141,22,435.0
5505.0,22,221.0,3.622950819672131,4.9902137979922365,11,262.0,0.22717203959427387,11,146.0,0.27704312409650245,22,408.0
5510.0,21,168.0,2.7096774193548385,5.880090971997365,13,296.0,0.35446932736658515,8,136.0,0.44149565992867573,21,432.0
5515.0,21,214.0,3.689655172413793,6.072961466374586,14,342.0,0.347747295686837,7,101.0,0.5438405539027452,21,443.0
5520.0,24,237.0,3.8225806451612905,4.711995702625793,17,366.0,0.2733735086433679,7,116.0,0.3876681973859053,24,482.0
5525.0,26,300.0,4.545454545454546,4.728331474320226,16,357.0,0.2763037849775563,10,141.0,0.22357444833465806,26,498.0
5530.0,23,231.0,3.5,4.856221938060608,13,368.0,0.27610431600759966,10,141.0,0.23625464759279044,23,509.0
5535.0,22,260.0,4.0,5.699012244673461,15,366.0,0.25486436169463655,7,120.0,0.37638361912038615,22,486.0
5540.0,26,266.0,4.360655737704918,4.521696555276011,20,394.0,0.13624472654262287,6,99.0,0.4196777440809761,26,493.0
5545.0,28,280.0,4.516129032258065,5.076858851312562,21,381.0,0.21718220189492368,7,126.0,0.378092075576977,28,507.0
5550.0,26,334.0,5.566666666666666,4.594192188121533,18,423.0,0.20865936350688263,8,149.0,0.3958010354740197,26,572.0
5555.0,20,320.0,5.161290322580645,5.540962322582001,14,416.0,0.15962634232853462,6,168.0,0.49502386674660237,20,584.0
5560.0,21,213.0,3.435483870967742,5.516970835860351,16,433.0,0.15754449754908334,5,101.0,0.45616064603383594,21,534.0
5565.0,28,306.0,4.636363636363637,5.643299341115742,23,517.0,0.1715318999753098,5,53.0,0.4911406315596701,28,570.0
5570.0,28,373.0,6.016129032258065,5.088325314311646,21,583.0,0.27332044210154127,7,42.0,0.37422276050277836,28,625.0
5575.0,22,446.0,7.079365079365079,5.9768752583251255,16,606.0,0.36820048707107145,6,69.0,0.36396173207374394,22,675.0
5580.0,23,402.0,6.590163934426229,5.2770416502386714,14,588.0,0.2697246862078358,9,104.0,0.3434482606923973,23,692.0
5585.0,27,380.0,5.846153846153846,4.888607227254532,22,530.0,0.17065070067966256,5,101.0,0.4487609641319147,27,631.0
5590.0,32,495.0,7.734375,4.696208099569423,25,609.0,0.19959208895305308,7,95.0,0.4756163908181955,32,704.0
5595.0,21,513.0,7.892307692307693,5.4959946003692535,17,629.0,0.2757880515828319,4,83.0,0.48540624231965507,21,712.0
5600.0,23,623.0,9.298507462686567,5.659668250133372,17,689.0,0.24617954208850837,6,82.0,0.4259878358438419,23,771.0
5605.0,24,702.0,10.636363636363637,6.284375844377926,19,764.0,0.23300848252154147,5,86.0,0.34733533552483387,24,850.0
5610.0,28,606.0,9.619047619047619,5.334333584284474,20,701.0,0.15830667261331083,8,102.0,0.2803568531353892,28,803.0
5615.0,26,446.0,7.559322033898305,5.283994682221245,17,539.0,0.19286284138993112,9,136.0,0.3126236280187276,26,675.0
5620.0,25,387.0,6.7894736842105265,4.831563147847373,15,535.0,0.2192884365766341,10,182.0,0.25296367776973216,25,717.0
5625.0,25,319.0,5.907407407407407,4.550274918413611,18,522.0,0.20685214353969839,7,130.0,0.3115963365620892,25,652.0
5630.0,23,332.0,6.148148148148148,5.004842630595498,18,580.0,0.2160316170593136,5,113.0,0.4547347758704612,23,693.0
5635.0,18,248.0,4.769230769230769,5.360043238864628,13,573.0,0.2243690254839298,5,86.0,0.4137131027371711,18,659.0
5640.0,16,201.0,4.1020408163265305,5.251348386724125,13,527.0,0.16466222354696716,3,62.0,0.3636461144580562,16,589.0
5645.0,24,280.0,5.6,4.7669906537897395,17,572.0,0.10753528895344129,7,75.0,0.3555297001753928,24,647.0
5650.0,28,321.0,6.056603773584905,4.44212919436693,18,549.0,0.1577881193794555,10,113.0,0.33667379302842204,28,662.0
5655.0,21,302.0,5.392857142857143,5.567431546261342,13,455.0,0.2566269736314305,8,156.0,0.44834289271826505,21,611.0
5660.0,16,252.0,4.344827586206897,5.625590836484906,10,445.0,0.3356022215701287,6,157.0,0.434885013997052,16,602.0
5665.0,17,226.0,3.9649122807017543,5.904258965587938,9,400.0,0.3336552657726988,8,146.0,0.3968966288274797,17,546.0
5670.0,19,164.0,2.8275862068965516,5.2277733969584,10,379.0,0.22890967931044381,9,127.0,0.3252200426293571,19,506.0
5675.0,25,218.0,3.5161290322580645,5.33903343390268,16,410.0,0.21034529442302366,9,112.0,0.33258963091534427,25,522.0
5680.0,24,268.0,4.5423728813559325,5.2352135663643615,15,381.0,0.25774507797193585,9,149.0,0.37698419211631856,24,530.0
5685.0,25,302.0,5.490909090909091,5.226443562764657,12,313.0,0.3331426115229809,13,200.0,0.2959948658411497,25,513.0
5690.0,25,272.0,4.857142857142857,3.5001959165866325,12,307.0,0.20140449944813513,13,229.0,0.2270705507262102,25,536.0
5695.0,20,258.0,4.777777777777778,4.3996373899647985,10,264.0,0.16972958365796928,10,222.0,0.26246868073667307,20,486.0
5700.0,23,264.0,4.551724137931035,4.5291906604522945,13,298.0,0.20947753828279478,10,226.0,0.15937715654281912,23,524.0
5705.0,27,318.0,5.389830508474576,5.239092740671284,16,331.0,0.22553596720952296,11,219.0,0.25949630721484235,27,550.0
5710.0,24,382.0,6.945454545454545,4.8785109080941735,16,368.0,0.2394699790125836,8,229.0,0.3496438713952587,24,597.0
5715.0,22,424.0,7.709090909090909,5.493032876608025,14,363.0,0.2176761238273295,8,225.0,0.4040326470326299,22,588.0
5720.0,18,278.0,5.148148148148148,5.781871820946652,13,365.0,0.20331267782905524,5,127.0,0.33292294202708855,18,492.0
5725.0,24,351.0,6.381818181818182,6.123028926097753,15,414.0,0.23216869313820168,9,107.0,0.3494873158109717,24,521.0
5730.0,21,334.0,6.68,5.576447703470103,13,392.0,0.2723948434595807,8,118.0,0.4078132605770898,21,510.0
5735.0,19,268.0,5.469387755102041,5.893673520422806,11,325.0,0.34642938936583795,8,161.0,0.40182699871724065,19,486.0
5740.0,19,245.0,4.711538461538462,4.770059097371882,12,334.0,0.2611260794861981,7,162.0,0.4191832433452545,19,496.0
5745.0,16,262.0,5.137254901960785,6.278928430702993,10,302.0,0.34417660778959625,6,169.0,0.39938858322325566,16,471.0
5750.0,15,184.0,3.3454545454545452,5.606266849667547,11,291.0,0.2668313911193356,4,105.0,0.31410448029729343,15,396.0
5755.0,20,182.0,3.192982456140351,6.116467444571594,14,318.0,0.24674914420648278,6,62.0,0.359012672495395,20,380.0
5760.0,18,195.0,3.611111111111111,5.6610919913602125,15,344.0,0.29213435259623094,3,71.0,0.4151246412715123,18,415.0
5765.0,24,304.0,5.333333333333333,5.657100224435429,18,418.0,0.23283882014313137,6,86.0,0.46244365772645,24,504.0
5770.0,21,283.0,4.796610169491525,5.583920277428062,16,460.0,0.19177701084480114,5,70.0,0.5178496140134827,21,530.0
5775.0,19,287.0,4.783333333333333,6.712480601085803,13,461.0,0.2742842246787484,6,65.0,0.5441217732348886,19,526.0
5780.0,22,269.0,4.338709677419355,4.680302300339782,15,429.0,0.2407942950379062,7,66.0,0.26017734747390575,22,495.0
5785.0,28,324.0,5.225806451612903,5.313234842344264,18,362.0,0.30278584036195,10,113.0,0.29482395527127736,28,475.0
5790.0,29,326.0,5.433333333333334,4.596497823991213,20,394.0,0.21646531497927904,9,128.0,0.35468743022628746,29,522.0
5795.0,28,321.0,5.17741935483871,4.773291315500198,19,451.0,0.18357706974938334,9,129.0,0.4151303090710227,28,580.0
5800.0,26,261.0,4.142857142857143,3.694341746998889,18,476.0,0.19695417591426995,8,126.0,0.22559766182034,26,602.0
5805.0,20,264.0,4.061538461538461,5.105547856907278,12,450.0,0.21977408407674504,8,122.0,0.33927182198223943,20,572.0
5810.0,20,281.0,4.323076923076923,6.043415617792862,16,468.0,0.22870737605171704,4,105.0,0.42177908985477014,20,573.0
5815.0,26,400.0,6.0606060606060606,6.527234596921527,19,543.0,0.2847308832722795,7,97.0,0.1831380130860832,26,640.0
5820.0,24,394.0,6.253968253968254,5.214197396268577,19,555.0,0.2057130297902708,5,75.0,0.262807326972542,24,630.0
5825.0,24,433.0,7.098360655737705,5.921083684627011,19,598.0,0.28628693481306466,5,74.0,0.5016324567207106,24,672.0
5830.0,20,353.0,5.983050847457627,5.605757788874785,19,588.0,0.29875529720586047,1,62.0,0.6021587672903185,20,650.0
5835.0,22,439.0,7.568965517241379,5.987084470571315,20,639.0,0.28378880135634776,2,45.0,0.6493207151239829,22,684.0
5840.0,32,442.0,6.90625,4.108983911337678,29,686.0,0.06926283250775239,3,13.0,0.5754250845003642,32,699.0
5845.0,33,403.0,6.014925373134329,4.646189924380666,28,687.0,0.12944730683350925,5,32.0,0.5425724546617717,33,719.0
5850.0,25,325.0,4.850746268656716,4.395580891255592,21,746.0,0.22914716333321442,4,41.0,0.48053387755049476,25,787.0
5855.0,24,340.0,4.788732394366197,5.32089215564209,18,766.0,0.24564987454924334,6,43.0,0.4945688289370381,24,809.0
5860.0,25,307.0,4.263888888888889,5.658707188700665,19,776.0,0.2131615452497304,6,66.0,0.4963083461972736,25,842.0
5865.0,27,283.0,3.8767123287671232,5.422123146742819,19,741.0,0.1510476949729802,8,105.0,0.4345061844365685,27,846.0
5870.0,30,331.0,4.728571428571429,4.901218620151785,20,775.0,0.18148679400040654,10,147.0,0.34159432895062947,30,922.0
5875.0,34,423.0,5.957746478873239,4.704172504583064,26,833.0,0.1388089091164027,8,163.0,0.34793884249168083,34,996.0
5880.0,34,487.0,7.492307692307692,4.319540818458199,26,872.0,0.14915232589042052,8,158.0,0.42378561982728097,34,1030.0
5885.0,35,509.0,7.8307692307692305,4.107389118636216,24,836.0,0.1289631528676238,11,196.0,0.4036232981231414,35,1032.0
5890.0,27,483.0,7.546875,3.912265086016478,20,865.0,0.13632998809726807,7,221.0,0.3476543705616727,27,1086.0
5895.0,20,344.0,5.212121212121212,4.4487355838696425,12,809.0,0.18335010035772936,8,206.0,0.28199773754858937,20,1015.0
5900.0,23,309.0,4.681818181818182,4.545716172569162,14,791.0,0.2188907641525529,9,213.0,0.3090307989804604,23,1004.0
5905.0,32,424.0,6.057142857142857,4.187184071605951,21,837.0,0.1814207397119224,11,249.0,0.24627194063759592,32,1086.0
5910.0,32,515.0,7.686567164179104,4.458741223687678,22,888.0,0.1983726927705581,10,285.0,0.36609889983390204,32,1173.0
5915.0,28,416.0,6.028985507246377,5.072933688953109,19,928.0,0.23103876021397762,9,193.0,0.29440184778901873,28,1121.0
5920.0,29,487.0,7.161764705882353,4.653361659025937,19,920.0,0.15113752246857726,10,154.0,0.24844359201821192,29,1074.0
5925.0,35,468.0,7.090909090909091,4.461925539692877,21,829.0,0.13196287155274983,14,185.0,0.25241756500684487,35,1014.0
5930.0,29,473.0,7.507936507936508,4.38180559291836,18,753.0,0.2125545380236045,11,208.0,0.29043389836059474,29,961.0
5935.0,23,292.0,4.709677419354839,3.3425517338669684,14,717.0,0.21417188628880768,9,217.0,0.25775151953491765,23,934.0
5940.0,24,309.0,4.983870967741935,4.6896876582477525,16,703.0,0.22430505913425577,8,196.0,0.39404963274201027,24,899.0
5945.0,27,343.0,5.444444444444445,4.5748160239558535,18,735.0,0.13303074607018045,9,213.0,0.40350595887958024,27,948.0
5950.0,26,345.0,5.3076923076923075,5.320929882222826,16,727.0,0.15170905674255583,10,220.0,0.3212310558933869,26,947.0
5955.0,26,387.0,6.344262295081967,4.903722593364415,15,698.0,0.1512514333711669,11,237.0,0.230556044944773,26,935.0
5960.0,26,390.0,6.39344262295082,5.049619628655704,16,621.0,0.191390468110976,10,243.0,0.3087544601301951,26,864.0
5965.0,24,357.0,6.375,4.539613306721391,14,644.0,0.24923430850966186,10,260.0,0.308904110225673,24,904.0
5970.0,20,395.0,6.9298245614035086,4.699204851115487,8,609.0,0.2655422622609964,12,289.0,0.3038194608459957,20,898.0
5975.0,22,211.0,3.5762711864406778,4.223793345472187,12,547.0,0.21235379551343125,10,249.0,0.2986339394314323,22,796.0
5980.0,33,296.0,4.625,4.581436748606336,20,612.0,0.19159475068557602,13,179.0,0.35179619458802436,33,791.0
5985.0,34,380.0,5.9375,4.393185177328181,21,622.0,0.20252835279849132,13,208.0,0.34166315340501413,34,830.0
5990.0,29,428.0,6.584615384615384,4.269853083994509,17,558.0,0.23638014619051717,12,238.0,0.2898003016678952,29,796.0
5995.0,26,333.0,4.970149253731344,4.031956820546082,13,574.0,0.2707314732937878,13,238.0,0.2551977842324668,26,812.0
6000.0,22,222.0,3.5238095238095237,4.380923009309744,10,544.0,0.19827908764173294,12,184.0,0.26953725859359157,22,728.0
6005.0,29,286.0,4.268656716417911,4.517702758511699,15,540.0,0.1819854012919816,14,218.0,0.20057265857087966,29,758.0
6010.0,32,352.0,4.957746478873239,4.767180255790457,17,528.0,0.20414920195564318,15,244.0,0.17258852196173174,32,772.0
6015.0,31,421.0,6.378787878787879,4.642429673406879,15,449.0,0.32700636429355245,16,300.0,0.20171238764322608,31,749.0
6020.0,30,381.0,5.861538461538461,4.1474772586779425,13,418.0,0.27808872851549704,17,335.0,0.2574054041717563,30,753.0
6025.0,33,444.0,6.9375,3.963494808618821,18,451.0,0.23189196403996876,15,351.0,0.28334904895203966,33,802.0
6030.0,31,422.0,6.393939393939394,4.326174728049477,18,468.0,0.16320604876981176,13,338.0,0.2762403786222307,31,806.0
6035.0,31,407.0,5.985294117647059,4.302638644796166,19,508.0,0.16054845000504192,12,314.0,0.22185251760882443,31,822.0
6040.0,33,442.0,6.405797101449275,4.448988228067851,17,536.0,0.2280071144119022,16,301.0,0.2521735842154937,33,837.0
6045.0,25,424.0,6.523076923076923,5.073849980677571,10,469.0,0.3202804083396132,15,343.0,0.27218662973799196,25,812.0
6050.0,22,421.0,6.578125,4.876641044042222,11,413.0,0.2852237608404278,11,366.0,0.19676994951058038,22,779.0
6055.0,24,343.0,5.444444444444445,4.90360447019577,14,314.0,0.21754411229718126,10,363.0,0.2120603528688278,24,677.0
6060.0,24,271.0,4.370967741935484,4.939742573490322,16,338.0,0.2070776031007098,8,309.0,0.33236128699167566,24,647.0
6065.0,19,231.0,3.9827586206896552,4.987359605143968,11,319.0,0.2407685133207077,8,289.0,0.3378874112073385,19,608.0
6070.0,29,260.0,4.482758620689655,4.443939801255027,14,348.0,0.2722827884011764,15,249.0,0.20862276149752831,29,597.0
6075.0,30,360.0,6.0,4.175605072132852,16,388.0,0.26851265817770664,14,274.0,0.20542086758237865,30,662.0
6080.0,31,452.0,7.290322580645161,4.4909819810986535,17,437.0,0.23891927214004566,14,259.0,0.311873091467823,31,696.0
6085.0,23,436.0,6.8125,4.969963276190577,12,436.0,0.2700591718847503,11,265.0,0.32910391663436483,23,701.0
6090.0,21,441.0,6.681818181818182,6.101928920097316,12,457.0,0.27919445200570847,9,215.0,0.38795712430666635,21,672.0
6095.0,26,541.0,8.725806451612904,5.832579768579255,16,512.0,0.1993530390196813,10,193.0,0.35323815215894566,26,705.0
6100.0,27,467.0,7.412698412698413,5.165574182757776,16,481.0,0.20583219466706193,11,225.0,0.31810378892467556,27,706.0
6105.0,25,366.0,6.203389830508475,4.749808456284612,14,422.0,0.2136183873107802,11,185.0,0.35314286682432977,25,607.0
6110.0,25,407.0,6.672131147540983,5.041855551383472,14,486.0,0.2656431853806337,11,153.0,0.4149036314943941,25,639.0
6115.0,29,525.0,8.203125,4.984227033434963,17,562.0,0.27306616423219415,12,202.0,0.3359603823838166,29,764.0
6120.0,32,559.0,8.6,4.138017166500514,16,587.0,0.24258577664852074,16,255.0,0.2502746317316649,32,842.0
6125.0,29,461.0,6.880597014925373,3.961120457928737,11,526.0,0.2790895177473624,18,291.0,0.1630738617465731,29,817.0
6130.0,22,501.0,7.590909090909091,5.44332221356202,10,482.0,0.3637856138258768,12,310.0,0.2099602216427742,22,792.0
6135.0,22,577.0,8.485294117647058,6.0427400876081,10,498.0,0.39916617842740726,12,340.0,0.1866067388653504,22,838.0
6140.0,27,548.0,8.430769230769231,5.1194872548162875,10,414.0,0.29688442685088573,17,405.0,0.11731124172238001,27,819.0
6145.0,32,562.0,9.064516129032258,3.764809644452773,14,254.0,0.27938709575469967,18,465.0,0.1259457250565066,32,719.0
6150.0,27,596.0,9.46031746031746,4.53415905328297,15,248.0,0.217162166709792,12,469.0,0.315503413544289,27,717.0
6155.0,28,467.0,7.412698412698413,4.858496729746821,18,278.0,0.22987451793938257,10,397.0,0.3363296683415432,28,675.0
6160.0,30,428.0,6.484848484848484,4.91970997410675,17,280.0,0.21036521857689058,13,349.0,0.3107429668713412,30,629.0
6165.0,33,356.0,5.393939393939394,4.31142481593491,19,321.0,0.21166743597415977,14,295.0,0.25667189325960116,33,616.0
6170.0,33,405.0,6.044776119402985,4.018184223562135,16,349.0,0.2437245482456606,17,290.0,0.2301252876544047,33,639.0
6175.0,26,339.0,5.2153846153846155,4.588222353306784,11,307.0,0.3134037324994932,15,314.0,0.1980120995127585,26,621.0
6180.0,21,328.0,5.2063492063492065,5.450953869211258,10,274.0,0.3170576178233866,11,280.0,0.17676136287738559,21,554.0
6185.0,22,347.0,5.507936507936508,5.787104295370442,13,311.0,0.22408362198150286,9,273.0,0.21842571680508915,22,584.0
6190.0,28,416.0,6.819672131147541,5.28435469954321,16,378.0,0.16004904178672055,12,278.0,0.17983122012960034,28,656.0
6195.0,24,457.0,7.616666666666666,5.409228061518593,13,401.0,0.2662752376558039,11,289.0,0.17774570059014652,24,690.0
6200.0,23,539.0,9.981481481481481,5.64169029358526,14,458.0,0.23000378485478792,9,264.0,0.3390305482108988,23,722.0
6205.0,24,586.0,10.851851851851851,5.414572606081231,15,475.0,0.1840206716297691,9,293.0,0.34335185908765575,24,768.0
6210.0,23,560.0,10.76923076923077,4.865949117820437,12,460.0,0.15769629385528902,11,301.0,0.3109887752392963,23,761.0
6215.0,25,463.0,9.448979591836734,4.317457294946791,12,377.0,0.23113002942903121,13,357.0,0.29018248052873846,25,734.0
6220.0,21,340.0,6.8,4.623998932035292,9,272.0,0.19758012087421853,12,372.0,0.29989168591130594,21,644.0
6225.0,20,357.0,6.865384615384615,4.7325686503726185,9,273.0,0.2967156620694127,11,353.0,0.2885623809509691,20,626.0
6230.0,21,321.0,5.732142857142857,5.439194437674451,11,270.0,0.3334377866534608,10,312.0,0.32456945995862796,21,582.0
6235.0,25,330.0,5.7894736842105265,5.4860256416449396,10,307.0,0.4320340228825967,15,229.0,0.28647978724401696,25,536.0
6240.0,29,364.0,6.385964912280702,4.5525525760421495,14,352.0,0.33040729580934114,15,248.0,0.27678561750742847,29,600.0
6245.0,22,230.0,3.9655172413793105,4.35487091793528,12,330.0,0.22849849955314858,10,197.0,0.2699372552362158,22,527.0
6250.0,22,237.0,3.8225806451612905,4.920215402146796,11,269.0,0.20223972552061345,11,194.0,0.2345895909868538,22,463.0
6255.0,22,220.0,3.6666666666666665,5.345589563709292,10,232.0,0.29202819782494044,12,209.0,0.18726236459673298,22,441.0
6260.0,23,245.0,3.9516129032258065,5.144462467057661,11,184.0,0.30905867913621304,12,237.0,0.21276149066258385,23,421.0
6265.0,22,260.0,4.193548387096774,5.073423697928779,12,207.0,0.3455591899395542,10,244.0,0.2597315066673417,22,451.0
6270.0,27,304.0,4.983606557377049,5.277303806945066,16,262.0,0.36305515105074265,11,233.0,0.2998427407825828,27,495.0
6275.0,30,335.0,5.317460317460317,4.815704170881814,16,281.0,0.3032277336055241,14,275.0,0.26714929072893606,30,556.0
6280.0,31,383.0,6.17741935483871,4.547836239306183,17,305.0,0.24897594201976694,14,253.0,0.3190747256207708,31,558.0
6285.0,33,396.0,6.285714285714286,3.6611926995929034,18,323.0,0.1439962192001561,15,289.0,0.27020238125306667,33,612.0
6290.0,29,371.0,5.621212121212121,4.579999428460221,13,291.0,0.2905023807661808,16,324.0,0.15556526047238622,29,615.0
6295.0,18,334.0,5.21875,5.291926189796452,9,313.0,0.3428367025674005,9,294.0,0.18083044011911917,18,607.0
6300.0,27,343.0,5.119402985074627,4.818009676361036,16,319.0,0.21816874573444345,11,279.0,0.22560802211939823,27,598.0
6305.0,31,338.0,5.044776119402985,5.160948882623272,21,401.0,0.24827508759997677,10,218.0,0.3410425993458899,31,619.0
6310.0,28,413.0,6.164179104477612,4.700498612817138,19,472.0,0.3038208849949781,9,236.0,0.2850476010706142,28,708.0
6315.0,33,502.0,7.171428571428572,4.274889453913298,19,508.0,0.28259410247369116,14,285.0,0.2662894593620011,33,793.0
6320.0,28,448.0,6.222222222222222,4.2596957595916445,15,487.0,0.21575286428477392,13,306.0,0.30539341210796256,28,793.0
6325.0,25,359.0,4.917808219178082,4.681848501861358,17,459.0,0.17416260962835492,8,255.0,0.2734277433647819,25,714.0
6330.0,29,272.0,3.8309859154929575,4.344591119883482,21,421.0,0.10884255797852184,8,226.0,0.30030683766654465,29,647.0
6335.0,36,355.0,5.220588235294118,3.6878981864415694,25,516.0,0.10824457696931956,11,197.0,0.23047773306148786,36,713.0
6340.0,38,376.0,5.371428571428571,3.536014257384397,24,586.0,0.11953576523242034,14,189.0,0.28044426797942135,38,775.0
6345.0,38,445.0,6.267605633802817,3.7148126839953792,21,620.0,0.18208034309419052,17,254.0,0.3015949733516558,38,874.0
6350.0,31,383.0,5.550724637681159,3.7639264525193665,15,571.0,0.21291741036930403,16,272.0,0.21590929417280139,31,843.0
6355.0,28,371.0,5.455882352941177,4.118517355932567,16,559.0,0.16710376850542366,12,240.0,0.13068094675182743,28,799.0
6360.0,25,374.0,5.420289855072464,4.224489705265554,18,523.0,0.13477263520670443,7,234.0,0.18593639089278782,25,757.0
6365.0,30,419.0,5.985714285714286,4.433659503295791,16,511.0,0.17206975713664258,14,241.0,0.1883894592419804,30,752.0
6370.0,29,367.0,5.734375,4.073199443257683,17,489.0,0.24445031074768597,12,224.0,0.24565389979080757,29,713.0
6375.0,28,422.0,6.393939393939394,4.984722670295628,21,506.0,0.23689516744218378,7,181.0,0.3773077941066602,28,687.0
6380.0,27,484.0,7.5625,4.984182876061368,20,555.0,0.16478919916722248,7,141.0,0.453525751047589,27,696.0
6385.0,24,460.0,7.419354838709677,4.667910080839166,18,586.0,0.0917633608313715,6,129.0,0.3799240496500605,24,715.0
6390.0,27,452.0,7.0625,3.895842122102202,15,572.0,0.14866557715043374,12,169.0,0.20587796798919356,27,741.0
6395.0,32,389.0,5.984615384615385,4.805809741966953,13,522.0,0.2557049363859771,19,248.0,0.19224814685758723,32,770.0
6400.0,35,497.0,7.888888888888889,4.197287115297372,15,556.0,0.2605233994853795,20,343.0,0.22382504067552242,35,899.0
6405.0,30,544.0,8.5,3.9676836179674084,14,580.0,0.2005256887352872,16,385.0,0.22868837664933117,30,965.0
6410.0,25,504.0,7.753846153846154,4.787533710495164,16,620.0,0.2971997259742969,9,358.0,0.16758729403640515,25,978.0
6415.0,20,258.0,3.739130434782609,5.150620999086545,14,598.0,0.237758829374348,6,276.0,0.2650620972272093,20,874.0
6420.0,30,331.0,4.867647058823529,4.978763914117008,18,530.0,0.20671220425639195,12,245.0,0.26650453589996953,30,775.0
6425.0,33,368.0,5.492537313432836,4.596553391192086,19,548.0,0.20431198660617714,14,267.0,0.34387921903653984,33,815.0
6430.0,27,451.0,6.442857142857143,5.466223878762095,18,617.0,0.24064170193145523,9,221.0,0.35806826308889256,27,838.0
6435.0,24,413.0,5.9,5.255950952159175,17,585.0,0.1945594192749941,7,215.0,0.36469759330531354,24,800.0
6440.0,27,374.0,5.123287671232877,5.474608649962145,14,482.0,0.2527839178456179,13,230.0,0.32069941932159046,27,712.0
6445.0,28,313.0,4.22972972972973,4.5640572535879995,12,471.0,0.23688366567411595,16,248.0,0.31666568393966843,28,719.0
6450.0,23,257.0,3.5205479452054793,5.243149886047123,11,386.0,0.2673486184920791,12,248.0,0.30584567499281046,23,634.0
6455.0,26,209.0,2.824324324324324,4.938372043536502,13,427.0,0.24324900466407426,13,179.0,0.27692126965423447,26,606.0
6460.0,30,273.0,3.64,4.860099317934914,17,504.0,0.1956796167002907,13,193.0,0.2849975379350191,30,697.0
6465.0,38,378.0,4.973684210526316,4.365514805228377,18,494.0,0.22171425678951648,20,243.0,0.2537472745095978,38,737.0
6470.0,39,478.0,6.2894736842105265,4.287298707191682,15,452.0,0.2902278704233927,24,343.0,0.2171278802499714,39,795.0
6475.0,40,540.0,7.012987012987013,3.7923403504800812,14,432.0,0.2648082165295861,26,422.0,0.19929877376439442,40,854.0
6480.0,34,501.0,6.423076923076923,4.357681775662377,12,408.0,0.26003111191430217,22,448.0,0.2003667779162299,34,856.0
6485.0,30,404.0,5.246753246753247,4.441131535006376,11,384.0,0.2125309047948091,19,445.0,0.21369433277404498,30,829.0
6490.0,33,385.0,4.8734177215189876,4.392499042652941,13,362.0,0.19535778056864425,20,487.0,0.19014272735936324,33,849.0
6495.0,41,498.0,6.552631578947368,3.822509254583682,15,376.0,0.26039066508036535,26,579.0,0.18620191460163404,41,955.0
6500.0,47,666.0,8.763157894736842,3.643656960536287,16,350.0,0.27258069618809033,31,707.0,0.18392594977898968,47,1057.0
6505.0,43,680.0,8.831168831168831,3.39070046601899,15,381.0,0.22947714548524667,28,765.0,0.20864338403755767,43,1146.0
6510.0,40,571.0,7.1375,3.710781909072721,13,358.0,0.21206561131786014,27,722.0,0.17976221260194214,40,1080.0
6515.0,36,604.0,7.45679012345679,4.729120163703613,11,360.0,0.33492431672679773,25,757.0,0.16968526488720997,36,1117.0
6520.0,33,512.0,6.023529411764706,5.237113927848753,13,398.0,0.3106134272229998,20,695.0,0.16287192658280694,33,1093.0
6525.0,28,433.0,5.216867469879518,5.121189560558863,11,343.0,0.22994788907613228,17,665.0,0.1798978908847387,28,1008.0
6530.0,32,503.0,6.209876543209877,5.619140828907663,13,372.0,0.359930554397716,19,697.0,0.196791090076015,32,1069.0
6535.0,30,447.0,5.805194805194805,5.519914854566161,11,360.0,0.4028144440912056,19,695.0,0.19599758862505282,30,1055.0
6540.0,34,467.0,6.3108108108108105,4.46675092698175,14,316.0,0.3280933449099273,20,720.0,0.19536968933781856,34,1036.0
6545.0,33,504.0,7.2,3.9286256006583984,13,338.0,0.2699026049849519,20,690.0,0.16346603314502356,33,1028.0
6550.0,33,595.0,8.623188405797102,4.234500507804074,11,331.0,0.3131449424941248,22,741.0,0.10175805080910058,33,1072.0
6555.0,32,691.0,9.871428571428572,4.035536011655094,11,368.0,0.22769001408841508,21,773.0,0.13080077542507493,32,1141.0
6560.0,41,838.0,11.63888888888889,3.773503340802315,17,426.0,0.2112478825284719,24,840.0,0.19349446028040349,41,1266.0
6565.0,33,935.0,13.55072463768116,4.916159250461117,15,447.0,0.20541012516259566,18,870.0,0.3376261272355199,33,1317.0
6570.0,34,875.0,12.867647058823529,3.986625338717268,16,486.0,0.20353636861122143,18,847.0,0.25444250226593235,34,1333.0
6575.0,37,782.0,11.17142857142857,3.2284717874279565,14,389.0,0.2318285420274123,23,873.0,0.14058133752737412,37,1262.0
6580.0,38,888.0,12.685714285714285,4.077841607596255,13,280.0,0.3281882889437999,25,957.0,0.18421544316782912,38,1237.0
6585.0,30,890.0,12.191780821917808,4.127365241985157,11,273.0,0.2632561117934322,19,1005.0,0.22456066171860042,30,1278.0
6590.0,24,692.0,8.871794871794872,4.590574099550735,9,205.0,0.23962744956197718,15,951.0,0.2225871302630345,24,1156.0
6595.0,27,462.0,6.078947368421052,5.760368466276778,7,185.0,0.46143778061850677,20,920.0,0.18949935529914166,27,1105.0
6600.0,24,304.0,3.8974358974358974,4.643635048646634,5,173.0,0.42701953406388304,19,870.0,0.06432182748382897,24,1043.0
6605.0,26,354.0,4.8493150684931505,5.096088129352275,14,192.0,0.2902489784684324,12,895.0,0.20642315956275675,26,1087.0
6610.0,28,422.0,6.205882352941177,3.833099158376938,15,220.0,0.1013883156861776,13,840.0,0.20771732529203518,28,1060.0
6615.0,27,474.0,6.970588235294118,4.268531838921801,9,215.0,0.2227979681508544,18,737.0,0.11814965423746758,27,952.0
6620.0,21,449.0,7.015625,4.572972733009644,5,161.0,0.3934388313086595,16,795.0,0.10717323861893886,21,956.0
6625.0,19,489.0,7.887096774193548,5.1175427769789135,8,172.0,0.3116140079035242,11,804.0,0.24257084146002805,19,976.0
6630.0,25,570.0,9.344262295081966,3.8001831145375062,9,190.0,0.20016484496673584,16,794.0,0.23826742314109028,25,984.0
6635.0,27,640.0,10.491803278688524,4.866449803683427,7,185.0,0.403342117244361,20,754.0,0.21654406641894847,27,939.0
6640.0,25,432.0,6.857142857142857,4.2102745195828275,5,103.0,0.3881111164812329,20,742.0,0.12119188809377344,25,845.0
6645.0,31,398.0,6.317460317460317,4.498817615125891,9,77.0,0.343989992574591,22,652.0,0.19105821185444774,31,729.0
6650.0,31,436.0,7.032258064516129,3.854760706844398,9,90.0,0.353017342146497,22,701.0,0.1836636429626664,31,791.0
6655.0,31,464.0,7.483870967741935,3.946294220743322,11,127.0,0.2928077513033962,20,705.0,0.20249396218536775,31,832.0
6660.0,33,503.0,7.7384615384615385,3.6363539457291854,11,141.0,0.2563966305640088,22,725.0,0.20045048693504589,33,866.0
6665.0,28,497.0,7.3088235294117645,4.195324435342412,6,123.0,0.34103381510660374,22,724.0,0.1471534936227669,28,847.0
6670.0,22,227.0,3.289855072463768,4.737113058719945,4,81.0,0.45153506667733084,18,672.0,0.17491972480167312,22,753.0
6675.0,34,299.0,4.095890410958904,4.703304381801455,12,113.0,0.326578088751824,22,612.0,0.21644218933372775,34,725.0
6680.0,36,399.0,5.541666666666667,4.55611569697594,15,180.0,0.3904790001751179,21,645.0,0.1970618817555796,36,825.0
6685.0,37,352.0,4.821917808219178,4.0126143085487955,17,208.0,0.2939496152403747,20,609.0,0.1489815413417392,37,817.0
6690.0,35,390.0,5.131578947368421,3.681155515828644,15,232.0,0.24893607344474192,20,601.0,0.11812376954597677,35,833.0
6695.0,37,412.0,5.282051282051282,4.202077322276906,15,240.0,0.2754355629318804,22,599.0,0.15874603359363698,37,839.0
6700.0,36,388.0,4.9743589743589745,4.31626343695682,10,217.0,0.31166728184913167,26,650.0,0.17146060887110895,36,867.0
6705.0,36,383.0,4.974025974025974,4.022011618042822,14,257.0,0.27596852255278626,22,657.0,0.14310759094934294,36,914.0
6710.0,40,452.0,5.794871794871795,3.827003583883684,20,305.0,0.18550421253688817,20,673.0,0.21629593148595436,40,978.0
6715.0,38,516.0,6.531645569620253,3.7712521643125685,22,358.0,0.13688630883752756,16,671.0,0.30050424968117895,38,1029.0
6720.0,27,438.0,5.544303797468355,4.690295556085729,15,356.0,0.21047311991585493,12,574.0,0.30089358107131736,27,930.0
6725.0,29,513.0,6.333333333333333,4.730863684635877,14,376.0,0.27864942772707485,15,579.0,0.2091996449635036,29,955.0
6730.0,35,545.0,6.728395061728395,4.808011303454523,15,366.0,0.2142622078813926,20,574.0,0.18123020565727707,35,940.0
6735.0,35,473.0,6.142857142857143,4.078517684022595,14,357.0,0.21832222439359322,21,618.0,0.1658330839797574,35,975.0
6740.0,39,584.0,7.684210526315789,4.016255589818172,14,389.0,0.26290183752410934,25,672.0,0.17332063062081823,39,1061.0
6745.0,38,652.0,8.693333333333333,3.4302358463357945,15,396.0,0.2751064157300919,23,698.0,0.14067614954230054,38,1094.0
6750.0,30,612.0,8.052631578947368,3.9931402726300256,10,399.0,0.21007067148124378,20,669.0,0.17055288166846982,30,1068.0
6755.0,29,439.0,5.701298701298701,4.188527796659951,12,400.0,0.18979344207898913,17,605.0,0.1586243543296383,29,1005.0
6760.0,42,533.0,6.6625,4.549082316788135,20,474.0,0.2246364580145207,22,550.0,0.13328881570041617,42,1024.0
6765.0,42,680.0,8.717948717948717,4.0658298171360725,18,537.0,0.2926989568864353,24,597.0,0.14135682963985166,42,1134.0
6770.0,30,738.0,9.972972972972974,4.3821252398168005,13,546.0,0.30295322403304303,17,563.0,0.19199765993459172,30,1109.0
6775.0,30,799.0,10.797297297297296,4.6987352546399315,14,580.0,0.276846045886962,16,557.0,0.21004167674665722,30,1137.0
6780.0,32,527.0,6.506172839506172,4.434345957456617,14,493.0,0.2092510530976733,18,496.0,0.2004363764083715,32,989.0
6785.0,35,513.0,6.576923076923077,4.485814711672597,19,487.0,0.18407301705867224,16,542.0,0.3028875332330533,35,1029.0
6790.0,29,457.0,6.175675675675675,5.021428363885052,18,474.0,0.21249671524355646,11,546.0,0.3419334393310152,29,1020.0
6795.0,31,384.0,5.333333333333333,3.9566274182897447,16,410.0,0.14975659075036732,15,560.0,0.20551486880278363,31,970.0
6800.0,35,435.0,5.958904109589041,3.731242090061275,15,441.0,0.16599734955423695,20,547.0,0.14949704880675782,35,988.0
6805.0,31,445.0,6.449275362318841,4.193134949068525,9,417.0,0.26938790495249526,22,572.0,0.1545722478423328,31,989.0
6810.0,32,547.0,8.164179104477611,4.2020249979049416,10,396.0,0.3776310901523589,22,630.0,0.1051621540637409,32,1026.0
6815.0,27,588.0,8.4,5.255609317019942,10,409.0,0.3555073426993439,17,637.0,0.13905256743888952,27,1046.0
6820.0,30,705.0,9.791666666666666,5.341346757284204,10,459.0,0.2990915312704246,20,677.0,0.1655500919907303,30,1136.0
6825.0,31,716.0,10.228571428571428,5.26539673470607,10,458.0,0.407228389082018,21,685.0,0.15479526205098434,31,1143.0
6830.0,34,625.0,9.191176470588236,4.2324094164068455,12,417.0,0.3352354583336967,22,646.0,0.17784929328926297,34,1063.0
6835.0,33,651.0,10.015384615384615,4.361382314457036,11,370.0,0.3681967669835871,22,618.0,0.2327611834262866,33,988.0
6840.0,34,669.0,9.985074626865671,4.092690943039889,11,259.0,0.35156653584185293,23,673.0,0.2022662625161709,34,932.0
6845.0,27,579.0,8.514705882352942,4.153600228467609,12,236.0,0.2314818372990104,15,644.0,0.2442215912630209,27,880.0
6850.0,35,682.0,10.17910447761194,3.4784985869966185,17,248.0,0.09387171807535732,18,668.0,0.2578277957483171,35,916.0
6855.0,38,700.0,9.859154929577464,3.33307884285304,16,284.0,0.13345581258553707,22,697.0,0.2215296928425266,38,981.0
6860.0,30,729.0,10.267605633802816,4.10368141525414,6,251.0,0.3160327005381152,24,755.0,0.2015813851064046,30,1006.0
6865.0,29,772.0,10.432432432432432,4.348982891817096,7,178.0,0.3058052382820977,22,795.0,0.18039947805446918,29,973.0
6870.0,28,604.0,8.053333333333333,4.412943743347478,10,194.0,0.27071271320368,18,731.0,0.20104432529802396,28,925.0
6875.0,37,463.0,6.173333333333333,4.282778548575804,15,239.0,0.2242440284013991,22,634.0,0.20052832256311626,37,873.0
6880.0,34,399.0,5.619718309859155,3.6772599071715235,12,261.0,0.25813142136377487,22,711.0,0.17887964589282684,34,972.0
6885.0,25,371.0,5.013513513513513,4.382804830333102,6,214.0,0.3002247404891358,19,736.0,0.15732992698665327,25,950.0
6890.0,22,230.0,3.108108108108108,4.606092097137938,2,112.0,0.3256464902975718,20,762.0,0.16347765904671024,22,874.0
6895.0,36,376.0,4.7594936708860756,4.892388456913841,9,94.0,0.373818921587293,27,852.0,0.1729126749748521,36,946.0
6900.0,37,472.0,6.12987012987013,4.6910591305673615,8,104.0,0.4224793510738328,29,878.0,0.18198301510107723,37,982.0
6905.0,35,569.0,7.6891891891891895,4.622401496776038,8,143.0,0.4682651400149713,27,833.0,0.1739337658804595,35,976.0
6910.0,35,549.0,7.418918918918919,3.9494777596344646,10,131.0,0.3306334850151043,25,900.0,0.17917008910084808,35,1031.0
6915.0,27,478.0,6.732394366197183,4.712613806829691,6,80.0,0.38759988601850137,21,901.0,0.15527151790943758,27,981.0
6920.0,27,501.0,7.260869565217392,3.7941690582694925,7,100.0,0.18726253390067266,20,977.0,0.1293267408523084,27,1077.0
6925.0,38,665.0,9.63768115942029,3.8201048164749043,10,129.0,0.1785408028549651,28,1107.0,0.11405951600515195,38,1236.0
6930.0,41,766.0,11.264705882352942,3.184543887785541,10,144.0,0.17850862381577756,31,1196.0,0.11066217546916933,41,1340.0
6935.0,35,880.0,12.753623188405797,4.00998527305508,10,173.0,0.2482683860896734,25,1227.0,0.14842688452694602,35,1400.0
6940.0,28,770.0,11.492537313432836,4.1274062256839805,6,154.0,0.29206914696633396,22,1216.0,0.17113351524057613,28,1370.0
6945.0,29,504.0,7.2,4.597912277548384,4,89.0,0.4259324064653242,25,1154.0,0.12065167532877588,29,1243.0
6950.0,30,406.0,6.059701492537314,4.357482737794509,5,72.0,0.4093427224943306,25,1129.0,0.13990273754731458,30,1201.0
6955.0,35,385.0,5.579710144927536,4.390027223298147,9,114.0,0.3471953944709236,26,1053.0,0.15595689794616302,35,1167.0
6960.0,29,339.0,5.136363636363637,4.0313825581080085,7,141.0,0.3163106047470683,22,1088.0,0.17705259583819727,29,1229.0
6965.0,30,334.0,5.138461538461539,4.0459541981448846,11,181.0,0.30739944478486764,19,1044.0,0.15664989567557938,30,1225.0
6970.0,26,347.0,5.257575757575758,4.0874219692362095,7,169.0,0.34720052708528154,19,1036.0,0.17170130780903842,26,1205.0
6975.0,30,377.0,5.463768115942029,4.658691670371268,7,145.0,0.3971084703417272,23,969.0,0.18548831863768986,30,1114.0
6980.0,30,379.0,5.573529411764706,4.439559304697951,6,154.0,0.45134685764714316,24,1031.0,0.15538553767947202,30,1185.0
6985.0,35,522.0,7.565217391304348,5.006166381637531,7,193.0,0.4860639441212562,28,1098.0,0.1513666985552301,35,1291.0
6990.0,37,630.0,9.264705882352942,3.923388080573251,9,231.0,0.3939084969739806,28,1139.0,0.1127436425331898,37,1370.0
6995.0,31,503.0,7.507462686567164,3.997778429293912,9,201.0,0.3458610566423306,22,1108.0,0.10977510352044352,31,1309.0
7000.0,33,561.0,7.901408450704225,3.740088214094862,11,134.0,0.24461783282433433,22,1131.0,0.1180581558472347,33,1265.0
7005.0,31,586.0,8.492753623188406,4.232067909080262,8,144.0,0.40717894819879374,23,1129.0,0.12404457454519817,31,1273.0
7010.0,31,677.0,10.746031746031745,4.673955243444515,6,122.0,0.5128864399121267,25,1190.0,0.11907582653321067,31,1312.0
7015.0,31,703.0,11.524590163934427,3.388471123001141,8,68.0,0.3736591877244323,23,1234.0,0.053325194979573026,31,1302.0
7020.0,30,759.0,12.241935483870968,3.623436182064996,13,123.0,0.18984471350357449,17,1191.0,0.10477744576349,30,1314.0
7025.0,28,872.0,15.571428571428571,4.473829685747914,11,161.0,0.23801034241326105,17,1179.0,0.21667871868537628,28,1340.0
7030.0,28,965.0,17.545454545454547,4.505374149162584,11,188.0,0.2640117952175409,17,1211.0,0.16839456284566592,28,1399.0
7035.0,25,880.0,16.923076923076923,4.374933722831243,9,190.0,0.394784935377002,16,1142.0,0.0906562500156217,25,1332.0
7040.0,22,572.0,11.0,4.81852358330411,6,164.0,0.42715683720915737,16,945.0,0.12329027114515062,22,1109.0
7045.0,21,420.0,8.076923076923077,5.3346723041559425,8,173.0,0.42040639116086087,13,778.0,0.26415905667272993,21,951.0
7050.0,22,401.0,7.711538461538462,5.409484084231265,13,220.0,0.32452378298020906,9,537.0,0.39157258508960263,22,757.0
7055.0,25,519.0,9.61111111111111,4.847750663402793,14,287.0,0.29649475597608205,11,458.0,0.3731018689464543,25,745.0
7060.0,31,662.0,11.821428571428571,4.317477241497099,17,367.0,0.29589376248325666,14,406.0,0.2880030694359951,31,773.0
7065.0,34,605.0,10.614035087719298,2.5421205345268048,18,400.0,0.14888587010088444,16,403.0,0.21270413476244787,34,803.0
7070.0,22,550.0,9.821428571428571,3.6904799147795737,14,393.0,0.14363985291012676,8,341.0,0.23923107129274412,22,734.0
7075.0,16,323.0,5.666666666666667,4.6627219185474384,8,288.0,0.27168684315180885,8,286.0,0.1735333697122704,16,574.0
7080.0,23,299.0,5.067796610169491,5.851783799697339,9,156.0,0.43202071746316906,14,326.0,0.14908067388394142,23,482.0
7085.0,24,327.0,5.839285714285714,5.3963903734236345,11,184.0,0.3807742518583059,13,309.0,0.24751221532558457,24,493.0
7090.0,28,427.0,7.625,4.5630372524960725,15,221.0,0.2931407752433594,13,330.0,0.21160559179252622,28,551.0
7095.0,26,439.0,7.701754385964913,3.8995725174120834,17,266.0,0.20801335215616437,9,332.0,0.28338435938279366,26,598.0
7100.0,19,363.0,6.258620689655173,5.068493097043201,13,277.0,0.18790530308458936,6,273.0,0.31726919455808616,19,550.0
7105.0,14,212.0,3.533333333333333,5.9216738477230235,10,274.0,0.26711864794396234,4,145.0,0.3186061424553741,14,419.0
7110.0,20,157.0,2.532258064516129,5.951431834830308,11,247.0,0.22188862089696124,9,83.0,0.30747142501275215,20,330.0
7115.0,27,255.0,4.322033898305085,5.3626343180714775,14,253.0,0.223302095398712,13,142.0,0.3376145298268114,27,395.0
7120.0,27,355.0,6.016949152542373,4.952820483475393,13,287.0,0.21450024269935564,14,207.0,0.33867420625092304,27,494.0
7125.0,20,348.0,6.105263157894737,5.323230472912282,8,269.0,0.28792444398870876,12,215.0,0.32632389754498065,20,484.0
7130.0,20,335.0,5.982142857142857,5.440177538449757,11,303.0,0.26774649635209036,9,171.0,0.26807339453322987,20,474.0
7135.0,24,368.0,6.456140350877193,4.77302085588997,15,366.0,0.22004165420919572,9,172.0,0.17378161003801842,24,538.0
7140.0,32,474.0,8.618181818181819,4.0475556211383195,16,409.0,0.255241090470564,16,209.0,0.10363287511119373,32,618.0
7145.0,24,471.0,8.88679245283019,4.375427790171996,11,408.0,0.3893472427770567,13,232.0,0.05631198645325138,24,640.0
7150.0,23,320.0,5.925925925925926,5.1541159522970315,9,285.0,0.42705188150780243,14,234.0,0.10664880111934576,23,519.0
7155.0,21,228.0,4.0,5.275296575897739,11,174.0,0.3433923225263917,10,222.0,0.26321457661806824,21,396.0
7160.0,19,212.0,3.7857142857142856,5.904847046946104,15,219.0,0.2535482043613365,4,154.0,0.4619589648204438,19,373.0
7165.0,24,269.0,5.0754716981132075,5.261525589734698,19,310.0,0.14121130847990274,5,133.0,0.48969243031006415,24,443.0
7170.0,26,346.0,6.290909090909091,4.987911484343203,21,402.0,0.20071519514890038,5,125.0,0.37127754075724106,26,527.0
7175.0,23,335.0,6.090909090909091,4.990130159553808,18,426.0,0.2469426329666963,5,107.0,0.41067249984304344,23,533.0
7180.0,23,406.0,7.25,5.941012505229609,19,446.0,0.27280345308784165,4,98.0,0.49039566760645753,23,544.0
7185.0,20,348.0,6.327272727272727,5.967723666609025,18,461.0,0.21752008704136588,2,71.0,0.6666661573468502,20,532.0
7190.0,15,192.0,3.310344827586207,6.7887486882549615,11,396.0,0.279740634843773,4,77.0,0.5472003938915786,15,473.0
7195.0,12,171.0,3.0,5.532149396736836,11,430.0,0.2548325902503748,1,33.0,0.43000499084339777,12,463.0
7200.0,21,247.0,4.410714285714286,6.171145923930843,16,482.0,0.25745580335435275,5,26.0,0.5275441959579269,21,508.0
