step,system_total_stopped,system_total_waiting_time,system_mean_waiting_time,system_mean_speed,J17_stopped,J17_accumulated_waiting_time,J17_average_speed,J18_stopped,J18_accumulated_waiting_time,J18_average_speed,agents_total_stopped,agents_total_accumulated_waiting_time
5.0,1,0.0,0.0,1.842140370246489,0,0.0,1.0,1,0.0,0.1227654325446681,1,0.0
10.0,0,0.0,0.0,7.611353205652752,0,0.0,0.4545937427090392,0,0.0,0.673893604000238,0,0.0
15.0,1,0.0,0.0,9.548738921482494,0,0.0,0.7558326567833477,1,0.0,0.6755217732989923,1,0.0
20.0,0,0.0,0.0,9.722443233003785,0,0.0,0.8070103259001552,0,0.0,0.7007963430839629,0,0.0
25.0,0,0.0,0.0,7.676083533943687,0,0.0,0.49579156524419143,0,0.0,0.6242210394062633,0,0.0
30.0,6,10.0,0.5,7.776592674669912,5,8.0,0.4591895803752356,1,2.0,0.6857994915686519,6,10.0
35.0,4,30.0,1.3043478260869565,8.068561830977838,3,23.0,0.5645926827439254,1,8.0,0.5991655815246669,4,31.0
40.0,6,52.0,2.0,6.932782580693331,4,40.0,0.5196097479174833,2,12.0,0.4744394121168793,6,52.0
45.0,11,94.0,3.2413793103448274,6.207207695634757,6,65.0,0.3323681377032847,5,29.0,0.5436365272361633,11,94.0
50.0,12,110.0,3.3333333333333335,5.713688295300791,6,63.0,0.34225324129662443,6,53.0,0.3853731217499074,12,116.0
55.0,12,167.0,5.0606060606060606,6.4618231253103895,5,82.0,0.366546270319806,7,85.0,0.3226997714990898,12,167.0
60.0,15,237.0,6.970588235294118,6.06190637372994,5,108.0,0.35900087226555905,10,130.0,0.21465872401777839,15,238.0
65.0,18,321.0,9.17142857142857,4.689538426561518,7,140.0,0.263929420001587,11,182.0,0.15609499054821277,18,322.0
70.0,21,351.0,9.236842105263158,3.7355876942919215,8,136.0,0.2265425919002847,13,243.0,0.19341117022127022,21,379.0
75.0,20,442.0,11.945945945945946,4.144417321591927,7,139.0,0.22190460837500936,13,307.0,0.31562090149412897,20,446.0
80.0,22,547.0,13.675,5.001276062732623,9,182.0,0.3113615876979939,13,372.0,0.37385340942526635,22,554.0
85.0,23,655.0,14.886363636363637,5.236882981822433,8,222.0,0.3979097106229722,15,440.0,0.3456816726268773,23,662.0
90.0,23,651.0,13.851063829787234,5.02372521707204,6,161.0,0.4029363869578231,17,516.0,0.2673960192187359,23,677.0
95.0,25,736.0,15.333333333333334,4.7016991965748325,7,143.0,0.2765964730813167,18,601.0,0.24908780928920615,25,744.0
100.0,31,882.0,16.96153846153846,3.879187625869095,11,196.0,0.2980496041720798,20,693.0,0.17375792446582325,31,889.0
105.0,32,1036.0,19.923076923076923,3.569964875862109,12,255.0,0.30234829016435044,20,790.0,0.18950528018935392,32,1045.0
110.0,33,1082.0,19.672727272727272,3.688474051800814,13,249.0,0.20797278957262674,20,888.0,0.20564492682300475,33,1137.0
115.0,33,1205.0,21.90909090909091,4.029764607293633,12,232.0,0.1482683722734538,21,993.0,0.2262290148362396,33,1225.0
120.0,38,1384.0,24.714285714285715,3.7378273659394776,14,289.0,0.2116012985445108,24,1105.0,0.1864453993259997,38,1394.0
125.0,36,1293.0,23.089285714285715,3.49928600651972,13,342.0,0.21120791715227383,23,1074.0,0.20156641652042787,36,1416.0
130.0,31,1158.0,20.678571428571427,2.992613256836015,13,407.0,0.10650406442119975,18,952.0,0.19868460836998844,31,1359.0
135.0,34,1267.0,21.844827586206897,3.4814818708135533,17,483.0,0.22217041289575434,17,1018.0,0.16028557852320793,34,1501.0
140.0,37,1442.0,24.440677966101696,3.877864942573364,16,563.0,0.2565368826487286,21,1106.0,0.0926657643855522,37,1669.0
145.0,35,1368.0,23.1864406779661,3.525360842536969,14,502.0,0.21764577509195426,21,1134.0,0.05338179955102891,35,1636.0
150.0,27,1230.0,21.20689655172414,4.5465806622366065,8,346.0,0.28414949016302643,19,1127.0,0.1124691307394556,27,1473.0
155.0,29,1372.0,24.07017543859649,4.803732116637761,9,244.0,0.38078371478124634,20,1154.0,0.10243772051385158,29,1398.0
160.0,31,1523.0,26.25862068965517,5.255879120716009,11,269.0,0.34456863120272563,20,1254.0,0.16304780822480872,31,1523.0
165.0,32,1682.0,29.0,4.6377823995316865,12,328.0,0.36422469123415424,20,1354.0,0.13481939119444247,32,1682.0
170.0,33,1798.0,32.69090909090909,3.8210155817335636,11,352.0,0.2790187186139594,22,1462.0,0.1320154952903315,33,1814.0
175.0,32,1945.0,35.36363636363637,4.271512781362552,9,371.0,0.32781786454387524,23,1580.0,0.22845735041150989,32,1951.0
180.0,30,1708.0,29.964912280701753,3.7132436953461267,9,273.0,0.24263880171498134,21,1591.0,0.24410538922141198,30,1864.0
185.0,29,1667.0,27.327868852459016,4.894495804843412,6,195.0,0.34401603090027455,23,1611.0,0.2749768144492675,29,1806.0
190.0,34,1821.0,28.904761904761905,3.842258820115082,9,185.0,0.37586291338736944,25,1725.0,0.18237351276567956,34,1910.0
195.0,38,1958.0,29.666666666666668,3.9753049957824245,7,199.0,0.3569604383492836,31,1868.0,0.1964062609442369,38,2067.0
200.0,39,2110.0,32.46153846153846,2.9841546087857993,8,211.0,0.26858126418499323,31,1999.0,0.13828311219536996,39,2210.0
205.0,44,2294.0,35.292307692307695,3.0738005119453184,10,231.0,0.2550559753940907,34,2152.0,0.07726681298212064,44,2383.0
210.0,43,1844.0,27.11764705882353,3.5459219384931533,13,288.0,0.2671353325233182,30,1974.0,0.11909599053960565,43,2262.0
215.0,33,1142.0,16.794117647058822,4.012960988693062,10,332.0,0.3072946411309704,23,1529.0,0.16173062913027766,33,1861.0
220.0,35,928.0,13.44927536231884,4.618768578237253,12,374.0,0.39127330608454264,23,1285.0,0.10634102585358826,35,1659.0
225.0,32,905.0,12.928571428571429,5.3067468857289395,12,429.0,0.4513711261749789,20,1129.0,0.1588624963386105,32,1558.0
230.0,31,1025.0,13.85135135135135,5.386134236331957,13,487.0,0.4121263030614128,18,900.0,0.23392401965344012,31,1387.0
235.0,34,1183.0,15.773333333333333,5.457585225430353,15,555.0,0.3788200717903811,19,863.0,0.28899443085924875,34,1418.0
240.0,36,1358.0,18.602739726027398,5.35707092456663,17,636.0,0.37384700852190056,19,880.0,0.26850435039881687,36,1516.0
245.0,42,1554.0,20.72,4.126820121792557,19,724.0,0.3098118692316208,23,905.0,0.15461572028575418,42,1629.0
250.0,44,1686.0,22.48,2.8834208620141073,22,813.0,0.2449054890523098,22,983.0,0.06833695621079663,44,1796.0
255.0,53,1933.0,24.1625,3.0105930347020666,28,941.0,0.243190187370277,25,1096.0,0.05833328363822193,53,2037.0
260.0,52,2072.0,24.96385542168675,3.155425308302286,29,1068.0,0.2086833801101891,23,1164.0,0.10333834939007648,52,2232.0
265.0,46,2241.0,26.678571428571427,3.5640765041068736,26,1177.0,0.23240673733730674,20,1209.0,0.14087296963533555,46,2386.0
270.0,51,2430.0,27.93103448275862,3.1847783918864403,30,1308.0,0.18855674334850966,21,1282.0,0.1596451201362081,51,2590.0
275.0,56,2672.0,29.36263736263736,3.717002812537735,36,1466.0,0.1579790162579855,20,1346.0,0.22380139941791788,56,2812.0
280.0,54,2469.0,27.13186813186813,3.4492843696816893,36,1627.0,0.17636610383539872,18,1198.0,0.22582620994908612,54,2825.0
285.0,46,1850.0,20.108695652173914,4.048948854308651,32,1760.0,0.19578410233333243,14,882.0,0.20547421299356727,46,2642.0
290.0,44,1908.0,21.43820224719101,3.6888102477928117,35,1920.0,0.09953814150790304,9,582.0,0.310220533342734,44,2502.0
295.0,53,2141.0,24.0561797752809,3.8781650185531165,42,2113.0,0.05539156193409531,11,340.0,0.39870408814507574,53,2453.0
300.0,57,2418.0,28.44705882352941,3.2803881720913717,46,2335.0,0.04703959926442448,11,284.0,0.37995524300259365,57,2619.0
305.0,56,2643.0,31.843373493975903,3.0373805170255723,42,2506.0,0.07806521200839592,14,306.0,0.25403966272925643,56,2812.0
310.0,49,2714.0,34.35443037974684,2.959823283747904,37,2614.0,0.09478756636643107,12,314.0,0.06232325570292076,49,2928.0
315.0,45,2381.0,30.525641025641026,3.252167338623109,34,2494.0,0.10068405453120305,11,333.0,0.17604030921966163,45,2827.0
320.0,41,1944.0,24.60759493670886,4.0787324921503405,30,2236.0,0.14579186220436446,11,376.0,0.28696910363715133,41,2612.0
325.0,41,1947.0,25.285714285714285,4.410157175437306,28,2083.0,0.16494052203153145,13,440.0,0.39782133815948034,41,2523.0
330.0,45,2024.0,25.94871794871795,3.7349856662381162,30,2010.0,0.1304488458888751,15,509.0,0.34859438723768993,45,2519.0
335.0,47,2258.0,28.225,4.384791312846059,31,2061.0,0.19164157075919425,16,586.0,0.3427875724059704,47,2647.0
340.0,43,2344.0,30.05128205128205,3.4376557322449846,29,2133.0,0.1475813587150538,14,620.0,0.24551852519695228,43,2753.0
345.0,43,2424.0,30.68354430379747,3.6577835135755477,27,2129.0,0.11001744095003049,16,640.0,0.2457219589175642,43,2769.0
350.0,44,2618.0,34.44736842105263,3.383106399880787,29,2204.0,0.1415343005942082,15,707.0,0.18653907844959886,44,2911.0
355.0,48,2820.0,35.25,3.9433377377437266,32,2238.0,0.13956185241086727,16,784.0,0.22353736811144725,48,3022.0
360.0,43,2124.0,26.55,3.6117020606243786,30,2028.0,0.11417856486999876,13,688.0,0.26538798804924973,43,2716.0
365.0,37,1104.0,13.62962962962963,4.749413374939626,25,1536.0,0.22058416337691789,12,549.0,0.3346396148245192,37,2085.0
370.0,36,1021.0,12.604938271604938,4.665939530294573,22,1133.0,0.2175417828973831,14,584.0,0.31107020967462623,36,1717.0
375.0,39,1154.0,13.738095238095237,4.710184707321869,23,913.0,0.20066708462160712,16,663.0,0.3376697111197071,39,1576.0
380.0,47,1364.0,16.238095238095237,4.034422924617617,29,935.0,0.2178418829738149,18,747.0,0.2609874827782706,47,1682.0
385.0,53,1612.0,18.74418604651163,3.4274336904898672,30,956.0,0.18875044607854147,23,853.0,0.20567619068466714,53,1809.0
390.0,57,1642.0,18.043956043956044,2.5848938102103753,31,1010.0,0.14733653654773934,26,908.0,0.16821257898221909,57,1918.0
395.0,51,1630.0,17.717391304347824,3.7238292449898664,27,979.0,0.2094669986101818,24,973.0,0.20458895056345489,51,1952.0
400.0,50,1783.0,18.768421052631577,3.598063293834221,23,1017.0,0.20923762836678586,27,1091.0,0.17551295400687997,50,2108.0
405.0,55,2010.0,20.9375,3.582769233626372,27,1067.0,0.15175260010500138,28,1232.0,0.2333440514424349,55,2299.0
410.0,60,2103.0,22.372340425531913,2.42580631000233,31,1133.0,0.11587047154760254,29,1286.0,0.1704868571072015,60,2419.0
415.0,50,2097.0,22.793478260869566,2.837500144679868,28,1169.0,0.1427015317022387,22,1268.0,0.1143128902241949,50,2437.0
420.0,42,2014.0,21.655913978494624,3.1458821981633145,24,1155.0,0.13858047132881654,18,1323.0,0.12808718250720627,42,2478.0
425.0,46,1986.0,20.905263157894737,3.6292743657409754,25,1130.0,0.12296811117854292,21,1408.0,0.1872132524829798,46,2538.0
430.0,53,1563.0,17.175824175824175,3.4036812636515794,30,1232.0,0.14393351853396938,23,1218.0,0.1992550638358407,53,2450.0
435.0,51,1114.0,12.377777777777778,3.146341141323222,30,1334.0,0.1593985530073874,21,826.0,0.1923591460982107,51,2160.0
440.0,60,1313.0,14.752808988764045,2.4983778790925197,35,1463.0,0.1467969165586219,25,885.0,0.1872885835524737,60,2348.0
445.0,70,1628.0,17.695652173913043,1.8200007353762275,39,1644.0,0.06501147946067588,31,990.0,0.18660085982949381,70,2634.0
450.0,73,1953.0,20.557894736842105,1.8860034523534102,42,1785.0,0.08795151193631028,31,1141.0,0.16518363780828438,73,2926.0
455.0,68,2093.0,21.357142857142858,1.9613433393769808,38,1852.0,0.08191455916700766,30,1190.0,0.1806255120759461,68,3042.0
460.0,64,2100.0,21.649484536082475,1.990829051051894,41,2035.0,0.05931609034002439,23,1134.0,0.19281206159274417,64,3169.0
465.0,65,2170.0,21.7,1.991407737888975,44,2234.0,0.031005347938974765,21,1218.0,0.1902912720120829,65,3452.0
470.0,66,2403.0,23.33009708737864,2.0880060972408594,45,2398.0,0.052591612139026585,21,1295.0,0.15012350298304145,66,3693.0
475.0,66,2694.0,26.41176470588235,2.0940090066456816,42,2511.0,0.0534962858477517,24,1396.0,0.17036765519990418,66,3907.0
480.0,76,2590.0,24.666666666666668,1.8210187792550472,43,2402.0,0.06147743739160452,33,1532.0,0.14070530829234465,76,3934.0
485.0,73,2231.0,20.850467289719628,2.0155827364105736,36,2190.0,0.10143887589414079,37,1708.0,0.08641229532550336,73,3898.0
490.0,80,2342.0,21.29090909090909,2.272848188579287,36,2187.0,0.13199728555585413,44,1912.0,0.11654071842588322,80,4099.0
495.0,76,2057.0,18.20353982300885,2.28507206376797,32,2028.0,0.11897121249535851,44,2128.0,0.10031694798375457,76,4156.0
500.0,72,1641.0,14.269565217391305,2.2913440425820086,30,2143.0,0.11830594235803996,42,2045.0,0.06929896989796944,72,4188.0
505.0,65,1302.0,11.52212389380531,2.463014413146801,31,2299.0,0.14057819101852256,34,1776.0,0.11261744437169278,65,4075.0
510.0,65,1322.0,11.39655172413793,1.898699440555029,28,2211.0,0.11326020497399797,37,1952.0,0.07558067204830658,65,4163.0
515.0,65,1484.0,12.683760683760683,2.477276501646724,21,2015.0,0.17181687563652268,43,2159.0,0.1223346824737032,64,4174.0
520.0,73,1814.0,15.243697478991596,2.0906837484433334,29,2140.0,0.15344412658317008,44,2371.0,0.08234373958412802,73,4511.0
525.0,90,2232.0,18.146341463414632,1.8952675672728283,42,2328.0,0.11322819790617424,48,2607.0,0.07508204594419203,90,4935.0
530.0,96,2508.0,20.225806451612904,1.3926070244162394,50,2350.0,0.09424471226489918,46,2709.0,0.046684048260406785,96,5059.0
535.0,90,2633.0,21.760330578512395,1.5156516782228369,45,2186.0,0.09912892795058995,45,2725.0,0.04127412093811188,90,4911.0
540.0,85,2499.0,20.483606557377048,1.4617823865923478,38,2206.0,0.07866587164065218,44,2703.0,0.04890283691980299,82,4909.0
545.0,76,1921.0,15.491935483870968,1.952453595382493,34,2336.0,0.08823183243931783,38,2457.0,0.07093970908681473,72,4793.0
550.0,70,1526.0,12.611570247933884,2.2133408337050424,33,2501.0,0.07673257720956546,33,2310.0,0.12871370836618898,66,4811.0
555.0,60,1010.0,8.487394957983193,2.7425621196161396,33,2669.0,0.08725527435857733,23,1833.0,0.18731248950563548,56,4502.0
560.0,57,879.0,7.4491525423728815,3.0745312018933566,41,2892.0,0.06171760832070632,16,1584.0,0.2786685782693192,57,4476.0
565.0,59,978.0,8.35897435897436,3.2278664653849587,48,3109.0,0.047971740103644245,11,1289.0,0.34502620164420095,59,4398.0
570.0,61,1156.0,10.052173913043479,3.5287098930643164,50,3230.0,0.06227297190589913,11,988.0,0.41978427728720125,61,4218.0
575.0,68,1471.0,12.361344537815127,4.115803812691018,56,3413.0,0.06771194357607235,12,791.0,0.45648563742409215,68,4204.0
580.0,70,1810.0,15.47008547008547,3.9463182071743064,56,3688.0,0.08253894780256242,14,590.0,0.43950437450321017,70,4278.0
585.0,75,2168.0,18.689655172413794,3.6903607496249258,59,3974.0,0.0988921718870574,16,566.0,0.3577025979432042,75,4540.0
590.0,72,2250.0,20.27027027027027,2.825976063579017,56,4143.0,0.06572467490974009,16,543.0,0.2785025002936595,72,4686.0
595.0,76,2436.0,21.945945945945947,2.4221707458124593,56,4267.0,0.060830109541534484,20,620.0,0.19604713186890077,76,4887.0
600.0,81,2454.0,21.910714285714285,2.2349906622096456,58,4464.0,0.04200061527936545,23,586.0,0.1992135698556381,81,5050.0
605.0,76,2665.0,23.17391304347826,2.786588612373432,56,4646.0,0.05179618942962967,19,517.0,0.3003282412509879,75,5163.0
610.0,79,2783.0,24.412280701754387,1.9497173415667022,54,4850.0,0.05285916383118821,20,488.0,0.22648179181051814,74,5338.0
615.0,85,3082.0,26.11864406779661,2.375438850417459,56,5050.0,0.06248586601081454,24,407.0,0.2307741162030926,80,5457.0
620.0,87,3146.0,27.120689655172413,1.996682887316232,52,4970.0,0.057719260426945695,28,512.0,0.18730615064583903,80,5482.0
625.0,82,2807.0,23.99145299145299,1.942255577188231,44,4551.0,0.04913421585576531,31,645.0,0.1412249926339355,75,5196.0
630.0,76,2304.0,20.034782608695654,1.9731532256027842,34,4383.0,0.09391485700707138,34,698.0,0.11423696988478974,68,5081.0
635.0,63,1819.0,15.681034482758621,2.6750718725962135,27,4438.0,0.12405728173795626,28,703.0,0.1667702583623555,55,5141.0
640.0,52,1250.0,10.964912280701755,2.7186383229129847,22,4232.0,0.11575633813172413,22,823.0,0.17893639225560778,44,5055.0
645.0,45,897.0,8.008928571428571,2.8724526531096,12,3693.0,0.14029169134620584,25,942.0,0.15310532109326472,37,4635.0
650.0,42,658.0,5.721739130434782,2.7413599955033816,12,3811.0,0.15277836502652883,30,1004.0,0.09618054556041436,42,4815.0
655.0,41,582.0,5.243243243243243,3.147857260810324,15,3971.0,0.12869007551468076,26,976.0,0.13662517003187263,41,4947.0
660.0,36,622.0,5.603603603603603,3.3235505755543366,16,3761.0,0.1111915051807345,20,937.0,0.21879733043528193,36,4698.0
665.0,31,683.0,6.209090909090909,3.356991579438319,12,3252.0,0.14228186043404728,19,892.0,0.1834214179580115,31,4144.0
670.0,34,778.0,7.480769230769231,2.7398854287568635,12,3059.0,0.1768572127580164,22,921.0,0.12141535867147425,34,3980.0
675.0,32,869.0,8.519607843137255,2.927710351634018,11,2875.0,0.16592706947093216,21,900.0,0.12887538858110187,32,3775.0
680.0,36,983.0,9.54368932038835,2.9340405563945295,13,2693.0,0.17516175775127185,23,933.0,0.14889804315483457,36,3626.0
685.0,34,1082.0,10.82,3.1143405654855307,13,2309.0,0.20362099811538217,21,955.0,0.14271560845357215,34,3264.0
690.0,40,1206.0,12.181818181818182,3.1789015354134933,13,2169.0,0.209324969267655,27,1014.0,0.12557751239586204,40,3183.0
695.0,42,1339.0,13.127450980392156,3.1983805079064305,17,2246.0,0.14719031452003034,25,1032.0,0.1651034660629179,42,3278.0
700.0,48,1502.0,14.58252427184466,3.0730571067955217,23,2123.0,0.12406992640526444,25,1112.0,0.1867908687627633,48,3235.0
705.0,45,1637.0,16.207920792079207,3.475081051060462,20,1792.0,0.17121623284146636,25,1155.0,0.2208539400278561,45,2947.0
710.0,41,1572.0,15.72,3.2733972100920727,15,1754.0,0.19147594840200605,26,1221.0,0.15522128162922608,41,2975.0
715.0,42,1586.0,15.549019607843137,3.2579416750037296,17,1654.0,0.17128573395985394,25,1271.0,0.11573987712591818,42,2925.0
720.0,44,1723.0,16.892156862745097,3.2430868993406987,19,1526.0,0.17763187707042175,25,1355.0,0.12840841208759335,44,2881.0
725.0,44,1856.0,18.56,3.6283811477408388,19,1275.0,0.19661150373287425,25,1433.0,0.14283660233071746,44,2708.0
730.0,47,1992.0,19.722772277227723,2.484812329187391,23,1361.0,0.13842238713301575,24,1524.0,0.06940023326317582,47,2885.0
735.0,49,2178.0,21.145631067961165,2.664857420611374,27,1480.0,0.1143240642093815,22,1605.0,0.1162566885534869,49,3085.0
740.0,51,2362.0,22.495238095238093,2.6496752777593127,27,1450.0,0.128205384039643,24,1698.0,0.14381237529827692,51,3148.0
745.0,48,2525.0,23.37962962962963,3.3309432269829364,25,1258.0,0.1404047158719688,23,1796.0,0.2143628271564842,48,3054.0
750.0,44,2697.0,25.443396226415093,3.4696317070096363,23,1270.0,0.153479425179726,21,1892.0,0.23142180542107568,44,3162.0
755.0,51,2907.0,27.42452830188679,3.1990131136840594,28,1398.0,0.11134711370306531,23,1980.0,0.22250604918556197,51,3378.0
760.0,53,2996.0,29.372549019607842,2.5653699990146923,29,1415.0,0.1158740676229675,24,2099.0,0.13264351957027437,53,3514.0
765.0,58,3161.0,31.297029702970296,2.6201793830525757,29,1414.0,0.1086314453821591,29,2243.0,0.1354407927308073,58,3657.0
770.0,62,3388.0,33.54455445544554,2.02056780391856,34,1472.0,0.07048219975267782,28,2369.0,0.11839816676155378,62,3841.0
775.0,65,3561.0,34.911764705882355,2.4542368300038837,33,1447.0,0.13380126550212637,32,2516.0,0.08810615898115909,65,3963.0
780.0,58,2986.0,28.438095238095237,2.5116710808483775,30,1341.0,0.10945524480467657,28,2482.0,0.12586041232110282,58,3823.0
785.0,51,2113.0,19.20909090909091,3.452563300243216,26,1082.0,0.14594736043530943,25,2301.0,0.22459703126703146,51,3383.0
790.0,45,1947.0,17.862385321100916,3.6750838635971634,23,1014.0,0.15819853687853055,22,2174.0,0.28142992177890414,45,3188.0
795.0,54,2192.0,20.110091743119266,3.3639724890733125,28,974.0,0.1759992993341094,26,2198.0,0.2257873678468259,54,3172.0
800.0,64,2493.0,23.083333333333332,2.4869762291386994,35,1071.0,0.1295921466861305,29,2156.0,0.20284585857127826,64,3227.0
805.0,77,2729.0,23.730434782608697,1.7984713721526966,43,1167.0,0.07740629213823476,34,2300.0,0.13296579847287243,77,3467.0
810.0,79,2901.0,25.00862068965517,2.1277873230109625,40,1194.0,0.11170074816894061,39,2469.0,0.12266471883675284,79,3663.0
815.0,73,2847.0,24.54310344827586,2.0833667450269786,34,1308.0,0.12868895176654277,39,2589.0,0.11384592164985886,73,3897.0
820.0,63,2894.0,24.319327731092436,2.559636612575306,31,1420.0,0.08731029751420492,31,2649.0,0.19947097142272582,62,4069.0
825.0,57,2936.0,24.88135593220339,2.656118745309993,28,1505.0,0.08514926223458917,28,2700.0,0.2173227714367715,56,4205.0
830.0,69,3116.0,25.75206611570248,2.1588817643549687,33,1655.0,0.06636765194176587,36,2814.0,0.1275285368060941,69,4469.0
835.0,81,3272.0,27.728813559322035,1.6995843037160572,37,1696.0,0.06533432144978449,43,3000.0,0.10206120159964484,80,4696.0
840.0,88,3470.0,28.916666666666668,1.819130739542536,39,1696.0,0.0766177976989459,49,3230.0,0.08266094011441076,88,4926.0
845.0,90,3801.0,31.15573770491803,1.5929960048715572,40,1754.0,0.055621078580367,50,3477.0,0.08523188190046087,90,5231.0
850.0,90,3901.0,31.715447154471544,2.0001900925178897,42,1691.0,0.06781629919557171,48,3645.0,0.10751126806352013,90,5336.0
855.0,73,3792.0,31.081967213114755,2.4140953390149753,32,1821.0,0.09342213718336263,41,3719.0,0.08658051461909819,73,5540.0
860.0,63,2902.0,23.59349593495935,2.6157701991536575,28,1959.0,0.11205542318903926,35,3416.0,0.10790123659715706,63,5375.0
865.0,52,1292.0,10.766666666666667,2.7901346013500765,25,1999.0,0.1255923472290492,27,2709.0,0.13379017099580223,52,4708.0
870.0,54,648.0,5.491525423728813,2.573505515790104,25,2028.0,0.12872446462860082,27,2389.0,0.10734530640674769,52,4417.0
875.0,66,775.0,6.567796610169491,2.4192913877105746,31,2125.0,0.06586208548380477,32,2214.0,0.14435432697303363,63,4339.0
880.0,77,1101.0,9.252100840336135,2.277997241875203,38,2318.0,0.05023620435248402,39,2242.0,0.15310742684211795,77,4560.0
885.0,85,1484.0,12.366666666666667,2.008571362072402,45,2537.0,0.05333616516011671,40,1886.0,0.13217144941066164,85,4423.0
890.0,89,1908.0,15.768595041322314,2.0260135438255653,50,2778.0,0.0522642000247606,39,1865.0,0.14221977663133176,89,4643.0
895.0,94,2170.0,18.235294117647058,1.6429301180561884,48,2981.0,0.05824380982203276,44,1905.0,0.09625486619590162,92,4886.0
900.0,87,2306.0,19.216666666666665,1.7924813858005473,49,3204.0,0.05126340567404011,36,1858.0,0.08699416266734981,85,5062.0
905.0,79,2234.0,18.016129032258064,2.2139940991299807,46,3222.0,0.0747640288906173,31,1955.0,0.11403682415756465,77,5177.0
910.0,74,1951.0,15.362204724409448,2.73506070817028,39,3000.0,0.0996429407197086,32,2094.0,0.14107731051902503,71,5094.0
915.0,65,1568.0,12.747967479674797,2.393226504151614,30,3102.0,0.09708592034547202,31,2116.0,0.13186722101089665,61,5218.0
920.0,71,1216.0,9.886178861788618,2.1430768688262107,29,3243.0,0.10772670856021618,37,2291.0,0.08975555945572723,66,5534.0
925.0,76,1127.0,9.237704918032787,1.688244637591279,25,3370.0,0.1293628504128703,46,2492.0,0.049564163206679626,71,5862.0
930.0,84,1206.0,10.05,1.0640695542921081,25,3498.0,0.10177054044955451,54,2741.0,0.04955764979901231,79,6239.0
935.0,85,1304.0,10.866666666666667,1.0895244131857469,32,3471.0,0.08625293100510627,53,2843.0,0.0596737572125941,85,6314.0
940.0,78,1270.0,10.40983606557377,1.9132978380780037,32,3223.0,0.09886450051420861,46,2781.0,0.056984569254620136,78,6004.0
945.0,68,1252.0,9.858267716535433,2.846544057806177,30,2917.0,0.1561450890323768,38,2866.0,0.0780864898541052,68,5783.0
950.0,60,1149.0,8.906976744186046,3.242488866929134,26,2614.0,0.176958872947615,34,2929.0,0.09769971981921101,60,5543.0
955.0,51,1167.0,9.565573770491802,3.170914397258306,18,2301.0,0.25390225696210406,32,3087.0,0.08504142598778197,50,5388.0
960.0,52,1317.0,11.161016949152541,3.094772234251615,12,1990.0,0.3229626282273195,40,3274.0,0.051704772567491036,52,5264.0
965.0,62,1591.0,14.079646017699115,2.8284426612143156,15,1553.0,0.29879679096989326,47,3387.0,0.02522704275524486,62,4940.0
970.0,64,1902.0,17.135135135135137,3.0237793337205274,15,1182.0,0.32572083861527423,49,3438.0,0.015801246441557535,64,4620.0
975.0,67,2232.0,20.29090909090909,3.471957004610728,17,924.0,0.33385250265632466,50,3535.0,0.06235780881331453,67,4459.0
980.0,68,2567.0,23.990654205607477,3.6612051871784885,17,780.0,0.3371568108452979,51,3691.0,0.08779854095687795,68,4471.0
985.0,66,2887.0,27.235849056603772,3.526260009011894,17,771.0,0.3105106109595776,49,3865.0,0.07886960089388012,66,4636.0
990.0,70,3228.0,31.339805825242717,3.053788182510893,18,826.0,0.290172104466729,52,4078.0,0.0615136853632267,70,4904.0
995.0,70,3392.0,32.61538461538461,2.9025509894882826,20,923.0,0.23921448706467086,50,4104.0,0.07758976107401525,70,5027.0
1000.0,62,3119.0,29.149532710280372,3.3300413551744583,20,891.0,0.22934134184497207,42,3893.0,0.12086747523043324,62,4784.0
1005.0,56,2442.0,23.257142857142856,3.3014430230022542,23,884.0,0.2231741460457613,33,3602.0,0.1059521173102934,56,4486.0
1010.0,48,1660.0,15.80952380952381,3.4571587122294036,24,901.0,0.23889949784436898,24,3189.0,0.1233271020647789,48,4090.0
1015.0,54,1473.0,13.63888888888889,3.298167298259537,27,1025.0,0.22493021726745868,27,2938.0,0.11237860419767545,54,3963.0
1020.0,61,1653.0,15.027272727272727,3.0685647821259554,29,1162.0,0.22987378193790828,32,2832.0,0.11418458714502154,61,3994.0
1025.0,69,1973.0,17.774774774774773,2.7280472492856296,33,1318.0,0.20075460859505417,36,2716.0,0.12582347049372253,69,4034.0
1030.0,79,2349.0,21.16216216216216,2.185134318929544,38,1496.0,0.15626606119042857,41,2761.0,0.12864730135886654,79,4257.0
1035.0,81,2383.0,20.903508771929825,1.7562217801619255,39,1630.0,0.11908515420270391,42,2839.0,0.0992500380601845,81,4469.0
1040.0,74,2403.0,20.53846153846154,2.4712642101450712,35,1694.0,0.13638835253941747,39,2889.0,0.11352076093516959,74,4583.0
1045.0,70,2547.0,21.584745762711865,2.7704306697750707,32,1779.0,0.18023770780540055,38,2998.0,0.09103800378196679,70,4777.0
1050.0,73,2857.0,24.418803418803417,2.95966250146131,28,1863.0,0.1940597550118638,45,3165.0,0.05860106224443482,73,5028.0
1055.0,67,2625.0,22.058823529411764,2.920618731953121,25,1746.0,0.22015075244556798,42,3094.0,0.047457083119770184,67,4840.0
1060.0,61,1911.0,15.925,3.3230959696110185,26,1542.0,0.20034529135322743,35,2712.0,0.10755327511052237,61,4254.0
1065.0,50,1411.0,12.05982905982906,2.988766647791928,27,1634.0,0.15008903914580174,23,2605.0,0.1532424750524304,50,4239.0
1070.0,56,1195.0,10.042016806722689,3.184342923218854,33,1714.0,0.1177108126548667,23,2598.0,0.1741582781359928,56,4312.0
1075.0,59,1385.0,11.837606837606838,2.7945258070897556,38,1733.0,0.08750547111341582,21,2418.0,0.2159348735626708,59,4151.0
1080.0,58,1575.0,13.577586206896552,2.867223153938603,39,1670.0,0.05214935091614986,19,1984.0,0.21964699016764774,58,3654.0
1085.0,62,1786.0,15.264957264957266,2.2424749448187438,42,1844.0,0.053235838449645224,20,2033.0,0.1487756255643459,62,3877.0
1090.0,67,2080.0,17.93103448275862,2.4702799515208937,41,2030.0,0.09242967669748975,26,2151.0,0.11742418664001561,67,4181.0
1095.0,68,2064.0,18.265486725663717,1.699336397074248,39,2136.0,0.08311082893550374,29,2142.0,0.08682832926579728,68,4278.0
1100.0,63,1799.0,15.643478260869566,2.2771388714690457,36,2145.0,0.11799989542882879,27,2014.0,0.10860501003558608,63,4159.0
1105.0,66,1697.0,14.629310344827585,2.1963168878436488,33,2189.0,0.11318567355176001,33,1889.0,0.07725539556072233,66,4078.0
1110.0,62,1601.0,13.453781512605042,2.877793011898318,27,2163.0,0.12810524729220057,35,1540.0,0.10113396494287434,62,3703.0
1115.0,52,1044.0,8.77310924369748,3.062381149972956,25,1972.0,0.1388157332964329,27,1279.0,0.12524807618764316,52,3251.0
1120.0,52,660.0,5.689655172413793,3.5648887405557597,29,1523.0,0.11384562713270567,23,1053.0,0.21863391850321387,52,2576.0
1125.0,57,856.0,7.508771929824562,3.7754561287849557,39,1456.0,0.08570975853828584,18,924.0,0.23166641230732116,57,2380.0
1130.0,62,1149.0,10.168141592920353,3.9924302366110602,45,1672.0,0.060145891106729826,17,900.0,0.28447874681428337,62,2572.0
1135.0,68,1480.0,13.454545454545455,3.9769165230104067,49,1913.0,0.07443400875052922,19,914.0,0.31019320701419967,68,2827.0
1140.0,63,1535.0,14.902912621359222,3.0340947339889346,46,1997.0,0.0719532817403126,17,856.0,0.20231426924949297,63,2853.0
1145.0,56,1352.0,13.52,3.191739843511331,37,1903.0,0.11949357942148552,19,746.0,0.14144330875494646,56,2649.0
1150.0,54,1069.0,10.584158415841584,3.2082136651106627,31,1783.0,0.12895551982827955,23,664.0,0.12825564296666056,54,2447.0
1155.0,53,993.0,9.548076923076923,3.9435449934069378,27,1668.0,0.17750355918198865,26,584.0,0.17532259513225648,53,2252.0
1160.0,43,962.0,9.075471698113208,3.9257555621251736,21,1652.0,0.17740195763021496,22,637.0,0.21775997661258806,43,2289.0
1165.0,39,795.0,7.571428571428571,4.404585370010279,23,1603.0,0.17331468588941853,16,611.0,0.2933573416983075,39,2214.0
1170.0,42,773.0,7.578431372549019,4.297909109702253,27,1713.0,0.14193345558523066,15,580.0,0.34368585904959087,42,2293.0
1175.0,49,896.0,9.333333333333334,3.7816574358679573,33,1852.0,0.1194767245027625,16,601.0,0.30828207336334856,49,2453.0
1180.0,62,1091.0,11.48421052631579,2.405511622252031,40,1879.0,0.07578182788337491,22,682.0,0.15115273876517438,62,2561.0
1185.0,59,1202.0,13.208791208791208,2.0528333901255307,35,1766.0,0.06302643686068175,24,765.0,0.11241109333630703,59,2531.0
1190.0,48,1280.0,14.222222222222221,2.62036992854616,28,1913.0,0.07093790772923371,20,812.0,0.1644078035579815,48,2725.0
1195.0,50,1238.0,13.456521739130435,2.7585287762340656,31,2058.0,0.07857048762689443,19,809.0,0.11084488963704837,50,2867.0
1200.0,50,1216.0,12.936170212765957,3.0792452661329635,29,2049.0,0.11528818351638226,21,736.0,0.14561716036199604,50,2785.0
1205.0,43,1358.0,15.088888888888889,3.5327273156073766,24,1913.0,0.18019350030253334,19,816.0,0.16744213432224667,43,2729.0
1210.0,46,1542.0,17.522727272727273,3.371275924762862,22,1797.0,0.20000098854545925,24,923.0,0.11258896926578073,46,2720.0
1215.0,41,1559.0,17.51685393258427,3.501217706542205,19,1618.0,0.1775950151392131,22,988.0,0.14759313923883513,41,2606.0
1220.0,43,1591.0,18.079545454545453,4.019955236711555,21,1508.0,0.18996357102802788,22,1051.0,0.23021854736709702,43,2559.0
1225.0,38,1313.0,14.920454545454545,3.505725303534885,19,1524.0,0.17198688574428483,19,947.0,0.2139356459106335,38,2471.0
1230.0,30,889.0,10.337209302325581,4.023225477822563,17,1503.0,0.20693479198745232,13,713.0,0.2347305233380118,30,2216.0
1235.0,32,899.0,10.831325301204819,3.22025867945154,21,1491.0,0.14815069240372153,11,760.0,0.21544300540039682,32,2251.0
1240.0,40,1047.0,12.31764705882353,2.822443426110078,25,1401.0,0.08947123038947011,15,823.0,0.16761581253779448,40,2224.0
1245.0,46,1192.0,14.023529411764706,2.8483209632407482,27,1464.0,0.11570025121271961,19,781.0,0.1998002335500368,46,2245.0
1250.0,36,1259.0,14.988095238095237,4.01966624445442,26,1507.0,0.17677337872553417,10,618.0,0.29964644863415957,36,2125.0
1255.0,31,1336.0,15.534883720930232,4.53592202601587,23,1567.0,0.23725475671401597,8,624.0,0.25422388311439065,31,2191.0
1260.0,40,1490.0,17.529411764705884,4.007848019632526,23,1573.0,0.19994402324447771,17,683.0,0.174482749755398,40,2256.0
1265.0,45,1635.0,19.464285714285715,3.2548524654033524,26,1501.0,0.13845329176180318,19,762.0,0.17324451397603985,45,2263.0
1270.0,54,1852.0,21.28735632183908,2.5506735621100987,31,1605.0,0.10321888195249575,23,859.0,0.1708369905143862,54,2464.0
1275.0,51,2039.0,22.16304347826087,3.5557314122327375,29,1683.0,0.18007891489896236,22,964.0,0.18523148534691744,51,2647.0
1280.0,46,1727.0,18.372340425531913,4.1559264416888695,23,1512.0,0.23080263748544602,23,1073.0,0.20165262215520666,46,2585.0
1285.0,48,1177.0,12.793478260869565,3.86312380269641,25,1183.0,0.16934239733842582,23,1051.0,0.21343103530107682,48,2234.0
1290.0,52,923.0,10.142857142857142,3.1083542301077713,31,1167.0,0.10089432831928269,21,945.0,0.24527158226691756,52,2112.0
1295.0,51,1097.0,11.795698924731182,3.5041464122784336,29,1124.0,0.15417775025651528,22,921.0,0.26321815350193756,51,2045.0
1300.0,51,1224.0,12.884210526315789,3.4701526867269457,28,1072.0,0.20134479129336963,23,993.0,0.20906764883472811,51,2065.0
1305.0,55,1388.0,14.610526315789473,3.250230638708606,30,1076.0,0.1678475668613016,25,1083.0,0.20704073752103383,55,2159.0
1310.0,58,1636.0,17.221052631578946,2.739158647533202,34,1167.0,0.09421305820857251,24,1128.0,0.19154537852454318,58,2295.0
1315.0,64,1916.0,19.75257731958763,3.285305682512956,37,1224.0,0.10538228420963647,27,1241.0,0.24304333159758787,64,2465.0
1320.0,60,1795.0,18.13131313131313,2.7216125084702774,36,1298.0,0.11508042105850957,24,1162.0,0.21769694584269322,60,2460.0
1325.0,48,1080.0,10.8,3.209660981022147,29,1273.0,0.14664549578932026,19,893.0,0.20994671088152797,48,2166.0
1330.0,41,508.0,4.980392156862745,3.654888360487095,23,1154.0,0.1736057943884478,18,946.0,0.20646483681775737,41,2100.0
1335.0,41,497.0,4.778846153846154,3.9616419382994694,26,1098.0,0.12775124470605836,15,966.0,0.22843877098288268,41,2064.0
1340.0,53,672.0,6.857142857142857,3.095618186684476,30,1140.0,0.13366350222518608,23,905.0,0.15513362585014479,53,2045.0
1345.0,47,780.0,8.041237113402062,3.410907921223373,28,1087.0,0.14337481191799098,19,712.0,0.17327686797129327,47,1799.0
1350.0,42,822.0,8.303030303030303,3.4464184802031976,24,1137.0,0.19903589917566378,18,759.0,0.16184734775272502,42,1896.0
1355.0,41,789.0,8.051020408163266,3.8403082783433318,25,1142.0,0.14925553515453382,16,788.0,0.23520060335404258,41,1930.0
1360.0,44,895.0,9.835164835164836,3.0441936251827717,27,1164.0,0.08462437983638497,17,722.0,0.26838239324726043,44,1886.0
1365.0,43,983.0,10.457446808510639,3.2042552674933704,27,1118.0,0.10185592947858849,16,590.0,0.18065278455036093,43,1708.0
1370.0,46,1049.0,10.927083333333334,3.3354330481152004,25,1179.0,0.14179506109801152,21,644.0,0.13659923192711212,46,1823.0
1375.0,46,1203.0,13.076086956521738,3.815648781644126,27,1247.0,0.13664047968138976,19,695.0,0.20027524778083752,46,1942.0
1380.0,47,1368.0,14.869565217391305,3.435061240330413,30,1291.0,0.08206487454474234,17,729.0,0.24082720458157134,47,2020.0
1385.0,47,1487.0,16.34065934065934,4.0278702983171994,28,1294.0,0.14656436648147714,19,742.0,0.2611799465145911,47,2036.0
1390.0,40,1320.0,14.193548387096774,4.425777760706462,23,1324.0,0.2480492468204829,17,632.0,0.16864136754023182,40,1956.0
1395.0,43,1185.0,13.166666666666666,4.633193253240811,22,1223.0,0.2884036443221275,21,497.0,0.1001593520184466,43,1720.0
1400.0,39,843.0,9.80232558139535,3.7876149904840153,19,1068.0,0.23497321474437788,20,524.0,0.06883472641405732,39,1592.0
1405.0,42,702.0,8.457831325301205,4.159345974110792,25,1002.0,0.2042745442326221,17,468.0,0.17090708712385544,42,1470.0
1410.0,37,737.0,8.879518072289157,3.820559986635355,26,1085.0,0.15805747851553975,11,482.0,0.2587244608649241,37,1567.0
1415.0,38,822.0,10.148148148148149,4.0719269740112285,24,1128.0,0.19840770494554352,14,497.0,0.24123298279571975,38,1625.0
1420.0,44,987.0,12.3375,3.4813067601820378,24,1183.0,0.2085431372478108,20,542.0,0.1367389554768013,44,1725.0
1425.0,47,1190.0,14.337349397590362,3.676709901208874,26,1197.0,0.17106670896260362,21,643.0,0.16778865506349075,47,1840.0
1430.0,45,1178.0,14.365853658536585,3.489969697237473,27,1241.0,0.13381416666684873,18,638.0,0.25701383578314635,45,1879.0
1435.0,38,1130.0,14.125,3.4131438235893206,29,1233.0,0.09822556221833736,9,503.0,0.2950429136304004,38,1736.0
1440.0,45,1279.0,15.9875,3.168910677998448,32,1356.0,0.0572851499834555,13,460.0,0.3065626651212571,45,1816.0
1445.0,45,1132.0,13.804878048780488,3.0063436237492764,29,1355.0,0.12176211112603438,16,412.0,0.22962147075993777,45,1767.0
1450.0,44,843.0,10.035714285714286,3.490283060204583,26,1209.0,0.17653928166496505,18,415.0,0.2399001492136341,44,1624.0
1455.0,34,539.0,6.341176470588235,3.5093585247844357,22,1192.0,0.09722637805731603,12,390.0,0.2570574225146947,34,1582.0
1460.0,38,582.0,6.53932584269663,4.055750159293206,23,1173.0,0.12346856752149493,15,411.0,0.2868334216985089,38,1584.0
1465.0,47,746.0,8.108695652173912,3.7417539348564723,28,1274.0,0.12437928343914391,19,398.0,0.24941741683858898,47,1672.0
1470.0,54,901.0,10.123595505617978,2.8037043248191864,28,1384.0,0.1593648543757936,26,428.0,0.1833036164799926,54,1812.0
1475.0,58,886.0,9.526881720430108,2.335137803040594,28,1413.0,0.17919597650138885,30,498.0,0.11482109661442691,58,1911.0
1480.0,51,746.0,7.9361702127659575,3.0079566999562526,21,1338.0,0.22353537811584587,30,586.0,0.11654143528374035,51,1924.0
1485.0,52,804.0,8.204081632653061,3.1640282834399645,21,1212.0,0.23179817925873242,31,660.0,0.10731025156478065,52,1872.0
1490.0,46,685.0,6.91919191919192,3.970049407366149,23,1050.0,0.20291551786593648,23,668.0,0.1869403003826492,46,1718.0
1495.0,39,559.0,5.822916666666667,3.7194295660675327,23,1108.0,0.18578380594013863,16,680.0,0.19608998848873213,39,1788.0
1500.0,46,629.0,6.484536082474227,3.378054341509152,26,1149.0,0.17813165430662334,20,769.0,0.1769839839143937,46,1918.0
1505.0,53,832.0,8.489795918367347,2.4226527235984645,31,1172.0,0.12556019113470304,22,814.0,0.15592867743358557,53,1986.0
1510.0,53,1004.0,10.141414141414142,3.3655464248013303,33,1138.0,0.13905960635856685,20,803.0,0.2194170361129318,53,1941.0
1515.0,45,823.0,8.313131313131313,3.0025959094219177,31,1152.0,0.11099528348736226,14,732.0,0.2117121641302937,45,1884.0
1520.0,38,575.0,5.86734693877551,3.444311051350108,24,1086.0,0.14828069275357203,14,590.0,0.16712264861894438,38,1676.0
1525.0,43,551.0,5.680412371134021,2.8637993968470856,21,1106.0,0.1741043947368568,22,611.0,0.07051262379255406,43,1717.0
1530.0,46,652.0,6.863157894736842,3.343420499175685,24,1074.0,0.14929271940286865,22,594.0,0.14666759309953176,46,1668.0
1535.0,36,724.0,7.702127659574468,3.2626891440524095,22,1098.0,0.1508147553813347,14,606.0,0.18076162913557672,36,1704.0
1540.0,43,831.0,8.56701030927835,3.5931470236945504,23,1066.0,0.19492466779889764,20,594.0,0.14749723148015317,43,1660.0
1545.0,45,962.0,9.917525773195877,3.2526857376037586,25,1131.0,0.19179295362238097,20,618.0,0.15582947035246889,45,1749.0
1550.0,42,1071.0,10.818181818181818,3.7643575786072714,27,1182.0,0.15103271512579203,15,580.0,0.24431704716935387,42,1762.0
1555.0,41,1059.0,10.59,3.8116128006822008,29,1230.0,0.1292067742672121,12,552.0,0.2692845478245239,41,1782.0
1560.0,41,987.0,10.28125,3.6840153462459426,28,1216.0,0.18958513850495448,13,459.0,0.14468283603149248,41,1675.0
1565.0,48,1179.0,12.815217391304348,3.5745275087941826,26,1224.0,0.24048703212758427,22,452.0,0.0875630195884599,48,1676.0
1570.0,53,1350.0,14.516129032258064,3.113517602755547,31,1333.0,0.19721624158890305,22,505.0,0.124043617593834,53,1838.0
1575.0,47,1417.0,15.236559139784946,2.852374917341766,33,1425.0,0.10781729197362318,14,479.0,0.24097354094698054,47,1904.0
1580.0,46,1532.0,16.29787234042553,3.5174609798873546,36,1551.0,0.09786877362100845,10,451.0,0.38369746685221195,46,2002.0
1585.0,47,1698.0,17.6875,3.6855109488015465,32,1658.0,0.12897208523828124,15,484.0,0.2986912118052615,47,2142.0
1590.0,47,1472.0,15.827956989247312,3.2674265154252744,29,1633.0,0.16666444709049025,18,428.0,0.1597139920260782,47,2061.0
1595.0,55,1357.0,14.591397849462366,2.9288555908131224,35,1601.0,0.10318429950413908,20,374.0,0.14731893677247979,55,1975.0
1600.0,56,1426.0,15.333333333333334,2.8483201485321463,37,1731.0,0.11553129921296319,19,418.0,0.18679600023608386,56,2149.0
1605.0,55,1631.0,17.16842105263158,3.3297599727841933,33,1837.0,0.188011584233224,22,473.0,0.126244425026155,55,2310.0
1610.0,52,1778.0,18.71578947368421,3.696334018730719,33,1947.0,0.229060798713218,19,488.0,0.1229805585013205,52,2435.0
1615.0,45,1754.0,18.082474226804123,4.063605500281926,34,2008.0,0.17824772934348107,11,398.0,0.27343272297792565,45,2406.0
1620.0,45,1835.0,19.731182795698924,3.908672579940347,38,2052.0,0.1090370289152728,7,366.0,0.3706544225551781,45,2418.0
1625.0,56,2083.0,23.40449438202247,3.3436130798583603,43,2169.0,0.09447553478419003,13,400.0,0.2825921535402389,56,2569.0
1630.0,57,2230.0,25.0561797752809,2.4289042483328824,41,2299.0,0.0289795007117809,16,398.0,0.23312131771626987,57,2697.0
1635.0,51,2221.0,25.825581395348838,2.966380415039204,39,2362.0,0.06389342254449862,12,314.0,0.24892257680353957,51,2676.0
1640.0,43,2192.0,25.195402298850574,3.4387938668635734,35,2483.0,0.09732781248196976,8,306.0,0.3313428464345046,43,2789.0
1645.0,44,2206.0,23.97826086956522,4.006287870858295,29,2525.0,0.15177746560952576,15,333.0,0.26635725943221944,44,2858.0
1650.0,48,2414.0,26.822222222222223,4.3912148470906205,34,2596.0,0.19393554743564803,14,363.0,0.2914149078589773,48,2959.0
1655.0,45,2600.0,29.545454545454547,4.418385936732609,36,2705.0,0.17350883319566704,9,354.0,0.3137454793629422,45,3059.0
1660.0,47,2688.0,30.202247191011235,3.4201854426881018,36,2792.0,0.13987160547062769,11,345.0,0.1804409569206857,47,3137.0
1665.0,57,2853.0,32.42045454545455,3.362780113245439,36,2874.0,0.160531461992598,21,431.0,0.1430079093565724,57,3305.0
1670.0,54,2088.0,23.46067415730337,2.7183653883065095,35,2598.0,0.12127906603801117,19,374.0,0.16352049300556518,54,2972.0
1675.0,44,924.0,10.382022471910112,3.6580903239871008,32,2110.0,0.13799968238633764,12,235.0,0.2985888672861185,44,2345.0
1680.0,40,675.0,7.336956521739131,4.452431600490959,27,1709.0,0.18986334106638278,13,266.0,0.3654502753360811,40,1975.0
1685.0,43,830.0,9.021739130434783,4.903885293993337,26,1338.0,0.25930734059015964,17,323.0,0.3610841312063758,43,1661.0
1690.0,48,1053.0,11.32258064516129,4.254479676283055,26,1200.0,0.25817927788574696,22,412.0,0.25745641481332965,48,1612.0
1695.0,57,1319.0,14.03191489361702,3.695936599089817,30,1223.0,0.2468418364469919,27,534.0,0.1768591755748386,57,1757.0
1700.0,64,1624.0,16.404040404040405,3.3352800011223733,32,1354.0,0.1575399136133251,32,684.0,0.21001940364394495,64,2038.0
1705.0,65,1559.0,15.59,2.4307323192509744,33,1336.0,0.1414092861816618,32,750.0,0.13487138392093734,65,2086.0
1710.0,57,1148.0,11.48,2.921242650176398,29,1187.0,0.1294724049256929,28,714.0,0.16416816747229984,57,1901.0
1715.0,51,950.0,9.134615384615385,2.9238511894287074,24,1231.0,0.11647465726005485,27,844.0,0.15981036009089428,51,2075.0
1720.0,46,783.0,7.317757009345795,3.5480008280799153,21,1186.0,0.18484614032143276,25,966.0,0.15384240874903723,46,2152.0
1725.0,45,859.0,8.10377358490566,3.303112750145021,21,1137.0,0.1667015888714999,24,978.0,0.1497836168292301,45,2115.0
1730.0,47,963.0,9.349514563106796,3.1622036674231486,24,997.0,0.06759036364356379,23,926.0,0.18714268665421657,47,1923.0
1735.0,44,882.0,8.563106796116505,2.8364755647186977,26,1035.0,0.08169326463081955,18,951.0,0.17506920984457766,44,1986.0
1740.0,46,699.0,6.721153846153846,2.910578722684794,25,1002.0,0.1385605582379493,21,954.0,0.1471125511910604,46,1956.0
1745.0,47,728.0,6.933333333333334,3.012099638021,22,1088.0,0.2150152748557443,25,1059.0,0.10720183640716677,47,2147.0
1750.0,61,1001.0,9.625,2.492103510201397,27,1197.0,0.19705242612126037,34,1202.0,0.07271260133271337,61,2399.0
1755.0,70,1202.0,11.233644859813085,2.0241210232235285,30,1241.0,0.15638810100355427,40,1283.0,0.06848520113798512,70,2524.0
1760.0,66,1281.0,11.97196261682243,2.6412869576525106,30,1253.0,0.12762721576030175,36,1271.0,0.1388503839810366,66,2524.0
1765.0,54,939.0,8.77570093457944,2.8067281108683004,28,1247.0,0.12876286617697075,26,1192.0,0.16188761778110716,54,2439.0
1770.0,38,429.0,4.047169811320755,3.6253682777309506,21,1153.0,0.17657964259302744,17,1050.0,0.17330755887513957,38,2203.0
1775.0,40,499.0,4.798076923076923,3.9598002820869693,22,1066.0,0.25322206254280893,18,1005.0,0.19573883108776186,40,2071.0
1780.0,50,641.0,6.346534653465347,3.2326084799231745,24,1079.0,0.22871394552210234,26,987.0,0.10759580832200377,50,2066.0
1785.0,53,738.0,7.235294117647059,2.836084334480361,26,1104.0,0.11850689732275525,27,916.0,0.10544800793560775,53,2020.0
1790.0,53,844.0,8.27450980392157,2.7667393492577577,26,1155.0,0.09361752721783571,27,1017.0,0.14629231476355797,53,2172.0
1795.0,47,942.0,9.612244897959183,3.5425993219666037,22,1177.0,0.1781234282282577,25,1103.0,0.1815031166232064,47,2280.0
1800.0,46,1077.0,11.580645161290322,3.6045248846146474,24,1240.0,0.22393487334780435,22,1196.0,0.14909039552107978,46,2436.0
1805.0,51,1102.0,11.849462365591398,2.88664842100814,22,1186.0,0.12658427140108158,29,1284.0,0.09451321877743604,51,2470.0
1810.0,55,890.0,9.56989247311828,2.8190308311359527,20,998.0,0.17787234745862662,35,1324.0,0.08819961250702395,55,2322.0
1815.0,55,822.0,8.74468085106383,3.724094810781193,18,870.0,0.31911926782966665,37,1362.0,0.0925970926305373,55,2232.0
1820.0,57,929.0,9.677083333333334,2.9908663206770014,19,896.0,0.23431098284525528,38,1403.0,0.11540943404522394,57,2299.0
1825.0,55,824.0,8.408163265306122,2.8427133711553707,22,888.0,0.1420574655055639,33,1301.0,0.14583206698575416,55,2189.0
1830.0,51,666.0,6.795918367346939,2.86503127830634,23,888.0,0.12262941265644216,28,1204.0,0.14944342690236798,51,2092.0
1835.0,50,623.0,6.107843137254902,3.0564557573219,27,920.0,0.08888448676873588,23,1284.0,0.1731698933370097,50,2204.0
1840.0,53,648.0,6.29126213592233,3.0733066555150645,28,990.0,0.160151309143149,25,1344.0,0.1339480538989201,53,2334.0
1845.0,42,519.0,5.19,3.447799098850675,19,961.0,0.25447675304353096,23,1392.0,0.11379945000353478,42,2353.0
1850.0,46,612.0,6.0594059405940595,3.0408273528484804,16,904.0,0.23025599857371684,30,1464.0,0.07869934171847984,46,2368.0
1855.0,53,640.0,6.095238095238095,3.003169805952242,20,787.0,0.2277136013006355,33,1518.0,0.07962893631446766,53,2305.0
1860.0,61,749.0,6.935185185185185,3.472653867814051,24,736.0,0.25808194727283307,37,1587.0,0.12856394546497094,61,2323.0
1865.0,65,997.0,9.317757009345794,2.8095760763774313,24,820.0,0.2467524284353998,41,1769.0,0.11554419523132235,65,2589.0
1870.0,72,1337.0,12.85576923076923,2.464820449826191,28,929.0,0.19813674775284706,44,1988.0,0.12234744138881867,72,2917.0
1875.0,80,1474.0,13.77570093457944,1.5390179098627208,34,986.0,0.08442599917706531,46,2026.0,0.08816154505135354,80,3012.0
1880.0,74,1354.0,12.422018348623853,1.9853087106133809,35,1082.0,0.03552026066725089,39,1889.0,0.12327550185951648,74,2971.0
1885.0,73,1438.0,13.314814814814815,2.492927834814822,38,1262.0,0.06400986422811253,35,1744.0,0.14361230281592322,73,3006.0
1890.0,70,1499.0,14.141509433962264,2.3050999247721293,41,1458.0,0.04051575904182427,29,1449.0,0.1776974551960968,70,2907.0
1895.0,66,1558.0,14.838095238095239,3.0608521505998416,44,1676.0,0.06221045408810392,22,1325.0,0.23906988189027534,66,3001.0
1900.0,53,1547.0,15.019417475728156,3.133403431149147,42,1793.0,0.06098444257630996,11,1200.0,0.2853167251092351,53,2993.0
1905.0,53,1494.0,13.962616822429906,3.379038105872943,38,1932.0,0.10213418379466871,15,1154.0,0.2832289446221437,53,3086.0
1910.0,55,1601.0,15.10377358490566,3.1252313438181054,38,2054.0,0.10798025957869067,17,1124.0,0.27337751259712095,55,3178.0
1915.0,58,1756.0,16.110091743119266,3.1766116756385134,40,2115.0,0.05520052242104268,18,1014.0,0.2511653984658798,58,3129.0
1920.0,56,1607.0,14.477477477477477,2.8028715319020048,39,2122.0,0.0621329199685934,17,1029.0,0.20285691427854194,56,3151.0
1925.0,50,1136.0,10.142857142857142,3.515202449832063,31,1933.0,0.1644419290598626,19,1019.0,0.19959762514270238,50,2952.0
1930.0,47,787.0,7.220183486238532,3.2382506329187333,23,1761.0,0.2108377170186521,24,1065.0,0.10528583351703666,47,2826.0
1935.0,50,832.0,7.775700934579439,3.3393942996284878,19,1460.0,0.22067691611119275,31,1194.0,0.06627444883293504,50,2654.0
1940.0,60,1091.0,10.19626168224299,3.08961700156197,18,1311.0,0.20020594462070027,42,1384.0,0.07585801185440744,60,2695.0
1945.0,59,1231.0,11.398148148148149,3.215645804375515,18,1301.0,0.25291310125990846,41,1505.0,0.08055576601702757,59,2806.0
1950.0,60,1268.0,11.850467289719626,3.4344421461670533,20,1228.0,0.2528015709716793,40,1576.0,0.131364992557615,60,2804.0
1955.0,60,1216.0,11.36448598130841,2.7825337332288647,24,1150.0,0.15913682972625287,36,1597.0,0.1581214596166933,60,2747.0
1960.0,58,915.0,8.632075471698114,2.7085380348732255,27,1059.0,0.08906805959518972,31,1456.0,0.160776886427831,58,2515.0
1965.0,66,843.0,8.028571428571428,2.6686267021769483,34,1127.0,0.10966504034990784,32,1333.0,0.13561022277531326,66,2460.0
1970.0,62,787.0,7.640776699029126,2.818131308319344,37,1234.0,0.10476780071257351,25,1323.0,0.15224346300723998,62,2557.0
1975.0,59,794.0,7.70873786407767,2.6659319794818592,34,1252.0,0.15552455216775976,25,1289.0,0.13296034183928146,59,2541.0
1980.0,52,714.0,7.0,2.7902882381917475,29,1120.0,0.17275431885643744,23,1372.0,0.14494942818009196,52,2492.0
1985.0,58,766.0,7.509803921568627,2.795017771356504,24,1066.0,0.20789639215056435,34,1503.0,0.08133510681905468,58,2569.0
1990.0,53,775.0,7.75,2.7686861022822904,16,952.0,0.19235333538236116,37,1528.0,0.0525162266795912,53,2480.0
1995.0,47,759.0,7.59,3.4690053989364147,16,826.0,0.20618579945794138,31,1406.0,0.10550550376316715,47,2232.0
2000.0,44,859.0,8.676767676767676,3.666379875588736,21,852.0,0.16883311845469684,23,1350.0,0.17000814767595357,44,2202.0
2005.0,48,994.0,10.142857142857142,3.4471508857847732,29,960.0,0.1038101661769951,19,1181.0,0.22425912688457547,48,2141.0
2010.0,53,1216.0,12.282828282828282,3.643583692466666,36,1119.0,0.11673665251895007,17,1068.0,0.2690784866023874,53,2187.0
2015.0,55,1481.0,15.427083333333334,4.401708231155179,37,1300.0,0.14480954562877024,18,1045.0,0.33764661641163857,55,2345.0
2020.0,55,1602.0,17.41304347826087,3.323453326484716,38,1489.0,0.08211770966088931,17,1002.0,0.29143393578796284,55,2491.0
2025.0,59,1743.0,18.54255319148936,2.7925932076725495,38,1669.0,0.10386066642927466,21,927.0,0.198350895740559,59,2596.0
2030.0,68,2018.0,21.242105263157896,1.9587412557128931,41,1863.0,0.10319091577067738,27,1020.0,0.13237690179269068,68,2883.0
2035.0,71,2202.0,22.701030927835053,2.2906199387335393,40,1926.0,0.10955260411787919,31,1154.0,0.14286902737316537,71,3080.0
2040.0,64,2145.0,21.666666666666668,2.890031414569631,33,1842.0,0.13981624174072516,31,1302.0,0.15637167060207335,64,3144.0
2045.0,57,1993.0,19.93,2.7347871753485515,27,1970.0,0.11075736172060657,30,1363.0,0.12475139679178208,57,3333.0
2050.0,52,1820.0,18.383838383838384,2.8386521432376197,28,2095.0,0.08707488230845334,24,1343.0,0.16374215139544332,52,3438.0
2055.0,42,1506.0,15.525773195876289,3.3780882414667963,26,1973.0,0.10717891091977874,16,1331.0,0.2460562469299027,42,3304.0
2060.0,44,1231.0,12.957894736842105,3.876624418112058,25,1773.0,0.10950160212740187,19,1334.0,0.2876451376657012,44,3107.0
2065.0,50,1398.0,15.362637362637363,4.159587644984302,31,1801.0,0.10254037648665963,19,1310.0,0.27164365823424286,50,3111.0
2070.0,57,1671.0,18.566666666666666,3.9814818581252034,37,1801.0,0.08101602105409232,20,1385.0,0.2798728986618478,57,3186.0
2075.0,56,1951.0,22.686046511627907,4.059380864937689,36,1845.0,0.0936961990737919,20,1482.0,0.2637830806393119,56,3327.0
2080.0,55,2130.0,24.767441860465116,3.7604439225176103,33,1957.0,0.10385455956696077,22,1580.0,0.1958595371467514,55,3537.0
2085.0,51,2169.0,26.132530120481928,3.348640567742315,32,2061.0,0.09253358837132479,19,1569.0,0.23715908593018428,51,3630.0
2090.0,52,2366.0,28.166666666666668,3.629382377206333,34,2225.0,0.1498322713082859,18,1473.0,0.27181717469556205,52,3698.0
2095.0,54,2475.0,29.819277108433734,3.026664574388607,36,2399.0,0.10131497201936208,18,1491.0,0.2882171965877561,54,3890.0
2100.0,58,2476.0,29.476190476190474,2.1255801944602246,37,2353.0,0.09527687316945242,21,1469.0,0.11397672535083544,58,3822.0
2105.0,55,2234.0,26.595238095238095,2.345104933295102,30,2067.0,0.13794057038354596,25,1557.0,0.05641711551842467,55,3624.0
2110.0,53,2007.0,23.337209302325583,3.019307066604817,26,1785.0,0.1604676865528398,27,1686.0,0.08683942174711082,53,3471.0
2115.0,45,1933.0,22.741176470588236,3.939817749619212,19,1515.0,0.21978826892303485,26,1816.0,0.14302214068862193,45,3331.0
2120.0,40,1940.0,23.095238095238095,3.810032712124293,14,1164.0,0.24986602318807194,26,1946.0,0.11051262572944258,40,3110.0
2125.0,39,2095.0,26.1875,4.5149881343773615,10,775.0,0.3627872935777328,29,2086.0,0.11165259391249356,39,2861.0
2130.0,40,2290.0,28.9873417721519,4.670175736145137,10,587.0,0.4385186670844498,30,2231.0,0.0764639726830605,40,2818.0
2135.0,35,2177.0,27.556962025316455,4.323292275643463,9,546.0,0.3613893183119956,26,2277.0,0.09455755317217061,35,2823.0
2140.0,34,2061.0,27.48,4.113146935975592,14,538.0,0.2024689421222293,20,2214.0,0.18892405940549198,34,2752.0
2145.0,43,2220.0,30.0,3.3528455140181586,19,527.0,0.06523029577968627,24,2320.0,0.1812167760083545,43,2847.0
2150.0,41,2370.0,32.027027027027025,3.6310156057902354,14,465.0,0.13483191502184672,27,2447.0,0.08315262397849142,41,2912.0
2155.0,40,2102.0,28.794520547945204,2.9220708972037714,15,518.0,0.16402773647737856,25,2299.0,0.0622043804364589,40,2817.0
2160.0,42,1324.0,17.42105263157895,3.691195386504696,18,606.0,0.23196405491237093,24,1940.0,0.1462350331293548,42,2546.0
2165.0,38,1062.0,13.792207792207792,4.01042772748323,18,633.0,0.31216749262452703,20,2031.0,0.19915216693632246,38,2664.0
2170.0,33,1011.0,13.302631578947368,3.986370001808581,14,597.0,0.2500667408609876,19,2129.0,0.23778378320340068,33,2726.0
2175.0,41,1165.0,14.5625,2.84503077045133,18,668.0,0.17047057578095984,23,1999.0,0.16176611490399023,41,2667.0
2180.0,51,1361.0,16.397590361445783,2.8385811707488227,25,777.0,0.12110122457503578,26,1684.0,0.20528208933097414,51,2461.0
2185.0,57,1604.0,19.095238095238095,2.598963448041109,30,913.0,0.1523608154681353,27,1428.0,0.1963712391997604,57,2341.0
2190.0,57,1864.0,21.674418604651162,2.3725905197254336,30,1059.0,0.2031593572483573,27,1373.0,0.14264836294916766,57,2432.0
2195.0,55,1738.0,19.31111111111111,2.255454463952832,28,1133.0,0.19571790323709196,27,1310.0,0.13184161446767875,55,2443.0
2200.0,41,1524.0,16.565217391304348,2.9778071885899022,22,1159.0,0.19071698427076744,19,1165.0,0.15300102424204354,41,2324.0
2205.0,46,1699.0,18.074468085106382,3.0863320653318023,26,1275.0,0.18671071918988097,20,1181.0,0.14426589423560618,46,2456.0
2210.0,55,1920.0,19.79381443298969,2.8102040252789213,31,1423.0,0.14765162919801864,24,1161.0,0.13071805801872471,55,2584.0
2215.0,60,2059.0,21.447916666666668,2.3470251796408945,36,1535.0,0.14234219196634085,24,1211.0,0.0967895935057392,60,2746.0
2220.0,55,2256.0,24.258064516129032,2.557370010945413,29,1596.0,0.16418087918629035,26,1277.0,0.06019899991060801,55,2873.0
2225.0,51,1975.0,21.236559139784948,2.807355682771396,25,1594.0,0.1723411617512559,26,1173.0,0.038793826302066084,51,2767.0
2230.0,51,1640.0,17.083333333333332,3.3693823663154365,28,1566.0,0.12240340630782928,23,870.0,0.11753657108442696,51,2436.0
2235.0,54,1728.0,17.814432989690722,3.203746410112635,30,1707.0,0.11208175412910086,24,918.0,0.1762208979709463,54,2625.0
2240.0,59,1932.0,20.125,3.4614979686832386,37,1879.0,0.12276153640665464,22,939.0,0.23916413833615907,59,2818.0
2245.0,56,1946.0,20.061855670103093,2.4470359826434063,36,2006.0,0.10359339554217657,20,873.0,0.17503331099221742,56,2879.0
2250.0,48,1733.0,17.683673469387756,3.203258702479726,32,2076.0,0.11619227646420648,16,709.0,0.24731001436688624,48,2785.0
2255.0,43,1761.0,18.34375,3.607735027081351,25,2070.0,0.20995067640940493,18,648.0,0.2095035099074964,43,2718.0
2260.0,44,1827.0,19.231578947368423,3.73765370086548,25,2063.0,0.17433049954062238,19,603.0,0.19905755357952756,44,2666.0
2265.0,48,1916.0,20.382978723404257,3.0410394489518473,28,2174.0,0.12998515223442203,20,592.0,0.16655010825854347,48,2766.0
2270.0,54,2116.0,22.273684210526316,3.0854975436206553,33,2300.0,0.12794388334117157,21,542.0,0.16409925000131162,54,2842.0
2275.0,59,2279.0,23.989473684210527,2.7672829647991524,35,2396.0,0.14953576047177958,24,610.0,0.18961818793027385,59,3006.0
2280.0,56,2407.0,24.31313131313131,3.186320966752929,29,2421.0,0.1962094433292046,27,710.0,0.17495466512440444,56,3131.0
2285.0,54,2542.0,26.20618556701031,3.094451703853174,28,2424.0,0.20759072369817272,26,791.0,0.14804374324662475,54,3215.0
2290.0,51,2611.0,25.85148514851485,3.5869398994892423,30,2438.0,0.1512695389831393,21,814.0,0.2116551445761988,51,3252.0
2295.0,54,1994.0,19.94,2.850353163449077,33,2191.0,0.06870937137789662,21,844.0,0.20164951824275754,54,3035.0
2300.0,58,744.0,7.44,3.0457315103095453,32,1692.0,0.0935778486308715,26,816.0,0.20179468896908828,58,2508.0
2305.0,56,783.0,7.83,3.366952630806829,30,1289.0,0.19278625105974959,26,812.0,0.21716252480894016,56,2101.0
2310.0,61,1074.0,10.228571428571428,3.4826290862097267,30,1080.0,0.22000485283623378,31,836.0,0.2226270750262667,61,1916.0
2315.0,65,1390.0,13.11320754716981,3.22585013669227,32,1072.0,0.22214127896179048,33,909.0,0.15180422855672807,65,1981.0
2320.0,77,1752.0,15.783783783783784,2.9184545504692436,38,1235.0,0.2132493762067015,39,1036.0,0.1327639757226411,77,2271.0
2325.0,77,1796.0,15.75438596491228,2.031110191854053,39,1304.0,0.1536683078815986,38,1091.0,0.055927933078317275,77,2395.0
2330.0,69,1488.0,13.168141592920353,2.5482574895922037,35,1278.0,0.15865883169343986,34,1071.0,0.10675557783030415,69,2349.0
2335.0,61,1345.0,11.695652173913043,2.7008050539085704,30,1337.0,0.13012447800876292,31,1119.0,0.1252978724336041,61,2456.0
2340.0,58,1077.0,8.975,3.0705011741867665,28,1314.0,0.08888911848134838,30,1070.0,0.16854043523290493,58,2384.0
2345.0,56,1084.0,9.5929203539823,3.336974035018563,31,1432.0,0.11825740014674432,25,1051.0,0.21323263504845816,56,2483.0
2350.0,61,1069.0,9.544642857142858,2.673884517269658,41,1598.0,0.0680528392057075,20,1040.0,0.19254941564294373,61,2638.0
2355.0,65,1159.0,10.078260869565218,2.5102661066497722,46,1689.0,0.07633481643796065,19,1021.0,0.16536086601357514,65,2710.0
2360.0,65,1312.0,11.508771929824562,3.2359229465396626,40,1686.0,0.15761151915431484,25,1062.0,0.15091074635138865,65,2748.0
2365.0,69,1526.0,13.155172413793103,3.0252121368449694,36,1659.0,0.18313471475345613,33,1184.0,0.09023393679237307,69,2843.0
2370.0,66,1632.0,13.6,3.2826260743983458,31,1618.0,0.2116234524544444,35,1212.0,0.11347135239316694,66,2830.0
2375.0,60,1379.0,11.30327868852459,3.972369404937875,30,1543.0,0.241034876344747,30,1107.0,0.18421994811299597,60,2650.0
2380.0,55,997.0,8.308333333333334,3.715152192040878,26,1343.0,0.1909421551650144,29,1200.0,0.22019580930750787,55,2543.0
2385.0,66,1148.0,9.811965811965813,3.086525482536413,33,1240.0,0.1304145071073271,33,1342.0,0.1803298260784018,66,2582.0
2390.0,73,1198.0,10.327586206896552,2.202876565807781,38,1293.0,0.10152526931442052,35,1375.0,0.07730564588576475,73,2668.0
2395.0,68,999.0,9.0,2.2473909533080234,38,1321.0,0.08144549716434672,30,1276.0,0.09161133883459938,68,2597.0
2400.0,64,935.0,8.423423423423424,2.396427397680782,39,1446.0,0.07228316346262435,25,1157.0,0.13450248983892846,64,2603.0
2405.0,61,953.0,8.585585585585585,2.8027399765352516,44,1567.0,0.06576165237411181,17,1238.0,0.19284842710968794,61,2805.0
2410.0,67,1127.0,10.245454545454546,2.5510436426927963,45,1663.0,0.0536837354480658,22,1319.0,0.20326922958613716,67,2982.0
2415.0,61,1104.0,10.036363636363637,2.3736088890034477,37,1633.0,0.06836312622694299,24,1299.0,0.13705096895534774,61,2932.0
2420.0,50,1065.0,10.047169811320755,2.9530495656384033,29,1661.0,0.11388173941499642,21,1154.0,0.12539939165548256,50,2815.0
2425.0,44,949.0,9.038095238095238,3.380284393799554,25,1769.0,0.14301597420621162,19,1027.0,0.18696329380015816,44,2796.0
2430.0,47,838.0,7.7592592592592595,3.433030270705775,29,1744.0,0.1497367009732132,18,898.0,0.17520647044909402,47,2642.0
2435.0,51,813.0,7.742857142857143,2.8903185863262713,30,1576.0,0.13901698445933283,21,861.0,0.1386429596209905,51,2437.0
2440.0,49,768.0,7.245283018867925,3.1924520662986553,29,1589.0,0.13594140660190518,20,767.0,0.15798431303644153,49,2356.0
2445.0,42,817.0,7.7075471698113205,3.8852182544325435,23,1483.0,0.13627531372730747,19,707.0,0.17359155431395307,42,2190.0
2450.0,41,878.0,8.693069306930694,4.426478936961405,22,1460.0,0.183963973114464,19,695.0,0.22057223103355605,41,2155.0
2455.0,39,979.0,10.092783505154639,4.618654859327391,19,1397.0,0.19434591579194666,20,761.0,0.2722743068170928,39,2158.0
2460.0,47,1123.0,12.075268817204302,3.048123823476158,22,1473.0,0.11194511935388371,25,872.0,0.2197000684822893,47,2345.0
2465.0,59,1082.0,11.634408602150538,2.8698522621938274,33,1595.0,0.11011747009231673,26,827.0,0.24588297147258584,59,2422.0
2470.0,59,1032.0,10.97872340425532,2.9459157350281244,33,1641.0,0.15902116059793733,26,711.0,0.19990787968957452,59,2352.0
2475.0,53,1002.0,10.4375,3.0066065121332137,25,1557.0,0.1944215477591168,28,723.0,0.10119036041301828,53,2280.0
2480.0,47,990.0,10.10204081632653,3.9336761539807035,20,1491.0,0.2174826928892887,27,653.0,0.1281365887343321,47,2144.0
2485.0,49,1226.0,12.905263157894737,4.674114171087133,20,1379.0,0.2823032894509653,29,734.0,0.1384440554736831,49,2113.0
2490.0,51,1319.0,14.03191489361702,3.6186327619847916,23,1399.0,0.20198817893805923,28,794.0,0.09730262090443302,51,2193.0
2495.0,46,1120.0,11.789473684210526,3.9996841365266094,26,1444.0,0.11632327899113924,20,769.0,0.22821452902965367,46,2213.0
2500.0,40,966.0,10.5,3.5382234447538043,28,1536.0,0.10052981844513464,12,741.0,0.24537765023168812,40,2277.0
2505.0,45,1056.0,11.604395604395604,3.5378247385908606,32,1627.0,0.1010078487856984,13,674.0,0.2583026063484093,45,2301.0
2510.0,49,1168.0,12.977777777777778,3.4440051131118405,32,1686.0,0.16295430202538008,17,710.0,0.20996644871892173,49,2396.0
2515.0,50,1237.0,13.744444444444444,2.833670011157766,23,1655.0,0.16463662968816098,27,797.0,0.06883545014643035,50,2452.0
2520.0,51,1310.0,14.719101123595506,2.9415642562402735,22,1652.0,0.18861930524284065,29,841.0,0.05644565342912456,51,2493.0
2525.0,45,1304.0,14.32967032967033,3.639633873496986,24,1665.0,0.1695831286489158,21,775.0,0.12959373684460615,45,2440.0
2530.0,42,1321.0,14.516483516483516,2.9595072548347,30,1727.0,0.10173812781913712,12,771.0,0.15657400412910077,42,2498.0
2535.0,41,1382.0,15.355555555555556,3.585790013796178,27,1767.0,0.19407320346816823,14,752.0,0.13353470695292843,41,2519.0
2540.0,42,1077.0,12.101123595505618,3.0182720051157235,22,1596.0,0.20215865447244633,20,724.0,0.09408507554952741,42,2320.0
2545.0,39,553.0,6.144444444444445,3.777333993718393,24,1216.0,0.13460267000981982,15,600.0,0.24420349953325113,39,1816.0
2550.0,38,505.0,5.489130434782608,4.011333977232423,27,1289.0,0.11366648548869417,11,497.0,0.30095398029004305,38,1786.0
2555.0,40,480.0,5.274725274725275,4.435804097035159,30,1386.0,0.14301774899845374,10,423.0,0.32789845715192556,40,1809.0
2560.0,47,623.0,6.9222222222222225,3.7014656251195497,30,1448.0,0.11565839854111329,17,449.0,0.25535310412038914,47,1897.0
2565.0,44,651.0,7.3977272727272725,3.2286946657897504,23,1431.0,0.1817758834675401,21,489.0,0.10008530696656827,44,1920.0
2570.0,43,760.0,8.735632183908047,3.4713659100003853,24,1543.0,0.15601237798588796,19,468.0,0.12698936715302742,43,2011.0
2575.0,45,948.0,11.023255813953488,3.2893375755128584,33,1689.0,0.08148941531303024,12,522.0,0.2502482897950803,45,2211.0
2580.0,56,1200.0,13.953488372093023,2.8470495288792548,37,1868.0,0.08142025986702049,19,598.0,0.21330694603538683,56,2466.0
2585.0,56,1293.0,14.862068965517242,2.4241209735625184,34,1862.0,0.11125010680874338,22,643.0,0.15321011543483645,56,2505.0
2590.0,48,1236.0,14.045454545454545,3.395845769315716,28,1728.0,0.1644770156909149,20,684.0,0.173397327625694,48,2412.0
2595.0,39,1126.0,12.373626373626374,4.090526683547052,24,1753.0,0.18837636219719855,15,632.0,0.21599306840670546,39,2385.0
2600.0,39,1031.0,11.455555555555556,4.665042100447811,20,1685.0,0.24215800525276748,19,595.0,0.1742581339471881,39,2280.0
2605.0,44,1048.0,12.329411764705883,3.5950804738914437,24,1535.0,0.14420466906952747,20,660.0,0.16078358845791554,44,2195.0
2610.0,46,957.0,11.53012048192771,3.071185458416065,29,1322.0,0.0925854353262566,17,682.0,0.1694850376704387,46,2004.0
2615.0,42,900.0,10.714285714285714,3.2539737575097805,25,1355.0,0.1359373490356642,17,691.0,0.20660529363900815,42,2046.0
2620.0,36,916.0,10.904761904761905,3.86409047817845,17,1333.0,0.2298160729415947,19,740.0,0.2009597169914355,36,2073.0
2625.0,46,1082.0,12.880952380952381,3.2020558794101994,23,1286.0,0.19097363450731644,23,816.0,0.15345016363525346,46,2102.0
2630.0,45,1236.0,15.25925925925926,3.40395902389195,27,1222.0,0.15936757836176468,18,860.0,0.2095828028098593,45,2082.0
2635.0,43,1143.0,13.607142857142858,3.032525770036991,25,1287.0,0.10585522937070795,18,857.0,0.22167382932245672,43,2144.0
2640.0,46,1254.0,14.581395348837209,3.9167971990415427,24,1319.0,0.1633964008736432,22,854.0,0.29758259843962404,46,2173.0
2645.0,47,964.0,10.831460674157304,3.740722714534292,27,1373.0,0.1600217953833967,20,723.0,0.29746240747512137,47,2096.0
2650.0,40,798.0,8.866666666666667,4.655773517189077,25,1403.0,0.2284725159686205,15,476.0,0.31374843512778716,40,1879.0
2655.0,43,884.0,9.714285714285714,3.6401042178450336,27,1404.0,0.1999978409283788,16,499.0,0.1661290299646615,43,1903.0
2660.0,46,952.0,10.236559139784946,4.173601131234003,29,1359.0,0.2059856074077791,17,525.0,0.19382575881815214,46,1884.0
2665.0,41,1037.0,11.150537634408602,3.7792960539590696,24,1440.0,0.15767247428615078,17,502.0,0.21177574874576377,41,1942.0
2670.0,39,1121.0,12.053763440860216,4.261827388853329,21,1512.0,0.213323517605384,18,457.0,0.1805514680567101,39,1969.0
2675.0,43,1269.0,13.64516129032258,3.4396482315803882,24,1531.0,0.19327354491383777,19,511.0,0.08901234203254706,43,2042.0
2680.0,48,1422.0,15.127659574468085,4.127385070075209,29,1516.0,0.18650864754602126,19,544.0,0.17893752775255223,48,2060.0
2685.0,44,1102.0,11.849462365591398,3.872049341212939,27,1414.0,0.12143905950083807,17,480.0,0.31387959661288767,44,1894.0
2690.0,40,735.0,8.258426966292134,4.306106621754865,26,1214.0,0.13933728216748115,14,364.0,0.3892094058991476,40,1578.0
2695.0,44,781.0,8.977011494252874,3.8102861681388274,28,1272.0,0.17041482075415193,16,420.0,0.28607083404208006,44,1692.0
2700.0,48,975.0,10.833333333333334,3.771906996578525,29,1327.0,0.18259317282212875,19,492.0,0.2042709105504032,48,1819.0
2705.0,47,785.0,8.820224719101123,3.345402300137544,29,1342.0,0.15011127319749876,18,470.0,0.21371610812891542,47,1812.0
2710.0,47,779.0,8.287234042553191,4.5916644033245575,30,1299.0,0.19782391198243277,17,430.0,0.32158359037418716,47,1729.0
2715.0,47,705.0,7.580645161290323,3.772087727038554,32,1359.0,0.13478570031031673,15,414.0,0.34966790469623116,47,1773.0
2720.0,42,492.0,5.3478260869565215,4.254425749999237,28,1349.0,0.17129563522138105,14,311.0,0.3363040968938927,42,1660.0
2725.0,42,569.0,6.322222222222222,3.5827148423350113,25,1375.0,0.16834327457784626,17,361.0,0.19439282148492998,42,1736.0
2730.0,43,657.0,7.21978021978022,3.5591483910928177,26,1401.0,0.10939099362586663,17,397.0,0.17456831242900123,43,1798.0
2735.0,47,723.0,8.123595505617978,3.0387816737772413,29,1456.0,0.06822017055612686,18,428.0,0.21944757883636012,47,1884.0
2740.0,48,863.0,9.919540229885058,4.03487539305579,30,1492.0,0.14141756378605416,18,482.0,0.306648163354255,48,1974.0
2745.0,51,914.0,10.75294117647059,3.085415403055644,32,1445.0,0.13855316463336295,19,548.0,0.2367934665562385,51,1993.0
2750.0,48,897.0,10.430232558139535,3.4793326024136624,31,1245.0,0.11553416070490542,17,608.0,0.2594649666499951,48,1853.0
2755.0,45,774.0,9.0,3.286744628812215,29,1266.0,0.12760022346123695,16,515.0,0.24790524689305443,45,1781.0
2760.0,40,610.0,6.853932584269663,4.099643351202102,24,1189.0,0.19011693917637465,16,446.0,0.23969117532097878,40,1635.0
2765.0,42,702.0,7.714285714285714,4.260800136997182,20,1178.0,0.24846540062096364,22,488.0,0.23477504123281337,42,1666.0
2770.0,45,803.0,8.364583333333334,4.130622413537915,22,1154.0,0.2578783740297571,23,569.0,0.21252642519435158,45,1723.0
2775.0,40,777.0,7.928571428571429,4.157427453993032,23,1148.0,0.22082230826272328,17,607.0,0.27085492888011936,40,1755.0
2780.0,44,655.0,6.616161616161616,3.96502035606476,28,1209.0,0.16977276853069334,16,538.0,0.29778812327231347,44,1747.0
2785.0,39,594.0,6.0,4.080135947950411,24,1209.0,0.1982434139016559,15,453.0,0.1977706756292075,39,1662.0
2790.0,44,679.0,7.0,3.4871554415089183,25,1110.0,0.199251049196245,19,516.0,0.1424596934388655,44,1626.0
2795.0,52,716.0,7.232323232323233,3.523791902216542,32,976.0,0.11933223792387139,20,565.0,0.20442205823172066,52,1541.0
2800.0,55,863.0,8.63,3.5078740922027065,35,987.0,0.1380003087667397,20,617.0,0.23416179303845042,55,1604.0
2805.0,63,1134.0,11.117647058823529,3.450238866664111,37,1128.0,0.19179174524506384,26,696.0,0.2077253409624952,63,1824.0
2810.0,61,1340.0,13.009708737864077,2.9708026021820233,35,1178.0,0.18560337131248036,26,791.0,0.2223045104570831,61,1969.0
2815.0,60,1456.0,13.735849056603774,3.2643082913561665,38,1212.0,0.16190588661778565,22,855.0,0.2447001529314282,60,2067.0
2820.0,55,1137.0,10.626168224299066,3.213469468610336,34,1227.0,0.15501344705167205,21,813.0,0.21682652641731678,55,2040.0
2825.0,58,1084.0,10.037037037037036,3.757153839569944,37,1195.0,0.14701353114793778,21,690.0,0.26441132168618997,58,1885.0
2830.0,66,1086.0,10.055555555555555,2.832266982354366,42,1282.0,0.10438562858601043,24,631.0,0.1881338050907799,66,1913.0
2835.0,62,745.0,6.898148148148148,3.0806323736006935,39,1301.0,0.10385363567890218,23,528.0,0.18664104796904524,62,1829.0
2840.0,53,610.0,5.754716981132075,3.152818896586043,27,1307.0,0.17398821813447035,26,597.0,0.12277600489342004,53,1904.0
2845.0,44,523.0,5.028846153846154,3.907100012778251,21,1188.0,0.18828756661381071,23,642.0,0.19848348567872728,44,1830.0
2850.0,42,628.0,6.408163265306122,3.857720455022773,24,1188.0,0.20138956177743894,18,706.0,0.22270003545535114,42,1894.0
2855.0,51,742.0,7.8936170212765955,3.2283277395190124,28,1186.0,0.1253306958912027,23,755.0,0.15305284190905497,51,1941.0
2860.0,52,841.0,8.670103092783505,2.854353118067055,28,1161.0,0.11593214071003151,24,824.0,0.126219612016628,52,1985.0
2865.0,49,836.0,9.08695652173913,3.385389036892229,28,1118.0,0.11038087267375714,21,850.0,0.2161418286979234,49,1968.0
2870.0,45,631.0,6.78494623655914,3.3608257788272646,26,1145.0,0.1000940052075472,19,784.0,0.2697111030410374,45,1929.0
2875.0,51,755.0,7.704081632653061,3.547955844227685,29,1160.0,0.14864973369203216,22,747.0,0.241577078671166,51,1907.0
2880.0,55,795.0,8.112244897959183,3.397909176333172,29,1226.0,0.20276397507472646,26,711.0,0.22530914650091552,55,1937.0
2885.0,47,725.0,7.474226804123711,3.893146968819403,22,1201.0,0.24493834175642654,25,566.0,0.18350351630133446,47,1767.0
2890.0,50,745.0,7.760416666666667,3.2134993904030114,23,1161.0,0.22106717273926374,27,637.0,0.09647609927352271,50,1798.0
2895.0,49,606.0,6.3125,3.68713242775174,24,1041.0,0.17671169392882247,25,679.0,0.13327223121644519,49,1720.0
2900.0,44,628.0,6.9010989010989015,3.0404928643129945,24,1078.0,0.1195682955534853,20,703.0,0.17245269442876135,44,1781.0
2905.0,42,595.0,6.467391304347826,3.4008713861810436,21,1089.0,0.1997017041971324,21,692.0,0.09691128746711812,42,1781.0
2910.0,45,715.0,7.944444444444445,3.7080610187518497,22,1154.0,0.26990116699842864,23,703.0,0.07130415912737485,45,1857.0
2915.0,48,834.0,9.811764705882354,3.438878708716404,23,1150.0,0.21657106466805393,25,715.0,0.05588429668638866,48,1865.0
2920.0,51,954.0,11.493975903614459,3.0713705031662806,26,1157.0,0.2085589458435823,25,764.0,0.06923156808281303,51,1921.0
2925.0,41,955.0,11.506024096385541,3.381159446337689,23,1252.0,0.1547907015457989,18,735.0,0.16477957593035547,41,1987.0
2930.0,35,1015.0,13.012820512820513,3.9870096286077765,23,1334.0,0.10023549964024972,12,680.0,0.26392359257538817,35,2014.0
2935.0,37,1126.0,14.075,4.172550971305354,25,1450.0,0.09438767250563848,12,619.0,0.24520269011647258,37,2069.0
2940.0,41,1128.0,14.64935064935065,3.4497384611266697,25,1386.0,0.099755298973393,16,628.0,0.2101870978616196,41,2014.0
2945.0,34,946.0,13.13888888888889,4.214327554810641,20,1221.0,0.14586265998176023,14,597.0,0.24581361028249507,34,1818.0
2950.0,28,553.0,7.788732394366197,4.068922682964099,16,1202.0,0.14319223471530115,12,557.0,0.2811495030186042,28,1759.0
2955.0,28,383.0,5.319444444444445,3.8573171945671225,13,1199.0,0.20233923016061475,15,486.0,0.2014219795541765,28,1685.0
2960.0,36,448.0,6.309859154929577,3.3371456054810693,18,1212.0,0.1932543853634739,18,513.0,0.19029265829858746,36,1725.0
2965.0,31,406.0,5.561643835616438,3.9874183237603553,17,1191.0,0.24292537599635272,14,529.0,0.225812880829411,31,1720.0
2970.0,31,387.0,5.22972972972973,3.9960515007873503,19,1224.0,0.19471082572013287,12,482.0,0.2893955257533454,31,1706.0
2975.0,36,464.0,6.1866666666666665,4.472853061492109,19,1283.0,0.23375339885280552,17,435.0,0.24559090503872957,36,1718.0
2980.0,37,555.0,7.5,3.7787546757415638,18,1211.0,0.24333905471018644,19,494.0,0.19452989400714646,37,1705.0
2985.0,35,557.0,7.050632911392405,4.31728064168831,17,1015.0,0.21414695215148336,18,529.0,0.2128005206282969,35,1544.0
2990.0,33,523.0,6.620253164556962,4.539968394490516,16,1043.0,0.2419612218230948,17,528.0,0.265844048892662,33,1571.0
2995.0,37,575.0,7.1875,4.145940360802994,18,1106.0,0.2250505291791399,19,531.0,0.20027674772439022,37,1637.0
3000.0,40,632.0,8.207792207792208,3.2272289977938637,19,1101.0,0.20643288124433706,21,598.0,0.17952672073148268,40,1699.0
3005.0,38,698.0,9.064935064935066,3.8730073701952503,20,1049.0,0.21843755877289445,18,643.0,0.22557605045792173,38,1692.0
3010.0,41,741.0,9.88,3.178389533346747,19,1083.0,0.11435483254555869,22,691.0,0.20782540005672068,41,1774.0
3015.0,39,762.0,9.76923076923077,3.9762349613124073,16,1085.0,0.17146210839543724,23,744.0,0.19641008314336145,39,1829.0
3020.0,40,855.0,10.822784810126583,3.577731227214976,15,993.0,0.18184237167960474,25,844.0,0.16655621763096592,40,1837.0
3025.0,42,903.0,11.576923076923077,4.213226734591428,18,788.0,0.15690566939330833,24,927.0,0.2139460559412625,42,1715.0
3030.0,41,930.0,11.923076923076923,3.7574013990706296,15,841.0,0.15865416531819918,26,966.0,0.1822636454813639,41,1807.0
3035.0,44,1008.0,12.923076923076923,3.663681714787995,20,930.0,0.17474657376107552,24,992.0,0.1852149164274991,44,1922.0
3040.0,41,700.0,8.974358974358974,3.0419924579927935,19,963.0,0.23365642310722973,22,891.0,0.12716071864377362,41,1854.0
3045.0,30,422.0,5.410256410256411,4.320825373226651,12,932.0,0.30268868131622173,18,663.0,0.17606211057737967,30,1595.0
3050.0,34,487.0,6.1645569620253164,4.938022744886967,13,898.0,0.3106662989365898,21,680.0,0.1762380325164968,34,1578.0
3055.0,40,676.0,8.666666666666666,4.818606216165945,14,968.0,0.3270834421443193,26,753.0,0.10582292760143891,40,1721.0
3060.0,43,721.0,9.743243243243244,3.970458727090452,15,894.0,0.2905855231377559,28,830.0,0.06426435644485723,43,1724.0
3065.0,34,611.0,8.985294117647058,3.759582047963993,13,708.0,0.2664906441899504,21,834.0,0.10937607279599067,34,1542.0
3070.0,34,647.0,9.514705882352942,3.6430473644354953,14,736.0,0.20525953460656424,20,817.0,0.1941906799828532,34,1553.0
3075.0,40,686.0,9.527777777777779,4.076205862520657,22,825.0,0.143630141061785,18,774.0,0.2891025488935775,40,1599.0
3080.0,36,684.0,9.633802816901408,4.277932611316487,20,910.0,0.24477147394171916,16,701.0,0.28704686725477335,36,1611.0
3085.0,31,656.0,9.11111111111111,4.58379375743939,18,975.0,0.319682304521993,13,563.0,0.2047381978447045,31,1538.0
3090.0,34,512.0,6.918918918918919,4.165437101480682,15,878.0,0.24135430032825222,19,560.0,0.1740588906207158,34,1438.0
3095.0,31,357.0,4.76,4.796807172497327,15,713.0,0.13461419148042456,16,534.0,0.29826931451374317,31,1247.0
3100.0,29,407.0,5.652777777777778,4.568786634398884,12,763.0,0.14680700723318002,17,531.0,0.261113744228709,29,1294.0
3105.0,31,523.0,7.8059701492537314,4.804575611955386,15,818.0,0.15783840672078647,16,509.0,0.22917415499862193,31,1327.0
3110.0,34,541.0,8.323076923076924,3.9469680102377693,17,722.0,0.1634491938433961,17,555.0,0.12786724682371103,34,1277.0
3115.0,31,511.0,8.37704918032787,4.655115583806362,13,563.0,0.2618642037415403,18,597.0,0.16775716323086928,31,1160.0
3120.0,29,564.0,9.245901639344263,4.703677204214111,10,564.0,0.22179847751092835,19,678.0,0.24015015304438395,29,1242.0
3125.0,35,665.0,10.555555555555555,3.9639881029161943,17,620.0,0.06828137025600352,18,725.0,0.24431723728790294,35,1345.0
3130.0,35,763.0,12.508196721311476,4.061093707801567,17,612.0,0.19854168175464376,18,760.0,0.2388837878549862,35,1372.0
3135.0,32,677.0,10.746031746031745,4.079851936998638,14,562.0,0.22512135355070614,18,785.0,0.2638219169384096,32,1347.0
3140.0,29,676.0,10.73015873015873,4.523392499423531,10,567.0,0.3330037298906493,19,782.0,0.2782952890815101,29,1349.0
3145.0,30,758.0,11.84375,4.462535605108787,12,563.0,0.3091422718340673,18,846.0,0.2432629624312441,30,1409.0
3150.0,33,882.0,13.569230769230769,4.723361166251715,12,555.0,0.3163786935956451,21,911.0,0.15376804082346965,33,1466.0
3155.0,37,877.0,12.352112676056338,4.359686245920204,14,493.0,0.20432482864973334,23,895.0,0.1822851369123634,37,1388.0
3160.0,35,595.0,8.75,4.392852979678288,15,419.0,0.21255982957752415,20,756.0,0.2608944052504887,35,1175.0
3165.0,28,365.0,5.447761194029851,4.481050867886826,12,328.0,0.32537712934210833,16,826.0,0.23528153049552195,28,1154.0
3170.0,29,430.0,6.142857142857143,4.133157326911534,10,335.0,0.3330961068019255,19,887.0,0.20563446930617657,29,1222.0
3175.0,37,449.0,6.507246376811594,3.4356781880531018,17,367.0,0.29615542802693634,20,914.0,0.1778050547396316,37,1281.0
3180.0,37,435.0,5.958904109589041,3.9427385528679877,17,434.0,0.3124394576688106,20,881.0,0.2044346584612223,37,1315.0
3185.0,40,542.0,7.226666666666667,3.652315179886453,20,519.0,0.2236317837824181,20,928.0,0.24590234819850693,40,1447.0
3190.0,41,574.0,7.265822784810126,3.7483107428614977,20,547.0,0.14636426294365254,21,971.0,0.24982478752670273,41,1518.0
3195.0,37,549.0,6.8625,3.9148295068636743,14,490.0,0.13973752157565486,23,1065.0,0.20434327394425075,37,1555.0
3200.0,39,674.0,8.531645569620252,3.9450457999105937,12,537.0,0.19981681831094142,27,1171.0,0.13746309566438317,39,1708.0
3205.0,44,854.0,10.948717948717949,3.4355353730140576,17,599.0,0.14118328429902585,27,1284.0,0.10861702921409128,44,1883.0
3210.0,43,886.0,11.35897435897436,3.328514121255911,19,564.0,0.11883942386965766,24,1359.0,0.15255988237581514,43,1923.0
3215.0,42,929.0,11.759493670886076,4.379476896142779,18,451.0,0.14986538469832994,24,1455.0,0.2497311091374778,42,1906.0
3220.0,42,1000.0,12.658227848101266,4.203025524765153,18,511.0,0.21243135254089493,24,1411.0,0.22795890907189778,42,1922.0
3225.0,43,951.0,12.037974683544304,4.0996887806290765,22,615.0,0.2630730780456253,21,1232.0,0.18159909969703356,43,1847.0
3230.0,42,892.0,11.435897435897436,3.746185698537759,21,667.0,0.3202222135996427,21,1292.0,0.14508694047640033,42,1959.0
3235.0,39,893.0,11.1625,3.267858667515371,23,697.0,0.2283228328211655,16,1322.0,0.19942932048500994,39,2019.0
3240.0,47,1083.0,13.37037037037037,2.618131520838217,25,807.0,0.16206377095823774,22,1298.0,0.1932181521973022,47,2105.0
3245.0,54,1300.0,14.942528735632184,2.5422973869600534,31,951.0,0.17348530709300447,23,1184.0,0.18742859740687223,54,2135.0
3250.0,52,1100.0,12.222222222222221,2.8504781997728488,30,961.0,0.1809668295982788,22,1123.0,0.23413412035349704,52,2084.0
3255.0,45,689.0,7.571428571428571,3.399958340238779,26,847.0,0.2047358330263747,19,957.0,0.21576703196413557,45,1804.0
3260.0,40,476.0,5.173913043478261,2.8441000576329434,17,885.0,0.18616104387546148,23,993.0,0.13931309842947046,40,1878.0
3265.0,41,404.0,4.297872340425532,3.107329323942701,20,881.0,0.13306493006214234,21,1001.0,0.15043602444177226,41,1882.0
3270.0,46,574.0,6.172043010752688,3.393417872060161,21,860.0,0.14773066010808616,25,1053.0,0.2013949819098924,46,1913.0
3275.0,49,731.0,8.032967032967033,3.6833747265504564,23,738.0,0.13181716454932518,26,1154.0,0.171687944243756,49,1892.0
3280.0,44,849.0,9.758620689655173,3.6903198852831256,20,640.0,0.20203116409108673,24,1153.0,0.09465954391097971,44,1793.0
3285.0,43,946.0,10.629213483146067,4.218611561259669,18,654.0,0.2757556009321142,25,1233.0,0.06255207457256833,43,1887.0
3290.0,43,1016.0,11.952941176470588,3.6274776800347674,20,650.0,0.2054223052585016,23,1336.0,0.13600083319828357,43,1986.0
3295.0,47,1090.0,13.292682926829269,3.383597143417014,25,683.0,0.16338162906911927,22,1424.0,0.16269899571369148,47,2107.0
3300.0,58,1315.0,16.4375,2.6268584501214742,32,734.0,0.09627374648728831,26,1542.0,0.17721151822189007,58,2276.0
3305.0,57,1516.0,18.265060240963855,2.9407243378471546,34,812.0,0.05714409353408625,23,1646.0,0.2419480206194948,57,2458.0
3310.0,50,1609.0,20.628205128205128,3.2196049574244547,25,801.0,0.1216899214329501,25,1762.0,0.27538295857497774,50,2563.0
3315.0,41,1623.0,20.544303797468356,2.8659203457196467,18,816.0,0.13970356516903873,23,1873.0,0.17352138268471995,41,2689.0
3320.0,45,1642.0,20.024390243902438,2.955313771571038,19,784.0,0.08753907383643417,26,1993.0,0.16393816862758134,45,2777.0
3325.0,47,1519.0,17.870588235294118,3.3211231945655237,22,810.0,0.07953721696564404,25,1931.0,0.21470571265813304,47,2741.0
3330.0,39,1408.0,16.761904761904763,4.300950911179479,18,775.0,0.16258134229591284,21,1758.0,0.2917489958514309,39,2533.0
3335.0,36,1448.0,17.238095238095237,4.3269433267284985,16,739.0,0.23824205765766873,20,1849.0,0.27024918534722836,36,2588.0
3340.0,42,1470.0,17.710843373493976,4.156564973479192,16,727.0,0.20956323265509097,26,1969.0,0.19747765466550873,42,2696.0
3345.0,47,1593.0,18.523255813953487,3.5461210569188526,19,744.0,0.14775323261774786,28,2011.0,0.14998662403239105,47,2755.0
3350.0,43,1712.0,20.878048780487806,3.515849325420753,20,712.0,0.16682668743210652,23,2063.0,0.1988672168603322,43,2775.0
3355.0,44,1765.0,21.265060240963855,3.386389490498382,20,733.0,0.1872622011945837,24,2123.0,0.20742147494360721,44,2856.0
3360.0,54,2000.0,23.80952380952381,3.2894036577496175,26,845.0,0.17696813564130132,28,2214.0,0.18030674194300034,54,3059.0
3365.0,55,1831.0,21.541176470588237,3.3137582646666495,27,874.0,0.23514895360964555,28,2033.0,0.14645982511958017,55,2907.0
3370.0,45,1272.0,15.142857142857142,3.163307742911319,18,779.0,0.21168243905826287,27,1761.0,0.09206555304268112,45,2540.0
3375.0,44,984.0,12.148148148148149,3.2342117262162504,19,673.0,0.237223889326013,25,1828.0,0.10146588606436471,44,2501.0
3380.0,44,789.0,9.282352941176471,3.7714061036267146,22,704.0,0.2270819296054787,22,1905.0,0.16950555212427557,44,2609.0
3385.0,41,709.0,8.646341463414634,3.489817822102582,21,724.0,0.20061180291678143,20,1945.0,0.2038949804169252,41,2669.0
3390.0,36,607.0,7.493827160493828,3.8791829314025437,19,711.0,0.197525880317479,17,1916.0,0.19290566122495398,36,2627.0
3395.0,42,722.0,8.91358024691358,3.2796828786882575,19,783.0,0.2143036362128423,23,1814.0,0.13335475625938958,42,2597.0
3400.0,44,814.0,9.576470588235294,3.747598941554761,18,837.0,0.24695206355070382,26,1576.0,0.14838647096978913,44,2413.0
3405.0,44,832.0,10.146341463414634,3.6590078596177773,21,827.0,0.25309542447004124,23,1645.0,0.18557372234356212,44,2472.0
3410.0,34,616.0,7.421686746987952,4.037302374017792,19,730.0,0.21728680270841594,15,1654.0,0.22254386394200354,34,2384.0
3415.0,34,622.0,7.679012345679013,3.5111963495245377,18,795.0,0.1587222363751521,16,1540.0,0.22044244451602957,34,2335.0
3420.0,43,789.0,9.506024096385541,3.482447040578163,21,883.0,0.16362110423741696,22,1344.0,0.17070775765326504,43,2227.0
3425.0,41,681.0,7.9186046511627906,3.3311617889334357,22,907.0,0.2235487114549348,19,1351.0,0.11374315093041412,41,2258.0
3430.0,37,694.0,8.261904761904763,4.2563508738603435,16,864.0,0.24925061715522404,21,1336.0,0.18901268239213667,37,2200.0
3435.0,40,756.0,9.21951219512195,3.5916379240572813,17,850.0,0.1580456572866458,23,1422.0,0.20580697183786326,40,2272.0
3440.0,42,795.0,9.578313253012048,3.4933949260048593,18,802.0,0.24491169942653762,24,1393.0,0.15216184494599302,42,2195.0
3445.0,45,909.0,10.448275862068966,3.753829610666525,15,828.0,0.29032835590886374,30,1246.0,0.19489609401002206,45,2074.0
3450.0,45,938.0,10.781609195402298,3.6785357492366,19,853.0,0.21867470823433047,26,1280.0,0.2218130276035631,45,2133.0
3455.0,38,882.0,10.255813953488373,3.9142505523129607,19,925.0,0.16531369234680712,19,1234.0,0.2566624599943057,38,2159.0
3460.0,42,1060.0,12.045454545454545,4.25794428152989,18,993.0,0.16674901854043697,24,1223.0,0.1640348729561008,42,2216.0
3465.0,44,1231.0,14.149425287356323,3.810043556464403,20,1084.0,0.07506967392510322,24,1172.0,0.12532423370847312,44,2256.0
3470.0,46,1279.0,14.370786516853933,4.208523577066939,18,1021.0,0.14814294039704404,28,1058.0,0.13080007527323487,46,2079.0
3475.0,42,1201.0,13.965116279069768,4.4645663772071496,13,843.0,0.32076557820756063,29,1066.0,0.16138603112390681,42,1909.0
3480.0,40,1222.0,14.902439024390244,4.309737161560032,12,900.0,0.3792701001270722,28,1130.0,0.22511170651476717,40,2030.0
3485.0,42,1346.0,16.023809523809526,3.9354939289670434,15,959.0,0.35259974223314877,27,1187.0,0.21492021201043227,42,2146.0
3490.0,45,1467.0,16.670454545454547,3.7732361070213174,20,1041.0,0.24736757859926026,25,1244.0,0.17769358284594108,45,2285.0
3495.0,43,1385.0,15.738636363636363,3.5374211544635497,18,1025.0,0.18581142829073197,25,1272.0,0.13712675127284057,43,2297.0
3500.0,46,1208.0,13.573033707865168,3.9460629565500964,17,941.0,0.21597730307523533,29,1227.0,0.1399854381455246,46,2168.0
3505.0,47,1380.0,16.046511627906977,3.5617277177678903,16,1009.0,0.27095442285833976,31,1342.0,0.1346691262844069,47,2351.0
3510.0,53,1533.0,17.033333333333335,3.676852117145982,20,1080.0,0.28695627014900876,33,1430.0,0.11722389201539189,53,2510.0
3515.0,50,1634.0,19.0,3.6296983837739045,19,1028.0,0.24619732007024314,31,1521.0,0.15701988246326265,50,2549.0
3520.0,45,1589.0,19.14457831325301,3.8375829612921644,16,835.0,0.22908373921600814,29,1572.0,0.16805209869745796,45,2407.0
3525.0,40,1535.0,18.273809523809526,3.3685847273835443,11,793.0,0.21248741760511414,29,1594.0,0.15416927378387976,40,2387.0
3530.0,41,1609.0,18.929411764705883,3.8830682412465216,12,704.0,0.23652762260730575,29,1639.0,0.18110391487710614,41,2343.0
3535.0,47,1145.0,13.011363636363637,3.6921676585715386,16,753.0,0.22275980648033586,31,1458.0,0.19890771028417945,47,2211.0
3540.0,41,636.0,7.2272727272727275,4.775911277636589,16,796.0,0.32814201407809007,25,1035.0,0.22192555636049047,41,1831.0
3545.0,47,699.0,8.03448275862069,3.5089375963639076,19,765.0,0.26842280810366576,28,1097.0,0.12315295054431429,47,1862.0
3550.0,40,676.0,7.952941176470588,4.104071757544575,15,658.0,0.3221602837119484,25,1126.0,0.14325673191289623,40,1784.0
3555.0,36,706.0,8.825,3.8554104591047844,10,656.0,0.26800646844671155,26,1189.0,0.19606862262479077,36,1845.0
3560.0,42,846.0,10.575,3.6090543698603668,13,655.0,0.2354551040753232,29,1261.0,0.17380520197368074,42,1916.0
3565.0,47,955.0,12.08860759493671,2.635546166315469,15,704.0,0.22512016214736283,32,1217.0,0.0930736447671131,47,1921.0
3570.0,46,1026.0,13.153846153846153,3.705880408199092,16,737.0,0.33068285152571697,30,1058.0,0.09338710828286623,46,1795.0
3575.0,44,1120.0,14.545454545454545,3.170694741428202,15,694.0,0.2694867067451264,29,1126.0,0.058798428797374916,44,1820.0
3580.0,39,1108.0,13.85,4.012297668477984,14,594.0,0.24314402106303917,25,1130.0,0.14326345085535278,39,1724.0
3585.0,32,676.0,8.779220779220779,4.190760489786597,13,423.0,0.21036685647819403,19,1040.0,0.2057235716473982,32,1463.0
3590.0,39,490.0,6.363636363636363,4.197620516028552,19,405.0,0.2261497703225816,20,898.0,0.17707663512344138,39,1303.0
3595.0,37,414.0,5.52,3.9656838383707442,18,459.0,0.20771129671076735,19,863.0,0.19392920811202782,37,1322.0
3600.0,32,419.0,5.586666666666667,4.588825504883612,15,473.0,0.2602526570872757,17,787.0,0.19971676055877985,32,1260.0
3605.0,34,486.0,6.5675675675675675,3.7127127551827197,15,452.0,0.26874234310031786,19,817.0,0.14304611035488846,34,1269.0
3610.0,34,449.0,5.986666666666666,4.699913902925035,16,400.0,0.2940340919277149,18,804.0,0.22280809583683797,34,1204.0
3615.0,34,525.0,7.0,4.373493507806165,16,449.0,0.20337900906745912,18,757.0,0.2460840957494479,34,1206.0
3620.0,39,628.0,8.373333333333333,4.013079565764431,20,536.0,0.1476166929326827,19,675.0,0.27302955498456594,39,1211.0
3625.0,39,687.0,9.16,4.071952773177799,19,582.0,0.21673574630155676,20,693.0,0.2868585563834367,39,1275.0
3630.0,31,650.0,8.904109589041095,4.277743499934139,11,566.0,0.2450649380761066,20,709.0,0.2555735958197433,31,1275.0
3635.0,30,679.0,9.56338028169014,3.6929865445093504,10,539.0,0.2730898247299146,20,728.0,0.15135663431680005,30,1267.0
3640.0,35,700.0,9.58904109589041,3.9370263078396213,15,499.0,0.16482127656342313,20,716.0,0.1963774492400949,35,1215.0
3645.0,37,418.0,5.9714285714285715,3.4321527602100317,17,424.0,0.09803672836163725,20,711.0,0.20064967696727704,37,1135.0
3650.0,38,394.0,5.472222222222222,4.027285458467173,15,294.0,0.2104128810153288,23,704.0,0.17751816674607807,38,998.0
3655.0,35,433.0,6.013888888888889,3.598350316483172,12,292.0,0.26120276648600504,23,756.0,0.15677723077324277,35,1048.0
3660.0,27,346.0,5.0144927536231885,5.078198766855493,4,234.0,0.42519511751997896,23,768.0,0.20016828954592916,27,1002.0
3665.0,29,399.0,5.541666666666667,4.255344601910868,6,211.0,0.37586315057864195,23,814.0,0.11360318410509937,29,1025.0
3670.0,32,422.0,5.702702702702703,3.8399061366748497,13,264.0,0.2186008199916046,19,813.0,0.14241676022110214,32,1077.0
3675.0,36,420.0,5.526315789473684,4.336431761799776,19,320.0,0.2422021542363729,17,750.0,0.21923647969181656,36,1070.0
3680.0,41,493.0,6.573333333333333,4.236510575437144,22,424.0,0.2582199032149235,19,596.0,0.19468271595344763,41,1020.0
3685.0,42,612.0,8.16,3.393461752764148,22,440.0,0.2648282346968125,20,634.0,0.15246603228175992,42,1074.0
3690.0,39,676.0,8.894736842105264,4.2177499375191045,21,493.0,0.2525111910946806,18,640.0,0.22284499641088018,39,1133.0
3695.0,31,614.0,8.647887323943662,3.94794604699608,19,481.0,0.11978826952938891,12,567.0,0.3039480157906068,31,1048.0
3700.0,31,445.0,6.013513513513513,4.8821122694553605,16,399.0,0.1604770587496318,15,483.0,0.28746797105379046,31,882.0
3705.0,29,348.0,4.767123287671233,4.844362963397054,10,339.0,0.3003166391838777,19,455.0,0.1745759596383936,29,794.0
3710.0,29,378.0,5.108108108108108,5.890150910311474,9,278.0,0.47158133355492315,20,424.0,0.12491317943024242,29,702.0
3715.0,26,384.0,5.408450704225352,5.330602246041688,8,233.0,0.40965979911881517,18,476.0,0.18185198822355547,26,709.0
3720.0,28,424.0,6.424242424242424,4.64701942159465,15,272.0,0.19756299587008488,13,477.0,0.2597863439375953,28,749.0
3725.0,31,530.0,8.412698412698413,3.906800931132237,18,317.0,0.1145492372784906,13,456.0,0.2544732780986508,31,773.0
3730.0,28,616.0,9.777777777777779,4.720668056020228,13,330.0,0.25260536068014905,15,512.0,0.1844648500121499,28,842.0
3735.0,30,732.0,12.2,3.7938711327553594,15,386.0,0.2130966737786006,15,567.0,0.144376763016866,30,953.0
3740.0,32,874.0,14.096774193548388,4.3422659243395705,18,471.0,0.14006889809570544,14,599.0,0.23958672598463931,32,1070.0
3745.0,32,691.0,11.327868852459016,4.210746107061692,18,459.0,0.1527025922454932,14,466.0,0.32153893192505956,32,925.0
3750.0,26,535.0,8.629032258064516,5.218403657237432,15,438.0,0.22766932192005893,11,398.0,0.3966814057505924,26,836.0
3755.0,27,581.0,9.222222222222221,4.942084702447685,14,451.0,0.32306467996431165,13,354.0,0.32882647609382065,27,805.0
3760.0,25,611.0,9.698412698412698,5.278107604402059,11,418.0,0.42979819190626234,14,388.0,0.26097684077306194,25,806.0
3765.0,28,530.0,8.833333333333334,4.858521917238488,12,323.0,0.28900885467351706,16,437.0,0.2710828981894966,28,760.0
3770.0,28,473.0,7.507936507936508,4.126616224403767,14,276.0,0.1456045219575268,14,457.0,0.225344199786797,28,733.0
3775.0,33,589.0,9.5,4.76471398021273,18,300.0,0.16309453188167278,15,446.0,0.31665706459294907,33,746.0
3780.0,28,483.0,7.546875,4.811972376252599,16,330.0,0.26061463658309364,12,401.0,0.3079368564904076,28,731.0
3785.0,26,470.0,7.4603174603174605,5.3941074823696145,12,342.0,0.415668671316267,14,270.0,0.23564497116723007,26,612.0
3790.0,27,455.0,7.338709677419355,4.761695605776713,11,327.0,0.3635855821387047,16,325.0,0.19530292929395382,27,652.0
3795.0,29,522.0,7.909090909090909,4.896829757563504,15,326.0,0.2554440920318526,14,364.0,0.23333602123028307,29,690.0
3800.0,31,371.0,5.455882352941177,4.263537455461292,17,272.0,0.1665435304711637,14,320.0,0.24911075341846572,31,592.0
3805.0,31,352.0,5.253731343283582,5.524928944487272,20,250.0,0.22719546952333428,11,258.0,0.3835657317425045,31,508.0
3810.0,27,345.0,5.2272727272727275,4.680390512192173,16,285.0,0.237471886857049,11,262.0,0.2919160387448126,27,547.0
3815.0,28,317.0,4.661764705882353,4.837432265111405,13,277.0,0.3009053748296227,15,269.0,0.19873530752293866,28,546.0
3820.0,27,306.0,4.434782608695652,4.39979318088803,9,268.0,0.3083352473329046,18,314.0,0.15703238506897363,27,582.0
3825.0,28,361.0,5.388059701492537,5.2943933993830345,16,285.0,0.20579571765690027,12,316.0,0.34629751347207427,28,601.0
3830.0,33,443.0,6.611940298507463,4.4668650759010555,22,349.0,0.1409302197557553,11,309.0,0.32701616200807054,33,658.0
3835.0,35,572.0,8.666666666666666,4.642900896274032,22,458.0,0.18783762920760944,13,279.0,0.3328896988418534,35,737.0
3840.0,32,531.0,8.428571428571429,3.7649425189929486,19,496.0,0.20924798514657814,13,261.0,0.2950114901977054,32,757.0
3845.0,27,496.0,7.873015873015873,4.099788271978072,10,450.0,0.2693097783924399,17,275.0,0.2107706417841854,27,725.0
3850.0,30,556.0,8.553846153846154,4.308324156150492,10,423.0,0.33274504570588676,20,314.0,0.1668368156858524,30,737.0
3855.0,30,638.0,9.382352941176471,4.8402809932573145,12,411.0,0.3434564590676846,18,350.0,0.18876605462218957,30,761.0
3860.0,29,617.0,8.942028985507246,4.715316015770527,14,413.0,0.28542301993648594,15,364.0,0.2053370508866347,29,777.0
3865.0,30,623.0,9.298507462686567,4.007445248410928,19,495.0,0.14171768458647616,11,322.0,0.26283314638007715,30,817.0
3870.0,34,458.0,6.735294117647059,3.8589379322810893,20,430.0,0.15293562610255998,14,321.0,0.21555476427974618,34,751.0
3875.0,33,513.0,7.892307692307693,4.6385230151809,18,305.0,0.22369895994413552,15,368.0,0.2718349484760873,33,673.0
3880.0,32,458.0,6.835820895522388,3.8255351461119456,17,323.0,0.22526361444543927,15,355.0,0.2326369796914909,32,678.0
3885.0,32,462.0,6.794117647058823,4.7440296944667075,15,352.0,0.3057115880231672,17,358.0,0.2664624388370482,32,710.0
3890.0,37,508.0,7.36231884057971,4.4615020606427,18,362.0,0.31373612933686007,19,377.0,0.2898096974546951,37,739.0
3895.0,28,390.0,5.416666666666667,3.7297020127855083,9,296.0,0.2720478031827164,19,453.0,0.1723194013991673,28,749.0
3900.0,32,489.0,6.698630136986301,4.381498054387243,9,230.0,0.3191251577648617,23,531.0,0.14250156590266472,32,761.0
3905.0,33,524.0,6.894736842105263,4.4693320904709815,10,236.0,0.30833828549312203,23,557.0,0.12598000773464982,33,793.0
3910.0,35,495.0,6.780821917808219,3.9996723664898033,18,309.0,0.16219594543992705,17,513.0,0.1926140584047435,35,822.0
3915.0,37,512.0,6.918918918918919,3.3942392003306785,21,325.0,0.16109389592749354,16,565.0,0.16680739235025172,37,890.0
3920.0,37,619.0,8.364864864864865,3.9635293910348914,18,358.0,0.24930311938808022,19,631.0,0.16291494117906954,37,989.0
3925.0,38,525.0,7.094594594594595,3.8210658992304554,15,358.0,0.2886486122218418,23,619.0,0.2043580403843178,38,977.0
3930.0,33,480.0,6.4,4.529749187178917,9,319.0,0.3229586673637818,24,585.0,0.20645560622031114,33,904.0
3935.0,34,539.0,7.0,4.643125364362266,13,301.0,0.31112290495776096,21,611.0,0.19075340640315108,34,912.0
3940.0,35,565.0,7.337662337662338,4.8203285504235405,14,319.0,0.27027514193674923,21,610.0,0.21260077528533472,35,929.0
3945.0,38,635.0,8.14102564102564,4.340248325302206,18,389.0,0.21311041652670382,20,603.0,0.2310700499893711,38,992.0
3950.0,33,382.0,4.897435897435898,4.293424477622744,20,368.0,0.17367664431683105,13,490.0,0.2771482975406519,33,858.0
3955.0,34,448.0,5.670886075949367,4.366443768062429,24,411.0,0.20017624109872628,10,494.0,0.3006933003699611,34,905.0
3960.0,34,493.0,6.1625,4.65056472247367,20,448.0,0.25926544144525376,14,506.0,0.2959563505689957,34,954.0
3965.0,37,443.0,5.5375,3.913076500788949,18,437.0,0.30564063114458706,19,554.0,0.15234308052612502,37,991.0
3970.0,47,536.0,6.457831325301205,3.0676326066378725,19,460.0,0.23520844821604447,28,625.0,0.13478022471174936,47,1085.0
3975.0,45,441.0,5.188235294117647,3.2476672170518306,18,421.0,0.19030308883243005,27,704.0,0.15652820196245962,45,1125.0
3980.0,47,568.0,6.454545454545454,3.6893516521483964,14,409.0,0.24604597180572496,33,799.0,0.1134741526316124,47,1208.0
3985.0,43,617.0,6.78021978021978,4.303310804490703,13,418.0,0.30296814443767434,30,822.0,0.13637888418570143,43,1240.0
3990.0,43,559.0,6.076086956521739,4.18423053492881,20,489.0,0.21208956586779168,23,706.0,0.1625080024483741,43,1195.0
3995.0,38,466.0,5.177777777777778,3.782428708730542,24,573.0,0.1463128953384944,14,756.0,0.17171100179925347,38,1329.0
4000.0,46,543.0,6.033333333333333,3.7816557615734516,32,720.0,0.1442005354799757,14,764.0,0.22531065756185578,46,1484.0
4005.0,47,627.0,7.376470588235295,3.11909564569517,29,784.0,0.16273551488588628,18,730.0,0.19820234035451742,47,1514.0
4010.0,42,608.0,7.325301204819277,2.889283116571515,24,741.0,0.09911089186008298,18,632.0,0.16935736751998298,42,1373.0
4015.0,37,533.0,6.270588235294118,3.160803337867242,24,760.0,0.11437513678205853,13,671.0,0.19147597981029615,37,1431.0
4020.0,35,402.0,4.674418604651163,3.809442595682528,17,680.0,0.18741696155627177,18,671.0,0.14044707682614652,35,1351.0
4025.0,35,310.0,3.6470588235294117,3.842501343661475,14,607.0,0.26678216167275903,21,716.0,0.08314341243491258,35,1323.0
4030.0,41,418.0,5.036144578313253,3.7982810054390423,14,628.0,0.329458065559994,27,788.0,0.03542256651651614,41,1416.0
4035.0,51,571.0,6.879518072289157,3.1798923868813267,23,719.0,0.25603497972991884,28,867.0,0.07517318722776097,51,1586.0
4040.0,54,739.0,8.694117647058823,2.520041750449483,29,776.0,0.13818053610073094,25,913.0,0.13897026188152156,54,1689.0
4045.0,48,794.0,9.022727272727273,3.1109107498227178,25,760.0,0.2008068688264073,23,897.0,0.12334426865209054,48,1657.0
4050.0,39,603.0,6.483870967741935,3.7381922883491776,23,818.0,0.21387882820470272,16,741.0,0.12437622667990733,39,1559.0
4055.0,30,509.0,5.3578947368421055,4.851708062331088,22,873.0,0.24334309754079023,8,783.0,0.23519816453411121,30,1656.0
4060.0,38,612.0,6.51063829787234,4.042662786547161,26,917.0,0.17219513392435498,12,828.0,0.22889460541595238,38,1745.0
4065.0,43,721.0,7.923076923076923,3.467414336025523,30,928.0,0.13964232487951947,13,765.0,0.1626597522889543,43,1693.0
4070.0,36,790.0,8.876404494382022,3.4773687974553344,24,1035.0,0.1320674728955532,12,584.0,0.208354976584886,36,1619.0
4075.0,39,885.0,10.056818181818182,4.0220483208991755,30,1154.0,0.13745938154099968,9,592.0,0.3027539358274688,39,1746.0
4080.0,50,1051.0,12.220930232558139,2.8449646924121037,34,1258.0,0.12413009749301346,16,589.0,0.19876085016615572,50,1847.0
4085.0,49,1197.0,13.758620689655173,3.121808619064554,29,1311.0,0.16415769119527082,20,559.0,0.1458782947415183,49,1870.0
4090.0,40,1314.0,15.458823529411765,3.870410412345932,27,1442.0,0.1454399267321,13,454.0,0.2559548174561184,40,1896.0
4095.0,48,1508.0,17.333333333333332,3.162574339779911,35,1598.0,0.06296405774415456,13,508.0,0.2659516821615738,48,2106.0
4100.0,61,1631.0,17.923076923076923,2.6530191499315974,40,1695.0,0.0984890565377286,21,591.0,0.16323771449756314,61,2286.0
4105.0,56,1741.0,19.13186813186813,3.0043330582440753,36,1788.0,0.15519061855479951,20,604.0,0.19661577364674662,56,2392.0
4110.0,49,1617.0,17.387096774193548,3.6978873118099918,35,1719.0,0.1642233209319632,14,520.0,0.28980920909767965,49,2239.0
4115.0,43,1169.0,12.436170212765957,3.6808538790970284,31,1578.0,0.11531746758353503,12,452.0,0.3134006802507002,43,2030.0
4120.0,49,956.0,10.279569892473118,3.1388442746978282,31,1650.0,0.11975707651016632,18,433.0,0.2230884159437897,49,2083.0
4125.0,42,618.0,6.645161290322581,3.420445419791916,22,1604.0,0.15488532092650034,20,473.0,0.19541589127491454,42,2077.0
4130.0,37,628.0,6.752688172043011,3.856991287939214,21,1549.0,0.17892141897308864,16,481.0,0.18424255118396293,37,2030.0
4135.0,40,577.0,6.204301075268817,4.363020505771231,24,1526.0,0.20085913731987998,16,434.0,0.2121630496996471,40,1960.0
4140.0,42,515.0,5.4787234042553195,4.329168673020805,27,1614.0,0.17784204883675309,15,306.0,0.20119740938959071,42,1920.0
4145.0,50,712.0,7.824175824175824,3.6671842826567715,33,1744.0,0.15462441241346084,17,353.0,0.21405394927955038,50,2097.0
4150.0,49,803.0,9.229885057471265,3.473366255509281,34,1733.0,0.12775404229005946,15,363.0,0.21074335857288057,49,2096.0
4155.0,53,838.0,9.744186046511627,3.465753795848441,33,1582.0,0.11519605887113822,20,395.0,0.182712298089786,53,1977.0
4160.0,44,846.0,10.071428571428571,3.5386273777475927,27,1657.0,0.11676237607343251,17,424.0,0.24645356827687884,44,2081.0
4165.0,36,707.0,9.064102564102564,3.5956834072737887,19,1671.0,0.16169175685644,17,401.0,0.2144943394805758,36,2072.0
4170.0,28,700.0,9.090909090909092,3.6497019117914746,16,1594.0,0.17230423953630747,12,355.0,0.18831563520352065,28,1949.0
4175.0,30,634.0,8.128205128205128,3.7876265805205938,18,1441.0,0.19432246952675597,12,300.0,0.17811412510010083,30,1741.0
4180.0,35,757.0,9.582278481012658,3.8803941676718137,20,1505.0,0.17801923979309625,15,298.0,0.25490435017427554,35,1803.0
4185.0,30,774.0,10.051948051948052,4.347766278354481,18,1527.0,0.23834194814523332,12,305.0,0.20615089244941412,30,1832.0
4190.0,30,847.0,11.144736842105264,4.288210988454998,21,1498.0,0.20458218430702627,9,261.0,0.21142754303600472,30,1759.0
4195.0,37,921.0,11.658227848101266,3.53979792344151,24,1510.0,0.12526305569360655,13,263.0,0.2109249898332939,37,1773.0
4200.0,44,1107.0,14.376623376623376,3.238532659149536,30,1457.0,0.1379760272279805,14,296.0,0.30317981811600203,44,1753.0
4205.0,37,1113.0,14.454545454545455,3.6550911353661366,27,1452.0,0.15876166780032788,10,257.0,0.38648271330319234,37,1709.0
4210.0,31,1069.0,14.253333333333334,4.2863618187902395,22,1500.0,0.2146357974733553,9,150.0,0.39392447365947114,31,1650.0
4215.0,33,906.0,11.325,3.587787564320405,23,1458.0,0.20337567853363736,10,142.0,0.19472324011987444,33,1600.0
4220.0,35,547.0,6.753086419753086,3.912924303215282,26,1322.0,0.17862721741449542,9,126.0,0.24522190802070276,35,1448.0
4225.0,37,456.0,5.428571428571429,3.5377049014488735,28,1351.0,0.1460237902288254,9,157.0,0.2404128591554308,37,1508.0
4230.0,44,521.0,6.2023809523809526,3.1716081104854092,30,1404.0,0.11929202104831868,14,222.0,0.2620861002628581,44,1626.0
4235.0,45,581.0,6.67816091954023,2.9666788448428703,31,1434.0,0.09379575021474389,14,232.0,0.3319007854792989,45,1666.0
4240.0,47,751.0,8.252747252747254,3.4818462847396376,34,1387.0,0.1465808421280048,13,242.0,0.34167231956118027,47,1629.0
4245.0,50,779.0,8.376344086021506,3.115252713483786,33,1471.0,0.15135042397011977,17,232.0,0.2914795323455584,50,1703.0
4250.0,45,746.0,7.9361702127659575,3.2592733278128097,27,1460.0,0.1494301754403976,18,285.0,0.22937377622842145,45,1745.0
4255.0,48,824.0,8.494845360824742,3.51883961984101,27,1456.0,0.19050305588821093,21,385.0,0.1879737577052732,48,1841.0
4260.0,50,889.0,8.466666666666667,3.546125530425961,30,1469.0,0.16097485751517726,20,419.0,0.26912729520461665,50,1888.0
4265.0,47,812.0,7.518518518518518,4.321315377805947,35,1454.0,0.19540060310595284,12,370.0,0.3209524416580921,47,1824.0
4270.0,41,538.0,5.173076923076923,3.5684490963022832,32,1436.0,0.16126176951783022,9,344.0,0.3163829639594871,41,1780.0
4275.0,52,683.0,6.443396226415095,3.3771486556061574,38,1473.0,0.13389519000824485,14,370.0,0.2530174030161729,52,1843.0
4280.0,65,881.0,8.233644859813085,2.7607686559114826,45,1591.0,0.13160071383216296,20,425.0,0.1689405606960839,65,2016.0
4285.0,67,1042.0,9.648148148148149,2.848928120463057,43,1634.0,0.11346510221988423,24,538.0,0.16924441054526815,67,2172.0
4290.0,63,1125.0,10.817307692307692,2.688979494779664,37,1596.0,0.08246485104291233,26,576.0,0.18420314881664254,63,2172.0
4295.0,46,1090.0,10.686274509803921,3.518806158735582,29,1615.0,0.10202487646260237,17,518.0,0.2770317916843536,46,2133.0
4300.0,40,1026.0,10.46938775510204,3.47009648378696,30,1618.0,0.09533240903424858,10,452.0,0.3238571699404523,40,2070.0
4305.0,47,830.0,8.383838383838384,2.6509446571515496,34,1547.0,0.06948934056812553,13,463.0,0.2117121691936418,47,2010.0
4310.0,53,654.0,6.673469387755102,2.731041659486747,35,1636.0,0.0960440224625139,18,468.0,0.20880378738522357,53,2104.0
4315.0,50,629.0,6.484536082474227,2.847369096837343,26,1641.0,0.1461904681276571,24,496.0,0.14805621747696093,50,2137.0
4320.0,48,677.0,6.702970297029703,2.4390495394810783,20,1675.0,0.14582570783473847,28,536.0,0.07867919031561173,48,2211.0
4325.0,48,714.0,7.069306930693069,3.385889782458349,25,1692.0,0.14448334120810172,23,536.0,0.17478237169554076,48,2228.0
4330.0,44,526.0,5.26,3.235779127031512,30,1724.0,0.10821731017875973,14,550.0,0.22334135871697686,44,2274.0
4335.0,53,572.0,5.72,3.017394999861598,37,1748.0,0.07989728884249558,16,488.0,0.19483181727357063,53,2236.0
4340.0,63,773.0,7.578431372549019,2.807838498932089,41,1822.0,0.08296496750512078,22,514.0,0.1979674997114699,63,2336.0
4345.0,57,860.0,8.431372549019608,3.3844753240248817,39,1786.0,0.09595510399056231,18,490.0,0.24363444792998637,57,2276.0
4350.0,46,741.0,7.264705882352941,3.3862881257720994,32,1848.0,0.14029257173775864,14,475.0,0.2116417161726485,46,2323.0
4355.0,43,642.0,6.356435643564357,3.513837684677879,25,1774.0,0.20936366273556653,18,512.0,0.13103595500678833,43,2286.0
4360.0,41,542.0,5.262135922330097,3.4070495735182864,20,1729.0,0.2130814944554924,21,551.0,0.09715534169874733,41,2280.0
4365.0,42,533.0,5.2254901960784315,3.574425882171423,24,1697.0,0.1608809493783121,18,544.0,0.17151625873208204,42,2241.0
4370.0,38,492.0,4.96969696969697,3.0935753820201723,28,1700.0,0.08494022298388762,10,513.0,0.24277944140153254,38,2213.0
4375.0,49,524.0,5.292929292929293,3.2086274023990486,34,1647.0,0.07119379118781814,15,430.0,0.24082173463361212,49,2077.0
4380.0,57,705.0,7.34375,2.719170985714315,38,1631.0,0.09168773659570201,19,453.0,0.20464523271092203,57,2084.0
4385.0,53,759.0,7.824742268041237,2.98717914612532,36,1688.0,0.04774534377839101,17,443.0,0.2506194765535931,53,2131.0
4390.0,46,853.0,9.074468085106384,3.365001220070102,37,1764.0,0.025027404868130477,9,448.0,0.29991390424793085,46,2212.0
4395.0,53,979.0,10.197916666666666,3.822001930812356,38,1797.0,0.08600371776116937,15,495.0,0.29320223504268905,53,2292.0
4400.0,48,871.0,9.365591397849462,3.325385463763251,28,1655.0,0.08719127002564582,20,526.0,0.18320776609250397,48,2181.0
4405.0,51,891.0,9.580645161290322,3.7812852592008266,24,1540.0,0.16424649468562766,27,594.0,0.14374988041676978,51,2134.0
4410.0,47,1020.0,11.208791208791208,4.1330195854759815,16,1382.0,0.25578967441766653,31,739.0,0.109821748547682,47,2121.0
4415.0,45,995.0,10.934065934065934,4.006364901989236,16,1354.0,0.2474549137403994,29,763.0,0.13345364198994514,45,2117.0
4420.0,46,914.0,10.269662921348315,3.282753456678809,21,1240.0,0.18463279108980324,25,717.0,0.1402418086924777,46,1957.0
4425.0,48,825.0,9.375,3.0671677393395695,23,1181.0,0.16562636428915584,25,745.0,0.1880754658862393,48,1926.0
4430.0,43,533.0,5.98876404494382,3.5525452898518513,24,1063.0,0.12117312832235672,19,670.0,0.22246165416086355,43,1733.0
4435.0,42,532.0,6.114942528735632,4.1276719100430945,27,1087.0,0.08652396336990753,15,605.0,0.3084210550184261,42,1692.0
4440.0,40,632.0,7.264367816091954,3.926821838640466,28,1124.0,0.0754053204210557,12,634.0,0.24503184596407146,40,1758.0
4445.0,47,744.0,8.963855421686747,2.9962189264408634,27,1133.0,0.11172232069178724,20,713.0,0.17011962941649014,47,1846.0
4450.0,44,663.0,7.892857142857143,2.827697660485024,20,1001.0,0.16535588142494312,24,748.0,0.1097291125241539,44,1749.0
4455.0,36,603.0,7.265060240963855,3.2265377345966217,15,1024.0,0.20392760125501042,21,702.0,0.15423313497809202,36,1726.0
4460.0,27,524.0,6.1647058823529415,4.104567996955048,17,1038.0,0.170746391328301,10,640.0,0.28639838386647165,27,1678.0
4465.0,38,562.0,6.6117647058823525,3.693737285438321,23,1037.0,0.12990348108008115,15,642.0,0.27052516044016445,38,1679.0
4470.0,50,666.0,7.744186046511628,3.4470089388198484,27,1121.0,0.16373781753938224,23,620.0,0.22337365578129365,50,1741.0
4475.0,51,644.0,7.318181818181818,3.706571472420414,25,1109.0,0.17145953590369958,26,622.0,0.2406638354142478,51,1731.0
4480.0,45,681.0,7.566666666666666,3.659146841751225,19,955.0,0.21901361867762761,26,739.0,0.15780727590551366,45,1694.0
4485.0,43,762.0,8.466666666666667,3.9190290554880898,14,840.0,0.24010901311839772,29,866.0,0.14806798499998775,43,1706.0
4490.0,41,703.0,7.898876404494382,3.877189593363841,11,689.0,0.31525903302858593,30,907.0,0.07521629528651638,41,1596.0
4495.0,36,429.0,4.988372093023256,3.890097688020771,11,521.0,0.2186384236202184,25,837.0,0.1470331354797,36,1358.0
4500.0,36,397.0,4.726190476190476,3.4135453479490914,18,572.0,0.0630773062555958,18,867.0,0.21542448687029345,36,1439.0
4505.0,46,531.0,6.247058823529412,3.4819020575335657,26,687.0,0.08058924620341999,20,835.0,0.18760441411198311,46,1522.0
4510.0,50,714.0,8.814814814814815,2.6131713267934495,24,742.0,0.13791745182933982,26,832.0,0.08523118297009878,50,1574.0
4515.0,47,868.0,10.987341772151899,3.034071199588682,23,735.0,0.13758280145373028,24,786.0,0.1362214540460528,47,1521.0
4520.0,39,755.0,9.4375,3.4339762456017184,22,702.0,0.12675154972800967,17,779.0,0.2261752995664372,39,1481.0
4525.0,34,584.0,7.3924050632911396,4.074012832915664,14,573.0,0.23163110166667397,20,714.0,0.16341971991595872,34,1287.0
4530.0,35,478.0,5.975,4.209332412378282,8,469.0,0.3553867761445131,27,750.0,0.08688919967264064,35,1219.0
4535.0,35,527.0,6.8441558441558445,4.750215719852408,8,363.0,0.35329923879424785,27,780.0,0.13114486785615123,35,1143.0
4540.0,36,607.0,8.315068493150685,4.413165772578319,10,351.0,0.36259870601716043,26,806.0,0.14887404081074018,36,1157.0
4545.0,35,608.0,8.444444444444445,3.685496143077061,15,409.0,0.21696408220232594,20,738.0,0.15894567242644167,35,1147.0
4550.0,35,570.0,8.26086956521739,3.1406688858644936,18,445.0,0.12028249966218237,17,700.0,0.17694526341112174,35,1145.0
4555.0,40,594.0,8.485714285714286,3.3050125518417186,22,535.0,0.1529832222662283,18,674.0,0.1605459165174459,40,1209.0
4560.0,36,502.0,7.171428571428572,3.387217087157709,20,537.0,0.2074892935248341,16,671.0,0.13475709561146376,36,1208.0
4565.0,33,544.0,7.884057971014493,4.268090649024285,19,476.0,0.22245206960165456,14,616.0,0.18715278795065643,33,1092.0
4570.0,41,652.0,9.588235294117647,3.7955045613710476,23,561.0,0.12986331700878942,18,609.0,0.19445893100867628,41,1170.0
4575.0,41,673.0,9.753623188405797,3.7797853766964282,20,568.0,0.11357399149018822,21,608.0,0.23486583006532377,41,1176.0
4580.0,34,507.0,7.681818181818182,3.3951313386391346,14,451.0,0.16637551604855483,20,642.0,0.19487213064997644,34,1093.0
4585.0,23,432.0,6.352941176470588,4.006661753615166,8,490.0,0.16991763810931662,15,596.0,0.20720333933063417,23,1086.0
4590.0,31,491.0,7.014285714285714,4.23269547952428,14,545.0,0.1851743544654278,17,587.0,0.22889527625981493,31,1132.0
4595.0,35,490.0,7.0,4.040321477966638,18,533.0,0.25331502273153766,17,547.0,0.1714290586278337,35,1080.0
4600.0,25,531.0,7.8088235294117645,4.353803479012001,11,444.0,0.30299231762192785,14,591.0,0.16879652417441426,25,1035.0
4605.0,21,516.0,8.0625,4.255024619350998,7,440.0,0.24377476993728378,14,600.0,0.16279268035626926,21,1040.0
4610.0,31,421.0,6.476923076923077,3.686037881235746,15,470.0,0.1570497630452949,16,526.0,0.17829314739839855,31,996.0
4615.0,33,452.0,6.848484848484849,4.3054741559415755,21,551.0,0.13093668323741517,12,443.0,0.28473506301398155,33,994.0
4620.0,35,532.0,8.3125,4.1702161241917475,23,649.0,0.16672603564266356,12,432.0,0.2743471937895122,35,1081.0
4625.0,33,600.0,9.23076923076923,4.182653764691698,20,652.0,0.1690575084919616,13,428.0,0.32524948987721947,33,1080.0
4630.0,29,602.0,9.121212121212121,4.714820053735927,13,539.0,0.2392599027213081,16,493.0,0.33145432759400506,29,1032.0
4635.0,21,415.0,6.484375,4.861844101952414,6,443.0,0.34138974191243016,15,555.0,0.26209763143678294,21,998.0
4640.0,26,444.0,7.278688524590164,4.776028766932379,9,326.0,0.28861360891621823,17,635.0,0.22596597897276713,26,961.0
4645.0,33,511.0,8.37704918032787,3.4288908869461654,16,395.0,0.1270970023572765,17,619.0,0.18174159564232265,33,1014.0
4650.0,38,488.0,8.0,3.439771253274929,25,510.0,0.16882582793001757,13,507.0,0.19618970502027008,38,1017.0
4655.0,31,402.0,6.590163934426229,3.3568960501611285,21,516.0,0.22500865022223857,10,461.0,0.22984141331745894,31,977.0
4660.0,27,277.0,4.396825396825397,4.297232498492802,16,441.0,0.2738330009496495,11,383.0,0.1957365848404765,27,824.0
4665.0,23,285.0,4.453125,4.830330274784228,10,375.0,0.3756173320626611,13,417.0,0.152579412679106,23,792.0
4670.0,24,308.0,4.666666666666667,4.667021259108675,10,335.0,0.32846803678970055,14,470.0,0.1528768907775613,24,805.0
4675.0,27,309.0,4.414285714285715,3.976343816843655,14,347.0,0.2617168952038752,13,436.0,0.1504038426096304,27,783.0
4680.0,31,326.0,4.465753424657534,3.854511617189713,21,376.0,0.19478197648087664,10,368.0,0.29509809803791776,31,744.0
4685.0,28,394.0,5.397260273972603,4.336063825472827,18,363.0,0.22841553558372885,10,412.0,0.33200909056580497,28,775.0
4690.0,32,516.0,6.88,4.156056791673411,18,400.0,0.25665688569126593,14,471.0,0.22699623933610888,32,871.0
4695.0,39,639.0,8.2987012987013,3.6864933982751342,21,461.0,0.2232010818715252,18,486.0,0.12366452455396944,39,947.0
4700.0,38,727.0,9.441558441558442,3.3367066406620873,22,508.0,0.1901928804837665,16,464.0,0.18587273416227446,38,972.0
4705.0,41,747.0,8.892857142857142,3.29139811361841,29,611.0,0.18726669300245494,12,405.0,0.2598122812568657,41,1016.0
4710.0,39,834.0,10.170731707317072,3.8407528003253937,25,688.0,0.24361587409389707,14,409.0,0.2696246118923837,39,1097.0
4715.0,41,617.0,7.174418604651163,3.7480644304628608,23,688.0,0.23280920764468088,18,365.0,0.2248855819476637,41,1053.0
4720.0,40,494.0,5.428571428571429,3.802288208376561,28,672.0,0.13528977448025015,12,247.0,0.26807135411547106,40,919.0
4725.0,47,544.0,5.913043478260869,3.4600297831738356,31,761.0,0.11725939655107107,16,300.0,0.2302489144087342,47,1061.0
4730.0,52,696.0,7.820224719101123,3.7699299479320296,33,836.0,0.1308544597300462,19,378.0,0.26950055626420844,52,1214.0
4735.0,47,646.0,7.340909090909091,2.968349796689512,29,877.0,0.13144769690874308,18,410.0,0.21019964925549567,47,1287.0
4740.0,49,676.0,7.681818181818182,3.214707428083351,32,895.0,0.1264379529513028,17,430.0,0.2881456105750987,49,1325.0
4745.0,51,695.0,7.808988764044944,3.0338100760535784,34,982.0,0.12372634533374172,17,444.0,0.2798280373103075,51,1426.0
4750.0,48,621.0,6.9,3.1544370700121096,31,1004.0,0.15243908203146375,17,434.0,0.1690803118498198,48,1438.0
4755.0,45,542.0,5.956043956043956,2.6362056053077163,25,1035.0,0.10543259522227776,20,443.0,0.12304307088658717,45,1478.0
4760.0,37,444.0,4.8791208791208796,3.5971788984907778,23,1021.0,0.08261382270931227,14,406.0,0.2780227498417656,37,1427.0
4765.0,38,486.0,5.170212765957447,3.564323415776767,27,1085.0,0.10304701258697689,11,412.0,0.31731849863484035,38,1497.0
4770.0,50,639.0,7.021978021978022,3.2750733617142638,36,1220.0,0.10555918507162547,14,375.0,0.29368768295855524,50,1595.0
4775.0,55,747.0,8.3,2.6347538169239666,38,1306.0,0.09887845391475752,17,410.0,0.21579513350177418,55,1716.0
4780.0,56,796.0,8.9438202247191,2.209282812820632,38,1350.0,0.05871959110314047,18,417.0,0.12244043443874403,56,1767.0
4785.0,51,743.0,7.989247311827957,2.712666935435877,33,1407.0,0.08651382745065526,18,435.0,0.1837860089051615,51,1842.0
4790.0,43,644.0,6.924731182795699,3.8391198040539423,26,1336.0,0.1852042482703412,17,425.0,0.18995411621328478,43,1761.0
4795.0,45,583.0,6.550561797752809,3.5337358376659136,25,1253.0,0.1518482218537825,20,469.0,0.161797996626214,45,1722.0
4800.0,47,637.0,7.4941176470588236,3.5235610040580476,23,1196.0,0.21020699980111696,24,541.0,0.09628604170252039,47,1737.0
4805.0,41,658.0,7.741176470588235,3.4357697977928137,16,1140.0,0.20592799921007732,25,598.0,0.09631296242679464,41,1738.0
4810.0,33,520.0,6.265060240963855,4.090125605676716,17,1067.0,0.21811062906842976,16,584.0,0.20379062460158215,33,1651.0
4815.0,34,557.0,6.710843373493976,3.4876990876131546,20,1092.0,0.13001566686368457,14,555.0,0.25349508431034473,34,1647.0
4820.0,37,521.0,6.058139534883721,3.9235274553734665,21,1056.0,0.1380442059764953,16,511.0,0.2548408398669932,37,1567.0
4825.0,33,603.0,7.178571428571429,3.4077658297972873,16,1039.0,0.20698288153764235,17,532.0,0.14748008927754305,33,1571.0
4830.0,31,687.0,7.988372093023256,4.595904227377641,17,1009.0,0.2552270463979986,14,501.0,0.19916704261319945,31,1510.0
4835.0,38,706.0,8.506024096385541,3.5954753925435674,21,1006.0,0.08898481643278323,17,519.0,0.20066541098059568,38,1525.0
4840.0,47,666.0,8.121951219512194,3.611339788339877,25,948.0,0.087323489135697,22,569.0,0.23096654843151113,47,1517.0
4845.0,47,598.0,7.569620253164557,2.567726326614367,28,985.0,0.07757771656600275,19,551.0,0.2103213784099417,47,1536.0
4850.0,42,587.0,7.5256410256410255,3.5211857106836497,22,938.0,0.14268805238449364,20,469.0,0.24875176223577064,42,1407.0
4855.0,40,667.0,8.662337662337663,3.7834664544446914,17,910.0,0.22464534325880847,23,558.0,0.12306975241344648,40,1468.0
4860.0,34,796.0,10.337662337662337,4.704155262950104,12,864.0,0.31177999800094264,22,654.0,0.1001586097627184,34,1518.0
4865.0,30,739.0,9.597402597402597,4.524508097113184,11,831.0,0.3539678489118316,19,671.0,0.11928830053907075,30,1502.0
4870.0,32,751.0,9.271604938271604,4.672963138237651,17,835.0,0.25333628736760877,15,633.0,0.22637474364331547,32,1468.0
4875.0,36,801.0,10.139240506329115,4.748787140065256,19,883.0,0.25431132551003327,17,599.0,0.26969977335156603,36,1482.0
4880.0,30,683.0,8.645569620253164,4.923280837568449,14,893.0,0.27118178130799925,16,510.0,0.2408756143063098,30,1403.0
4885.0,31,676.0,8.779220779220779,3.7945402720463846,18,969.0,0.28064195294474226,13,534.0,0.1138722860095289,31,1503.0
4890.0,40,843.0,11.092105263157896,3.2375081645284247,25,1071.0,0.15445909446582323,15,564.0,0.1697075281340161,40,1635.0
4895.0,48,869.0,11.43421052631579,2.8190784152603414,29,1059.0,0.12944579742151807,19,594.0,0.18907455130730946,48,1653.0
4900.0,43,773.0,9.784810126582279,3.739194124462214,28,932.0,0.13441558082730407,15,621.0,0.3021709657338333,43,1553.0
4905.0,41,842.0,10.395061728395062,3.599808717315846,27,1004.0,0.18988024968966152,14,616.0,0.26020325640339337,41,1620.0
4910.0,36,796.0,9.590361445783133,4.236472579458502,20,1011.0,0.24248944526575877,16,557.0,0.25376333059571987,36,1568.0
4915.0,35,828.0,9.741176470588234,4.031279725191598,20,1059.0,0.24851372526003981,15,596.0,0.2354213270622741,35,1655.0
4920.0,44,990.0,11.25,4.148090443305784,28,1170.0,0.19838883984339922,16,614.0,0.18864564426912048,44,1784.0
4925.0,47,1124.0,12.488888888888889,3.668398241104005,29,1175.0,0.17407312535221664,18,626.0,0.18551944030518322,47,1801.0
4930.0,51,1250.0,13.736263736263735,3.8080433500082735,32,1163.0,0.16540871603491036,19,631.0,0.2528541418902993,51,1794.0
4935.0,51,993.0,10.67741935483871,3.3652679431901933,33,1046.0,0.17406443883123762,18,625.0,0.26909709880522537,51,1671.0
4940.0,41,685.0,7.365591397849462,4.00853367200668,26,903.0,0.20527064468591444,15,546.0,0.3174490171000381,41,1449.0
4945.0,48,874.0,9.297872340425531,4.183713587932931,28,832.0,0.22892120244189743,20,537.0,0.30054836796631906,48,1369.0
4950.0,54,786.0,8.103092783505154,3.173549441357509,34,855.0,0.13018050474163068,20,469.0,0.26558994963828036,54,1324.0
4955.0,53,681.0,6.948979591836735,3.043328114957094,34,840.0,0.1256299517711939,19,457.0,0.15899843643068182,53,1297.0
4960.0,50,574.0,6.042105263157895,2.8666615989315334,27,949.0,0.16935665865650779,23,492.0,0.09725776136886924,50,1441.0
4965.0,48,590.0,6.020408163265306,3.121532757532073,29,1035.0,0.10479095106118788,19,481.0,0.14512643225668803,48,1516.0
4970.0,43,665.0,6.785714285714286,3.5981480816256197,31,1087.0,0.12273848867071821,12,504.0,0.27438829867735737,43,1591.0
4975.0,47,639.0,6.39,3.7468540668724115,34,1191.0,0.14040391725801113,13,471.0,0.26409529182024594,47,1662.0
4980.0,50,608.0,6.141414141414141,3.0463923022621273,34,1189.0,0.11631141470200916,16,434.0,0.2520093254792679,50,1623.0
4985.0,59,684.0,6.84,2.664978389719393,36,1201.0,0.11172892009510726,23,479.0,0.22238553151102783,59,1680.0
4990.0,64,853.0,8.201923076923077,2.676200327481758,38,1259.0,0.1259318732150041,26,539.0,0.21523168177380592,64,1798.0
4995.0,64,835.0,7.803738317757009,2.375199256452273,36,1199.0,0.11015317092595832,28,611.0,0.1374766996492792,64,1810.0
5000.0,55,721.0,6.554545454545455,3.1902878653784352,30,1187.0,0.10891537191837947,25,627.0,0.20551424541209834,55,1814.0
5005.0,46,537.0,4.752212389380531,3.403140473491981,25,1277.0,0.1087341892299404,21,615.0,0.23873004714692436,46,1892.0
5010.0,42,491.0,4.345132743362832,3.720667899743722,25,1328.0,0.12907595947686926,17,563.0,0.25390166157717314,42,1891.0
5015.0,50,531.0,4.962616822429907,2.7291748160818297,27,1329.0,0.10401417044138354,23,610.0,0.1946447578110054,50,1939.0
5020.0,58,631.0,5.7889908256880735,2.1960381747414472,29,1340.0,0.10074854174626038,29,694.0,0.11702487276729927,58,2034.0
5025.0,63,725.0,6.415929203539823,2.3959052771993514,29,1255.0,0.09382709262303501,34,767.0,0.10388520055299458,63,2022.0
5030.0,59,770.0,6.754385964912281,3.792678876561504,29,1203.0,0.13720749934899912,30,764.0,0.1961591645720308,59,1967.0
5035.0,43,758.0,6.5344827586206895,4.623113239630874,23,1087.0,0.19168285572261132,20,814.0,0.24302822813550495,43,1901.0
5040.0,34,692.0,6.178571428571429,5.126631885768873,16,997.0,0.29914363758568974,18,868.0,0.2134203981305938,34,1865.0
5045.0,41,698.0,6.462962962962963,4.190833114005529,14,921.0,0.3099845329604544,27,933.0,0.15941554805609187,41,1854.0
5050.0,51,622.0,5.923809523809524,3.3580832046186293,18,923.0,0.23421237412214807,33,989.0,0.1486289076656806,51,1912.0
5055.0,60,696.0,6.6923076923076925,2.506863977596318,27,905.0,0.13471205348767765,33,1058.0,0.13820981741531066,60,1963.0
5060.0,62,686.0,6.533333333333333,2.320523041822187,32,956.0,0.09144616347225701,30,1015.0,0.11170033879192301,62,1971.0
5065.0,63,769.0,7.466019417475728,2.5151404400787625,37,1032.0,0.12059358338281867,26,1099.0,0.11441933557696891,63,2131.0
5070.0,60,887.0,8.367924528301886,2.772999455850333,36,1102.0,0.1442742737259859,24,1182.0,0.12809498385451656,60,2284.0
5075.0,56,817.0,7.635514018691588,2.7937923117167056,27,1048.0,0.18639339134684788,29,1239.0,0.08361432848471236,56,2287.0
5080.0,52,681.0,6.548076923076923,3.049459661672024,23,1002.0,0.2306094268819555,29,1274.0,0.08406300083804857,52,2276.0
5085.0,50,669.0,6.311320754716981,3.535370701651578,18,891.0,0.2623586406650832,32,1303.0,0.0933096947914155,50,2194.0
5090.0,47,722.0,6.876190476190477,3.777861065275371,19,937.0,0.22520496788499844,28,1214.0,0.1556287928175331,47,2151.0
5095.0,48,753.0,7.455445544554456,3.7468511927582346,25,945.0,0.11819803583580848,23,1146.0,0.246590784638886,48,2091.0
5100.0,47,674.0,6.607843137254902,3.2742542494029467,29,998.0,0.09071229608909602,18,1175.0,0.18926750106358572,47,2173.0
5105.0,51,725.0,7.552083333333333,2.5741447035387104,29,1047.0,0.10141651299071872,22,1177.0,0.14263926977132887,51,2224.0
5110.0,52,840.0,8.65979381443299,2.6342694829485294,24,998.0,0.1382631646324074,28,1222.0,0.09246673991287993,52,2220.0
5115.0,48,892.0,9.10204081632653,2.4841071718188474,18,1071.0,0.17657717497657988,30,1256.0,0.05950750887607484,48,2327.0
5120.0,50,1015.0,10.049504950495049,3.3932601893248417,22,1165.0,0.15635591941657226,28,1183.0,0.16468609497416056,50,2348.0
5125.0,45,823.0,8.23,3.203506742645977,28,1183.0,0.13195872722444593,17,1067.0,0.1950834469824938,45,2250.0
5130.0,45,628.0,6.28,3.5766371318792483,30,1191.0,0.13642564944470467,15,947.0,0.24402074022431156,45,2138.0
5135.0,56,824.0,8.408163265306122,3.6532832983272714,37,1353.0,0.13547630506710615,19,878.0,0.26165542374602274,56,2231.0
5140.0,61,852.0,8.968421052631578,2.1101785610428756,38,1389.0,0.06547507873375596,23,886.0,0.12366945249570233,61,2275.0
5145.0,70,1010.0,10.412371134020619,2.1045225667423524,36,1385.0,0.11095117389445952,34,974.0,0.09746090514821416,70,2359.0
5150.0,71,1101.0,11.589473684210526,1.4611617347258827,34,1412.0,0.10377713401359347,37,1104.0,0.07172543554889066,71,2516.0
5155.0,68,1091.0,11.13265306122449,2.2166608765534974,31,1300.0,0.13283074535951062,37,1221.0,0.06998279751721087,68,2521.0
5160.0,62,1127.0,11.618556701030927,2.5937439597292506,24,1185.0,0.1527925126512113,38,1391.0,0.04815130844287178,62,2576.0
5165.0,55,1036.0,10.36,2.759303211045127,20,1262.0,0.14838323171762802,35,1420.0,0.05711803950215337,55,2682.0
5170.0,46,844.0,8.612244897959183,3.09638510620116,17,1323.0,0.1504834700786602,29,1297.0,0.1376685648689617,46,2620.0
5175.0,43,717.0,7.391752577319588,3.658808268844916,23,1325.0,0.15263119816136775,20,1184.0,0.2562581792812821,43,2509.0
5180.0,41,586.0,6.041237113402062,4.118904832911928,26,1273.0,0.1014493143017692,15,1022.0,0.32260865778621856,41,2295.0
5185.0,43,699.0,7.28125,4.196298233436461,31,1267.0,0.11530246843559219,12,954.0,0.32171358865668714,43,2221.0
5190.0,48,925.0,10.054347826086957,3.9880179514215746,34,1365.0,0.10450545800810389,14,810.0,0.3176414750599601,48,2175.0
5195.0,53,1182.0,12.847826086956522,3.8284891435708865,37,1546.0,0.0903961586016889,16,798.0,0.3118075700669051,53,2344.0
5200.0,52,1282.0,13.78494623655914,3.405015847004839,36,1698.0,0.08514667288382095,16,711.0,0.23881505833001238,52,2409.0
5205.0,56,1361.0,14.793478260869565,2.44107832370894,38,1877.0,0.07025419381816866,18,613.0,0.17183051332954782,56,2490.0
5210.0,61,1610.0,16.770833333333332,2.3801537016398413,40,2069.0,0.06685689842295932,21,635.0,0.16317556285422077,61,2704.0
5215.0,61,1858.0,19.15463917525773,2.8525077626623405,43,2279.0,0.10195799669526658,18,608.0,0.18721995738020591,61,2887.0
5220.0,58,1713.0,17.303030303030305,3.0878267674179454,41,2275.0,0.1037519664645425,17,551.0,0.24371179201672177,58,2826.0
5225.0,53,1402.0,13.611650485436893,3.549372609749434,33,2063.0,0.1030688079277958,20,517.0,0.229357123677917,53,2580.0
5230.0,54,1233.0,12.088235294117647,3.282350849300324,29,2208.0,0.08385970082064365,25,589.0,0.2633033640031975,54,2797.0
5235.0,50,991.0,9.811881188118813,3.2509023906199666,29,2347.0,0.074143812813024,21,623.0,0.24056752213589622,50,2970.0
5240.0,46,628.0,6.343434343434343,2.9955102698364366,23,2285.0,0.07920328371235734,23,616.0,0.1897260299431224,46,2901.0
5245.0,50,644.0,6.505050505050505,3.0453447530654065,23,2268.0,0.09560913657703639,27,636.0,0.15854744321856104,50,2904.0
5250.0,51,745.0,7.842105263157895,2.410094200844677,25,2172.0,0.08104186071725934,26,732.0,0.1604039115916624,51,2904.0
5255.0,48,771.0,7.948453608247423,3.186710102828343,22,1901.0,0.1587192872508231,26,801.0,0.11130199850636463,48,2702.0
5260.0,47,684.0,7.2,3.7214399668349727,19,1535.0,0.23916789848847697,28,826.0,0.07092838495543013,47,2361.0
5265.0,44,556.0,5.731958762886598,4.3341014525079276,17,1271.0,0.25072431468111755,27,877.0,0.12615925278175497,44,2148.0
5270.0,39,601.0,6.604395604395604,4.566277813415714,15,1024.0,0.2879007821354569,24,880.0,0.15672146100213769,39,1904.0
5275.0,34,711.0,7.98876404494382,4.7179851945937195,8,759.0,0.34099809269769227,26,1002.0,0.11136339334422722,34,1761.0
5280.0,39,895.0,10.28735632183908,4.405582085281045,10,600.0,0.36418956558512283,29,1094.0,0.08109898210590673,39,1694.0
5285.0,39,1016.0,11.952941176470588,4.613890060355867,13,422.0,0.332675549588528,26,1180.0,0.09408227861670086,39,1602.0
5290.0,37,1073.0,13.935064935064934,4.711226513171634,10,344.0,0.40890744794720124,27,1236.0,0.09944846958096763,37,1580.0
5295.0,38,1171.0,15.207792207792208,4.211402559484945,9,304.0,0.333042567873992,29,1327.0,0.12370717414154493,38,1631.0
5300.0,36,1317.0,17.56,4.513735791623814,8,290.0,0.3306650756688114,28,1416.0,0.2259479911979924,36,1706.0
5305.0,36,1487.0,20.65277777777778,4.458907361135108,7,280.0,0.4251015012297313,29,1482.0,0.16112314250299267,36,1762.0
5310.0,43,1688.0,23.444444444444443,4.195063506168868,9,303.0,0.3761528674835554,34,1623.0,0.12011349110964727,43,1926.0
5315.0,39,1567.0,20.893333333333334,3.7143311423288643,8,217.0,0.2924144612869599,31,1651.0,0.09100796430119422,39,1868.0
5320.0,38,1449.0,20.125,4.342680674972792,10,186.0,0.3895231586340059,28,1621.0,0.16474532005943135,38,1807.0
5325.0,36,1515.0,21.956521739130434,4.11713757777061,9,223.0,0.3621974770490542,27,1692.0,0.1715256846280868,36,1915.0
5330.0,38,1666.0,24.865671641791046,3.3455764396311465,8,245.0,0.33692786189366014,30,1764.0,0.08770384837020051,38,2009.0
5335.0,44,1826.0,25.013698630136986,3.6566060466931765,11,281.0,0.3376371020125792,33,1889.0,0.06850102756576668,44,2170.0
5340.0,41,1991.0,25.20253164556962,4.538874749889641,9,311.0,0.3987259688558229,32,2019.0,0.09913319834422721,41,2330.0
5345.0,37,1757.0,22.525641025641026,4.975585014775818,8,333.0,0.46931026629576006,29,1941.0,0.17948100207679868,37,2274.0
5350.0,32,962.0,12.493506493506494,4.872849052817906,12,372.0,0.42707696048955085,20,1604.0,0.2032549416324736,32,1976.0
5355.0,34,659.0,8.905405405405405,4.092228872226829,18,443.0,0.30167857435046946,16,1481.0,0.2006181440935845,34,1924.0
5360.0,30,620.0,8.378378378378379,3.9425397689454003,18,532.0,0.22362084329737397,12,1359.0,0.1938210441238269,30,1891.0
5365.0,36,467.0,6.3108108108108105,2.8986184157627926,19,441.0,0.18537116375906512,17,1214.0,0.12897500215938332,36,1655.0
5370.0,30,478.0,6.638888888888889,3.7168474541409995,14,383.0,0.18654391637065423,16,891.0,0.18250691980006326,30,1274.0
5375.0,32,609.0,8.826086956521738,4.540062267191018,18,425.0,0.10162963636092717,14,611.0,0.2715167649099935,32,1036.0
5380.0,34,759.0,10.397260273972602,5.014242511810381,20,511.0,0.11883625125987178,14,484.0,0.2948426357327935,34,995.0
5385.0,34,923.0,14.2,4.985656913671393,19,606.0,0.1804089129786026,15,477.0,0.3242344485553492,34,1083.0
5390.0,28,788.0,13.133333333333333,4.578008623429284,16,557.0,0.1405797361941251,12,457.0,0.33457953964898046,28,1014.0
5395.0,28,801.0,14.052631578947368,3.7607881679900506,15,478.0,0.1470878212562018,13,423.0,0.21915249309872406,28,901.0
5400.0,35,940.0,15.666666666666666,3.3790793350852444,18,561.0,0.23351464177510728,17,492.0,0.1729423352440094,35,1053.0
5405.0,30,1070.0,16.46153846153846,4.74756599615379,17,646.0,0.21614787740278488,13,539.0,0.315186303094733,30,1185.0
5410.0,27,894.0,13.753846153846155,4.758274741281747,15,682.0,0.17670512650027048,12,474.0,0.3698685179149786,27,1156.0
5415.0,29,944.0,14.523076923076923,5.4881739612068685,16,708.0,0.2225070478200775,13,361.0,0.3555868273509335,29,1069.0
5420.0,27,630.0,10.161290322580646,4.79522370117328,14,635.0,0.24915353850509803,13,324.0,0.2830091448221631,27,959.0
5425.0,23,215.0,3.208955223880597,5.34584389539369,5,417.0,0.3338204411506807,18,292.0,0.21716763174020456,23,709.0
5430.0,25,314.0,4.617647058823529,5.982168917027853,6,253.0,0.4410659777225602,19,383.0,0.21075045327313852,25,636.0
5435.0,26,439.0,6.455882352941177,6.092729862935007,6,87.0,0.48424099331909526,20,478.0,0.22064503435030147,26,565.0
5440.0,30,574.0,8.084507042253522,5.941675382965546,7,110.0,0.40119274965838303,23,583.0,0.2528215844389635,30,693.0
5445.0,29,528.0,8.123076923076923,4.754975195568546,9,112.0,0.2132601931765093,20,619.0,0.2851627094704634,29,731.0
5450.0,24,425.0,6.854838709677419,5.268079579004869,11,114.0,0.3081462179878674,13,564.0,0.2830881477786342,24,678.0
5455.0,28,385.0,5.923076923076923,4.193457775341061,12,132.0,0.22541626415113253,16,570.0,0.19414926652133502,28,702.0
5460.0,33,479.0,7.484375,4.838281402278609,13,169.0,0.31283927177264803,20,581.0,0.26286287057770835,33,750.0
5465.0,32,507.0,7.681818181818182,3.996657866423167,12,195.0,0.31752080297114593,20,646.0,0.20896457214832523,32,841.0
5470.0,29,553.0,8.253731343283581,5.097997948608154,8,162.0,0.4757129444741413,21,706.0,0.19630280915063184,29,868.0
5475.0,34,491.0,6.915492957746479,4.240182497731481,12,207.0,0.3301622953842901,22,642.0,0.12304894737543255,34,849.0
5480.0,37,532.0,7.0,4.457684325585977,17,280.0,0.2454309561598729,20,563.0,0.19094956519441636,37,843.0
5485.0,35,521.0,7.04054054054054,4.497750658596308,17,319.0,0.2745118567458593,18,541.0,0.2370174630311245,35,860.0
5490.0,28,375.0,5.208333333333333,4.4648848263467675,16,346.0,0.24546339847215853,12,405.0,0.26886995777852124,28,751.0
5495.0,29,307.0,4.449275362318841,3.6174246032355883,17,329.0,0.17474786590165903,12,384.0,0.2532879313101536,29,713.0
5500.0,35,426.0,5.835616438356165,4.233186043154278,21,356.0,0.18958540223256481,14,398.0,0.23669370341775745,35,754.0
5505.0,39,567.0,7.363636363636363,3.8784323787932435,22,440.0,0.21125091411462327,17,417.0,0.1918301255268497,39,857.0
5510.0,34,673.0,8.855263157894736,4.3844788233742875,21,507.0,0.19493262604170886,13,390.0,0.3085282581466914,34,897.0
5515.0,33,575.0,7.77027027027027,4.23349669465442,21,499.0,0.18894605430689906,12,385.0,0.35020519470837785,33,884.0
5520.0,29,393.0,5.24,4.783409170839876,15,449.0,0.2865340000660821,14,354.0,0.27478823167867816,29,803.0
5525.0,33,413.0,5.363636363636363,3.884666200387364,14,483.0,0.32254088998019065,19,411.0,0.0995944763323161,33,894.0
5530.0,40,536.0,6.784810126582278,3.995219784253652,19,517.0,0.2646697571160678,21,466.0,0.1349353156725136,40,983.0
5535.0,42,640.0,8.205128205128204,3.3325187452408214,24,596.0,0.1865641848147421,18,495.0,0.18992790576313912,42,1091.0
5540.0,42,703.0,9.12987012987013,3.49191153930926,31,682.0,0.1324577460702858,11,483.0,0.24713414271554818,42,1165.0
5545.0,44,785.0,9.936708860759493,3.342058026928935,31,759.0,0.11168929786593336,13,542.0,0.24737524658100177,44,1301.0
5550.0,46,904.0,11.160493827160494,3.7294329616297013,26,790.0,0.15493680940566215,20,634.0,0.2379677711192275,46,1424.0
5555.0,46,789.0,9.74074074074074,3.39234250972602,27,799.0,0.0861676091032489,19,599.0,0.3032995350432743,46,1398.0
5560.0,41,551.0,6.63855421686747,3.676043581967157,22,694.0,0.15519614886011968,19,506.0,0.2007532947834853,41,1200.0
5565.0,38,526.0,6.337349397590361,4.282639459682704,14,567.0,0.27084377265632764,24,522.0,0.17152835763512675,38,1089.0
5570.0,35,545.0,6.264367816091954,4.425158205667647,11,591.0,0.3025881300086003,24,541.0,0.12317333438583955,35,1132.0
5575.0,33,470.0,5.662650602409639,4.595272235883937,16,619.0,0.25802287784955213,17,484.0,0.22789792977457957,33,1103.0
5580.0,36,460.0,5.75,4.037528235359825,23,632.0,0.14217392389826558,13,486.0,0.28945652950626694,36,1118.0
5585.0,43,613.0,7.475609756097561,3.522518797954765,29,722.0,0.11679124805161722,14,536.0,0.21659866189988192,43,1258.0
5590.0,47,593.0,7.2317073170731705,2.947346271133963,27,760.0,0.1452055844312881,20,512.0,0.1726392498688981,47,1272.0
5595.0,42,597.0,7.192771084337349,4.080114860371364,22,712.0,0.22231763050567138,20,509.0,0.22046370092818185,42,1221.0
5600.0,37,642.0,7.642857142857143,3.870657042466069,14,634.0,0.24615584824106584,23,589.0,0.17545710285832827,37,1223.0
5605.0,38,809.0,9.630952380952381,4.293454632786025,14,578.0,0.2641400460408563,24,682.0,0.14546573081554204,38,1260.0
5610.0,36,828.0,10.097560975609756,4.385806667638265,13,595.0,0.28458910318962666,23,688.0,0.1497187068153137,36,1283.0
5615.0,35,781.0,10.012820512820513,4.208761572527227,18,650.0,0.20521704927848697,17,566.0,0.18738398013024637,35,1216.0
5620.0,34,426.0,5.68,3.132217656635899,22,594.0,0.11337987110115218,12,516.0,0.19881086691546546,34,1110.0
5625.0,39,412.0,5.421052631578948,3.8244990324425183,25,515.0,0.18930497434664711,14,503.0,0.23419781398303305,39,1018.0
5630.0,43,521.0,6.946666666666666,3.0694668533077856,25,580.0,0.13809292181846128,18,565.0,0.22508226247962013,43,1145.0
5635.0,44,581.0,7.851351351351352,2.8825354678894497,22,582.0,0.15929465625579767,22,657.0,0.1123449313657502,44,1239.0
5640.0,41,571.0,7.821917808219178,2.419348791374607,17,651.0,0.1437948399558402,24,649.0,0.024302635821355896,41,1300.0
5645.0,34,570.0,7.702702702702703,3.228481416776273,18,739.0,0.134983189048902,16,526.0,0.1197407794288872,34,1265.0
5650.0,31,534.0,6.7594936708860756,3.394383913326738,22,738.0,0.1279020827630257,9,543.0,0.2156909301855585,31,1281.0
5655.0,40,672.0,8.096385542168674,4.1814803852186415,26,775.0,0.18404914498971164,14,559.0,0.3066250933421222,40,1334.0
5660.0,46,693.0,8.451219512195122,4.058757709818156,27,785.0,0.21954992801042003,19,631.0,0.3343582091901232,46,1416.0
5665.0,51,782.0,9.30952380952381,3.1744999982802646,29,785.0,0.19033398912010036,22,649.0,0.2101063925370937,51,1434.0
5670.0,50,908.0,10.55813953488372,3.4261310859885743,32,911.0,0.12782766382264082,18,540.0,0.2313759174292614,50,1451.0
5675.0,42,675.0,7.584269662921348,3.1688972380506963,31,956.0,0.08816262756752086,11,457.0,0.21920155794697796,42,1413.0
5680.0,38,536.0,6.160919540229885,3.781372844482359,24,879.0,0.1553326560605612,14,402.0,0.20953526632750097,38,1281.0
5685.0,40,476.0,5.666666666666667,3.956955356798624,17,789.0,0.24295470318890441,23,498.0,0.12815438777120308,40,1287.0
5690.0,45,545.0,6.488095238095238,3.721047382179946,15,638.0,0.1988770314926689,30,632.0,0.062153466223003905,45,1270.0
5695.0,38,526.0,6.414634146341464,3.8425612480427254,11,577.0,0.2606601930074855,27,664.0,0.05490833834196165,38,1241.0
5700.0,33,484.0,5.902439024390244,4.52600907087441,13,534.0,0.23924567959001225,20,596.0,0.1328766227442531,33,1130.0
5705.0,29,467.0,6.064935064935065,4.1144803980771965,17,521.0,0.14546425312257333,12,619.0,0.237743059475887,29,1140.0
5710.0,33,566.0,7.447368421052632,4.2726857258796995,15,455.0,0.21857075705744136,18,695.0,0.16901086361476353,33,1150.0
5715.0,33,428.0,5.706666666666667,3.5387294209373468,13,477.0,0.1504444227311608,20,695.0,0.16743541645001966,33,1172.0
5720.0,35,366.0,5.013698630136986,3.8051011088576256,16,470.0,0.17223797375672872,19,615.0,0.22650704640341246,35,1085.0
5725.0,39,433.0,6.098591549295775,3.4024658340317884,20,519.0,0.1838007019535784,19,609.0,0.21354017969495984,39,1128.0
5730.0,36,460.0,6.47887323943662,3.3864924767920397,24,601.0,0.1283442443600721,12,511.0,0.20170738788572748,36,1112.0
5735.0,34,508.0,7.055555555555555,3.8159409903751316,24,623.0,0.1315779431933462,10,463.0,0.2610241602856908,34,1086.0
5740.0,33,511.0,6.905405405405405,4.123466281503977,16,528.0,0.16737243042648126,17,529.0,0.20971895416477543,33,1057.0
5745.0,31,457.0,6.347222222222222,4.281011675117352,10,459.0,0.24054575882528567,21,511.0,0.13252821039814824,31,970.0
5750.0,35,574.0,7.552631578947368,4.56807942191224,12,472.0,0.30542524887973377,23,595.0,0.13875746256247945,35,1067.0
5755.0,38,590.0,7.972972972972973,4.099293793849209,17,500.0,0.2971756423693996,21,601.0,0.15492086579513978,38,1101.0
5760.0,38,732.0,10.166666666666666,3.807268758219058,20,598.0,0.22391196246153142,18,580.0,0.23915700699530795,38,1178.0
5765.0,48,949.0,12.324675324675324,3.3234245583204705,28,721.0,0.19199013255197991,20,669.0,0.21291875755405062,48,1390.0
5770.0,50,1049.0,12.792682926829269,3.4512961405407694,29,844.0,0.17261504529492958,21,668.0,0.24997946802809212,50,1512.0
5775.0,39,938.0,11.439024390243903,4.057433134331849,28,969.0,0.16646538823231466,11,490.0,0.3616762420689072,39,1459.0
5780.0,38,870.0,10.0,3.968551582304926,30,1012.0,0.17302071008937864,8,464.0,0.29679281766619614,38,1476.0
5785.0,34,779.0,9.05813953488372,4.6112626191866815,21,941.0,0.2750684045524798,13,510.0,0.2286067150735252,34,1451.0
5790.0,38,804.0,9.686746987951807,4.498419801289538,17,878.0,0.2959030236407586,21,582.0,0.13364055217788062,38,1460.0
5795.0,41,975.0,11.607142857142858,3.85098941933156,17,903.0,0.20580234813891607,24,697.0,0.10418152619050887,41,1600.0
5800.0,47,1104.0,13.142857142857142,3.305585470360211,25,1010.0,0.14544161587775256,22,752.0,0.13806084212863348,47,1762.0
5805.0,51,1275.0,15.36144578313253,3.1620569002309216,29,1123.0,0.13003486152268143,22,800.0,0.20886143250079092,51,1923.0
5810.0,52,1398.0,16.843373493975903,2.928382507289406,31,1245.0,0.17047244869794834,21,881.0,0.1867607390948647,52,2126.0
5815.0,59,1645.0,19.583333333333332,2.6059661128408953,33,1362.0,0.19248526387407663,26,1001.0,0.1348842443523885,59,2363.0
5820.0,56,1307.0,14.685393258426966,2.1203137208331992,33,1286.0,0.12236656769507344,23,951.0,0.1417712286560507,56,2237.0
5825.0,48,811.0,8.815217391304348,2.941660141876205,32,1143.0,0.09607911726787924,16,747.0,0.2550518267638908,48,1890.0
5830.0,42,650.0,6.914893617021277,3.533656536240346,33,1189.0,0.14634708308007935,9,762.0,0.2887550246877565,42,1951.0
5835.0,41,501.0,5.21875,3.394543513204679,29,1118.0,0.18751483011631345,12,798.0,0.1744436214121662,41,1916.0
5840.0,42,426.0,4.303030303030303,2.7920040607702936,25,1063.0,0.1147199837312505,17,731.0,0.16735042771246725,42,1794.0
5845.0,37,393.0,3.891089108910891,3.8275688079508674,21,995.0,0.1484135718155287,16,570.0,0.2311323235439278,37,1565.0
5850.0,41,423.0,4.188118811881188,3.5291692245723407,29,1068.0,0.1500911206011762,12,580.0,0.23801336338588314,41,1648.0
5855.0,44,450.0,4.326923076923077,3.2996278900001625,33,1180.0,0.13584119323212224,11,597.0,0.20746530286667886,44,1777.0
5860.0,51,497.0,4.872549019607843,2.8949504984391026,34,1282.0,0.1731069616973131,17,549.0,0.17306721432797367,51,1831.0
5865.0,55,656.0,6.368932038834951,2.6894832720659707,38,1363.0,0.08876013569771994,17,443.0,0.17750780644985964,55,1806.0
5870.0,55,836.0,7.961904761904762,2.911645758625557,40,1504.0,0.09217381796250433,15,381.0,0.19524370879261527,55,1885.0
5875.0,53,1019.0,9.435185185185185,3.5859206473090617,40,1626.0,0.10334639726040751,13,360.0,0.20154097863290063,53,1986.0
5880.0,49,1034.0,9.754716981132075,3.041737200823664,36,1644.0,0.07662677871431803,13,361.0,0.19805722114495514,49,2005.0
5885.0,51,886.0,8.438095238095238,3.185685813593877,33,1512.0,0.09133674953124071,18,390.0,0.18940768853747503,51,1902.0
5890.0,48,725.0,7.107843137254902,3.2312655358008797,28,1392.0,0.13287337543595498,20,398.0,0.1476696216196721,48,1790.0
5895.0,53,786.0,7.5576923076923075,3.6145255841572,23,1196.0,0.2215600487499241,30,478.0,0.09784719689262589,53,1674.0
5900.0,50,890.0,8.640776699029127,3.908913591109024,19,1124.0,0.2744726250994446,31,571.0,0.12411120822398111,50,1695.0
5905.0,54,978.0,9.683168316831683,3.6073622826284604,26,1212.0,0.1801079954877362,28,608.0,0.14251186167697172,54,1820.0
5910.0,50,985.0,10.154639175257731,3.557601812846636,30,1224.0,0.13591224462117654,20,633.0,0.18816163116920342,50,1857.0
5915.0,50,885.0,9.516129032258064,3.975685341310811,31,1283.0,0.14304856993543105,19,644.0,0.2557424121428822,50,1927.0
5920.0,37,742.0,8.244444444444444,3.6363070048368575,24,1205.0,0.13443763627164865,13,648.0,0.2663880491286946,37,1853.0
5925.0,34,694.0,7.977011494252873,3.6175594388291312,17,1062.0,0.11458598648572832,17,669.0,0.21807645545595514,34,1731.0
5930.0,39,590.0,7.023809523809524,2.5086829787384852,15,997.0,0.13272232034717124,24,656.0,0.0688023137307603,39,1653.0
5935.0,44,555.0,6.306818181818182,2.8096211703732674,16,1008.0,0.12959898156789842,28,657.0,0.08582724239321993,44,1665.0
5940.0,45,646.0,7.6,2.923678118962715,21,1080.0,0.15983860628960259,24,719.0,0.18280714585755278,45,1799.0
5945.0,45,704.0,8.282352941176471,3.0901645217429157,25,1196.0,0.15130204953839835,20,697.0,0.17250587381860474,45,1893.0
5950.0,44,638.0,7.333333333333333,2.640322438603807,29,1206.0,0.06447177149849699,15,707.0,0.16723520512236992,44,1913.0
5955.0,44,693.0,7.9655172413793105,3.4371371314514487,23,1144.0,0.1612046507821339,21,772.0,0.13452372641834212,44,1916.0
5960.0,44,842.0,9.905882352941177,3.7010352097045964,17,1092.0,0.2549275922543784,27,891.0,0.11796873846088239,44,1983.0
5965.0,49,967.0,11.376470588235295,3.1624037941875573,19,1086.0,0.18999372049017926,30,944.0,0.10114907171888383,49,2030.0
5970.0,51,993.0,11.68235294117647,2.6435280170578364,21,1035.0,0.1403737472714796,30,992.0,0.1136063624152727,51,2027.0
5975.0,45,998.0,11.604651162790697,2.8962154351439504,20,1079.0,0.20593088675881188,25,1045.0,0.17676252051113003,45,2124.0
5980.0,46,1164.0,12.933333333333334,3.438956678474794,16,1057.0,0.22760352583065016,30,1139.0,0.18813843285183446,46,2196.0
5985.0,50,1262.0,14.022222222222222,3.7068570778943744,18,1076.0,0.2669553005236399,32,1170.0,0.13967015294999807,50,2246.0
5990.0,46,1143.0,12.290322580645162,3.7635207638506687,19,1078.0,0.19537000766759507,27,1052.0,0.146163996933437,46,2130.0
5995.0,38,1028.0,11.173913043478262,3.438731466092998,19,1023.0,0.09883124885080612,19,1104.0,0.1747794979569618,38,2127.0
6000.0,44,1062.0,12.068181818181818,3.651648383023141,24,1020.0,0.1667839693103627,20,1092.0,0.20036735131527803,44,2112.0
6005.0,42,1129.0,12.829545454545455,2.7372254205393443,22,1083.0,0.17272967002093043,20,1047.0,0.14909549256318408,42,2130.0
6010.0,40,1191.0,13.689655172413794,3.0929278524156416,19,1103.0,0.210019064656735,21,903.0,0.13305308946786715,40,2006.0
6015.0,38,1321.0,15.183908045977011,3.5977835910258213,18,1130.0,0.2268546963784841,20,905.0,0.13239773147099612,38,2035.0
6020.0,42,1452.0,16.133333333333333,4.0071774098012884,22,1163.0,0.19172643427044608,20,929.0,0.1936198740834036,42,2092.0
6025.0,44,1604.0,19.095238095238095,2.889400280725969,22,1241.0,0.15795327157199318,22,916.0,0.17373445991352915,44,2157.0
6030.0,45,1752.0,22.17721518987342,2.702584553693365,22,1310.0,0.16569018957198184,23,828.0,0.12313553909880479,45,2138.0
6035.0,43,1805.0,22.28395061728395,2.9839106092883303,22,1410.0,0.1706165197766778,21,821.0,0.13346843865790917,43,2231.0
6040.0,40,1386.0,16.305882352941175,3.730774375133513,18,1189.0,0.21025333865903992,22,843.0,0.1598096233733252,40,2032.0
6045.0,39,966.0,11.63855421686747,3.9221747800709488,13,697.0,0.2922612525376536,26,931.0,0.14879914239416045,39,1628.0
6050.0,43,1102.0,13.27710843373494,4.46551203361121,14,538.0,0.39665317467671335,29,993.0,0.16002939321880522,43,1531.0
6055.0,46,1241.0,15.134146341463415,3.080689280721222,14,589.0,0.28360492260549636,32,1037.0,0.07274960089748587,46,1626.0
6060.0,47,1322.0,15.738095238095237,3.591816658758152,19,665.0,0.22198151296826416,28,1019.0,0.10904559888995963,47,1684.0
6065.0,37,1366.0,16.261904761904763,3.9219002439430115,18,668.0,0.10566059757875265,19,1056.0,0.20036308642700554,37,1724.0
6070.0,40,1490.0,17.738095238095237,4.276775554748628,20,712.0,0.19007111940999227,20,1084.0,0.18605197626183773,40,1796.0
6075.0,45,1388.0,16.926829268292682,3.6519979328539,17,597.0,0.24237347186515648,28,1144.0,0.16661987578250667,45,1741.0
6080.0,36,1263.0,15.987341772151899,4.039880334167282,12,509.0,0.2849838269911552,24,1162.0,0.1897067160540954,36,1671.0
6085.0,29,1225.0,15.123456790123457,4.414894864216035,10,525.0,0.21483287047138366,19,1181.0,0.2596210998694675,29,1706.0
6090.0,35,1315.0,15.654761904761905,4.818509202065025,12,533.0,0.27848217593756536,23,1256.0,0.1977038168292473,35,1789.0
6095.0,43,1461.0,18.037037037037038,4.193551903609882,14,570.0,0.2910079315726227,29,1382.0,0.12590474357346396,43,1952.0
6100.0,55,1702.0,21.82051282051282,3.054815750483538,15,621.0,0.24410350098033415,40,1560.0,0.0720032524469022,55,2181.0
6105.0,55,1868.0,23.35,2.577736490258107,15,610.0,0.17305213143494982,40,1678.0,0.10513962807943214,55,2288.0
6110.0,40,1855.0,22.621951219512194,3.7121892401394843,11,551.0,0.20053227420199288,29,1695.0,0.17847874125106095,40,2246.0
6115.0,31,1486.0,18.121951219512194,4.049903450363056,9,544.0,0.24519279726653367,22,1617.0,0.20761748966641394,31,2161.0
6120.0,36,1000.0,12.5,4.017076557999962,9,542.0,0.3014754999906276,27,1405.0,0.14152190469366596,36,1947.0
6125.0,39,807.0,9.962962962962964,3.8632059236757432,12,585.0,0.3403112675895037,27,1292.0,0.11187655327447037,39,1877.0
6130.0,46,889.0,10.975308641975309,3.834827233370361,14,650.0,0.3515204450151336,32,1207.0,0.1201820778632574,46,1857.0
6135.0,42,975.0,12.1875,3.3726972043958767,13,646.0,0.31221369705136454,29,1252.0,0.11500989491457898,42,1898.0
6140.0,33,911.0,11.679487179487179,3.878054500623865,10,593.0,0.3713466296584547,23,1194.0,0.13609837479043624,33,1787.0
6145.0,27,888.0,10.962962962962964,4.005558787606609,9,627.0,0.359084027408687,18,1136.0,0.16913925440683397,27,1763.0
6150.0,35,991.0,12.085365853658537,4.057521990633242,13,688.0,0.2928108880769678,22,1026.0,0.1823635670507141,35,1714.0
6155.0,38,1155.0,14.620253164556962,3.9235660754703376,17,769.0,0.3188020534680901,21,1024.0,0.1685582612694617,38,1793.0
6160.0,41,775.0,9.567901234567902,3.16472227761768,15,585.0,0.2573006695830593,26,1108.0,0.11812316944523964,41,1693.0
6165.0,49,874.0,10.53012048192771,3.1607095248604704,17,353.0,0.22971221098737446,32,1194.0,0.1200743895821454,49,1547.0
6170.0,55,1133.0,13.174418604651162,3.192329237626779,20,408.0,0.25481137942552284,35,1364.0,0.13438165212784017,55,1772.0
6175.0,55,1074.0,12.344827586206897,2.895728153381512,19,478.0,0.25186649119909954,36,1385.0,0.1053367480663738,55,1863.0
6180.0,53,1164.0,13.857142857142858,3.224705793265023,15,522.0,0.29894290076320473,38,1297.0,0.08387118687123861,53,1819.0
6185.0,53,1378.0,16.602409638554217,2.969159041360846,15,587.0,0.27576916210495633,38,1418.0,0.039070635101483814,53,2005.0
6190.0,55,1551.0,18.24705882352941,3.394999779718866,20,682.0,0.2516885713600973,35,1482.0,0.04896080529791625,55,2164.0
6195.0,47,1450.0,16.666666666666668,3.6840269755965,17,688.0,0.24707040387037787,30,1483.0,0.09470727209372105,47,2171.0
6200.0,39,1018.0,12.414634146341463,4.140440754438387,16,633.0,0.21470578406494825,23,1304.0,0.19635200021736982,39,1937.0
6205.0,29,678.0,8.692307692307692,3.9388112983493286,13,690.0,0.21851549072300808,16,1197.0,0.2175798433237175,29,1887.0
6210.0,27,596.0,7.641025641025641,3.7658588417476904,14,743.0,0.19057744162800935,13,1190.0,0.14789531592401703,27,1933.0
6215.0,33,695.0,9.025974025974026,3.806889159516869,18,767.0,0.2241421970484556,15,1123.0,0.15096652324560272,33,1890.0
6220.0,28,757.0,10.22972972972973,3.8081653554805985,14,734.0,0.1642099283041211,14,922.0,0.17796642161564138,28,1656.0
6225.0,28,477.0,6.276315789473684,3.860686880719817,14,608.0,0.15218345276154402,14,882.0,0.212127164005287,28,1490.0
6230.0,33,493.0,6.573333333333333,3.941827018587447,13,429.0,0.2706974014163565,20,954.0,0.1851081074089773,33,1383.0
6235.0,39,636.0,8.48,3.583784682589528,13,438.0,0.3008383133543424,26,946.0,0.15694969029292624,39,1384.0
6240.0,33,728.0,9.578947368421053,4.248257946624179,12,404.0,0.29567013162733397,21,854.0,0.18077391023033543,33,1258.0
6245.0,32,840.0,11.052631578947368,3.4254377533832474,12,434.0,0.11738438907158394,20,955.0,0.1827832528247653,32,1389.0
6250.0,43,1026.0,12.825,3.340738841562127,16,495.0,0.16959811436723216,27,1075.0,0.12316620932847759,43,1570.0
6255.0,43,1187.0,15.217948717948717,2.8378412315872206,14,525.0,0.17578771561793255,29,1114.0,0.13141214977196344,43,1639.0
6260.0,39,1312.0,16.0,3.737578575749058,14,558.0,0.2880050687667472,25,1079.0,0.1294183290917798,39,1637.0
6265.0,34,1218.0,14.674698795180722,3.714077796388765,12,535.0,0.3316982641018323,22,1122.0,0.12508745341165514,34,1657.0
6270.0,35,1114.0,12.804597701149426,4.473270657062938,12,507.0,0.41447976203942133,23,1083.0,0.11504169954242482,35,1590.0
6275.0,35,1069.0,12.726190476190476,3.9528822188439947,12,559.0,0.33583013308917165,23,1123.0,0.1481518088441888,35,1682.0
6280.0,36,1150.0,13.529411764705882,4.033652569418217,16,622.0,0.1894445230863202,20,1125.0,0.19738417892290117,36,1747.0
6285.0,36,918.0,10.928571428571429,3.327940148695106,17,687.0,0.14919019247604295,19,1008.0,0.1511187671311179,36,1695.0
6290.0,41,959.0,11.282352941176471,4.019122760002303,18,764.0,0.25149156990014443,23,843.0,0.11599754497378217,41,1607.0
6295.0,42,1016.0,12.240963855421686,3.420305647086066,13,789.0,0.35125112267895575,29,938.0,0.043451228641561715,42,1727.0
6300.0,51,1170.0,13.448275862068966,3.8251831437953485,14,784.0,0.36721498764986554,37,1053.0,0.07011210728941687,51,1837.0
6305.0,49,1318.0,15.505882352941176,3.474801081318642,15,836.0,0.32783860773453066,34,1165.0,0.13661665777929977,49,2001.0
6310.0,42,1356.0,15.409090909090908,4.018425305074154,16,900.0,0.3170320271846563,26,1184.0,0.1665583848641304,42,2084.0
6315.0,36,1333.0,15.147727272727273,3.706820770133127,17,979.0,0.2554183806208429,19,1124.0,0.1938329920567403,36,2103.0
6320.0,37,1294.0,14.377777777777778,3.6555082077187118,21,1059.0,0.159691806370319,16,1009.0,0.20867056723908758,37,2068.0
6325.0,41,1300.0,14.606741573033707,3.3655092699100084,23,1148.0,0.15115726032443189,18,1025.0,0.18330317697558118,41,2173.0
6330.0,37,1399.0,16.080459770114942,3.6879122444058807,21,1241.0,0.17406710429940975,16,987.0,0.16270011016345867,37,2228.0
6335.0,34,966.0,11.63855421686747,3.192574683128125,19,1036.0,0.11614172933178918,15,919.0,0.17658789369447941,34,1955.0
6340.0,36,581.0,6.916666666666667,3.6868096209278525,18,711.0,0.14952243123321693,18,828.0,0.20490729679884462,36,1539.0
6345.0,37,639.0,7.888888888888889,3.845781687041268,17,581.0,0.24027582516883045,20,840.0,0.22508015661884737,37,1421.0
6350.0,44,825.0,10.3125,3.738509551329553,18,512.0,0.28449191304579063,26,795.0,0.19240598752559412,44,1307.0
6355.0,51,1064.0,13.468354430379748,2.6584192606775434,19,523.0,0.23456304858618704,32,863.0,0.13235419976416496,51,1386.0
6360.0,54,967.0,11.650602409638553,1.7534132882333564,20,556.0,0.18878032586448795,34,871.0,0.06186644004957744,54,1427.0
6365.0,50,1059.0,12.172413793103448,2.9775145091505504,15,543.0,0.2752949626150569,35,904.0,0.07497211698629365,50,1447.0
6370.0,50,1120.0,12.307692307692308,3.6725493898779136,15,573.0,0.3256327119134822,35,978.0,0.0975622914612968,50,1551.0
6375.0,45,918.0,9.663157894736843,3.8715400215093174,16,575.0,0.21323748858468725,29,931.0,0.1655917121377249,45,1506.0
6380.0,45,845.0,9.086021505376344,3.343122429046665,21,614.0,0.13423183721138393,24,972.0,0.17284786793024542,45,1586.0
6385.0,42,794.0,8.630434782608695,3.471518272509264,20,667.0,0.13826943508413653,22,1027.0,0.15751902143525226,42,1694.0
6390.0,33,640.0,7.032967032967033,3.2111862870006296,15,685.0,0.19156231236017002,18,994.0,0.12799955578431407,33,1679.0
6395.0,43,770.0,8.555555555555555,3.7489038403461543,19,704.0,0.2381475892877655,24,998.0,0.15049192502411843,43,1702.0
6400.0,48,594.0,6.527472527472527,3.243974911507603,19,608.0,0.2576443294799664,29,1019.0,0.09582947987187938,48,1627.0
6405.0,44,516.0,5.733333333333333,3.7564203803601766,19,450.0,0.20056346141840137,25,957.0,0.17829885211782792,44,1407.0
6410.0,43,404.0,4.43956043956044,3.007400510544082,21,505.0,0.18344754577695968,22,947.0,0.11072912092682975,43,1452.0
6415.0,34,304.0,3.2688172043010755,4.141890709983763,16,512.0,0.2772357775119116,18,933.0,0.15889152741524928,34,1445.0
6420.0,26,208.0,2.311111111111111,4.274069186002465,10,443.0,0.2828808474531324,16,899.0,0.173534019862597,26,1342.0
6425.0,25,172.0,1.89010989010989,4.288055931347331,12,359.0,0.18016092144306192,13,771.0,0.22363100367350341,25,1130.0
6430.0,33,230.0,2.5842696629213484,3.6194564449875832,18,407.0,0.160616696332911,15,771.0,0.22618259728082357,33,1178.0
6435.0,43,384.0,4.363636363636363,3.1847982570756894,25,523.0,0.15720347599226042,18,857.0,0.19875544928743136,43,1380.0
6440.0,44,465.0,5.166666666666667,2.46863250128395,24,585.0,0.13398488984336174,20,900.0,0.1734791923340144,44,1485.0
6445.0,43,463.0,4.822916666666667,3.5670301214867988,18,576.0,0.21666967365989587,25,938.0,0.2052658033651883,43,1514.0
6450.0,50,584.0,6.020618556701031,3.8571497051477337,19,596.0,0.23993414321648027,31,949.0,0.19876243411277378,50,1545.0
6455.0,50,596.0,6.02020202020202,3.8301636038587166,20,636.0,0.19761726841175806,30,840.0,0.19232303679358972,50,1476.0
6460.0,47,645.0,6.7894736842105265,2.8773648208311897,23,728.0,0.1270537538743897,24,896.0,0.18561298967563605,47,1624.0
6465.0,50,711.0,7.40625,3.1233500271590486,29,840.0,0.13599296444932082,21,963.0,0.20575779686961698,50,1803.0
6470.0,54,709.0,7.161616161616162,2.687907236484756,29,819.0,0.15833556957419556,25,1034.0,0.17799520908432848,54,1853.0
6475.0,51,660.0,6.470588235294118,3.0397537248615323,20,761.0,0.22817475410591265,31,1154.0,0.16343701321210077,51,1915.0
6480.0,61,732.0,6.90566037735849,2.3727605775412703,23,718.0,0.21537101429126357,38,1263.0,0.10313584966156568,61,1981.0
6485.0,65,753.0,6.972222222222222,2.6617211081394747,21,631.0,0.212885366521014,44,1385.0,0.10690204873287205,65,2016.0
6490.0,62,773.0,7.2924528301886795,2.8619236772443393,14,521.0,0.2389489644899188,48,1455.0,0.09809287234741176,62,1976.0
6495.0,57,770.0,7.0,3.446953145884083,14,498.0,0.21794693359854164,43,1397.0,0.12236476973648445,57,1895.0
6500.0,55,810.0,7.570093457943925,3.0304199040745776,18,524.0,0.1392102081669953,37,1428.0,0.11993894923943778,55,1952.0
6505.0,49,844.0,8.44,3.262630858892135,16,504.0,0.19895242469516777,33,1513.0,0.14433689922572565,49,2017.0
6510.0,43,846.0,8.294117647058824,3.772639281898139,15,522.0,0.273006201317128,28,1527.0,0.15806408273763137,43,2049.0
6515.0,35,825.0,8.088235294117647,4.099041427295805,15,532.0,0.20193981951910572,20,1398.0,0.19033661092370263,35,1930.0
6520.0,39,744.0,7.223300970873787,3.711432483260117,20,550.0,0.10431677308400117,19,1385.0,0.17725361330135872,39,1935.0
6525.0,43,581.0,5.640776699029126,3.3702060808223298,23,505.0,0.16100165497135524,20,1341.0,0.14166905229691187,43,1846.0
6530.0,45,556.0,5.5049504950495045,3.7328382367563684,17,362.0,0.305351281332062,28,1404.0,0.1591119952899335,45,1766.0
6535.0,49,630.0,6.363636363636363,3.3333641288451834,19,414.0,0.33105309206694866,30,1443.0,0.11743185233063934,49,1857.0
6540.0,56,763.0,7.480392156862745,2.627002768543223,19,447.0,0.2850516571614953,37,1563.0,0.07059936287411149,56,2010.0
6545.0,57,820.0,7.884615384615385,2.7690777647144875,13,404.0,0.26677308402004746,44,1709.0,0.04707704934240733,57,2113.0
6550.0,59,801.0,7.930693069306931,2.4516196105097525,11,369.0,0.2683479257077996,48,1778.0,0.02457373665081718,59,2147.0
6555.0,59,825.0,8.088235294117647,2.864107919770817,17,398.0,0.15338777287477134,42,1694.0,0.10171135250946096,59,2092.0
6560.0,57,879.0,8.371428571428572,3.194998206265883,22,433.0,0.07928925962639487,35,1625.0,0.15732334781085638,57,2058.0
6565.0,45,819.0,8.272727272727273,4.14426096030903,18,416.0,0.17422901847719174,27,1628.0,0.203040604661733,45,2044.0
6570.0,30,733.0,7.635416666666667,4.672512556869692,12,415.0,0.2986918000652275,18,1668.0,0.20835525576464065,30,2083.0
6575.0,36,698.0,7.425531914893617,3.807013143722327,11,339.0,0.2801243317026265,25,1701.0,0.12462700612210577,36,2040.0
6580.0,48,727.0,7.989010989010989,3.083925479819917,17,380.0,0.23182763300316941,31,1728.0,0.10672690972879972,48,2108.0
6585.0,56,890.0,9.270833333333334,2.524478401606274,19,429.0,0.21399280264202758,37,1753.0,0.0949558537675558,56,2182.0
6590.0,51,946.0,9.854166666666666,3.1837071970985344,14,436.0,0.23534167289855307,37,1653.0,0.11998255769072391,51,2089.0
6595.0,42,754.0,7.936842105263158,4.319407922762624,14,470.0,0.3712163941757853,28,1571.0,0.13067600802051868,42,2041.0
6600.0,34,680.0,7.083333333333333,4.816528193227535,14,492.0,0.3715677619854253,20,1451.0,0.15209922601194403,34,1943.0
6605.0,43,787.0,8.744444444444444,3.4139962134808752,22,538.0,0.2763009853499935,21,1415.0,0.1416995283199307,43,1953.0
6610.0,44,926.0,10.64367816091954,2.5921002853337938,21,623.0,0.15214539222324516,23,1338.0,0.1380381956887182,44,1961.0
6615.0,38,1072.0,12.465116279069768,3.263156156354668,20,689.0,0.1350568177967502,18,1153.0,0.12340661236446439,38,1842.0
6620.0,38,1163.0,13.215909090909092,3.7566123769520527,19,766.0,0.14925373472059617,19,1168.0,0.14532148410483134,38,1934.0
6625.0,46,1303.0,14.477777777777778,3.7279516966580895,25,876.0,0.14795770730152208,21,1117.0,0.15564254086397036,46,1993.0
6630.0,49,1476.0,17.162790697674417,2.765269271327899,24,974.0,0.1763412904514757,25,1129.0,0.09594493014784689,49,2103.0
6635.0,46,1605.0,19.337349397590362,3.4097149876874346,20,1027.0,0.24206489398924746,26,1061.0,0.08380638656652509,46,2088.0
6640.0,36,1185.0,14.27710843373494,3.835961457225398,17,919.0,0.19511272708486474,19,1022.0,0.13988320182079203,36,1941.0
6645.0,30,660.0,7.764705882352941,4.509551955706067,12,653.0,0.1822629513076982,18,924.0,0.22779879171188802,30,1577.0
6650.0,36,769.0,9.493827160493828,4.576122484343895,15,509.0,0.27646071581942355,21,953.0,0.25995052004586655,36,1462.0
6655.0,41,612.0,7.555555555555555,3.5568466026218357,15,423.0,0.25495300580760555,26,977.0,0.21919368270443854,41,1400.0
6660.0,36,542.0,6.530120481927711,3.712792966415438,13,235.0,0.2850267239203205,23,919.0,0.16170248544567356,36,1154.0
6665.0,33,358.0,4.162790697674419,3.4854225239823204,13,259.0,0.1914768203922211,20,832.0,0.1592390765379492,33,1091.0
6670.0,31,365.0,4.1477272727272725,4.470108137440542,10,240.0,0.2959548551647085,21,744.0,0.17151382881494875,31,984.0
6675.0,38,407.0,4.573033707865169,4.422999142375043,12,205.0,0.3339044509660054,26,786.0,0.1563608227852508,38,991.0
6680.0,41,506.0,5.883720930232558,4.244627472508134,14,206.0,0.36449883960605667,27,864.0,0.16833809163973293,41,1070.0
6685.0,49,586.0,6.894117647058824,2.8832553625809276,15,227.0,0.29273046290331245,34,914.0,0.10093917639393102,49,1141.0
6690.0,50,675.0,7.584269662921348,3.086436021053643,15,246.0,0.3231612719442882,35,960.0,0.07811949965221202,50,1206.0
6695.0,43,695.0,7.988505747126437,3.8230335135203677,14,288.0,0.30715431862431214,29,929.0,0.12892234353087242,43,1217.0
6700.0,40,641.0,7.202247191011236,3.925645802423926,15,306.0,0.24400393393128567,25,939.0,0.1956019369326851,40,1245.0
6705.0,30,586.0,6.659090909090909,4.010295869387402,13,323.0,0.24616871494463272,17,971.0,0.1921363773684948,30,1294.0
6710.0,36,565.0,6.348314606741573,3.6937656723579306,16,268.0,0.22004912409886493,20,977.0,0.20859965168353395,36,1245.0
6715.0,35,608.0,6.681318681318682,3.992116695763395,17,257.0,0.1878028306434725,18,946.0,0.21705690674632208,35,1203.0
6720.0,39,720.0,7.826086956521739,4.0927815307305995,20,326.0,0.17526448155732335,19,1001.0,0.22812638533150914,39,1327.0
6725.0,37,779.0,8.376344086021506,3.94984795517342,16,375.0,0.2279448081890513,21,1030.0,0.1805476687099192,37,1405.0
6730.0,44,734.0,8.065934065934066,3.3181008334382214,16,393.0,0.19025047680095364,28,1053.0,0.16877678383855227,44,1446.0
6735.0,45,810.0,9.204545454545455,3.1070691360364227,11,365.0,0.28039547033805107,34,1112.0,0.10304189392856833,45,1477.0
6740.0,53,797.0,8.855555555555556,2.873629402101745,12,398.0,0.30759413554063836,41,1142.0,0.05349375816341397,53,1540.0
6745.0,53,799.0,8.97752808988764,3.0596939107266605,16,419.0,0.2890633419844482,37,1126.0,0.09432237098685238,53,1545.0
6750.0,55,856.0,9.204301075268818,2.601103648779085,20,429.0,0.17605205818974282,35,1199.0,0.10345526013374406,55,1628.0
6755.0,57,862.0,9.472527472527473,2.85407003704819,26,469.0,0.12391547130054617,31,1157.0,0.1346639360830328,57,1626.0
6760.0,53,800.0,8.602150537634408,2.5182601342948443,25,531.0,0.11378915827369099,28,1234.0,0.09882423802338687,53,1765.0
6765.0,37,563.0,5.926315789473684,3.611260739112015,16,524.0,0.24082011820083526,21,1266.0,0.11418280293563395,37,1790.0
6770.0,31,528.0,5.67741935483871,3.7642666026528353,11,486.0,0.3142160389818033,20,1247.0,0.12168982982346963,31,1733.0
6775.0,29,533.0,5.670212765957447,3.9200821510441872,11,473.0,0.23328806980501166,18,1128.0,0.14207307099675115,29,1601.0
6780.0,39,621.0,6.402061855670103,4.464526335766906,17,489.0,0.16653648526296544,22,1036.0,0.22245298450585807,39,1525.0
6785.0,41,760.0,7.755102040816326,4.561880771150732,23,541.0,0.09647827574975726,18,985.0,0.26755432678888846,41,1526.0
6790.0,33,871.0,9.677777777777777,5.548394496275203,13,533.0,0.21678533049384846,20,926.0,0.307320771145578,33,1459.0
6795.0,32,673.0,8.108433734939759,4.928904477615214,10,372.0,0.23483033303082237,22,932.0,0.21369071865493433,32,1304.0
6800.0,36,684.0,8.76923076923077,4.291623224504259,11,261.0,0.20824691829278247,25,955.0,0.1609511371658553,36,1216.0
6805.0,42,821.0,11.402777777777779,3.674439860999033,14,322.0,0.2695639144467972,28,994.0,0.17104839002346575,42,1316.0
6810.0,39,761.0,10.569444444444445,2.869508148272241,11,338.0,0.23872394933169058,28,996.0,0.12920877175453457,39,1334.0
6815.0,40,872.0,11.783783783783784,3.178965991980961,8,298.0,0.30521374565038195,32,1020.0,0.07787334147614017,40,1318.0
6820.0,43,993.0,12.569620253164556,4.1336642512195665,10,306.0,0.3780855972481274,33,1111.0,0.10675633707685166,43,1417.0
6825.0,31,892.0,11.012345679012345,5.318308901476206,7,262.0,0.4585056686437133,24,1121.0,0.16157183684949133,31,1383.0
6830.0,33,940.0,11.463414634146341,5.089072451935455,12,303.0,0.3383132180462791,21,1122.0,0.18198200809550652,33,1425.0
6835.0,34,1005.0,12.407407407407407,4.764957886617814,12,337.0,0.25902080462524874,22,1162.0,0.2045150017638732,34,1499.0
6840.0,37,1071.0,13.73076923076923,4.039636526339009,15,386.0,0.18270332446342016,22,1153.0,0.22212665277478258,37,1539.0
6845.0,44,1023.0,13.460526315789474,2.915436006842826,17,445.0,0.16202291656067044,27,1100.0,0.1808018195466681,44,1545.0
6850.0,36,790.0,10.972222222222221,2.976709493652387,8,440.0,0.23857787502272226,28,974.0,0.12743309500098476,36,1414.0
6855.0,34,488.0,6.337662337662338,3.2201080426948914,6,371.0,0.259762576139692,28,1036.0,0.11613276897841933,34,1407.0
6860.0,29,257.0,3.1728395061728394,4.702501249267413,10,225.0,0.2602286008647207,19,996.0,0.21480082309269363,29,1221.0
6865.0,26,239.0,2.950617283950617,4.539097843996243,12,236.0,0.17667711032562733,14,946.0,0.25328620695778425,26,1182.0
6870.0,23,233.0,2.949367088607595,5.109791862260022,4,191.0,0.4067673932506203,19,934.0,0.22530858415043306,23,1125.0
6875.0,33,378.0,5.04,4.271321454966799,6,181.0,0.49614402538237357,27,1017.0,0.1112986573917989,33,1198.0
6880.0,38,444.0,6.082191780821918,3.2394647424131953,5,157.0,0.3805798843328086,33,1047.0,0.06888057453707956,38,1204.0
6885.0,44,543.0,7.24,3.6133845900828305,11,186.0,0.3295859144541994,33,1032.0,0.11262010249816089,44,1218.0
6890.0,35,543.0,7.144736842105263,3.6917987404885944,8,212.0,0.3313361679853667,27,1074.0,0.16487979579168416,35,1286.0
6895.0,27,445.0,5.632911392405063,4.794233254178297,6,201.0,0.409677202791668,21,1016.0,0.17322547455878368,27,1217.0
6900.0,23,271.0,3.4743589743589745,5.217433069709534,7,220.0,0.4968683461358968,16,958.0,0.17391265536091596,23,1178.0
6905.0,29,346.0,4.325,5.049074152742482,6,220.0,0.42312486222470724,23,980.0,0.17322346429404828,29,1200.0
6910.0,37,480.0,6.233766233766234,4.6410574182026965,8,247.0,0.46241911663632396,29,1014.0,0.13522262232551216,37,1261.0
6915.0,37,558.0,7.54054054054054,4.797970829946183,7,268.0,0.527153306922488,30,985.0,0.14107062824283004,37,1253.0
6920.0,34,596.0,8.394366197183098,4.078800028766551,9,298.0,0.35433275281263915,25,1010.0,0.11286455220593208,34,1308.0
6925.0,32,588.0,8.521739130434783,4.313802913573539,11,344.0,0.19527970082099066,21,928.0,0.12802728426614599,32,1272.0
6930.0,26,515.0,7.463768115942029,4.46869072912388,13,401.0,0.10844956349263751,13,904.0,0.16991465253349522,26,1305.0
6935.0,27,453.0,6.565217391304348,4.849103564129917,9,421.0,0.3195638303621933,18,884.0,0.14996921061795737,27,1305.0
6940.0,36,613.0,9.287878787878787,4.4904387865412385,10,443.0,0.43652892260911125,26,943.0,0.14015660725753068,36,1386.0
6945.0,35,558.0,8.584615384615384,3.8374319045420093,7,299.0,0.42026324440811347,28,976.0,0.147231129255014,35,1275.0
6950.0,28,535.0,8.359375,4.041358486234,9,184.0,0.3136121240203763,19,904.0,0.17856875574134892,28,1088.0
6955.0,27,443.0,6.712121212121212,4.070671497388598,9,159.0,0.17266500451396236,18,896.0,0.23543814146075,27,1055.0
6960.0,31,384.0,5.818181818181818,4.094399150583032,11,109.0,0.2369783210504236,20,837.0,0.18534504479365546,31,946.0
6965.0,32,382.0,5.701492537313433,3.5084728638819476,12,150.0,0.30848591082846916,20,849.0,0.16143170119308303,32,999.0
6970.0,27,464.0,6.823529411764706,4.388556496495651,11,197.0,0.3368601547476188,16,830.0,0.22464005172148713,27,1027.0
6975.0,29,318.0,4.416666666666667,3.9159005753920897,11,195.0,0.20061936156134408,18,795.0,0.22722007406113795,29,990.0
6980.0,31,366.0,4.945945945945946,4.788217529981803,8,154.0,0.32534568106103595,23,796.0,0.18655170499112572,31,950.0
6985.0,36,492.0,6.833333333333333,4.730548023908941,9,186.0,0.41288447710810955,27,841.0,0.10788568318187715,36,1027.0
6990.0,33,587.0,8.152777777777779,4.703327537279866,10,231.0,0.3752181883793718,23,857.0,0.13339861096587868,33,1088.0
6995.0,28,422.0,6.115942028985507,4.344462087903534,9,189.0,0.2696278861333117,19,874.0,0.1698009024265656,28,1063.0
7000.0,36,472.0,6.742857142857143,3.8219658299317856,13,129.0,0.2719870636819669,23,907.0,0.12601130700186886,36,1036.0
7005.0,34,498.0,7.432835820895522,4.1696772204832735,7,107.0,0.4470917813449991,27,928.0,0.0961454901940819,34,1035.0
7010.0,34,467.0,7.184615384615385,4.528755979269151,7,115.0,0.4794372163990242,27,857.0,0.1186770196599562,34,972.0
7015.0,30,341.0,5.328125,3.1928249072019694,9,99.0,0.28227041455829865,21,906.0,0.12174074206310258,30,1005.0
7020.0,24,231.0,3.85,3.6701804822089157,9,80.0,0.23836573800375596,15,883.0,0.14463254446725698,24,963.0
7025.0,22,274.0,4.892857142857143,3.9846849903304262,8,118.0,0.3017136745283528,14,871.0,0.14137459840022606,22,989.0
7030.0,31,348.0,5.898305084745763,3.697720055211047,13,162.0,0.25053996052510197,18,888.0,0.14318752720614697,31,1050.0
7035.0,32,446.0,7.824561403508772,3.3513336925655133,10,199.0,0.3327644224285205,22,889.0,0.1407278419937707,32,1088.0
7040.0,29,506.0,9.2,3.792942250074843,10,225.0,0.4372255851181027,19,807.0,0.06414937760895435,29,1032.0
7045.0,25,434.0,7.890909090909091,3.8839712460393443,8,197.0,0.41597059173802037,17,821.0,0.0879218034697074,25,1018.0
7050.0,19,374.0,6.8,4.87435394343735,10,173.0,0.31260721930856367,9,767.0,0.2029149756122507,19,940.0
7055.0,19,344.0,6.490566037735849,4.8467672339543855,8,133.0,0.3096606773269801,11,704.0,0.2358644087703467,19,837.0
7060.0,19,353.0,6.921568627450981,5.597393837576358,6,99.0,0.3712511429908619,13,630.0,0.28469545421324244,19,729.0
7065.0,18,192.0,3.6923076923076925,4.966478761003133,5,106.0,0.34707004561654087,13,537.0,0.2624327852329652,18,643.0
7070.0,25,291.0,5.705882352941177,5.143177342674616,8,119.0,0.3799027457524331,17,534.0,0.20022017022077396,25,653.0
7075.0,24,384.0,7.384615384615385,4.767188998639145,6,117.0,0.48651709365052864,18,570.0,0.09824628702979925,24,687.0
7080.0,23,458.0,8.178571428571429,5.417621158185826,6,120.0,0.5428796152435843,17,551.0,0.1331502358780737,23,671.0
7085.0,22,402.0,7.3090909090909095,4.283107726445177,6,82.0,0.4294886340254835,16,530.0,0.15592150905212213,22,612.0
7090.0,23,312.0,5.571428571428571,4.714377104327658,13,133.0,0.3017354877011529,10,448.0,0.24872814534046783,23,581.0
7095.0,20,347.0,6.3090909090909095,4.5065477104827,12,164.0,0.18223989220291562,8,449.0,0.33170571010833977,20,613.0
7100.0,23,386.0,6.655172413793103,4.865223998462301,10,164.0,0.26228881120101233,13,502.0,0.21843764605801194,23,666.0
7105.0,21,462.0,8.25,5.381672276384095,7,170.0,0.38671107685416534,14,516.0,0.2158521518598264,21,686.0
7110.0,18,488.0,8.56140350877193,6.265485904323041,9,172.0,0.27156495990149254,9,489.0,0.30732736775832475,18,661.0
7115.0,24,526.0,9.068965517241379,5.253105031131507,14,228.0,0.1329809579141547,10,455.0,0.29697091508355483,24,683.0
7120.0,27,599.0,10.327586206896552,4.807566415601522,12,271.0,0.2014312495501565,15,448.0,0.26961454320473877,27,719.0
7125.0,25,456.0,8.444444444444445,5.317416485589665,10,298.0,0.37930958646834523,15,339.0,0.2814459383345588,25,637.0
7130.0,21,290.0,5.471698113207547,5.017612529261866,8,224.0,0.39114196492977804,13,249.0,0.15491024358624636,21,473.0
7135.0,23,343.0,6.236363636363636,5.880757273807785,7,124.0,0.4202922283089048,16,300.0,0.16518549097782873,23,424.0
7140.0,26,462.0,8.716981132075471,5.762961831570027,8,159.0,0.42654750675377323,18,384.0,0.20451504080879662,26,543.0
7145.0,21,350.0,6.730769230769231,4.535820776406267,7,113.0,0.42185179192708877,14,381.0,0.1529692892771726,21,494.0
7150.0,19,260.0,4.814814814814815,5.157913972194336,10,95.0,0.392707505818938,9,289.0,0.2530069590928299,19,384.0
7155.0,16,199.0,3.5535714285714284,5.787053913755273,9,96.0,0.3600880242874713,7,272.0,0.3441398983897086,16,368.0
7160.0,22,278.0,4.87719298245614,6.205948992187728,11,128.0,0.35711123865969374,11,282.0,0.31654113460771743,22,410.0
7165.0,21,270.0,4.821428571428571,5.029238253712314,10,134.0,0.2276252246046863,11,269.0,0.289274990956849,21,403.0
7170.0,15,231.0,4.277777777777778,5.655402059819058,7,95.0,0.2551173959930705,8,212.0,0.2832453121137337,15,307.0
7175.0,13,249.0,5.081632653061225,6.034087455124575,8,104.0,0.3175194463658526,5,212.0,0.316499155139101,13,316.0
7180.0,19,319.0,6.134615384615385,5.841849749514015,10,150.0,0.33966727352047305,9,235.0,0.2545997022466263,19,385.0
7185.0,18,370.0,7.115384615384615,5.665896761375009,8,172.0,0.40649940165833237,10,257.0,0.28963117054222054,18,429.0
7190.0,17,413.0,7.9423076923076925,6.353074134397564,10,188.0,0.36498954762387437,7,249.0,0.32590475719535805,17,437.0
7195.0,16,431.0,8.288461538461538,6.60705046967758,9,200.0,0.22823351053753518,7,270.0,0.4094335355169363,16,470.0
7200.0,20,517.0,9.754716981132075,6.602138858317183,14,233.0,0.15183076644903604,6,299.0,0.44489382459237664,20,532.0
