step,system_total_stopped,system_total_waiting_time,system_mean_waiting_time,system_mean_speed,J17_stopped,J17_accumulated_waiting_time,J17_average_speed,J18_stopped,J18_accumulated_waiting_time,J18_average_speed,agents_total_stopped,agents_total_accumulated_waiting_time
5.0,1,0.0,0.0,2.0189635943388566,0,0.0,1.0,1,0.0,0.1557083561782092,1,0.0
10.0,0,0.0,0.0,7.008733113082902,0,0.0,0.3618471082000347,0,0.0,0.6165561337162786,0,0.0
15.0,1,0.0,0.0,9.785349433643887,0,0.0,0.7216181809138796,1,0.0,0.6430520317795289,1,0.0
20.0,0,0.0,0.0,11.150644600976433,0,0.0,0.8033428274738361,0,0.0,0.792509523704954,0,0.0
25.0,2,2.0,0.13333333333333333,6.762965179954876,2,2.0,0.41388097723635814,0,0.0,0.6052204529936215,2,2.0
30.0,6,16.0,0.8,7.088239400190656,5,13.0,0.40726372108136516,1,3.0,0.6536939924064096,6,16.0
35.0,4,36.0,1.565217391304348,8.385222720477131,3,28.0,0.5798836466065193,1,8.0,0.5834278651798199,4,36.0
40.0,9,66.0,2.5384615384615383,6.557782845497338,3,43.0,0.4318104645107941,6,23.0,0.43183608552676656,9,66.0
45.0,13,117.0,4.0344827586206895,5.946751770382425,6,66.0,0.2558834532857168,7,51.0,0.4764598772213636,13,117.0
50.0,9,97.0,2.9393939393939394,5.209627114153606,4,64.0,0.2650670474418888,5,49.0,0.3622679875860324,9,113.0
55.0,13,156.0,4.7272727272727275,6.617699893022181,5,85.0,0.4557160726462921,8,74.0,0.31318410881006115,13,159.0
60.0,14,195.0,5.909090909090909,6.509427899684944,5,110.0,0.458900208589715,9,88.0,0.2736100959029461,14,198.0
65.0,13,213.0,6.085714285714285,5.684497923319076,4,85.0,0.41004734230869566,9,133.0,0.14996732234123433,13,218.0
70.0,15,243.0,6.75,4.478978329990592,6,106.0,0.1735860552976594,9,159.0,0.33118056458516176,15,265.0
75.0,14,227.0,6.135135135135135,6.319149295290236,6,96.0,0.33262128206896396,8,171.0,0.4542093760835786,14,267.0
80.0,12,146.0,3.7435897435897436,6.3533000282928,6,87.0,0.408116371556378,6,127.0,0.5075517238567414,12,214.0
85.0,11,180.0,4.285714285714286,7.209750527891833,5,118.0,0.6000328321550703,6,82.0,0.45195326626123833,11,200.0
90.0,12,131.0,2.847826086956522,6.133774606429739,2,97.0,0.49625917204919606,10,90.0,0.4084044831838462,12,187.0
95.0,13,151.0,3.2127659574468086,7.081594221794891,3,93.0,0.619239292864235,10,84.0,0.37549075841706464,13,177.0
100.0,14,179.0,3.7291666666666665,5.548659194383428,5,102.0,0.5187233584300818,9,110.0,0.18830988877976068,14,212.0
105.0,17,155.0,3.2291666666666665,5.8510425448896095,5,75.0,0.4901252203712886,12,139.0,0.20021347655488272,17,214.0
110.0,16,134.0,2.7346938775510203,5.437858598748285,7,42.0,0.2681063176208981,9,146.0,0.3168403892175762,16,188.0
115.0,18,187.0,3.8958333333333335,6.314900752072464,9,71.0,0.25294427177147305,9,149.0,0.46758790176147363,18,220.0
120.0,18,203.0,4.413043478260869,6.433972148650068,10,121.0,0.3520450204453656,8,142.0,0.4434771179105323,18,263.0
125.0,18,193.0,4.288888888888889,5.246058585778052,6,131.0,0.4381779059161789,12,134.0,0.24200419928963965,18,265.0
130.0,16,151.0,3.282608695652174,5.425605729848925,4,86.0,0.3748958982317796,12,148.0,0.24017041079320112,16,234.0
135.0,15,197.0,4.5813953488372094,6.4058345906175145,6,85.0,0.49099585401656126,9,150.0,0.2190296946731442,15,235.0
140.0,13,177.0,4.116279069767442,6.566179723393645,5,101.0,0.5842696795624265,8,147.0,0.10835288814168924,13,248.0
145.0,14,172.0,4.095238095238095,6.764824783915727,6,91.0,0.48693934284110346,8,111.0,0.17430443323186065,14,202.0
150.0,15,222.0,5.414634146341464,6.755766007174539,7,101.0,0.2702428712309576,8,150.0,0.36019036658656306,15,251.0
155.0,11,157.0,3.8292682926829267,6.990944295402078,7,111.0,0.3274423161970374,4,135.0,0.46973466533557634,11,246.0
160.0,11,197.0,4.925,7.102193299138726,6,109.0,0.42958808591796077,5,119.0,0.4941568637133215,11,228.0
165.0,10,174.0,4.578947368421052,6.3417446379070075,6,123.0,0.4940789693083757,4,112.0,0.4261905064069952,10,235.0
170.0,11,188.0,4.82051282051282,6.5515858741620985,6,126.0,0.5036307755457001,5,87.0,0.39767012732947005,11,213.0
175.0,16,257.0,6.2682926829268295,5.715498529838023,8,160.0,0.3885468124771693,8,119.0,0.30059796475997963,16,279.0
180.0,15,226.0,5.022222222222222,5.533385814402011,7,166.0,0.34520188502992943,8,132.0,0.2947777319949647,15,298.0
185.0,13,267.0,5.804347826086956,6.9662618170832555,6,164.0,0.3177193846508068,7,125.0,0.4749967295136667,13,289.0
190.0,12,104.0,2.3636363636363638,6.576061654999947,7,77.0,0.30855977272942126,5,70.0,0.4701937376680775,12,147.0
195.0,13,139.0,3.159090909090909,7.267976086729811,7,97.0,0.3736931774372133,6,47.0,0.4739382504298262,13,144.0
200.0,12,133.0,3.1666666666666665,6.954216366624159,5,100.0,0.4588398171320476,7,63.0,0.5165753940149534,12,163.0
205.0,14,167.0,4.175,6.469877443067723,6,108.0,0.5018775774155902,8,72.0,0.35688485528798186,14,180.0
210.0,15,211.0,5.275,4.615934042108199,7,129.0,0.42013328736655015,8,96.0,0.14907595335979784,15,225.0
215.0,19,299.0,7.119047619047619,5.16232259792746,7,164.0,0.38164240375532327,12,147.0,0.17908332749594735,19,311.0
220.0,19,381.0,8.86046511627907,5.224804941277384,7,189.0,0.4391504069713016,12,207.0,0.20306204056355748,19,396.0
225.0,17,382.0,8.304347826086957,6.175373686415204,9,214.0,0.480530437468908,8,207.0,0.2787248043263065,17,421.0
230.0,11,319.0,6.645833333333333,5.988400877987544,4,151.0,0.41164397230051825,7,176.0,0.32799017751108533,11,327.0
235.0,13,179.0,3.4423076923076925,6.998235882170663,7,118.0,0.4549011286942033,6,130.0,0.4154077535599339,13,248.0
240.0,12,220.0,4.230769230769231,7.6466985641843115,6,129.0,0.4573801472314108,6,125.0,0.5401641802725603,12,254.0
245.0,13,207.0,3.8333333333333335,7.21740798007858,7,141.0,0.4192495919644153,6,116.0,0.446162495153708,13,257.0
250.0,16,99.0,1.9038461538461537,5.741454536005623,9,81.0,0.38139339727405674,7,78.0,0.23816997367824413,16,159.0
255.0,19,143.0,2.5535714285714284,5.26715109705036,13,113.0,0.3524286090077089,6,84.0,0.25369525027922124,19,197.0
260.0,24,244.0,4.4363636363636365,5.691645628899896,16,186.0,0.2973621783881416,8,98.0,0.354464622229771,24,284.0
265.0,20,229.0,4.089285714285714,5.550069940544233,14,220.0,0.2782492188796835,6,98.0,0.34366501280193357,20,318.0
270.0,26,313.0,5.131147540983607,5.557574692380726,18,259.0,0.2503726794149051,8,100.0,0.3634030441616578,26,359.0
275.0,25,326.0,5.258064516129032,5.583775552179486,17,282.0,0.2814704075400526,8,117.0,0.4834170242658106,25,399.0
280.0,25,389.0,6.174603174603175,5.609734480062428,17,319.0,0.29883252543595196,8,160.0,0.4934446253440562,25,479.0
285.0,28,327.0,5.030769230769231,4.523090419762925,20,350.0,0.3061825519692614,8,140.0,0.30323024654066083,28,490.0
290.0,25,247.0,3.6323529411764706,4.411643503515066,14,309.0,0.23745098917079785,11,123.0,0.2715323746921429,25,432.0
295.0,25,209.0,3.028985507246377,4.499961801260414,16,336.0,0.2259130760327198,9,122.0,0.2677868320792045,25,458.0
300.0,26,252.0,3.652173913043478,5.159157194284879,20,378.0,0.16602645218934872,6,96.0,0.4127517598644174,26,474.0
305.0,31,345.0,5.2272727272727275,4.294913627492917,23,422.0,0.11971896668927196,8,111.0,0.31580030317051627,31,533.0
310.0,27,399.0,6.333333333333333,4.608342860624704,16,424.0,0.19416654832134692,11,140.0,0.27777100150384487,27,564.0
315.0,23,381.0,6.0476190476190474,4.064649352109377,12,431.0,0.24182289254681083,11,174.0,0.17714098505348203,23,605.0
320.0,30,359.0,5.698412698412699,4.142337272002668,14,418.0,0.18847028449018957,16,239.0,0.23900927061138058,30,657.0
325.0,30,406.0,6.548387096774194,3.864957423214237,18,464.0,0.17726043455735524,12,255.0,0.31170334168176056,30,719.0
330.0,22,391.0,6.109375,5.023764080983775,15,476.0,0.1867502601625228,7,204.0,0.3418690042949898,22,680.0
335.0,18,237.0,3.761904761904762,4.83628618172007,13,432.0,0.2425765736390509,5,156.0,0.22504526881537734,18,588.0
340.0,28,291.0,4.546875,5.443425566371323,17,398.0,0.32579644857213386,11,165.0,0.16769853983485727,28,563.0
345.0,28,328.0,5.2063492063492065,5.073407704626399,19,442.0,0.27890866444693374,9,174.0,0.33979366044223513,28,616.0
350.0,23,371.0,6.508771929824562,4.864615956348709,15,459.0,0.22284707139522686,8,148.0,0.37561646674522325,23,607.0
355.0,21,258.0,4.161290322580645,4.591991370887826,15,443.0,0.24693906071998686,6,118.0,0.25509308262670743,21,561.0
360.0,22,285.0,4.384615384615385,5.342963673993351,19,439.0,0.19314846056124682,3,61.0,0.43739951755417716,22,500.0
365.0,27,378.0,6.096774193548387,5.472661378832287,22,504.0,0.1881133215443351,5,60.0,0.5680159223323166,27,564.0
370.0,20,410.0,6.507936507936508,6.091970506377132,15,531.0,0.21206805288397335,5,85.0,0.4544455615714182,20,616.0
375.0,19,422.0,6.806451612903226,5.62026371700931,13,528.0,0.21230512173271932,6,97.0,0.39942608008719666,19,625.0
380.0,28,484.0,8.066666666666666,4.937665195292012,19,547.0,0.2290912454375084,9,141.0,0.3515843714261334,28,688.0
385.0,28,531.0,8.704918032786885,3.864311609201482,20,612.0,0.18803285150616603,8,139.0,0.37534517164120185,28,751.0
390.0,26,612.0,9.714285714285714,4.893457718189628,18,650.0,0.27014308852034014,8,136.0,0.32690980403390624,26,786.0
395.0,27,467.0,7.184615384615385,5.004474582359458,18,611.0,0.2876681360505101,9,109.0,0.3102021214575094,27,720.0
400.0,26,298.0,4.257142857142857,5.68643900173,18,497.0,0.29162846512578156,8,73.0,0.3738004508621712,26,570.0
405.0,23,213.0,3.227272727272727,5.005178221737121,17,521.0,0.20860554506398185,6,80.0,0.5030265004941517,23,601.0
410.0,24,259.0,3.8656716417910446,5.37345200980641,19,565.0,0.19729499776722115,5,59.0,0.480820161364518,24,624.0
415.0,29,325.0,5.078125,4.932827543050109,21,618.0,0.17353878666200317,8,85.0,0.39989162679862045,29,703.0
420.0,29,355.0,5.634920634920635,4.694409989166645,19,639.0,0.16508003426441295,10,126.0,0.24679569866763604,29,765.0
425.0,24,392.0,6.426229508196721,4.3340626883524065,16,617.0,0.14833565684429198,8,145.0,0.2972281331221095,24,762.0
430.0,27,434.0,7.233333333333333,4.812894389690217,18,568.0,0.15852689725179886,9,159.0,0.4180988993226753,27,727.0
435.0,28,410.0,6.9491525423728815,4.350696450124511,20,632.0,0.19943092402930268,8,129.0,0.36813948380288186,28,761.0
440.0,34,518.0,8.931034482758621,3.47497418877605,22,689.0,0.1572836452536328,12,179.0,0.33332972129044286,34,868.0
445.0,36,521.0,8.540983606557377,3.1138882197126163,24,737.0,0.12375971098686722,12,175.0,0.3356958206029881,36,912.0
450.0,27,488.0,7.870967741935484,3.8716436373978427,16,720.0,0.17628463887122608,11,163.0,0.3225276847200131,27,883.0
455.0,25,262.0,4.09375,4.43507300578551,13,606.0,0.27859913246708423,12,163.0,0.2573496309310013,25,769.0
460.0,24,274.0,4.2153846153846155,5.135441929006657,17,582.0,0.14772292256481032,7,121.0,0.40607398827757,24,703.0
465.0,31,312.0,4.9523809523809526,4.069246775830016,22,606.0,0.04344259261018169,9,117.0,0.31246903327582093,31,723.0
470.0,34,324.0,4.909090909090909,4.694546549010839,21,572.0,0.1154641457109569,13,144.0,0.3267299856287408,34,716.0
475.0,31,384.0,6.4,3.9563752191009716,18,588.0,0.18469129673200818,13,171.0,0.2955768734492698,31,759.0
480.0,23,343.0,5.622950819672131,4.460247778191139,11,532.0,0.17966546308381584,12,188.0,0.29309860378225233,23,720.0
485.0,22,399.0,6.65,5.5090893497757,8,519.0,0.30792938566580885,14,245.0,0.2613929955566821,22,764.0
490.0,23,435.0,6.904761904761905,5.785083288779707,11,539.0,0.2770935366469549,12,264.0,0.2932813712034562,23,803.0
495.0,25,521.0,8.403225806451612,5.170279377845007,11,557.0,0.24762721532413579,14,280.0,0.26884747601839454,25,837.0
500.0,24,443.0,7.771929824561403,5.371600081901258,11,549.0,0.33200374925693477,13,261.0,0.2882287676211343,24,810.0
505.0,17,350.0,6.140350877192983,5.7933307321284175,10,507.0,0.3891399517234017,7,168.0,0.230132020252313,17,675.0
510.0,20,324.0,5.311475409836065,5.427854148191786,11,385.0,0.31080582626828607,9,187.0,0.26678248046923325,20,572.0
515.0,20,344.0,5.548387096774194,5.416676047013643,12,426.0,0.26720673648383086,8,187.0,0.3671162714555546,20,613.0
520.0,29,437.0,7.048387096774194,4.984730306066462,20,487.0,0.24804011983898852,9,188.0,0.4069491630821796,29,675.0
525.0,28,498.0,7.545454545454546,5.044925146252366,20,537.0,0.2535770193900211,8,182.0,0.38340849676180155,28,719.0
530.0,20,414.0,6.571428571428571,5.416557365346351,13,513.0,0.3395404046014234,7,148.0,0.32051284178327216,20,661.0
535.0,29,434.0,7.114754098360656,4.806229783933043,13,458.0,0.33628155813409794,16,175.0,0.0979448425554521,29,633.0
540.0,29,299.0,5.067796610169491,3.537378407095407,16,432.0,0.13715943461247396,13,202.0,0.1977365938983969,29,634.0
545.0,26,325.0,5.701754385964913,4.2506002592814065,18,344.0,0.11457294433220763,8,179.0,0.3468510820126539,26,523.0
550.0,24,277.0,4.775862068965517,4.426621589016987,18,368.0,0.1003807133868005,6,168.0,0.438005664536909,24,536.0
555.0,25,320.0,5.423728813559322,5.08366883328275,18,416.0,0.1619626836839456,7,144.0,0.44327487764674156,25,560.0
560.0,20,206.0,3.6140350877192984,5.06743613943371,13,394.0,0.23440014338490517,7,105.0,0.384966077969533,20,499.0
565.0,22,206.0,3.5517241379310347,5.118669766062706,11,377.0,0.30407727900357034,11,111.0,0.273934077389033,22,488.0
570.0,27,266.0,4.508474576271187,4.610613970689043,17,402.0,0.22930891975252873,10,122.0,0.32883804911574255,27,524.0
575.0,22,272.0,4.533333333333333,5.2734031756206345,18,443.0,0.19965342749558918,4,81.0,0.5101610755594936,22,524.0
580.0,20,306.0,5.1,5.788216754938341,17,438.0,0.19014788900014692,3,72.0,0.5753082736052152,20,510.0
585.0,26,327.0,5.360655737704918,5.210414454576956,16,450.0,0.2969095228170164,10,106.0,0.36037420035647827,26,556.0
590.0,31,362.0,6.033333333333333,4.507676973585203,14,426.0,0.2650150367954427,17,179.0,0.2603609581484013,31,605.0
595.0,36,447.0,6.984375,3.2141924879985266,19,473.0,0.1306282234398188,17,210.0,0.2608420479999801,36,683.0
600.0,39,607.0,8.926470588235293,4.075228528311167,20,537.0,0.22044470226747173,19,281.0,0.279319690080471,39,818.0
605.0,36,568.0,8.114285714285714,3.535736422984698,18,530.0,0.20614669465270746,18,320.0,0.28045540692735366,36,850.0
610.0,24,309.0,4.232876712328767,4.362288873235073,11,405.0,0.23377491070999498,13,298.0,0.2689767774052761,24,703.0
615.0,22,320.0,4.266666666666667,4.842496256022093,10,428.0,0.24277820914006193,12,280.0,0.24357946779631312,22,708.0
620.0,28,444.0,6.082191780821918,5.907553682541824,14,448.0,0.1732452943829399,14,296.0,0.40438401524194534,28,744.0
625.0,30,475.0,6.785714285714286,4.570542337965089,19,438.0,0.0934735745987714,11,313.0,0.32975695255016235,30,751.0
630.0,34,547.0,8.044117647058824,4.731123889659414,18,469.0,0.20730818959635539,16,358.0,0.303207904661381,34,827.0
635.0,34,595.0,8.880597014925373,4.30596166837157,17,444.0,0.26960977358331967,17,408.0,0.2521377615283148,34,852.0
640.0,30,594.0,9.0,3.7108590262761187,9,333.0,0.2284325181665017,21,478.0,0.1964141080864924,30,811.0
645.0,29,411.0,6.044117647058823,3.9305248463791105,7,303.0,0.2937097744549866,22,463.0,0.16682180963739565,29,766.0
650.0,34,412.0,5.6438356164383565,4.425138271417857,16,321.0,0.26716377094034244,18,386.0,0.24575604676094182,34,707.0
655.0,39,485.0,6.466666666666667,3.714695632842663,19,366.0,0.2065388013411194,20,436.0,0.22734276703751854,39,802.0
660.0,37,579.0,7.824324324324325,3.8280296108933007,22,420.0,0.22049583121675248,15,462.0,0.24542459956236196,37,882.0
665.0,38,564.0,7.833333333333333,3.54757355184063,22,447.0,0.21379561582508455,16,470.0,0.25058089939691464,38,917.0
670.0,31,351.0,4.68,3.8028044813066093,16,410.0,0.13522855417772034,15,401.0,0.19901228193233156,31,811.0
675.0,29,366.0,4.753246753246753,4.450689778271224,11,426.0,0.20792229860685152,18,442.0,0.1393098270590606,29,868.0
680.0,27,428.0,5.417721518987341,5.230165097973579,11,471.0,0.2779949336014827,16,468.0,0.20225716792113918,27,939.0
685.0,30,337.0,4.616438356164384,4.13233453774358,15,426.0,0.27893336297475224,15,468.0,0.17713790556962047,30,894.0
690.0,33,396.0,5.577464788732394,3.983584949773534,18,370.0,0.20465500429580374,15,414.0,0.22808351064180685,33,784.0
695.0,39,513.0,6.9324324324324325,3.8083743398149097,22,397.0,0.10468362199023863,17,448.0,0.2853529312757169,39,845.0
700.0,33,545.0,7.266666666666667,5.14096233960731,17,370.0,0.1780290477752878,16,528.0,0.33055702989153457,33,898.0
705.0,25,454.0,6.135135135135135,5.704034954017152,12,320.0,0.25810165476140984,13,517.0,0.3585076851046114,25,837.0
710.0,24,486.0,6.657534246575342,5.678763853495694,7,310.0,0.3645411539657265,17,531.0,0.1946350854538769,24,841.0
715.0,31,516.0,7.267605633802817,4.025441436786784,12,344.0,0.2802138572599111,19,536.0,0.12275531113827574,31,880.0
720.0,39,456.0,6.608695652173913,3.554615421899253,20,401.0,0.2658454449121166,19,465.0,0.15535389841214095,39,866.0
725.0,40,571.0,8.397058823529411,2.8400351745860206,25,518.0,0.1991310726944076,15,522.0,0.17978618318617393,40,1040.0
730.0,42,652.0,9.44927536231884,2.5067499413606242,28,569.0,0.12136365616740573,14,540.0,0.16768903588049722,42,1109.0
735.0,35,485.0,6.830985915492958,3.557207101554274,21,542.0,0.17721814916354553,14,507.0,0.147707483459959,35,1049.0
740.0,30,234.0,3.038961038961039,4.4522247109836695,14,536.0,0.24368692766546715,16,409.0,0.17881518918738323,30,945.0
745.0,26,231.0,2.9240506329113924,4.9539741689382835,13,487.0,0.28092649516952506,13,396.0,0.26059005141940056,26,883.0
750.0,29,279.0,3.6233766233766236,4.592848444384605,18,555.0,0.19833826075339545,11,343.0,0.35385926831733217,29,898.0
755.0,39,430.0,5.657894736842105,3.960883256712657,28,673.0,0.14897726665594271,11,334.0,0.3407244149714374,39,1007.0
760.0,47,569.0,7.794520547945205,2.947534014536445,33,727.0,0.09151543234384049,14,366.0,0.27665818794846314,47,1093.0
765.0,43,536.0,7.342465753424658,3.051180478199855,27,688.0,0.1196761512268169,16,372.0,0.17040620140506044,43,1060.0
770.0,34,510.0,6.986301369863014,4.022123523201932,21,649.0,0.14043736293299441,13,336.0,0.1580166707804405,34,985.0
775.0,29,467.0,6.226666666666667,5.019692135057678,14,569.0,0.2544505216408577,15,327.0,0.0773090454664106,29,896.0
780.0,25,434.0,5.636363636363637,5.608724788666351,13,562.0,0.26981216199429714,12,318.0,0.17657268820820793,25,880.0
785.0,28,372.0,4.96,5.668992364613388,17,540.0,0.22224341833386566,11,286.0,0.3787423846587917,28,826.0
790.0,27,381.0,5.219178082191781,5.569576206742375,19,575.0,0.1889535213668711,8,210.0,0.5098764152528555,27,785.0
795.0,35,483.0,7.0,4.836056840074667,25,691.0,0.2412991408162781,10,198.0,0.3879858681006011,35,889.0
800.0,39,590.0,8.676470588235293,3.6573080574715915,23,731.0,0.22860226034023512,16,256.0,0.26936296072510074,39,987.0
805.0,32,493.0,6.662162162162162,3.6215329263140137,17,725.0,0.26198718678139304,15,244.0,0.15655745044458552,32,969.0
810.0,27,521.0,6.766233766233766,4.806246451054143,16,644.0,0.23878596272865948,11,199.0,0.2693658180545473,27,843.0
815.0,27,593.0,7.906666666666666,5.8041282740177484,17,631.0,0.3145029446510944,10,196.0,0.30018862956445747,27,827.0
820.0,29,628.0,8.263157894736842,4.9324390040293355,16,630.0,0.221876100148903,13,222.0,0.2682991388561019,29,852.0
825.0,32,639.0,8.875,4.673329377823935,21,591.0,0.14562964866317973,11,212.0,0.29577589920602854,32,803.0
830.0,36,551.0,7.76056338028169,4.609823925741928,23,585.0,0.14787302959165166,13,183.0,0.33999249301002615,36,768.0
835.0,31,370.0,5.4411764705882355,4.405709328121644,21,556.0,0.1512666167730148,10,190.0,0.3294026676403876,31,746.0
840.0,29,329.0,4.768115942028985,4.871761624824128,19,592.0,0.17130387350744386,10,141.0,0.32335735375963026,29,733.0
845.0,31,405.0,5.869565217391305,4.3611966113880705,21,639.0,0.1315512162172066,10,161.0,0.3161224387167344,31,800.0
850.0,35,469.0,6.7,4.606977507991762,21,671.0,0.16386794111354464,14,206.0,0.31913482732452103,35,877.0
855.0,26,347.0,5.102941176470588,5.241090243088276,15,630.0,0.23091554607044212,11,226.0,0.3572288757032993,26,856.0
860.0,20,386.0,5.676470588235294,5.589963846479988,11,578.0,0.3033163725650781,9,230.0,0.2592185725846327,20,808.0
865.0,18,278.0,4.483870967741935,6.13079659931886,9,459.0,0.3229930406120801,9,174.0,0.2655016576015478,18,633.0
870.0,25,284.0,4.655737704918033,5.4576372780123235,12,330.0,0.28288790934288754,13,189.0,0.1532858688050084,25,519.0
875.0,30,283.0,4.964912280701754,4.093320785621281,16,336.0,0.17188038104310338,14,206.0,0.23178455588764077,30,542.0
880.0,27,326.0,5.821428571428571,4.447456649440604,16,386.0,0.17833650859380218,11,194.0,0.36476077051891004,27,580.0
885.0,24,321.0,5.631578947368421,4.63225765767702,16,405.0,0.2194127001795635,8,198.0,0.43173192783270686,24,603.0
890.0,13,242.0,4.172413793103448,5.707905578901199,8,369.0,0.2889565367706261,5,146.0,0.35345480337531093,13,515.0
895.0,21,314.0,5.322033898305085,4.853436340215672,11,403.0,0.1611610417887477,10,184.0,0.2556540936869495,21,587.0
900.0,34,452.0,7.174603174603175,4.3315707481547925,18,479.0,0.15587513701213726,16,244.0,0.09255608671011946,34,723.0
905.0,33,552.0,9.049180327868852,3.8008651393572195,16,524.0,0.18585574680719016,17,289.0,0.18997628399240987,33,813.0
910.0,21,572.0,9.862068965517242,5.423886151057873,12,515.0,0.22278087819515616,9,290.0,0.3309736068906854,21,805.0
915.0,23,574.0,9.89655172413793,4.779386234091817,12,458.0,0.13399820871336693,11,328.0,0.289454997343084,23,786.0
920.0,30,565.0,9.741379310344827,4.4083145135610495,13,369.0,0.14573870917597231,17,404.0,0.25115145292910646,30,773.0
925.0,28,410.0,7.321428571428571,3.7161912086801983,11,260.0,0.1918757021556046,17,410.0,0.21422418127274626,28,670.0
930.0,27,411.0,7.611111111111111,3.5662622599216296,11,289.0,0.22430707943715372,16,398.0,0.21222283756731206,27,687.0
935.0,23,267.0,4.8545454545454545,4.153423167826952,10,284.0,0.26166156284554515,13,364.0,0.2980848263305919,23,648.0
940.0,24,271.0,4.754385964912281,4.9645161436131815,12,267.0,0.33018134352611456,12,303.0,0.22847749103599213,24,570.0
945.0,27,362.0,6.033333333333333,4.583583474542536,11,302.0,0.35565536525149544,16,331.0,0.11239346942799874,27,633.0
950.0,28,448.0,7.344262295081967,5.069896816266006,10,328.0,0.3362002668726133,18,380.0,0.23438881388283614,28,708.0
955.0,26,380.0,6.440677966101695,4.359768481708502,10,311.0,0.2978055196095065,16,374.0,0.2611837451730495,26,685.0
960.0,26,242.0,4.101694915254237,4.47693448905592,14,259.0,0.2808549565828267,12,306.0,0.25679390083670867,26,565.0
965.0,26,274.0,4.724137931034483,4.249075270057546,15,310.0,0.25998556080781265,11,308.0,0.20938525998248003,26,618.0
970.0,31,365.0,5.983606557377049,3.611729290689156,16,363.0,0.18739329108225913,15,321.0,0.14517575516432096,31,684.0
975.0,35,400.0,6.451612903225806,2.9007546550864203,17,369.0,0.1755966490131329,18,342.0,0.18221663686010964,35,711.0
980.0,28,466.0,7.396825396825397,4.82925868669274,16,410.0,0.2682769818799896,12,322.0,0.3148577318188336,28,732.0
985.0,23,450.0,6.818181818181818,5.632112947712177,14,392.0,0.2321077152395829,9,312.0,0.38463886770484124,23,704.0
990.0,19,365.0,5.2898550724637685,6.509892151999627,7,328.0,0.2942294952401518,12,329.0,0.3038925805292597,19,657.0
995.0,17,244.0,3.6417910447761193,5.945868469984507,6,250.0,0.27319976782660305,11,310.0,0.2691149684203422,17,560.0
1000.0,25,338.0,5.28125,5.937095552550696,11,217.0,0.26757394822538827,14,336.0,0.2758709139086424,25,553.0
1005.0,27,386.0,6.433333333333334,5.3068601912863445,14,225.0,0.35246369080903656,13,365.0,0.2533627881576274,27,590.0
1010.0,21,427.0,7.116666666666666,4.690324626061957,6,164.0,0.2889941884122104,15,385.0,0.21125058417343204,21,549.0
1015.0,22,459.0,7.403225806451613,5.17169793379796,8,148.0,0.35110276459018475,14,411.0,0.19549103693068642,22,559.0
1020.0,16,420.0,6.774193548387097,6.317562410648266,6,115.0,0.3643217369659004,10,405.0,0.26970742388889896,16,520.0
1025.0,19,340.0,5.573770491803279,6.143539816278995,11,125.0,0.2733275749929721,8,350.0,0.3106478921238423,19,475.0
1030.0,22,190.0,3.1666666666666665,5.938965076586741,13,119.0,0.2666778748917148,9,240.0,0.36208250851058527,22,359.0
1035.0,28,290.0,4.915254237288136,5.228831273151694,17,183.0,0.22571844477133263,11,277.0,0.3483057902582447,28,460.0
1040.0,30,366.0,6.421052631578948,4.347869840001798,15,223.0,0.25355746191478634,15,331.0,0.23817631264760983,30,554.0
1045.0,21,313.0,5.589285714285714,4.892060675159152,8,209.0,0.3087441742462839,13,351.0,0.22065102829921765,21,560.0
1050.0,16,219.0,3.9107142857142856,5.154763210137795,6,160.0,0.29428532733359347,10,328.0,0.20266547982805666,16,488.0
1055.0,17,133.0,2.216666666666667,5.771237850772466,7,133.0,0.2997893997023637,10,286.0,0.19457601750852616,17,419.0
1060.0,22,213.0,3.610169491525424,6.841393961839745,11,173.0,0.387621138453578,11,286.0,0.2955359972477657,22,459.0
1065.0,21,245.0,4.016393442622951,5.988493725457949,10,172.0,0.39896628690897346,11,311.0,0.2589522190084854,21,483.0
1070.0,20,276.0,4.6,6.2213355723276615,6,123.0,0.39661300557886525,14,374.0,0.2889071309687327,20,497.0
1075.0,21,209.0,3.4833333333333334,5.457814353403273,7,104.0,0.2560967740639742,14,320.0,0.3249761322706268,21,424.0
1080.0,24,260.0,4.333333333333333,5.20985994846368,10,121.0,0.19723967918489352,14,285.0,0.31051962986666204,24,406.0
1085.0,27,256.0,4.19672131147541,4.706225856755175,13,151.0,0.24233874263268465,14,281.0,0.31194423344429567,27,432.0
1090.0,15,151.0,2.603448275862069,5.895003774532849,7,133.0,0.31372456427595125,8,214.0,0.2878962796467378,15,347.0
1095.0,17,120.0,2.142857142857143,5.32385639848569,7,139.0,0.2841675776966989,10,199.0,0.17857926584549652,17,338.0
1100.0,24,203.0,3.5,4.696001060928053,11,151.0,0.14868082888163958,13,236.0,0.11726342672796208,24,387.0
1105.0,28,259.0,4.796296296296297,4.299093570622424,14,183.0,0.2298118351288096,14,268.0,0.20049032127060104,28,451.0
1110.0,20,310.0,5.535714285714286,6.198940418202642,8,186.0,0.35261112749403395,12,303.0,0.3230034313836022,20,489.0
1115.0,21,296.0,5.381818181818182,5.422201734904269,9,184.0,0.3630884689580332,12,306.0,0.20188807821539986,21,490.0
1120.0,25,319.0,5.8,5.115445359751965,9,165.0,0.35856171274305704,16,383.0,0.15879586824160463,25,548.0
1125.0,25,296.0,5.584905660377358,3.952180899706589,11,178.0,0.2761667157519385,14,356.0,0.20608557380664463,25,534.0
1130.0,13,142.0,2.784313725490196,4.725228321789448,8,170.0,0.24095896999233202,5,216.0,0.2526091825516638,13,386.0
1135.0,18,183.0,3.519230769230769,5.797204220046865,12,194.0,0.245193225440413,6,128.0,0.38769014421365405,18,322.0
1140.0,24,286.0,5.607843137254902,5.392757226694575,16,263.0,0.2074258366272716,8,145.0,0.24130183852704631,24,408.0
1145.0,29,371.0,7.729166666666667,3.553616121844435,16,284.0,0.1629730181137152,13,196.0,0.16067841170092448,29,480.0
1150.0,27,430.0,8.26923076923077,4.147007812309357,13,277.0,0.19971623638315913,14,263.0,0.23479175171656033,27,540.0
1155.0,24,424.0,7.851851851851852,3.9582931275205158,12,292.0,0.19765548201455435,12,276.0,0.3411213071509983,24,568.0
1160.0,20,430.0,7.543859649122807,6.014691914436823,12,270.0,0.26704836306430757,8,252.0,0.4598232329803247,20,522.0
1165.0,16,282.0,4.947368421052632,6.293778534807142,10,247.0,0.23328610556405383,6,196.0,0.46644156917357754,16,443.0
1170.0,21,302.0,5.11864406779661,6.57055047927235,11,212.0,0.3483036097279064,10,203.0,0.39228768639582573,21,415.0
1175.0,20,262.0,4.678571428571429,5.810109463945307,8,229.0,0.39304149301639507,12,196.0,0.3541955942022205,20,425.0
1180.0,26,303.0,5.224137931034483,5.13272885124851,12,266.0,0.3367828334903736,14,158.0,0.2527061010447142,26,424.0
1185.0,27,317.0,5.763636363636364,4.382179443130691,10,252.0,0.2961422840632883,17,216.0,0.2203320074418035,27,468.0
1190.0,28,364.0,6.5,4.385340351254833,11,213.0,0.2921010260167285,17,276.0,0.20423051398782793,28,489.0
1195.0,30,319.0,5.8,3.4442223720220424,13,221.0,0.25734614183599497,17,314.0,0.2005059687905057,30,535.0
1200.0,27,327.0,5.45,4.725568025843601,14,235.0,0.21588488201610126,13,284.0,0.25852007569488544,27,519.0
1205.0,24,296.0,4.933333333333334,5.555455274928966,14,259.0,0.23187321058132931,10,262.0,0.2887933040559907,24,521.0
1210.0,29,357.0,5.852459016393443,5.743044120025044,16,308.0,0.26228232261599976,13,230.0,0.2843125544331163,29,538.0
1215.0,24,346.0,5.766666666666667,4.688965866254228,13,321.0,0.2771153183799591,11,240.0,0.24093787742186343,24,561.0
1220.0,16,243.0,4.05,5.793876956281581,5,259.0,0.28894607046932136,11,247.0,0.33998307378591514,16,506.0
1225.0,13,260.0,4.262295081967213,6.313137940639946,4,253.0,0.36626755631663577,9,267.0,0.29632237093617414,13,520.0
1230.0,24,360.0,5.806451612903226,6.069269094549043,10,290.0,0.31111224489155725,14,306.0,0.2931984578954903,24,596.0
1235.0,26,326.0,5.927272727272728,4.56160642480785,12,295.0,0.22587251274393513,14,251.0,0.28334877335991776,26,546.0
1240.0,20,342.0,6.0,4.853664167471711,8,251.0,0.22860339528058968,12,253.0,0.2749721927845371,20,504.0
1245.0,18,349.0,6.12280701754386,5.358592838709239,7,234.0,0.4069931634537712,11,255.0,0.14902307445981125,18,489.0
1250.0,17,386.0,6.892857142857143,6.876424253969737,7,251.0,0.3803697568282453,10,238.0,0.30285045886967865,17,489.0
1255.0,16,397.0,7.089285714285714,6.565644666105066,7,258.0,0.313409084917911,9,259.0,0.275368096339121,16,517.0
1260.0,19,475.0,9.134615384615385,6.86898733278555,8,291.0,0.34420864688273245,11,286.0,0.2891424586351549,19,577.0
1265.0,16,293.0,6.23404255319149,6.144958902671328,6,218.0,0.44556217534097253,10,263.0,0.26323337485885984,16,481.0
1270.0,17,264.0,5.387755102040816,5.510316981822984,7,144.0,0.451032978613355,10,205.0,0.22960143944705458,17,349.0
1275.0,20,226.0,4.264150943396227,6.041311086142089,7,74.0,0.4736334957266822,13,229.0,0.337069975942375,20,303.0
1280.0,23,326.0,6.037037037037037,5.893372479840185,10,92.0,0.42738488788966883,13,290.0,0.3594077750826334,23,382.0
1285.0,25,441.0,8.018181818181818,5.25982211472685,11,141.0,0.3686408522289848,14,359.0,0.3257715001466791,25,500.0
1290.0,31,450.0,7.5,3.9995655666114587,17,206.0,0.20225805708668013,14,354.0,0.27516413001011814,31,560.0
1295.0,26,397.0,6.301587301587301,4.556342974987968,16,223.0,0.1691467789100563,10,294.0,0.31825694825502465,26,517.0
1300.0,17,253.0,3.953125,6.017486994919638,7,192.0,0.3010033548746114,10,280.0,0.32861017144706056,17,472.0
1305.0,25,346.0,5.164179104477612,6.091874254458071,8,159.0,0.4608078799002402,17,289.0,0.11067162921540928,25,448.0
1310.0,23,355.0,5.546875,5.3516770892460155,7,157.0,0.32300455754666446,16,327.0,0.1727397473222654,23,484.0
1315.0,22,368.0,6.133333333333334,5.993146096787351,11,148.0,0.25109373402006674,11,340.0,0.3420551087769803,22,488.0
1320.0,22,245.0,4.016393442622951,4.817869387058276,13,179.0,0.1594857815116115,9,275.0,0.31233940678071737,22,454.0
1325.0,20,222.0,3.7,5.73131763558697,11,192.0,0.2967730856995023,9,160.0,0.32314018871165207,20,352.0
1330.0,18,178.0,2.918032786885246,5.70392778168091,9,178.0,0.355344391094602,9,171.0,0.27332763953205375,18,349.0
1335.0,23,256.0,4.063492063492063,6.222090255043065,14,195.0,0.28972519924336476,9,173.0,0.33610894923617574,23,368.0
1340.0,23,299.0,5.067796610169491,5.307304024817595,13,222.0,0.26380265387235685,10,187.0,0.241122134750962,23,409.0
1345.0,31,402.0,7.052631578947368,4.862597548772315,17,241.0,0.23844336472676386,14,255.0,0.19498060148073457,31,496.0
1350.0,28,423.0,7.293103448275862,4.458594810068989,14,267.0,0.25804705462482774,14,252.0,0.25783392126267995,28,519.0
1355.0,23,445.0,7.416666666666667,5.84581034810324,13,267.0,0.3236928644009166,10,265.0,0.36671872210803835,23,532.0
1360.0,23,315.0,5.431034482758621,5.646719253013686,12,260.0,0.3081856228405197,11,233.0,0.35713323860796964,23,493.0
1365.0,26,307.0,5.116666666666666,4.7651049878339675,11,243.0,0.24567349512215342,15,249.0,0.20953358943739805,26,492.0
1370.0,27,296.0,5.103448275862069,3.538253391676105,12,266.0,0.18905506260794094,15,265.0,0.21906646543078198,27,531.0
1375.0,19,254.0,4.618181818181818,5.202996129413408,11,285.0,0.24212496962023547,8,210.0,0.29514603677994444,19,495.0
1380.0,19,235.0,4.519230769230769,5.440693078283273,9,273.0,0.21654081263600788,10,183.0,0.36325276920798144,19,456.0
1385.0,17,251.0,4.5636363636363635,5.826901564799666,11,269.0,0.2390587223770788,6,176.0,0.30207070151108,17,445.0
1390.0,23,333.0,6.054545454545455,5.804262193149572,11,315.0,0.34312985793942463,12,186.0,0.3367295320551246,23,501.0
1395.0,22,373.0,6.907407407407407,6.08996309880481,12,369.0,0.45519486612238813,10,190.0,0.2978877012652659,22,559.0
1400.0,20,368.0,6.814814814814815,5.086339443725717,12,362.0,0.4061522297875508,8,149.0,0.13715484900887423,20,511.0
1405.0,18,307.0,5.7924528301886795,5.481480928702719,11,301.0,0.42029986689659765,7,138.0,0.1901482680511687,18,439.0
1410.0,17,224.0,4.148148148148148,4.912205141611941,12,248.0,0.24638122569543638,5,90.0,0.32245738638935084,17,338.0
1415.0,20,182.0,3.309090909090909,5.670391112443326,11,186.0,0.2598050992820469,9,117.0,0.38617440292995775,20,303.0
1420.0,23,262.0,4.517241379310345,5.206125178304511,13,219.0,0.2037073165573825,10,162.0,0.3309933002207778,23,381.0
1425.0,27,323.0,5.568965517241379,4.673929006306113,14,264.0,0.157004768329894,13,170.0,0.2943268369703989,27,434.0
1430.0,29,440.0,8.148148148148149,4.591673085245931,14,309.0,0.26169642953555183,15,235.0,0.2659815182831154,29,544.0
1435.0,26,504.0,9.163636363636364,4.420366831877726,12,351.0,0.2585696518150035,14,267.0,0.24396407024688666,26,618.0
1440.0,20,465.0,8.303571428571429,4.668860168640653,10,331.0,0.12605143453952442,10,271.0,0.3289053516480723,20,602.0
1445.0,21,480.0,8.571428571428571,6.109221130285299,9,276.0,0.19904601983975082,12,290.0,0.39043536745015983,21,566.0
1450.0,22,430.0,7.543859649122807,5.971026902477107,8,213.0,0.22464793972299926,14,344.0,0.2873016296708626,22,557.0
1455.0,20,439.0,7.839285714285714,6.2184018492646755,8,151.0,0.22446087847813317,12,380.0,0.35731287233538617,20,531.0
1460.0,24,521.0,9.648148148148149,6.02144359284706,9,170.0,0.1969910471940918,15,438.0,0.3772976481199598,24,608.0
1465.0,24,566.0,10.884615384615385,5.753900892520449,10,220.0,0.25391545686061656,14,451.0,0.3737541862157045,24,671.0
1470.0,24,645.0,12.647058823529411,4.912449521713842,12,277.0,0.2713433972086666,12,477.0,0.2988312071979703,24,754.0
1475.0,23,639.0,11.833333333333334,4.682170234040804,9,276.0,0.3898375422361047,14,520.0,0.18609783730065163,23,796.0
1480.0,20,643.0,11.482142857142858,5.873679194525209,8,249.0,0.43372534832375675,12,546.0,0.2699833817336382,20,795.0
1485.0,24,520.0,8.666666666666666,5.742498290096767,10,232.0,0.38464963583563827,14,509.0,0.2971904842644771,24,741.0
1490.0,18,185.0,3.0327868852459017,6.005011696921275,9,182.0,0.35411517952744687,9,398.0,0.356607363129185,18,580.0
1495.0,18,191.0,3.293103448275862,5.6465497819939605,8,198.0,0.4599927214222038,10,415.0,0.31581217631703584,18,613.0
1500.0,26,265.0,4.491525423728813,4.872547720554619,12,205.0,0.3489542961210672,14,433.0,0.23366566857989488,26,638.0
1505.0,29,271.0,4.234375,4.478173775433902,14,214.0,0.3182044942888406,15,448.0,0.16780460440935746,29,662.0
1510.0,31,357.0,5.578125,5.381869211574893,16,243.0,0.32031356911332376,15,479.0,0.29251904076570157,31,722.0
1515.0,29,422.0,6.806451612903226,4.695520297371855,15,272.0,0.2902434345975307,14,451.0,0.3118956239584857,29,723.0
1520.0,28,448.0,7.0,4.218211783110702,15,300.0,0.25242993607085235,13,334.0,0.23884469638433803,28,634.0
1525.0,30,398.0,6.21875,3.2984443636152037,16,343.0,0.21650248649602077,14,329.0,0.17869954495896315,30,672.0
1530.0,26,327.0,5.109375,4.228270167241002,16,351.0,0.19139237364494904,10,274.0,0.23130253988129798,26,625.0
1535.0,22,285.0,4.453125,4.765300241248221,13,313.0,0.23414407598693204,9,255.0,0.23776523098769412,22,568.0
1540.0,25,332.0,4.882352941176471,5.512198118510544,14,279.0,0.2332363059441471,11,291.0,0.27136813070753385,25,570.0
1545.0,28,351.0,5.2388059701492535,5.50852608788079,18,312.0,0.21285528192478853,10,238.0,0.4071461797252905,28,550.0
1550.0,28,408.0,6.181818181818182,6.111271590881827,20,326.0,0.23044212104076814,8,229.0,0.509831589404282,28,555.0
1555.0,27,389.0,6.078125,4.815335140794192,17,349.0,0.25092839048828836,10,227.0,0.363538110073767,27,576.0
1560.0,27,373.0,5.7384615384615385,5.384767027182352,15,339.0,0.327925635200476,12,225.0,0.22157948339023667,27,564.0
1565.0,28,437.0,6.621212121212121,5.602056496889372,14,351.0,0.39244311741818744,14,253.0,0.10110872203243865,28,604.0
1570.0,23,491.0,7.553846153846154,5.92269447888483,15,371.0,0.27833002853784994,8,254.0,0.25872912212187693,23,625.0
1575.0,24,366.0,5.71875,5.098546080661457,18,410.0,0.14569263863979057,6,158.0,0.3523509607747364,24,568.0
1580.0,29,333.0,5.370967741935484,5.382346183522148,22,406.0,0.1848305445533285,7,101.0,0.5001107878625697,29,507.0
1585.0,27,376.0,6.163934426229508,5.2683071715042535,20,424.0,0.21517649316272985,7,111.0,0.5119233239367158,27,535.0
1590.0,29,368.0,6.032786885245901,4.160542126056977,18,436.0,0.24132863278804645,11,146.0,0.31792798688513596,29,582.0
1595.0,39,480.0,7.741935483870968,3.1398726818754428,25,439.0,0.142272935698707,14,216.0,0.2520919082378631,39,655.0
1600.0,37,484.0,7.446153846153846,3.2419467499163357,23,475.0,0.15361354703992705,14,237.0,0.292268455467273,37,712.0
1605.0,26,410.0,6.029411764705882,4.725501813653388,15,427.0,0.23921291824029647,11,238.0,0.25451578341739206,26,665.0
1610.0,22,301.0,4.23943661971831,5.089532588147678,14,425.0,0.3009596037892287,8,192.0,0.21069972576643478,22,617.0
1615.0,27,288.0,3.84,5.290040967540272,15,413.0,0.2401242231189076,12,166.0,0.27769516989971793,27,579.0
1620.0,34,381.0,5.521739130434782,4.804154181052333,22,445.0,0.21337180605547357,12,201.0,0.34652108964175243,34,646.0
1625.0,23,406.0,6.246153846153846,5.206750058035222,16,453.0,0.16226791058871032,7,184.0,0.3590201980057726,23,637.0
1630.0,25,327.0,5.190476190476191,4.232323753625864,18,472.0,0.045407092548558764,7,132.0,0.29248326635113747,25,604.0
1635.0,30,359.0,5.609375,5.17656685027521,20,465.0,0.18152081261943318,10,132.0,0.2634713057199604,30,597.0
1640.0,26,378.0,6.096774193548387,4.61564952598779,17,496.0,0.2357696461239088,9,126.0,0.3058014008298193,26,622.0
1645.0,29,468.0,7.2,5.125275735831914,17,469.0,0.26980012781703927,12,169.0,0.2902985087079434,29,638.0
1650.0,26,359.0,5.523076923076923,4.678022628904429,16,438.0,0.15460718909299848,10,180.0,0.3898562366886866,26,618.0
1655.0,23,357.0,5.173913043478261,5.985296758547714,17,381.0,0.24045256682540428,6,155.0,0.41411103744223304,23,536.0
1660.0,24,352.0,5.101449275362318,6.291750524813018,15,379.0,0.2856499670015078,9,158.0,0.42576113558588624,24,537.0
1665.0,23,329.0,4.984848484848484,6.507599986625938,12,307.0,0.3315013888454584,11,197.0,0.31303509534365076,23,504.0
1670.0,23,323.0,4.969230769230769,5.567858266566502,14,281.0,0.28777034778685384,9,191.0,0.1650219223633179,23,472.0
1675.0,28,356.0,5.650793650793651,5.054582419630979,15,284.0,0.2645197007758572,13,234.0,0.2642386822201948,28,518.0
1680.0,25,252.0,3.9375,4.463909460257519,16,297.0,0.246227772501026,9,187.0,0.34286596746683057,25,484.0
1685.0,21,276.0,4.451612903225806,5.415029728133789,16,354.0,0.28717899869346514,5,134.0,0.4436751967252902,21,488.0
1690.0,23,242.0,3.78125,4.78454975631156,18,390.0,0.21991839143939812,5,121.0,0.39374330695872967,23,511.0
1695.0,28,274.0,4.08955223880597,5.125287565009024,19,386.0,0.20324486270448747,9,129.0,0.3685124654182053,28,515.0
1700.0,32,343.0,5.044117647058823,4.626016225116026,21,467.0,0.16893802394252674,11,145.0,0.3584454344560998,32,612.0
1705.0,36,499.0,7.128571428571429,5.174866405971976,23,570.0,0.23701351824783481,13,183.0,0.38652799033277496,36,753.0
1710.0,33,476.0,7.0,3.8910262021288626,20,559.0,0.23108441451083125,13,203.0,0.28722510744935503,33,762.0
1715.0,30,443.0,6.328571428571428,4.166108899906421,15,501.0,0.2665825232813605,15,207.0,0.23625551938748449,30,708.0
1720.0,32,452.0,6.191780821917808,4.136219106955938,16,519.0,0.29573973448850815,16,250.0,0.18498104669468532,32,769.0
1725.0,33,365.0,5.0,4.718470203797347,20,498.0,0.21418626983490044,13,255.0,0.3063507647703227,33,753.0
1730.0,36,387.0,5.450704225352113,3.5438978645386894,23,515.0,0.10265023670480576,13,262.0,0.26754147296200953,36,777.0
1735.0,40,486.0,6.5675675675675675,3.803274513576658,22,597.0,0.16572033333045338,18,280.0,0.2767896906433285,40,877.0
1740.0,40,624.0,8.210526315789474,4.148121877027456,23,656.0,0.2315296663991182,17,335.0,0.25295429691552246,40,991.0
1745.0,37,631.0,8.302631578947368,4.262377466917724,22,643.0,0.20545516198055108,15,348.0,0.2520402286950415,37,991.0
1750.0,40,683.0,8.87012987012987,3.996155813377819,24,688.0,0.19046135558275715,16,366.0,0.24081646671498186,40,1054.0
1755.0,42,678.0,8.37037037037037,3.961765806990713,23,709.0,0.1938112067689058,19,370.0,0.2329258756765623,42,1079.0
1760.0,37,566.0,7.075,3.949666595459745,16,611.0,0.24388373329327898,21,438.0,0.2217821516487457,37,1049.0
1765.0,28,623.0,8.197368421052632,4.773107422575441,14,547.0,0.2724823950117839,14,482.0,0.2626602848194708,28,1029.0
1770.0,32,614.0,8.186666666666667,4.435368230301132,16,510.0,0.22214007779424527,16,496.0,0.24024595911516486,32,1006.0
1775.0,34,642.0,8.794520547945206,4.536600575099066,15,471.0,0.1938208827335655,19,542.0,0.2643847860434766,34,1013.0
1780.0,37,483.0,6.802816901408451,3.813439378000729,17,495.0,0.22457200248338707,20,501.0,0.21312333615919524,37,996.0
1785.0,39,461.0,6.402777777777778,4.230567920253455,20,527.0,0.21928462976556204,19,374.0,0.231575682460444,39,901.0
1790.0,42,514.0,7.041095890410959,3.5572370840851826,21,554.0,0.1687758536476336,21,417.0,0.23008217841362522,42,971.0
1795.0,26,429.0,5.958333333333333,4.861609161577352,12,512.0,0.1998005903017091,14,402.0,0.2803844992668101,26,914.0
1800.0,22,382.0,5.701492537313433,5.654206238596739,9,410.0,0.22304188367511057,13,398.0,0.30021862174153385,22,808.0
1805.0,28,417.0,6.132352941176471,4.8343189506085915,15,343.0,0.05573107245588918,13,410.0,0.1991404312449344,28,753.0
1810.0,33,489.0,7.523076923076923,4.8181090801503474,15,330.0,0.19549080033957897,18,470.0,0.20223494387705968,33,800.0
1815.0,26,537.0,8.261538461538462,5.842900614684324,11,270.0,0.41708222641192033,15,532.0,0.22122706663240027,26,802.0
1820.0,26,591.0,9.53225806451613,5.790110092960852,10,260.0,0.3782344797579334,16,583.0,0.29185395204404085,26,843.0
1825.0,23,494.0,7.71875,5.218869074859841,7,197.0,0.24027341098990507,16,537.0,0.2671206345649754,23,734.0
1830.0,22,470.0,7.580645161290323,5.47255743554946,9,202.0,0.27808062884303253,13,509.0,0.30037826935857753,22,711.0
1835.0,30,375.0,5.859375,4.878357154572844,15,249.0,0.26570950313396735,15,437.0,0.27096595169385684,30,686.0
1840.0,27,263.0,4.109375,4.500492076193675,14,259.0,0.26428213285375013,13,384.0,0.25576217044771304,27,643.0
1845.0,25,283.0,4.639344262295082,4.1147671360279805,13,264.0,0.2910911380620463,12,417.0,0.21123030641354174,25,681.0
1850.0,27,292.0,4.492307692307692,4.377233713041198,13,245.0,0.2183934338878981,14,419.0,0.23447826599844349,27,664.0
1855.0,21,224.0,3.2941176470588234,5.031774092857546,8,182.0,0.2756461964559158,13,429.0,0.2096029032317229,21,611.0
1860.0,22,236.0,3.4705882352941178,5.574573593539509,6,160.0,0.37053245015343317,16,443.0,0.2137328623249649,22,603.0
1865.0,27,316.0,4.647058823529412,5.414819128400086,11,185.0,0.40761420146630484,16,500.0,0.22000934557672905,27,685.0
1870.0,27,377.0,5.8,5.058553765887921,13,195.0,0.25816590685544977,14,519.0,0.3098096102786016,27,714.0
1875.0,25,353.0,5.603174603174603,5.181682223973654,12,172.0,0.17423660043512326,13,467.0,0.33545669648675835,25,639.0
1880.0,25,453.0,7.426229508196721,5.279942147644957,11,205.0,0.18842587572119499,14,530.0,0.28216672639627205,25,735.0
1885.0,32,583.0,9.88135593220339,4.802281072409373,13,248.0,0.22718212901497115,19,619.0,0.21121821058269433,32,867.0
1890.0,30,657.0,10.770491803278688,4.799086077030537,13,290.0,0.2657131466314433,17,667.0,0.283281146574385,30,957.0
1895.0,25,715.0,12.327586206896552,5.470801417358286,11,301.0,0.3450365451491196,14,683.0,0.2978239336351305,25,984.0
1900.0,25,651.0,11.224137931034482,4.780465622524541,8,288.0,0.37188130959764487,17,648.0,0.18185710337212294,25,936.0
1905.0,26,524.0,8.451612903225806,4.893335070853018,10,309.0,0.3548019717481092,16,523.0,0.23608850886892171,26,832.0
1910.0,23,313.0,5.216666666666667,4.743013459720124,9,257.0,0.28038691089321865,14,537.0,0.33106007327173703,23,794.0
1915.0,20,233.0,3.819672131147541,5.529373993715239,9,172.0,0.3312596236269159,11,512.0,0.3295418428364979,20,684.0
1920.0,26,279.0,4.292307692307692,4.804017618016502,9,200.0,0.21565046120266845,17,547.0,0.27028597544313615,26,747.0
1925.0,33,332.0,4.882352941176471,4.903197512368611,10,211.0,0.28170899103933006,23,602.0,0.2355888064291799,33,813.0
1930.0,31,430.0,6.515151515151516,4.50962564611298,8,247.0,0.4222296316713511,23,601.0,0.13129226456420584,31,848.0
1935.0,34,508.0,7.696969696969697,3.8535203366502677,11,297.0,0.3404585950716783,23,629.0,0.11654138104688742,34,926.0
1940.0,36,565.0,8.432835820895523,3.0611228633762075,15,291.0,0.2046054805352516,21,683.0,0.1388920399148427,36,974.0
1945.0,36,640.0,9.142857142857142,4.180552604723064,18,351.0,0.18059103370902213,18,689.0,0.23270183199985037,36,1040.0
1950.0,40,639.0,9.128571428571428,4.10080892849736,19,444.0,0.18444867913932625,21,664.0,0.21165127500436914,40,1108.0
1955.0,37,715.0,10.070422535211268,4.4740662920136085,21,552.0,0.23957406244723892,16,600.0,0.23826480912354836,37,1152.0
1960.0,37,715.0,10.36231884057971,3.3752810559702895,17,589.0,0.3054105877234574,20,615.0,0.15490816563076348,37,1204.0
1965.0,34,629.0,8.985714285714286,3.829054944435112,13,538.0,0.2824111294495967,21,656.0,0.17242438156978726,34,1194.0
1970.0,29,439.0,6.271428571428571,4.040596939116175,8,417.0,0.32832800253076744,21,696.0,0.11597306981906853,29,1113.0
1975.0,33,463.0,6.614285714285714,4.182956601335445,14,282.0,0.2117520666793205,19,714.0,0.1820414370414794,33,996.0
1980.0,35,470.0,6.619718309859155,3.6958312601388985,18,328.0,0.10834214886698519,17,675.0,0.23150607496500156,35,1003.0
1985.0,40,483.0,6.708333333333333,4.2975129133342955,23,423.0,0.18804156371703779,17,575.0,0.2385858004376434,40,998.0
1990.0,33,526.0,7.6231884057971016,3.748618024934532,19,441.0,0.20859731875444634,14,612.0,0.23665864485111185,33,1053.0
1995.0,30,502.0,7.27536231884058,4.100343505861096,13,355.0,0.17303214085337365,17,658.0,0.20241292957326884,30,1013.0
2000.0,24,326.0,4.6571428571428575,4.361829644053157,8,289.0,0.20358539635371817,16,639.0,0.12646314607915216,24,928.0
2005.0,22,203.0,2.859154929577465,5.722407461739225,7,274.0,0.3393468555510251,15,554.0,0.23758872061369857,22,828.0
2010.0,28,269.0,3.684931506849315,4.423537955229246,13,269.0,0.3036755345998471,15,606.0,0.20847898994015623,28,875.0
2015.0,24,315.0,4.701492537313433,5.4147156084794075,10,230.0,0.31049222101514545,14,640.0,0.3040821959455057,24,870.0
2020.0,17,307.0,4.796875,5.432962543484598,5,195.0,0.2739487099155106,12,574.0,0.3211867485224696,17,769.0
2025.0,23,323.0,4.82089552238806,5.525734272056256,10,239.0,0.23168041279369234,13,471.0,0.2922807593804654,23,710.0
2030.0,29,338.0,5.121212121212121,4.115653565882832,17,265.0,0.18788030064382524,12,432.0,0.26941184889296094,29,697.0
2035.0,36,458.0,7.046153846153846,4.139107649923639,21,310.0,0.2188146785394768,14,416.0,0.2915808863182907,35,726.0
2040.0,32,489.0,7.409090909090909,4.310010795790695,19,350.0,0.29687626229480485,13,440.0,0.31837469978147337,32,790.0
2045.0,20,422.0,6.393939393939394,4.747903629498396,12,309.0,0.20970133102830218,8,433.0,0.32733878378015535,20,742.0
2050.0,24,466.0,7.0606060606060606,5.921202354910197,11,287.0,0.20996438479013416,13,467.0,0.33045129806557727,24,754.0
2055.0,21,460.0,7.1875,6.106640725943931,10,284.0,0.2952410313805315,11,446.0,0.24530298527833183,21,730.0
2060.0,23,492.0,7.809523809523809,5.272959743342363,13,310.0,0.20565753693197927,10,399.0,0.248537426583218,23,709.0
2065.0,27,481.0,8.907407407407407,4.554409035825586,17,288.0,0.23306696142430924,10,417.0,0.35096650925913864,27,705.0
2070.0,27,570.0,10.178571428571429,4.516677848711956,18,324.0,0.21261689587311855,9,448.0,0.34946821955701685,27,772.0
2075.0,26,626.0,11.592592592592593,4.679457002870537,16,335.0,0.17398749111387912,10,483.0,0.4083521477238269,26,818.0
2080.0,20,574.0,10.436363636363636,5.3991758205540235,10,271.0,0.24376165700280375,10,533.0,0.26661749915291066,20,804.0
2085.0,16,607.0,10.649122807017545,6.525340344831096,4,220.0,0.3262360949652652,12,589.0,0.2671056681141828,16,809.0
2090.0,14,487.0,8.696428571428571,6.542125974386529,5,150.0,0.3187214606285447,9,535.0,0.2903497491293623,14,685.0
2095.0,19,562.0,10.807692307692308,6.273631823687273,11,200.0,0.2928952261599139,8,514.0,0.32415622438095176,19,714.0
2100.0,21,382.0,7.64,5.191559024995666,12,210.0,0.34241607963800763,9,408.0,0.21356487829820062,21,618.0
2105.0,14,260.0,5.3061224489795915,5.957724747633234,8,170.0,0.42708152121643145,6,199.0,0.1692832548302267,14,369.0
2110.0,18,308.0,6.416666666666667,5.442816788380593,10,190.0,0.33361842367819705,8,187.0,0.28555116872551767,18,377.0
2115.0,22,406.0,8.285714285714286,4.798359644375954,15,243.0,0.21860093576622197,7,225.0,0.4009289629921599,22,468.0
2120.0,26,397.0,7.784313725490196,3.884263191726983,20,289.0,0.152269718500373,6,185.0,0.40563968121303556,26,474.0
2125.0,16,360.0,7.346938775510204,5.078730718377832,11,309.0,0.2523207291371281,5,109.0,0.44284678876187866,16,418.0
2130.0,13,162.0,3.056603773584906,5.4355604381362825,7,234.0,0.39176565700442234,6,90.0,0.2109820924586184,13,324.0
2135.0,19,200.0,3.7037037037037037,6.456722009826665,10,152.0,0.37341752234619685,9,92.0,0.28201633299286033,19,244.0
2140.0,20,169.0,3.188679245283019,5.437172501882245,14,154.0,0.21449269422617642,6,109.0,0.40231966789791335,20,263.0
2145.0,23,268.0,5.254901960784314,5.519479197388141,16,182.0,0.1541896867189306,7,136.0,0.4264300624467363,23,318.0
2150.0,26,325.0,6.770833333333333,4.174010141858324,16,222.0,0.14565029704805815,10,175.0,0.28805114536514,26,397.0
2155.0,17,290.0,5.8,4.947902116912866,7,193.0,0.1859367537444898,10,221.0,0.2787083022675238,17,414.0
2160.0,20,360.0,7.0588235294117645,5.311940870842197,7,207.0,0.3353077740786222,13,272.0,0.23582548654328814,20,479.0
2165.0,22,327.0,5.945454545454545,5.026823171685238,12,257.0,0.27731392996010606,10,238.0,0.2750214183383486,22,495.0
2170.0,21,390.0,7.090909090909091,5.605850192073387,13,285.0,0.24236993569890558,8,226.0,0.44316244763053353,21,511.0
2175.0,19,315.0,5.625,5.1195509737210045,11,260.0,0.3203299536508463,8,162.0,0.3370990335227276,19,422.0
2180.0,18,209.0,3.603448275862069,5.903926599352435,10,240.0,0.28469946667880985,8,108.0,0.41248432867409046,18,348.0
2185.0,20,221.0,3.7457627118644066,5.863264108573723,12,204.0,0.28537661595102026,8,123.0,0.3949437055852597,20,327.0
2190.0,26,251.0,4.254237288135593,5.207523574244049,14,222.0,0.24154471972944402,12,178.0,0.35245385833573345,26,400.0
2195.0,28,290.0,4.754098360655738,4.465378739445421,14,233.0,0.23135701990658053,14,216.0,0.2809272430565197,28,449.0
2200.0,25,312.0,5.2,4.206161613657765,13,245.0,0.22964191704489728,12,236.0,0.3177270695325387,25,481.0
2205.0,27,361.0,6.11864406779661,4.771101230573063,11,204.0,0.2925770019489997,16,288.0,0.3046395821176749,27,492.0
2210.0,26,306.0,4.935483870967742,4.322601212168702,13,229.0,0.3282367763498932,13,283.0,0.1815142616697664,26,512.0
2215.0,32,381.0,6.145161290322581,4.501506013332237,17,265.0,0.321677942617865,15,277.0,0.19787868569755585,32,542.0
2220.0,32,429.0,6.919354838709677,3.981430469706348,17,319.0,0.258219363226702,15,285.0,0.18695556505581945,32,604.0
2225.0,31,435.0,7.25,4.214412441215026,16,355.0,0.25302756099136725,15,290.0,0.20072520783582287,31,645.0
2230.0,33,417.0,6.619047619047619,3.557541995356224,17,377.0,0.2274153700408219,16,306.0,0.1587895816348422,33,683.0
2235.0,22,359.0,5.523076923076923,4.760088040011855,11,364.0,0.20678201742181984,11,279.0,0.29473331913110073,22,643.0
2240.0,21,387.0,5.953846153846154,5.333444292000634,11,382.0,0.23408720987424314,10,289.0,0.3318747030936918,21,671.0
2245.0,27,430.0,6.323529411764706,5.675733899274428,15,399.0,0.22074557124381572,12,280.0,0.3629159430035709,27,679.0
2250.0,30,507.0,7.567164179104478,4.420441946988007,16,440.0,0.21321200984844438,14,289.0,0.3202178505245657,30,729.0
2255.0,32,621.0,9.553846153846154,4.4891966871429885,13,447.0,0.2900559972091316,19,354.0,0.2665286294192692,32,801.0
2260.0,34,569.0,8.753846153846155,4.0660816448966575,14,452.0,0.3085215470814995,20,353.0,0.17251395570775738,34,805.0
2265.0,35,629.0,9.25,3.805259819417381,16,467.0,0.2314989367423684,19,362.0,0.11159683627356562,35,829.0
2270.0,38,707.0,10.246376811594203,3.624310086485415,20,525.0,0.2379081112397071,18,383.0,0.14542651185349964,38,908.0
2275.0,31,645.0,9.084507042253522,4.512244140250736,18,567.0,0.20662856656480166,13,330.0,0.27047663563564683,31,897.0
2280.0,26,691.0,9.732394366197184,5.331371331667268,14,570.0,0.2516114632965795,12,315.0,0.318053454824723,26,885.0
2285.0,24,472.0,6.465753424657534,5.689058002048394,12,432.0,0.1803799773540343,12,322.0,0.3385722055833384,24,754.0
2290.0,28,530.0,7.361111111111111,5.847436423942822,18,332.0,0.16769345202855795,10,323.0,0.3305050749140786,28,655.0
2295.0,27,605.0,8.642857142857142,6.05954468032889,17,381.0,0.22557949108027836,10,328.0,0.30543880147781194,27,709.0
2300.0,26,598.0,9.2,6.166647002740659,13,399.0,0.2333830220777712,13,309.0,0.2877126708474094,26,708.0
2305.0,27,468.0,7.428571428571429,4.96053038510875,14,345.0,0.2237122184839807,13,270.0,0.20243743130705424,27,615.0
2310.0,34,427.0,6.46969696969697,4.553504379349454,17,310.0,0.261749926635858,17,297.0,0.21722576187583284,34,607.0
2315.0,28,363.0,5.671875,5.004954546007731,14,324.0,0.362077137993507,14,282.0,0.31530715982721985,28,606.0
2320.0,26,330.0,4.925373134328358,4.969553928679512,13,288.0,0.38735911298176207,13,299.0,0.2602714927606197,26,587.0
2325.0,30,347.0,5.028985507246377,5.0739556975593185,17,310.0,0.31217463826206926,13,288.0,0.2756540915314063,30,598.0
2330.0,26,407.0,5.814285714285714,5.580881669616314,13,302.0,0.251582399578037,13,335.0,0.29386376181280005,26,637.0
2335.0,25,404.0,5.690140845070423,5.430722339122895,14,324.0,0.1864178269406077,11,323.0,0.2826578742456448,25,647.0
2340.0,30,494.0,6.957746478873239,5.4467632020757275,19,398.0,0.19933923143873034,11,305.0,0.30302869824028883,30,703.0
2345.0,31,527.0,8.107692307692307,4.704942041934143,18,457.0,0.2094249511745118,13,261.0,0.2827616508121585,31,718.0
2350.0,31,640.0,10.158730158730158,5.464012795192087,17,481.0,0.31013628940162313,14,289.0,0.22269805596337786,31,770.0
2355.0,25,504.0,7.875,4.6628673850974245,13,427.0,0.2940958071669865,12,319.0,0.15221969750979986,25,746.0
2360.0,26,478.0,7.966666666666667,5.6784791923156455,14,322.0,0.29881617835291635,12,342.0,0.35126779491031684,26,664.0
2365.0,28,402.0,6.483870967741935,4.533435110138676,18,311.0,0.22531370921512828,10,305.0,0.3623276814884732,28,616.0
2370.0,25,290.0,4.202898550724638,5.524863108177753,20,323.0,0.24290150035700875,5,228.0,0.5035531282807818,25,551.0
2375.0,28,395.0,5.337837837837838,5.581783561454489,19,348.0,0.33034942834920766,9,197.0,0.4375912355273852,28,545.0
2380.0,29,496.0,6.613333333333333,5.489573502071028,19,421.0,0.32371813848716274,10,212.0,0.3776406234658463,29,633.0
2385.0,32,525.0,7.291666666666667,4.778354007966568,21,444.0,0.19839260917277998,11,244.0,0.35167287021360844,32,688.0
2390.0,38,444.0,6.434782608695652,3.451897544793348,25,483.0,0.09753332726871494,13,208.0,0.23001292916386698,38,691.0
2395.0,32,396.0,6.0,4.0138593303173735,19,513.0,0.13877605681108346,13,223.0,0.23885291469460168,32,736.0
2400.0,27,306.0,4.935483870967742,3.4612018497111006,14,464.0,0.18787523067036346,13,227.0,0.08705248075852755,27,691.0
2405.0,28,321.0,5.095238095238095,4.487537277659004,15,455.0,0.21491928732544802,13,252.0,0.19522560264887012,28,707.0
2410.0,31,340.0,5.396825396825397,4.3442608201063715,19,481.0,0.18282470320252175,12,245.0,0.3054001539155563,31,726.0
2415.0,32,397.0,6.403225806451613,4.1464404376635455,23,535.0,0.13804867146030805,9,202.0,0.40338758455605245,32,737.0
2420.0,29,362.0,5.934426229508197,4.393606683482201,21,550.0,0.18530407612098787,8,195.0,0.4322825021370612,29,745.0
2425.0,24,290.0,4.53125,4.659851946284149,17,565.0,0.19297300676749612,7,144.0,0.3624538483536919,24,709.0
2430.0,33,398.0,5.852941176470588,4.2684968338540745,23,586.0,0.11860506351868207,10,158.0,0.32837291515759764,33,744.0
2435.0,36,469.0,6.897058823529412,4.105764864106798,20,611.0,0.18399295445503647,16,226.0,0.27424971086543537,36,837.0
2440.0,30,416.0,6.028985507246377,4.306475479482742,15,542.0,0.22728150011518786,15,289.0,0.23886531741779896,30,831.0
2445.0,23,426.0,6.264705882352941,5.194156298576405,11,501.0,0.2844811016506208,12,320.0,0.20664509165000125,23,821.0
2450.0,19,319.0,4.6231884057971016,5.814335018557728,8,438.0,0.3051184648841944,11,283.0,0.21372933511529513,19,721.0
2455.0,22,283.0,4.161764705882353,6.168272223891968,9,380.0,0.28387342603626026,13,250.0,0.2782111878713112,22,630.0
2460.0,26,261.0,4.078125,5.25775111905395,12,367.0,0.250407985851338,14,247.0,0.3230751151569925,26,614.0
2465.0,29,295.0,4.682539682539683,5.12036521483197,16,432.0,0.23091970897153724,13,241.0,0.3565252052755849,29,673.0
2470.0,27,302.0,4.7936507936507935,4.284467583030555,15,450.0,0.30691373490576296,12,260.0,0.2541001997982561,27,710.0
2475.0,18,234.0,3.65625,5.400802238417251,9,383.0,0.35550915976187586,9,244.0,0.27139422732052515,18,627.0
2480.0,21,241.0,3.765625,5.466297322490179,10,366.0,0.2865607413256154,11,236.0,0.2892815896524321,21,602.0
2485.0,21,247.0,3.859375,6.01284332594841,11,366.0,0.2720946990609203,10,230.0,0.3418711483897393,21,596.0
2490.0,27,330.0,5.32258064516129,5.329390660668323,14,356.0,0.211009185259349,13,252.0,0.3410934705424051,27,608.0
2495.0,27,349.0,5.629032258064516,5.456670694751106,16,354.0,0.2234410496160367,11,288.0,0.34966098401245066,27,642.0
2500.0,23,384.0,6.295081967213115,5.024763046380294,13,351.0,0.15549006966895626,10,318.0,0.3679609688998372,23,669.0
2505.0,17,278.0,4.633333333333334,4.72058893015054,8,286.0,0.22563290922884532,9,278.0,0.25174302994511305,17,564.0
2510.0,24,323.0,5.383333333333334,5.065778138470739,7,289.0,0.3223307613254141,17,346.0,0.146043078860581,24,635.0
2515.0,30,336.0,5.419354838709677,4.933128413460603,14,311.0,0.28865412069934687,16,323.0,0.2119280179458004,30,634.0
2520.0,24,333.0,5.741379310344827,5.241149937851932,10,324.0,0.29964269583720204,14,277.0,0.2811985841143114,24,601.0
2525.0,24,336.0,5.894736842105263,4.857594479407089,11,297.0,0.3520410620863328,13,299.0,0.16977888021206028,24,596.0
2530.0,19,328.0,5.466666666666667,5.767660086706474,11,327.0,0.3251856185886714,8,264.0,0.16349802765267502,19,591.0
2535.0,20,332.0,5.627118644067797,6.127334446390009,11,320.0,0.32879264652959145,9,249.0,0.19675073838326868,20,569.0
2540.0,27,414.0,6.9,5.729877729404614,12,352.0,0.3140230230865759,15,254.0,0.18300788219465353,27,606.0
2545.0,23,379.0,6.767857142857143,5.29510293293634,13,260.0,0.280009210547479,10,268.0,0.35199109388529887,23,528.0
2550.0,22,387.0,7.166666666666667,5.545217199805596,12,189.0,0.28151001234508366,10,250.0,0.40021615903264424,22,439.0
2555.0,21,317.0,5.87037037037037,5.211405558183894,16,244.0,0.2545204269923001,5,181.0,0.3952901318281403,21,425.0
2560.0,24,345.0,6.052631578947368,5.4603011347802495,16,323.0,0.28010859899994406,8,101.0,0.38860315173434296,24,424.0
2565.0,22,328.0,5.559322033898305,4.9002080285224245,15,322.0,0.31447581642155836,7,113.0,0.3320160200469011,22,435.0
2570.0,20,326.0,5.52542372881356,6.3695853698077896,13,290.0,0.38646827373505954,7,109.0,0.42680473831465515,20,399.0
2575.0,21,288.0,4.8,5.465127231211242,13,281.0,0.14159795213485699,8,130.0,0.5107675184298351,21,411.0
2580.0,22,230.0,3.7704918032786887,6.133884844714346,14,233.0,0.18787230999625937,8,115.0,0.46042468678411425,22,348.0
2585.0,22,276.0,4.6,4.736925195990163,14,272.0,0.17351803946539582,8,121.0,0.2570079496178855,22,393.0
2590.0,28,364.0,5.777777777777778,5.215736162319582,15,316.0,0.27489849883887707,13,164.0,0.21819828615518927,28,480.0
2595.0,25,374.0,6.338983050847458,5.2267460332806435,16,339.0,0.30631839080019174,9,186.0,0.3072910443896957,25,525.0
2600.0,18,288.0,5.142857142857143,5.7549226034076275,11,308.0,0.35928881146922975,7,183.0,0.3574279649865975,18,491.0
2605.0,22,320.0,5.925925925925926,4.919107755782817,12,303.0,0.20232669804228862,10,205.0,0.3933149987265021,22,508.0
2610.0,22,365.0,6.886792452830188,4.587963828595148,13,294.0,0.2115893557407405,9,237.0,0.3479338808306054,22,531.0
2615.0,24,354.0,6.2105263157894735,4.598900715242417,13,291.0,0.23125702544572155,11,250.0,0.2184709906723861,24,541.0
2620.0,21,355.0,6.120689655172414,5.962190440535547,13,251.0,0.286570427568864,8,290.0,0.3549402801035646,21,541.0
2625.0,23,367.0,6.553571428571429,5.884162687718992,15,284.0,0.23971416199916187,8,302.0,0.4482842656017614,23,586.0
2630.0,22,431.0,7.981481481481482,5.87904921146407,13,303.0,0.24305223196527292,9,309.0,0.398170291577328,22,612.0
2635.0,20,261.0,5.019230769230769,4.2993647787124205,14,314.0,0.18668117306153031,6,176.0,0.2790202873331373,20,490.0
2640.0,25,316.0,5.642857142857143,5.50437231732887,17,393.0,0.23987633304049252,8,87.0,0.35720698603773066,25,480.0
2645.0,24,356.0,6.033898305084746,5.837659558337987,18,443.0,0.23714711102246358,6,77.0,0.46507080578540605,24,520.0
2650.0,22,463.0,7.982758620689655,6.384081894973652,15,503.0,0.3170509961013738,7,104.0,0.3989821681391068,22,607.0
2655.0,24,431.0,7.836363636363636,4.761725742154709,16,476.0,0.2389773398490546,8,125.0,0.27495818644752745,24,601.0
2660.0,25,376.0,6.372881355932203,5.775825096664043,14,410.0,0.3260004524253497,11,162.0,0.333032825855335,25,572.0
2665.0,18,243.0,4.189655172413793,4.892988488187524,10,364.0,0.30668715665529744,8,165.0,0.3258618899413108,18,529.0
2670.0,22,228.0,3.9310344827586206,5.396071942066558,12,265.0,0.3268834055201134,10,185.0,0.4133769317491269,22,450.0
2675.0,27,239.0,3.918032786885246,4.728201396158637,19,337.0,0.24089857849937063,8,147.0,0.40057510439969335,27,484.0
2680.0,29,308.0,4.888888888888889,5.2315786867065075,22,444.0,0.26888590894649017,7,99.0,0.42885508479478157,29,543.0
2685.0,31,380.0,5.588235294117647,4.147886804618441,22,472.0,0.2119323189341696,9,117.0,0.33572777380420593,31,589.0
2690.0,34,464.0,6.823529411764706,4.26906622152495,20,477.0,0.16216095109187903,14,182.0,0.34662594345315983,34,659.0
2695.0,33,475.0,6.884057971014493,3.8119081522988005,18,492.0,0.15259804337861468,15,223.0,0.28300387032859764,33,715.0
2700.0,29,543.0,7.438356164383562,4.598420750607384,19,522.0,0.19099209354531832,10,232.0,0.30430352296275043,29,754.0
2705.0,32,421.0,5.6891891891891895,4.370578955359747,19,530.0,0.19695443972018623,13,222.0,0.28798162580674286,32,752.0
2710.0,32,306.0,3.923076923076923,5.390928738775731,14,435.0,0.29674788116196554,18,242.0,0.28330895149755964,32,677.0
2715.0,28,366.0,4.753246753246753,5.790284559393384,13,382.0,0.3529712307197906,15,281.0,0.2684407434698963,28,663.0
2720.0,24,391.0,5.585714285714285,5.706965058108844,14,377.0,0.30948499173939287,10,290.0,0.292116029117721,24,667.0
2725.0,26,464.0,7.25,4.740613205813151,15,432.0,0.19433074524500626,11,312.0,0.3183559350056262,26,744.0
2730.0,34,521.0,8.140625,3.6755173193521586,16,432.0,0.14899890467546567,18,361.0,0.22590471737751164,34,793.0
2735.0,32,365.0,5.703125,3.790070872386937,15,388.0,0.19582884885531657,17,336.0,0.24075382320465294,32,724.0
2740.0,30,324.0,4.984615384615385,4.637244669475207,13,399.0,0.253400302070548,17,260.0,0.2932523242034406,30,659.0
2745.0,35,416.0,6.208955223880597,3.849533058500938,18,461.0,0.21945774967287504,17,295.0,0.15781215988857983,35,756.0
2750.0,30,380.0,5.588235294117647,3.9837476785538577,18,477.0,0.15936386538047603,12,282.0,0.1965440061833157,30,759.0
2755.0,23,246.0,3.5652173913043477,4.5124524116291544,12,415.0,0.21863972132333942,11,282.0,0.23901605099126685,23,697.0
2760.0,25,256.0,3.6056338028169015,4.986736907190308,10,357.0,0.32205525037271515,15,281.0,0.2051393653679587,25,638.0
2765.0,30,285.0,3.8513513513513513,5.0141741709865695,10,282.0,0.3526384741920672,20,350.0,0.25438824354781586,30,632.0
2770.0,37,414.0,5.376623376623376,4.371199648936871,13,327.0,0.3229283985073581,24,452.0,0.24958036871039946,37,779.0
2775.0,42,496.0,6.2784810126582276,3.7185380801414545,19,412.0,0.27434925761314216,23,483.0,0.2361389403533545,42,895.0
2780.0,45,602.0,7.341463414634147,4.068879941464061,23,456.0,0.2627440601903179,22,493.0,0.27969527791913373,45,949.0
2785.0,40,578.0,7.048780487804878,3.8932279185176686,18,455.0,0.3126491941878211,22,519.0,0.13081588069517855,40,974.0
2790.0,36,522.0,6.141176470588236,4.333301881335721,17,485.0,0.22907486371663158,19,479.0,0.1792710374702991,36,964.0
2795.0,35,440.0,5.057471264367816,4.372618496528304,22,485.0,0.15820073664421055,13,430.0,0.2468836886771732,35,915.0
2800.0,39,539.0,6.125,4.537640597675353,26,526.0,0.1630238839098619,13,457.0,0.28872739720274526,39,983.0
2805.0,43,695.0,7.8977272727272725,4.5668926298772,25,621.0,0.1868750513021672,18,490.0,0.2910078037708377,43,1111.0
2810.0,39,666.0,7.655172413793103,4.448637125073193,19,658.0,0.2409771095784464,20,477.0,0.23692083468922415,39,1135.0
2815.0,40,694.0,7.797752808988764,4.731282733139768,18,675.0,0.29629179450103543,22,442.0,0.1995696750885017,40,1117.0
2820.0,43,756.0,8.49438202247191,4.464446307541759,19,704.0,0.27611051968597256,24,467.0,0.1577759626970141,43,1171.0
2825.0,40,771.0,9.070588235294117,4.257422373851392,24,790.0,0.16756322693316203,16,410.0,0.22938184099601341,40,1200.0
2830.0,35,846.0,10.317073170731707,4.431172269087157,24,858.0,0.15097732401514163,11,356.0,0.23345718634088689,35,1214.0
2835.0,36,729.0,9.1125,4.152648752633872,22,811.0,0.10977862210564723,14,309.0,0.24144043664422432,36,1120.0
2840.0,35,530.0,6.708860759493671,4.239669106407343,21,702.0,0.17118780845995232,14,363.0,0.2310518712832369,35,1065.0
2845.0,33,387.0,4.89873417721519,4.007861458490936,16,738.0,0.2044027448951323,17,400.0,0.2282182969314258,33,1138.0
2850.0,27,413.0,5.657534246575342,4.67806919490068,13,721.0,0.2438137502404265,14,385.0,0.2702318914650934,27,1106.0
2855.0,35,515.0,7.054794520547945,3.680165697197273,18,712.0,0.08168754383236579,17,428.0,0.2304274756003003,35,1140.0
2860.0,37,615.0,7.987012987012987,3.6240642454326055,19,647.0,0.12598089146436514,18,468.0,0.1835625882553576,37,1115.0
2865.0,35,667.0,9.26388888888889,3.8892857064754103,14,673.0,0.21587931164430288,21,540.0,0.2592187094347202,35,1213.0
2870.0,34,621.0,8.625,3.783929003829206,14,633.0,0.2613211766390988,20,542.0,0.22487518862802852,34,1175.0
2875.0,44,802.0,10.415584415584416,3.2990108577555777,18,645.0,0.2546737177746346,26,597.0,0.132616287097909,44,1242.0
2880.0,44,784.0,9.679012345679013,3.5884745668956635,18,591.0,0.305480575966329,26,593.0,0.13969391376779286,44,1184.0
2885.0,43,864.0,10.666666666666666,3.7930394486260077,16,605.0,0.29148542312853354,27,606.0,0.19255097150913475,43,1211.0
2890.0,45,881.0,10.74390243902439,3.225087637504116,21,631.0,0.21950597592534846,24,630.0,0.18313540666442477,45,1261.0
2895.0,42,708.0,8.53012048192771,3.0140232607389104,23,684.0,0.13688762794688958,19,575.0,0.15365166157584678,42,1259.0
2900.0,35,687.0,8.378048780487806,4.145876430336583,19,712.0,0.15591306987809123,16,526.0,0.21041310386545303,35,1238.0
2905.0,33,536.0,6.617283950617284,4.481001093302893,19,638.0,0.16368208080483163,14,456.0,0.22110493855566027,33,1094.0
2910.0,36,627.0,8.038461538461538,5.199736198689858,21,533.0,0.22362360959508515,15,475.0,0.3057577879855969,36,1008.0
2915.0,38,626.0,8.694444444444445,4.370557100804307,24,551.0,0.15596749967359144,14,457.0,0.23294294565698656,38,1008.0
2920.0,38,551.0,7.871428571428571,4.134213548675665,24,537.0,0.13144054199192587,14,426.0,0.2668225103128774,38,963.0
2925.0,35,654.0,9.478260869565217,3.6725661019392737,20,579.0,0.16605329806112415,15,422.0,0.2549774320323678,35,1001.0
2930.0,32,545.0,8.134328358208956,3.6995812031766944,15,552.0,0.17417337995726362,17,419.0,0.22568871803678298,32,971.0
2935.0,36,627.0,9.35820895522388,3.6901306048905558,16,535.0,0.21933557649116592,20,395.0,0.15619458189636423,36,930.0
2940.0,35,718.0,10.405797101449275,4.1026882196000996,18,608.0,0.11638493381562223,17,428.0,0.25932670653671847,35,1036.0
2945.0,29,603.0,9.421875,4.609306714794854,20,611.0,0.1120738866698622,9,383.0,0.3278262248555472,29,994.0
2950.0,24,368.0,5.661538461538462,3.9731182678406554,17,635.0,0.08520511416581791,7,350.0,0.23707954833376244,24,985.0
2955.0,29,320.0,4.848484848484849,3.651219152980174,17,657.0,0.15084766842604638,12,276.0,0.18786481613314568,29,933.0
2960.0,31,295.0,4.758064516129032,3.5251936856814465,16,628.0,0.23263159499048833,15,301.0,0.24822211064623292,31,929.0
2965.0,38,373.0,5.651515151515151,3.492013334211067,16,646.0,0.22377028007475078,22,378.0,0.24636764562585467,38,1024.0
2970.0,33,320.0,4.507042253521127,3.8293417230029285,14,613.0,0.24583446664864475,19,393.0,0.19363517023090648,33,1006.0
2975.0,28,246.0,3.3698630136986303,4.960848847693904,14,596.0,0.30441039828283717,14,333.0,0.22661482794162946,28,929.0
2980.0,24,189.0,2.554054054054054,5.055996893149543,13,521.0,0.21268231176354108,11,302.0,0.287618943103454,24,823.0
2985.0,27,226.0,3.054054054054054,5.009733454634225,16,525.0,0.23375561683809432,11,282.0,0.35066725463247667,27,807.0
2990.0,37,323.0,4.549295774647887,3.8407289943453864,22,530.0,0.2261997920107004,15,336.0,0.2546161757285504,37,866.0
2995.0,44,441.0,6.125,3.02452764076492,21,561.0,0.19447368297590345,23,410.0,0.22510223084800224,44,971.0
3000.0,36,427.0,5.77027027027027,3.011055622079597,13,523.0,0.21622907035897462,23,451.0,0.12500906560534902,36,974.0
3005.0,29,432.0,5.76,4.266346031989486,11,493.0,0.26377320448073105,18,431.0,0.1684011736503111,29,924.0
3010.0,29,354.0,4.657894736842105,4.806675173062022,14,461.0,0.23175102421340438,15,378.0,0.2507722212760947,29,839.0
3015.0,32,359.0,4.917808219178082,4.272234707067027,16,463.0,0.16604046336464892,16,359.0,0.2444014413372545,32,822.0
3020.0,42,447.0,6.123287671232877,3.1296547680895994,20,513.0,0.19372592223859464,22,396.0,0.1649695486951041,42,909.0
3025.0,35,451.0,6.263888888888889,3.62082111229482,15,527.0,0.20684288720235192,20,435.0,0.1881172378892269,35,962.0
3030.0,31,403.0,5.445945945945946,3.8718456175061933,13,513.0,0.24134034992150888,18,449.0,0.17629576527000318,31,962.0
3035.0,32,380.0,5.0,4.280436396994433,20,515.0,0.17198355792310502,12,396.0,0.2095564915029883,32,911.0
3040.0,35,497.0,6.626666666666667,4.622105125578123,20,573.0,0.14454654048636878,15,370.0,0.305817660686929,35,943.0
3045.0,27,495.0,6.6,5.135223243500482,12,579.0,0.19115833605505878,15,387.0,0.2476448495882444,27,966.0
3050.0,29,431.0,5.904109589041096,4.46861087235544,11,498.0,0.20477846356976345,18,430.0,0.18450892895916088,29,928.0
3055.0,34,521.0,7.338028169014085,4.665110298808819,15,446.0,0.23227567442884506,19,474.0,0.2245071400055807,34,920.0
3060.0,32,528.0,7.764705882352941,4.347591293803504,18,404.0,0.21064722185498222,14,468.0,0.2203040371670918,32,872.0
3065.0,30,496.0,7.402985074626866,4.2088364010697745,16,325.0,0.22479754453897552,14,457.0,0.18041762477219753,30,782.0
3070.0,28,399.0,5.867647058823529,4.503990667956759,13,338.0,0.24679513203394715,15,408.0,0.23519273453837994,28,746.0
3075.0,22,315.0,4.701492537313433,5.023188123739558,8,275.0,0.2783518808827419,14,444.0,0.2705038002203676,22,719.0
3080.0,21,315.0,4.846153846153846,5.665633871492136,10,218.0,0.31849881442676053,11,445.0,0.28330989729348677,21,663.0
3085.0,26,355.0,5.461538461538462,5.203542380274838,14,275.0,0.27162287237585153,12,451.0,0.2183397913831332,26,726.0
3090.0,32,477.0,7.338461538461538,5.005990611229709,13,294.0,0.22095369502798623,19,500.0,0.24387111274178128,32,794.0
3095.0,27,552.0,9.049180327868852,4.813467628542636,11,268.0,0.2235881997051367,16,518.0,0.2456092623215298,27,786.0
3100.0,26,558.0,9.620689655172415,5.124695454301224,10,273.0,0.3402959131941484,16,487.0,0.2386523991422951,26,760.0
3105.0,25,431.0,7.836363636363636,4.3145573387673934,10,292.0,0.26863542047087485,15,386.0,0.21118401700174963,25,678.0
3110.0,31,440.0,8.0,3.346881894255873,14,284.0,0.1627803428789791,17,386.0,0.19243074334897037,31,670.0
3115.0,29,326.0,5.620689655172414,3.5183129034506555,14,266.0,0.22648773422250434,15,401.0,0.1940606932002331,29,667.0
3120.0,22,255.0,4.322033898305085,4.493112991348089,10,277.0,0.2492873286636289,12,339.0,0.264530807252833,22,616.0
3125.0,20,235.0,3.983050847457627,5.007519940048859,7,250.0,0.22304754914922545,13,299.0,0.28534394676837005,20,549.0
3130.0,23,253.0,4.288135593220339,5.135017769324574,8,260.0,0.24483549086967132,15,295.0,0.25136834541239506,23,555.0
3135.0,28,255.0,4.180327868852459,4.65846512889586,14,312.0,0.19709085687688846,14,303.0,0.2806673493353501,28,615.0
3140.0,28,346.0,5.864406779661017,4.874610602984011,13,329.0,0.2761691851263794,15,311.0,0.28091826525560276,28,640.0
3145.0,28,361.0,5.82258064516129,4.867306752007007,12,274.0,0.35152047318773305,16,332.0,0.25585236500564085,28,606.0
3150.0,24,337.0,5.524590163934426,5.0011316632039655,11,274.0,0.2975921452355436,13,306.0,0.2833653708596707,24,580.0
3155.0,23,328.0,5.046153846153846,4.698103490193404,7,217.0,0.28842436755473005,16,340.0,0.22825257973358593,23,557.0
3160.0,25,369.0,5.507462686567164,5.4006916858209975,7,219.0,0.30304836710520916,18,358.0,0.21788939692223191,25,577.0
3165.0,31,410.0,6.3076923076923075,4.910142915103828,11,236.0,0.3375863805343981,20,389.0,0.18059904351514136,31,625.0
3170.0,31,356.0,5.476923076923077,4.344404612931938,10,208.0,0.3565811923780154,21,395.0,0.18846114975075887,31,603.0
3175.0,32,440.0,6.875,4.2479789950166875,13,201.0,0.34226241750480774,19,432.0,0.2107130361406899,32,633.0
3180.0,31,463.0,7.123076923076923,4.499803755413887,12,200.0,0.3154427100257413,19,428.0,0.22712515866452596,31,628.0
3185.0,26,483.0,7.318181818181818,5.286428100406284,6,158.0,0.2691714420204018,20,489.0,0.2413511745122379,26,647.0
3190.0,26,433.0,6.462686567164179,5.09216399340691,8,192.0,0.1930983545676559,18,495.0,0.2243260116464842,26,687.0
3195.0,31,396.0,6.092307692307692,5.250003653733879,16,264.0,0.15560126596958732,15,405.0,0.2618313098368739,31,669.0
3200.0,32,452.0,7.661016949152542,4.304090716984511,14,288.0,0.2163338255923878,18,434.0,0.21907405459852033,32,722.0
3205.0,27,460.0,7.540983606557377,4.238096363367503,9,261.0,0.27527389158800497,18,437.0,0.11850918186553895,27,698.0
3210.0,24,363.0,5.671875,4.420079340493027,7,212.0,0.33385900752911774,17,463.0,0.14234514028476764,24,675.0
3215.0,28,306.0,4.567164179104478,5.428872646736491,13,177.0,0.3057151307116366,15,466.0,0.29830233971000913,28,643.0
3220.0,24,282.0,4.147058823529412,5.0839381413236975,12,198.0,0.31932493187459954,12,473.0,0.3027275237568837,24,671.0
3225.0,18,293.0,4.373134328358209,5.85166641790055,6,183.0,0.4097500623223192,12,450.0,0.2510243377395187,18,633.0
3230.0,21,254.0,3.9076923076923076,5.252276713254933,7,186.0,0.39530938971721497,14,398.0,0.14645247573808473,21,584.0
3235.0,33,340.0,5.0,4.93165708453079,14,213.0,0.31495041896137366,19,363.0,0.18708034441166194,33,576.0
3240.0,32,420.0,6.5625,4.197969006980906,16,269.0,0.2788767502348416,16,388.0,0.24660727080723951,32,657.0
3245.0,30,483.0,7.318181818181818,4.487328186173262,15,300.0,0.28714677407267275,15,389.0,0.24480164133689597,30,689.0
3250.0,28,405.0,5.785714285714286,4.561861482060195,12,287.0,0.30781801753957616,16,429.0,0.21089142647217582,28,716.0
3255.0,31,460.0,6.571428571428571,4.95727030837947,16,255.0,0.22476371719635002,15,446.0,0.32917823729700624,31,701.0
3260.0,32,421.0,6.101449275362318,4.154145869430549,19,283.0,0.09354661247609916,13,416.0,0.34682732549829526,32,699.0
3265.0,38,379.0,5.492753623188406,4.665684817354786,26,348.0,0.1209170377425343,12,331.0,0.3823082017447419,38,679.0
3270.0,34,406.0,5.884057971014493,3.416914087570784,22,412.0,0.19156274907234286,12,341.0,0.2139269979185533,34,753.0
3275.0,32,366.0,5.304347826086956,4.050771285576467,16,411.0,0.23142286096867248,16,372.0,0.19804534229365287,32,783.0
3280.0,29,378.0,5.323943661971831,3.976386268402696,14,428.0,0.2743624539405991,15,412.0,0.14502196795777877,29,840.0
3285.0,35,450.0,6.25,4.476674434871048,21,428.0,0.22180135654287061,14,430.0,0.26640885340601994,35,858.0
3290.0,35,537.0,7.897058823529412,4.389970827831771,22,492.0,0.19020697378934442,13,393.0,0.35321957242492796,35,885.0
3295.0,37,647.0,9.803030303030303,4.325057555246658,24,589.0,0.18851440983329465,13,330.0,0.3507845947411745,37,919.0
3300.0,35,724.0,10.342857142857143,3.37280785980328,21,633.0,0.19556779958401843,14,370.0,0.19992888508139223,35,1003.0
3305.0,28,706.0,10.537313432835822,3.8852249098158396,16,595.0,0.16800830509861928,12,403.0,0.21963395508328637,28,998.0
3310.0,31,840.0,13.548387096774194,5.036399893333356,17,594.0,0.22618181828605916,14,463.0,0.2811183914883216,31,1057.0
3315.0,22,578.0,9.796610169491526,5.124596374610902,13,504.0,0.17663607269135198,9,421.0,0.2634112310183638,22,925.0
3320.0,26,393.0,6.55,4.763056938661289,15,424.0,0.12232933376537235,11,354.0,0.2691936341947632,26,778.0
3325.0,24,380.0,6.333333333333333,5.301540554151753,14,441.0,0.2371848829851392,10,326.0,0.3758488964747076,24,767.0
3330.0,22,392.0,6.222222222222222,6.339348051571952,15,458.0,0.26210175648597195,7,288.0,0.5388563953971578,22,746.0
3335.0,25,471.0,7.359375,5.091192327871715,16,466.0,0.2519607114465713,9,308.0,0.4313592549185384,25,774.0
3340.0,32,597.0,9.629032258064516,4.65161506272498,16,421.0,0.3099839741201831,16,379.0,0.31832266146083515,32,800.0
3345.0,37,533.0,8.328125,2.675558611414863,16,421.0,0.22894606072498222,21,392.0,0.13865981118453793,37,813.0
3350.0,32,416.0,6.5,3.0491109208230918,12,362.0,0.2209242155973576,20,338.0,0.1384212465159738,32,700.0
3355.0,32,472.0,7.375,3.4340369883550226,12,339.0,0.31077751287782895,20,396.0,0.12447180749643233,32,735.0
3360.0,32,514.0,7.6716417910447765,4.448473900269024,13,355.0,0.3425982070626303,19,395.0,0.20283128764594857,32,750.0
3365.0,34,518.0,7.617647058823529,4.115168385185012,16,379.0,0.29039251319887766,18,411.0,0.23997167665810307,34,790.0
3370.0,29,438.0,6.4411764705882355,4.696263769604141,17,404.0,0.25582098797050573,12,382.0,0.25244892995740453,29,786.0
3375.0,29,508.0,7.582089552238806,4.614462631891421,17,440.0,0.11690941383786217,12,353.0,0.34977724409527505,29,793.0
3380.0,29,579.0,8.154929577464788,5.514111616278484,16,444.0,0.13167669451083924,13,347.0,0.3136049402955054,29,791.0
3385.0,28,457.0,6.82089552238806,5.596459613042228,14,343.0,0.15549662014151777,14,412.0,0.29666359283336985,28,755.0
3390.0,25,407.0,6.359375,5.987283147711442,14,278.0,0.2694114798931368,11,404.0,0.3466624280912161,25,682.0
3395.0,27,452.0,7.174603174603175,5.30562738633297,13,303.0,0.319469436786494,14,378.0,0.23001233725705703,27,681.0
3400.0,28,462.0,7.573770491803279,5.196938136629006,15,315.0,0.3531918135919446,13,340.0,0.3060997793610888,28,655.0
3405.0,22,391.0,6.306451612903226,5.795080644623561,13,327.0,0.4229506789474485,9,281.0,0.35221959671089126,22,608.0
3410.0,20,298.0,4.806451612903226,5.187901811979893,11,281.0,0.32630746672033484,9,227.0,0.32474694644471164,20,508.0
3415.0,26,306.0,4.935483870967742,4.714284767299284,13,296.0,0.26460076306800034,13,183.0,0.23866061108981618,26,479.0
3420.0,27,325.0,4.924242424242424,5.207471709128664,13,300.0,0.3019828405336067,14,216.0,0.2548682334900861,27,516.0
3425.0,26,370.0,5.606060606060606,5.552776342059473,16,347.0,0.25899682356429754,10,202.0,0.3428115818903486,26,549.0
3430.0,25,432.0,6.75,5.5012637756054374,13,391.0,0.21927971612810304,12,197.0,0.3414095648651131,25,588.0
3435.0,30,361.0,5.3088235294117645,4.549411225516401,16,365.0,0.12549709822456348,14,180.0,0.2612457440940305,30,545.0
3440.0,28,356.0,5.5625,4.647225466942528,16,304.0,0.23534969841396847,12,210.0,0.2761179965788057,28,514.0
3445.0,31,408.0,6.276923076923077,4.895594751028214,15,335.0,0.29797862592672775,16,241.0,0.3171974601320322,31,576.0
3450.0,28,459.0,7.061538461538461,4.493886932864581,16,366.0,0.19385720180199653,12,261.0,0.35361040240131564,28,627.0
3455.0,31,441.0,6.890625,4.969062942825101,19,358.0,0.11012916013230133,12,248.0,0.43852220726630525,31,606.0
3460.0,31,441.0,6.681818181818182,4.335028367417345,18,363.0,0.12559837512202668,13,258.0,0.2765356785049869,31,621.0
3465.0,33,436.0,6.411764705882353,3.9429153440624134,17,385.0,0.15782180358177292,16,294.0,0.2190716994971077,33,679.0
3470.0,28,427.0,6.279411764705882,4.685427115189415,11,339.0,0.2552150363356116,17,352.0,0.22206622654646618,28,691.0
3475.0,24,443.0,6.712121212121212,5.67918224275386,10,308.0,0.29680961518637017,14,386.0,0.27856980420929217,24,694.0
3480.0,26,378.0,5.5588235294117645,4.928079586648619,11,292.0,0.2523215214232574,15,400.0,0.22639592840512207,26,692.0
3485.0,29,419.0,6.348484848484849,4.395662074698937,13,294.0,0.18769121374203726,16,392.0,0.296629227177743,29,686.0
3490.0,32,337.0,4.746478873239437,4.837555693398383,16,302.0,0.25036539035593663,16,331.0,0.28988733957477963,32,633.0
3495.0,30,369.0,5.3478260869565215,5.3592903890531085,12,314.0,0.37478266457933324,18,308.0,0.27173385954685425,30,622.0
3500.0,26,350.0,5.0,4.899690127301481,6,262.0,0.4055737610870358,20,357.0,0.15823385886802427,26,619.0
3505.0,24,366.0,5.304347826086956,5.479494527399866,8,240.0,0.41651793465276354,16,361.0,0.15338896521148707,24,601.0
3510.0,27,349.0,4.985714285714286,5.118852267305713,12,232.0,0.28210677867071615,15,362.0,0.2141982345346443,27,594.0
3515.0,30,335.0,5.0,4.580767826979886,15,212.0,0.19746326636762762,15,341.0,0.26499175748397047,30,553.0
3520.0,32,435.0,6.796875,3.1486681185923677,14,255.0,0.15559474125117917,18,389.0,0.2212372197881858,32,644.0
3525.0,27,497.0,7.6461538461538465,4.6976843260900125,11,275.0,0.32488264751724644,16,414.0,0.1915328449361307,27,689.0
3530.0,21,451.0,7.158730158730159,5.609991324360582,8,248.0,0.33993834509875775,13,395.0,0.246896978448002,21,643.0
3535.0,26,500.0,7.462686567164179,6.591206310720773,9,232.0,0.403616865739957,17,406.0,0.26637728647791875,26,638.0
3540.0,24,552.0,8.761904761904763,5.820270454192877,9,258.0,0.37698205640142735,15,423.0,0.2671132261752612,24,681.0
3545.0,24,605.0,10.254237288135593,5.385183061223554,9,282.0,0.34812708245891527,15,428.0,0.2076532570004443,24,710.0
3550.0,23,484.0,8.344827586206897,4.310221640290567,9,284.0,0.316151205646222,14,385.0,0.16362200122310908,23,669.0
3555.0,24,422.0,7.275862068965517,5.488751493190687,10,284.0,0.43032611717595604,14,313.0,0.2187906939932957,24,597.0
3560.0,22,412.0,7.357142857142857,4.787074331852717,10,306.0,0.3094121296703319,12,315.0,0.28581374515647845,22,621.0
3565.0,25,462.0,8.555555555555555,4.814120453950974,13,368.0,0.22795524168839865,12,275.0,0.30209076477531854,25,643.0
3570.0,24,480.0,9.411764705882353,4.323917556561852,14,398.0,0.2044616142329059,10,292.0,0.21075204395401387,24,690.0
3575.0,20,486.0,9.529411764705882,5.562104479984633,9,382.0,0.28881191143941215,11,297.0,0.2280947273267467,20,679.0
3580.0,20,484.0,10.083333333333334,4.50106877816651,9,392.0,0.3110016584551812,11,301.0,0.14207731738676188,20,693.0
3585.0,25,601.0,12.02,5.717927710315853,12,450.0,0.3868515631780302,13,320.0,0.1030460183854631,25,770.0
3590.0,19,319.0,6.510204081632653,5.1851591048445425,9,256.0,0.4295731285882039,10,335.0,0.11560696775918551,19,591.0
3595.0,20,344.0,7.319148936170213,5.9813087144103525,12,189.0,0.3104884206123502,8,305.0,0.3741953624593924,20,494.0
3600.0,19,252.0,5.361702127659575,5.359211822811636,13,176.0,0.09419397789202072,6,240.0,0.48064896077648517,19,416.0
3605.0,18,234.0,4.588235294117647,6.8243059956356324,13,181.0,0.24868682786456026,5,136.0,0.5461412410195211,18,317.0
3610.0,20,279.0,5.58,5.517310054394223,15,234.0,0.29864842114389695,5,134.0,0.41804804048860167,20,368.0
3615.0,20,371.0,7.2745098039215685,6.117017865001071,13,303.0,0.35711910350550696,7,161.0,0.44743812683861994,20,464.0
3620.0,22,261.0,4.833333333333333,4.865383885584333,14,292.0,0.29067481165302306,8,141.0,0.3782229257782957,22,433.0
3625.0,18,188.0,3.418181818181818,5.132081901940816,7,221.0,0.2920179449910392,11,147.0,0.3457704022912839,18,368.0
3630.0,17,153.0,2.8333333333333335,5.132743918594389,5,183.0,0.3399241318328083,12,173.0,0.2988221564401249,17,356.0
3635.0,17,186.0,3.509433962264151,5.095289976675535,8,170.0,0.15911566262264307,9,179.0,0.32732504016228525,17,349.0
3640.0,24,186.0,3.72,4.562046608354325,13,176.0,0.07047664084433841,11,152.0,0.3497439947022871,24,328.0
3645.0,24,283.0,5.66,5.450687616753536,16,238.0,0.16113711282546048,8,159.0,0.4131786704482517,24,397.0
3650.0,22,271.0,5.530612244897959,4.09893218986627,15,285.0,0.23962686936018873,7,144.0,0.2508647261878466,22,429.0
3655.0,24,296.0,5.803921568627451,5.107212066955683,15,361.0,0.293092395162899,9,96.0,0.28835262615833934,24,457.0
3660.0,25,304.0,6.08,4.406769758906227,13,350.0,0.24835383308193063,12,134.0,0.27219819270413154,25,484.0
3665.0,20,188.0,3.4814814814814814,4.85015658181811,8,244.0,0.22996584084815147,12,191.0,0.1974946929546536,20,435.0
3670.0,15,186.0,3.3214285714285716,5.855378282996741,5,169.0,0.4000048658214152,10,217.0,0.21726956622308236,15,386.0
3675.0,15,210.0,3.6842105263157894,7.169337403276344,5,127.0,0.47313585647247,10,217.0,0.2778793290202872,15,344.0
3680.0,18,206.0,3.6140350877192984,6.6243913830653005,11,161.0,0.29994379250244113,7,201.0,0.3740465071505421,18,362.0
3685.0,19,230.0,4.423076923076923,5.91553066581957,11,198.0,0.32767431512090417,8,179.0,0.3223909240897163,19,377.0
3690.0,22,220.0,4.230769230769231,5.589974917444859,14,225.0,0.33335054843485934,8,134.0,0.30184860883269116,22,359.0
3695.0,19,250.0,5.1020408163265305,5.5898373872586715,12,221.0,0.321006085143491,7,110.0,0.3971158643366935,19,331.0
3700.0,16,212.0,4.1568627450980395,5.577409351707725,9,178.0,0.2677562679237125,7,108.0,0.3841780614143953,16,286.0
3705.0,17,269.0,5.0754716981132075,5.82428759568792,10,191.0,0.2989330046751701,7,104.0,0.3310959083848487,17,295.0
3710.0,15,226.0,4.109090909090909,5.790936738387592,7,145.0,0.3420653553039288,8,133.0,0.24769171374443477,15,278.0
3715.0,21,300.0,5.357142857142857,6.562692265881712,11,153.0,0.304150352772486,10,177.0,0.3568335109434394,21,330.0
3720.0,18,248.0,5.166666666666667,5.908384554352615,11,185.0,0.206846857480231,7,143.0,0.48773413406997207,18,328.0
3725.0,18,248.0,5.391304347826087,5.708372956936471,12,208.0,0.2640461241098204,6,99.0,0.4145945475792812,18,307.0
3730.0,20,230.0,4.8936170212765955,4.6848733249590815,12,225.0,0.27486873468569095,8,110.0,0.20424801961830488,20,335.0
3735.0,22,302.0,6.163265306122449,5.764813505362862,13,246.0,0.3478974852297818,9,130.0,0.2772634199026877,22,376.0
3740.0,18,214.0,4.553191489361702,4.495973839272097,10,211.0,0.2604768384260787,8,144.0,0.3547826294984534,18,355.0
3745.0,24,275.0,5.5,5.037951695079338,14,202.0,0.22321576698476847,10,161.0,0.4318785114002598,24,363.0
3750.0,22,214.0,4.115384615384615,4.548219848711658,15,208.0,0.21555095877446454,7,161.0,0.36305175836326686,22,369.0
3755.0,21,289.0,5.0701754385964914,5.973623618126626,14,228.0,0.2746835719441122,7,141.0,0.4076704487088994,21,369.0
3760.0,18,240.0,4.444444444444445,6.032842566005691,12,246.0,0.242399151693362,6,121.0,0.489984185981731,18,367.0
3765.0,17,206.0,3.7454545454545456,6.969055286387786,10,201.0,0.29882487197792756,7,79.0,0.4727439026591189,17,280.0
3770.0,18,185.0,3.425925925925926,5.204279400957641,10,197.0,0.24491599126690883,8,76.0,0.28019779398628114,18,273.0
3775.0,20,179.0,3.2545454545454544,5.956163770985268,10,191.0,0.2977206153123465,10,119.0,0.3334509290883967,20,310.0
3780.0,19,162.0,3.0,5.0895402921686,10,174.0,0.3005391648209708,9,143.0,0.3549146264687169,19,317.0
3785.0,22,238.0,4.327272727272727,5.949500401350401,13,204.0,0.3424345668344198,9,154.0,0.3825874632152018,22,358.0
3790.0,22,251.0,4.735849056603773,5.36890329229732,12,219.0,0.24748323786835139,10,168.0,0.3563994940643552,22,387.0
3795.0,19,278.0,5.245283018867925,5.716426072294145,11,218.0,0.29920088483283036,8,174.0,0.3257261224361986,19,392.0
3800.0,22,290.0,5.471698113207547,5.16675354066475,12,229.0,0.33149892676581355,10,187.0,0.2535031723976307,22,416.0
3805.0,22,331.0,6.0181818181818185,6.082616332360701,10,212.0,0.37024810593620056,12,212.0,0.32705242512756555,22,424.0
3810.0,19,224.0,4.072727272727272,5.079311491749153,10,216.0,0.28110790358813736,9,149.0,0.34092902055561686,19,365.0
3815.0,27,341.0,5.982456140350878,4.548237656217273,16,265.0,0.28079390791353986,11,171.0,0.288466561295785,27,436.0
3820.0,26,314.0,5.322033898305085,4.6454053222293945,15,296.0,0.3570015443605049,11,178.0,0.25885842451244384,26,474.0
3825.0,15,281.0,4.762711864406779,6.201727483702454,8,280.0,0.3480479436313874,7,138.0,0.414377548525275,15,418.0
3830.0,14,202.0,3.543859649122807,6.16597658575897,7,222.0,0.3028475122093757,7,144.0,0.36528990789138244,14,366.0
3835.0,20,290.0,5.0,6.0653968861088305,11,195.0,0.20863085331191505,9,194.0,0.37021758800856785,20,389.0
3840.0,22,270.0,4.909090909090909,5.651404698135216,13,233.0,0.1620689431861985,9,152.0,0.4219611350881071,22,385.0
3845.0,13,292.0,5.84,6.456572296889638,7,242.0,0.3004375227097163,6,138.0,0.431341575318102,13,380.0
3850.0,14,174.0,3.48,6.127264742394585,8,202.0,0.3075420751880653,6,101.0,0.38441029349680084,14,303.0
3855.0,17,145.0,2.7884615384615383,6.154003122065669,12,151.0,0.2971636351398211,5,80.0,0.3700058230594108,17,231.0
3860.0,19,142.0,2.84,5.845524198557537,13,167.0,0.2639884919519527,6,70.0,0.4683985301417262,19,237.0
3865.0,24,244.0,4.88,5.228257698658607,13,229.0,0.3104058009739524,11,108.0,0.3699056538531488,24,337.0
3870.0,26,251.0,4.735849056603773,4.036688020550579,11,242.0,0.3252276445075969,15,143.0,0.23747554737600027,26,385.0
3875.0,19,251.0,4.5636363636363635,5.410515922916443,6,198.0,0.35425285598989853,13,165.0,0.3337856195808914,19,363.0
3880.0,18,164.0,2.7796610169491527,4.882041852199652,4,154.0,0.3627983555001962,14,188.0,0.2194679165450939,18,342.0
3885.0,21,220.0,3.793103448275862,6.108531030210259,10,143.0,0.3705167393694302,11,208.0,0.35683129479579057,21,351.0
3890.0,29,259.0,4.4655172413793105,4.755289821490578,15,153.0,0.23262890941811562,14,226.0,0.30026300209264467,29,379.0
3895.0,27,300.0,5.172413793103448,4.601149445071742,17,235.0,0.22878401375385019,10,228.0,0.3572675501058542,27,463.0
3900.0,24,320.0,5.714285714285714,4.461735198031324,14,249.0,0.2732240093073411,10,242.0,0.35062659607325153,24,491.0
3905.0,23,250.0,4.310344827586207,4.534993185961671,8,203.0,0.31125150617664193,15,261.0,0.24698865009450072,23,464.0
3910.0,25,309.0,5.15,5.058978996625599,8,168.0,0.398858458367984,17,311.0,0.1484632711470514,25,479.0
3915.0,22,298.0,4.65625,5.341230446575033,8,163.0,0.3433181240982379,14,328.0,0.12032992695362388,22,491.0
3920.0,22,235.0,3.7301587301587302,5.729662748243306,9,167.0,0.28428866733052777,13,307.0,0.2241823574048887,22,474.0
3925.0,23,316.0,5.096774193548387,5.923600506613139,9,185.0,0.3667040108332969,14,314.0,0.26758982431787864,23,499.0
3930.0,23,351.0,5.754098360655738,5.787222343299597,9,171.0,0.40110621864335216,14,335.0,0.2572514391865159,23,506.0
3935.0,27,457.0,7.879310344827586,4.9023752849218765,11,208.0,0.30607853857354117,16,389.0,0.2553703124634635,27,597.0
3940.0,25,503.0,8.112903225806452,4.996241208304953,11,242.0,0.25218244735161505,14,416.0,0.26222349676927814,25,658.0
3945.0,21,398.0,6.419354838709677,5.966209810497226,10,187.0,0.26260171762022444,11,389.0,0.39439145544138543,21,576.0
3950.0,27,413.0,6.453125,4.98277724257136,14,196.0,0.19116861490762943,13,370.0,0.34130891788093964,27,566.0
3955.0,28,246.0,3.7846153846153845,5.185882118664229,13,208.0,0.3313617488905718,15,364.0,0.30959321358836295,28,572.0
3960.0,29,354.0,5.446153846153846,4.48710238974482,15,248.0,0.32576802658980775,14,406.0,0.27146553955188574,29,654.0
3965.0,28,367.0,5.477611940298507,4.616363202587382,13,251.0,0.3287812547941233,15,447.0,0.2410870579605654,28,698.0
3970.0,27,282.0,3.9166666666666665,4.811804878983391,6,181.0,0.36955396782903976,21,480.0,0.17261642636726,27,661.0
3975.0,29,307.0,4.148648648648648,5.270676985355969,10,149.0,0.32745105868612,19,497.0,0.19876873783650653,29,646.0
3980.0,32,372.0,5.027027027027027,5.282952970660929,10,126.0,0.3381934923557318,22,524.0,0.2196954918372508,32,650.0
3985.0,28,405.0,5.5479452054794525,4.969687124610281,10,144.0,0.32286428573305026,18,484.0,0.2568470831575254,28,628.0
3990.0,26,397.0,5.671428571428572,4.37553343189253,9,146.0,0.3510926492566203,17,521.0,0.20448474578006332,26,667.0
3995.0,25,421.0,5.929577464788732,5.369979893081057,11,173.0,0.35322165815273676,14,527.0,0.2316280858327079,25,700.0
4000.0,26,320.0,4.383561643835616,4.716757126653939,11,203.0,0.23190939063723323,15,470.0,0.15028641000881893,26,673.0
4005.0,33,422.0,6.205882352941177,4.955167166733847,14,238.0,0.257540484924167,19,463.0,0.209249650103444,33,701.0
4010.0,34,474.0,7.292307692307692,4.194957324253647,15,293.0,0.22280214167991005,19,501.0,0.21521531583721634,34,794.0
4015.0,29,547.0,8.82258064516129,4.93794735199298,13,332.0,0.3214225198537507,16,517.0,0.2332342632782462,29,849.0
4020.0,29,461.0,7.683333333333334,4.726166688510924,11,284.0,0.3486863702386895,18,541.0,0.1250541832083953,29,825.0
4025.0,24,479.0,7.484375,6.002518796253472,12,258.0,0.2948215646738602,12,515.0,0.2920149005094665,24,773.0
4030.0,25,360.0,5.806451612903226,4.911549274199945,12,209.0,0.26219451756602996,13,479.0,0.26340693687744154,25,688.0
4035.0,29,336.0,5.419354838709677,5.160043541251929,17,235.0,0.28877454628659344,12,387.0,0.2868157502291402,29,622.0
4040.0,27,375.0,5.9523809523809526,4.014114180328069,16,275.0,0.2403930425659755,11,393.0,0.21769883862644648,27,668.0
4045.0,24,402.0,6.380952380952381,5.382098107768696,13,262.0,0.30036932873348604,11,410.0,0.27247114288003454,24,672.0
4050.0,25,278.0,4.212121212121212,4.566823758061166,14,236.0,0.32694991573850674,11,365.0,0.09246245311381845,25,601.0
4055.0,30,340.0,4.927536231884058,5.533263594872961,15,234.0,0.3915772224113606,15,407.0,0.18516094762615767,30,641.0
4060.0,27,372.0,5.470588235294118,5.008006393966554,16,264.0,0.31593049640928184,11,450.0,0.31854760607204735,27,714.0
4065.0,26,434.0,6.676923076923077,5.159709100608835,17,279.0,0.2575803927875846,9,458.0,0.3909346654828569,26,737.0
4070.0,28,463.0,6.8088235294117645,4.51911262100348,20,344.0,0.12904935839835444,8,420.0,0.38087007621275093,28,764.0
4075.0,32,526.0,7.735294117647059,5.37026462350974,24,430.0,0.19866860814470041,8,301.0,0.4269306919095624,32,731.0
4080.0,33,452.0,6.746268656716418,4.163089965471079,23,458.0,0.19120568953727263,10,265.0,0.3320968847072261,33,723.0
4085.0,32,324.0,4.764705882352941,4.395602656879469,18,428.0,0.22650669553870642,14,203.0,0.2556259318404363,32,631.0
4090.0,27,334.0,5.0606060606060606,4.4621212116126205,17,434.0,0.23233075520799568,10,222.0,0.2746666152008262,27,656.0
4095.0,33,348.0,5.117647058823529,4.899355512953082,20,445.0,0.19267128654520183,13,261.0,0.29965765287933377,33,706.0
4100.0,32,283.0,3.9859154929577465,4.002252826508571,19,467.0,0.21234313416212877,13,269.0,0.2426736096957222,32,736.0
4105.0,28,343.0,4.635135135135135,5.323878985702646,21,487.0,0.2320314898373597,7,242.0,0.3664178086423833,28,729.0
4110.0,28,373.0,4.973333333333334,5.532627282780571,22,521.0,0.23202532929714095,6,197.0,0.41733653993622927,28,718.0
4115.0,23,358.0,4.972222222222222,6.1067461969221615,16,497.0,0.2414522233265631,7,207.0,0.4477291080740454,23,704.0
4120.0,26,313.0,4.536231884057971,4.424456113158124,15,532.0,0.20721286630858338,11,172.0,0.23361546863522972,26,704.0
4125.0,33,337.0,4.955882352941177,3.5376011175768,21,552.0,0.12113860952507924,12,130.0,0.26507094235681133,33,682.0
4130.0,35,356.0,5.235294117647059,3.021599637407635,25,596.0,0.13376190841313926,10,133.0,0.2992925174463857,35,729.0
4135.0,35,400.0,5.633802816901408,4.05684658685122,23,597.0,0.20769314243136142,12,179.0,0.3474181316832359,35,776.0
4140.0,34,395.0,5.197368421052632,4.0335960490803435,24,630.0,0.18440526613382005,10,189.0,0.3421303726572387,34,819.0
4145.0,28,297.0,3.759493670886076,4.7632191105329715,19,588.0,0.19870169029800733,9,144.0,0.32816551657357473,28,732.0
4150.0,26,382.0,5.093333333333334,5.584947383644297,16,569.0,0.28295358998247855,10,149.0,0.26849477776784525,26,718.0
4155.0,26,446.0,6.027027027027027,5.064604840420879,15,527.0,0.24615098415819173,11,186.0,0.10743970349238774,26,713.0
4160.0,25,517.0,7.7164179104477615,5.452546800364696,13,490.0,0.2740401288907141,12,237.0,0.24973627944169102,25,727.0
4165.0,32,507.0,8.17741935483871,4.458563210996448,21,520.0,0.19054480782564634,11,232.0,0.3207384720022777,32,752.0
4170.0,30,488.0,8.0,3.8154858783420353,23,546.0,0.14225370865363218,7,208.0,0.39065021542090794,30,754.0
4175.0,31,462.0,7.573770491803279,3.283987010609883,24,609.0,0.18164229740518165,7,170.0,0.3102434975012662,31,779.0
4180.0,30,494.0,7.6,4.311240599215358,19,626.0,0.22820026752577127,11,170.0,0.2763541280474742,30,796.0
4185.0,26,514.0,8.03125,4.702035981430333,17,644.0,0.27026772055864684,9,164.0,0.18512112694563954,26,808.0
4190.0,24,335.0,5.0,5.051347187994459,18,588.0,0.2305333364742405,6,134.0,0.2252765051898161,24,722.0
4195.0,27,384.0,5.731343283582089,4.809144999648007,19,514.0,0.17894146713143888,8,116.0,0.28782476002030366,27,630.0
4200.0,33,436.0,6.707692307692308,4.53963773758363,25,533.0,0.14350112951998467,8,125.0,0.4141235909592648,33,658.0
4205.0,31,400.0,6.349206349206349,4.927819984432987,24,596.0,0.16524598456031941,7,114.0,0.5354958032754635,31,710.0
4210.0,32,467.0,7.532258064516129,3.608925114443804,25,658.0,0.20308731636119476,7,103.0,0.31005106753122524,32,761.0
4215.0,29,402.0,6.090909090909091,3.7266248191729723,18,651.0,0.20766277019170645,11,118.0,0.1922950810037441,29,769.0
4220.0,23,461.0,7.092307692307692,5.36038040827772,15,650.0,0.2928797850527093,8,127.0,0.224431064719142,23,777.0
4225.0,20,365.0,5.447761194029851,5.381249073378295,14,606.0,0.30575305716672463,6,111.0,0.14257311907047515,20,717.0
4230.0,27,254.0,3.681159420289855,5.086648269873344,20,573.0,0.19935709873489818,7,88.0,0.35879302177201877,27,661.0
4235.0,25,306.0,4.5,4.497107635695447,20,621.0,0.20138100501009595,5,91.0,0.46352017351680613,25,712.0
4240.0,21,352.0,5.101449275362318,5.810712669060973,17,625.0,0.22105105439909303,4,82.0,0.5988027401935039,21,707.0
4245.0,25,369.0,5.271428571428571,5.536147470438633,18,646.0,0.1988517682259442,7,104.0,0.5199160408969186,25,750.0
4250.0,34,480.0,6.486486486486487,4.856196219117274,26,725.0,0.10903867218414115,8,110.0,0.37454395405645086,34,835.0
4255.0,41,644.0,8.473684210526315,3.8380409566312323,29,838.0,0.06763293083461333,12,165.0,0.34265678406871547,41,1003.0
4260.0,35,698.0,9.432432432432432,4.482262640839603,23,902.0,0.19433582045640918,12,172.0,0.3831699680809973,35,1074.0
4265.0,32,743.0,9.776315789473685,4.602676802315202,22,906.0,0.26020235674627534,10,179.0,0.30118221292614944,32,1085.0
4270.0,35,694.0,8.897435897435898,4.560974592551696,21,868.0,0.30419484649455375,14,186.0,0.2438282434958765,35,1054.0
4275.0,35,777.0,9.7125,5.025277321775306,21,895.0,0.2862307418304084,14,185.0,0.31481336044268743,35,1080.0
4280.0,36,650.0,8.024691358024691,3.9408215439654763,25,840.0,0.22552274863412444,11,194.0,0.23461451278720954,36,1034.0
4285.0,40,481.0,5.938271604938271,4.3358534956686485,28,763.0,0.16416025525473682,12,161.0,0.3346086835083931,40,924.0
4290.0,40,465.0,5.7407407407407405,3.575934406420104,28,839.0,0.0755211487772643,12,210.0,0.31624996745144834,40,1049.0
4295.0,35,455.0,5.6875,4.224145160508764,20,844.0,0.12298541327007874,15,260.0,0.3153093172803151,35,1104.0
4300.0,35,458.0,5.871794871794871,3.6835665930309247,18,869.0,0.16568508259686293,17,308.0,0.2463110807547778,35,1177.0
4305.0,39,559.0,7.075949367088608,3.772958617265864,24,890.0,0.11520423242581898,15,352.0,0.1982949049289896,39,1242.0
4310.0,43,657.0,8.532467532467532,3.498469452837139,27,974.0,0.09268343161642534,16,388.0,0.18052696106327806,43,1362.0
4315.0,38,679.0,8.818181818181818,4.609871032604509,19,1004.0,0.20797325774907455,19,396.0,0.1858268882564163,38,1400.0
4320.0,39,620.0,8.157894736842104,3.5271282552916103,19,962.0,0.20095107502948215,20,387.0,0.12535541838572,39,1349.0
4325.0,39,626.0,8.694444444444445,3.685936850639761,19,881.0,0.22186924888777343,20,355.0,0.19759721448611364,39,1236.0
4330.0,36,514.0,7.138888888888889,3.711501622387872,17,885.0,0.2849587508440918,19,395.0,0.20384348143349756,36,1280.0
4335.0,38,496.0,6.702702702702703,3.640416038434096,18,830.0,0.20236854168057858,20,440.0,0.25054074008636473,38,1270.0
4340.0,41,507.0,6.417721518987341,3.278287037246606,21,865.0,0.1450920224594896,20,465.0,0.24784195685692567,41,1330.0
4345.0,31,351.0,4.280487804878049,4.419059911499554,20,854.0,0.15960519354370128,11,407.0,0.2728999154077324,31,1261.0
4350.0,23,328.0,4.1,5.120207006329847,16,864.0,0.20591924074999704,7,310.0,0.3199432357992346,23,1174.0
4355.0,28,371.0,4.524390243902439,4.784960355104605,19,832.0,0.21788353773252858,9,262.0,0.23746732759871053,28,1094.0
4360.0,39,514.0,6.345679012345679,4.481140503904423,23,891.0,0.24966737317191876,16,285.0,0.22447519790705212,39,1176.0
4365.0,34,597.0,7.855263157894737,3.831168066041975,19,916.0,0.24291632749307884,15,298.0,0.1838670578144117,34,1214.0
4370.0,28,520.0,6.842105263157895,3.628586554948719,20,901.0,0.14245850143055339,8,239.0,0.23299864045448335,28,1140.0
4375.0,32,514.0,6.7631578947368425,3.8802063798879787,25,948.0,0.06880926963042272,7,193.0,0.28489369780485513,32,1141.0
4380.0,42,566.0,7.546666666666667,4.002442725512861,31,952.0,0.061763467806671746,11,180.0,0.29808687447369997,42,1132.0
4385.0,39,509.0,6.878378378378378,4.225592621070204,27,874.0,0.10521814238890304,12,199.0,0.3157392811067353,39,1073.0
4390.0,31,472.0,7.044776119402985,3.89547514226872,23,926.0,0.0747544438389979,8,169.0,0.39748929241381065,31,1095.0
4395.0,26,440.0,6.666666666666667,5.341532470688708,17,902.0,0.10296388995031978,9,182.0,0.47233992354827464,26,1084.0
4400.0,23,342.0,5.181818181818182,4.437858405854466,14,900.0,0.09380781779553092,9,176.0,0.3089615562426887,23,1076.0
4405.0,29,386.0,5.7611940298507465,4.723839725607922,16,847.0,0.12592271715037046,13,232.0,0.29091554701057354,29,1079.0
4410.0,33,455.0,7.222222222222222,4.367518473737951,21,838.0,0.171156756592201,12,255.0,0.3262459676385018,33,1093.0
4415.0,29,514.0,7.907692307692308,5.031867621327114,16,728.0,0.26484590272979097,13,296.0,0.33209929684875333,29,1024.0
4420.0,28,388.0,5.878787878787879,4.21318373592453,17,728.0,0.23554312352605358,11,245.0,0.2792168084502833,28,973.0
4425.0,24,294.0,4.388059701492537,5.096291778389677,12,651.0,0.23389015582685865,12,178.0,0.3237733708636699,24,829.0
4430.0,22,298.0,4.447761194029851,5.767767553340636,11,580.0,0.33556292645476105,11,178.0,0.2696412891964373,22,758.0
4435.0,18,260.0,3.9393939393939394,5.915550630754854,11,507.0,0.2149159724579861,7,144.0,0.3465535715512021,18,651.0
4440.0,24,328.0,5.377049180327869,5.58253913327141,16,424.0,0.14191264204928192,8,125.0,0.33997252294012315,24,549.0
4445.0,25,384.0,6.508474576271187,4.730575337086902,15,457.0,0.13874873450063135,10,134.0,0.2631772627842731,25,591.0
4450.0,24,441.0,7.603448275862069,5.5044138372999285,11,450.0,0.2972070691677489,13,161.0,0.24408074847086605,24,611.0
4455.0,24,384.0,6.9818181818181815,4.7462570134915545,9,379.0,0.3706902807262814,15,192.0,0.17442654508446598,24,571.0
4460.0,24,423.0,7.293103448275862,5.777537915552241,9,349.0,0.3820415406587898,15,210.0,0.291599829976537,24,559.0
4465.0,24,401.0,7.035087719298246,4.942667489040578,12,336.0,0.2577940664354255,12,215.0,0.3778260626921057,24,551.0
4470.0,25,470.0,7.966101694915254,5.350581100593319,15,388.0,0.22021851842216628,10,182.0,0.4133894083921702,25,570.0
4475.0,27,312.0,5.288135593220339,4.576712259725173,14,260.0,0.1947714577191037,13,208.0,0.32350109613231554,27,468.0
4480.0,27,385.0,6.209677419354839,5.651536308226941,13,203.0,0.25075120855326594,14,272.0,0.37269832470817404,27,475.0
4485.0,25,382.0,6.063492063492063,5.1660077202129875,12,199.0,0.30268007517407514,13,311.0,0.30487195544036905,25,510.0
4490.0,23,387.0,6.241935483870968,5.863859602103396,7,132.0,0.3974819282985435,16,358.0,0.22339867185273296,23,490.0
4495.0,25,339.0,5.467741935483871,5.285667832786531,9,154.0,0.30409756674439026,16,354.0,0.16747953105958688,25,508.0
4500.0,31,399.0,6.540983606557377,4.965377062309192,14,223.0,0.2300231914645149,17,308.0,0.21800711741290868,31,531.0
4505.0,28,383.0,6.603448275862069,3.985782184673654,12,242.0,0.23827198487885323,16,319.0,0.2464356402189232,28,561.0
4510.0,24,412.0,7.62962962962963,5.079339800735226,9,232.0,0.4098635362308531,15,286.0,0.21114079476841477,24,518.0
4515.0,22,306.0,5.464285714285714,4.178851497502609,7,188.0,0.3110469771028765,15,305.0,0.13964996910977703,22,493.0
4520.0,28,367.0,6.220338983050848,4.932031286440767,12,185.0,0.29762962646941943,16,338.0,0.2152833907106481,28,523.0
4525.0,27,364.0,6.618181818181818,4.486467893900769,12,228.0,0.2804790768789306,15,357.0,0.23836166277784523,27,585.0
4530.0,19,337.0,5.810344827586207,5.39436196089801,7,226.0,0.22352656989758693,12,315.0,0.26664940494491984,19,541.0
4535.0,16,270.0,4.821428571428571,5.653710146732759,4,149.0,0.20113176415914172,12,332.0,0.3070816963004565,16,481.0
4540.0,24,312.0,5.571428571428571,6.233046548569726,10,82.0,0.2091852168977975,14,396.0,0.2814939276948389,24,478.0
4545.0,19,330.0,6.226415094339623,5.656346505761551,7,91.0,0.2503286459661304,12,412.0,0.21831874497899625,19,503.0
4550.0,14,268.0,5.955555555555556,6.330097719244222,4,66.0,0.42961917835967567,10,400.0,0.1861250033917803,14,466.0
4555.0,11,159.0,3.8780487804878048,6.006956924528897,3,57.0,0.4740613676007377,8,316.0,0.20020260613778226,11,373.0
4560.0,14,169.0,4.225,6.4559241744038145,5,73.0,0.5177652313622636,9,275.0,0.15665807606587626,14,348.0
4565.0,13,206.0,5.421052631578948,6.018819179432135,4,69.0,0.5294971765203713,9,291.0,0.1926164008005128,13,360.0
4570.0,12,240.0,6.153846153846154,6.747698851451302,4,80.0,0.4954823733140515,8,274.0,0.2398638722201014,12,354.0
4575.0,11,167.0,4.638888888888889,5.927230713076412,5,96.0,0.40557132940682233,6,207.0,0.27808927967616753,11,303.0
4580.0,11,144.0,3.891891891891892,6.590736144692508,6,117.0,0.3565036188357447,5,117.0,0.41220205052984016,11,234.0
4585.0,12,180.0,4.615384615384615,6.384724469565589,5,132.0,0.3206450929646919,7,132.0,0.47603382886657986,12,264.0
4590.0,17,251.0,6.121951219512195,6.534207064381423,7,161.0,0.3958834066488688,10,171.0,0.4143016011087333,17,332.0
4595.0,15,261.0,6.525,5.761463662284501,7,196.0,0.4328472147837648,8,162.0,0.3130488570788364,15,358.0
4600.0,16,285.0,6.951219512195122,5.519059405585471,7,207.0,0.42172450435233866,9,167.0,0.24818610149678666,16,374.0
4605.0,16,290.0,6.904761904761905,5.325792595261923,6,209.0,0.40741933924993584,10,169.0,0.2010314271640261,16,378.0
4610.0,18,353.0,8.022727272727273,5.439362295764326,9,248.0,0.38101366571072937,9,168.0,0.1892877335043472,18,416.0
4615.0,18,378.0,8.217391304347826,5.747208180635448,9,289.0,0.38190927311249734,9,152.0,0.21301974215635144,18,441.0
4620.0,19,441.0,9.8,5.604535514090277,9,337.0,0.3311522264372507,10,144.0,0.334769416923377,19,481.0
4625.0,18,412.0,8.583333333333334,5.28976160111901,11,351.0,0.2520810479067257,7,130.0,0.4248561304338924,18,481.0
4630.0,21,470.0,9.591836734693878,6.331955312843565,11,379.0,0.32127520704151097,10,147.0,0.4275814498998463,21,526.0
4635.0,20,489.0,10.404255319148936,6.27154101654621,13,421.0,0.2580373414591365,7,132.0,0.42591789445743955,20,553.0
4640.0,17,506.0,11.0,6.054288706565222,10,452.0,0.3249827602016469,7,127.0,0.3355601113808981,17,579.0
4645.0,17,502.0,11.409090909090908,5.2530517023985,7,424.0,0.4303147753103307,10,148.0,0.07056934098767544,17,572.0
4650.0,20,580.0,12.88888888888889,5.694468202346496,10,447.0,0.4515517596874152,10,179.0,0.11699853068359005,20,626.0
4655.0,16,614.0,12.791666666666666,5.567682983485352,8,483.0,0.3460257224282724,8,201.0,0.21555795296945718,16,684.0
4660.0,19,683.0,14.53191489361702,5.880662759862967,12,519.0,0.3256542611903494,7,210.0,0.3517736000633033,19,729.0
4665.0,17,378.0,8.042553191489361,4.781688719983752,10,330.0,0.29181306684295394,7,245.0,0.2921654780057973,17,575.0
4670.0,19,264.0,5.617021276595745,5.905902210252849,12,139.0,0.30757784039554825,7,229.0,0.4434712245529204,19,368.0
4675.0,20,236.0,4.538461538461538,5.1088600880122295,14,181.0,0.2661585847046815,6,144.0,0.4106145178480446,20,325.0
4680.0,24,337.0,5.912280701754386,5.3692143728603305,16,243.0,0.2705526329226772,8,144.0,0.46833138483675946,24,387.0
4685.0,21,319.0,5.229508196721311,5.229761557665977,13,259.0,0.3393009354096273,8,161.0,0.40024393355728155,21,420.0
4690.0,17,303.0,4.967213114754099,5.867701642790548,11,220.0,0.3238473039537653,6,174.0,0.42458099103802355,17,394.0
4695.0,20,263.0,4.241935483870968,5.565155409552559,12,227.0,0.3399480486281006,8,140.0,0.22544270534482264,20,367.0
4700.0,25,282.0,4.40625,5.278125580813889,11,233.0,0.2851242282450227,14,187.0,0.22352974929426836,25,420.0
4705.0,32,342.0,5.029411764705882,4.360903864671229,18,284.0,0.2535207560464606,14,234.0,0.25769157278604904,32,518.0
4710.0,30,425.0,6.4393939393939394,4.752537515349098,20,343.0,0.2903100371133747,10,257.0,0.3531798857275845,30,600.0
4715.0,32,489.0,7.086956521739131,4.356596410199387,21,412.0,0.29017694143765554,11,271.0,0.3441986557013253,32,683.0
4720.0,30,568.0,7.675675675675675,4.780109482394598,19,446.0,0.24085596853698496,11,270.0,0.3624730360420982,30,716.0
4725.0,34,581.0,7.644736842105263,4.890712668631351,22,444.0,0.18218631375995736,12,314.0,0.36148798587744374,34,758.0
4730.0,34,532.0,7.0,5.530003846749604,22,456.0,0.17605773853006465,12,261.0,0.3923142370316144,34,717.0
4735.0,35,495.0,6.6891891891891895,4.388698453364051,24,477.0,0.17593409881261968,11,210.0,0.24984579944060925,35,687.0
4740.0,29,323.0,4.75,3.958800462011331,18,423.0,0.13715253397001387,11,230.0,0.2946417367913762,29,653.0
4745.0,25,366.0,5.382352941176471,4.453414160844708,14,461.0,0.21313747501340413,11,239.0,0.23121276982213365,25,700.0
4750.0,29,333.0,4.690140845070423,4.384103318432027,15,486.0,0.2471757431862955,14,237.0,0.17688628744532278,29,723.0
4755.0,34,388.0,5.542857142857143,3.7560989961501816,19,496.0,0.15353746153283532,15,224.0,0.28213485207391975,34,720.0
4760.0,29,394.0,5.7101449275362315,4.28863780672743,18,454.0,0.1593385422971227,11,238.0,0.33959443909656495,29,692.0
4765.0,24,454.0,6.485714285714286,5.291178622200367,15,452.0,0.20259808542635074,9,217.0,0.3758125306787343,24,669.0
4770.0,24,487.0,7.609375,5.550968549519239,13,465.0,0.321397635344802,11,222.0,0.2430567211432571,24,687.0
4775.0,24,559.0,9.637931034482758,5.542518511204678,11,462.0,0.35519655765714336,13,271.0,0.25591094326229386,24,733.0
4780.0,26,624.0,11.142857142857142,3.983907600307532,13,512.0,0.2855427080266827,13,284.0,0.19140770095248422,26,796.0
4785.0,26,700.0,12.068965517241379,4.117237406035183,14,563.0,0.2744260887535885,12,313.0,0.1946440728713661,26,876.0
4790.0,27,594.0,10.241379310344827,4.24981756719992,14,554.0,0.27424007455114036,13,303.0,0.2042596680780225,27,857.0
4795.0,29,499.0,8.457627118644067,4.633157942191712,17,502.0,0.21807979938059424,12,264.0,0.31108901058491123,29,766.0
4800.0,28,493.0,8.216666666666667,3.534112092671231,17,560.0,0.14759664097095232,11,250.0,0.28818170353595823,28,810.0
4805.0,23,530.0,9.464285714285714,4.243856555318992,13,584.0,0.206697340321314,10,209.0,0.2577576780108613,23,793.0
4810.0,22,368.0,6.344827586206897,5.017281069911453,11,493.0,0.1940903233456293,11,251.0,0.2915652097764022,22,744.0
4815.0,28,449.0,7.241935483870968,5.689872334119877,17,399.0,0.11913642747351179,11,304.0,0.3533426481406559,28,703.0
4820.0,27,476.0,7.80327868852459,5.451766769866435,16,447.0,0.13344474058417902,11,302.0,0.4363793023037932,27,749.0
4825.0,21,519.0,8.796610169491526,5.51199585399169,10,464.0,0.2908312904150584,11,308.0,0.31103008091558326,21,772.0
4830.0,23,506.0,8.724137931034482,4.988273041162801,11,430.0,0.3490815122873306,12,292.0,0.18439739147453468,23,722.0
4835.0,27,534.0,9.206896551724139,5.737768211447663,12,417.0,0.3639071480669194,15,297.0,0.23089549613719337,27,714.0
4840.0,27,368.0,6.571428571428571,4.15091724769939,14,394.0,0.18049859375292082,13,251.0,0.28544450937537735,27,645.0
4845.0,31,339.0,5.745762711864407,4.627519707747685,18,317.0,0.11690761531669126,13,201.0,0.3400568074921407,31,518.0
4850.0,29,367.0,6.327586206896552,4.302962061729317,16,334.0,0.1408427616797392,13,245.0,0.2977184831601062,29,579.0
4855.0,22,295.0,5.0,5.120169972137919,8,285.0,0.2970810336651482,14,271.0,0.21686314193325543,22,556.0
4860.0,19,237.0,4.157894736842105,5.0184664112449795,4,237.0,0.4597020607703527,15,265.0,0.08351206018163639,19,502.0
4865.0,17,255.0,4.396551724137931,6.750788902510212,5,200.0,0.5222742565415915,12,259.0,0.18502823559939785,17,459.0
4870.0,19,230.0,3.6507936507936507,5.995889743863129,7,149.0,0.36235052733884243,12,242.0,0.15675203331595247,19,391.0
4875.0,21,226.0,3.6451612903225805,6.4400061351608295,10,188.0,0.3946255144121005,11,275.0,0.27455841417797805,21,463.0
4880.0,17,223.0,3.7796610169491527,6.109895231296693,9,183.0,0.4771677625141493,8,268.0,0.2930101028188287,17,451.0
4885.0,20,259.0,4.543859649122807,5.857840774728041,11,226.0,0.46399333300138373,9,270.0,0.33398841769264576,20,496.0
4890.0,18,246.0,4.315789473684211,5.133057419109791,9,161.0,0.3208389126306796,9,249.0,0.333378738368036,18,410.0
4895.0,28,340.0,5.573770491803279,4.562345809688227,13,197.0,0.17601989773874946,15,276.0,0.2837079648692472,28,473.0
4900.0,27,405.0,6.428571428571429,4.488465884431914,15,261.0,0.20722933977949004,12,280.0,0.2585785697015492,27,541.0
4905.0,29,505.0,7.651515151515151,4.698856431844472,17,323.0,0.28306564422235375,12,327.0,0.2619225336092409,29,650.0
4910.0,23,450.0,7.03125,5.1252245874300275,13,315.0,0.2619673579964462,10,347.0,0.34613761905126583,23,662.0
4915.0,22,366.0,5.462686567164179,5.97659364041838,9,238.0,0.2827263218092544,13,379.0,0.34116211674905755,22,617.0
4920.0,23,385.0,5.833333333333333,6.166590281117816,7,205.0,0.382559908139495,16,440.0,0.19835592478471278,23,645.0
4925.0,30,503.0,7.2898550724637685,5.9874766436511635,11,205.0,0.368692922947129,19,527.0,0.23380307925564486,30,732.0
4930.0,24,457.0,6.5285714285714285,5.746780163866783,10,209.0,0.3169314499776177,14,509.0,0.36160808762344177,24,718.0
4935.0,22,404.0,5.771428571428571,6.437210318288819,11,176.0,0.40329433953572896,11,416.0,0.4155420648197114,22,592.0
4940.0,23,373.0,5.405797101449275,5.4214999782226645,12,205.0,0.39781468877161863,11,380.0,0.26273847389940264,23,585.0
4945.0,33,411.0,5.871428571428571,4.91465155001742,15,251.0,0.3374085756659028,18,354.0,0.21344646934194186,33,605.0
4950.0,32,308.0,4.597014925373134,3.838538396930974,17,252.0,0.25376472853541476,15,342.0,0.22010308059249975,32,594.0
4955.0,32,321.0,4.863636363636363,4.134788367865559,15,276.0,0.2796251756097817,17,339.0,0.2092358882892967,32,615.0
4960.0,32,319.0,4.833333333333333,4.1078746743523284,14,306.0,0.3140147344065191,18,384.0,0.1872165136468283,32,690.0
4965.0,30,367.0,5.169014084507042,4.155884767089909,17,323.0,0.18109858901610335,13,397.0,0.24484470613443407,30,720.0
4970.0,30,429.0,5.958333333333333,4.687191677176206,18,345.0,0.16339496356034816,12,418.0,0.35140842272504186,30,763.0
4975.0,27,426.0,5.68,6.161054507853656,13,327.0,0.27532374042062374,14,467.0,0.3297162310600829,27,794.0
4980.0,23,411.0,5.554054054054054,5.886072499713029,12,307.0,0.25467803570920944,11,418.0,0.2817873086724406,23,725.0
4985.0,27,429.0,5.797297297297297,5.632294647001319,15,327.0,0.24223326137207452,12,369.0,0.26466906977019555,27,696.0
4990.0,30,483.0,6.616438356164384,5.269803464923906,17,389.0,0.29568766568385313,13,359.0,0.24514385475314057,30,748.0
4995.0,33,495.0,7.173913043478261,4.232023080935076,19,432.0,0.19847502453002167,14,315.0,0.3311914529942737,33,747.0
5000.0,34,402.0,5.661971830985915,3.8526921763758475,20,437.0,0.19473549118135622,14,286.0,0.3386972436107905,34,723.0
5005.0,40,528.0,7.04,3.657110724861127,20,454.0,0.17460792720112375,20,274.0,0.30374605306639496,40,728.0
5010.0,37,524.0,6.717948717948718,3.843780465191246,19,485.0,0.16475112368053296,18,315.0,0.29585745079844045,37,800.0
5015.0,30,419.0,5.441558441558442,4.287633965005448,16,445.0,0.13243475656251424,14,304.0,0.27934076077883757,30,749.0
5020.0,29,502.0,6.51948051948052,4.981544333635572,11,420.0,0.20693369287718077,18,344.0,0.22923671910006804,29,764.0
5025.0,33,583.0,7.379746835443038,5.381009776873007,11,396.0,0.2732644448457109,22,392.0,0.16426685484372705,33,788.0
5030.0,30,619.0,8.479452054794521,5.814621644950535,11,421.0,0.32472735429627186,19,419.0,0.24491486794993833,30,840.0
5035.0,30,589.0,7.95945945945946,5.326966364552745,10,431.0,0.2946427586119145,20,426.0,0.25641017130702537,30,857.0
5040.0,31,609.0,8.826086956521738,5.052989327727622,11,451.0,0.39122165037770085,20,418.0,0.24035057138753083,31,869.0
5045.0,31,596.0,8.514285714285714,4.395485873235662,10,443.0,0.36911048795483486,21,462.0,0.23283869332732296,31,905.0
5050.0,29,617.0,8.569444444444445,4.8228107808175364,10,408.0,0.356482561666784,19,476.0,0.24100455990735176,29,884.0
5055.0,34,401.0,5.569444444444445,3.9892605129891843,12,302.0,0.29076833635212074,22,522.0,0.21091439948073037,34,824.0
5060.0,33,374.0,5.267605633802817,4.114150082994802,10,171.0,0.3126999651122305,23,524.0,0.16111534195472224,33,695.0
5065.0,33,374.0,5.420289855072464,3.582801926602527,12,176.0,0.20145941038159826,21,523.0,0.1578392857271891,33,699.0
5070.0,30,353.0,4.902777777777778,4.900228077202119,10,181.0,0.3213502843242009,20,501.0,0.1393730164855812,30,682.0
5075.0,31,438.0,5.918918918918919,4.4486009480928015,8,192.0,0.29859065771963167,23,566.0,0.10348535207436076,31,758.0
5080.0,31,557.0,7.845070422535211,5.202419169703125,13,231.0,0.3019454692356247,18,621.0,0.22162716220320103,31,852.0
5085.0,35,567.0,8.338235294117647,4.661774996618917,16,260.0,0.24960792465297602,19,620.0,0.24702940043274094,35,880.0
5090.0,33,549.0,7.956521739130435,4.67465444625334,16,329.0,0.17368035748774063,17,587.0,0.3038242437307949,33,916.0
5095.0,30,429.0,6.402985074626866,4.424496550909571,16,328.0,0.24723121893893168,14,569.0,0.255508150759356,30,897.0
5100.0,29,402.0,6.0,5.078664252085365,13,317.0,0.3195248689130698,16,515.0,0.26696904155452655,29,832.0
5105.0,32,388.0,5.969230769230769,3.9036146510456784,10,303.0,0.29247539917132453,22,548.0,0.16879305526577112,32,851.0
5110.0,31,327.0,4.739130434782608,4.056452158545218,11,233.0,0.26705978840126576,20,540.0,0.16322272120694803,31,773.0
5115.0,28,380.0,5.352112676056338,4.441103755267196,10,213.0,0.381808185519791,18,582.0,0.10911527912809096,28,795.0
5120.0,24,318.0,4.416666666666667,5.170683845842647,8,207.0,0.31600522625247224,16,571.0,0.21077296156568365,24,778.0
5125.0,29,440.0,6.197183098591549,5.26775132278461,15,254.0,0.18570720140938055,14,575.0,0.318520774106034,29,829.0
5130.0,32,521.0,7.338028169014085,4.53093640184568,17,312.0,0.14131666243085272,15,575.0,0.23369517197819809,32,887.0
5135.0,27,575.0,8.846153846153847,4.839458284482759,11,350.0,0.2161193668597771,16,592.0,0.233237115224235,27,942.0
5140.0,28,547.0,9.116666666666667,4.658511143835453,11,344.0,0.26454036818151916,17,587.0,0.15143610641446556,28,931.0
5145.0,28,466.0,7.516129032258065,4.5639314271822835,13,369.0,0.24863872010090027,15,511.0,0.16941818910092585,28,880.0
5150.0,25,379.0,6.5344827586206895,4.075778003190664,15,334.0,0.2716817115189559,10,525.0,0.2057239975137393,25,859.0
5155.0,25,302.0,5.206896551724138,4.373447487159082,15,341.0,0.21497359660874338,10,496.0,0.28331246962877293,25,837.0
5160.0,26,365.0,6.293103448275862,4.385618920740699,15,376.0,0.13914852212956677,11,502.0,0.26766603587568544,26,878.0
5165.0,23,381.0,6.568965517241379,5.567705578984708,10,354.0,0.1737630496289468,13,550.0,0.28928807886958524,23,904.0
5170.0,21,423.0,7.293103448275862,4.8974950783715,8,372.0,0.18039549914560205,13,518.0,0.24012068033825576,21,890.0
5175.0,24,461.0,7.683333333333334,5.420953807146943,14,431.0,0.23816767853585422,10,421.0,0.32294087984725883,24,852.0
5180.0,21,306.0,5.464285714285714,5.013591981375662,14,421.0,0.28421938244984074,7,301.0,0.35741769611055285,21,722.0
5185.0,24,373.0,6.660714285714286,5.073225898584198,13,368.0,0.3488337409559196,11,286.0,0.3154202426560238,24,654.0
5190.0,24,364.0,6.618181818181818,4.594374628039482,11,360.0,0.38342184744072677,13,288.0,0.22279917794141735,24,648.0
5195.0,21,384.0,6.7368421052631575,5.502653848395432,7,290.0,0.4065526010209804,14,333.0,0.23737014934420256,21,623.0
5200.0,23,396.0,6.947368421052632,4.9506729016281374,9,277.0,0.36860325391666704,14,350.0,0.1568449370103368,23,627.0
5205.0,22,272.0,4.533333333333333,5.166938168828839,11,198.0,0.2837348326799674,11,331.0,0.244732052667932,22,529.0
5210.0,25,308.0,5.049180327868853,4.933698564239736,13,168.0,0.24487642822428413,12,299.0,0.26887342071268905,25,467.0
5215.0,25,220.0,3.4375,5.346431588940785,15,191.0,0.28890497131570086,10,234.0,0.3540545052435442,25,425.0
5220.0,26,276.0,4.3125,5.396720996470162,19,241.0,0.28550311185430316,7,225.0,0.4359590827284591,26,466.0
5225.0,29,331.0,4.867647058823529,4.626188641498083,18,292.0,0.23744814415429588,11,269.0,0.37538089611549075,29,561.0
5230.0,24,261.0,3.782608695652174,4.9336497149888965,10,275.0,0.20517198644238385,14,293.0,0.39619547188361726,24,568.0
5235.0,21,213.0,3.1323529411764706,4.995699781797877,5,197.0,0.19937897048210776,16,334.0,0.31203364896893276,21,531.0
5240.0,28,302.0,4.507462686567164,4.433213104612917,9,195.0,0.16914680336057758,19,368.0,0.22819060380676076,28,563.0
5245.0,34,348.0,5.2727272727272725,3.66046211427786,14,213.0,0.1223307272128625,20,364.0,0.18426321436911708,34,577.0
5250.0,24,307.0,4.723076923076923,4.66396558756417,7,179.0,0.302435062474562,17,390.0,0.18014449484250386,24,569.0
5255.0,24,283.0,4.3538461538461535,4.585911879495062,7,157.0,0.3371710334451109,17,392.0,0.11789667127679448,24,549.0
5260.0,33,409.0,6.196969696969697,4.014566925437057,11,200.0,0.3265743267892256,22,446.0,0.12851026628735762,33,646.0
5265.0,33,462.0,6.895522388059701,4.362789154682482,13,201.0,0.3325791828612594,20,494.0,0.21131904771412047,33,695.0
5270.0,31,509.0,7.8307692307692305,4.44564363407086,15,248.0,0.32054743257872387,16,523.0,0.26750879847165404,31,771.0
5275.0,32,530.0,8.28125,3.9318073066355366,15,258.0,0.19168066167813172,17,524.0,0.2566523253677934,32,782.0
5280.0,30,525.0,8.076923076923077,4.239068369962151,9,195.0,0.13053128438292672,21,591.0,0.22769636995343112,30,786.0
5285.0,21,387.0,6.046875,4.924672827486901,4,178.0,0.22232951569582754,17,581.0,0.1841683663641639,21,759.0
5290.0,19,252.0,4.131147540983607,5.555151826169325,8,210.0,0.23909571672709407,11,460.0,0.27750711087634117,19,670.0
5295.0,23,251.0,3.921875,4.5528892330003075,12,210.0,0.22335952914207732,11,458.0,0.2056889682925176,23,668.0
5300.0,20,269.0,4.483333333333333,5.599563511257718,4,153.0,0.3439746975831704,16,432.0,0.2788369243393278,20,585.0
5305.0,23,340.0,5.964912280701754,4.8465333886799815,8,182.0,0.3617824949114066,15,425.0,0.23001899731291103,23,607.0
5310.0,27,430.0,7.543859649122807,4.563381718195624,14,242.0,0.2586087040340871,13,377.0,0.23297257299916632,27,619.0
5315.0,30,433.0,7.4655172413793105,3.461980077922004,18,272.0,0.18283491851980666,12,369.0,0.1493727126703874,30,641.0
5320.0,32,462.0,7.9655172413793105,4.325644760208843,21,377.0,0.17499088277238886,11,301.0,0.2519292938437139,32,678.0
5325.0,27,415.0,7.410714285714286,4.326281429730367,19,410.0,0.19305301007753964,8,281.0,0.35067243258358843,27,691.0
5330.0,21,317.0,5.660714285714286,4.507599458142662,11,356.0,0.1395585510512063,10,232.0,0.26922725331579367,21,588.0
5335.0,21,230.0,3.7704918032786887,5.098001393722148,8,288.0,0.24916546282353721,13,284.0,0.17273692206245597,21,572.0
5340.0,27,321.0,4.863636363636363,5.414184206488737,12,273.0,0.27807817257902623,15,356.0,0.22671598769578705,27,629.0
5345.0,29,319.0,4.833333333333333,5.522220245060182,16,316.0,0.2894127772405927,13,341.0,0.3280372916658809,29,657.0
5350.0,30,419.0,6.650793650793651,5.407771022445388,18,364.0,0.34811059426301405,12,345.0,0.3485484335039667,30,709.0
5355.0,30,418.0,6.966666666666667,4.319044678884028,18,367.0,0.2905312306596923,12,356.0,0.27961915545138893,30,723.0
5360.0,22,315.0,5.338983050847458,4.361890020965499,11,296.0,0.20207559099734407,11,363.0,0.28625411467360035,22,659.0
5365.0,21,214.0,3.689655172413793,4.462382845834404,10,255.0,0.2683933650001452,11,299.0,0.18538319111828327,21,554.0
5370.0,19,142.0,2.491228070175439,4.922996713160346,12,290.0,0.20290323837750446,7,189.0,0.3131828688881088,19,479.0
5375.0,22,182.0,3.25,4.776638223485414,17,330.0,0.17421862016790943,5,203.0,0.3855051151924316,22,533.0
5380.0,28,292.0,5.12280701754386,5.009659981673956,20,393.0,0.21405557213185442,8,242.0,0.41175624878912603,28,635.0
5385.0,26,321.0,5.836363636363636,3.6903856815790013,17,398.0,0.18914236148030966,9,243.0,0.26362357815734433,26,641.0
5390.0,25,295.0,5.363636363636363,4.390372337162601,12,326.0,0.2338929930771007,13,262.0,0.27334341780354554,25,588.0
5395.0,17,226.0,4.035714285714286,5.20022292797764,6,257.0,0.28664866057065314,11,255.0,0.2482069223252438,17,512.0
5400.0,16,269.0,4.803571428571429,6.463128789777223,9,230.0,0.2952137053341537,7,237.0,0.2915441707074015,16,467.0
5405.0,14,286.0,5.39622641509434,6.821290691395263,8,221.0,0.3245506409892932,6,195.0,0.32214015464383705,14,416.0
5410.0,20,304.0,5.527272727272727,6.488291208306394,12,273.0,0.20479831292653503,8,115.0,0.4548697323729929,20,388.0
5415.0,17,259.0,5.078431372549019,5.790525281519895,10,287.0,0.29279885085144725,7,103.0,0.4108151206375508,17,390.0
5420.0,21,328.0,6.9787234042553195,5.529874654177785,9,269.0,0.42025437599537313,12,157.0,0.31912731544673056,21,426.0
5425.0,17,298.0,5.622641509433962,5.1789421785163565,6,257.0,0.3132832052502853,11,172.0,0.3014509142521241,17,429.0
5430.0,16,309.0,5.618181818181818,6.856972056684275,8,233.0,0.28937633380206,8,147.0,0.39908375721650785,16,380.0
5435.0,17,319.0,5.5964912280701755,5.984854086379073,8,258.0,0.22985369983917303,9,116.0,0.3184275390954935,17,374.0
5440.0,24,381.0,6.35,6.140458798244789,14,310.0,0.25510726708018294,10,116.0,0.38862576378363894,24,426.0
5445.0,21,431.0,7.836363636363636,5.705047634795927,11,352.0,0.30745006419424653,10,140.0,0.43940904415461657,21,492.0
5450.0,20,492.0,9.283018867924529,6.0364259764399195,8,353.0,0.4074810886237307,12,172.0,0.31425840013496803,20,525.0
5455.0,23,466.0,8.321428571428571,5.092570863771655,10,366.0,0.32056310657041004,13,193.0,0.18055913137417837,23,559.0
5460.0,22,542.0,9.344827586206897,6.025321201918103,10,390.0,0.31319452153022365,12,203.0,0.3250734850916896,22,593.0
5465.0,24,528.0,9.428571428571429,5.428301811672548,12,432.0,0.34177137959357934,12,179.0,0.3550242399527516,24,611.0
5470.0,22,605.0,10.614035087719298,5.326186550024368,11,471.0,0.37385658889650364,11,188.0,0.2721950756124594,22,659.0
5475.0,24,318.0,5.213114754098361,4.471562488861498,11,296.0,0.2846089363523107,13,212.0,0.22721130363330355,24,508.0
5480.0,25,358.0,5.774193548387097,4.794213490138584,14,234.0,0.2329284054213169,11,242.0,0.3018098781995813,25,476.0
5485.0,28,385.0,6.209677419354839,5.18470239935178,17,259.0,0.20101325176242862,11,286.0,0.41677458221659325,28,545.0
5490.0,26,423.0,6.507692307692308,5.699713465736688,14,275.0,0.2964963708611766,12,319.0,0.3254757982402455,26,594.0
5495.0,29,393.0,6.338709677419355,4.386939664970099,16,326.0,0.26760314054397394,13,278.0,0.24060298698513086,29,604.0
5500.0,35,509.0,8.079365079365079,3.798596890830649,19,413.0,0.2231679808985383,16,260.0,0.20729115486240585,35,673.0
5505.0,37,537.0,7.782608695652174,3.224721210494904,20,454.0,0.19297197416534967,17,307.0,0.1858413478511284,37,761.0
5510.0,27,490.0,7.101449275362318,4.936282566968137,15,420.0,0.21726050301333433,12,324.0,0.3481875183883084,27,744.0
5515.0,24,505.0,7.651515151515151,5.589331557240772,12,350.0,0.26374799783585395,12,359.0,0.3361222671452013,24,709.0
5520.0,30,602.0,8.852941176470589,5.16351589578703,15,337.0,0.2222276278537338,15,427.0,0.2503493192947442,30,764.0
5525.0,33,666.0,10.090909090909092,4.144824162898334,20,383.0,0.19787812485592238,13,476.0,0.25465955356087383,33,859.0
5530.0,31,707.0,11.046875,4.915391971945581,18,398.0,0.252469246965718,13,518.0,0.32341166226755935,31,916.0
5535.0,33,563.0,8.796875,4.105374477269034,20,469.0,0.24846997652183334,13,437.0,0.24712314560502244,33,906.0
5540.0,36,472.0,7.044776119402985,3.927607497811091,26,563.0,0.23956313060991166,10,326.0,0.29373270108503285,36,889.0
5545.0,38,456.0,6.705882352941177,3.1279899514791794,26,596.0,0.21507331618426867,12,313.0,0.22819219757770726,38,909.0
5550.0,34,416.0,5.942857142857143,3.844444581865994,18,565.0,0.22709748922476455,16,361.0,0.2245002212020157,34,926.0
5555.0,28,371.0,5.082191780821918,4.564081638514605,15,550.0,0.2212084099755324,13,394.0,0.2764083902293819,28,944.0
5560.0,27,342.0,4.5,5.308465833330918,18,516.0,0.1378009085994195,9,373.0,0.4009900205508876,27,889.0
5565.0,33,353.0,4.706666666666667,4.600693732281943,23,529.0,0.14292052832193392,10,378.0,0.3250573834065926,33,907.0
5570.0,36,409.0,5.602739726027397,5.100344117179566,20,467.0,0.25070690125580075,16,450.0,0.3358653916667519,36,917.0
5575.0,35,412.0,5.6438356164383565,4.260554163037406,20,522.0,0.26177223282374046,15,358.0,0.27522224191251005,35,880.0
5580.0,38,476.0,6.611111111111111,4.5250992322831545,24,637.0,0.2316248752158517,14,202.0,0.34088561203662254,38,839.0
5585.0,41,501.0,6.5064935064935066,3.237039075843211,28,658.0,0.17370177394061034,13,224.0,0.2438912545883666,41,882.0
5590.0,32,388.0,5.173333333333333,3.690640208426796,19,594.0,0.15719132173113595,13,228.0,0.23331577568938572,32,822.0
5595.0,29,361.0,4.628205128205129,4.0416210434459225,15,618.0,0.15962262682611306,14,266.0,0.23872768479967246,29,884.0
5600.0,32,416.0,5.073170731707317,4.638994474404846,15,622.0,0.208853640433386,17,304.0,0.23003080758846162,32,926.0
5605.0,38,532.0,6.909090909090909,3.685504224369343,22,632.0,0.1511379946624467,16,356.0,0.2901230649440896,38,988.0
5610.0,36,602.0,8.135135135135135,3.9352509238184483,21,588.0,0.1157219397865337,15,386.0,0.27111468913496933,36,974.0
5615.0,31,595.0,8.150684931506849,4.4634113727780695,16,574.0,0.19310703834387888,15,379.0,0.201576599435323,31,953.0
5620.0,30,588.0,8.166666666666666,4.940641960120489,13,523.0,0.29290964292255095,17,397.0,0.07502801107281058,30,920.0
5625.0,31,581.0,8.183098591549296,4.36402583514558,15,542.0,0.24386079310478087,16,371.0,0.10612154642311938,31,913.0
5630.0,30,422.0,6.492307692307692,4.720244408025102,17,460.0,0.2742657667699202,13,279.0,0.28088426068982414,30,739.0
5635.0,33,463.0,7.349206349206349,4.499006745489616,21,385.0,0.21253654375797404,12,289.0,0.30817118295852924,33,674.0
5640.0,32,508.0,8.327868852459016,3.6090393114230186,22,433.0,0.07841397725300375,10,292.0,0.3355010050586724,32,725.0
5645.0,30,528.0,8.516129032258064,4.450213118413678,18,437.0,0.1184082909141377,12,311.0,0.2758625878119745,30,748.0
5650.0,24,535.0,7.985074626865671,5.67104252628996,13,425.0,0.2606524186806303,11,328.0,0.22242915387921636,24,753.0
5655.0,17,419.0,6.161764705882353,5.989805633923986,8,345.0,0.29891967258313235,9,329.0,0.30276253577871853,17,674.0
5660.0,17,256.0,3.8208955223880596,6.90558378637792,10,244.0,0.38398168439589203,7,253.0,0.4348890787129094,17,497.0
5665.0,21,216.0,3.540983606557377,5.547145421013109,11,251.0,0.33517946206288696,10,174.0,0.4073768839112206,21,425.0
5670.0,23,257.0,4.079365079365079,5.185392498344634,12,239.0,0.278135240346194,11,198.0,0.35517367917738996,23,437.0
5675.0,21,310.0,4.84375,4.767577282604105,11,258.0,0.2707265549875994,10,235.0,0.25742182064978636,21,493.0
5680.0,24,303.0,4.734375,5.169997740210747,13,276.0,0.27761520684151775,11,197.0,0.3084613046355044,24,473.0
5685.0,28,361.0,5.82258064516129,5.027884590194312,18,310.0,0.2844859295485978,10,228.0,0.3090650312134324,28,538.0
5690.0,29,342.0,5.60655737704918,3.909231580566561,20,367.0,0.21909135746450353,9,215.0,0.2593979005211068,29,582.0
5695.0,31,373.0,6.431034482758621,2.942893552389195,23,421.0,0.08179449581816131,8,162.0,0.30198245546383556,31,583.0
5700.0,28,388.0,6.158730158730159,4.769571686173358,18,423.0,0.15694204355400393,10,188.0,0.30822168703302166,28,611.0
5705.0,16,343.0,5.444444444444445,6.6367175978740045,10,406.0,0.2980661886025858,6,166.0,0.321669680446871,16,572.0
5710.0,19,417.0,6.836065573770492,6.943336564273127,11,401.0,0.34284283449489206,8,174.0,0.27197196758928305,19,575.0
5715.0,15,306.0,5.368421052631579,5.629361998089916,10,296.0,0.23732793199673594,5,193.0,0.3295289383036633,15,489.0
5720.0,23,393.0,7.017857142857143,5.8594236933612835,16,306.0,0.20229210784534168,7,223.0,0.3741672295547069,23,529.0
5725.0,21,285.0,5.588235294117647,5.017348969611188,15,332.0,0.16335203375661617,6,124.0,0.46653825250554837,21,456.0
5730.0,19,297.0,5.711538461538462,6.234825773919346,15,337.0,0.23300798252254473,4,62.0,0.547997265174857,19,399.0
5735.0,19,299.0,6.1020408163265305,5.4228472548848305,14,357.0,0.2389913664987239,5,55.0,0.44931441686258333,19,412.0
5740.0,18,277.0,5.431372549019608,5.760375091399825,9,306.0,0.270887794282287,9,91.0,0.3772501812881665,18,397.0
5745.0,16,177.0,3.54,4.995126853526762,10,291.0,0.2662403308670706,6,71.0,0.28029185888461783,16,362.0
5750.0,23,177.0,3.2777777777777777,4.942948829680451,12,247.0,0.2719209367397201,11,97.0,0.3172261043421407,23,344.0
5755.0,23,251.0,4.735849056603773,4.869194870676375,14,254.0,0.3435654251407571,9,139.0,0.34124654515640385,23,393.0
5760.0,17,286.0,5.296296296296297,5.297657147911347,8,220.0,0.3588250198180217,9,184.0,0.3342434368802913,17,404.0
5765.0,18,199.0,3.262295081967213,4.95332524592616,10,208.0,0.26188473784297567,8,175.0,0.35555534925812776,18,383.0
5770.0,21,214.0,3.292307692307692,5.618130663840704,17,258.0,0.16785367808703963,4,103.0,0.5109452451502031,21,361.0
5775.0,23,275.0,4.296875,5.908017654466746,19,293.0,0.17324532812236243,4,92.0,0.6265456429164894,23,385.0
5780.0,26,315.0,4.7727272727272725,5.347617908597994,18,322.0,0.18562604614797268,8,122.0,0.40250988281845645,26,444.0
5785.0,24,358.0,5.507692307692308,5.1682342703119915,13,344.0,0.2984733234394176,11,166.0,0.2970966846794854,24,510.0
5790.0,21,317.0,5.031746031746032,5.487561390068208,9,297.0,0.28372615674716617,12,213.0,0.3176283009430166,21,510.0
5795.0,24,315.0,5.163934426229508,4.7646954494699445,13,260.0,0.17265039743010005,11,252.0,0.2844244495318377,24,512.0
5800.0,30,308.0,4.888888888888889,4.408534175711848,19,326.0,0.11888790452779088,11,228.0,0.2353678400705645,30,554.0
5805.0,32,366.0,5.809523809523809,5.08174186652109,22,397.0,0.19409795584750528,10,193.0,0.368700299154552,32,590.0
5810.0,27,308.0,4.967741935483871,4.931424712785158,19,459.0,0.25518629415717137,8,178.0,0.358842779895467,27,637.0
5815.0,28,336.0,5.419354838709677,4.743103826761616,18,484.0,0.2737554269744833,10,135.0,0.35376280353299355,28,619.0
5820.0,28,361.0,5.640625,3.903566883145442,16,485.0,0.24045040618656877,12,167.0,0.2685337833349582,28,652.0
5825.0,28,336.0,4.8,4.318486006910216,14,414.0,0.1917868438506612,14,235.0,0.3146029446254813,28,649.0
5830.0,27,272.0,3.8857142857142857,4.599949282732241,14,393.0,0.2767615494711808,13,249.0,0.239351740468457,27,642.0
5835.0,25,300.0,4.225352112676056,5.264975850232024,18,450.0,0.2403045358958228,7,222.0,0.3473642680543044,25,672.0
5840.0,33,399.0,5.541666666666667,3.7029707805618597,25,489.0,0.07694867375649896,8,249.0,0.34211766485933787,33,738.0
5845.0,33,505.0,6.733333333333333,4.844210343834687,19,487.0,0.19105691452064102,14,304.0,0.3137441384141602,33,791.0
5850.0,32,490.0,6.363636363636363,5.012779185096103,17,513.0,0.2742276084178688,15,314.0,0.20784427216176454,32,827.0
5855.0,35,543.0,7.0519480519480515,4.951845179401408,19,519.0,0.22705037407030218,16,299.0,0.28410912483144074,35,818.0
5860.0,38,544.0,7.253333333333333,4.098357531463403,22,549.0,0.21340667309693148,16,311.0,0.27193083459746514,38,860.0
5865.0,34,410.0,5.466666666666667,4.023344427899132,23,605.0,0.20570477835450196,11,274.0,0.2573354266418945,34,879.0
5870.0,30,380.0,5.066666666666666,3.961553075598105,19,637.0,0.1520407649218968,11,254.0,0.3325387637244618,30,891.0
5875.0,23,372.0,4.769230769230769,5.1348802648205965,15,622.0,0.1918428377188394,8,256.0,0.30392516921766005,23,878.0
5880.0,28,413.0,5.506666666666667,5.516191977030791,16,606.0,0.17628105491573054,12,309.0,0.32017761977572856,28,915.0
5885.0,35,367.0,5.097222222222222,4.462059875400911,22,634.0,0.06822123291862206,13,247.0,0.24419914030165513,35,881.0
5890.0,36,479.0,7.369230769230769,4.397092279962744,24,668.0,0.13064546284666936,12,252.0,0.4138636455434995,36,920.0
5895.0,30,530.0,8.28125,3.974856858031396,20,635.0,0.21423030641839924,10,293.0,0.3628404497123472,30,928.0
5900.0,22,452.0,6.746268656716418,4.731490573627025,13,626.0,0.27631528189176413,9,316.0,0.34567631529187987,22,942.0
5905.0,24,368.0,5.111111111111111,4.476764324929468,14,632.0,0.1703921450758558,10,280.0,0.3386887266581257,24,912.0
5910.0,28,311.0,4.260273972602739,4.377103813790809,18,643.0,0.21390184735437404,10,231.0,0.2647596829461178,28,874.0
5915.0,30,317.0,4.342465753424658,4.37959318252285,16,595.0,0.28574907145656697,14,271.0,0.17763341494613308,30,866.0
5920.0,26,370.0,5.285714285714286,4.627810173308768,14,583.0,0.23222533901141684,12,307.0,0.21073210527455422,26,890.0
5925.0,31,435.0,6.492537313432836,4.441434658837325,18,522.0,0.07594913986331651,13,352.0,0.2588699343740083,31,874.0
5930.0,30,479.0,7.369230769230769,3.533670814790445,17,566.0,0.08740125438651435,13,374.0,0.1798205973115091,30,940.0
5935.0,23,492.0,7.454545454545454,4.776568340633818,11,574.0,0.1815176168293349,12,403.0,0.25538716655029525,23,977.0
5940.0,24,508.0,8.327868852459016,4.031062575500039,13,571.0,0.19402522691017465,11,416.0,0.2663893006720329,24,987.0
5945.0,30,549.0,9.0,4.415717481127723,16,530.0,0.2467540658044504,14,398.0,0.24558291537128166,30,928.0
5950.0,29,623.0,9.734375,3.607585898696883,13,565.0,0.14652767698173252,16,451.0,0.25057116567005233,29,1016.0
5955.0,24,694.0,11.37704918032787,4.220000447918202,10,559.0,0.20676872007378014,14,486.0,0.2596481409894876,24,1045.0
5960.0,27,565.0,8.692307692307692,4.550295813459623,12,476.0,0.26501980212716303,15,510.0,0.21186571972868987,27,986.0
5965.0,30,610.0,9.682539682539682,4.992627623396189,18,469.0,0.2156877094520016,12,490.0,0.2769922133385388,30,959.0
5970.0,34,392.0,5.9393939393939394,4.2257019152289095,19,472.0,0.11809221248166499,15,377.0,0.2076220622159279,34,849.0
5975.0,33,409.0,6.104477611940299,4.774643759218368,23,570.0,0.12917326371622,10,255.0,0.33250463071193304,33,825.0
5980.0,33,449.0,6.701492537313433,4.561376367848113,20,597.0,0.171913171218772,13,237.0,0.36218538035168296,33,834.0
5985.0,31,472.0,7.375,4.561634534664385,16,553.0,0.2809807537965007,15,295.0,0.3048166249227332,31,848.0
5990.0,32,416.0,6.208955223880597,3.881964460289228,13,554.0,0.27987155587968365,19,343.0,0.2355614940124406,32,897.0
5995.0,24,317.0,4.803030303030303,3.613625220529598,7,487.0,0.23750330862004634,17,386.0,0.20509931431791648,24,873.0
6000.0,29,271.0,4.1692307692307695,3.390894200400445,11,477.0,0.24883718428289756,18,403.0,0.17179456193561005,29,880.0
6005.0,32,310.0,4.492753623188406,3.498489340611331,17,544.0,0.15256742343563282,15,366.0,0.2009725496657921,32,910.0
6010.0,36,384.0,5.333333333333333,3.3469451248063953,20,610.0,0.12322520295918858,16,377.0,0.19712954166453908,36,987.0
6015.0,40,457.0,6.175675675675675,4.2391405764097385,23,710.0,0.22247711556627434,17,373.0,0.2397787759209385,40,1083.0
6020.0,34,498.0,6.821917808219178,3.939321973495881,19,726.0,0.22188130470467646,15,420.0,0.27063532955031616,34,1146.0
6025.0,29,441.0,6.3,3.6361873227941843,13,655.0,0.22801625572796713,16,446.0,0.19916449191071706,29,1101.0
6030.0,32,491.0,7.014285714285714,4.130831176177615,12,611.0,0.30558094580295575,20,474.0,0.13044189528716113,32,1085.0
6035.0,29,449.0,6.236111111111111,4.313374868127691,12,563.0,0.2635702934553408,17,454.0,0.13672659581816968,29,1017.0
6040.0,25,274.0,3.971014492753623,4.452696118207404,11,431.0,0.18473013482318867,14,425.0,0.2510699318899151,25,856.0
6045.0,33,381.0,5.602941176470588,4.760303827528425,16,354.0,0.2514833242369267,17,453.0,0.266264595728628,33,807.0
6050.0,31,471.0,7.029850746268656,4.295332692431111,16,379.0,0.28595740429892774,15,507.0,0.2609596939289884,31,886.0
6055.0,23,487.0,7.854838709677419,4.656162528734421,10,334.0,0.3056019558864767,13,530.0,0.21158351283721694,23,864.0
6060.0,24,495.0,7.5,4.8601254684526545,8,315.0,0.21687903739369874,16,594.0,0.25017826479126554,24,909.0
6065.0,27,523.0,8.046153846153846,5.147177117627605,14,316.0,0.14019114702206822,13,582.0,0.32989178899818955,27,898.0
6070.0,30,396.0,6.285714285714286,4.8821205143979505,19,362.0,0.18531653943263007,11,508.0,0.32800463744475755,30,870.0
6075.0,26,419.0,6.868852459016393,5.097219948484132,15,404.0,0.30167172290076133,11,433.0,0.3342778101198742,26,837.0
6080.0,25,424.0,6.838709677419355,4.496170028279916,14,388.0,0.2641185102244956,11,425.0,0.3233313155859368,25,813.0
6085.0,33,533.0,8.075757575757576,4.572547539199945,18,367.0,0.21999254256613715,15,471.0,0.3558799367853362,33,838.0
6090.0,36,482.0,7.088235294117647,3.5397337686075723,19,383.0,0.16636387744751885,17,472.0,0.2834553883029539,36,855.0
6095.0,28,347.0,5.102941176470588,4.714632292130985,11,306.0,0.28454884119190255,17,424.0,0.2723692802017609,28,730.0
6100.0,28,378.0,5.323943661971831,3.824894177168464,7,303.0,0.277088709199852,21,448.0,0.12659648055901843,28,751.0
6105.0,35,452.0,6.191780821917808,3.937072251198213,12,321.0,0.21966241252529983,23,445.0,0.17471938590710007,35,766.0
6110.0,31,405.0,5.472972972972973,3.975142792097036,15,316.0,0.19452235593715278,16,453.0,0.2611142670802515,31,769.0
6115.0,20,290.0,4.142857142857143,4.874146395344467,8,252.0,0.2906843672997233,12,391.0,0.25966206474496056,20,643.0
6120.0,22,351.0,5.2388059701492535,5.6825253661749775,7,218.0,0.31321189316390885,15,368.0,0.25878411726431494,22,586.0
6125.0,26,332.0,4.676056338028169,5.830026164615438,8,142.0,0.33249747096955096,18,414.0,0.19034238201539466,26,556.0
6130.0,28,378.0,5.90625,5.635854387912914,10,98.0,0.33480961357426847,18,429.0,0.23749062673815188,28,527.0
6135.0,25,397.0,6.403225806451613,5.517294533354346,10,128.0,0.3698024845519498,15,444.0,0.26476143156462995,25,572.0
6140.0,23,354.0,5.80327868852459,5.314735017137687,11,171.0,0.37878086135012007,12,421.0,0.29202230567616416,23,592.0
6145.0,28,343.0,5.532258064516129,4.371769598819579,11,185.0,0.3646777637116685,17,356.0,0.2123779054578179,28,541.0
6150.0,24,277.0,4.328125,4.559951690845812,6,141.0,0.3649768944107544,18,381.0,0.2281710155776782,24,522.0
6155.0,26,318.0,5.129032258064516,5.8131763627865825,9,131.0,0.48364052307500227,17,384.0,0.23190604408694962,26,515.0
6160.0,26,373.0,5.828125,4.920651580684151,10,166.0,0.39683353435190405,16,416.0,0.1817309918069333,26,582.0
6165.0,25,340.0,5.230769230769231,4.571219648192783,12,171.0,0.25256027946802334,13,405.0,0.18136982410857028,25,576.0
6170.0,31,388.0,5.791044776119403,4.606087642240211,18,230.0,0.2038973463259269,13,388.0,0.17337284660504146,31,618.0
6175.0,28,377.0,5.890625,4.9930477878312685,15,298.0,0.24946609965716687,13,353.0,0.22730504904507337,28,651.0
6180.0,21,413.0,6.661290322580645,5.819127622588379,10,322.0,0.3655798474970457,11,326.0,0.2564050503007676,21,648.0
6185.0,18,322.0,5.75,4.653545347829623,9,272.0,0.2514826691552377,9,316.0,0.23815842707495358,18,588.0
6190.0,26,330.0,5.7894736842105265,4.647973168574832,16,256.0,0.15868255377072432,10,280.0,0.2447758256523862,26,536.0
6195.0,27,347.0,5.783333333333333,4.883016238193133,15,283.0,0.1149679873772669,12,299.0,0.304173164370785,27,582.0
6200.0,23,338.0,5.9298245614035086,5.463204455401354,14,272.0,0.21806883638994592,9,308.0,0.40183254181268835,23,580.0
6205.0,20,282.0,5.127272727272727,4.627557506050027,12,269.0,0.3113436419182963,8,278.0,0.30964558151740024,20,547.0
6210.0,23,247.0,4.574074074074074,4.728256817297451,9,222.0,0.3172378395644148,14,246.0,0.26534230006505394,23,468.0
6215.0,25,330.0,5.892857142857143,4.137967368629467,10,233.0,0.31148357054519465,15,285.0,0.1479161566887656,25,518.0
6220.0,28,434.0,7.482758620689655,4.455028909959279,13,249.0,0.1815129451054422,15,335.0,0.23530781065044304,28,584.0
6225.0,29,366.0,6.203389830508475,4.263800543120281,17,275.0,0.22614573128612478,12,275.0,0.2953345973579938,29,550.0
6230.0,29,471.0,7.85,4.596156189361079,15,317.0,0.2652876191877086,14,302.0,0.2931419001993204,29,619.0
6235.0,29,415.0,6.693548387096774,4.059560731576571,15,327.0,0.30428033344753386,14,286.0,0.20454989517141028,29,613.0
6240.0,16,236.0,3.746031746031746,5.752292323344432,8,261.0,0.3551087375831643,8,211.0,0.3047578681554992,16,472.0
6245.0,18,223.0,3.596774193548387,5.691656670719076,8,255.0,0.22185079397907462,10,170.0,0.3297423499666528,18,425.0
6250.0,25,262.0,4.030769230769231,5.243222621678315,14,255.0,0.1446306664457884,11,177.0,0.274482303165706,25,432.0
6255.0,27,284.0,4.813559322033898,5.16324941440059,15,289.0,0.23787679313605567,12,189.0,0.3184955542001023,27,478.0
6260.0,19,314.0,5.233333333333333,5.393794365276742,10,256.0,0.35120801227944515,9,219.0,0.26462957582946955,19,475.0
6265.0,21,283.0,4.879310344827586,4.885074949338539,11,233.0,0.3644131818144497,10,229.0,0.17322372750541484,21,462.0
6270.0,23,312.0,5.114754098360656,5.324417832562882,12,245.0,0.4025362041622198,11,221.0,0.17582215972099655,23,466.0
6275.0,26,401.0,6.683333333333334,5.249549879815401,13,275.0,0.35862258497266714,13,263.0,0.2936020324003729,26,538.0
6280.0,24,383.0,6.719298245614035,4.697000357352332,13,288.0,0.2676957405895636,11,226.0,0.30544224853163626,24,514.0
6285.0,25,393.0,6.775862068965517,4.691647665005198,15,297.0,0.228401956499252,10,240.0,0.31820097928663155,25,537.0
6290.0,26,436.0,7.147540983606557,5.105424297752805,15,341.0,0.3170997801741796,11,261.0,0.2551421934897192,26,602.0
6295.0,25,422.0,6.918032786885246,5.279086131796078,16,341.0,0.25848581779746754,9,261.0,0.3177102613615108,25,602.0
6300.0,31,359.0,5.698412698412699,4.523747350620375,21,299.0,0.22645679322289114,10,250.0,0.28706554832264264,31,549.0
6305.0,26,298.0,4.584615384615384,4.993272236832635,18,345.0,0.2448508975223219,8,174.0,0.4035067541098706,26,519.0
6310.0,29,374.0,5.753846153846154,4.793456741627853,19,384.0,0.2985444275588654,10,162.0,0.3564709721175196,29,546.0
6315.0,28,351.0,5.086956521739131,4.10713069987553,17,411.0,0.264901634069192,11,176.0,0.2970719391942652,28,587.0
6320.0,23,296.0,4.169014084507042,5.044750063232717,16,374.0,0.17535238834047004,7,172.0,0.48790853205853574,23,546.0
6325.0,27,327.0,4.605633802816901,5.1742050559569615,18,396.0,0.15383200892308443,9,199.0,0.4380428599466928,27,595.0
6330.0,31,346.0,4.942857142857143,4.910473085214668,23,471.0,0.07898518586519362,8,167.0,0.4012256476451343,31,638.0
6335.0,36,441.0,6.681818181818182,4.4357740380798925,26,517.0,0.14946614274966924,10,163.0,0.3121867163778925,36,680.0
6340.0,34,481.0,7.4,4.199193424287526,24,549.0,0.15337092779897002,10,146.0,0.36081840782823477,34,695.0
6345.0,36,567.0,8.723076923076922,3.695155733227489,23,600.0,0.20003095326019898,13,191.0,0.30906653424259967,36,791.0
6350.0,34,517.0,7.953846153846154,3.8533703129632566,22,629.0,0.18801912555808395,12,195.0,0.3162686066206037,34,824.0
6355.0,32,421.0,6.378787878787879,3.8949380760736987,18,626.0,0.189175230567719,14,192.0,0.2875685613637571,32,818.0
6360.0,31,237.0,3.3857142857142857,3.619087039557465,18,537.0,0.1574200677806762,13,203.0,0.16139744815722737,31,740.0
6365.0,20,204.0,2.8732394366197185,5.123383386657756,14,493.0,0.2129369122869111,6,161.0,0.27308468689095544,20,654.0
6370.0,17,213.0,3.1323529411764706,6.117900601260921,12,453.0,0.3369705350160315,5,161.0,0.2885465846576333,17,614.0
6375.0,25,256.0,3.710144927536232,5.318370738869016,13,437.0,0.2960270547651065,12,194.0,0.23434249528938436,25,631.0
6380.0,26,295.0,4.46969696969697,4.473038602481193,13,471.0,0.2257630725079254,13,203.0,0.2809782496988794,26,674.0
6385.0,22,310.0,5.344827586206897,4.4009393026724295,17,493.0,0.0902569820397873,5,159.0,0.36552903889877186,22,652.0
6390.0,19,248.0,4.133333333333334,4.3123430705018,16,496.0,0.11598293658876939,3,117.0,0.3020879461837339,19,613.0
6395.0,25,280.0,4.666666666666667,5.12536537250051,16,474.0,0.2000623143415637,9,148.0,0.2693653456554694,25,622.0
6400.0,28,272.0,4.610169491525424,4.743770324612165,16,478.0,0.2296171050804172,12,166.0,0.2801904919991647,28,644.0
6405.0,21,329.0,5.576271186440678,6.089077984598266,17,507.0,0.20712646721037262,4,145.0,0.5319733889118019,21,652.0
6410.0,23,297.0,4.95,5.379164600766317,17,519.0,0.22443866368905313,6,73.0,0.35948111465205906,23,592.0
6415.0,25,308.0,4.967741935483871,5.470241139196186,12,460.0,0.27246369940154,13,127.0,0.32480061025500384,25,587.0
6420.0,25,296.0,4.852459016393443,4.606280156216693,10,449.0,0.2347690902168005,15,161.0,0.326121535058286,25,610.0
6425.0,13,163.0,2.5873015873015874,5.147768841571757,8,384.0,0.18965823207040922,5,146.0,0.3757164033461621,13,530.0
6430.0,16,110.0,1.6666666666666667,5.462495113636888,9,341.0,0.2587957124191282,7,131.0,0.3063560371405516,16,472.0
6435.0,27,197.0,2.9402985074626864,5.7006477039270305,17,406.0,0.28939358168674395,10,134.0,0.3088592856970195,27,540.0
6440.0,28,304.0,4.606060606060606,4.945809495159106,17,491.0,0.2681499240516482,11,158.0,0.3243975183234774,28,649.0
6445.0,26,343.0,5.044117647058823,5.184041565557019,17,545.0,0.22359314327783272,9,144.0,0.4067979851041787,26,689.0
6450.0,24,417.0,6.415384615384616,5.694621626433865,17,598.0,0.1338118268388446,7,140.0,0.5085620452786562,24,738.0
6455.0,29,456.0,6.608695652173913,5.152368169101013,18,596.0,0.19377813876203798,11,159.0,0.3901747578065339,29,755.0
6460.0,29,452.0,6.746268656716418,5.044710929994391,14,515.0,0.3078976442573663,15,215.0,0.3476953547129647,29,730.0
6465.0,32,344.0,4.845070422535211,4.295417757016821,12,484.0,0.2793488843394194,20,210.0,0.2764366649033155,32,694.0
6470.0,31,326.0,4.405405405405405,4.676838885351057,12,368.0,0.3009967091086224,19,281.0,0.25538528976547126,31,649.0
6475.0,30,322.0,4.2368421052631575,4.409969210267609,9,373.0,0.33128133143687893,21,323.0,0.1703564212096044,30,696.0
6480.0,41,469.0,5.936708860759493,4.209157151917242,16,425.0,0.2777840323497537,25,371.0,0.18902492213204958,41,796.0
6485.0,43,633.0,8.220779220779221,3.5979612793455846,18,439.0,0.206191237383251,25,475.0,0.21097635469053017,43,914.0
6490.0,39,771.0,9.759493670886076,4.0072288216250005,13,458.0,0.24829730745277026,26,582.0,0.21361017614920236,39,1040.0
6495.0,38,794.0,9.925,4.159366814487455,13,472.0,0.3063755058359481,25,623.0,0.15815873472844832,38,1095.0
6500.0,34,553.0,7.089743589743589,4.271317524152652,13,429.0,0.26697756445138776,21,579.0,0.14854983819476544,34,1008.0
6505.0,30,411.0,5.337662337662338,4.201820196383227,14,366.0,0.17147584254752588,16,568.0,0.2147428521770736,30,934.0
6510.0,35,443.0,5.6075949367088604,3.9318025770536935,16,414.0,0.12825471824260756,19,594.0,0.23414407639584237,35,1008.0
6515.0,44,531.0,7.08,3.640803719350884,20,491.0,0.2129457776973216,24,633.0,0.21403875209798984,44,1124.0
6520.0,44,595.0,7.7272727272727275,3.4669485600761103,18,543.0,0.2385140921173004,26,658.0,0.19723424678494866,44,1201.0
6525.0,39,585.0,7.134146341463414,3.444868002756076,12,521.0,0.2771507441795729,27,685.0,0.10336162490076725,39,1206.0
6530.0,31,388.0,4.7317073170731705,4.667407494345616,9,441.0,0.37039885588455035,22,612.0,0.11088407343788496,31,1053.0
6535.0,29,442.0,5.325301204819277,5.438083579850582,11,388.0,0.3035500492799584,18,563.0,0.23411161171946782,29,951.0
6540.0,35,447.0,5.321428571428571,4.861432467051959,18,407.0,0.18249623806249818,17,565.0,0.2633828515534101,35,972.0
6545.0,30,400.0,5.194805194805195,4.67299082371945,13,389.0,0.2790123115538901,17,535.0,0.16671757463406064,30,924.0
6550.0,31,481.0,6.680555555555555,4.083980255345521,10,416.0,0.34479771838333445,21,577.0,0.053009482468817204,31,993.0
6555.0,31,589.0,8.180555555555555,4.310470173513651,16,470.0,0.1719379166403811,15,580.0,0.18607659060207415,31,1050.0
6560.0,33,527.0,7.422535211267606,4.419723668669908,19,400.0,0.1031455691537594,14,554.0,0.27719448970647226,33,954.0
6565.0,35,493.0,7.25,4.916521766278148,20,324.0,0.1748774979208054,15,519.0,0.3153752416136214,35,843.0
6570.0,36,554.0,8.393939393939394,3.7184952149865627,18,361.0,0.22776743535608102,18,554.0,0.22139920074360367,36,915.0
6575.0,33,536.0,7.768115942028985,3.7488515530034117,11,326.0,0.3012418912578275,22,564.0,0.12405491937115913,33,890.0
6580.0,33,626.0,9.072463768115941,4.196116111579076,11,313.0,0.3589342423551396,22,622.0,0.1049525170517981,33,935.0
6585.0,27,655.0,8.85135135135135,4.646958054912453,10,321.0,0.21899124360766548,17,631.0,0.1999517840505752,27,952.0
6590.0,30,739.0,9.474358974358974,5.018456120439159,15,355.0,0.16682269079646922,15,646.0,0.27743808300493705,30,1001.0
6595.0,35,707.0,9.302631578947368,5.1633450646658785,17,338.0,0.26689818484912514,18,660.0,0.26699532303379636,35,998.0
6600.0,35,545.0,7.676056338028169,4.181318192624114,17,329.0,0.32674231898832307,18,579.0,0.174221146594101,35,908.0
6605.0,35,471.0,6.728571428571429,3.6488025027749975,17,355.0,0.25912527907324706,18,417.0,0.19000606009655638,35,772.0
6610.0,34,426.0,6.085714285714285,3.5032842441584062,14,326.0,0.24144297677713347,20,449.0,0.1517105532183986,34,775.0
6615.0,24,233.0,3.3768115942028984,3.644044429252913,9,258.0,0.1832046259328742,15,426.0,0.12540350053435934,24,684.0
6620.0,21,262.0,3.742857142857143,5.186457749428641,9,195.0,0.23456876155215986,12,417.0,0.2607701497974648,21,612.0
6625.0,24,291.0,4.1571428571428575,4.970868298507729,11,210.0,0.2216306301798826,13,408.0,0.30279996752800786,24,618.0
6630.0,23,346.0,5.242424242424242,4.4441334009330795,9,199.0,0.26853234130033654,14,433.0,0.24183142665447852,23,632.0
6635.0,23,408.0,6.276923076923077,4.956760777216494,9,204.0,0.3210256319661863,14,427.0,0.16928662443456965,23,631.0
6640.0,20,312.0,4.7272727272727275,5.070191197012913,9,173.0,0.276932629867835,11,359.0,0.21060246308687855,20,532.0
6645.0,29,419.0,6.348484848484849,4.946319583965723,16,209.0,0.1994163117541094,13,350.0,0.24354065876481829,29,559.0
6650.0,31,514.0,8.03125,4.599287092054425,17,266.0,0.20784198620500344,14,393.0,0.23863443556886868,31,659.0
6655.0,18,534.0,8.612903225806452,5.533695208301028,8,279.0,0.3076140555475218,10,406.0,0.20817116943741415,18,685.0
6660.0,20,429.0,7.032786885245901,5.394904083348971,6,188.0,0.34202822082983575,14,423.0,0.14455973022551924,20,611.0
6665.0,21,424.0,6.950819672131147,5.518919854375232,8,174.0,0.2965936756340403,13,408.0,0.2626226219648667,21,582.0
6670.0,18,308.0,5.049180327868853,5.906154278959499,9,197.0,0.38899955141718223,9,340.0,0.3401823491799329,18,537.0
6675.0,22,311.0,5.098360655737705,5.598105396212767,10,208.0,0.383135032395726,12,243.0,0.30101283257566513,22,451.0
6680.0,22,316.0,5.180327868852459,4.824271972935182,8,232.0,0.40447247451368135,14,258.0,0.1894367412025222,22,490.0
6685.0,26,373.0,5.920634920634921,5.6078187588594375,11,255.0,0.3694579797316512,15,243.0,0.19705612599395234,26,498.0
6690.0,30,446.0,6.757575757575758,4.670505227146909,14,303.0,0.2820229253443157,16,262.0,0.1888644997238386,30,565.0
6695.0,30,504.0,7.636363636363637,4.892291303161159,18,382.0,0.26459530050737107,12,256.0,0.26119684679397664,30,638.0
6700.0,30,541.0,8.323076923076924,4.8117309794419025,18,455.0,0.28844615846754856,12,264.0,0.3604986934516878,30,719.0
6705.0,30,653.0,10.046153846153846,4.220429470941131,15,517.0,0.26394677229516067,15,308.0,0.2945231517846603,30,825.0
6710.0,34,436.0,6.140845070422535,3.668738860695585,17,443.0,0.2324807106958214,17,343.0,0.26207909767748466,34,786.0
6715.0,32,498.0,6.916666666666667,4.294838789763001,19,344.0,0.13130944077067816,13,347.0,0.3916193867521288,32,691.0
6720.0,36,610.0,8.026315789473685,4.278379265588384,23,443.0,0.14229049682126976,13,355.0,0.3536291004687102,36,798.0
6725.0,39,731.0,9.1375,4.482647101811951,24,563.0,0.16521815873435902,15,340.0,0.29887749022100507,39,903.0
6730.0,40,687.0,8.922077922077921,3.2025887600901513,22,582.0,0.11814611231295408,18,391.0,0.17858304776838207,40,973.0
6735.0,33,513.0,6.662337662337662,3.8787151102847877,16,490.0,0.11991498520662208,17,431.0,0.16781719595667488,33,921.0
6740.0,26,422.0,5.626666666666667,4.712214810346587,10,413.0,0.25349856721316694,16,413.0,0.12807919301736934,26,826.0
6745.0,31,417.0,5.635135135135135,5.0706357199944545,9,400.0,0.3350709476433203,22,379.0,0.08451143740386358,31,779.0
6750.0,33,314.0,4.422535211267606,4.172016169087303,12,407.0,0.23601093915634277,21,418.0,0.14981959374451279,33,825.0
6755.0,35,423.0,6.409090909090909,3.5944834611593817,14,416.0,0.2827290071697501,21,461.0,0.17496609042082234,35,877.0
6760.0,31,452.0,6.457142857142857,4.284756377423855,12,376.0,0.30620294871049214,19,514.0,0.18001244206853925,31,890.0
6765.0,26,451.0,6.352112676056338,4.666421181513471,10,375.0,0.2610190582839631,16,490.0,0.19391009148862534,26,865.0
6770.0,30,473.0,6.47945205479452,4.696764080000069,16,438.0,0.20726315901564216,14,458.0,0.23932828996619904,30,896.0
6775.0,34,423.0,5.794520547945205,4.603484326085136,20,483.0,0.18851917007094282,14,380.0,0.29989151473201525,34,863.0
6780.0,25,366.0,5.013698630136986,4.202417099268369,15,488.0,0.18972636841195267,10,397.0,0.28719625998499604,25,885.0
6785.0,20,360.0,5.0,5.122150374983205,12,459.0,0.25067392356891754,8,403.0,0.3225766706605748,20,862.0
6790.0,23,324.0,4.5,5.1421441560465535,10,381.0,0.20880909446229834,13,446.0,0.3153979275049603,23,827.0
6795.0,32,337.0,4.884057971014493,4.527542775613486,14,351.0,0.1570401956293101,18,523.0,0.21809712343752677,32,874.0
6800.0,39,429.0,6.402985074626866,4.129703456906443,20,402.0,0.08265907400550217,19,560.0,0.1957041983469666,39,962.0
6805.0,34,496.0,7.873015873015873,3.85795973952536,17,446.0,0.11358149655403459,17,578.0,0.2331805776238993,34,1024.0
6810.0,23,416.0,6.933333333333334,4.450108037523786,9,415.0,0.3013326137977551,14,598.0,0.18627077667218656,23,1013.0
6815.0,26,475.0,7.916666666666667,5.019846716808908,7,330.0,0.42706141598505365,19,648.0,0.15849876410027605,26,978.0
6820.0,29,559.0,9.016129032258064,4.85029730314275,11,258.0,0.3612059603938752,18,722.0,0.19209419166449057,29,980.0
6825.0,31,663.0,10.359375,4.456715148424249,11,269.0,0.29552570824129143,20,780.0,0.24350691360786705,31,1049.0
6830.0,27,700.0,10.294117647058824,4.589131208554544,7,238.0,0.369935219618044,20,841.0,0.1864369799995988,27,1079.0
6835.0,25,685.0,10.073529411764707,4.934869135130724,7,214.0,0.35052769614678275,18,882.0,0.2144511335523593,25,1096.0
6840.0,31,664.0,9.623188405797102,4.4368488217317745,15,218.0,0.17235097197317986,16,815.0,0.25721992624026363,31,1033.0
6845.0,31,505.0,7.214285714285714,4.560030973852292,16,272.0,0.1246303633351451,15,688.0,0.2858426845096996,31,960.0
6850.0,20,300.0,4.615384615384615,5.1815354330055525,10,285.0,0.23723553704335534,10,702.0,0.2906354465959232,20,987.0
6855.0,18,300.0,4.615384615384615,5.063486504545135,7,245.0,0.30442522823944534,11,734.0,0.21652980606117275,18,979.0
6860.0,29,336.0,5.1692307692307695,4.204123784673962,13,254.0,0.2150609677846972,16,767.0,0.22452946492329567,29,1021.0
6865.0,30,387.0,5.6911764705882355,4.419068696170397,14,292.0,0.20505933723800382,16,771.0,0.2708077369125584,30,1063.0
6870.0,24,432.0,6.6461538461538465,5.209047946621165,6,288.0,0.3354104937061563,18,749.0,0.26422853409108127,24,1037.0
6875.0,26,256.0,3.764705882352941,4.70002573352603,6,205.0,0.30723201415196333,20,642.0,0.1719121087531073,26,847.0
6880.0,25,271.0,4.106060606060606,4.536957249418174,11,139.0,0.2754436902131158,14,704.0,0.24164544258492177,25,843.0
6885.0,28,329.0,5.061538461538461,4.317771642642153,12,172.0,0.24653066851218725,16,721.0,0.2678294329230415,28,893.0
6890.0,31,369.0,5.426470588235294,4.118168544353432,14,237.0,0.18066560338555138,17,737.0,0.2557321630975622,31,974.0
6895.0,31,396.0,5.351351351351352,4.628699042460215,12,251.0,0.2961050006781168,19,742.0,0.2185092272812983,31,993.0
6900.0,26,377.0,5.026666666666666,5.480806392825764,3,183.0,0.47242377977933586,23,833.0,0.1875210789726478,26,1016.0
6905.0,24,457.0,6.5285714285714285,5.739912516992056,5,135.0,0.45612845113828443,19,898.0,0.18868676278776947,24,1033.0
6910.0,23,378.0,5.4,5.455381768732407,6,136.0,0.30207393626472706,17,882.0,0.17892292357703218,23,1018.0
6915.0,30,505.0,7.651515151515151,5.266430796547027,7,163.0,0.41470921455901333,23,920.0,0.15590454014864,30,1083.0
6920.0,31,479.0,8.403508771929825,4.362577928007515,6,93.0,0.4222749009940589,25,917.0,0.1850095110991776,31,1010.0
6925.0,31,451.0,7.775862068965517,4.331820654391552,8,122.0,0.33209690094903493,23,802.0,0.1963900133795101,31,924.0
6930.0,24,337.0,5.524590163934426,3.3979286453320694,9,145.0,0.2678397139625353,15,849.0,0.12798498393579494,24,994.0
6935.0,21,339.0,5.557377049180328,4.8451195882672415,9,174.0,0.33927194373629005,12,826.0,0.2180302067966684,21,1000.0
6940.0,19,227.0,3.721311475409836,4.947693162028972,6,144.0,0.36133088862017687,13,802.0,0.22394668988554772,19,946.0
6945.0,21,219.0,3.3692307692307693,5.997899746063076,3,83.0,0.4601948164396494,18,777.0,0.19080369396051558,21,860.0
6950.0,25,239.0,4.120689655172414,5.343273042999407,3,27.0,0.5021868270204803,22,756.0,0.1387394306225411,25,783.0
6955.0,27,292.0,4.9491525423728815,5.605047782898852,7,55.0,0.3890814278565215,20,655.0,0.18697440569609633,27,710.0
6960.0,23,342.0,6.218181818181818,4.568290883204569,6,71.0,0.33553091154206655,17,613.0,0.1944297648411913,23,684.0
6965.0,27,470.0,8.24561403508772,4.730352913415198,8,99.0,0.4089441297374207,19,595.0,0.20503589637600983,27,694.0
6970.0,27,437.0,7.406779661016949,4.690381657220703,9,122.0,0.4281998164595966,18,590.0,0.22599994587711028,27,712.0
6975.0,32,538.0,8.819672131147541,3.8503614411748943,12,172.0,0.2885016945891032,20,600.0,0.22285360630122472,32,772.0
6980.0,36,553.0,8.507692307692308,3.615776954453285,13,176.0,0.2956621718227456,23,661.0,0.19223228201045134,36,837.0
6985.0,29,567.0,8.723076923076922,4.440388132851635,6,128.0,0.41014389015599595,23,712.0,0.1576881201498673,29,840.0
6990.0,31,636.0,9.352941176470589,3.9102530041582195,6,119.0,0.3586849447703343,25,774.0,0.10933250767486348,31,893.0
6995.0,35,728.0,10.865671641791044,3.137968436397776,12,162.0,0.2512634299468454,23,840.0,0.10152719930405593,35,1002.0
7000.0,42,658.0,9.4,2.6660699086562807,19,195.0,0.2439858783520574,23,814.0,0.08041231351717075,42,1009.0
7005.0,26,338.0,5.044776119402985,4.074149953296794,9,186.0,0.33169719896773087,17,652.0,0.08660329907073698,26,838.0
7010.0,24,284.0,4.4375,4.606122311894987,9,170.0,0.3305377045211295,15,697.0,0.12447475956844903,24,867.0
7015.0,29,358.0,5.507692307692308,4.187543486862493,12,194.0,0.24042821842063097,17,742.0,0.09321522429520154,29,936.0
7020.0,36,411.0,6.85,2.85830804522167,16,206.0,0.20273353762298557,20,713.0,0.1325635380505415,36,919.0
7025.0,27,454.0,7.694915254237288,4.152046710050154,14,224.0,0.23302691931727212,13,647.0,0.18941286726077192,27,871.0
7030.0,30,513.0,8.40983606557377,3.6481814783018405,16,285.0,0.15160066642543657,14,657.0,0.18048884259925277,30,942.0
7035.0,33,529.0,8.53225806451613,4.055372819547911,18,365.0,0.18893473203548433,15,628.0,0.20945380492009757,33,993.0
7040.0,31,519.0,8.796610169491526,3.747552787383258,18,389.0,0.2561564207909656,13,609.0,0.18957863951820844,31,998.0
7045.0,17,372.0,7.018867924528302,4.029091538556487,8,311.0,0.2499130134859163,9,513.0,0.17706864127018992,17,824.0
7050.0,18,214.0,4.196078431372549,4.347155304000246,10,310.0,0.21749079433836951,8,366.0,0.2166227099489265,18,676.0
7055.0,21,266.0,5.115384615384615,4.577828249146588,11,333.0,0.20605430060621238,10,357.0,0.24580864414027984,21,690.0
7060.0,27,285.0,5.588235294117647,4.364779573046481,17,334.0,0.21390159243768136,10,353.0,0.3176680246833299,27,687.0
7065.0,22,334.0,6.549019607843137,4.871143076170674,12,301.0,0.2151252948150425,10,331.0,0.3607632346256511,22,632.0
7070.0,19,254.0,4.980392156862745,4.143740247068726,11,293.0,0.23520313150637168,8,302.0,0.23195531477374232,19,595.0
7075.0,26,253.0,4.685185185185185,4.73699398308745,15,264.0,0.25580970494779953,11,217.0,0.25234596880868604,26,481.0
7080.0,23,261.0,4.660714285714286,4.670987441024525,14,285.0,0.30123185137291214,9,215.0,0.24767795227279293,23,500.0
7085.0,16,275.0,5.288461538461538,6.193494937814576,7,257.0,0.38050583089349127,9,199.0,0.3343214278861152,16,456.0
7090.0,19,228.0,4.1454545454545455,5.128020054011643,11,226.0,0.2945398585621764,8,183.0,0.1887782772457353,19,409.0
7095.0,23,212.0,3.719298245614035,5.550795945680247,13,243.0,0.2879633312272207,10,214.0,0.24381140739822807,23,457.0
7100.0,23,263.0,4.87037037037037,4.746310937032269,16,253.0,0.2511995973270396,7,233.0,0.3710147156545573,23,486.0
7105.0,16,290.0,5.576923076923077,5.478816675887296,11,265.0,0.20748088404496137,5,232.0,0.45833059435354717,16,497.0
7110.0,16,192.0,3.6226415094339623,5.253348984542728,10,240.0,0.1934406561408155,6,175.0,0.331381169129679,16,415.0
7115.0,24,243.0,4.189655172413793,5.670651294097969,16,250.0,0.1321404347172114,8,109.0,0.4234774041447554,24,359.0
7120.0,22,243.0,4.339285714285714,5.46443860355005,16,292.0,0.21151207125203464,6,59.0,0.4519803798766346,22,351.0
7125.0,18,282.0,5.222222222222222,6.338557334282058,9,296.0,0.35437123518258157,9,102.0,0.3986047205121067,18,398.0
7130.0,17,213.0,4.018867924528302,5.144442253749105,9,262.0,0.3233110727363979,8,133.0,0.2794705800255375,17,395.0
7135.0,24,288.0,5.433962264150943,4.773347606217333,11,232.0,0.32872218943582665,13,180.0,0.16345613334731177,24,412.0
7140.0,23,266.0,5.115384615384615,3.8934587536526024,12,260.0,0.24873726328876108,11,181.0,0.1985114401381958,23,441.0
7145.0,16,269.0,4.890909090909091,5.956296076858792,9,247.0,0.33491914829186314,7,138.0,0.2420856648868291,16,385.0
7150.0,13,146.0,2.7547169811320753,6.4310026906661975,7,179.0,0.38040994116536747,6,110.0,0.19070419973973463,13,289.0
7155.0,20,174.0,3.1636363636363636,6.721227631076497,11,118.0,0.3205692838258996,9,122.0,0.28364965996680297,20,240.0
7160.0,19,205.0,4.456521739130435,5.17902415886126,12,159.0,0.26966903888067956,7,137.0,0.37831262060925314,19,296.0
7165.0,17,236.0,5.130434782608695,5.712636277199947,11,184.0,0.2501150495083504,6,119.0,0.4162155323824583,17,303.0
7170.0,18,190.0,3.9583333333333335,4.717287652312028,10,155.0,0.25922192076442363,8,123.0,0.19678029322019736,18,278.0
7175.0,24,274.0,5.48,5.608378220227523,13,163.0,0.31667382698870816,11,177.0,0.36896758846464467,24,340.0
7180.0,18,239.0,4.686274509803922,5.153393067328467,11,198.0,0.29359941896375735,7,161.0,0.39475694010735274,18,359.0
7185.0,13,235.0,4.519230769230769,6.891409734711721,9,210.0,0.36589987865807155,4,75.0,0.4828434986473972,13,285.0
7190.0,13,146.0,2.7037037037037037,6.363876275394277,9,176.0,0.23853369928424092,4,52.0,0.3394777074259035,13,228.0
7195.0,18,215.0,3.909090909090909,7.247949527120616,11,199.0,0.3134671583662193,7,63.0,0.42696081294380706,18,262.0
7200.0,14,168.0,3.2941176470588234,6.853107882647644,9,155.0,0.3314908619040027,5,74.0,0.5056245981107387,14,229.0
