step,system_total_stopped,system_total_waiting_time,system_mean_waiting_time,system_mean_speed,J17_stopped,J17_accumulated_waiting_time,J17_average_speed,J18_stopped,J18_accumulated_waiting_time,J18_average_speed,agents_total_stopped,agents_total_accumulated_waiting_time
5.0,1,0.0,0.0,1.824730448354967,0,0.0,1.0,1,0.0,0.12112307087861296,1,0.0
10.0,0,0.0,0.0,7.20786604419894,0,0.0,0.38958616824389686,0,0.0,0.6144250889787134,0,0.0
15.0,1,0.0,0.0,9.813432099088343,0,0.0,0.76297729388054,1,0.0,0.6494426538648087,1,0.0
20.0,0,0.0,0.0,10.367840856131282,0,0.0,0.771767650675853,0,0.0,0.6985272306167859,0,0.0
25.0,0,0.0,0.0,8.644281444329597,0,0.0,0.5803927731396604,0,0.0,0.644567121663423,0,0.0
30.0,4,6.0,0.3,7.320542882098218,3,4.0,0.468400822271119,1,2.0,0.5888396900484134,4,6.0
35.0,5,29.0,1.2608695652173914,7.421439031745415,3,18.0,0.5291285151329682,2,11.0,0.5573221908089849,5,29.0
40.0,9,62.0,2.3846153846153846,6.430171658732269,5,36.0,0.4156353294867863,4,26.0,0.47740699919585244,9,62.0
45.0,13,117.0,4.0344827586206895,5.283559297011095,6,63.0,0.2696172778160125,7,54.0,0.41535696742280886,13,117.0
50.0,12,119.0,3.606060606060606,5.146668213759828,8,71.0,0.2711456553640194,4,55.0,0.40877487073967594,12,126.0
55.0,14,181.0,5.484848484848484,6.321654552111731,7,109.0,0.4134321104213618,7,75.0,0.4392267765480857,14,184.0
60.0,8,114.0,3.3529411764705883,6.290971551181621,3,91.0,0.48858798439567136,5,60.0,0.4034272355223376,8,151.0
65.0,11,161.0,4.351351351351352,6.966700868800512,5,98.0,0.4892093716420053,6,75.0,0.37913092591469294,11,173.0
70.0,14,128.0,3.2,5.536774122849755,5,59.0,0.37751718173948,9,114.0,0.3511570953256099,14,173.0
75.0,11,130.0,3.0232558139534884,6.91523155117828,3,36.0,0.48371135911361784,8,121.0,0.41645704429803454,11,157.0
80.0,12,180.0,4.0,7.351054824690175,4,47.0,0.4912254847643468,8,139.0,0.38738526613841273,12,186.0
85.0,10,121.0,2.574468085106383,7.993650715114804,4,64.0,0.5517420788724782,6,101.0,0.3747660486434624,10,165.0
90.0,13,151.0,3.3555555555555556,7.919549249009638,5,86.0,0.46049460325156577,8,83.0,0.37729919819477165,13,169.0
95.0,13,195.0,4.875,6.165282717846168,6,112.0,0.2615938087223832,7,108.0,0.32692425459784835,13,220.0
100.0,17,275.0,6.7073170731707314,6.57832370931749,8,156.0,0.4737370823711995,9,146.0,0.24126959061518283,17,302.0
105.0,12,239.0,6.45945945945946,5.776189450120967,4,140.0,0.506004979661894,8,168.0,0.2803637159244644,12,308.0
110.0,12,289.0,7.225,7.021252319059113,6,135.0,0.4453047619514737,6,184.0,0.47980372391845855,12,319.0
115.0,8,146.0,3.65,6.94117429420321,4,63.0,0.3891878272045423,4,165.0,0.5240715460785965,8,228.0
120.0,13,141.0,3.357142857142857,6.81139578409493,8,95.0,0.41492855295215303,5,113.0,0.47818174387955137,13,208.0
125.0,13,62.0,1.55,4.879499590300965,6,87.0,0.36607341880371863,7,98.0,0.35259253958841663,13,185.0
130.0,9,50.0,1.1904761904761905,6.428397258391964,2,44.0,0.3343555372549658,7,68.0,0.3877326533055622,9,112.0
135.0,11,50.0,1.1904761904761905,6.397830928455948,5,44.0,0.31799783652686997,6,77.0,0.21426070175669668,11,121.0
140.0,14,105.0,2.5,7.513939844533901,5,56.0,0.47481445629963115,9,112.0,0.203905126732884,14,168.0
145.0,10,112.0,2.871794871794872,6.859519289995467,3,48.0,0.5494795211497117,7,138.0,0.23123943086442628,10,186.0
150.0,9,130.0,3.823529411764706,7.465494889597516,4,27.0,0.4887188931776651,5,131.0,0.4046665076360424,9,158.0
155.0,5,85.0,2.361111111111111,7.4662817641886505,2,21.0,0.4387047500205641,3,97.0,0.37224014064569083,5,118.0
160.0,4,37.0,1.0,8.524926618011667,3,36.0,0.4543161788040716,1,49.0,0.6270096445321639,4,85.0
165.0,6,67.0,1.763157894736842,9.128506865060018,5,50.0,0.5283208172612017,1,12.0,0.6673916848089003,6,62.0
170.0,5,64.0,1.9393939393939394,7.979749464435216,3,53.0,0.5560139766789152,2,21.0,0.5682770050171266,5,74.0
175.0,12,110.0,3.235294117647059,5.8968872770830885,6,69.0,0.3858322358516369,6,45.0,0.4405255642872841,12,114.0
180.0,13,78.0,2.0526315789473686,4.300492740404319,7,61.0,0.20642607504478155,6,42.0,0.4124002718410756,13,103.0
185.0,11,113.0,2.973684210526316,6.569964886909806,5,65.0,0.3604967336221526,6,46.0,0.48131440773120565,11,111.0
190.0,11,130.0,3.1707317073170733,6.127680203528259,5,74.0,0.31384379882303687,6,65.0,0.3707291614883357,11,139.0
195.0,17,189.0,4.2,6.644077865726922,8,89.0,0.33793796802217374,9,104.0,0.40474204711500184,17,193.0
200.0,16,196.0,4.666666666666667,5.823882000116934,8,125.0,0.43535912242320385,8,101.0,0.3463297373881168,16,226.0
205.0,17,263.0,6.743589743589744,6.140238454426589,9,169.0,0.4001218295681313,8,101.0,0.4062605289800486,17,270.0
210.0,15,222.0,5.285714285714286,4.405846728885576,8,175.0,0.348784436783967,7,103.0,0.1328031955319758,15,278.0
215.0,15,274.0,6.372093023255814,5.823381963183443,7,155.0,0.35436171132061306,8,106.0,0.14088569194953013,15,261.0
220.0,12,123.0,2.9285714285714284,6.102755339732741,5,80.0,0.3989754321591877,7,89.0,0.1394615778881443,12,169.0
225.0,14,152.0,3.5348837209302326,6.881719156404826,6,61.0,0.4771749104777072,8,107.0,0.2436311990790452,14,168.0
230.0,14,191.0,4.1521739130434785,6.2466715429090565,7,79.0,0.4318593861333512,7,140.0,0.399909466613128,14,219.0
235.0,15,255.0,5.1,7.507131073482032,7,101.0,0.5046712725037339,8,167.0,0.4559907972610742,15,268.0
240.0,12,217.0,4.428571428571429,7.102756760449041,5,98.0,0.4255994994722461,7,174.0,0.44200356327621493,12,272.0
245.0,20,271.0,5.018518518518518,5.977996310751406,11,124.0,0.29462826326773556,9,163.0,0.257640654443465,20,287.0
250.0,20,211.0,4.22,5.741478658588692,11,140.0,0.3998715913110594,9,162.0,0.22899630590392986,20,302.0
255.0,21,223.0,4.054545454545455,5.550599982530891,12,173.0,0.3388005001979369,9,122.0,0.2794897480572359,21,295.0
260.0,22,206.0,3.7454545454545456,5.249263552743386,12,173.0,0.36105920007842146,10,127.0,0.2558131550072712,22,300.0
265.0,27,303.0,5.315789473684211,5.298509130688293,15,187.0,0.3620783733335355,12,181.0,0.2699928481779568,27,368.0
270.0,29,256.0,4.063492063492063,4.549592737530291,18,204.0,0.2638291514449299,11,194.0,0.30316142339946633,29,398.0
275.0,19,241.0,3.6515151515151514,6.209768509248947,10,176.0,0.29596967002538543,9,187.0,0.42993167044078046,19,363.0
280.0,19,249.0,3.830769230769231,5.817960701791992,11,188.0,0.265426455111086,8,176.0,0.3986132015078492,19,364.0
285.0,27,315.0,4.565217391304348,5.72669262605159,16,224.0,0.270560495791991,11,165.0,0.21378410910532186,27,389.0
290.0,28,398.0,5.940298507462686,5.474780683265586,17,275.0,0.2692251990400949,11,194.0,0.2881423002639956,28,469.0
295.0,25,471.0,7.596774193548387,5.673400171326044,14,293.0,0.21786510745654222,11,216.0,0.3443548279105448,25,509.0
300.0,25,467.0,7.915254237288136,5.040504586742266,16,322.0,0.16766312604648448,9,220.0,0.29820113886534655,25,542.0
305.0,27,476.0,8.067796610169491,5.176096773573139,15,346.0,0.24498054753753937,12,265.0,0.19594650105167838,27,611.0
310.0,26,443.0,7.910714285714286,4.663151538629251,13,343.0,0.30182350501849614,13,302.0,0.19778264484058497,26,645.0
315.0,26,458.0,8.641509433962264,4.4327076391015945,16,314.0,0.28936118192269134,10,322.0,0.31942494304617736,26,636.0
320.0,24,338.0,5.9298245614035086,3.7660616543363856,17,351.0,0.20686678654812707,7,271.0,0.3251296202184698,24,622.0
325.0,23,323.0,5.47457627118644,5.476298275970581,13,347.0,0.29134427589332723,10,166.0,0.3900004128444878,23,513.0
330.0,25,334.0,5.566666666666666,4.943016139200553,15,395.0,0.27066501816313526,10,156.0,0.22285753711669312,25,551.0
335.0,18,259.0,4.316666666666666,6.282239871132252,11,374.0,0.35244804107839933,7,124.0,0.2676684331931888,18,498.0
340.0,20,278.0,4.964285714285714,5.6764965281687285,13,336.0,0.3155885630082323,7,126.0,0.263804483863487,20,462.0
345.0,23,309.0,5.421052631578948,5.564353060404191,13,353.0,0.230269180209986,10,116.0,0.41416032107225453,23,469.0
350.0,22,377.0,6.981481481481482,5.6043872733598175,14,388.0,0.257436942900474,8,135.0,0.44310780448049336,22,523.0
355.0,24,442.0,8.036363636363637,4.783132842586924,14,438.0,0.2836891690088451,10,158.0,0.3330478024949195,24,596.0
360.0,24,468.0,8.068965517241379,4.4745486658897455,12,449.0,0.31730599076557203,12,178.0,0.21050990628943012,24,627.0
365.0,26,440.0,7.586206896551724,5.346995814900851,11,373.0,0.4350829616709933,15,228.0,0.2181256919841697,26,601.0
370.0,26,367.0,5.919354838709677,5.489224267297272,10,266.0,0.38142427750991964,16,311.0,0.27132961189814514,26,577.0
375.0,23,349.0,5.369230769230769,4.57798130082534,9,297.0,0.285371182367798,14,305.0,0.3112490597373613,23,602.0
380.0,21,245.0,3.6029411764705883,5.45748943040055,13,330.0,0.30753280587787035,8,241.0,0.3154085772261954,21,571.0
385.0,22,261.0,3.782608695652174,5.516729420987393,15,314.0,0.2941129133239585,7,227.0,0.28676160307481546,22,541.0
390.0,27,328.0,4.619718309859155,5.377204466829719,13,280.0,0.3154571074959398,14,251.0,0.2192673466099988,27,531.0
395.0,25,299.0,4.333333333333333,5.187053713753816,11,297.0,0.33327079034482227,14,281.0,0.2567037297885648,25,578.0
400.0,31,390.0,5.735294117647059,5.019428100618986,15,309.0,0.31596452051383467,16,317.0,0.25788153240120076,31,626.0
405.0,33,423.0,6.220588235294118,4.352783116623737,18,362.0,0.21470115485883534,15,309.0,0.3068224306202695,33,671.0
410.0,26,378.0,5.478260869565218,5.002097842281647,18,398.0,0.23587330361374906,8,208.0,0.27567977944020294,26,606.0
415.0,24,473.0,7.390625,5.2826378101883,17,475.0,0.25336401279085585,7,149.0,0.2560799962124785,24,624.0
420.0,22,474.0,7.770491803278689,5.168550723213549,16,494.0,0.2113879516404064,6,100.0,0.21217678939316925,22,594.0
425.0,26,489.0,8.288135593220339,5.148675203709683,14,508.0,0.21769772097837709,12,147.0,0.3009334971353618,26,655.0
430.0,24,295.0,5.566037735849057,4.789392100959787,13,421.0,0.21958591450516876,11,178.0,0.40804869212309375,24,599.0
435.0,25,367.0,6.796296296296297,4.4466713429521505,14,339.0,0.22387693862363234,11,194.0,0.28153220997528516,25,533.0
440.0,32,422.0,7.672727272727273,3.7835421560750104,14,341.0,0.178264965284012,18,267.0,0.23133739618078336,32,608.0
445.0,27,385.0,6.637931034482759,4.505401457763859,12,333.0,0.213330758932455,15,292.0,0.31620277945993974,27,625.0
450.0,16,265.0,4.568965517241379,4.809919813974546,11,336.0,0.19982513926030165,5,229.0,0.36714811018181553,16,565.0
455.0,18,306.0,5.275862068965517,6.4164647686379235,10,307.0,0.3021279672709332,8,203.0,0.38801409524755665,18,510.0
460.0,21,323.0,5.872727272727273,6.271188401732943,10,294.0,0.17858135449684934,11,219.0,0.32962549956223497,21,513.0
465.0,23,356.0,6.592592592592593,5.945076900342609,8,233.0,0.24743391312334537,15,285.0,0.22069756322649403,23,518.0
470.0,22,264.0,5.617021276595745,4.938526704552361,9,223.0,0.2707401278563941,13,249.0,0.31053393329605167,22,472.0
475.0,17,231.0,5.021739130434782,5.5501231884537905,6,162.0,0.41084799057091875,11,217.0,0.32759337836647306,17,379.0
480.0,20,216.0,4.32,4.567225220200374,9,174.0,0.28716767230874296,11,220.0,0.2924634224524547,20,394.0
485.0,16,236.0,4.538461538461538,6.077374431625671,6,173.0,0.408019353131447,10,206.0,0.31455180005113886,16,379.0
490.0,14,131.0,2.4716981132075473,6.246263209551176,4,157.0,0.3945725927374152,10,191.0,0.306390116072148,14,348.0
495.0,15,172.0,3.0714285714285716,6.656935346230264,5,174.0,0.41352730241043983,10,170.0,0.3181432875333737,15,344.0
500.0,18,212.0,3.925925925925926,5.964838556059392,6,182.0,0.41022640893126083,12,195.0,0.3255340700047737,18,377.0
505.0,19,270.0,5.294117647058823,6.201364714927174,8,202.0,0.4779031134697341,11,213.0,0.2463067743781738,19,415.0
510.0,19,212.0,4.076923076923077,5.273830471011267,6,147.0,0.35294390987081886,13,213.0,0.2174575695997682,19,360.0
515.0,23,298.0,5.518518518518518,5.82576547293941,7,109.0,0.3954552538409383,16,282.0,0.2523687347235879,23,391.0
520.0,18,295.0,5.462962962962963,5.882316915765285,6,113.0,0.46262782725008844,12,305.0,0.30075759275108044,18,418.0
525.0,19,342.0,6.333333333333333,5.93973946818576,7,117.0,0.4503871281786748,12,334.0,0.3284331970694078,19,451.0
530.0,21,258.0,4.777777777777778,5.098515206101372,10,90.0,0.42494578615817535,11,306.0,0.2688709635246262,21,396.0
535.0,25,300.0,5.454545454545454,4.86723769421801,10,127.0,0.38269892577635745,15,249.0,0.1958776194071524,25,376.0
540.0,26,251.0,4.482142857142857,3.935462698459394,10,145.0,0.27164031411771034,16,259.0,0.19574030645305662,26,404.0
545.0,17,227.0,4.203703703703703,4.815618754983571,10,141.0,0.20409626249061874,7,203.0,0.2346838438383445,17,344.0
550.0,16,220.0,4.074074074074074,5.041040550995314,10,168.0,0.14628584864783084,6,194.0,0.3285573722107374,16,362.0
555.0,22,261.0,4.745454545454545,5.838863326476285,13,182.0,0.2871227711947393,9,214.0,0.33048862634664167,22,396.0
560.0,22,329.0,6.326923076923077,4.4967322489824415,11,228.0,0.24935013239060472,11,243.0,0.3415201013784916,22,471.0
565.0,18,376.0,7.52,5.327183458235018,10,241.0,0.2656109029198507,8,243.0,0.31502611330623365,18,484.0
570.0,15,186.0,3.4444444444444446,5.272515744911426,9,217.0,0.20154619863232687,6,191.0,0.3086344207489408,15,408.0
575.0,21,243.0,4.11864406779661,6.720361202383116,11,212.0,0.23121899519861652,10,137.0,0.4675243059765331,21,349.0
580.0,20,215.0,3.909090909090909,5.902497870339548,9,212.0,0.37885581661471696,11,130.0,0.37959141119455153,20,342.0
585.0,23,283.0,5.053571428571429,6.084458557090433,9,179.0,0.4834246049767567,14,191.0,0.31585734988987785,23,370.0
590.0,22,262.0,4.678571428571429,4.65474992436135,6,174.0,0.414119331230378,16,215.0,0.21518578055739562,22,389.0
595.0,20,253.0,4.216666666666667,5.624406115188447,11,191.0,0.27597378885384816,9,185.0,0.3213610436723587,20,376.0
600.0,16,186.0,3.206896551724138,6.149604334688655,10,161.0,0.2969489292796925,6,152.0,0.35787548314099554,16,313.0
605.0,21,176.0,2.8852459016393444,6.520699181304702,8,116.0,0.36478725984805216,13,172.0,0.3204706870179325,21,288.0
610.0,21,172.0,2.8666666666666667,5.476331984326007,7,137.0,0.3486377455651367,14,179.0,0.3079084382205967,21,316.0
615.0,25,252.0,4.271186440677966,5.575271047593502,9,151.0,0.4694899260539829,16,227.0,0.3023331057942279,25,378.0
620.0,24,266.0,4.508474576271187,4.693527498022855,9,168.0,0.3717248201883296,15,246.0,0.27715094018160785,24,414.0
625.0,18,254.0,4.233333333333333,5.254513200536197,8,184.0,0.2659266189916985,10,215.0,0.27943840848318213,18,399.0
630.0,21,275.0,4.435483870967742,4.621352283279647,10,189.0,0.07731310653220223,11,238.0,0.27365547155129055,21,427.0
635.0,31,379.0,6.015873015873016,4.993589015337352,14,202.0,0.2432709158728197,17,285.0,0.24288440028474062,31,487.0
640.0,27,459.0,7.65,4.188549272263342,10,245.0,0.2972687398467982,17,326.0,0.25607097275340607,27,571.0
645.0,20,467.0,7.915254237288136,5.153817004432546,8,234.0,0.3414643553041139,12,321.0,0.2680129672130614,20,555.0
650.0,20,284.0,4.655737704918033,5.340068722478521,7,172.0,0.3618403771184464,13,269.0,0.2526575760513645,20,441.0
655.0,26,316.0,4.9375,5.4266634536423535,8,162.0,0.3521244504877623,18,275.0,0.22090347773262925,26,437.0
660.0,28,238.0,3.966666666666667,4.431403712505153,7,114.0,0.37714679757558317,21,304.0,0.23067128832435516,28,418.0
665.0,30,359.0,6.084745762711864,4.561422657359516,7,71.0,0.4147172871739938,23,382.0,0.21024700144947064,30,453.0
670.0,28,378.0,6.19672131147541,4.234677211108973,6,78.0,0.3543977001070051,22,441.0,0.20839303291757538,28,519.0
675.0,19,347.0,5.507936507936508,5.408439757763556,3,56.0,0.4174121397919036,16,433.0,0.22459652517113335,19,489.0
680.0,20,300.0,4.838709677419355,5.233864057501461,5,67.0,0.36112160579199826,15,409.0,0.1891008931000526,20,476.0
685.0,20,187.0,3.0655737704918034,5.366647399390934,12,115.0,0.352683432799237,8,335.0,0.1671995584341892,20,450.0
690.0,24,268.0,4.466666666666667,5.807834498659903,10,144.0,0.3984447915164217,14,290.0,0.2798433520765125,24,434.0
695.0,23,285.0,4.830508474576271,5.270257903272703,9,152.0,0.4051969380885408,14,292.0,0.1906782513827788,23,444.0
700.0,21,253.0,4.216666666666667,5.9064741785064765,9,135.0,0.36919603869798373,12,298.0,0.3181833426937866,21,433.0
705.0,24,304.0,4.825396825396825,5.283047684262742,12,125.0,0.28477785551761203,12,318.0,0.2646127248640827,24,443.0
710.0,26,288.0,4.645161290322581,5.14387347674094,13,165.0,0.28373645443120465,13,305.0,0.27727048150870964,26,470.0
715.0,20,339.0,5.136363636363637,5.599498204046924,6,172.0,0.2976883416560374,14,313.0,0.21693845108650717,20,485.0
720.0,17,291.0,4.693548387096774,5.8558161203975985,5,160.0,0.4285069831837663,12,304.0,0.10538319603012222,17,464.0
725.0,23,356.0,6.245614035087719,5.42596429009678,11,183.0,0.2895925330588976,12,289.0,0.23948223163834095,23,472.0
730.0,27,404.0,6.8474576271186445,4.732082899719443,16,226.0,0.29162748566524693,11,313.0,0.22801700361372076,27,539.0
735.0,22,452.0,8.071428571428571,5.163863381276821,10,235.0,0.3746380756903127,12,315.0,0.24626672200532956,22,550.0
740.0,23,244.0,4.0,4.860015260325994,9,159.0,0.34814574589545005,14,240.0,0.22357313855616445,23,399.0
745.0,27,320.0,5.0,5.017405707897858,15,187.0,0.2786031149521343,12,235.0,0.3419024185069297,27,422.0
750.0,26,358.0,5.59375,5.608224052958266,17,242.0,0.31835604488178915,9,233.0,0.43802540731370365,26,475.0
755.0,17,280.0,4.444444444444445,5.629961137556565,11,262.0,0.2433056638208073,6,179.0,0.4153812697371083,17,441.0
760.0,17,264.0,4.327868852459017,5.032615012735771,11,281.0,0.17353076407699555,6,158.0,0.29488724626119267,17,439.0
765.0,30,372.0,5.904761904761905,5.073594415345081,18,329.0,0.18763020840746764,12,195.0,0.2113273543231005,30,524.0
770.0,32,318.0,5.781818181818182,3.7866033135991026,18,322.0,0.22256394185763786,14,236.0,0.24063898102490838,32,558.0
775.0,30,387.0,6.7894736842105265,4.075359236791194,14,276.0,0.29784475161742124,16,307.0,0.20593998515781928,30,583.0
780.0,25,378.0,6.096774193548387,4.217904472017577,13,294.0,0.2567772939651357,12,307.0,0.2787590725770256,25,601.0
785.0,18,304.0,4.537313432835821,5.377158779583917,12,257.0,0.21037593661243847,6,229.0,0.4139983047358504,18,486.0
790.0,12,144.0,2.2153846153846155,6.141694220645273,8,206.0,0.28264684038234206,4,184.0,0.4077403664427373,12,390.0
795.0,23,171.0,2.590909090909091,6.3166604261286885,12,214.0,0.2916829276144622,11,112.0,0.31409332532156836,23,326.0
800.0,24,235.0,3.6153846153846154,5.321617214678653,12,243.0,0.23932954382958538,12,113.0,0.26155678351600264,24,356.0
805.0,21,256.0,4.0,5.80167312093821,13,272.0,0.2762593229345678,8,85.0,0.30271636486712816,21,357.0
810.0,20,215.0,3.3076923076923075,5.378681318572451,10,258.0,0.2638869035330732,10,116.0,0.2329497852120729,20,374.0
815.0,28,307.0,4.796875,6.215610632111121,14,249.0,0.2883840064989581,14,157.0,0.3239662404869412,28,406.0
820.0,25,267.0,4.238095238095238,5.576433930211155,12,225.0,0.1823411088877461,13,192.0,0.34201341246307465,25,417.0
825.0,25,319.0,5.5,5.380699971360475,10,166.0,0.2400834501130023,15,237.0,0.2820700242961367,25,403.0
830.0,24,301.0,5.101694915254237,4.950605118292218,9,168.0,0.24973373245821812,15,258.0,0.26169011862903463,24,426.0
835.0,19,272.0,5.037037037037037,5.9300509554508505,11,146.0,0.2692003864286624,8,217.0,0.31145372756648343,19,363.0
840.0,18,202.0,3.740740740740741,5.360073775193775,7,127.0,0.24946042665890253,11,228.0,0.23166152325761744,18,355.0
845.0,21,269.0,4.803571428571429,5.629436304717507,6,105.0,0.36292158667339103,15,275.0,0.19656183291539175,21,380.0
850.0,21,327.0,6.411764705882353,5.904590644169117,5,105.0,0.4727302266748295,16,347.0,0.2999650560830951,21,452.0
855.0,22,415.0,7.980769230769231,5.7138981121120995,5,108.0,0.44374452584493684,17,422.0,0.28879343253237677,22,530.0
860.0,24,428.0,7.781818181818182,4.156381443296821,7,113.0,0.3777515509039853,17,435.0,0.18414617942039943,24,548.0
865.0,16,385.0,7.12962962962963,5.7397419775659095,5,125.0,0.4895025586150561,11,403.0,0.1835275653415179,16,528.0
870.0,17,153.0,2.732142857142857,5.2916007458017615,7,90.0,0.32797425773110617,10,314.0,0.16361454714921828,17,404.0
875.0,23,192.0,3.2542372881355934,5.190632604241372,11,141.0,0.2713157090014826,12,203.0,0.16400441456210474,23,344.0
880.0,25,268.0,4.872727272727273,4.9871037279658506,10,185.0,0.3069272439270348,15,216.0,0.25218837328649707,25,401.0
885.0,15,283.0,5.4423076923076925,6.140380096786658,9,214.0,0.36999441026507074,6,173.0,0.34953368023791975,15,387.0
890.0,11,177.0,3.4705882352941178,6.297742812576813,5,168.0,0.33818191302972755,6,153.0,0.35678944651047445,11,321.0
895.0,23,220.0,4.4,5.470601954667955,10,142.0,0.2635878083953402,13,175.0,0.3389551078690805,23,317.0
900.0,23,202.0,4.122448979591836,4.192804071937823,10,113.0,0.2750417546711409,13,203.0,0.24120787056493387,23,316.0
905.0,22,230.0,4.423076923076923,4.952372990530544,7,133.0,0.3519981556045709,15,211.0,0.2830495973926114,22,344.0
910.0,18,198.0,3.6666666666666665,5.234435808191143,6,117.0,0.38528893787743224,12,225.0,0.31371806741025315,18,342.0
915.0,12,131.0,2.4716981132075473,6.427685581010546,5,75.0,0.35351528141474586,7,181.0,0.40655775616439355,12,256.0
920.0,18,177.0,3.2777777777777777,5.191936793497366,8,96.0,0.22434419846334863,10,200.0,0.26637556641319055,18,296.0
925.0,26,271.0,4.839285714285714,4.6903752784149395,10,124.0,0.25744304957288305,16,258.0,0.18065523042565107,26,382.0
930.0,27,346.0,6.407407407407407,3.970094849785837,8,144.0,0.3364777007680374,19,295.0,0.17352657317260164,27,439.0
935.0,20,375.0,7.5,4.769942818156083,8,157.0,0.3174884845087753,12,297.0,0.24039274481739514,20,454.0
940.0,20,244.0,4.6923076923076925,4.560110446171266,9,170.0,0.2546211348521049,11,262.0,0.20357881248668186,20,432.0
945.0,22,290.0,5.087719298245614,5.364702030571379,6,166.0,0.3767313619657282,16,253.0,0.18543967544726975,22,419.0
950.0,22,212.0,3.925925925925926,4.876058936686108,6,92.0,0.37937954449476063,16,282.0,0.27752467641229284,22,374.0
955.0,21,258.0,4.607142857142857,6.314073838042112,8,128.0,0.457682688427241,13,268.0,0.35062008842200937,21,396.0
960.0,22,280.0,5.090909090909091,4.946802471692806,9,145.0,0.37803231903624596,13,284.0,0.19788312004533581,22,429.0
965.0,19,235.0,4.433962264150943,5.047125354394034,10,154.0,0.3074545282569593,9,233.0,0.20580968125260285,19,387.0
970.0,18,212.0,3.925925925925926,4.962391300316971,9,138.0,0.13352190138219297,9,214.0,0.31159067105748167,18,352.0
975.0,16,163.0,2.8596491228070176,5.615034931901453,8,102.0,0.17670575107007114,8,205.0,0.25561621022617903,16,307.0
980.0,16,139.0,2.574074074074074,5.892474055703723,5,110.0,0.33377209826841364,11,171.0,0.23339900713654047,16,281.0
985.0,23,195.0,3.5454545454545454,6.095206152293502,12,135.0,0.3638698565147392,11,188.0,0.3066962662354233,23,323.0
990.0,19,243.0,4.5,5.369813544497032,7,153.0,0.3852667857734552,12,198.0,0.2659539518015766,19,351.0
995.0,18,239.0,4.345454545454546,5.735063001444201,7,141.0,0.39483245084281493,11,207.0,0.2819453437652937,18,348.0
1000.0,15,246.0,4.555555555555555,6.801576892732199,7,165.0,0.4475497620957757,8,186.0,0.28421272376858897,15,351.0
1005.0,16,176.0,3.142857142857143,6.047852043253598,9,156.0,0.32472395605532667,7,165.0,0.23877646120213622,16,321.0
1010.0,20,214.0,3.890909090909091,6.568638555301454,11,135.0,0.32638276081213824,9,167.0,0.35676741097482334,20,302.0
1015.0,20,261.0,5.117647058823529,5.3505674897061475,10,171.0,0.38156992224571773,10,181.0,0.31508383317570154,20,352.0
1020.0,17,300.0,5.769230769230769,6.204425431722845,9,181.0,0.44433186455066576,8,165.0,0.2905646887730088,17,346.0
1025.0,13,158.0,2.981132075471698,6.13952327306162,8,134.0,0.3313142384330602,5,128.0,0.3248320478606229,13,262.0
1030.0,24,231.0,4.125,6.205649708102185,13,130.0,0.2608580320592838,11,135.0,0.27434290102201364,24,265.0
1035.0,18,280.0,5.283018867924528,5.702083699575311,11,163.0,0.27845261669576626,7,160.0,0.32289063502578924,18,323.0
1040.0,17,323.0,6.46,6.782249448625221,9,176.0,0.3196277209745345,8,172.0,0.41884346003343276,17,348.0
1045.0,15,191.0,3.9791666666666665,6.004878615526041,9,170.0,0.2674097066800354,6,125.0,0.3397820135830365,15,295.0
1050.0,17,228.0,4.470588235294118,6.623144803463419,9,158.0,0.3025426082718635,8,98.0,0.35212921927169544,17,256.0
1055.0,16,270.0,5.625,6.026875514261685,8,179.0,0.4000605082242021,8,135.0,0.26730617134966855,16,314.0
1060.0,14,291.0,5.705882352941177,6.9189283947158655,7,174.0,0.4848228847294455,7,148.0,0.34294741551594865,14,322.0
1065.0,15,350.0,6.363636363636363,6.608292355004988,7,196.0,0.40285168592836645,8,173.0,0.3845116742477671,15,369.0
1070.0,19,295.0,5.462962962962963,6.028774313095511,12,243.0,0.2644930861468668,7,131.0,0.4324306194901367,19,374.0
1075.0,18,259.0,4.709090909090909,6.286140223353412,11,240.0,0.21216678406527892,7,70.0,0.5250822452974588,18,310.0
1080.0,16,253.0,4.685185185185185,6.560205784729952,8,226.0,0.3144584380057624,8,59.0,0.4110724886679175,16,285.0
1085.0,21,301.0,5.472727272727273,5.770808387399716,9,234.0,0.28340273733658766,12,110.0,0.2760714957882561,21,344.0
1090.0,23,337.0,6.127272727272727,5.517018452838702,11,260.0,0.25954566129233475,12,142.0,0.2384356700113267,23,402.0
1095.0,20,341.0,6.82,5.288227105138839,11,286.0,0.23202870668202527,9,124.0,0.31973269862723,20,410.0
1100.0,15,386.0,7.72,5.144046300498515,6,282.0,0.2502236520603752,9,165.0,0.2168436038310045,15,447.0
1105.0,26,433.0,8.490196078431373,4.9084823613906625,9,284.0,0.22030099456219043,17,233.0,0.18838666377652746,26,517.0
1110.0,22,415.0,8.137254901960784,5.230771788216016,8,269.0,0.2998429527387111,14,267.0,0.23952854585551,22,536.0
1115.0,22,484.0,10.083333333333334,4.962329632271449,7,287.0,0.339384391927758,15,283.0,0.23270490580176129,22,570.0
1120.0,21,473.0,9.854166666666666,5.518757540786616,9,296.0,0.4237673627477488,12,276.0,0.2178898405198492,21,572.0
1125.0,22,498.0,9.96,5.442322186677441,9,328.0,0.40020710694313016,13,276.0,0.10840390077645343,22,604.0
1130.0,20,491.0,10.020408163265307,5.37259122481703,8,355.0,0.41930503195541785,12,258.0,0.20455364216459823,20,613.0
1135.0,16,411.0,8.934782608695652,6.263800548829605,11,403.0,0.3604499030761459,5,168.0,0.38076983403896775,16,571.0
1140.0,16,467.0,10.86046511627907,5.37123314065672,11,455.0,0.31637594842816474,5,161.0,0.2675006647084547,16,616.0
1145.0,22,237.0,5.266666666666667,4.770207341568786,11,237.0,0.27264940748800326,11,175.0,0.12295217942928581,22,412.0
1150.0,18,267.0,5.448979591836735,5.739773966103288,8,211.0,0.3475615625886075,10,163.0,0.27271260735986097,18,374.0
1155.0,18,293.0,5.745098039215686,6.871389082520243,12,261.0,0.34307498721802054,6,98.0,0.4364499916675433,18,359.0
1160.0,15,311.0,5.867924528301887,6.800726959063648,12,313.0,0.3271445835323239,3,66.0,0.4866491039944726,15,379.0
1165.0,17,250.0,4.545454545454546,6.7290338520969,8,272.0,0.3741576352905523,9,93.0,0.432253081943051,17,365.0
1170.0,21,180.0,3.2142857142857144,6.104999484543323,7,194.0,0.37730391878492564,14,148.0,0.365039014425541,21,342.0
1175.0,18,205.0,3.8679245283018866,5.990086911258848,6,220.0,0.43567135450240374,12,152.0,0.37879766112377994,18,372.0
1180.0,16,216.0,3.857142857142857,5.785386323730282,10,254.0,0.2826018389299307,6,119.0,0.3177847902377086,16,373.0
1185.0,18,222.0,4.269230769230769,6.005475000478548,9,272.0,0.1802210016518712,9,100.0,0.3326372773785766,18,372.0
1190.0,26,335.0,6.320754716981132,5.648617830551696,12,313.0,0.1276059674969232,14,156.0,0.21329142604723259,26,469.0
1195.0,24,360.0,7.5,4.377526711630788,12,294.0,0.13353281358329316,12,194.0,0.15579851851916415,24,488.0
1200.0,21,404.0,8.244897959183673,5.493224153858573,9,241.0,0.3131468647263326,12,221.0,0.2667343728065198,21,462.0
1205.0,17,367.0,8.155555555555555,5.45445347398555,7,247.0,0.4000621018004396,10,232.0,0.33091747947714534,17,479.0
1210.0,15,374.0,7.957446808510638,6.789030993945092,6,218.0,0.417149978022491,9,206.0,0.3711330666213208,15,424.0
1215.0,14,155.0,3.163265306122449,5.736466511065915,5,112.0,0.18632440663008967,9,196.0,0.303299068364692,14,308.0
1220.0,14,122.0,2.44,6.779632941283893,7,85.0,0.29782564612713786,7,185.0,0.3678121342276183,14,270.0
1225.0,10,104.0,2.311111111111111,6.170598136967452,4,84.0,0.45879780638615003,6,145.0,0.3571062934275644,10,229.0
1230.0,15,164.0,3.4893617021276597,7.29019383861023,4,81.0,0.5623138618920193,11,167.0,0.34157059957234315,15,248.0
1235.0,17,173.0,3.760869565217391,6.0267197559307295,6,86.0,0.49102287398469796,11,187.0,0.2158486209319443,17,273.0
1240.0,23,248.0,4.96,5.657112450923261,11,128.0,0.34964438947760645,12,215.0,0.25675672047153647,23,343.0
1245.0,22,274.0,5.956521739130435,4.109777480894787,10,146.0,0.3481847998334993,12,221.0,0.1950768262206307,22,367.0
1250.0,19,321.0,6.6875,4.984983529607935,7,150.0,0.34678439772195047,12,229.0,0.3248656544453189,19,379.0
1255.0,20,247.0,4.8431372549019605,4.6881079422007605,9,171.0,0.30551200616476093,11,216.0,0.37863412333453,20,387.0
1260.0,12,175.0,3.3653846153846154,6.128156229158035,5,155.0,0.31136962421022923,7,138.0,0.3958426222738796,12,293.0
1265.0,13,95.0,1.8269230769230769,5.874414490874614,6,108.0,0.2772593104481804,7,111.0,0.2542256308683376,13,219.0
1270.0,24,159.0,2.694915254237288,5.684459641050496,14,124.0,0.24855977499062587,10,116.0,0.2201376025976292,24,240.0
1275.0,20,205.0,3.6607142857142856,5.251843063787931,11,147.0,0.3811038603020693,9,124.0,0.30372878801023717,20,271.0
1280.0,15,237.0,4.157894736842105,7.503110645227433,7,139.0,0.5330005104213426,8,140.0,0.4610593626459259,15,279.0
1285.0,13,179.0,3.2545454545454544,6.798366722043417,6,104.0,0.41255242905246464,7,149.0,0.35220496231091303,13,253.0
1290.0,21,191.0,3.293103448275862,5.745576216960663,12,100.0,0.2073668791401529,9,152.0,0.3241209255031311,21,252.0
1295.0,20,186.0,3.3214285714285716,5.13022655529322,12,129.0,0.22500113251245182,8,131.0,0.34370421722628686,20,260.0
1300.0,24,301.0,5.574074074074074,5.827605708846413,15,196.0,0.30179614860343246,9,179.0,0.45128795329893623,24,375.0
1305.0,25,290.0,5.0,4.92511139053238,15,231.0,0.3261660965255585,10,175.0,0.261834064797765,25,406.0
1310.0,19,330.0,5.7894736842105265,6.1070454823342635,10,221.0,0.3125901319954172,9,185.0,0.3282885406636833,19,406.0
1315.0,20,198.0,3.5357142857142856,4.903390830451761,12,216.0,0.17127715209368236,8,149.0,0.308700266349831,20,365.0
1320.0,25,267.0,4.377049180327869,5.873840041016577,16,208.0,0.20331654303418675,9,137.0,0.4022194036024689,25,345.0
1325.0,22,323.0,5.47457627118644,5.276229089069757,13,243.0,0.24860517102995922,9,162.0,0.38972138953907465,22,405.0
1330.0,21,390.0,6.724137931034483,6.235967683646853,13,261.0,0.3255745031190455,8,181.0,0.4397635106085819,21,442.0
1335.0,23,301.0,5.189655172413793,5.443162715830595,15,254.0,0.22699518341535685,8,145.0,0.36498594610110197,23,399.0
1340.0,21,296.0,5.192982456140351,5.811700553541593,12,246.0,0.3330655791542803,9,152.0,0.24145292813060226,21,398.0
1345.0,26,248.0,4.428571428571429,4.498658035587792,14,241.0,0.26633920082353657,12,129.0,0.23370287711966048,26,370.0
1350.0,24,317.0,5.4655172413793105,5.349847142908926,15,317.0,0.30588789614970546,9,136.0,0.3306193765655126,24,453.0
1355.0,21,304.0,5.1525423728813555,5.356314151469859,14,342.0,0.29931312549635425,7,138.0,0.3491884222306729,21,480.0
1360.0,19,366.0,6.535714285714286,6.184427946312817,12,360.0,0.2847900148168794,7,132.0,0.3957975441298063,19,492.0
1365.0,18,256.0,4.654545454545454,5.034429430633892,12,349.0,0.1380069084555644,6,101.0,0.304010668514192,18,450.0
1370.0,20,187.0,3.3392857142857144,5.793376483892833,14,339.0,0.17235638407650394,6,85.0,0.3370199787221457,20,424.0
1375.0,16,241.0,4.462962962962963,6.35130042062052,9,373.0,0.3352098368315407,7,116.0,0.43141715759252386,16,489.0
1380.0,17,253.0,5.163265306122449,6.678500535502018,10,386.0,0.3873413697532342,7,109.0,0.47576157925150336,17,495.0
1385.0,18,303.0,6.183673469387755,5.0887793508852495,11,393.0,0.3075857196575081,7,83.0,0.33786122109538896,18,476.0
1390.0,22,380.0,7.450980392156863,5.437588970866501,12,366.0,0.3418203486754463,10,131.0,0.3760500829473094,22,497.0
1395.0,19,343.0,6.86,6.108003540633417,9,304.0,0.44744945092955707,10,181.0,0.42994477959110766,19,485.0
1400.0,19,330.0,6.6,6.158655506044783,8,179.0,0.4896584495495061,11,235.0,0.33277217790491054,19,414.0
1405.0,22,334.0,6.549019607843137,4.932686633014822,8,150.0,0.37469563921702687,14,295.0,0.22051689496286503,22,445.0
1410.0,26,448.0,8.452830188679245,4.858119156157261,12,169.0,0.35577353997580485,14,367.0,0.25473805433692887,26,536.0
1415.0,25,377.0,6.8545454545454545,4.359097311771856,12,193.0,0.3063762031456077,13,354.0,0.2826308432775087,25,547.0
1420.0,18,311.0,5.553571428571429,4.839937595292647,13,241.0,0.21515574473004564,5,249.0,0.30819664440803773,18,490.0
1425.0,17,215.0,3.467741935483871,5.130048261841587,12,241.0,0.20544058535258167,5,195.0,0.32190872357981826,17,436.0
1430.0,24,275.0,4.435483870967742,6.042218332818821,13,246.0,0.31190910316854964,11,212.0,0.2983601153816408,24,458.0
1435.0,24,235.0,3.983050847457627,5.531684495080728,11,206.0,0.37100830595064593,13,213.0,0.3060398143870424,24,419.0
1440.0,25,256.0,4.413793103448276,4.726624159882236,9,197.0,0.2578975757847649,16,275.0,0.2781520390921572,25,472.0
1445.0,24,252.0,4.271186440677966,4.41939949167789,8,199.0,0.23253993995251168,16,278.0,0.2624804773077605,24,477.0
1450.0,18,161.0,2.639344262295082,5.295874537461985,10,202.0,0.2201956609914457,8,204.0,0.23963530156556945,18,406.0
1455.0,19,211.0,3.6379310344827585,6.283090862206613,13,261.0,0.16377772870427518,6,158.0,0.3751552230564176,19,419.0
1460.0,18,259.0,4.17741935483871,6.266934207332919,12,280.0,0.1426710431902818,6,149.0,0.39014101567798165,18,429.0
1465.0,18,289.0,4.816666666666666,5.683216228657606,8,296.0,0.2760525852993663,10,183.0,0.29138818454449045,18,479.0
1470.0,22,266.0,4.75,4.720258336730594,8,258.0,0.30147364413800853,14,202.0,0.27991002976917034,22,460.0
1475.0,19,267.0,4.944444444444445,4.8275662290620875,8,221.0,0.3622389525569768,11,193.0,0.2610340840143884,19,414.0
1480.0,16,296.0,5.381818181818182,5.1028217934642015,8,224.0,0.3653146772639171,8,198.0,0.3281901967794153,16,422.0
1485.0,23,353.0,5.883333333333334,5.416967226096241,8,206.0,0.4269310460903127,15,231.0,0.292113351552208,23,437.0
1490.0,22,418.0,6.966666666666667,4.9845628457609354,8,220.0,0.42364278125449756,14,278.0,0.26359383299815,22,498.0
1495.0,20,479.0,7.983333333333333,5.634063355840637,10,249.0,0.428234615199182,10,300.0,0.26801198154122613,20,549.0
1500.0,23,423.0,6.714285714285714,5.062331653585153,13,306.0,0.32040570555882797,10,251.0,0.2905231599695949,23,557.0
1505.0,31,489.0,7.1911764705882355,4.968451946387278,19,384.0,0.2186906596444785,12,196.0,0.3106375142223909,31,580.0
1510.0,29,519.0,7.863636363636363,4.689216943553152,15,423.0,0.2986268614176054,14,229.0,0.2885042188798265,29,652.0
1515.0,22,553.0,8.253731343283581,5.65477654713044,12,423.0,0.33869674149320866,10,237.0,0.29858834817171426,22,660.0
1520.0,16,233.0,3.6984126984126986,5.431324543344502,10,292.0,0.3089951793221392,6,148.0,0.2236583477590801,16,440.0
1525.0,23,282.0,4.40625,5.3599057157209735,10,221.0,0.2693681775427103,13,161.0,0.14292773439100265,23,382.0
1530.0,24,363.0,5.854838709677419,5.4624686117088785,11,266.0,0.30337070977125385,13,207.0,0.24960173837152969,24,473.0
1535.0,19,419.0,7.224137931034483,6.304799391735243,12,308.0,0.3000375850702244,7,206.0,0.35446978392894446,19,514.0
1540.0,15,352.0,5.966101694915254,6.0058768219237,10,336.0,0.2759849585444141,5,143.0,0.34689218312521514,15,479.0
1545.0,24,418.0,6.741935483870968,6.057509846237515,14,376.0,0.2379536213671295,10,101.0,0.35951429344633345,24,477.0
1550.0,22,304.0,5.1525423728813555,6.030159618297405,14,328.0,0.29937838885063517,8,105.0,0.4099131246700834,22,433.0
1555.0,22,232.0,4.142857142857143,5.797368478452348,13,262.0,0.3532532222049564,9,110.0,0.3908313611590104,22,372.0
1560.0,23,213.0,3.610169491525424,5.211290236072664,14,294.0,0.3272288915636553,9,108.0,0.3062338542349585,23,402.0
1565.0,18,217.0,3.875,6.1490514484859204,13,295.0,0.37111001504953867,5,68.0,0.3053327452384683,18,363.0
1570.0,19,164.0,2.7796610169491527,5.772676469864642,15,291.0,0.2697285208842307,4,70.0,0.31169557334958625,19,361.0
1575.0,24,243.0,4.05,5.899138137442934,14,270.0,0.29182855480587366,10,114.0,0.3766918852443742,24,384.0
1580.0,23,278.0,4.793103448275862,5.562861131260816,18,323.0,0.1854878190021852,5,116.0,0.5639078156816506,23,439.0
1585.0,23,330.0,6.0,5.928592331772275,17,365.0,0.19230746697534304,6,110.0,0.5832791234736521,23,475.0
1590.0,25,389.0,7.072727272727272,5.356599472608741,18,367.0,0.17729198260158932,7,127.0,0.4576389194591747,25,494.0
1595.0,25,340.0,6.071428571428571,4.441532444089436,17,356.0,0.1009179644615247,8,121.0,0.32462810079971705,25,477.0
1600.0,26,345.0,6.160714285714286,4.227953337697994,16,373.0,0.18527371051336264,10,153.0,0.28450064499888383,26,526.0
1605.0,27,355.0,6.339285714285714,4.8544425843976855,14,331.0,0.3280148287885924,13,207.0,0.271895747007553,27,538.0
1610.0,24,338.0,5.827586206896552,4.291063299285992,12,332.0,0.34467091674049954,12,242.0,0.17611591795972756,24,574.0
1615.0,28,434.0,7.0,4.914019059816999,14,343.0,0.3039915750976486,14,277.0,0.28943028177478997,28,620.0
1620.0,28,348.0,5.8,4.9077190957161525,18,379.0,0.24342169275974185,10,216.0,0.38622961847128795,28,595.0
1625.0,27,391.0,6.306451612903226,5.575663603308623,17,415.0,0.29708507376669724,10,176.0,0.3988315796841017,27,591.0
1630.0,26,339.0,5.557377049180328,4.120399198768536,17,426.0,0.1926148919823142,9,155.0,0.29010805895281994,26,581.0
1635.0,23,309.0,5.237288135593221,5.123819458935042,14,401.0,0.23889873672026987,9,105.0,0.2865789064347372,23,506.0
1640.0,23,280.0,4.444444444444445,4.5831280660690625,12,379.0,0.17755617079725217,11,125.0,0.17939598355307604,23,504.0
1645.0,28,283.0,4.223880597014926,5.20945812391578,15,307.0,0.20336246254882226,13,173.0,0.22968994086441022,28,480.0
1650.0,24,347.0,5.338461538461538,5.488688309912058,11,327.0,0.24562468035793597,13,202.0,0.36527905030222385,24,529.0
1655.0,19,370.0,5.967741935483871,6.012942954769691,11,324.0,0.32969422202999665,8,201.0,0.3660972874375847,19,525.0
1660.0,20,262.0,4.295081967213115,5.380822833149449,12,306.0,0.2984214220294202,8,173.0,0.2556575111796964,20,479.0
1665.0,23,363.0,5.761904761904762,6.333167550716336,12,315.0,0.38927643172550785,11,183.0,0.22041495772334768,23,498.0
1670.0,21,202.0,3.3666666666666667,5.187889491217032,10,271.0,0.3248438090053564,11,160.0,0.2375841959790841,21,431.0
1675.0,25,296.0,4.852459016393443,5.957154681117039,14,283.0,0.3499312310076399,11,129.0,0.35194645399015584,25,412.0
1680.0,25,320.0,5.079365079365079,4.922781396707438,14,265.0,0.2509948480802561,11,164.0,0.3557354652681144,25,429.0
1685.0,24,268.0,4.253968253968254,5.56682723524705,14,244.0,0.32626658025650584,10,181.0,0.403792153938408,24,425.0
1690.0,20,187.0,3.0161290322580645,4.81047134345003,10,234.0,0.3277402766756961,10,173.0,0.3286366563527917,20,407.0
1695.0,24,200.0,3.076923076923077,4.768647629844458,15,280.0,0.2513367216533528,9,124.0,0.28608026181287705,24,404.0
1700.0,26,224.0,3.343283582089552,4.541393933272197,17,305.0,0.22365234105423035,9,153.0,0.26128715678274345,26,458.0
1705.0,32,294.0,4.323529411764706,5.165386569599707,16,305.0,0.27225119839213063,16,210.0,0.2783154289463227,32,515.0
1710.0,30,332.0,5.1875,4.360855784099934,15,341.0,0.29592490775279756,15,274.0,0.32791859787586586,30,615.0
1715.0,32,462.0,6.895522388059701,4.619902157550282,14,349.0,0.38088924756070697,18,349.0,0.2776769617244475,32,698.0
1720.0,34,515.0,7.253521126760563,4.348079199482461,14,395.0,0.33081708550964795,20,381.0,0.24701803375125303,34,776.0
1725.0,29,515.0,7.357142857142857,5.0410705129550255,17,432.0,0.2859403147713985,12,360.0,0.30169744687488287,29,792.0
1730.0,28,454.0,6.579710144927536,3.7614491605639198,17,444.0,0.07627375790018559,11,331.0,0.2613969926002372,28,775.0
1735.0,34,335.0,4.855072463768116,3.6597084971228466,18,414.0,0.13716218135632713,16,308.0,0.245908106072782,34,722.0
1740.0,34,400.0,5.797101449275362,3.5814560791100556,16,388.0,0.24116077724466833,18,336.0,0.22711502660473717,34,724.0
1745.0,30,454.0,6.394366197183099,4.037281305568398,15,436.0,0.30226876064119634,15,329.0,0.21340058031654072,30,765.0
1750.0,31,518.0,7.194444444444445,4.186880381770114,17,474.0,0.27660135974396993,14,372.0,0.1893022598530057,31,846.0
1755.0,36,543.0,7.144736842105263,4.223132859824617,16,489.0,0.25194415892098787,20,416.0,0.12127615067867722,36,905.0
1760.0,38,493.0,6.2405063291139244,4.738611236370179,15,462.0,0.29223753337664815,23,440.0,0.17877552390435447,38,902.0
1765.0,33,447.0,5.805194805194805,5.376109368503568,14,440.0,0.33200886094128607,19,441.0,0.285802281542285,33,881.0
1770.0,36,461.0,6.22972972972973,4.770094929060554,16,388.0,0.253113376726123,20,446.0,0.26568332808986517,36,834.0
1775.0,39,574.0,7.756756756756757,4.502652511987556,18,439.0,0.2312916418413321,21,470.0,0.2446016640646403,39,909.0
1780.0,42,663.0,9.208333333333334,3.520175782887517,20,501.0,0.16970930586788568,22,497.0,0.18443426621293768,42,998.0
1785.0,38,554.0,7.694444444444445,3.2317332454886047,19,547.0,0.12995630735772454,19,451.0,0.1828364834949644,38,998.0
1790.0,28,541.0,7.513888888888889,4.106898022415131,14,563.0,0.1768387918656972,14,435.0,0.21067299026813927,28,998.0
1795.0,24,499.0,7.338235294117647,5.242242708632983,11,497.0,0.15610718642787438,13,380.0,0.30360202630296446,24,877.0
1800.0,24,357.0,5.492307692307692,5.282748890486744,8,347.0,0.2568031816258757,16,425.0,0.2398065922542031,24,772.0
1805.0,28,442.0,7.129032258064516,4.055547609349687,8,366.0,0.22111397987316336,20,452.0,0.1740990351701956,28,818.0
1810.0,27,527.0,8.783333333333333,4.400619963398861,11,387.0,0.3232950231229452,16,465.0,0.1509110263509889,27,852.0
1815.0,24,381.0,6.245901639344262,4.221619914585797,7,352.0,0.38183247749678323,17,465.0,0.12185655691961512,24,817.0
1820.0,28,425.0,6.538461538461538,5.079976162565103,10,349.0,0.40781926692004683,18,421.0,0.2111189408278373,28,770.0
1825.0,30,483.0,7.430769230769231,4.635864266355031,11,293.0,0.3032345881187775,19,476.0,0.24209540266099797,30,769.0
1830.0,31,556.0,8.553846153846154,4.904844333395031,10,279.0,0.36854315850826774,21,564.0,0.24070071894011283,31,843.0
1835.0,30,579.0,8.64179104477612,3.785157133437032,10,285.0,0.27161764175792846,20,611.0,0.18796817862117557,30,896.0
1840.0,28,573.0,8.552238805970148,4.334281623906793,11,299.0,0.2765497504809297,17,594.0,0.1655913766628274,28,893.0
1845.0,24,381.0,5.686567164179104,4.413382406130677,11,296.0,0.24269829039889929,13,500.0,0.15422227590017457,24,796.0
1850.0,33,332.0,4.611111111111111,4.473511072309391,17,330.0,0.23641974384756206,16,426.0,0.13509113657663416,33,756.0
1855.0,34,402.0,5.583333333333333,4.3112728058560155,17,315.0,0.2672243069584107,17,446.0,0.20870209847656537,34,761.0
1860.0,24,387.0,5.5285714285714285,5.318661715451732,14,273.0,0.32117193915088477,10,425.0,0.3191250397968456,24,698.0
1865.0,29,394.0,5.472222222222222,4.845668425187615,14,292.0,0.28962475455487585,15,434.0,0.29084410275837963,29,726.0
1870.0,32,479.0,6.561643835616438,4.407845688720351,15,299.0,0.24838872668467385,17,429.0,0.23848391060568405,32,728.0
1875.0,37,511.0,7.197183098591549,3.4702199997483043,18,323.0,0.1618304659678354,19,475.0,0.26336260106219855,37,798.0
1880.0,29,479.0,6.746478873239437,4.122708840912424,15,291.0,0.17020005522371173,14,478.0,0.20838762970743974,29,769.0
1885.0,31,505.0,7.013888888888889,4.407513167145173,16,294.0,0.1452358436860112,15,462.0,0.19112039276647794,31,756.0
1890.0,36,566.0,7.7534246575342465,4.596815238265545,17,336.0,0.2175664975959476,19,516.0,0.16822180647394672,36,852.0
1895.0,39,637.0,9.231884057971014,3.7224738946080067,17,377.0,0.22283394572675944,22,585.0,0.2000940717300386,39,962.0
1900.0,37,716.0,10.376811594202898,4.365339559975865,15,379.0,0.27115894109013633,22,635.0,0.2727924400614126,37,1014.0
1905.0,37,763.0,10.452054794520548,3.9868880158361293,16,378.0,0.245077702797889,21,689.0,0.27114441596229405,37,1067.0
1910.0,25,720.0,9.72972972972973,4.778270353802294,10,340.0,0.27150775594616744,15,682.0,0.2243713979504525,25,1022.0
1915.0,23,354.0,4.783783783783784,4.980183576846457,8,299.0,0.16964111344104538,15,519.0,0.2784212957664731,23,818.0
1920.0,25,259.0,3.3636363636363638,5.316862143756542,13,293.0,0.2167048414184998,12,320.0,0.2673117141712771,25,613.0
1925.0,32,353.0,4.77027027027027,4.5077192611173444,14,320.0,0.27112181184647655,18,360.0,0.2644692374475105,32,680.0
1930.0,26,421.0,6.1911764705882355,5.0104129811417355,9,326.0,0.3518678306953211,17,402.0,0.20470804917996285,26,728.0
1935.0,29,407.0,6.166666666666667,4.039345569151892,9,257.0,0.30361640794917105,20,431.0,0.13294164998261473,29,688.0
1940.0,34,436.0,6.507462686567164,4.375427307235464,10,228.0,0.2532952436280238,24,511.0,0.15050311123002683,34,739.0
1945.0,34,566.0,8.447761194029852,4.259702793568474,11,264.0,0.2646208482093193,23,608.0,0.18790168496989468,34,872.0
1950.0,30,650.0,9.558823529411764,5.3416795055027375,8,282.0,0.34041984830859073,22,657.0,0.20981109753723973,30,939.0
1955.0,28,670.0,9.852941176470589,5.142344614117534,8,314.0,0.24144276497294787,20,649.0,0.1958030068261774,28,963.0
1960.0,29,645.0,9.485294117647058,5.067243170435968,14,378.0,0.2817408771977365,15,569.0,0.20648062076095636,29,947.0
1965.0,31,457.0,6.924242424242424,4.551572201736734,13,337.0,0.36475067552109686,18,546.0,0.2037085765426389,31,883.0
1970.0,31,340.0,5.573770491803279,4.764460503174146,11,279.0,0.4413038084252443,20,507.0,0.21740415785121628,31,786.0
1975.0,32,394.0,6.061538461538461,3.5171406955101756,12,293.0,0.2925248731916812,20,531.0,0.15611136141638998,32,824.0
1980.0,27,445.0,6.742424242424242,4.670817291681216,9,292.0,0.353338385632899,18,528.0,0.17659605752559632,27,820.0
1985.0,31,417.0,6.132352941176471,4.328013468852429,10,222.0,0.36641561733456157,21,548.0,0.12087939670735905,31,770.0
1990.0,35,459.0,6.954545454545454,4.075513903674552,12,216.0,0.3244567945502636,23,615.0,0.10614287006129387,35,831.0
1995.0,38,447.0,6.6716417910447765,3.166939613740228,17,247.0,0.17153915835418954,21,632.0,0.15992172367539467,38,879.0
2000.0,26,311.0,4.712121212121212,3.8013930850705178,14,266.0,0.17696139249108955,12,546.0,0.15655704521286998,26,812.0
2005.0,19,260.0,4.0,5.116044073510618,7,236.0,0.3176909872441999,12,518.0,0.2223804700800944,19,754.0
2010.0,26,269.0,3.788732394366197,4.800476672802619,12,250.0,0.29792020243166767,14,444.0,0.21266832682354597,26,694.0
2015.0,33,341.0,4.871428571428571,4.68091777976565,15,268.0,0.32715703966494336,18,456.0,0.23942223556898246,33,724.0
2020.0,26,350.0,5.223880597014926,4.299249377682118,15,294.0,0.22188046735623165,11,414.0,0.2861394930003446,26,708.0
2025.0,28,278.0,4.212121212121212,3.4794918804002846,18,341.0,0.10689108905644205,10,356.0,0.2948745307630116,28,697.0
2030.0,30,227.0,3.242857142857143,4.51632772644776,16,349.0,0.21581818206195866,14,297.0,0.20733087422437496,30,646.0
2035.0,30,287.0,4.159420289855072,5.434744199591616,11,339.0,0.42447428975985585,19,341.0,0.1517591492631916,30,680.0
2040.0,30,389.0,5.63768115942029,5.847737204125864,12,350.0,0.3212707790016655,18,414.0,0.24489498337195012,30,764.0
2045.0,32,451.0,6.731343283582089,4.264388333391065,15,379.0,0.15960337190246632,17,418.0,0.21276816814321026,32,797.0
2050.0,42,532.0,7.940298507462686,3.79707291527592,20,382.0,0.15600041132246203,22,401.0,0.2319714258517447,42,783.0
2055.0,35,558.0,8.857142857142858,3.4910876808635734,18,356.0,0.2543622969536352,17,418.0,0.1913004943184401,35,774.0
2060.0,31,406.0,6.246153846153846,3.6927348486132914,16,382.0,0.22798965335238341,15,363.0,0.18006660101236957,31,745.0
2065.0,19,389.0,6.174603174603175,4.937376734531051,8,346.0,0.22233259812972597,11,315.0,0.2327062668155175,19,661.0
2070.0,23,422.0,6.59375,4.543295042397546,12,344.0,0.17506903698547413,11,338.0,0.2077670258499479,23,682.0
2075.0,30,510.0,8.225806451612904,4.374149403871039,15,415.0,0.2156797275499761,15,347.0,0.13023156074073078,30,762.0
2080.0,35,644.0,10.733333333333333,3.7679247118615513,20,510.0,0.24936643002318418,15,359.0,0.1190822873871429,35,869.0
2085.0,27,672.0,11.586206896551724,3.6335131932934024,18,540.0,0.17892225789463598,9,334.0,0.2123702619561104,27,874.0
2090.0,20,514.0,8.711864406779661,4.450665299748854,13,510.0,0.21550320774866624,7,240.0,0.2499671891350345,20,750.0
2095.0,24,337.0,5.616666666666666,5.715602809476901,13,417.0,0.30854204555894377,11,172.0,0.28681138569003123,24,589.0
2100.0,27,279.0,4.428571428571429,5.68489774561128,13,310.0,0.3375535451929624,14,193.0,0.24551704938062166,27,503.0
2105.0,24,367.0,6.220338983050848,4.710817993854513,11,326.0,0.3075980292610034,13,258.0,0.27536412038367997,24,584.0
2110.0,24,376.0,6.372881355932203,4.599530997297036,12,317.0,0.27989547084917765,12,261.0,0.24173188734060902,24,578.0
2115.0,18,386.0,6.655172413793103,6.222308409425483,12,353.0,0.29716010208427385,6,198.0,0.32810473480126123,18,551.0
2120.0,20,420.0,7.11864406779661,5.442148170139134,11,338.0,0.1315767253919787,9,224.0,0.2454879195421201,20,562.0
2125.0,26,523.0,9.175438596491228,6.214376880283245,12,334.0,0.2116862001223646,14,286.0,0.28523261951585493,26,620.0
2130.0,20,443.0,8.686274509803921,5.022521498121696,7,321.0,0.3408919263408172,13,292.0,0.20424883376387964,20,613.0
2135.0,19,487.0,9.938775510204081,6.352847732601491,7,314.0,0.4296555986752772,12,277.0,0.33948231368129694,19,591.0
2140.0,18,440.0,8.627450980392156,5.249361950946874,7,323.0,0.35301697537231125,11,257.0,0.2472667203973988,18,580.0
2145.0,24,544.0,11.10204081632653,5.499549666301176,9,344.0,0.3559738649715037,15,305.0,0.18243127349538502,24,649.0
2150.0,20,345.0,7.340425531914893,5.034626493652122,8,275.0,0.31325261713179936,12,274.0,0.17206456134232745,20,549.0
2155.0,15,167.0,3.34,5.960704780124854,7,142.0,0.2820423379171178,8,184.0,0.2886827827514635,15,326.0
2160.0,21,255.0,4.903846153846154,6.238421221717285,10,116.0,0.3125557912509476,11,184.0,0.32434064832118037,21,300.0
2165.0,17,288.0,5.236363636363636,6.860654816385671,7,141.0,0.40383371081688063,10,212.0,0.4201390329227977,17,353.0
2170.0,17,361.0,6.9423076923076925,6.767574818642823,7,152.0,0.38838841644569433,10,251.0,0.3995159112342019,17,403.0
2175.0,18,238.0,4.25,5.824128258475497,9,136.0,0.3795692546409726,9,219.0,0.3126286331549502,18,355.0
2180.0,19,246.0,4.241379310344827,6.431615267548996,6,98.0,0.3466725272510072,13,216.0,0.37297936271074533,19,314.0
2185.0,23,280.0,5.0,5.179378792418569,12,109.0,0.2727145177813764,11,242.0,0.3798416156121968,23,351.0
2190.0,22,347.0,6.196428571428571,5.924441718598305,9,146.0,0.39815155360089316,13,269.0,0.35426034973749754,22,415.0
2195.0,26,268.0,4.620689655172414,4.035603152259954,9,137.0,0.31537863749574235,17,263.0,0.2039859513654924,26,400.0
2200.0,28,296.0,4.852459016393443,4.49260160769281,11,152.0,0.25435045768079156,17,246.0,0.27484158870040865,28,398.0
2205.0,31,396.0,6.491803278688525,3.957918053631163,14,199.0,0.2351206359385671,17,304.0,0.26512721119567156,31,503.0
2210.0,28,496.0,8.131147540983607,4.775176377976523,11,241.0,0.3002683388367878,17,342.0,0.28218679007912384,28,583.0
2215.0,31,498.0,8.163934426229508,4.165860371631225,11,226.0,0.2558284944087961,20,403.0,0.19310116608444552,31,629.0
2220.0,31,572.0,9.533333333333333,4.5515321997430345,8,169.0,0.31300315599266887,23,472.0,0.11251088672726359,31,641.0
2225.0,28,508.0,8.758620689655173,4.022565110900687,6,121.0,0.31983322351915483,22,506.0,0.022772657617160862,28,627.0
2230.0,33,500.0,8.474576271186441,4.034515435036186,12,144.0,0.28977463363396005,21,534.0,0.08089966662652422,33,678.0
2235.0,26,514.0,8.426229508196721,4.198240176711792,10,166.0,0.28132772409045054,16,574.0,0.21781346860183728,26,740.0
2240.0,22,517.0,8.206349206349206,5.844842539141518,8,172.0,0.3275583655500546,14,554.0,0.3082918770135959,22,726.0
2245.0,21,345.0,5.564516129032258,5.2930761504543336,9,184.0,0.2713494325581719,12,486.0,0.27120780977890946,21,670.0
2250.0,25,274.0,4.08955223880597,5.756056038795401,12,181.0,0.227458185897371,13,354.0,0.3356481382206252,25,535.0
2255.0,23,240.0,3.75,5.614274638139483,10,168.0,0.31880686313515627,13,365.0,0.3361172769669311,23,533.0
2260.0,23,236.0,3.933333333333333,5.450724210884467,9,145.0,0.39386515142436146,14,341.0,0.2880648169092221,23,486.0
2265.0,24,200.0,3.225806451612903,4.186034615752807,9,145.0,0.3105922583378605,15,349.0,0.20119488420952764,24,494.0
2270.0,23,220.0,3.5483870967741935,4.436329571614773,9,109.0,0.30383274350281664,14,357.0,0.1376241671728248,23,466.0
2275.0,26,226.0,3.53125,4.647134166930741,10,120.0,0.2567381121467583,16,365.0,0.17657808235057304,26,485.0
2280.0,31,295.0,4.338235294117647,5.297802715183699,14,154.0,0.2931637429745421,17,362.0,0.2431768523118301,31,516.0
2285.0,30,327.0,5.030769230769231,5.141598915621259,12,182.0,0.38702428213291173,18,394.0,0.2670458850000927,30,576.0
2290.0,29,364.0,5.870967741935484,4.75526304760095,10,189.0,0.3562727590547934,19,439.0,0.26191311954135993,29,628.0
2295.0,30,370.0,5.606060606060606,3.7121028888137326,12,196.0,0.23058336597847698,18,480.0,0.23155487027481442,30,676.0
2300.0,23,321.0,4.938461538461539,4.169568531668619,8,172.0,0.19926679165021524,15,473.0,0.21034079233263397,23,645.0
2305.0,26,293.0,4.246376811594203,4.43311299219874,9,166.0,0.23235703485064393,17,474.0,0.2067714732813835,26,640.0
2310.0,32,299.0,4.04054054054054,4.7256906819306295,13,178.0,0.2505010863375098,19,444.0,0.20225337192966847,32,622.0
2315.0,32,335.0,4.652777777777778,4.861947750950912,11,199.0,0.4105222267298424,21,481.0,0.2275678611847529,32,680.0
2320.0,27,349.0,4.716216216216216,5.2554432518803935,5,183.0,0.49106862510274685,22,480.0,0.16494671599847258,27,663.0
2325.0,31,345.0,4.6,4.785108381497397,6,123.0,0.41803775170001034,25,550.0,0.10759210697981043,31,673.0
2330.0,34,415.0,5.32051282051282,5.014375195682817,9,67.0,0.35889215944615466,25,618.0,0.15213240002275338,34,685.0
2335.0,36,459.0,6.12,4.354843459130964,12,92.0,0.3035352681320417,24,654.0,0.20919665425484646,36,746.0
2340.0,29,346.0,4.739726027397261,4.712887689130842,11,114.0,0.2772716324962924,18,611.0,0.2174168064862601,29,725.0
2345.0,28,396.0,5.823529411764706,5.575312111208971,14,161.0,0.20900455797981285,14,575.0,0.27159441969488407,28,736.0
2350.0,26,438.0,6.4411764705882355,5.348101601889457,12,197.0,0.21721225124761626,14,564.0,0.22141397738339316,26,761.0
2355.0,24,498.0,7.432835820895522,5.357416720242513,7,195.0,0.3319000139031669,17,611.0,0.16140309225753247,24,806.0
2360.0,26,382.0,6.161290322580645,5.091978757368392,8,178.0,0.41100956290878005,18,570.0,0.18535827838571867,26,748.0
2365.0,28,449.0,6.701492537313433,5.534590376914242,9,158.0,0.43609925466544,19,513.0,0.18720086450576356,28,671.0
2370.0,30,441.0,6.125,5.157346147085977,12,163.0,0.3801552583614316,18,527.0,0.23319727206978036,30,690.0
2375.0,22,374.0,4.857142857142857,6.32872754971027,11,131.0,0.4226211317503261,11,470.0,0.3351255169259403,22,601.0
2380.0,20,289.0,4.128571428571429,6.181302473085839,13,183.0,0.32397216952877417,7,341.0,0.4514833647379872,20,524.0
2385.0,31,353.0,5.1911764705882355,4.968542332309957,21,280.0,0.23948665248276527,10,220.0,0.368839434360324,31,500.0
2390.0,40,389.0,5.8059701492537314,2.911783451631162,22,314.0,0.1613467221822763,18,260.0,0.1688986434534968,40,574.0
2395.0,41,471.0,7.246153846153846,3.0701511145083678,18,353.0,0.21611005689264895,23,330.0,0.13127961190524878,41,683.0
2400.0,36,479.0,7.044117647058823,2.9181273489416046,13,381.0,0.25540320983288045,23,397.0,0.11081860572909832,36,778.0
2405.0,39,563.0,8.042857142857143,3.661074182279419,17,376.0,0.2301602895209357,22,457.0,0.1715012940667257,39,833.0
2410.0,44,521.0,7.236111111111111,3.3455600712530975,21,392.0,0.14241617946247545,23,485.0,0.23647675350358088,44,877.0
2415.0,26,295.0,4.041095890410959,4.4244910286647485,13,359.0,0.14799318588123242,13,417.0,0.26225186832347874,26,776.0
2420.0,20,322.0,4.535211267605634,5.765582679748187,10,347.0,0.24577967499846912,10,369.0,0.2897353821203621,20,716.0
2425.0,24,327.0,4.605633802816901,5.799956084352889,14,404.0,0.22032807066749507,10,322.0,0.2735850512246731,24,726.0
2430.0,34,427.0,6.279411764705882,4.142336662366891,20,487.0,0.16380016178162787,14,303.0,0.17196307369018868,34,790.0
2435.0,37,449.0,6.803030303030303,3.7275683013009986,19,511.0,0.19490794135238712,18,321.0,0.1364447496102724,37,832.0
2440.0,35,437.0,6.621212121212121,4.102586615695582,17,497.0,0.24930302267895527,18,378.0,0.17747903061220321,35,875.0
2445.0,29,435.0,6.492537313432836,4.352906893593559,13,498.0,0.2804259917679447,16,383.0,0.23839403858039396,29,881.0
2450.0,23,293.0,4.373134328358209,5.007622192171067,13,439.0,0.2874534884537528,10,314.0,0.23279541619144892,23,753.0
2455.0,22,379.0,5.742424242424242,6.029168555690875,12,432.0,0.2854759522998593,10,276.0,0.3021963903416465,22,708.0
2460.0,21,309.0,4.544117647058823,5.3538434251563745,13,388.0,0.12853578438462526,8,279.0,0.2768525528680888,21,667.0
2465.0,30,411.0,6.323076923076923,5.815931669906129,16,402.0,0.25585184406968037,14,330.0,0.3274253284879873,30,732.0
2470.0,27,463.0,7.467741935483871,5.251372310800702,13,433.0,0.33878742036956105,14,351.0,0.31566661882857583,27,784.0
2475.0,23,535.0,8.629032258064516,5.554265945490624,14,482.0,0.3237484179489422,9,348.0,0.3330974769464032,23,830.0
2480.0,25,466.0,7.396825396825397,4.680819071155595,15,446.0,0.2047730690262376,10,324.0,0.28498809184168117,25,770.0
2485.0,30,502.0,7.968253968253968,5.303826317395427,16,376.0,0.24434574044127436,14,341.0,0.3028423904874267,30,717.0
2490.0,29,499.0,8.180327868852459,4.0163060500296845,15,376.0,0.21505681947057284,14,376.0,0.25455278420450367,29,752.0
2495.0,22,470.0,7.704918032786885,5.634710032612796,11,317.0,0.28117290431242276,11,392.0,0.3313950199750703,22,709.0
2500.0,19,272.0,4.387096774193548,4.915972115981615,9,317.0,0.21172765160288468,10,311.0,0.24914735179965877,19,628.0
2505.0,30,293.0,4.507692307692308,5.407453911622568,15,306.0,0.21790591684444358,15,279.0,0.2666124377481221,30,585.0
2510.0,27,371.0,6.288135593220339,5.017415641487409,13,311.0,0.30486494256368235,14,266.0,0.3090474554622113,27,577.0
2515.0,21,400.0,6.451612903225806,6.107649343849164,9,285.0,0.33549919331144373,12,284.0,0.30553313795353665,21,569.0
2520.0,20,299.0,5.067796610169491,5.2911445762811535,10,293.0,0.25169375754937245,10,242.0,0.19048430259750931,20,535.0
2525.0,29,347.0,5.596774193548387,5.841350942158148,17,364.0,0.26322256841371394,12,175.0,0.17021883623354794,29,539.0
2530.0,22,406.0,7.0,4.796890835032381,14,404.0,0.29867603982442065,8,206.0,0.24676455631979977,22,610.0
2535.0,20,451.0,8.053571428571429,6.1938595154037985,11,409.0,0.37423367013088155,9,213.0,0.3063280967688461,20,622.0
2540.0,19,287.0,5.125,5.552443710924739,11,297.0,0.2895489045264226,8,165.0,0.25231078283809566,19,462.0
2545.0,23,257.0,4.431034482758621,5.72769060953743,14,239.0,0.204540865210299,9,134.0,0.3435296590119962,23,373.0
2550.0,22,284.0,4.896551724137931,5.523594423510805,13,239.0,0.2576899105172114,9,124.0,0.40200436070872464,22,363.0
2555.0,22,349.0,6.462962962962963,6.357194980394578,15,273.0,0.3588158305159857,7,112.0,0.42158598425374044,22,385.0
2560.0,23,270.0,5.0,5.01795301321203,13,244.0,0.25458350565063886,10,105.0,0.2725869608635759,23,349.0
2565.0,26,331.0,5.706896551724138,5.217227775434687,13,208.0,0.29467975817628006,13,170.0,0.26996263946332916,26,378.0
2570.0,26,372.0,6.526315789473684,4.886004400693077,14,233.0,0.3116502099749587,12,198.0,0.3076604000239865,26,431.0
2575.0,24,475.0,8.636363636363637,5.094788696647091,12,267.0,0.283747813030174,12,253.0,0.37001626362558715,24,520.0
2580.0,25,332.0,5.724137931034483,4.228215313288872,13,244.0,0.21236536723741148,12,236.0,0.32511531000495186,25,480.0
2585.0,21,247.0,3.9206349206349205,4.7201857902552335,15,243.0,0.2171957599560539,6,152.0,0.30678810373546517,21,395.0
2590.0,20,247.0,3.9206349206349205,5.381914464827686,12,246.0,0.2411153520848403,8,132.0,0.3774358352524496,20,378.0
2595.0,21,324.0,5.142857142857143,6.401335032700712,13,247.0,0.3588533256707262,8,147.0,0.34757848442169975,21,394.0
2600.0,17,212.0,3.593220338983051,6.004032537309943,11,233.0,0.26043343527470103,6,105.0,0.33560481388945124,17,338.0
2605.0,21,279.0,5.072727272727272,5.634285148944455,14,238.0,0.23025647114667427,7,113.0,0.337952456500046,21,351.0
2610.0,26,345.0,6.052631578947368,4.6239058884573465,16,270.0,0.12667446322950898,10,146.0,0.27602904932021116,26,416.0
2615.0,27,428.0,7.642857142857143,4.913034055531658,16,300.0,0.238617030020641,11,173.0,0.31774451010334315,27,473.0
2620.0,24,355.0,6.339285714285714,5.051539686041037,15,295.0,0.26713104801549864,9,181.0,0.3485831032516976,24,476.0
2625.0,28,417.0,7.315789473684211,5.744095323913617,16,310.0,0.3330085055730039,12,209.0,0.35646099583463886,28,519.0
2630.0,26,351.0,6.267857142857143,5.0890420275262995,16,338.0,0.26063131670612405,10,184.0,0.32222242883135194,26,522.0
2635.0,26,403.0,6.948275862068965,5.102131901763039,16,372.0,0.23440241637537712,10,144.0,0.3738365661273566,26,516.0
2640.0,28,319.0,5.316666666666666,4.144969494488318,15,372.0,0.20183702481271545,13,161.0,0.3304961532078238,28,533.0
2645.0,20,246.0,3.9047619047619047,6.120130447504174,13,294.0,0.2778676571431443,7,135.0,0.4624878243797519,20,429.0
2650.0,16,174.0,2.6769230769230767,5.781138410322452,11,306.0,0.2496938294203385,5,117.0,0.35400270289563923,16,423.0
2655.0,29,262.0,3.9696969696969697,5.687284991270153,16,337.0,0.2662273858787698,13,118.0,0.28443701401392113,29,455.0
2660.0,26,323.0,5.209677419354839,5.043197838816856,14,346.0,0.30049096217840676,12,147.0,0.31121258264313595,26,493.0
2665.0,20,340.0,5.396825396825397,5.981628177207476,11,332.0,0.2890430265908866,9,149.0,0.3688273008150945,20,481.0
2670.0,24,299.0,4.82258064516129,5.55080946337561,15,334.0,0.2959262566614965,9,146.0,0.30753580446795914,24,480.0
2675.0,27,414.0,6.46875,5.9383660511236185,17,364.0,0.3073565920435511,10,184.0,0.2798400531136807,27,548.0
2680.0,24,442.0,7.245901639344262,5.321269902280736,16,409.0,0.3034443709557549,8,197.0,0.3821102142392941,24,606.0
2685.0,23,500.0,7.936507936507937,5.595300082817887,14,417.0,0.26208168024795625,9,199.0,0.43648161245733336,23,616.0
2690.0,22,501.0,8.21311475409836,5.070252888175155,15,429.0,0.2347148464498143,7,204.0,0.36966851092982334,22,633.0
2695.0,24,541.0,8.725806451612904,5.731236723052395,15,444.0,0.2101312835770765,9,239.0,0.3661598578925681,24,683.0
2700.0,26,257.0,4.283333333333333,4.458193881627474,17,348.0,0.16109213655856844,9,174.0,0.30617749078468554,26,522.0
2705.0,26,292.0,4.634920634920635,5.514013122962694,18,314.0,0.26225140043614364,8,98.0,0.35103593959146423,26,412.0
2710.0,26,347.0,5.688524590163935,5.4630159054425995,16,349.0,0.29936231975609207,10,130.0,0.3851865647564931,26,479.0
2715.0,21,275.0,4.365079365079365,5.374742737559982,13,326.0,0.27267650759417,8,119.0,0.3940978061026721,21,445.0
2720.0,20,265.0,4.2063492063492065,5.7718959851890705,11,296.0,0.29383268828464065,9,127.0,0.3567210138540279,20,423.0
2725.0,26,276.0,4.524590163934426,5.287005903157607,16,284.0,0.2676582992158495,10,127.0,0.33969420594674404,26,411.0
2730.0,27,314.0,5.322033898305085,4.569445355558962,15,299.0,0.25915460417562164,12,157.0,0.3181999168529664,27,456.0
2735.0,28,288.0,4.5,4.625908832164284,17,279.0,0.21227416384218212,11,162.0,0.3401873320079457,28,441.0
2740.0,25,300.0,4.918032786885246,4.9140146891822525,17,311.0,0.1795279284916536,8,119.0,0.4162839719640979,25,430.0
2745.0,20,309.0,5.15,5.4982406371030645,12,301.0,0.2285666926902041,8,129.0,0.341326592130444,20,430.0
2750.0,17,211.0,3.5166666666666666,5.220092636781493,8,218.0,0.2501828665133266,9,121.0,0.23499987373258407,17,339.0
2755.0,30,306.0,5.016393442622951,4.738896481457843,14,239.0,0.2039897297939196,16,177.0,0.2242387502101333,30,416.0
2760.0,31,387.0,6.344262295081967,4.232303346840677,18,294.0,0.26687259398347785,13,228.0,0.27380499625378546,31,522.0
2765.0,25,438.0,6.7384615384615385,5.180950497534406,16,322.0,0.27676122525168734,9,237.0,0.4008300367551334,25,559.0
2770.0,25,411.0,5.956521739130435,5.251713623365773,16,346.0,0.27617209722435127,9,230.0,0.4247936340119345,25,576.0
2775.0,25,422.0,5.943661971830986,5.83147225953145,12,324.0,0.32854367972754983,13,250.0,0.38494352396245934,25,574.0
2780.0,25,262.0,3.6901408450704225,5.234069995481344,12,269.0,0.33691627223529824,13,218.0,0.2511860970392567,25,487.0
2785.0,32,295.0,4.27536231884058,4.607143136316999,18,300.0,0.2521429221965257,14,162.0,0.2550631098485918,32,462.0
2790.0,34,416.0,5.777777777777778,4.012124950040789,20,358.0,0.19643390022101206,14,222.0,0.26859711905990846,34,580.0
2795.0,33,528.0,7.232876712328767,4.839394035136188,17,381.0,0.2608279594059686,16,281.0,0.25074902777941876,33,662.0
2800.0,34,522.0,6.779220779220779,4.481663530668455,19,420.0,0.22076002766306962,15,299.0,0.2181148135036019,34,719.0
2805.0,28,421.0,5.397435897435898,5.35399708436448,18,435.0,0.2624964914316334,10,264.0,0.2951351720001235,28,699.0
2810.0,27,314.0,4.077922077922078,4.884916352042264,19,423.0,0.23720772126654582,8,241.0,0.37236319142150237,27,664.0
2815.0,37,327.0,4.037037037037037,4.621647069434913,20,398.0,0.27257386549136375,17,293.0,0.24564832328424444,37,691.0
2820.0,40,386.0,4.765432098765432,3.9200964814878034,21,474.0,0.28220109887581374,19,306.0,0.1905719088274571,40,780.0
2825.0,50,580.0,7.160493827160494,3.751314474339992,29,598.0,0.17977239042133242,21,345.0,0.2532890592532022,50,943.0
2830.0,53,651.0,7.939024390243903,3.054486086981366,32,676.0,0.14281440598764675,21,370.0,0.2111834998750624,53,1046.0
2835.0,37,459.0,5.530120481927711,3.6229206551216997,23,672.0,0.1422505341023728,14,322.0,0.19878774943598726,37,994.0
2840.0,27,446.0,5.439024390243903,4.357417123709229,18,680.0,0.17448833485073406,9,338.0,0.23998971334180746,27,1018.0
2845.0,27,420.0,5.0,4.56778705463958,15,639.0,0.18829530908590822,12,363.0,0.2745845653604681,27,1002.0
2850.0,33,305.0,3.91025641025641,3.9565143755826226,19,629.0,0.19776465553139658,14,362.0,0.24775714733220547,33,991.0
2855.0,43,363.0,4.776315789473684,3.3517528254569027,21,600.0,0.1764896981900018,22,392.0,0.18234675980079282,43,992.0
2860.0,46,455.0,5.6875,3.104530528050583,24,629.0,0.1564850534965031,22,425.0,0.20993711387364786,46,1054.0
2865.0,34,358.0,4.64935064935065,3.5483344882932597,19,579.0,0.11249485833457887,15,379.0,0.23724812200126624,34,958.0
2870.0,23,317.0,4.171052631578948,4.511090328656425,13,468.0,0.18190618641253722,10,380.0,0.2524106686321326,23,848.0
2875.0,21,257.0,3.1728395061728394,4.985454647967596,11,424.0,0.27337858674076515,10,383.0,0.21581367681232855,21,807.0
2880.0,32,332.0,4.15,4.536282279969361,15,395.0,0.31105867866866227,17,387.0,0.21183962363195152,32,782.0
2885.0,34,386.0,5.012987012987013,4.641481488189467,17,371.0,0.28760373078127394,17,363.0,0.24165654459122843,34,734.0
2890.0,32,472.0,6.2105263157894735,4.217888926595037,18,403.0,0.16031072416370315,14,356.0,0.280499317268552,32,759.0
2895.0,32,511.0,6.905405405405405,4.147134926902342,16,411.0,0.14574522805707257,16,376.0,0.2247565713433893,32,787.0
2900.0,37,598.0,8.08108108108108,3.4980305404156313,18,445.0,0.16445625404872524,19,404.0,0.14178293734804648,37,849.0
2905.0,40,683.0,9.22972972972973,3.4137092642222604,18,465.0,0.2670810235163841,22,471.0,0.0791992706524894,40,936.0
2910.0,31,753.0,10.458333333333334,4.129316055793574,15,503.0,0.288113956579623,16,514.0,0.16065341774577635,31,1017.0
2915.0,27,716.0,10.529411764705882,4.445026126758664,15,513.0,0.220667566567443,12,480.0,0.18902022454875891,27,993.0
2920.0,32,567.0,8.338235294117647,4.704978536568241,20,438.0,0.18060264693769643,12,417.0,0.1532261073699662,32,855.0
2925.0,32,505.0,7.651515151515151,4.443467458157152,19,422.0,0.1792504548955739,13,400.0,0.1962334016676808,32,822.0
2930.0,34,480.0,7.868852459016393,4.693583980550208,21,467.0,0.1798840364598239,13,339.0,0.3388454232099559,34,806.0
2935.0,27,491.0,8.049180327868852,3.6416377804524074,17,524.0,0.15949883602441078,10,356.0,0.27332260608010117,27,880.0
2940.0,26,488.0,8.0,3.8446096080500514,19,562.0,0.0927158254143542,7,325.0,0.35082024696941017,26,887.0
2945.0,23,525.0,9.051724137931034,4.876657793055903,15,574.0,0.10038645181364184,8,282.0,0.3882477352334153,23,856.0
2950.0,30,476.0,7.933333333333334,3.6380054099492454,16,522.0,0.14219096090754116,14,282.0,0.1680539818837987,30,804.0
2955.0,29,323.0,5.209677419354839,3.905870542617794,13,458.0,0.22356775159873404,16,279.0,0.18258200402529637,29,737.0
2960.0,29,371.0,5.983870967741935,4.609674119787184,13,474.0,0.23564945573266308,16,251.0,0.2938901570482741,29,725.0
2965.0,29,374.0,5.936507936507937,4.28750960172735,14,440.0,0.25916458918397645,15,270.0,0.29192545309348494,29,710.0
2970.0,25,293.0,4.4393939393939394,4.444719772021418,17,456.0,0.2013497643418116,8,238.0,0.34750732122786326,25,694.0
2975.0,23,315.0,4.846153846153846,5.484320358772529,12,427.0,0.2527135200404687,11,209.0,0.37332775199868407,23,636.0
2980.0,22,333.0,5.045454545454546,5.349006553568537,11,393.0,0.25744669474901805,11,213.0,0.2877299246064639,22,606.0
2985.0,27,384.0,5.731343283582089,4.450899419489947,14,365.0,0.24148621569375014,13,224.0,0.2616824752061851,27,589.0
2990.0,32,490.0,7.538461538461538,4.392739438264381,18,419.0,0.28000925340225336,14,279.0,0.30349459723467725,32,698.0
2995.0,24,547.0,8.287878787878787,4.744248119061272,10,415.0,0.24362894759206238,14,316.0,0.26820389496719993,24,731.0
3000.0,24,505.0,7.769230769230769,5.018303560633432,10,371.0,0.23372907033636434,14,338.0,0.23556625287586463,24,709.0
3005.0,31,539.0,7.811594202898551,5.041331605846888,15,326.0,0.20619859519328748,16,356.0,0.2203081443595073,31,682.0
3010.0,35,492.0,7.6875,4.033865858845111,16,315.0,0.24028126180191012,19,413.0,0.20753326334902464,35,728.0
3015.0,30,573.0,9.241935483870968,4.756488504528396,15,274.0,0.25122388189881933,15,457.0,0.3333616317003912,30,731.0
3020.0,32,412.0,6.338461538461538,3.772462927935693,16,270.0,0.16986212454261976,16,364.0,0.2596438999841761,32,634.0
3025.0,32,436.0,6.507462686567164,4.6055002081721454,18,330.0,0.15507146143115508,14,274.0,0.31965176557822395,32,604.0
3030.0,34,391.0,5.924242424242424,3.7621084080784444,15,346.0,0.2416604499199721,19,301.0,0.23435011786600138,34,647.0
3035.0,23,247.0,3.579710144927536,4.756818254017778,9,279.0,0.2590186607185035,14,298.0,0.2426153786617155,23,577.0
3040.0,21,324.0,4.695652173913044,6.0129865161633616,5,201.0,0.3478639892142429,16,347.0,0.25660225826747735,21,548.0
3045.0,20,328.0,4.619718309859155,5.7195728559043655,4,178.0,0.2886409186222086,16,391.0,0.19932991531282584,20,569.0
3050.0,29,367.0,5.242857142857143,5.416776159754099,12,215.0,0.20491235804300267,17,421.0,0.2716383800893177,29,636.0
3055.0,28,388.0,6.360655737704918,3.95021422038436,13,230.0,0.28831174651315483,15,411.0,0.20793416022644337,28,641.0
3060.0,22,392.0,6.758620689655173,4.994008359123429,6,205.0,0.4498630998269154,16,404.0,0.1549964450448499,22,609.0
3065.0,22,225.0,3.8135593220338984,4.407645298387836,5,150.0,0.4065184618877859,17,377.0,0.031139870239623082,22,527.0
3070.0,28,329.0,5.483333333333333,4.644091565001391,9,119.0,0.28853637766687656,19,390.0,0.15465544184591862,28,509.0
3075.0,28,324.0,5.311475409836065,4.4088305225717965,12,126.0,0.243863881259924,16,413.0,0.2819553384101514,28,539.0
3080.0,18,234.0,3.8360655737704916,5.97456502273186,8,104.0,0.3309296896302605,10,348.0,0.37509222344382254,18,452.0
3085.0,16,189.0,3.2033898305084745,5.813053718647116,7,102.0,0.3791052120912336,9,312.0,0.24447615084616606,16,414.0
3090.0,25,243.0,3.9193548387096775,5.949448195431333,10,127.0,0.2902220113285149,15,263.0,0.276292575068428,25,390.0
3095.0,29,285.0,4.830508474576271,4.8855904554130305,15,193.0,0.21545590453071328,14,258.0,0.33682505194670026,29,451.0
3100.0,25,359.0,6.410714285714286,5.431464667874026,12,236.0,0.29212653232317265,13,255.0,0.4102117958736502,25,491.0
3105.0,22,403.0,7.60377358490566,4.677658134309105,9,244.0,0.35553248399208615,13,301.0,0.22228039478443462,22,545.0
3110.0,29,452.0,8.37037037037037,3.2581806679099703,11,256.0,0.21367291385462558,18,368.0,0.08381852356083612,29,624.0
3115.0,32,426.0,7.745454545454545,3.2982472766979147,13,242.0,0.2575119087156978,19,369.0,0.12359452507895038,32,611.0
3120.0,21,354.0,6.4363636363636365,4.72129241096984,11,271.0,0.23667495689757384,10,284.0,0.32828264502392696,21,555.0
3125.0,18,400.0,7.2727272727272725,5.830028081088762,7,267.0,0.24872122977113018,11,254.0,0.40452378727273963,18,521.0
3130.0,20,490.0,8.75,6.520211448720979,9,283.0,0.198482418141088,11,270.0,0.3612124982218198,20,553.0
3135.0,21,296.0,5.103448275862069,6.155725163723232,9,208.0,0.10024671225056062,12,269.0,0.3267187878869349,21,477.0
3140.0,19,284.0,5.2592592592592595,6.171812014860348,8,131.0,0.2840090772913531,11,261.0,0.2911697013563899,19,392.0
3145.0,18,202.0,3.8846153846153846,5.93641753474324,7,142.0,0.4453616125156032,11,241.0,0.25871901652632134,18,383.0
3150.0,17,228.0,4.653061224489796,6.269717438009332,7,178.0,0.5095905013950461,10,190.0,0.2754208343615019,17,368.0
3155.0,20,182.0,3.3703703703703702,5.08802659784214,8,133.0,0.41042403236671454,12,191.0,0.2435858106434406,20,324.0
3160.0,24,243.0,4.5,5.1504082924222585,8,107.0,0.41105931429134646,16,247.0,0.27142930233956375,24,354.0
3165.0,22,247.0,4.574074074074074,4.960812197166963,7,68.0,0.377403985461579,15,291.0,0.2857864482419907,22,359.0
3170.0,16,277.0,4.946428571428571,5.867920901513587,3,52.0,0.49855162818550297,13,310.0,0.259862740874469,16,362.0
3175.0,20,268.0,4.620689655172414,5.183378624144241,5,57.0,0.43914540545142716,15,304.0,0.1324928853764747,20,361.0
3180.0,27,300.0,5.0,5.591641180742143,11,101.0,0.4326849236132569,16,313.0,0.19780133656097337,27,414.0
3185.0,22,246.0,4.241379310344827,4.573154401317587,9,127.0,0.32834647031240677,13,285.0,0.2646571865731869,22,412.0
3190.0,22,287.0,4.948275862068965,5.2676979925037255,9,129.0,0.30364478201619166,13,268.0,0.30296214503873037,22,397.0
3195.0,23,302.0,5.206896551724138,4.8240964700217965,10,143.0,0.16176065813577384,13,281.0,0.27397863198677613,23,424.0
3200.0,29,359.0,6.084745762711864,5.443874556449398,15,206.0,0.1960150121447228,14,316.0,0.28450283177726005,29,522.0
3205.0,26,369.0,6.362068965517241,4.227849564548087,12,245.0,0.21303218112723105,14,313.0,0.17536177726625493,26,558.0
3210.0,26,440.0,7.857142857142857,4.521231278554316,10,263.0,0.3673621057850229,16,329.0,0.19336458322327935,26,592.0
3215.0,26,348.0,6.0,4.919127184941511,9,202.0,0.38522097393634014,17,361.0,0.23593267554773334,26,563.0
3220.0,24,343.0,5.532258064516129,5.96429133653754,7,139.0,0.48658018096321404,17,362.0,0.265794159556935,24,501.0
3225.0,27,380.0,5.846153846153846,5.314738347306118,9,163.0,0.4302015038891364,18,388.0,0.22805178703144788,27,551.0
3230.0,28,425.0,6.640625,4.729307531282942,12,201.0,0.3872078672952788,16,435.0,0.23002307525041923,28,636.0
3235.0,32,360.0,5.538461538461538,3.5796808706489096,16,234.0,0.2688427771364326,16,434.0,0.22032125901311975,32,668.0
3240.0,25,303.0,4.734375,4.487402955329534,13,241.0,0.2389883894375788,12,374.0,0.25461892606945413,25,615.0
3245.0,27,254.0,3.735294117647059,4.113848233442915,13,228.0,0.22412489993596268,14,380.0,0.18617596071189238,27,608.0
3250.0,30,318.0,4.608695652173913,4.87420718292789,14,212.0,0.2929386924756307,16,401.0,0.2542458338763979,30,613.0
3255.0,33,392.0,5.6,4.679655512119659,16,232.0,0.2510029511006059,17,441.0,0.33084041431459266,33,673.0
3260.0,31,478.0,7.242424242424242,4.290215396441249,17,264.0,0.2066227106059601,14,447.0,0.3046893188953468,31,711.0
3265.0,34,492.0,7.343283582089552,3.6606545662881973,20,317.0,0.11300541096362547,14,426.0,0.25515179792936876,34,743.0
3270.0,35,468.0,6.685714285714286,4.24091517888277,17,359.0,0.22051181850753548,18,395.0,0.19530986410072926,35,754.0
3275.0,34,501.0,7.260869565217392,3.883512085402168,17,365.0,0.2526698313596151,17,467.0,0.19835322674681574,34,832.0
3280.0,28,476.0,7.0,4.9508385564190975,11,298.0,0.3257030944800292,17,518.0,0.21188265827409403,28,816.0
3285.0,25,411.0,6.523809523809524,5.038770856098503,9,202.0,0.3777332379350745,16,517.0,0.1506809381607324,25,719.0
3290.0,24,393.0,6.238095238095238,5.960238461795126,9,139.0,0.4013265583696569,15,540.0,0.24754504306053557,24,679.0
3295.0,26,276.0,4.842105263157895,5.041011511932207,12,145.0,0.3385351331792464,14,479.0,0.30242524226605527,26,624.0
3300.0,26,308.0,5.4035087719298245,5.032082650925517,9,173.0,0.42185085037915254,17,445.0,0.2641572659815533,26,618.0
3305.0,26,314.0,5.233333333333333,4.153783018401334,10,182.0,0.3000995406911906,16,441.0,0.212175094263007,26,623.0
3310.0,34,357.0,5.758064516129032,4.205153856840428,15,178.0,0.23417988965633385,19,385.0,0.2472560904278856,34,563.0
3315.0,31,325.0,5.416666666666667,3.5790192168727653,14,206.0,0.2192308865886153,17,414.0,0.2522676206568872,31,620.0
3320.0,23,240.0,3.6363636363636362,4.052929004406651,10,188.0,0.1732620035014512,13,374.0,0.19482880278073175,23,562.0
3325.0,21,239.0,3.414285714285714,5.068187285959665,10,196.0,0.17094120720733114,11,376.0,0.3064731206939959,21,572.0
3330.0,27,309.0,4.291666666666667,5.612233840558661,12,207.0,0.1974018286566787,15,430.0,0.33205917415461406,27,637.0
3335.0,28,392.0,5.681159420289855,4.9421122567211695,11,233.0,0.29120922032292734,17,462.0,0.3204228733129231,28,695.0
3340.0,23,427.0,7.116666666666666,4.628043021620884,9,227.0,0.37484753577186114,14,461.0,0.1771262465995409,23,688.0
3345.0,24,390.0,6.724137931034483,3.872527070876139,8,189.0,0.26482234466285004,16,435.0,0.12931990314753208,24,624.0
3350.0,25,413.0,6.883333333333334,4.329995018464932,11,206.0,0.25849641009395075,14,431.0,0.1666733927426664,25,637.0
3355.0,26,477.0,7.819672131147541,4.543380721323348,9,219.0,0.345920174595368,17,468.0,0.20478424738904727,26,687.0
3360.0,20,501.0,8.35,5.5178037886021665,8,218.0,0.41794302409337936,12,482.0,0.28465431341358827,20,700.0
3365.0,19,282.0,4.7,4.77579049203095,6,127.0,0.3555796713646679,13,450.0,0.2547777333312508,19,577.0
3370.0,27,260.0,4.333333333333333,5.135383194605278,10,108.0,0.38973314088007927,17,350.0,0.26374631036412877,27,458.0
3375.0,28,286.0,4.688524590163935,3.7022872852469035,9,137.0,0.2797420843158055,19,380.0,0.17451906786582527,28,517.0
3380.0,36,416.0,6.4,4.05310921560136,13,169.0,0.3183447440035524,23,433.0,0.19387931750372994,36,602.0
3385.0,31,426.0,6.358208955223881,4.323372803050945,9,186.0,0.3674780603943022,22,460.0,0.23802531421403955,31,646.0
3390.0,33,504.0,7.411764705882353,4.70812746713018,9,170.0,0.4288839630516288,24,497.0,0.20386220825692494,33,667.0
3395.0,34,447.0,6.208333333333333,3.9857653929186703,9,146.0,0.3930672093470543,25,545.0,0.12369605920660845,34,691.0
3400.0,26,286.0,3.864864864864865,4.689354698187564,6,93.0,0.3790749811349886,20,521.0,0.149940644457188,26,614.0
3405.0,21,291.0,4.041666666666667,6.160580454798334,8,101.0,0.45040637752164286,13,487.0,0.2413251630644908,21,588.0
3410.0,18,213.0,2.9583333333333335,6.156305827106543,9,88.0,0.2821474305174399,9,424.0,0.3091463131214235,18,512.0
3415.0,21,179.0,2.6323529411764706,5.519343598807504,10,94.0,0.34473332919198524,11,371.0,0.2761759091386621,21,465.0
3420.0,28,180.0,2.727272727272727,4.375357018186926,10,90.0,0.32446850961382023,18,386.0,0.19028280839543393,28,476.0
3425.0,31,325.0,5.078125,4.657914073030488,10,127.0,0.3947605159523292,21,464.0,0.2250080435315646,31,591.0
3430.0,33,348.0,5.117647058823529,4.05872523422301,9,138.0,0.3217145170859751,24,503.0,0.19185625727716174,33,641.0
3435.0,27,311.0,4.573529411764706,4.638441944923516,9,124.0,0.2763595862109584,18,474.0,0.22257006582824287,27,598.0
3440.0,21,275.0,4.104477611940299,4.465644333118555,9,125.0,0.19077510217553165,12,468.0,0.2283611862451165,21,593.0
3445.0,26,347.0,5.028985507246377,5.242051877430322,11,146.0,0.32850012840696396,15,466.0,0.264768347527787,26,612.0
3450.0,26,259.0,3.753623188405797,4.492582509356004,9,125.0,0.2520774146359804,17,451.0,0.24752935151412078,26,576.0
3455.0,34,397.0,6.107692307692307,4.2248004065795595,9,149.0,0.34096827985428413,25,533.0,0.21881208919441572,34,682.0
3460.0,35,436.0,6.507462686567164,3.136293797561146,8,146.0,0.34667906417900807,27,577.0,0.1350119211761243,35,723.0
3465.0,32,447.0,6.385714285714286,3.7862883296381344,7,120.0,0.2853417606697659,25,555.0,0.13053214238739738,32,675.0
3470.0,24,336.0,4.666666666666667,4.5536699129623,7,112.0,0.22933231523905484,17,575.0,0.199176986190432,24,687.0
3475.0,26,290.0,3.918918918918919,5.504949618601899,11,119.0,0.2818877611363176,15,555.0,0.2492708874792707,26,674.0
3480.0,31,383.0,5.550724637681159,4.534881017894412,6,123.0,0.4142385876298509,25,618.0,0.17234966985281192,31,741.0
3485.0,34,478.0,6.732394366197183,4.178669731393415,8,114.0,0.40729244603875636,26,667.0,0.14955842996680402,34,781.0
3490.0,32,471.0,6.541666666666667,4.704559106707086,9,109.0,0.38957231488711247,23,645.0,0.20277811891233422,32,754.0
3495.0,21,360.0,5.142857142857143,5.257692214410971,6,92.0,0.4880559816751287,15,641.0,0.22624420392431518,21,733.0
3500.0,24,301.0,4.3,4.511838781200214,4,108.0,0.40818650688879077,20,601.0,0.20263233911134326,24,709.0
3505.0,31,406.0,5.638888888888889,4.23459389387757,8,125.0,0.4246109496636155,23,651.0,0.14540036949023502,31,776.0
3510.0,32,437.0,5.986301369863014,4.2132160258855835,8,134.0,0.3909978187065151,24,656.0,0.1369056270123686,32,790.0
3515.0,26,534.0,7.739130434782608,5.534103154900196,6,125.0,0.40572352255486827,20,678.0,0.21937082870374142,26,803.0
3520.0,26,612.0,9.134328358208956,4.71260744307808,6,139.0,0.23386239137529982,20,723.0,0.18458378705693623,26,862.0
3525.0,37,730.0,10.735294117647058,3.643428366339701,11,179.0,0.26668756098891555,26,755.0,0.10889349291529975,37,934.0
3530.0,39,704.0,9.915492957746478,3.8378262495365383,12,236.0,0.29398527258601803,27,766.0,0.18223393530820245,39,1002.0
3535.0,36,743.0,10.926470588235293,4.19399576270252,10,266.0,0.41556858102234195,26,729.0,0.23012295470095287,36,995.0
3540.0,32,737.0,10.838235294117647,4.0936912911500976,8,269.0,0.43047620869461095,24,730.0,0.16175778679808828,32,999.0
3545.0,35,565.0,8.071428571428571,4.219731094167594,9,254.0,0.38496566566523094,26,699.0,0.1371021817722542,35,953.0
3550.0,34,674.0,9.492957746478874,4.286588386591621,9,233.0,0.3587426711088197,25,780.0,0.14086086916614818,34,1013.0
3555.0,34,774.0,11.057142857142857,4.256901468124047,9,266.0,0.3520386956748234,25,856.0,0.16494866874672842,34,1122.0
3560.0,41,808.0,11.710144927536232,3.6177674258854724,14,318.0,0.29543989661689746,27,879.0,0.1660004343068345,41,1197.0
3565.0,34,578.0,8.376811594202898,3.7231300181162656,13,355.0,0.2426457167518213,21,810.0,0.16048683001835076,34,1165.0
3570.0,25,575.0,9.126984126984127,4.48982036519506,8,346.0,0.27120770247432285,17,696.0,0.15332158191076775,25,1042.0
3575.0,20,313.0,5.396551724137931,5.350843849521505,6,153.0,0.26573628059514864,14,560.0,0.25844431734732676,20,713.0
3580.0,25,368.0,6.133333333333334,5.0660573164167095,10,130.0,0.2406622212653035,15,518.0,0.19601915981988408,25,648.0
3585.0,25,337.0,6.127272727272727,5.019152975031703,9,146.0,0.37941432539807496,16,475.0,0.1650283727436697,25,621.0
3590.0,24,329.0,5.771929824561403,5.562001898348083,10,170.0,0.41040591930303055,14,393.0,0.22714059719401378,24,563.0
3595.0,21,322.0,5.75,5.41035004396643,8,171.0,0.4253087803161629,13,418.0,0.2646294938500632,21,589.0
3600.0,16,289.0,5.452830188679245,5.888657045228022,5,108.0,0.27976192228802294,11,409.0,0.3550166083809055,16,517.0
3605.0,16,228.0,4.222222222222222,5.136577919573354,6,102.0,0.27045943866524935,10,364.0,0.24522074565003993,16,466.0
3610.0,26,254.0,4.379310344827586,5.36369631475452,11,147.0,0.29756788958625197,15,328.0,0.23390837398753497,26,475.0
3615.0,23,200.0,3.6363636363636362,5.150030215933369,9,118.0,0.38327819294056653,14,356.0,0.27651199242078817,23,474.0
3620.0,22,287.0,5.035087719298246,5.5199859657886465,10,144.0,0.36623176784604894,12,378.0,0.33938272622311055,22,522.0
3625.0,19,247.0,4.333333333333333,5.155696521568994,9,147.0,0.3710889116011037,10,382.0,0.3167228639819142,19,529.0
3630.0,16,221.0,4.0181818181818185,6.089198389757443,4,94.0,0.3773603608041133,12,350.0,0.33452850326327466,16,444.0
3635.0,14,218.0,4.541666666666667,4.884085732030464,4,81.0,0.23413153612240345,10,365.0,0.24905416687007736,14,446.0
3640.0,21,289.0,5.78,5.3972452018683486,12,114.0,0.19757322711540706,9,391.0,0.3622035214790375,21,505.0
3645.0,21,254.0,5.404255319148936,4.5363810521966625,10,135.0,0.26232743081604104,11,330.0,0.2780434911820349,21,465.0
3650.0,22,231.0,4.914893617021277,5.023305296388467,13,183.0,0.3090430215197523,9,217.0,0.32684008600234027,22,400.0
3655.0,17,210.0,4.117647058823529,4.427951239662179,10,185.0,0.2954745541680561,7,233.0,0.28093679649173114,17,418.0
3660.0,14,183.0,3.588235294117647,5.732571722806094,3,128.0,0.37521023443459933,11,263.0,0.2700952595419904,14,391.0
3665.0,16,253.0,5.06,6.604039931337207,4,83.0,0.45474580885207017,12,322.0,0.22419289867086084,16,405.0
3670.0,16,281.0,5.203703703703703,5.521806675137299,5,91.0,0.34258354361492005,11,318.0,0.18143348898606154,16,409.0
3675.0,22,336.0,6.339622641509434,5.880442056264887,11,137.0,0.37119083577199025,11,344.0,0.26740951175641536,22,481.0
3680.0,18,275.0,5.5,5.006709582852639,8,155.0,0.4045931932780598,10,320.0,0.27967668864857503,18,475.0
3685.0,16,327.0,6.288461538461538,6.450884568154164,5,137.0,0.45825794273965265,11,314.0,0.28568318795822867,16,451.0
3690.0,18,209.0,3.8703703703703702,5.755100669385234,8,130.0,0.40199286179544325,10,217.0,0.2630291885638974,18,347.0
3695.0,22,280.0,5.0,6.397185127297679,13,180.0,0.32918384153171043,9,191.0,0.3731321050349906,22,371.0
3700.0,20,294.0,5.345454545454546,4.962036406090607,13,223.0,0.22764929143352142,7,181.0,0.33199082240461103,20,404.0
3705.0,20,340.0,5.964912280701754,5.8161884655898755,12,258.0,0.25674535420230293,8,182.0,0.36242340239659554,20,440.0
3710.0,17,236.0,4.214285714285714,5.385650380688332,10,203.0,0.30035414853081976,7,204.0,0.2428386655920824,17,407.0
3715.0,25,304.0,5.241379310344827,6.1436370878123645,14,180.0,0.3420130475328426,11,242.0,0.29029656976271084,25,422.0
3720.0,21,229.0,4.490196078431373,5.471619560953976,12,183.0,0.2944481139652051,9,225.0,0.34511146126934295,21,408.0
3725.0,23,259.0,5.078431372549019,4.792776339357887,16,200.0,0.24651782439222758,7,138.0,0.3050628770101435,23,338.0
3730.0,23,301.0,5.788461538461538,4.7764768800439334,13,230.0,0.2897347461619674,10,163.0,0.2726405102105562,23,393.0
3735.0,18,278.0,5.450980392156863,5.635602797858572,12,210.0,0.3186823769117577,6,152.0,0.3484778477824447,18,362.0
3740.0,15,189.0,3.7058823529411766,5.573212807615763,10,207.0,0.2670464190837193,5,121.0,0.33397297481317983,15,328.0
3745.0,20,245.0,4.454545454545454,5.910832752067997,15,184.0,0.15540456777328593,5,130.0,0.45578016571484237,20,314.0
3750.0,24,274.0,5.169811320754717,5.686156042960426,17,221.0,0.15554732789633624,7,125.0,0.45794768008126774,24,346.0
3755.0,21,302.0,5.592592592592593,5.997877366160467,12,233.0,0.2808420527044112,9,160.0,0.45480214673925545,21,393.0
3760.0,15,203.0,3.830188679245283,5.206414074972861,8,228.0,0.30654150440014577,7,137.0,0.37355345586034905,15,365.0
3765.0,19,189.0,3.7058823529411766,5.783548999342581,8,181.0,0.31809281477875617,11,117.0,0.38019527468034864,19,298.0
3770.0,21,153.0,2.732142857142857,4.798143860028724,12,193.0,0.22140427459709458,9,123.0,0.29086598244665285,21,316.0
3775.0,28,272.0,4.771929824561403,4.976234382400863,17,252.0,0.22865913428973453,11,133.0,0.30442608854012565,28,385.0
3780.0,27,349.0,6.017241379310345,4.434900222810402,15,278.0,0.26394142076965005,12,190.0,0.2813959359133462,27,468.0
3785.0,28,409.0,6.816666666666666,5.145347755574982,14,290.0,0.3382500413142945,14,244.0,0.3327615408112822,28,534.0
3790.0,27,342.0,5.896551724137931,4.540948592532214,14,285.0,0.32744977931614727,13,243.0,0.3245115915436749,27,528.0
3795.0,18,193.0,3.216666666666667,4.756473643255812,11,245.0,0.2701917567193533,7,166.0,0.24858405241024806,18,411.0
3800.0,17,248.0,4.065573770491803,6.092987449979424,10,237.0,0.2828330395863785,7,114.0,0.3590339056485103,17,351.0
3805.0,20,252.0,4.0,6.593494530114621,12,241.0,0.2573949137417147,8,114.0,0.36950925865379913,20,355.0
3810.0,24,313.0,5.131147540983607,5.970698380346902,12,279.0,0.22388883771474302,12,115.0,0.3678163620222795,24,394.0
3815.0,20,355.0,6.120689655172414,5.434687519955939,11,281.0,0.28889091897238567,9,136.0,0.2393543887602972,20,417.0
3820.0,19,292.0,5.407407407407407,5.785658428055667,9,206.0,0.3414159490451798,10,139.0,0.25402030530568187,19,345.0
3825.0,19,249.0,4.69811320754717,5.817572212490503,12,192.0,0.21433438596913107,7,123.0,0.4040211159574129,19,315.0
3830.0,22,328.0,6.074074074074074,5.368781317621259,13,229.0,0.18793723585660072,9,141.0,0.4046827109261767,22,370.0
3835.0,16,279.0,5.58,5.816860110831275,10,243.0,0.3071155082012729,6,106.0,0.4176058942986365,16,349.0
3840.0,20,359.0,7.03921568627451,6.820370760065014,10,285.0,0.40395112242921566,10,95.0,0.38144649225770894,20,380.0
3845.0,18,302.0,5.69811320754717,5.557140609161131,9,228.0,0.3547046539710526,9,115.0,0.21730598104878682,18,343.0
3850.0,24,306.0,5.773584905660377,5.491902476307976,12,231.0,0.2976997012217424,12,137.0,0.2926145163423115,24,368.0
3855.0,20,318.0,6.235294117647059,4.993824935875262,10,217.0,0.3125587252200673,10,170.0,0.32703323656880934,20,387.0
3860.0,26,423.0,7.981132075471698,5.6723371404307015,13,247.0,0.2935407891421407,13,216.0,0.38651073353665205,26,463.0
3865.0,22,345.0,6.052631578947368,4.975081763719215,10,274.0,0.3134988914837255,12,190.0,0.3300698557575572,22,464.0
3870.0,16,311.0,5.456140350877193,5.9973356789332755,7,260.0,0.3826597259111056,9,143.0,0.32225462615017064,16,403.0
3875.0,15,342.0,6.107142857142857,5.833949397553655,7,289.0,0.2710312369198394,8,130.0,0.3118666854623246,15,419.0
3880.0,29,458.0,7.762711864406779,5.0241572156017265,13,351.0,0.27061356201895065,16,187.0,0.2519568184373411,29,538.0
3885.0,25,537.0,9.258620689655173,4.930607278821899,10,387.0,0.3610323958360056,15,243.0,0.2829321404612692,25,630.0
3890.0,22,573.0,10.418181818181818,5.400374601585126,9,381.0,0.4199906524945042,13,253.0,0.20600243283144562,22,634.0
3895.0,23,396.0,6.947368421052632,4.388560720982813,9,266.0,0.2630194362826506,14,288.0,0.12887558349953004,23,554.0
3900.0,27,413.0,7.120689655172414,5.130403621245984,10,153.0,0.29476051004184967,17,324.0,0.2369433989162994,27,477.0
3905.0,28,351.0,6.157894736842105,5.031352063380279,11,128.0,0.31016279282920556,17,352.0,0.29032969898413935,28,480.0
3910.0,21,272.0,5.037037037037037,5.057991816502324,8,134.0,0.3496328838910108,13,331.0,0.3186578617005723,21,465.0
3915.0,22,226.0,3.830508474576271,4.067052076617091,9,130.0,0.3569380916996064,13,339.0,0.18331684386985886,22,469.0
3920.0,18,191.0,3.183333333333333,5.375117501250583,7,127.0,0.4044700875518213,11,311.0,0.2285942533599166,18,438.0
3925.0,18,239.0,3.9833333333333334,5.2318795425216695,6,144.0,0.372843398624222,12,309.0,0.2175212680274956,18,453.0
3930.0,22,294.0,4.819672131147541,5.562852550910185,9,176.0,0.3674882027830809,13,291.0,0.2388963337708504,22,467.0
3935.0,22,288.0,4.8,4.159525804702442,9,190.0,0.2519006255671273,13,279.0,0.2490817323583464,22,469.0
3940.0,30,413.0,6.883333333333334,4.638527574753507,13,223.0,0.32781627065762564,17,333.0,0.23956265184415926,30,556.0
3945.0,29,351.0,5.661290322580645,5.119913734482379,12,192.0,0.33847446156221767,17,348.0,0.2750364926790318,29,540.0
3950.0,31,482.0,7.1940298507462686,5.369798456825026,13,246.0,0.35595328870309684,18,380.0,0.2861139921279209,31,626.0
3955.0,30,519.0,7.984615384615385,4.381637638656468,11,258.0,0.3243616854655996,19,428.0,0.2610296333538138,30,686.0
3960.0,29,570.0,8.507462686567164,4.779074449879774,11,257.0,0.4083637170661269,18,458.0,0.20701037249460763,29,715.0
3965.0,32,538.0,7.577464788732394,4.302249967578743,12,286.0,0.3758522505731416,20,464.0,0.17278340126580483,32,750.0
3970.0,29,400.0,5.333333333333333,4.714724662514518,12,303.0,0.3332310368526367,17,432.0,0.19762947093326383,29,735.0
3975.0,23,227.0,3.026666666666667,5.286958877482785,14,247.0,0.2784562376308466,9,384.0,0.30317104132462974,23,631.0
3980.0,31,268.0,3.4358974358974357,5.304114109377266,15,198.0,0.2846648898315586,16,400.0,0.24380013852794247,31,598.0
3985.0,34,375.0,5.0,5.0167028907457984,17,263.0,0.30219345797901315,17,407.0,0.2813020180050964,34,670.0
3990.0,27,424.0,5.653333333333333,5.021596587680921,13,304.0,0.2551543111552137,14,345.0,0.23911076711056517,27,649.0
3995.0,25,385.0,5.273972602739726,4.993003400262532,12,299.0,0.23904997173432133,13,353.0,0.22733258166578185,25,652.0
4000.0,30,358.0,4.773333333333333,4.601881463883452,12,271.0,0.23890319791348857,18,365.0,0.16558687855977655,30,636.0
4005.0,33,387.0,5.6911764705882355,4.443027223780647,13,313.0,0.2832756771002094,20,381.0,0.22037439337093828,33,694.0
4010.0,36,514.0,7.907692307692308,4.2096378245084205,14,339.0,0.24976003394652743,22,452.0,0.1776688779377382,36,791.0
4015.0,34,406.0,6.059701492537314,3.6492720441898485,14,295.0,0.24155155026692388,20,505.0,0.10163383096502418,34,800.0
4020.0,35,506.0,7.666666666666667,5.043463656337628,15,265.0,0.35926492465282395,20,531.0,0.18091831991060478,35,796.0
4025.0,31,526.0,7.735294117647059,4.495882157416402,14,309.0,0.27151764470530904,17,526.0,0.26156914317600466,31,835.0
4030.0,18,358.0,5.343283582089552,5.039381687017436,11,330.0,0.3516992679093072,7,398.0,0.12300531519432088,18,728.0
4035.0,20,310.0,4.626865671641791,5.244486560387004,13,287.0,0.23636543140465097,7,303.0,0.23040981392822835,20,590.0
4040.0,31,369.0,5.197183098591549,5.21967133391984,23,354.0,0.14567058317757978,8,283.0,0.3277793416444289,31,637.0
4045.0,33,478.0,7.134328358208955,4.318355440812269,21,443.0,0.20846251958121614,12,259.0,0.2614792919970329,33,702.0
4050.0,28,526.0,7.96969696969697,4.854425945605136,17,489.0,0.34299142875567734,11,238.0,0.25653092199841554,28,727.0
4055.0,23,587.0,8.893939393939394,5.493527333916492,16,537.0,0.3694121091224283,7,160.0,0.22372641733062354,23,697.0
4060.0,22,531.0,7.925373134328358,5.135603960636632,17,549.0,0.257781802872196,5,144.0,0.2679416654418997,22,693.0
4065.0,30,614.0,8.898550724637682,5.256368843386179,18,561.0,0.21111293529462127,12,184.0,0.30250978186551614,30,745.0
4070.0,28,695.0,10.220588235294118,4.906241177081712,19,630.0,0.19521482564622292,9,198.0,0.3447665954341235,28,828.0
4075.0,28,795.0,12.421875,5.862845840730277,22,714.0,0.22280152656453334,6,176.0,0.46154966687699744,28,890.0
4080.0,31,691.0,10.968253968253968,4.047772732420476,23,659.0,0.12157180554668187,8,183.0,0.31165797013645447,31,842.0
4085.0,37,546.0,8.4,4.237835449271101,22,594.0,0.16264877574099096,15,242.0,0.24874489173597136,37,836.0
4090.0,28,386.0,6.126984126984127,4.097995485843152,17,636.0,0.18291479796833487,11,228.0,0.3131009017895517,28,864.0
4095.0,28,383.0,5.984375,4.764929681693344,16,662.0,0.24623063158066347,12,192.0,0.3347498927939439,28,854.0
4100.0,32,324.0,4.695652173913044,4.013027432097987,18,664.0,0.2309382774721895,14,206.0,0.26472304774451144,32,870.0
4105.0,24,309.0,4.478260869565218,5.325587803357717,16,653.0,0.32419479542110513,8,182.0,0.2847480343660376,24,835.0
4110.0,23,252.0,3.6,5.469217689804891,17,708.0,0.259479950073496,6,139.0,0.35972793567170475,23,847.0
4115.0,31,328.0,4.619718309859155,5.810916150490546,23,765.0,0.253467952424686,8,84.0,0.416659309665664,31,849.0
4120.0,36,408.0,6.181818181818182,3.828129614169875,23,758.0,0.16976044494388548,13,137.0,0.30359717075370407,36,895.0
4125.0,37,447.0,6.6716417910447765,4.11207108388843,21,676.0,0.210185615033292,16,212.0,0.3040220558097979,37,888.0
4130.0,31,369.0,5.3478260869565215,3.4620102787112903,18,709.0,0.16799660489774298,13,234.0,0.2884623756828411,31,943.0
4135.0,20,280.0,3.835616438356164,4.8489138025277425,12,680.0,0.24251787023373528,8,209.0,0.2936494474522329,20,889.0
4140.0,24,348.0,4.64,5.20752278820199,14,721.0,0.19635657469684137,10,210.0,0.33348209752367475,24,931.0
4145.0,33,369.0,4.92,5.077419491269416,22,774.0,0.20811714350927185,11,176.0,0.27809670457895413,33,950.0
4150.0,37,518.0,7.731343283582089,4.009851441270476,24,865.0,0.20340819430719267,13,204.0,0.2496015146962391,37,1069.0
4155.0,33,529.0,7.895522388059701,4.229228440920393,20,918.0,0.2541593636170402,13,192.0,0.1924134841505353,33,1110.0
4160.0,27,438.0,6.636363636363637,4.564411734482442,18,905.0,0.2011254569449229,9,158.0,0.23450493154673835,27,1063.0
4165.0,35,485.0,7.461538461538462,4.321195998343724,24,888.0,0.15373218756524815,11,154.0,0.22037636340987596,35,1042.0
4170.0,36,540.0,8.307692307692308,3.999121602647687,25,875.0,0.1380019332338688,11,198.0,0.3258292089751264,36,1073.0
4175.0,32,497.0,7.6461538461538465,4.283083605739574,23,756.0,0.18536265678936295,9,221.0,0.3330757092011905,32,977.0
4180.0,26,434.0,6.676923076923077,4.399102181127996,16,812.0,0.21964323336071795,10,248.0,0.33117608121021425,26,1060.0
4185.0,17,214.0,3.34375,4.8896261032532315,10,796.0,0.31023059995773317,7,205.0,0.23146777440401947,17,1001.0
4190.0,16,162.0,2.4545454545454546,5.960746531688541,13,791.0,0.2983159569830922,3,89.0,0.33304277072328925,16,880.0
4195.0,21,146.0,2.1470588235294117,5.034693516502808,18,832.0,0.23293617894394214,3,65.0,0.23999921232205804,21,897.0
4200.0,30,238.0,3.4,5.033069525625119,21,875.0,0.18753224267057683,9,97.0,0.3717484813317678,30,972.0
4205.0,30,321.0,5.095238095238095,4.394934226602493,25,953.0,0.1716086138046529,5,79.0,0.5246492422319261,30,1032.0
4210.0,22,348.0,5.898305084745763,5.111690899917293,20,999.0,0.17392864451240647,2,34.0,0.5719792701165263,22,1033.0
4215.0,23,350.0,5.555555555555555,4.394996595207187,16,945.0,0.1806540175348843,7,54.0,0.2239329750986697,23,999.0
4220.0,29,323.0,4.969230769230769,4.536892698070778,18,752.0,0.19132721645931622,11,103.0,0.1738694810029276,29,855.0
4225.0,27,249.0,3.9523809523809526,3.85225058147844,16,806.0,0.22813913139936684,11,125.0,0.2033132528740395,27,931.0
4230.0,26,305.0,4.552238805970149,4.474856255352935,14,807.0,0.24339437631736216,12,167.0,0.281560106532969,26,974.0
4235.0,27,343.0,5.119402985074627,5.177179551223038,17,825.0,0.23824499440006236,10,171.0,0.34571385267579385,27,996.0
4240.0,24,316.0,4.514285714285714,5.47811288851281,19,844.0,0.1734962276477136,5,124.0,0.4281032422207643,24,968.0
4245.0,26,373.0,5.567164179104478,5.613691518311314,21,876.0,0.20611466445050336,5,130.0,0.42724388972580485,26,1006.0
4250.0,27,440.0,6.470588235294118,5.136532881188698,20,832.0,0.15564595335163195,7,131.0,0.44543815097969597,27,963.0
4255.0,31,474.0,6.869565217391305,4.36961365402762,21,694.0,0.10041040207645717,10,173.0,0.40945612744287263,31,867.0
4260.0,27,472.0,6.465753424657534,4.954629347105941,17,764.0,0.19286839976139894,10,200.0,0.42065178485208615,27,964.0
4265.0,27,524.0,6.986666666666666,5.505976075766291,15,814.0,0.32308161003134117,12,220.0,0.3874005647417579,27,1034.0
4270.0,29,305.0,3.961038961038961,4.141298857844381,14,787.0,0.3021137081137575,15,173.0,0.23093035064907086,29,960.0
4275.0,35,414.0,5.3076923076923075,4.620415442505853,20,800.0,0.2934404213341447,15,159.0,0.2987555559049218,35,959.0
4280.0,39,389.0,4.7439024390243905,3.751975259919322,25,834.0,0.22303023648590456,14,193.0,0.18547626095835149,39,1027.0
4285.0,35,430.0,5.0588235294117645,4.7184076390340985,22,822.0,0.18336832870278658,13,193.0,0.2612727171939136,35,1015.0
4290.0,35,520.0,6.341463414634147,4.31674899066849,22,879.0,0.10608849614160623,13,234.0,0.2913755710814544,35,1113.0
4295.0,43,674.0,8.21951219512195,4.300284888027806,26,958.0,0.062068699046388606,17,288.0,0.2914496730116173,43,1246.0
4300.0,47,846.0,11.28,3.258273006333962,29,1075.0,0.0985766561449973,18,335.0,0.25471936420380387,47,1410.0
4305.0,36,947.0,12.972602739726028,3.599721186126211,22,1155.0,0.12327774565910754,14,371.0,0.20883792417376765,36,1526.0
4310.0,39,968.0,13.444444444444445,3.3432567213647246,23,1101.0,0.11319335381849135,16,393.0,0.1642939599411685,39,1494.0
4315.0,41,778.0,10.805555555555555,3.534378092606967,23,1080.0,0.12303546093924453,18,396.0,0.16556781000468174,41,1476.0
4320.0,38,749.0,10.121621621621621,3.435485992236566,20,943.0,0.16653679614795008,18,451.0,0.2097182255740885,38,1394.0
4325.0,33,701.0,9.873239436619718,4.510185748010668,18,854.0,0.25459015901860027,15,465.0,0.2751885350928235,33,1319.0
4330.0,31,445.0,6.180555555555555,3.906685158157133,16,838.0,0.19522045809779082,15,424.0,0.23239191742420365,31,1262.0
4335.0,37,524.0,6.805194805194805,4.343997900538153,19,796.0,0.157038845034618,18,388.0,0.28356396946989093,37,1184.0
4340.0,42,650.0,8.441558441558442,3.9093163782915683,23,831.0,0.1672691407979685,19,402.0,0.2837336728358485,42,1233.0
4345.0,40,760.0,9.743589743589743,4.256663673423501,21,796.0,0.21792176403035743,19,411.0,0.28405270568922864,40,1207.0
4350.0,39,713.0,9.14102564102564,3.4450319569809356,18,795.0,0.24374021624687095,21,454.0,0.21106778360519263,39,1249.0
4355.0,31,485.0,6.0625,4.025427827039183,13,688.0,0.25698336201698074,18,458.0,0.16831973101598513,31,1146.0
4360.0,27,225.0,2.710843373493976,4.296600281720412,13,648.0,0.2706921185005621,14,408.0,0.16217728019973812,27,1056.0
4365.0,35,317.0,3.7294117647058824,4.638362196690546,18,662.0,0.23417689498711608,17,375.0,0.1896775553830864,35,1037.0
4370.0,46,455.0,5.617283950617284,3.523979095476094,24,681.0,0.1459127918711142,22,429.0,0.2079207956652044,46,1110.0
4375.0,39,529.0,6.69620253164557,3.7850730272089614,25,668.0,0.09099362964375869,14,432.0,0.2612899673801797,39,1100.0
4380.0,33,514.0,6.945945945945946,3.637396915122542,22,739.0,0.05281931305993386,11,404.0,0.3154073274907556,33,1143.0
4385.0,40,645.0,8.486842105263158,3.9432356871774576,26,815.0,0.0995484964093841,14,405.0,0.2756186123313179,40,1220.0
4390.0,43,693.0,9.24,3.4237476744281623,26,872.0,0.10542892862782079,17,379.0,0.2519058867867999,43,1251.0
4395.0,45,804.0,10.578947368421053,3.689013766173579,25,923.0,0.12147055949859281,20,330.0,0.2731683989687062,45,1253.0
4400.0,47,817.0,10.75,3.077714656732288,26,902.0,0.07889807289434017,21,369.0,0.264626326468019,47,1271.0
4405.0,33,510.0,6.623376623376624,3.946511948555658,19,765.0,0.09516229476721591,14,361.0,0.23731990103332842,33,1126.0
4410.0,27,470.0,6.103896103896104,5.235117291871344,12,663.0,0.22581914014286908,15,364.0,0.25991427913430576,27,1027.0
4415.0,18,244.0,3.2533333333333334,5.877162427096871,5,574.0,0.31754826497682587,13,299.0,0.24873402561419308,18,873.0
4420.0,27,317.0,4.342465753424658,5.270278269938656,12,544.0,0.23323046121587226,15,272.0,0.25213642250349116,27,816.0
4425.0,29,333.0,4.897058823529412,4.933964939618747,14,522.0,0.2852617038781409,15,289.0,0.2573376007460626,29,811.0
4430.0,24,395.0,5.984848484848484,5.108656558732957,6,415.0,0.2790798316320611,18,326.0,0.2452195666722428,24,741.0
4435.0,24,306.0,4.78125,4.998400598059406,7,343.0,0.28991271944934566,17,313.0,0.23657590969547024,24,656.0
4440.0,28,354.0,5.619047619047619,4.780236697400237,11,298.0,0.2594548727199682,17,307.0,0.18748506018476868,28,605.0
4445.0,32,370.0,5.967741935483871,3.6125851467246695,15,292.0,0.21096021100437334,17,324.0,0.18159536934358578,32,616.0
4450.0,19,262.0,4.366666666666666,4.8156090931271125,6,229.0,0.29898105215430965,13,279.0,0.20472391642999585,19,508.0
4455.0,19,173.0,2.746031746031746,4.9227678222684785,7,176.0,0.2838413403743212,12,280.0,0.215522599621375,19,456.0
4460.0,26,229.0,3.634920634920635,5.228482229782041,11,200.0,0.2671921863455235,15,290.0,0.2727709868340747,26,490.0
4465.0,27,265.0,4.416666666666667,4.39076524330529,14,211.0,0.3035102072731422,13,325.0,0.2783169688480872,27,536.0
4470.0,25,332.0,5.354838709677419,5.080645830743368,7,180.0,0.41059681205295306,18,377.0,0.23678787020264472,25,557.0
4475.0,24,299.0,4.82258064516129,4.463477630836121,8,157.0,0.3405442563686396,16,382.0,0.22170491940384038,24,539.0
4480.0,30,338.0,5.121212121212121,4.847802285987238,17,194.0,0.23164620128957392,13,321.0,0.3069020238344737,30,515.0
4485.0,33,352.0,5.333333333333333,3.847592018851989,19,241.0,0.199518471962308,14,324.0,0.22081286523602064,33,565.0
4490.0,32,404.0,6.121212121212121,4.636219627714806,19,322.0,0.239422016555349,13,314.0,0.26661134631766403,32,636.0
4495.0,28,432.0,6.6461538461538465,4.224427106190476,18,355.0,0.22501906435491995,10,306.0,0.3161554632941839,28,661.0
4500.0,25,421.0,6.682539682539683,4.21927962086824,13,325.0,0.15969979018963842,12,317.0,0.25620081219727486,25,642.0
4505.0,22,257.0,3.953846153846154,4.776517892008417,9,302.0,0.15094342766843458,13,311.0,0.3078831415791094,22,613.0
4510.0,27,261.0,4.078125,5.022964766543762,14,267.0,0.1627071780414091,13,268.0,0.28258862014625497,27,535.0
4515.0,28,288.0,4.721311475409836,4.405945885209826,15,289.0,0.23251639695678475,13,255.0,0.19572511930418698,28,544.0
4520.0,20,334.0,5.566666666666666,5.6571727208866625,5,245.0,0.3827037863072149,15,319.0,0.24540288873527338,20,564.0
4525.0,20,380.0,6.666666666666667,5.806533677400233,7,232.0,0.4266649134552557,13,359.0,0.18431279069824083,20,591.0
4530.0,16,317.0,5.4655172413793105,5.992653664482222,4,150.0,0.3318137909297466,12,381.0,0.19729329644122046,16,531.0
4535.0,22,302.0,5.11864406779661,5.560544106973383,10,125.0,0.13904201886329084,12,351.0,0.2516394565982669,22,476.0
4540.0,24,229.0,4.403846153846154,5.570729916803196,15,155.0,0.21030120240433575,9,295.0,0.3421876622725046,24,450.0
4545.0,23,344.0,6.615384615384615,5.1597443965758645,14,225.0,0.28181857390318826,9,343.0,0.2701993509278743,23,568.0
4550.0,27,405.0,8.4375,3.716312323115551,11,232.0,0.2307227615632354,16,408.0,0.1633888179440791,27,640.0
4555.0,19,387.0,8.23404255319149,4.578060771787721,4,179.0,0.2986276007055257,15,429.0,0.1946094404046797,19,608.0
4560.0,16,357.0,7.760869565217392,4.652323216087749,2,112.0,0.3739125823455987,14,398.0,0.1489529165624305,16,510.0
4565.0,21,325.0,6.914893617021277,4.761595280518335,7,99.0,0.41678668710148586,14,385.0,0.15596373801747035,21,484.0
4570.0,20,220.0,4.782608695652174,5.0545513776928415,10,137.0,0.3807617935719865,10,344.0,0.23735681359644967,20,481.0
4575.0,18,175.0,3.723404255319149,5.231935404040508,12,192.0,0.27831558775999116,6,304.0,0.3335518807042917,18,496.0
4580.0,20,175.0,3.723404255319149,4.8139300489768395,12,183.0,0.15471153012364913,8,266.0,0.290843897342081,20,449.0
4585.0,18,168.0,3.652173913043478,5.107066504958858,5,114.0,0.17787601664736596,13,312.0,0.2878227656111872,18,426.0
4590.0,14,164.0,3.5652173913043477,6.005641253594344,3,95.0,0.3836770455101828,11,308.0,0.27917384636449083,14,403.0
4595.0,14,173.0,3.8444444444444446,7.014948208373341,6,80.0,0.48565613414415965,8,251.0,0.3523195791993577,14,331.0
4600.0,10,147.0,3.4186046511627906,6.574084514918428,4,78.0,0.546837498289839,6,232.0,0.3709500850508711,10,310.0
4605.0,12,170.0,4.0476190476190474,6.737492827253364,3,52.0,0.5492764276905138,9,238.0,0.3130658200291816,12,290.0
4610.0,14,133.0,3.022727272727273,5.001481047873501,4,57.0,0.3652513928325377,10,229.0,0.18607157849996628,14,286.0
4615.0,17,157.0,3.4130434782608696,6.136271951979088,7,80.0,0.3926562627704892,10,202.0,0.2707057410888683,17,282.0
4620.0,18,165.0,3.75,5.3335915097049025,8,69.0,0.33734136691366384,10,193.0,0.32558732671597074,18,262.0
4625.0,18,191.0,3.9791666666666665,5.4148612494854556,10,121.0,0.32952354904014397,8,169.0,0.394947269663367,18,290.0
4630.0,17,199.0,3.9019607843137254,4.580873074263773,8,132.0,0.3197447528795591,9,178.0,0.34755937126707537,17,310.0
4635.0,18,208.0,4.0,5.787762558814764,5,124.0,0.4466974555085214,13,234.0,0.3176796386630258,18,358.0
4640.0,17,206.0,4.12,5.665411132291488,4,109.0,0.5066028688886456,13,251.0,0.16755077136608926,17,360.0
4645.0,19,251.0,4.826923076923077,5.790710292807912,7,111.0,0.3621070683287153,12,245.0,0.10096231475154067,19,356.0
4650.0,19,221.0,4.510204081632653,5.392283353311868,8,116.0,0.27254731151549805,11,202.0,0.08377455056199139,19,318.0
4655.0,17,248.0,5.166666666666667,6.467298256250831,9,145.0,0.3423909094876678,8,191.0,0.2465324369618027,17,336.0
4660.0,17,277.0,6.295454545454546,5.732195389831327,9,162.0,0.384507594319524,8,201.0,0.33616212397795486,17,363.0
4665.0,17,333.0,6.9375,6.009586243411601,8,184.0,0.4354017625928717,9,246.0,0.27970020692513264,17,430.0
4670.0,16,212.0,4.416666666666667,5.68068724781038,8,116.0,0.42302474320317,8,237.0,0.2247962145538674,16,353.0
4675.0,18,222.0,4.188679245283019,6.060868660968084,10,140.0,0.4114067182036961,8,168.0,0.2872100785893444,18,308.0
4680.0,22,275.0,4.910714285714286,5.294226220710073,13,172.0,0.28739652277277444,9,173.0,0.42964555731877485,22,345.0
4685.0,21,273.0,4.875,5.007375064459408,14,198.0,0.3065313088620131,7,172.0,0.45203713015394537,21,370.0
4690.0,22,322.0,5.366666666666666,4.876096092288751,13,231.0,0.3514194062822332,9,183.0,0.3737964972926543,22,414.0
4695.0,25,257.0,4.145161290322581,4.4424855967626495,14,226.0,0.3199140315065028,11,155.0,0.2606973669213927,25,381.0
4700.0,22,199.0,3.1587301587301586,4.9224264918113185,13,203.0,0.2722760558271206,9,94.0,0.2430122177272513,22,297.0
4705.0,26,276.0,3.942857142857143,4.927673712667823,18,252.0,0.1989383874328069,8,111.0,0.2752486150677793,26,363.0
4710.0,30,275.0,3.8732394366197185,5.434208782211659,21,302.0,0.25175452404786586,9,112.0,0.3928883106471372,30,414.0
4715.0,29,333.0,4.757142857142857,5.607344361106011,19,335.0,0.3168454749815735,10,136.0,0.3930332465131944,29,471.0
4720.0,35,423.0,5.875,4.565301503881852,22,391.0,0.2575823626511678,13,190.0,0.3165745949218082,35,581.0
4725.0,36,465.0,6.283783783783784,4.314483041707672,20,416.0,0.24489957899780218,16,240.0,0.21148883268912663,36,656.0
4730.0,38,610.0,8.472222222222221,3.811790593096807,21,487.0,0.18177411103727847,17,280.0,0.17623528496945418,38,767.0
4735.0,42,755.0,10.202702702702704,3.281574298127636,26,581.0,0.15998469818759295,16,328.0,0.17080276531025504,42,909.0
4740.0,45,791.0,10.546666666666667,3.422053669289577,28,627.0,0.13349258994604393,17,357.0,0.2782101278477133,45,984.0
4745.0,37,583.0,8.097222222222221,3.3099775235268294,23,585.0,0.16850102480076046,14,351.0,0.24253322704823568,37,936.0
4750.0,29,346.0,4.613333333333333,3.8288388473720247,21,636.0,0.14522852082530055,8,250.0,0.2618570028854499,29,886.0
4755.0,26,306.0,4.191780821917808,4.592710889771349,16,626.0,0.08755076719799956,10,183.0,0.3358895340465277,26,809.0
4760.0,21,199.0,2.8028169014084505,4.7842555890765475,14,629.0,0.08972695358646485,7,172.0,0.3582921137686541,21,801.0
4765.0,31,325.0,4.4520547945205475,5.005548794649097,22,667.0,0.16616928751684246,9,184.0,0.39475911570001065,31,851.0
4770.0,36,361.0,5.3088235294117645,4.509970443657816,23,677.0,0.22711737073371735,13,206.0,0.3726467927617668,36,883.0
4775.0,35,447.0,6.7727272727272725,3.80083465822684,20,645.0,0.1880603207293506,15,228.0,0.29431025160870083,35,873.0
4780.0,34,415.0,6.102941176470588,2.993537819546219,18,671.0,0.17038007960447776,16,243.0,0.18933186308532024,34,914.0
4785.0,28,339.0,4.774647887323944,4.0335567559885686,16,624.0,0.18745513052910437,12,221.0,0.15742810579422412,28,845.0
4790.0,25,414.0,6.0,5.575770567751972,12,594.0,0.24549018818615032,13,252.0,0.2554496520222831,25,846.0
4795.0,23,314.0,4.686567164179104,5.763495623394647,11,557.0,0.23147503049633983,12,233.0,0.23152210378443422,23,790.0
4800.0,26,346.0,5.580645161290323,5.014650940413439,14,554.0,0.19505099395255426,12,235.0,0.2395583085173812,26,789.0
4805.0,31,408.0,6.915254237288136,4.236521754502463,20,567.0,0.17344341989557466,11,270.0,0.3019338168121536,31,837.0
4810.0,29,444.0,7.52542372881356,4.659807720431618,18,531.0,0.1617706710319338,11,306.0,0.36563111090652867,29,837.0
4815.0,27,337.0,5.524590163934426,4.358714791965016,17,550.0,0.13625130570796917,10,276.0,0.3411279853399939,27,826.0
4820.0,19,228.0,3.6774193548387095,6.1426949655975305,10,508.0,0.2361278936561551,9,178.0,0.44281207939561035,19,686.0
4825.0,23,283.0,4.564516129032258,5.771405457329881,12,479.0,0.3467912395899816,11,205.0,0.21341032997865075,23,684.0
4830.0,24,345.0,5.75,5.710577480991152,10,488.0,0.3038653410897893,14,252.0,0.1497313558674725,24,740.0
4835.0,24,384.0,6.7368421052631575,5.784063615506011,13,531.0,0.24976426024126058,11,265.0,0.248120567107353,24,796.0
4840.0,25,426.0,8.192307692307692,4.439759402742056,14,520.0,0.1875667982688731,11,263.0,0.2596997777908879,25,783.0
4845.0,25,436.0,8.226415094339623,4.829503489854302,16,424.0,0.16380665667131278,9,267.0,0.38212983566751696,25,691.0
4850.0,25,492.0,9.461538461538462,4.603926599009135,14,432.0,0.18125332926062085,11,308.0,0.37714458324828204,25,740.0
4855.0,20,481.0,9.075471698113208,5.05269277875905,7,381.0,0.280857111616937,13,354.0,0.2308170275597645,20,735.0
4860.0,18,382.0,6.945454545454545,5.30958331341389,5,277.0,0.3509014830577953,13,402.0,0.16434882721745253,18,679.0
4865.0,25,376.0,6.714285714285714,4.675594427127609,12,283.0,0.3069997759257931,13,387.0,0.20804518631273627,25,670.0
4870.0,28,252.0,4.064516129032258,4.5612570639343355,16,279.0,0.3370212098758401,12,319.0,0.2263075919602544,28,598.0
4875.0,25,249.0,4.016129032258065,5.107560773747948,15,285.0,0.37224005301255925,10,329.0,0.3218073936238568,25,614.0
4880.0,29,298.0,4.515151515151516,4.434997221012967,17,296.0,0.27509644691168395,12,334.0,0.25658964357022584,29,630.0
4885.0,28,301.0,4.426470588235294,5.152708681733552,13,247.0,0.29705224185998763,15,400.0,0.17930564406654254,28,647.0
4890.0,25,348.0,5.1940298507462686,5.143341352747287,10,257.0,0.2686131066916349,15,418.0,0.16810197864971763,25,675.0
4895.0,29,420.0,6.461538461538462,4.613965066142089,16,305.0,0.16410230758962588,13,373.0,0.2922579321968119,29,678.0
4900.0,30,435.0,7.016129032258065,4.359862993247834,20,366.0,0.22594463096624334,10,358.0,0.38595415782896014,30,724.0
4905.0,29,417.0,6.619047619047619,4.955727672053544,22,456.0,0.2634559973057259,7,330.0,0.4313726988732348,29,786.0
4910.0,28,463.0,7.123076923076923,4.838486442301264,19,489.0,0.26407407351287226,9,303.0,0.4101843298310693,28,792.0
4915.0,25,437.0,6.154929577464789,4.514999385900706,16,454.0,0.24274848251392095,9,293.0,0.2981538807219122,25,747.0
4920.0,25,345.0,4.928571428571429,5.052896717326394,13,383.0,0.3098081425298791,12,327.0,0.2742294847669157,25,710.0
4925.0,27,280.0,3.6842105263157894,5.134907585182201,13,314.0,0.2838732156809664,14,309.0,0.27372462663793773,27,623.0
4930.0,31,257.0,3.1728395061728394,5.33580978821495,18,345.0,0.27552415938184405,13,247.0,0.3423642998227366,31,592.0
4935.0,33,312.0,3.9,5.338545682392837,24,396.0,0.3082435715730169,9,257.0,0.37748895450593967,33,653.0
4940.0,37,412.0,5.215189873417722,4.9394672215489575,25,457.0,0.26194411757185143,12,292.0,0.42002211170304105,37,749.0
4945.0,34,390.0,4.814814814814815,4.033538565235481,18,438.0,0.24520019055321646,16,322.0,0.23827703451263982,34,760.0
4950.0,31,476.0,5.95,4.577219296983995,19,445.0,0.22058010011078982,12,344.0,0.23209085660864062,31,789.0
4955.0,30,547.0,6.8375,5.076671698946775,17,413.0,0.19542094473089472,13,374.0,0.2390089372068984,30,787.0
4960.0,32,640.0,8.311688311688311,5.1152573461504245,19,431.0,0.14556744066353788,13,436.0,0.21294744038351449,32,867.0
4965.0,38,577.0,8.01388888888889,3.769035519604941,24,443.0,0.09483285405025382,14,426.0,0.1989376873097181,38,869.0
4970.0,37,548.0,7.506849315068493,4.6251385860687835,23,489.0,0.18013458741358201,14,353.0,0.30821633318953334,37,842.0
4975.0,31,558.0,7.75,4.16985087031408,18,543.0,0.23932023519092885,13,359.0,0.2574857421296011,31,902.0
4980.0,30,533.0,7.402777777777778,4.6423929654608065,15,531.0,0.23984829945203393,15,366.0,0.322900594000314,30,897.0
4985.0,33,422.0,5.552631578947368,4.109818675877139,18,526.0,0.2169775107383965,15,330.0,0.24892444322843132,33,856.0
4990.0,35,407.0,5.0246913580246915,4.576257783032918,21,510.0,0.24612503505437486,14,290.0,0.2488363877657681,35,800.0
4995.0,42,475.0,6.012658227848101,3.9114249160843206,28,590.0,0.1914110734019526,14,306.0,0.30034988949692243,42,896.0
5000.0,39,479.0,5.771084337349397,3.692964499627865,27,681.0,0.11153842311245532,12,265.0,0.31282159396468656,39,946.0
5005.0,42,552.0,6.4186046511627906,3.8452706661195006,27,730.0,0.09038553728140256,15,278.0,0.33621855720004873,42,1008.0
5010.0,38,577.0,6.632183908045977,4.577617342355659,20,711.0,0.16127163883092008,18,359.0,0.2995998144202948,38,1070.0
5015.0,37,679.0,8.28048780487805,4.1338421075673155,17,712.0,0.2443365297808255,20,417.0,0.1672147688887953,37,1129.0
5020.0,36,636.0,7.851851851851852,3.7054415368112275,15,623.0,0.20038594197131968,21,460.0,0.14392606849589115,36,1083.0
5025.0,34,505.0,6.011904761904762,3.863631877535198,16,582.0,0.12809212766710623,18,463.0,0.2103059639831976,34,1045.0
5030.0,41,518.0,6.317073170731708,4.235487944628755,22,615.0,0.15529170437356002,19,442.0,0.3002294258953703,41,1057.0
5035.0,39,603.0,7.011627906976744,4.333145463574047,20,616.0,0.20332728257541788,19,509.0,0.32063633863319824,39,1125.0
5040.0,39,673.0,7.91764705882353,3.813348862435359,20,646.0,0.19898384111079515,19,543.0,0.2640458498375949,39,1189.0
5045.0,33,634.0,7.204545454545454,4.431233926422684,12,609.0,0.23130956940513775,21,589.0,0.23155437673010065,33,1198.0
5050.0,38,594.0,6.75,4.320082038460853,12,532.0,0.24464799631170972,26,642.0,0.16578363897699566,38,1174.0
5055.0,48,653.0,7.593023255813954,3.8612646839984452,19,524.0,0.2355046549478233,29,690.0,0.1300120053450864,48,1214.0
5060.0,46,553.0,6.662650602409639,3.7058603211487053,19,533.0,0.23348997422408835,27,686.0,0.15583702129365573,46,1219.0
5065.0,48,687.0,8.27710843373494,3.972170228069832,22,504.0,0.24618975615102962,26,697.0,0.16476504775226333,48,1201.0
5070.0,48,761.0,9.168674698795181,3.6535061449123014,23,531.0,0.23928115944101383,25,720.0,0.16910986704122935,48,1251.0
5075.0,38,650.0,7.738095238095238,3.8786423975834676,17,486.0,0.21643848084156353,21,711.0,0.1427358065148409,38,1197.0
5080.0,34,771.0,9.884615384615385,4.921051075352634,14,473.0,0.2892653614286511,20,720.0,0.20434611464944996,34,1193.0
5085.0,32,734.0,9.291139240506329,4.7617648005258255,14,446.0,0.2643665495255281,18,696.0,0.13920869071409517,32,1142.0
5090.0,35,523.0,6.973333333333334,3.8846381480422347,18,386.0,0.14001144090809375,17,711.0,0.22559126098783638,35,1097.0
5095.0,31,548.0,7.611111111111111,4.406310787223807,18,439.0,0.23846683611798253,13,648.0,0.3086710699182233,31,1087.0
5100.0,32,650.0,8.904109589041095,4.558249586621103,16,446.0,0.24948204648212324,16,633.0,0.28202369921594606,32,1079.0
5105.0,36,596.0,8.514285714285714,3.5984912870733976,16,430.0,0.23083854527203296,20,653.0,0.1888775631602385,36,1083.0
5110.0,39,666.0,8.88,3.6758297132188975,20,429.0,0.20171282171066368,19,650.0,0.21501429336910202,39,1079.0
5115.0,39,512.0,6.64935064935065,3.8687287391346965,21,458.0,0.277839862104623,18,620.0,0.22528228057971153,39,1078.0
5120.0,42,588.0,7.636363636363637,4.607780030984537,22,480.0,0.30774308063279154,20,529.0,0.2759004778674527,42,1009.0
5125.0,45,604.0,7.6455696202531644,3.439181974431544,25,527.0,0.20167414540065517,20,536.0,0.2192788201821009,45,1063.0
5130.0,30,498.0,6.30379746835443,3.4955027737980697,17,522.0,0.17510373663504605,13,491.0,0.15249895967809166,30,1013.0
5135.0,32,451.0,5.782051282051282,4.042411461213195,16,496.0,0.1670476895890616,16,505.0,0.17738622365696954,32,1001.0
5140.0,32,334.0,4.337662337662338,3.9430236038391677,15,447.0,0.14960136679310432,17,449.0,0.20123326684924694,32,896.0
5145.0,38,440.0,5.866666666666666,3.1317976120372335,21,491.0,0.1357621724167624,17,465.0,0.18998635553287732,38,956.0
5150.0,30,478.0,6.828571428571428,3.7521277274334506,18,498.0,0.1686485343757832,12,460.0,0.16589600455938147,30,958.0
5155.0,27,320.0,4.383561643835616,4.051241175862472,13,499.0,0.18200896248119605,14,413.0,0.1594621300108258,27,912.0
5160.0,32,329.0,4.569444444444445,4.401250983370345,16,509.0,0.1516729094243437,16,342.0,0.2465168606649191,32,851.0
5165.0,38,448.0,6.492753623188406,3.773950829991131,22,568.0,0.16309410104227764,16,382.0,0.23773006800063837,38,950.0
5170.0,26,477.0,7.014705882352941,4.5951395818716705,13,568.0,0.23060615187321282,13,379.0,0.24400343490067783,26,947.0
5175.0,23,458.0,6.63768115942029,4.379021745074163,12,546.0,0.18161188601234612,11,369.0,0.27116802888890007,23,915.0
5180.0,29,411.0,5.788732394366197,4.511725515993496,17,474.0,0.19455505632328166,12,336.0,0.2932053394615963,29,810.0
5185.0,34,511.0,7.197183098591549,4.180693292736935,20,474.0,0.2247402577569051,14,374.0,0.28080255060518927,34,848.0
5190.0,24,550.0,8.461538461538462,4.60962215012262,11,455.0,0.24778887698596558,13,393.0,0.21901038042529863,24,848.0
5195.0,25,450.0,6.818181818181818,4.285139851395508,11,409.0,0.25537615551646103,14,389.0,0.13803359959105937,25,798.0
5200.0,31,434.0,6.382352941176471,4.575377270635238,13,304.0,0.20753876488515838,18,439.0,0.19723767621892133,31,743.0
5205.0,32,352.0,5.253731343283582,4.226186241998954,16,326.0,0.20768650003898792,16,379.0,0.26785748078774996,32,705.0
5210.0,27,383.0,5.632352941176471,5.335463981388402,13,319.0,0.34602218764280374,14,318.0,0.24910631214785747,27,637.0
5215.0,25,362.0,5.171428571428572,5.057337769973562,8,266.0,0.3907311689537342,17,332.0,0.19303579106977292,25,598.0
5220.0,27,401.0,5.647887323943662,5.279743578644754,13,263.0,0.3296012082689296,14,313.0,0.30538057374880273,27,576.0
5225.0,28,398.0,5.378378378378378,4.262981276480026,18,319.0,0.19159674573302535,10,304.0,0.3593379072226608,28,623.0
5230.0,27,375.0,5.0,4.918627741716501,16,353.0,0.16835740286005874,11,222.0,0.37694923622274107,27,575.0
5235.0,27,336.0,4.48,4.958015717977317,10,317.0,0.16616617298091882,17,248.0,0.32033022069057904,27,565.0
5240.0,33,399.0,5.25,4.729554254289196,12,284.0,0.15251075964409258,21,290.0,0.24639395961969732,33,574.0
5245.0,42,480.0,6.575342465753424,3.5620806418773587,18,329.0,0.16109130606001373,24,353.0,0.18248908789866802,42,682.0
5250.0,30,548.0,8.058823529411764,4.057618566316645,9,342.0,0.27385891226807113,21,412.0,0.16245103333324748,30,754.0
5255.0,30,429.0,6.042253521126761,3.8526498686764423,7,239.0,0.3373335788612496,23,506.0,0.054953173965577626,30,745.0
5260.0,38,554.0,7.589041095890411,4.2942214998398995,10,164.0,0.31968319427473624,28,623.0,0.12811764952375204,38,787.0
5265.0,35,594.0,7.92,4.5325779677308855,11,184.0,0.3360030181960949,24,668.0,0.19773632434896066,35,852.0
5270.0,24,509.0,7.3768115942028984,5.400791036243067,8,156.0,0.3339458268123678,16,640.0,0.27403188511154447,24,796.0
5275.0,22,442.0,6.5,4.374076358951186,8,184.0,0.21926089911116234,14,582.0,0.16734309936923264,22,766.0
5280.0,30,347.0,5.028985507246377,3.9021816940629006,14,243.0,0.1278906668856418,16,508.0,0.18284033100995767,30,751.0
5285.0,35,318.0,4.818181818181818,3.4764947643819566,19,281.0,0.15931664031084333,16,519.0,0.1894620100668029,35,800.0
5290.0,24,324.0,5.0625,4.361624775629737,9,280.0,0.2758404578705598,15,493.0,0.17371466307204894,24,773.0
5295.0,25,276.0,4.119402985074627,4.633613794935443,8,234.0,0.32126602244872665,17,500.0,0.1229059761335838,25,734.0
5300.0,25,281.0,4.072463768115942,5.790995421627354,12,243.0,0.2202049629422882,13,463.0,0.2998921579334385,25,706.0
5305.0,29,362.0,5.65625,5.18662250917872,17,302.0,0.16494015792759412,12,436.0,0.32617153643688535,29,738.0
5310.0,34,452.0,7.409836065573771,4.758916934542391,20,400.0,0.15583117860738335,14,372.0,0.31042064393495034,34,772.0
5315.0,29,467.0,7.532258064516129,3.789534691773085,17,435.0,0.20460265656568466,12,375.0,0.22227441121055413,29,810.0
5320.0,24,432.0,7.2,4.703651756754135,9,402.0,0.29554771073787345,15,392.0,0.23049391643008718,24,794.0
5325.0,21,276.0,4.928571428571429,5.1155587552196025,5,270.0,0.40962647842625644,16,417.0,0.1998424855564336,21,687.0
5330.0,24,306.0,5.1,5.020107337720146,6,145.0,0.3104022658790165,18,511.0,0.23311851001925982,24,656.0
5335.0,31,366.0,5.809523809523809,3.8521318776579543,13,156.0,0.20385605657321,18,502.0,0.22810800918226626,31,658.0
5340.0,30,460.0,6.96969696969697,4.758069418937655,15,226.0,0.34613492467233536,15,456.0,0.26600282242774653,30,682.0
5345.0,29,391.0,5.585714285714285,4.859754351792233,13,234.0,0.37289773481280997,16,420.0,0.2780212673737703,29,654.0
5350.0,15,147.0,2.161764705882353,5.536270578388114,5,170.0,0.42162645308822516,10,293.0,0.2662693820490527,15,463.0
5355.0,19,210.0,3.1343283582089554,6.074143205981644,8,147.0,0.3577870634387541,11,217.0,0.3005980927168853,19,364.0
5360.0,19,259.0,4.111111111111111,5.340278690188093,10,176.0,0.21277244280951255,9,196.0,0.23906332141397413,19,372.0
5365.0,31,348.0,5.612903225806452,4.730631639783404,18,252.0,0.13809951066865803,13,196.0,0.2083976451556176,31,448.0
5370.0,28,438.0,7.821428571428571,4.269191055501848,18,314.0,0.19505363922149652,10,220.0,0.2181927102397502,28,534.0
5375.0,23,498.0,9.96,4.879953699873481,13,332.0,0.1917126313392473,10,240.0,0.26027368816929436,23,572.0
5380.0,18,360.0,7.5,4.718610715569027,10,285.0,0.23324751575767416,8,219.0,0.20318951239192842,18,504.0
5385.0,19,339.0,6.78,6.131772537447237,10,232.0,0.3099319684694077,9,181.0,0.28275241890647546,19,413.0
5390.0,18,269.0,5.8478260869565215,6.378098404373784,9,167.0,0.31535593853941474,9,226.0,0.42436693436442974,18,393.0
5395.0,16,200.0,4.3478260869565215,6.051378965710259,10,132.0,0.25926550619689737,6,152.0,0.4092174350274805,16,284.0
5400.0,16,205.0,4.361702127659575,4.792217760667975,9,154.0,0.25164910397583984,7,128.0,0.33985315808465455,16,282.0
5405.0,18,223.0,4.372549019607843,6.039881653537807,10,179.0,0.3969553539933981,8,127.0,0.3576188398249169,18,306.0
5410.0,16,201.0,3.792452830188679,6.274880654141395,7,164.0,0.38454932246660195,9,123.0,0.449780224555619,16,287.0
5415.0,10,114.0,2.111111111111111,7.097555179548108,3,86.0,0.4767731992266608,7,104.0,0.4239437450294682,10,190.0
5420.0,8,75.0,1.4705882352941178,7.5308832292945995,6,91.0,0.5076669056988061,2,55.0,0.32908889541804404,8,146.0
5425.0,13,69.0,1.2545454545454546,6.520433507548314,6,68.0,0.2707163809904121,7,78.0,0.2897594848924303,13,146.0
5430.0,22,135.0,2.5,5.990387419238463,8,63.0,0.2653979154279002,14,139.0,0.29887634617689035,22,202.0
5435.0,19,184.0,3.4716981132075473,5.308175621330639,7,82.0,0.2784793624286314,12,166.0,0.36538830027780067,19,248.0
5440.0,17,211.0,3.981132075471698,5.93852329358444,7,98.0,0.26059229395111233,10,151.0,0.3904066341821867,17,249.0
5445.0,14,166.0,3.3877551020408165,6.835061592650046,6,102.0,0.2751740110804098,8,135.0,0.4577595861899546,14,237.0
5450.0,18,226.0,4.431372549019608,6.685650063081955,7,96.0,0.37719800428036765,11,150.0,0.2976811739900415,18,246.0
5455.0,18,153.0,3.06,5.018509299530278,7,90.0,0.3805323358888411,11,150.0,0.2231692538591031,18,240.0
5460.0,13,138.0,2.6538461538461537,7.139036229727111,5,87.0,0.5658667394154323,8,107.0,0.3904630563594471,13,194.0
5465.0,11,115.0,2.1296296296296298,6.873416198026712,3,62.0,0.5066151035814418,8,119.0,0.38617298098783875,11,181.0
5470.0,19,202.0,3.672727272727273,6.81764101147229,7,96.0,0.4725716535424357,12,165.0,0.3607691652381743,19,261.0
5475.0,24,175.0,3.0701754385964914,4.749383116956978,10,99.0,0.3636833890077179,14,178.0,0.2438423397628192,24,277.0
5480.0,16,193.0,3.2711864406779663,5.63137300165134,7,114.0,0.3366402890142214,9,168.0,0.2940548606493339,16,282.0
5485.0,15,142.0,2.4482758620689653,6.248221413632357,9,123.0,0.34655552292815706,6,147.0,0.351187240146706,15,270.0
5490.0,18,160.0,2.622950819672131,6.463010649958894,8,135.0,0.3952549805096124,10,114.0,0.33435325299267454,18,249.0
5495.0,21,242.0,4.321428571428571,5.639922858931375,8,156.0,0.4237832796300154,13,166.0,0.2654670260796027,21,322.0
5500.0,22,283.0,5.053571428571429,5.303509779454944,11,166.0,0.4128139638022457,11,194.0,0.2579552857899721,22,360.0
5505.0,21,318.0,5.213114754098361,5.184162964753974,13,207.0,0.3150433643711418,8,173.0,0.2426129697384516,21,380.0
5510.0,22,310.0,5.0,5.853526380494563,16,245.0,0.23023971841177243,6,156.0,0.4120738348331029,22,401.0
5515.0,24,307.0,5.293103448275862,5.872292172617736,19,235.0,0.252180147904396,5,101.0,0.522266383157932,24,336.0
5520.0,22,270.0,4.7368421052631575,5.5548888612017295,18,302.0,0.2830543681219839,4,65.0,0.4899148959022149,22,367.0
5525.0,23,292.0,4.9491525423728815,5.164647934172999,19,338.0,0.26752857412836856,4,47.0,0.45823035050771665,23,385.0
5530.0,18,294.0,5.157894736842105,5.1117734601829365,14,349.0,0.3099208093085841,4,65.0,0.3328267363368745,18,414.0
5535.0,23,252.0,4.344827586206897,4.359531959059151,14,333.0,0.2589435506023028,9,103.0,0.20455997015010777,23,436.0
5540.0,29,285.0,4.75,4.221040279165429,16,294.0,0.23694381820841512,13,162.0,0.24997954663177951,29,456.0
5545.0,27,318.0,5.213114754098361,3.7745364160746244,18,336.0,0.15313694767386027,9,171.0,0.3333752327652785,27,507.0
5550.0,24,351.0,5.9491525423728815,5.293793836002638,16,356.0,0.18851346178685724,8,152.0,0.4478297605910118,24,508.0
5555.0,21,250.0,4.098360655737705,4.8840974890545485,16,366.0,0.09520574995310759,5,107.0,0.3981278540459516,21,473.0
5560.0,29,317.0,4.803030303030303,5.741786710655628,18,360.0,0.20885389538340246,11,132.0,0.35651254030254365,29,492.0
5565.0,26,353.0,5.603174603174603,5.26695875525687,16,408.0,0.2637987509886576,10,145.0,0.360220368225874,26,553.0
5570.0,27,463.0,7.590163934426229,5.476380194662379,16,431.0,0.36800211460257853,11,161.0,0.2801997902156486,27,592.0
5575.0,23,402.0,6.28125,4.968536166731811,13,419.0,0.3483236140281186,10,156.0,0.24975223102057414,23,575.0
5580.0,28,440.0,6.984126984126984,5.589830904993002,15,354.0,0.33114469501343713,13,187.0,0.35203541936407795,28,541.0
5585.0,30,425.0,6.4393939393939394,4.3866082542509055,20,345.0,0.21079206159518216,10,232.0,0.37406037063733405,30,577.0
5590.0,29,481.0,7.17910447761194,4.831434726639666,19,334.0,0.20573005264623997,10,267.0,0.3693664286794408,29,601.0
5595.0,30,419.0,6.161764705882353,4.214331512257527,19,396.0,0.17939299692070165,11,234.0,0.3266532831264676,30,630.0
5600.0,20,336.0,4.732394366197183,5.269618371653349,15,426.0,0.19598823364636542,5,127.0,0.3663284633294462,20,553.0
5605.0,18,294.0,4.388059701492537,5.993399033162418,12,391.0,0.20487622061172442,6,110.0,0.47857855577518404,18,501.0
5610.0,20,190.0,2.7941176470588234,5.5166914431875895,14,362.0,0.1477686230257777,6,68.0,0.34084105324442504,20,430.0
5615.0,29,292.0,4.5625,4.764152291367591,18,415.0,0.16121972579980362,11,89.0,0.2911938390631673,29,504.0
5620.0,24,335.0,5.583333333333333,5.170434908345217,14,420.0,0.2661910688334584,10,120.0,0.22479498492523584,24,540.0
5625.0,21,342.0,6.218181818181818,4.925122673335724,12,417.0,0.2780374239035667,9,132.0,0.21481550455990608,21,549.0
5630.0,23,317.0,5.660714285714286,4.700479599935582,16,405.0,0.15466308162174944,7,122.0,0.290250183551461,23,527.0
5635.0,27,410.0,7.735849056603773,4.559247284538148,19,467.0,0.13689848610425645,8,124.0,0.4150145084102775,27,591.0
5640.0,19,440.0,8.8,4.515046581752992,14,483.0,0.22979487445179464,5,135.0,0.17802489062559465,19,618.0
5645.0,21,458.0,9.346938775510203,4.988721847958019,13,450.0,0.2472416079258051,8,156.0,0.07153655642517225,21,606.0
5650.0,21,397.0,7.218181818181818,5.351506969400107,15,439.0,0.17887807436037853,6,117.0,0.2934840340236721,21,556.0
5655.0,18,400.0,7.142857142857143,6.190741379594054,16,477.0,0.2478100140986382,2,58.0,0.5770659281138587,18,535.0
5660.0,22,493.0,8.649122807017545,6.407525209998899,20,551.0,0.2867260133483494,2,62.0,0.6532089474069751,22,613.0
5665.0,25,540.0,9.818181818181818,5.029794998375295,19,597.0,0.23381292583558685,6,77.0,0.5230246739088494,25,674.0
5670.0,25,546.0,9.578947368421053,4.656201367348141,16,581.0,0.2219018078902759,9,109.0,0.30093738151089516,25,690.0
5675.0,29,603.0,10.05,3.8144271297328043,16,607.0,0.1672999965267334,13,163.0,0.20648803533332197,29,770.0
5680.0,30,665.0,10.901639344262295,4.515645786751973,19,634.0,0.19247016603493114,11,187.0,0.28328947539781335,30,821.0
5685.0,25,703.0,12.333333333333334,4.831911067087185,18,701.0,0.2099341508329315,7,172.0,0.3605936576393881,25,873.0
5690.0,27,705.0,12.155172413793103,4.350224836504779,20,770.0,0.18838219596384914,7,133.0,0.3063744923171561,27,903.0
5695.0,30,763.0,13.155172413793103,3.777969368813643,19,793.0,0.16942806717888903,11,145.0,0.27078286079568975,30,938.0
5700.0,25,765.0,12.75,4.886305344896497,14,763.0,0.3125528713190701,11,188.0,0.22360527490412624,25,951.0
5705.0,22,421.0,7.258620689655173,4.155024973108348,10,555.0,0.26804321453223623,12,225.0,0.18985986805504862,22,780.0
5710.0,23,330.0,5.5,4.578200958482441,12,312.0,0.2208252029209005,11,253.0,0.3381516552562609,23,565.0
5715.0,27,397.0,6.403225806451613,4.840848111536988,18,338.0,0.16678940866764871,9,247.0,0.5062366891650779,27,585.0
5720.0,20,286.0,4.766666666666667,4.861738040499365,14,324.0,0.23986582966519723,6,191.0,0.3535736088079553,20,515.0
5725.0,17,260.0,4.262295081967213,5.94994243862502,12,355.0,0.2727296649087067,5,88.0,0.29223065351694527,17,443.0
5730.0,16,239.0,3.8548387096774195,6.32267989154045,11,353.0,0.21870525184672623,5,47.0,0.3209768276764758,16,400.0
5735.0,24,263.0,4.383333333333334,5.757893251704743,17,343.0,0.1876780071311537,7,58.0,0.26247519503043,24,401.0
5740.0,27,301.0,5.280701754385965,5.189027663655554,17,312.0,0.1574997322065112,10,96.0,0.37652174316109543,27,408.0
5745.0,25,386.0,7.568627450980392,5.165503727293931,17,329.0,0.1693251078552797,8,131.0,0.4480774738235332,25,460.0
5750.0,24,422.0,7.672727272727273,4.970927842953912,14,361.0,0.22855596668601613,10,149.0,0.40933259704167396,24,510.0
5755.0,16,317.0,5.763636363636364,5.638382226653462,8,325.0,0.3654550326067084,8,153.0,0.3526641874596202,16,478.0
5760.0,16,256.0,4.571428571428571,5.502331233231515,9,297.0,0.31237198181892745,7,138.0,0.2881580158140586,16,435.0
5765.0,19,220.0,3.6065573770491803,5.494777185552331,11,236.0,0.2074787904262427,8,155.0,0.3324941245904361,19,391.0
5770.0,27,327.0,5.274193548387097,5.633110845677769,14,256.0,0.265893855365153,13,206.0,0.37713184148577444,27,462.0
5775.0,20,361.0,5.918032786885246,4.999062477519203,10,249.0,0.2535170521279308,10,249.0,0.4014324286330595,20,498.0
5780.0,22,359.0,5.609375,5.2028513653138395,9,187.0,0.2755013552276921,13,275.0,0.312896751805165,22,462.0
5785.0,20,218.0,3.253731343283582,5.576076421615961,10,190.0,0.3077136503063243,10,230.0,0.2742862585986977,20,420.0
5790.0,30,263.0,4.046153846153846,5.517519316751645,17,256.0,0.260835270997545,13,153.0,0.259036711263658,30,409.0
5795.0,30,322.0,5.111111111111111,4.151544800271945,17,303.0,0.1954101826250917,13,183.0,0.17968000445640828,30,486.0
5800.0,30,429.0,6.809523809523809,4.828789662206406,16,326.0,0.2593454387958655,14,215.0,0.175996660508385,30,541.0
5805.0,29,481.0,7.515625,5.001997271041724,17,374.0,0.2574782493707784,12,237.0,0.21825885494248615,29,611.0
5810.0,29,496.0,7.75,5.30119095815846,16,429.0,0.27113601576998786,13,279.0,0.2588249485866539,29,708.0
5815.0,25,423.0,6.714285714285714,4.284300080930043,15,470.0,0.2396473889258911,10,278.0,0.28164192577688507,25,748.0
5820.0,20,376.0,5.968253968253968,5.159440491630709,13,476.0,0.2495134366193717,7,235.0,0.30196074824704316,20,711.0
5825.0,23,227.0,3.4393939393939394,5.020782966022858,17,403.0,0.17499539679364817,6,179.0,0.34246070413180285,23,582.0
5830.0,28,236.0,3.4705882352941178,5.687610738520522,20,431.0,0.2506247103806451,8,146.0,0.3560764270737335,28,577.0
5835.0,27,316.0,4.861538461538461,4.872328959604758,21,489.0,0.24204535908863625,6,144.0,0.38744968982378236,27,633.0
5840.0,31,344.0,5.134328358208955,4.346808153353276,25,510.0,0.14214076821286248,6,104.0,0.46208763445548146,31,614.0
5845.0,33,443.0,6.514705882352941,4.667484935507204,25,543.0,0.13274400703372818,8,119.0,0.5150358459022435,33,662.0
5850.0,28,451.0,6.352112676056338,5.044815575774935,21,597.0,0.20218901657986924,7,127.0,0.4664706120550428,28,724.0
5855.0,25,436.0,6.055555555555555,5.059619989228039,16,579.0,0.2320533422543981,9,146.0,0.3191383038434645,25,725.0
5860.0,32,356.0,4.944444444444445,4.48989962822709,20,594.0,0.2291089959954818,12,159.0,0.2826496420348458,32,753.0
5865.0,34,461.0,6.402777777777778,4.510473362534276,23,609.0,0.20589296325508583,11,183.0,0.3455745063377415,34,792.0
5870.0,35,399.0,5.7,3.755665092274216,23,633.0,0.21918147646315073,12,140.0,0.32077319286279476,35,773.0
5875.0,38,459.0,6.202702702702703,4.207039091225787,25,611.0,0.27177193455605936,13,179.0,0.24621720563602895,38,790.0
5880.0,39,483.0,6.44,3.30892611981664,25,655.0,0.17584486746475633,14,198.0,0.24632318346028992,39,853.0
5885.0,33,465.0,6.118421052631579,4.224988258726202,23,680.0,0.13622794844767466,10,165.0,0.2898290464254458,33,845.0
5890.0,30,598.0,8.191780821917808,4.937846670077786,25,755.0,0.14233544003251666,5,146.0,0.2939689541107913,30,901.0
5895.0,28,599.0,7.881578947368421,4.791035100967364,20,792.0,0.12121332927531303,8,130.0,0.26834046989633303,28,922.0
5900.0,35,698.0,9.561643835616438,4.7422092036140215,23,843.0,0.17897916356267582,12,136.0,0.29626176932474857,35,979.0
5905.0,38,815.0,11.319444444444445,3.9866272885520493,24,939.0,0.17832016857402627,14,171.0,0.3000640828488007,38,1110.0
5910.0,28,883.0,12.614285714285714,4.741435316506324,22,1021.0,0.2700437721837427,6,161.0,0.2492743449214339,28,1182.0
5915.0,30,890.0,12.191780821917808,5.307734169537617,20,1010.0,0.22710927849299367,10,159.0,0.26763543924882255,30,1169.0
5920.0,33,1010.0,13.835616438356164,5.371142601132735,23,1037.0,0.14014653136164643,10,190.0,0.2875155625581506,33,1227.0
5925.0,38,988.0,14.969696969696969,4.213603967606641,22,988.0,0.07379184734089804,16,259.0,0.26445168268834257,38,1247.0
5930.0,34,775.0,12.5,3.7193270542971124,20,975.0,0.10784431547575266,14,309.0,0.26222133196461583,34,1284.0
5935.0,28,622.0,10.366666666666667,3.7999990258174368,16,866.0,0.11555034914765873,12,317.0,0.27444822328856977,28,1183.0
5940.0,26,602.0,9.868852459016393,5.150333937859742,14,770.0,0.20435554621458152,12,357.0,0.381409097816562,26,1127.0
5945.0,25,725.0,12.288135593220339,5.704550972782462,13,689.0,0.24957658223055884,12,414.0,0.3998314478779144,25,1103.0
5950.0,29,856.0,14.758620689655173,4.6067390210117,15,618.0,0.18719201989189682,14,477.0,0.3186568367720198,29,1095.0
5955.0,32,1003.0,17.910714285714285,4.065429301723744,16,589.0,0.14663400647334543,16,546.0,0.2940034750988229,32,1135.0
5960.0,34,1168.0,20.137931034482758,4.6175929447825945,17,591.0,0.18789545812266853,17,626.0,0.3100162880722277,34,1217.0
5965.0,32,1097.0,18.593220338983052,4.104744025082566,16,575.0,0.15356856188825893,16,676.0,0.27426220643105786,32,1251.0
5970.0,30,1020.0,16.451612903225808,4.367359364192674,11,459.0,0.24145853803404385,19,732.0,0.1970809480692403,30,1191.0
5975.0,29,834.0,13.238095238095237,4.233265266845029,10,369.0,0.27214392712238644,19,739.0,0.22561557382476552,29,1108.0
5980.0,29,731.0,10.91044776119403,5.022349518422336,13,363.0,0.29160058847753073,16,704.0,0.3035046784640079,29,1067.0
5985.0,26,471.0,7.136363636363637,4.82426456678145,12,313.0,0.32637813790070164,14,640.0,0.30746767474488096,26,953.0
5990.0,29,358.0,5.188405797101449,4.563414593555112,13,355.0,0.3538185749353248,16,512.0,0.24815818905411574,29,867.0
5995.0,32,349.0,4.985714285714286,3.728788200241792,13,312.0,0.27593197766667027,19,554.0,0.1831113964180798,32,866.0
6000.0,26,303.0,4.522388059701493,4.3192000820408065,7,232.0,0.22339774868554196,19,569.0,0.16404113046930469,26,801.0
6005.0,28,375.0,5.357142857142857,3.9479196947986614,10,265.0,0.16191668321502797,18,582.0,0.14577739123953468,28,847.0
6010.0,37,455.0,6.232876712328767,4.1131156212163695,16,326.0,0.21395706505081769,21,553.0,0.1740031335812811,37,879.0
6015.0,32,501.0,7.056338028169014,4.393478212668034,14,363.0,0.3282879005288538,18,543.0,0.22074433592771295,32,906.0
6020.0,30,576.0,8.470588235294118,4.3706259195371135,7,341.0,0.3620731311102234,23,528.0,0.19411249781910656,30,869.0
6025.0,34,483.0,7.208955223880597,4.178034442500976,9,243.0,0.29643372483597746,25,597.0,0.15858408077281277,34,840.0
6030.0,30,424.0,6.523076923076923,4.647305180542463,9,160.0,0.3256560450389176,21,644.0,0.17407060161937632,30,804.0
6035.0,32,455.0,7.0,3.9051730118866526,8,159.0,0.30826997572016607,24,694.0,0.16157570175890695,32,853.0
6040.0,36,541.0,8.196969696969697,3.769865107530616,11,166.0,0.3184128773088209,25,725.0,0.1446922978488977,36,891.0
6045.0,33,476.0,7.0,4.237362213998793,9,173.0,0.362641612381243,24,737.0,0.19058653503195833,33,910.0
6050.0,24,246.0,3.671641791044776,4.581144242722495,7,144.0,0.36349255033436073,17,651.0,0.14526922737943807,24,795.0
6055.0,22,329.0,5.306451612903226,5.232048179774969,7,146.0,0.40374487223402794,15,600.0,0.1614660813303247,22,746.0
6060.0,25,401.0,6.365079365079365,5.777780766208913,8,147.0,0.21707095712680374,17,574.0,0.26136319450815654,25,721.0
6065.0,25,446.0,7.559322033898305,5.356680639124423,10,177.0,0.21754288970358332,15,564.0,0.2781071835929428,25,741.0
6070.0,25,406.0,7.518518518518518,4.836122778217389,10,181.0,0.2718014381904875,15,526.0,0.27631794890813166,25,707.0
6075.0,29,480.0,8.88888888888889,4.445627661316827,11,223.0,0.3602558010065596,18,550.0,0.2496931774848241,29,773.0
6080.0,26,508.0,8.758620689655173,4.705032418121335,8,262.0,0.369133073871298,18,509.0,0.2659118995857709,26,771.0
6085.0,28,477.0,7.819672131147541,4.061087933408707,11,304.0,0.2822336655923814,17,503.0,0.26955486178356,28,807.0
6090.0,33,484.0,7.446153846153846,4.676399585306354,11,310.0,0.36320183230397907,22,509.0,0.27905552951525536,33,819.0
6095.0,30,466.0,7.28125,4.588956550660529,7,255.0,0.4034991269054326,23,545.0,0.2051404907867542,30,800.0
6100.0,25,444.0,6.8307692307692305,4.8898758358049115,7,272.0,0.40572569603036035,18,524.0,0.1580694432016142,25,796.0
6105.0,29,378.0,5.478260869565218,4.863764451899283,9,159.0,0.22999293276297167,20,540.0,0.16869313672166655,29,699.0
6110.0,34,356.0,5.313432835820896,4.613160045062301,12,138.0,0.2113033845205357,22,586.0,0.21282654017924602,34,724.0
6115.0,27,431.0,6.53030303030303,4.473802321996067,8,170.0,0.33561312521682835,19,634.0,0.19955637321829467,27,804.0
6120.0,28,509.0,8.627118644067796,4.621124032481601,9,189.0,0.32321183768441003,19,639.0,0.2013035604886438,28,828.0
6125.0,27,441.0,7.112903225806452,3.6843449487728286,7,169.0,0.2845234304188449,20,670.0,0.11786941231411527,27,839.0
6130.0,29,526.0,8.092307692307692,5.4504668343795775,6,162.0,0.4786803349322991,23,677.0,0.17613176530863525,29,839.0
6135.0,28,388.0,6.0625,5.433115400155263,4,91.0,0.570603641822064,24,652.0,0.1884696886126635,28,743.0
6140.0,25,358.0,5.682539682539683,5.685287751716452,5,44.0,0.5511810398506943,20,622.0,0.21859214479289954,25,666.0
6145.0,30,400.0,6.0606060606060606,4.3169406545913755,8,53.0,0.4149969888925855,22,632.0,0.13298208147655602,30,685.0
6150.0,33,409.0,6.104477611940299,4.4085526658934295,11,105.0,0.34346451388202887,22,632.0,0.17004050732714943,33,737.0
6155.0,30,350.0,5.223880597014926,4.1576563006854,11,125.0,0.3237399188034705,19,642.0,0.21794451299363898,30,767.0
6160.0,20,211.0,3.0579710144927534,4.750991138632351,6,114.0,0.26816128282944374,14,589.0,0.22984539345718227,20,703.0
6165.0,20,180.0,2.6470588235294117,4.427100690560302,8,123.0,0.23381115742076217,12,555.0,0.20560884481488395,20,678.0
6170.0,28,225.0,3.125,4.73746195905043,11,120.0,0.2761087535941193,17,560.0,0.19348089242786448,28,680.0
6175.0,34,334.0,4.840579710144928,4.370850336287453,12,154.0,0.3267229011535079,22,608.0,0.19107243743470856,34,762.0
6180.0,22,371.0,5.707692307692308,4.411491135841269,7,144.0,0.3153903464532331,15,606.0,0.16926225386555255,22,750.0
6185.0,21,463.0,7.234375,5.042326012606918,5,145.0,0.22552740549764247,16,646.0,0.20899797828755332,21,791.0
6190.0,32,506.0,7.552238805970149,4.633843005558037,15,178.0,0.0834354765476772,17,617.0,0.15189120968817968,32,795.0
6195.0,32,473.0,7.507936507936508,4.308691639177551,14,222.0,0.19386734641650025,18,562.0,0.2108081058877634,32,784.0
6200.0,29,524.0,8.88135593220339,4.70457841490131,14,287.0,0.2807767247300119,15,521.0,0.301097383049362,29,808.0
6205.0,25,524.0,8.733333333333333,4.25830223256612,12,306.0,0.344537667189005,13,537.0,0.25074813473542534,25,843.0
6210.0,19,484.0,7.934426229508197,4.743580374463127,7,262.0,0.3179688412907465,12,526.0,0.19927363334594633,19,788.0
6215.0,24,209.0,3.370967741935484,4.221527888532612,8,186.0,0.19404741179521853,16,457.0,0.13658111029122377,24,643.0
6220.0,35,336.0,5.25,4.984342792358904,13,155.0,0.20725994998833608,22,478.0,0.14520514290181868,35,633.0
6225.0,32,411.0,6.523809523809524,4.681357753095451,12,205.0,0.2394980563357254,20,506.0,0.18081662765343506,32,711.0
6230.0,26,470.0,7.704918032786885,4.8160233573628055,12,256.0,0.31886054166463307,14,479.0,0.2137632615042227,26,735.0
6235.0,22,405.0,6.864406779661017,4.597660435837841,11,244.0,0.3807889326408689,11,485.0,0.24009489072331563,22,729.0
6240.0,15,317.0,5.19672131147541,6.316400337602257,7,186.0,0.4158233049588586,8,443.0,0.333423410620418,15,629.0
6245.0,17,135.0,2.3275862068965516,5.299921777021731,6,121.0,0.283414121493828,11,377.0,0.20861777219294897,17,498.0
6250.0,31,205.0,3.306451612903226,5.226662235240777,12,103.0,0.2154092659210457,19,354.0,0.22230589429243502,31,457.0
6255.0,27,285.0,4.75,5.435947529220907,9,121.0,0.378556730842782,18,379.0,0.23633596000401708,27,500.0
6260.0,20,292.0,5.0344827586206895,5.270044313769926,6,116.0,0.4227033865078699,14,395.0,0.21570187799042545,20,511.0
6265.0,21,267.0,4.377049180327869,4.61849521439494,6,90.0,0.44770207674070134,15,467.0,0.11646871613021394,21,557.0
6270.0,32,376.0,5.875,5.191660377492022,10,77.0,0.47983081933569904,22,559.0,0.16112570622389052,32,636.0
6275.0,27,386.0,6.126984126984127,4.594260440943892,8,102.0,0.39442020972369624,19,587.0,0.22445999655204582,27,689.0
6280.0,24,343.0,5.532258064516129,5.058184816391231,12,132.0,0.25072189837514147,12,547.0,0.29266467909419724,24,679.0
6285.0,28,427.0,6.777777777777778,4.674585052177075,14,170.0,0.13191560152147952,14,535.0,0.2571553996332916,28,705.0
6290.0,32,501.0,7.707692307692308,5.157436212431677,17,213.0,0.2159399354645403,15,525.0,0.18142111534220598,32,738.0
6295.0,27,483.0,8.186440677966102,4.542380143875369,13,262.0,0.2995229812764758,14,465.0,0.19385936613452834,27,727.0
6300.0,25,329.0,5.39344262295082,4.536232548319108,15,284.0,0.29132044475245134,10,402.0,0.25290324982304657,25,686.0
6305.0,28,431.0,6.841269841269841,4.913873584053567,16,340.0,0.33238198884495035,12,369.0,0.22109994413546116,28,709.0
6310.0,31,460.0,6.96969696969697,5.470562500129027,15,361.0,0.4113857097057907,16,380.0,0.1439410171199636,31,741.0
6315.0,26,500.0,7.575757575757576,5.525208394560267,15,346.0,0.3586305447448049,11,339.0,0.2820223552770253,26,685.0
6320.0,28,474.0,7.074626865671642,4.175652521515408,21,398.0,0.18734575440144638,7,320.0,0.3564841916744335,28,718.0
6325.0,31,460.0,6.764705882352941,4.708827130053208,22,461.0,0.15885049287697475,9,242.0,0.4075952513239664,31,703.0
6330.0,28,519.0,7.984615384615385,4.426809005427292,19,534.0,0.11373602882515642,9,214.0,0.42334264654743764,28,748.0
6335.0,24,565.0,8.692307692307692,4.875560276202586,15,579.0,0.15558066063196113,9,169.0,0.31175430524380526,24,748.0
6340.0,29,368.0,5.575757575757576,3.7252128032549954,19,536.0,0.12170297529509477,10,144.0,0.20619067688234802,29,680.0
6345.0,34,319.0,4.6911764705882355,5.049322908255327,18,385.0,0.23505409996335513,16,205.0,0.27101419255333015,34,590.0
6350.0,31,387.0,6.241935483870968,4.476886602800806,18,410.0,0.22077524004367974,13,228.0,0.32683893459545593,31,638.0
6355.0,34,503.0,7.984126984126984,4.168280945258901,20,473.0,0.20758434909323445,14,266.0,0.2376594900749079,34,739.0
6360.0,35,506.0,7.90625,3.190814362608528,21,505.0,0.17274690384586422,14,266.0,0.17780267430188115,35,771.0
6365.0,24,432.0,6.545454545454546,4.249054975673248,16,540.0,0.21573522465754147,8,218.0,0.22774761480144473,24,758.0
6370.0,22,456.0,7.238095238095238,5.674729697273805,16,534.0,0.25012321040799473,6,167.0,0.399552821355352,22,701.0
6375.0,22,386.0,5.676470588235294,6.339152150138522,15,507.0,0.25584655203216466,7,163.0,0.4101139226849475,22,670.0
6380.0,25,422.0,6.698412698412699,6.106379670597629,17,498.0,0.2051890448320169,8,195.0,0.46041355973380493,25,693.0
6385.0,23,265.0,4.416666666666667,5.155149210098476,18,418.0,0.05319937577664819,5,131.0,0.5265632258358981,23,549.0
6390.0,25,362.0,6.033333333333333,4.660301733262865,18,422.0,0.13628381083002641,7,127.0,0.37944119268175597,25,549.0
6395.0,27,457.0,7.745762711864407,5.068151883143149,19,466.0,0.23858059502974877,8,150.0,0.3824306168215141,27,616.0
6400.0,26,559.0,9.474576271186441,5.35977448536328,18,470.0,0.24888260546396274,8,172.0,0.39101036564382374,26,642.0
6405.0,24,552.0,9.517241379310345,4.928627482424445,16,473.0,0.15777329046810487,8,206.0,0.46365758095551274,24,679.0
6410.0,19,437.0,7.406779661016949,5.498920580079952,12,402.0,0.31509511984080424,7,217.0,0.2692057213971888,19,619.0
6415.0,23,500.0,8.333333333333334,5.905126902702192,11,415.0,0.37790091872094767,12,253.0,0.23615228204207198,23,668.0
6420.0,23,557.0,9.440677966101696,5.498795118430389,13,433.0,0.2805788661519833,10,290.0,0.3255011162150281,23,723.0
6425.0,23,637.0,10.11111111111111,5.945810601171335,16,492.0,0.19877333064147878,7,305.0,0.4316678462468167,23,797.0
6430.0,24,400.0,6.349206349206349,5.332108623268376,15,447.0,0.1906780185944513,9,227.0,0.4060478435727113,24,674.0
6435.0,26,483.0,7.790322580645161,6.239372314321998,16,388.0,0.2677654881628682,10,254.0,0.43223498912473396,26,642.0
6440.0,23,428.0,6.6875,5.046866413110869,15,378.0,0.20573455565605647,8,274.0,0.3429780083764941,23,652.0
6445.0,27,513.0,7.656716417910448,5.519139544003222,15,376.0,0.22930938056650013,12,301.0,0.41373589898450724,27,677.0
6450.0,27,532.0,8.184615384615384,5.105055440511188,13,362.0,0.28560799732329395,14,363.0,0.4076300859666826,27,725.0
6455.0,25,530.0,7.794117647058823,5.363187057581369,9,260.0,0.3283716965537941,16,424.0,0.3571078726777664,25,684.0
6460.0,26,317.0,4.402777777777778,4.560350132402702,9,272.0,0.30055665463549536,17,305.0,0.2306006613375673,26,577.0
6465.0,38,432.0,5.76,4.730498630718324,15,286.0,0.32325084100185736,23,313.0,0.21573638577653162,38,599.0
6470.0,35,448.0,6.136986301369863,4.2660092227644615,16,289.0,0.2665806424502014,19,335.0,0.2790947694447712,35,624.0
6475.0,25,378.0,5.178082191780822,4.704956302920049,10,267.0,0.2848150002316003,15,306.0,0.25167494504028254,25,573.0
6480.0,25,324.0,4.32,4.615461590659033,10,254.0,0.2542541647288038,15,319.0,0.2297097616295015,25,573.0
6485.0,30,355.0,4.6103896103896105,4.9915727274363295,12,234.0,0.23290828895090968,18,348.0,0.23497007377572995,30,582.0
6490.0,35,462.0,6.328767123287672,4.01940433781292,13,266.0,0.226943638354194,22,396.0,0.24564012737684493,35,662.0
6495.0,27,520.0,7.123287671232877,4.658155588765897,11,273.0,0.2437956073321677,16,409.0,0.23100692437658232,27,682.0
6500.0,27,337.0,4.680555555555555,4.633346092695535,9,223.0,0.2719384422567515,18,407.0,0.1849627522055061,27,630.0
6505.0,30,361.0,4.945205479452055,5.07101439820635,12,179.0,0.20729377026840165,18,385.0,0.2644915321329092,30,564.0
6510.0,35,467.0,6.397260273972603,4.23306954464156,13,216.0,0.2352412534719453,22,446.0,0.24143330821183745,35,662.0
6515.0,26,533.0,7.838235294117647,5.168414142716927,8,224.0,0.3336974381893099,18,476.0,0.2594014087258518,26,700.0
6520.0,27,518.0,7.295774647887324,4.545230518934624,9,224.0,0.21081262127463876,18,505.0,0.21115083189861425,27,729.0
6525.0,34,462.0,6.078947368421052,4.588943135628511,15,269.0,0.24665847443157896,19,496.0,0.13636600177615754,34,765.0
6530.0,30,482.0,6.788732394366197,4.743884744438349,12,303.0,0.4016158731822252,18,522.0,0.14213306572344972,30,825.0
6535.0,26,540.0,7.9411764705882355,5.369050835791527,8,308.0,0.4903672757514361,18,524.0,0.1405865033721413,26,832.0
6540.0,32,440.0,6.285714285714286,4.0063979681766,9,218.0,0.3354480639641435,23,574.0,0.06956336432099904,32,792.0
6545.0,34,394.0,5.549295774647887,4.471672565254051,12,164.0,0.34199225195732735,22,636.0,0.12958940931357368,34,800.0
6550.0,36,448.0,6.588235294117647,3.6645232684799036,15,191.0,0.2933322587785378,21,657.0,0.12827302784880792,36,848.0
6555.0,35,522.0,7.676470588235294,3.6146751943954216,16,224.0,0.19713196054275242,19,647.0,0.2245967206891595,35,871.0
6560.0,36,471.0,6.4520547945205475,3.618935716137451,18,272.0,0.16870671902085377,18,650.0,0.2553076238138815,36,922.0
6565.0,25,271.0,3.8714285714285714,4.750742008586253,11,265.0,0.21999264192638848,14,570.0,0.29517691290516085,25,835.0
6570.0,23,288.0,4.056338028169014,4.724573865904896,8,227.0,0.24244048812784882,15,573.0,0.18310730944124645,23,800.0
6575.0,29,294.0,4.260869565217392,3.8029066098306834,12,256.0,0.16728662015392184,17,558.0,0.13202866547943456,29,814.0
6580.0,38,410.0,6.212121212121212,3.4172876025823267,19,292.0,0.193950384782279,19,569.0,0.17300680736972263,38,861.0
6585.0,28,458.0,6.450704225352113,4.174885223486175,12,305.0,0.21321186931362407,16,533.0,0.21797294810033124,28,838.0
6590.0,28,457.0,6.175675675675675,4.729236651024442,10,298.0,0.2448266185205585,18,539.0,0.21951498927386617,28,837.0
6595.0,31,486.0,6.394736842105263,5.418619800138275,14,320.0,0.32142201623980726,17,511.0,0.24165386031476552,31,831.0
6600.0,36,459.0,6.287671232876712,4.026629416763633,16,359.0,0.32722201137601203,20,487.0,0.14619430391196636,36,846.0
6605.0,33,530.0,7.681159420289855,3.8464782515244993,12,360.0,0.2782986400485233,21,515.0,0.16015697039343169,33,875.0
6610.0,33,493.0,7.25,3.6868273947306696,11,314.0,0.28680525989964145,22,565.0,0.11598896265272288,33,879.0
6615.0,39,610.0,8.714285714285714,3.552241888887505,15,249.0,0.1987747390415569,24,605.0,0.14967978377015734,39,854.0
6620.0,40,663.0,9.75,3.409375790451467,17,294.0,0.23147053347781887,23,648.0,0.2125651373566282,40,942.0
6625.0,22,532.0,7.6,4.009113772718699,9,305.0,0.2520742010698803,13,595.0,0.1599805520193112,22,900.0
6630.0,20,355.0,5.071428571428571,4.7175752419153225,9,262.0,0.23070387501363798,11,501.0,0.2225919794654212,20,763.0
6635.0,26,245.0,3.4507042253521125,4.980990411213958,15,210.0,0.2245714994957743,11,396.0,0.21307573773008076,26,606.0
6640.0,27,289.0,4.188405797101449,4.198457481593545,16,256.0,0.21154331751128763,11,394.0,0.22580275026915417,27,650.0
6645.0,20,313.0,4.815384615384615,5.245739679778008,10,246.0,0.2521493183614551,10,362.0,0.29274450824768483,20,608.0
6650.0,17,290.0,4.53125,5.723668233819653,6,169.0,0.27221058929174013,11,387.0,0.27906716106088914,17,556.0
6655.0,26,374.0,5.84375,5.140055336243245,12,197.0,0.21901452103789848,14,379.0,0.18042906027886219,26,576.0
6660.0,30,447.0,7.095238095238095,5.068116759736974,16,257.0,0.2588821073879174,14,358.0,0.1931645972792716,30,615.0
6665.0,26,396.0,6.285714285714286,4.890754360068635,17,338.0,0.29190909583775265,9,300.0,0.21688455336788273,26,638.0
6670.0,25,444.0,7.161290322580645,4.618569432098028,15,372.0,0.2923939476961775,10,271.0,0.25462318507403914,25,643.0
6675.0,28,446.0,6.861538461538461,4.597074914168295,13,351.0,0.31382763293951754,15,287.0,0.21340139114870035,28,638.0
6680.0,24,523.0,7.8059701492537314,5.040989794386158,12,402.0,0.349145865342024,12,292.0,0.2040987417276184,24,694.0
6685.0,30,601.0,8.970149253731343,4.575218850611186,16,445.0,0.2811219939647654,14,318.0,0.22256607326069497,30,763.0
6690.0,33,617.0,8.690140845070422,4.15388675748027,20,481.0,0.2580064716645686,13,329.0,0.21848964793002426,33,810.0
6695.0,24,607.0,8.926470588235293,4.640204472014077,15,491.0,0.24997406449158585,9,270.0,0.2407002602900936,24,761.0
6700.0,29,342.0,4.816901408450704,4.708951431465481,17,425.0,0.23047560691871094,12,246.0,0.2578637525153177,29,671.0
6705.0,36,366.0,5.083333333333333,4.642039154952022,23,308.0,0.18062093492801604,13,239.0,0.3084614932005775,36,547.0
6710.0,38,459.0,6.287671232876712,4.153696049595855,24,386.0,0.15102494275516065,14,271.0,0.3711253709764241,38,657.0
6715.0,36,496.0,6.985915492957746,4.2861396766844875,25,463.0,0.1505975622210677,11,273.0,0.4244994056254092,36,736.0
6720.0,32,486.0,6.48,3.964158708908075,21,510.0,0.1849739541757631,11,257.0,0.32830040854788667,32,767.0
6725.0,35,508.0,6.430379746835443,3.9078548344388873,15,504.0,0.22097203573639546,20,320.0,0.22126345182371088,35,824.0
6730.0,34,478.0,5.975,3.938083372937359,13,480.0,0.25321679727497126,21,386.0,0.17537548842478765,34,866.0
6735.0,41,564.0,6.962962962962963,3.9576915688506733,16,422.0,0.23051794129923558,25,502.0,0.19036851992986817,41,924.0
6740.0,45,609.0,7.518518518518518,3.264047770203016,21,462.0,0.1576752351518306,24,512.0,0.17403281708660914,45,974.0
6745.0,33,484.0,6.1265822784810124,3.9739588654999136,17,459.0,0.175280592377224,16,482.0,0.16510083042146786,33,941.0
6750.0,27,396.0,5.012658227848101,4.016332966628755,14,484.0,0.15692711280282348,13,476.0,0.17190007575243624,27,960.0
6755.0,28,283.0,3.5822784810126582,4.49137119442007,13,461.0,0.1854829553689705,15,444.0,0.18912114270739022,28,905.0
6760.0,31,344.0,4.410256410256411,3.6239046529335712,18,503.0,0.18349130050374915,13,446.0,0.17481101054287296,31,949.0
6765.0,28,356.0,4.746666666666667,4.00192928939201,17,516.0,0.20402228334394928,11,369.0,0.19079807471198673,28,885.0
6770.0,24,359.0,4.723684210526316,5.044742092908591,12,485.0,0.2392382481981538,12,308.0,0.2528154827191225,24,793.0
6775.0,30,439.0,5.556962025316456,4.7970467080720685,17,518.0,0.135586981068134,13,321.0,0.28780622721023796,30,839.0
6780.0,34,508.0,6.430379746835443,3.95758138073825,20,574.0,0.10215077513378269,14,315.0,0.30990428747601245,34,889.0
6785.0,32,574.0,7.454545454545454,4.693795521332587,19,593.0,0.19934514590433652,13,352.0,0.3463838598725018,32,945.0
6790.0,23,448.0,6.054054054054054,4.540420172851012,12,504.0,0.19918311701239041,11,360.0,0.27361542860602694,23,864.0
6795.0,35,568.0,7.675675675675675,4.06944790111709,19,537.0,0.12325103298940132,16,395.0,0.19347203616692038,35,932.0
6800.0,39,684.0,9.5,3.7048445316132095,21,593.0,0.12487913886980358,18,422.0,0.21313738364538456,39,1015.0
6805.0,30,559.0,8.101449275362318,4.106534519420436,13,588.0,0.193673675008796,17,376.0,0.21604789867577975,30,964.0
6810.0,31,670.0,9.852941176470589,4.641910434961744,12,590.0,0.3322654000325663,19,358.0,0.1009566744351881,31,948.0
6815.0,32,689.0,9.842857142857143,4.983952637534718,11,587.0,0.3867942667905044,21,409.0,0.09208415156210076,32,996.0
6820.0,29,701.0,10.159420289855072,4.987026037058386,16,583.0,0.2190324390820509,13,408.0,0.27795335998530113,29,991.0
6825.0,27,635.0,9.477611940298507,4.40926585512392,16,535.0,0.17222908022127992,11,422.0,0.2851607991324651,27,957.0
6830.0,32,479.0,7.257575757575758,4.470944749217909,17,422.0,0.2581538260670355,15,428.0,0.2589482070782852,32,850.0
6835.0,29,543.0,8.227272727272727,3.8649481679602404,14,452.0,0.26959473692735353,15,466.0,0.24886165719547282,29,918.0
6840.0,22,495.0,7.173913043478261,4.716452823995619,9,457.0,0.18917639825553867,13,475.0,0.3103631410405242,22,932.0
6845.0,24,324.0,4.628571428571429,4.533062829110791,11,426.0,0.13994486637593145,13,422.0,0.2711131321836912,24,848.0
6850.0,31,253.0,3.563380281690141,4.459875218478081,16,460.0,0.09758930654557563,15,384.0,0.2438000818292915,31,844.0
6855.0,33,340.0,5.0,4.048381839877707,18,498.0,0.16913535549185743,15,427.0,0.2878194645813393,33,925.0
6860.0,21,353.0,5.348484848484849,4.418876553628455,9,474.0,0.18578281035586408,12,431.0,0.2954632790794419,21,905.0
6865.0,24,333.0,4.625,4.608779885753947,10,405.0,0.22337554981676228,14,427.0,0.24055254819075164,24,832.0
6870.0,28,324.0,4.563380281690141,4.990712522624007,11,271.0,0.3069358658710183,17,435.0,0.2386112184964835,28,706.0
6875.0,35,420.0,6.0,3.6240783194907737,13,274.0,0.24652365949319088,22,509.0,0.1831273227998829,35,783.0
6880.0,27,468.0,7.2,4.355123986700489,8,249.0,0.2742418206625624,19,558.0,0.201496482060843,27,807.0
6885.0,26,391.0,6.015384615384615,4.428058405559623,7,177.0,0.28561843573159235,19,551.0,0.17145374291831206,26,728.0
6890.0,29,384.0,5.485714285714286,5.078924803938541,11,188.0,0.27049332861029873,18,485.0,0.2254098666457949,29,673.0
6895.0,29,396.0,5.739130434782608,4.55080807253641,12,188.0,0.3121246263475539,17,532.0,0.2222170507626665,29,720.0
6900.0,27,457.0,6.5285714285714285,5.382020824089838,9,168.0,0.4342710642407636,18,575.0,0.2695776698201555,27,743.0
6905.0,28,463.0,6.7101449275362315,4.308431868339621,8,161.0,0.3564475620954444,20,628.0,0.21323304013191988,28,789.0
6910.0,25,424.0,6.057142857142857,5.270468789933122,8,118.0,0.3277899469873693,17,643.0,0.23547611405599658,25,761.0
6915.0,23,262.0,3.742857142857143,4.768672548219619,8,121.0,0.23445352904019603,15,553.0,0.1735812108672272,23,674.0
6920.0,41,366.0,5.304347826086956,4.365566644818836,18,199.0,0.1927828491273702,23,517.0,0.12794624519145018,41,716.0
6925.0,37,455.0,7.338709677419355,2.9986182069126617,14,228.0,0.21370753189404182,23,597.0,0.11271348673585034,37,825.0
6930.0,35,552.0,8.761904761904763,3.891778041697301,11,221.0,0.34653831031730964,24,682.0,0.1643856798154404,35,903.0
6935.0,32,575.0,8.712121212121213,3.6878062259917117,10,214.0,0.2671296443837793,22,737.0,0.18667571844480635,32,951.0
6940.0,21,497.0,7.3088235294117645,5.395848887321525,6,144.0,0.4060832016361243,15,722.0,0.19717736627684757,21,866.0
6945.0,22,439.0,6.36231884057971,5.002256634904466,8,171.0,0.24234222989466744,14,652.0,0.21112540334532023,22,823.0
6950.0,31,339.0,5.059701492537314,4.609635190468214,15,235.0,0.19185705105445547,16,537.0,0.18635308447075247,31,772.0
6955.0,31,333.0,5.203125,4.5297396456800705,17,259.0,0.2179077575908135,14,467.0,0.2317533779790687,31,726.0
6960.0,28,404.0,6.622950819672131,4.225985486299016,15,288.0,0.24017873363534045,13,490.0,0.23942273367814657,28,778.0
6965.0,31,430.0,6.935483870967742,3.4242451313075715,17,305.0,0.16771429420736103,14,472.0,0.21400823299523125,31,777.0
6970.0,23,368.0,5.575757575757576,4.766701217604779,8,263.0,0.2586235833930895,15,511.0,0.2482120320102205,23,774.0
6975.0,26,358.0,5.114285714285714,5.0146628432206075,7,209.0,0.2978700473138828,19,573.0,0.2337784829969727,26,782.0
6980.0,32,462.0,6.416666666666667,5.175601705499261,14,223.0,0.2785231398778815,18,592.0,0.2659708845543042,32,815.0
6985.0,31,519.0,7.632352941176471,5.085152382294312,14,266.0,0.33407680170472887,17,555.0,0.2706638855921554,31,821.0
6990.0,34,462.0,7.0,3.430947052837399,19,348.0,0.2428160682553558,15,502.0,0.18732999694369926,34,850.0
6995.0,32,444.0,6.7272727272727275,3.4710206978741227,16,357.0,0.23777323959613825,16,416.0,0.17991937982607792,32,773.0
7000.0,33,357.0,4.958333333333333,3.966953878969901,14,292.0,0.3003637853708593,19,414.0,0.10138019649027187,33,706.0
7005.0,20,206.0,3.121212121212121,5.1726659884420085,5,182.0,0.3853208499847004,15,387.0,0.10494517931649439,20,569.0
7010.0,25,287.0,4.555555555555555,5.553505121705677,12,171.0,0.3027021179131399,13,359.0,0.2016254826394773,25,530.0
7015.0,31,319.0,5.316666666666666,3.77978849261785,17,218.0,0.13867609374853426,14,328.0,0.13648323522582842,31,546.0
7020.0,32,390.0,6.724137931034483,3.283246115271587,21,295.0,0.1737175626486851,11,319.0,0.14029370877333183,32,614.0
7025.0,33,493.0,8.963636363636363,3.4274968280191684,16,325.0,0.19483426075738272,17,376.0,0.17684006428554885,33,701.0
7030.0,23,445.0,8.24074074074074,3.8813118022157735,9,284.0,0.25835805521585786,14,404.0,0.1516342732931375,23,688.0
7035.0,16,322.0,6.44,4.677701098381082,6,181.0,0.327802562974899,10,380.0,0.1624896161493934,16,561.0
7040.0,18,333.0,6.795918367346939,5.115123880946292,8,142.0,0.32031396620235947,10,371.0,0.18364803231293364,18,513.0
7045.0,21,342.0,7.125,5.008655890240846,11,159.0,0.3080022483166328,10,349.0,0.25415247562982096,21,508.0
7050.0,23,428.0,8.916666666666666,4.880425192979248,16,227.0,0.28583931778116367,7,369.0,0.36494424907402995,23,596.0
7055.0,23,506.0,10.541666666666666,4.676112764140467,14,280.0,0.18910431896417376,9,402.0,0.37515999355775653,23,682.0
7060.0,27,620.0,13.191489361702128,4.8545065822869535,17,329.0,0.1428249727317471,10,451.0,0.3498571715618595,27,780.0
7065.0,26,647.0,13.479166666666666,4.798220879427746,14,339.0,0.12942402800406305,12,496.0,0.34615847533521205,26,835.0
7070.0,19,580.0,12.083333333333334,5.065229244543153,8,249.0,0.15397943096920638,11,551.0,0.3243282467963493,19,800.0
7075.0,13,508.0,10.583333333333334,5.355795584580428,3,185.0,0.31938413512455543,10,547.0,0.1861062223330856,13,732.0
7080.0,20,571.0,11.196078431372548,6.152247636355332,8,174.0,0.4062364045238073,12,523.0,0.2242905030552008,20,697.0
7085.0,18,578.0,12.297872340425531,5.691808608530059,6,135.0,0.44843946269064777,12,539.0,0.2256559425445297,18,674.0
7090.0,17,633.0,13.46808510638298,5.464662804696642,5,102.0,0.4495774651497442,12,580.0,0.16934777906167106,17,682.0
7095.0,17,668.0,13.916666666666666,5.331270801055559,7,123.0,0.3612084030479831,10,607.0,0.23072150732358704,17,730.0
7100.0,22,749.0,14.98,5.589777179119213,12,170.0,0.22145498618922715,10,634.0,0.3505118999394404,22,804.0
7105.0,21,477.0,9.54,4.674719354388858,13,190.0,0.14891273783671138,8,489.0,0.3469467888895932,21,679.0
7110.0,23,244.0,4.784313725490196,5.455346923393781,16,232.0,0.20499040254213827,7,294.0,0.4076444545564999,23,526.0
7115.0,24,287.0,5.519230769230769,4.791558381300652,15,250.0,0.22086632905280065,9,225.0,0.41767893275254225,24,475.0
7120.0,17,284.0,5.2592592592592595,5.929737148869985,8,211.0,0.3344924401662481,9,146.0,0.37264247602810163,17,357.0
7125.0,19,257.0,4.672727272727273,6.123963343831275,7,173.0,0.40118282452559784,12,159.0,0.3036200267019109,19,332.0
7130.0,25,294.0,5.157894736842105,5.580700889166573,10,137.0,0.2986344756149181,15,230.0,0.20981854350848406,25,367.0
7135.0,24,309.0,5.722222222222222,4.346260791255584,11,153.0,0.2752680754872153,13,252.0,0.20201426383173676,24,405.0
7140.0,22,384.0,7.245283018867925,5.081602585144879,8,143.0,0.40609954494666245,14,291.0,0.13287163682288358,22,434.0
7145.0,19,257.0,4.849056603773585,5.224841037711533,6,87.0,0.4899446535696834,13,278.0,0.03017843847222145,19,365.0
7150.0,17,221.0,4.092592592592593,6.488820670116014,10,104.0,0.4157906283099529,7,204.0,0.26276802200624916,17,308.0
7155.0,15,173.0,3.392156862745098,5.665050415304466,10,108.0,0.24134509975678178,5,187.0,0.3586124891072901,15,295.0
7160.0,20,209.0,4.098039215686274,6.725304457539388,15,159.0,0.2808348782104652,5,155.0,0.48413066726163634,20,314.0
7165.0,22,260.0,5.531914893617022,5.4494921636536615,14,198.0,0.287134821870761,8,160.0,0.3843650719767891,22,358.0
7170.0,20,270.0,5.510204081632653,4.957412189485889,8,172.0,0.3092565269337253,12,208.0,0.25161673574007193,20,380.0
7175.0,18,172.0,3.44,4.494519777360423,8,141.0,0.28645078011565317,10,221.0,0.21764175258701357,18,362.0
7180.0,21,225.0,4.245283018867925,5.904585367946983,11,124.0,0.3563242538223836,10,218.0,0.36290227543818065,21,342.0
7185.0,19,193.0,3.5090909090909093,6.068897307249918,11,144.0,0.3656556800762101,8,179.0,0.41898075456826755,19,323.0
7190.0,12,131.0,2.2982456140350878,6.502404938363975,8,129.0,0.336883987783635,4,82.0,0.388043765045015,12,211.0
7195.0,12,117.0,2.0892857142857144,6.666117479838312,8,126.0,0.26930463493040424,4,85.0,0.4217205302297853,12,211.0
7200.0,19,201.0,3.7222222222222223,6.734338951290827,12,148.0,0.2503898155508,7,116.0,0.42843505685040695,19,264.0
