step,system_total_stopped,system_total_waiting_time,system_mean_waiting_time,system_mean_speed,J17_stopped,J17_accumulated_waiting_time,J17_average_speed,J18_stopped,J18_accumulated_waiting_time,J18_average_speed,agents_total_stopped,agents_total_accumulated_waiting_time
5.0,1,0.0,0.0,1.9446114961989227,0,0.0,1.0,1,0.0,0.1597089067534903,1,0.0
10.0,0,0.0,0.0,7.359691315805786,0,0.0,0.46629055246381473,0,0.0,0.6682317472675079,0,0.0
15.0,1,0.0,0.0,9.352525660841684,0,0.0,0.8078275989737608,1,0.0,0.6776157970913375,1,0.0
20.0,0,0.0,0.0,10.208187642239286,0,0.0,0.8220240518399965,0,0.0,0.7681584703172587,0,0.0
25.0,2,2.0,0.13333333333333333,7.58299615656227,1,1.0,0.5010146781401542,1,1.0,0.6341251418602998,2,2.0
30.0,5,16.0,0.8,6.97644438344165,4,10.0,0.4221008951754289,1,6.0,0.5624617851667868,5,16.0
35.0,5,41.0,1.7826086956521738,8.252759701279103,3,25.0,0.6086981762118236,2,16.0,0.5625086997501715,5,41.0
40.0,6,66.0,2.5384615384615383,7.286062617252871,3,40.0,0.5799297921453593,3,26.0,0.4769816736756521,6,66.0
45.0,7,71.0,2.4482758620689653,6.8731024726788466,3,42.0,0.47120674756796604,4,32.0,0.5412345691248186,7,74.0
50.0,9,107.0,3.34375,6.547579752718539,5,62.0,0.32595269589689974,4,48.0,0.45484495876866593,9,110.0
55.0,11,129.0,3.909090909090909,6.640018031971324,4,56.0,0.5147905060449283,7,76.0,0.30167138934799226,11,132.0
60.0,11,123.0,3.6176470588235294,7.308642857018396,5,77.0,0.5413422812639516,6,66.0,0.3500175623131826,11,143.0
65.0,7,119.0,3.838709677419355,6.050853721135341,2,72.0,0.44718205669623945,5,64.0,0.35226842111468665,7,136.0
70.0,12,136.0,3.675675675675676,6.463529232439821,7,90.0,0.4044631401474533,5,62.0,0.43284038270068803,12,152.0
75.0,12,177.0,4.538461538461538,6.939165414092321,5,107.0,0.48010877708797123,7,88.0,0.43520344805382966,12,195.0
80.0,10,162.0,3.951219512195122,7.240983630792537,6,121.0,0.4503891527413448,4,61.0,0.46760093296971195,10,182.0
85.0,10,113.0,2.6904761904761907,7.474328959118106,4,87.0,0.4507065274919832,6,75.0,0.38124118069620166,10,162.0
90.0,14,148.0,3.3636363636363638,7.325035421655787,4,43.0,0.3936882348068939,10,123.0,0.3657712736351247,14,166.0
95.0,14,152.0,3.5348837209302326,6.124177750274441,3,55.0,0.3397236596013214,11,148.0,0.3157175665753712,14,203.0
100.0,16,198.0,4.829268292682927,5.5421929571600765,5,65.0,0.40960008136760034,11,157.0,0.24519575334496788,16,222.0
105.0,15,190.0,4.871794871794871,5.258900728341134,3,70.0,0.6142257882084254,12,175.0,0.20391917577111343,15,245.0
110.0,17,256.0,5.818181818181818,6.421456985498707,5,90.0,0.5326907364978389,12,199.0,0.3245901349566612,17,289.0
115.0,13,152.0,3.5348837209302326,6.448955846630373,4,56.0,0.4895380291496715,9,181.0,0.4073743823030677,13,237.0
120.0,15,175.0,3.977272727272727,6.322525262700805,8,93.0,0.39419006288436004,7,146.0,0.42845052024640323,15,239.0
125.0,17,106.0,2.409090909090909,4.161213206072273,7,74.0,0.30779492013435555,10,140.0,0.2216834637248048,17,214.0
130.0,18,161.0,3.659090909090909,5.105584851921707,8,96.0,0.18872342138109313,10,132.0,0.32281284224138507,18,228.0
135.0,18,129.0,2.8666666666666667,4.838603873032557,9,103.0,0.23392286331267656,9,132.0,0.27904199167028115,18,235.0
140.0,13,113.0,2.511111111111111,7.015222149719499,2,56.0,0.5078178877383076,11,155.0,0.27571981548723934,13,211.0
145.0,15,134.0,3.116279069767442,5.63523118769219,4,57.0,0.43661923823833937,11,178.0,0.1299475060771178,15,235.0
150.0,23,236.0,5.2444444444444445,5.755163547724984,9,93.0,0.38533197072766995,14,214.0,0.2003220716984579,23,307.0
155.0,17,230.0,5.2272727272727275,4.312763041468412,6,87.0,0.3467537470945027,11,233.0,0.21570894421361145,17,320.0
160.0,12,240.0,5.5813953488372094,6.155354058466275,4,63.0,0.3766377666064257,8,207.0,0.2879571890751184,12,270.0
165.0,13,257.0,5.976744186046512,7.296793337067851,5,58.0,0.3840625362511068,8,231.0,0.35460702516933856,13,289.0
170.0,14,317.0,7.372093023255814,7.102051026004439,6,57.0,0.34476578961384097,8,274.0,0.31064697410966735,14,331.0
175.0,14,376.0,8.952380952380953,6.531341342653136,6,80.0,0.3030735509008539,8,315.0,0.38639402230834463,14,395.0
180.0,19,453.0,11.615384615384615,5.357111163683068,9,112.0,0.25762937305216804,10,353.0,0.34850967805107286,19,465.0
185.0,14,349.0,8.512195121951219,5.485791658228633,5,107.0,0.39657066124619156,9,320.0,0.3225386784678948,14,427.0
190.0,13,384.0,8.930232558139535,6.85383997747342,4,83.0,0.5218012661822204,9,321.0,0.4103748599309352,13,404.0
195.0,12,123.0,2.7954545454545454,6.318140491538911,4,45.0,0.45323557252085916,8,226.0,0.44636686353292865,12,271.0
200.0,12,105.0,2.3333333333333335,7.599623698190462,6,66.0,0.5096492947264503,6,67.0,0.5291075532317547,12,133.0
205.0,12,126.0,3.073170731707317,5.98982044960157,5,77.0,0.5103830209413239,7,84.0,0.3478877273756245,12,161.0
210.0,16,187.0,4.4523809523809526,6.189867639115937,7,94.0,0.4662536374701418,9,111.0,0.28356066395736634,16,205.0
215.0,14,171.0,4.071428571428571,5.2381411562555344,6,79.0,0.46617378870989895,8,118.0,0.1237769877287482,14,197.0
220.0,19,248.0,5.391304347826087,5.992984196231264,10,118.0,0.4139937335018053,9,147.0,0.2653823652924586,19,265.0
225.0,18,262.0,5.695652173913044,5.5074567820785845,10,144.0,0.404015680523958,8,148.0,0.3157086605119614,18,292.0
230.0,22,357.0,6.865384615384615,4.978455404373291,13,188.0,0.3166704291885173,9,193.0,0.3313267073257849,22,381.0
235.0,24,378.0,6.872727272727273,4.8631982305188775,14,228.0,0.327996779564011,10,222.0,0.35155651895962153,24,450.0
240.0,18,415.0,7.280701754385965,5.584521280823849,8,232.0,0.3276901764942913,10,244.0,0.41159639541025717,18,476.0
245.0,17,195.0,3.25,5.097799502011713,9,155.0,0.3567755126695867,8,207.0,0.2788388047081205,17,362.0
250.0,19,144.0,2.2857142857142856,5.67842808440874,12,120.0,0.34943058769748464,7,131.0,0.22794520596085663,19,251.0
255.0,26,182.0,2.716417910447761,5.212282172745086,17,164.0,0.22930988956841963,9,141.0,0.2896556590737597,26,305.0
260.0,22,233.0,3.6984126984126986,6.055367619290643,12,185.0,0.34710852268449005,10,166.0,0.30151657103241625,22,351.0
265.0,22,198.0,3.046153846153846,5.302913820045842,13,197.0,0.33332735114010253,9,162.0,0.24331719692324283,22,359.0
270.0,31,320.0,4.705882352941177,5.199633722004376,19,235.0,0.29288673603766263,12,206.0,0.27384957489648404,31,441.0
275.0,27,315.0,4.565217391304348,5.321363006171995,18,265.0,0.2510169599390052,9,189.0,0.4484546672076676,27,454.0
280.0,26,363.0,5.338235294117647,5.690952516436111,21,329.0,0.21950527058251326,5,131.0,0.5171278241496102,26,460.0
285.0,30,407.0,5.898550724637682,5.036701281052467,21,380.0,0.19934556823139662,9,136.0,0.30276729707126016,30,516.0
290.0,29,417.0,5.712328767123288,5.193344257064304,16,374.0,0.2248578438544807,13,189.0,0.19681718004723658,29,563.0
295.0,29,412.0,5.971014492753623,4.460281651022724,15,364.0,0.16797348145877655,14,225.0,0.23125528879263732,29,589.0
300.0,31,461.0,7.092307692307692,4.737382493929041,20,370.0,0.13214434455805615,11,247.0,0.2789279914031859,31,617.0
305.0,28,393.0,6.442622950819672,4.212456646911033,20,428.0,0.11384042237021211,8,210.0,0.2503629160862372,28,638.0
310.0,29,429.0,7.15,4.905296546775975,22,494.0,0.18138863933613222,7,151.0,0.3441021598744289,29,645.0
315.0,26,397.0,6.728813559322034,4.533350250851212,19,533.0,0.1861872887422375,7,129.0,0.4123301985683835,26,662.0
320.0,24,356.0,5.933333333333334,5.1652490951715855,15,545.0,0.25956615860868437,9,156.0,0.411085821748413,24,701.0
325.0,26,357.0,5.758064516129032,4.537940431197933,16,532.0,0.24663254877463944,10,180.0,0.3542967433188764,26,712.0
330.0,24,234.0,3.65625,4.536382284611485,12,436.0,0.26797665766351886,12,183.0,0.2429810952212392,24,619.0
335.0,22,269.0,4.338709677419355,4.817297309860104,10,369.0,0.38242989320701265,12,204.0,0.14197437082902706,22,573.0
340.0,19,216.0,3.4285714285714284,4.812360638918281,12,348.0,0.3164528706486228,7,206.0,0.1531373360306734,19,554.0
345.0,25,229.0,3.816666666666667,4.197466496924576,16,365.0,0.14581680605831343,9,175.0,0.3133318698642335,25,540.0
350.0,33,344.0,5.830508474576271,3.742864792526711,21,407.0,0.12045227654226091,12,216.0,0.28844587511104725,33,623.0
355.0,24,377.0,6.283333333333333,4.546945773500895,14,425.0,0.22824736322387096,10,235.0,0.27926377056849877,24,660.0
360.0,20,378.0,6.406779661016949,4.992032846029949,11,397.0,0.25665352086193444,9,211.0,0.27266333434657813,20,608.0
365.0,24,305.0,4.919354838709677,5.036471118644709,16,326.0,0.24742975416790924,8,200.0,0.31812680093154105,24,526.0
370.0,26,406.0,6.655737704918033,4.930538485313738,15,376.0,0.28516880889051804,11,218.0,0.36194409650608794,26,594.0
375.0,22,353.0,5.515625,5.294103183633,13,383.0,0.2784078526073531,9,179.0,0.41884257743224435,22,562.0
380.0,23,249.0,3.716417910447761,6.054013248168639,14,321.0,0.35708741563199325,9,124.0,0.3605901078083381,23,445.0
385.0,25,294.0,4.260869565217392,5.696713199536953,16,297.0,0.3323289146339954,9,145.0,0.26812561271841484,25,442.0
390.0,33,366.0,5.228571428571429,5.378454528450064,19,350.0,0.2651578331212382,14,187.0,0.2798818941457584,33,537.0
395.0,29,353.0,5.1911764705882355,4.4689173003800216,20,372.0,0.23603325978739123,9,169.0,0.3010614014624008,29,541.0
400.0,27,352.0,5.0285714285714285,4.8168632364796915,21,438.0,0.21848893412498704,6,110.0,0.36135276988678594,27,548.0
405.0,25,355.0,5.378787878787879,5.624482703242613,18,451.0,0.18820596209509638,7,103.0,0.48055562826072884,25,554.0
410.0,22,348.0,5.523809523809524,5.15225192611173,14,414.0,0.19421966317640824,8,125.0,0.34357927541309985,22,539.0
415.0,27,302.0,4.870967741935484,4.881888478257146,16,391.0,0.22345185212093047,11,175.0,0.16218246134270045,27,566.0
420.0,25,267.0,4.377049180327869,4.084556615681276,16,429.0,0.20141095408935877,9,157.0,0.23337036049542734,25,586.0
425.0,19,272.0,4.533333333333333,5.222950527477647,13,429.0,0.20560674534409226,6,136.0,0.4294097326605768,19,565.0
430.0,16,225.0,3.8135593220338984,5.43118252088781,12,434.0,0.23578674122587429,4,127.0,0.41414688963342994,16,561.0
435.0,20,228.0,3.737704918032787,5.5880484139055975,16,443.0,0.1803144763652019,4,122.0,0.4456634755217514,20,565.0
440.0,24,290.0,5.087719298245614,4.030175017531452,18,489.0,0.052808186956498464,6,116.0,0.36338270047987253,24,605.0
445.0,21,340.0,6.071428571428571,5.151383721753902,13,502.0,0.15486525427299455,8,131.0,0.4345525049629524,21,633.0
450.0,20,275.0,4.910714285714286,4.490930703054737,14,509.0,0.21981969157094275,6,61.0,0.3313078965290963,20,570.0
455.0,25,271.0,4.754385964912281,4.654670385669054,15,459.0,0.26351417748410305,10,98.0,0.3543096998460235,25,557.0
460.0,24,301.0,5.375,4.026600030685134,16,501.0,0.18118790517092426,8,112.0,0.4410107345537526,24,613.0
465.0,20,328.0,5.857142857142857,4.891279246302223,12,516.0,0.18835385751779743,8,87.0,0.4048434281489005,20,603.0
470.0,22,369.0,6.709090909090909,5.024119928444288,12,476.0,0.19558147163053868,10,100.0,0.2570071416641806,22,576.0
475.0,21,424.0,7.851851851851852,5.712966902686239,10,414.0,0.20336257009098713,11,121.0,0.28587135233861694,21,535.0
480.0,25,502.0,9.471698113207546,4.6087008073162945,15,460.0,0.20343101229608784,10,145.0,0.3133277828373738,25,605.0
485.0,22,429.0,8.25,5.137692108342596,11,400.0,0.35324915979017124,11,179.0,0.33141139942621745,22,579.0
490.0,23,500.0,9.090909090909092,5.37128465958206,11,391.0,0.36332846302599847,12,213.0,0.3697435477132394,23,604.0
495.0,21,465.0,7.75,5.432931032331334,12,373.0,0.32766876290118857,9,221.0,0.3352771890094514,21,594.0
500.0,26,268.0,4.39344262295082,5.0804773925593025,17,295.0,0.20834059777777741,9,187.0,0.39264907964691004,26,482.0
505.0,23,187.0,3.0161290322580645,5.015588862516205,16,319.0,0.26717667350851415,7,102.0,0.29506138437839574,23,421.0
510.0,18,146.0,2.3548387096774195,4.9734891831910355,9,261.0,0.2961748270415439,9,119.0,0.2545902304166625,18,380.0
515.0,17,166.0,2.59375,5.797967320462461,8,253.0,0.32862641940834614,9,137.0,0.27999875030163746,17,390.0
520.0,22,240.0,3.6923076923076925,5.736475750622515,15,313.0,0.2842002558281709,7,142.0,0.29370585165097096,22,455.0
525.0,24,261.0,4.015384615384615,5.731805140403998,16,352.0,0.2808854898345666,8,147.0,0.3950970916121002,24,499.0
530.0,26,346.0,5.580645161290323,5.469794258722243,18,379.0,0.3288600279203217,8,174.0,0.39476313115843764,26,553.0
535.0,30,459.0,7.779661016949152,4.724258505796569,19,388.0,0.21441809197758402,11,208.0,0.33179241151914013,30,596.0
540.0,28,506.0,9.035714285714286,4.092267474573306,21,383.0,0.06582790918788327,7,236.0,0.4193807579389446,28,619.0
545.0,27,534.0,9.368421052631579,4.467698185813955,19,406.0,0.1291127148744476,8,257.0,0.32155588064012647,27,663.0
550.0,22,423.0,7.293103448275862,5.296511980365869,12,339.0,0.19520408356013003,10,296.0,0.3531504520410415,22,635.0
555.0,16,430.0,8.431372549019608,5.740620773955049,7,270.0,0.2528470503637343,9,328.0,0.39550980534623276,16,598.0
560.0,19,400.0,7.547169811320755,5.407275173536566,12,297.0,0.13574893533024163,7,290.0,0.46289371102421334,19,587.0
565.0,25,476.0,8.654545454545454,5.107918313441227,15,348.0,0.2350859766848268,10,286.0,0.3620614462824841,25,634.0
570.0,22,297.0,5.5,5.191926800789571,15,373.0,0.27471675662183054,7,181.0,0.38693479741880127,22,554.0
575.0,22,344.0,5.931034482758621,5.355455447679283,12,359.0,0.25828839607831644,10,115.0,0.4343767807153981,22,474.0
580.0,18,286.0,4.766666666666667,5.803099002033323,8,279.0,0.3718218579855651,10,129.0,0.35369866179406145,18,408.0
585.0,14,206.0,3.4915254237288136,6.449199713284948,6,208.0,0.439440150645412,8,121.0,0.2845585678045384,14,329.0
590.0,19,166.0,2.8620689655172415,5.34034153211088,8,136.0,0.2898093691073306,11,146.0,0.2556150364268598,19,282.0
595.0,26,254.0,4.233333333333333,5.091371915748345,10,147.0,0.26768377814065714,16,213.0,0.30599963561950544,26,360.0
600.0,24,320.0,5.423728813559322,5.560676256723205,11,160.0,0.33802040829361213,13,259.0,0.32878277230923675,24,419.0
605.0,22,388.0,6.576271186440678,5.254743890042868,10,171.0,0.2745554795621915,12,278.0,0.28722194351486,22,449.0
610.0,18,360.0,5.901639344262295,5.6434801666254515,9,179.0,0.2839968610334379,9,290.0,0.3321571099027837,18,469.0
615.0,27,431.0,7.065573770491803,5.016854678443649,11,213.0,0.2773319716537402,16,308.0,0.2979848403968327,27,521.0
620.0,28,540.0,8.852459016393443,5.470768800572824,11,229.0,0.36900822967113633,17,374.0,0.31828218743431647,28,603.0
625.0,23,524.0,9.03448275862069,5.232257518003164,9,172.0,0.2105309342543687,14,417.0,0.3360549382830333,23,589.0
630.0,25,523.0,8.864406779661017,4.460941560404664,11,161.0,0.10461964086201458,14,438.0,0.2536616779194807,25,599.0
635.0,27,535.0,8.916666666666666,5.1991851339777515,9,163.0,0.3321427005687059,18,463.0,0.2730420274050126,27,626.0
640.0,21,556.0,9.586206896551724,5.292465825237982,4,103.0,0.47054635067515926,17,525.0,0.23898445964610743,21,628.0
645.0,20,589.0,9.816666666666666,5.92503734838608,4,91.0,0.45488422958393854,16,568.0,0.24384933814703225,20,659.0
650.0,25,668.0,10.603174603174603,5.020604302515384,8,110.0,0.2540420707663236,17,634.0,0.23224009367717377,25,744.0
655.0,27,759.0,11.859375,5.581801154234112,8,126.0,0.3828915298388443,19,697.0,0.2652230534895754,27,823.0
660.0,19,472.0,7.866666666666666,5.823063045531735,3,104.0,0.496282749119018,16,589.0,0.2546036209593217,19,693.0
665.0,20,306.0,5.464285714285714,5.8793151604229825,4,111.0,0.5658050134384882,16,387.0,0.1837024225804732,20,498.0
670.0,19,310.0,5.344827586206897,5.08973303484072,6,73.0,0.3449546114659341,13,435.0,0.15966323932483922,19,508.0
675.0,28,417.0,7.067796610169491,5.1133511415148405,12,124.0,0.2734119322241347,16,479.0,0.20750482491554453,28,603.0
680.0,26,494.0,8.372881355932204,4.648327141376328,11,163.0,0.3110165992798158,15,484.0,0.1941572703203814,26,647.0
685.0,22,556.0,9.586206896551724,5.8547058903251825,8,170.0,0.4404875982138606,14,458.0,0.18086841649595772,22,628.0
690.0,24,485.0,8.083333333333334,4.83143971356279,7,160.0,0.3619047002285531,17,465.0,0.1249891903051612,24,625.0
695.0,31,557.0,8.983870967741936,4.6330915312984375,16,216.0,0.20537901899265018,15,444.0,0.28372648662103556,31,660.0
700.0,27,473.0,7.629032258064516,4.169659289846256,16,269.0,0.21359465834381966,11,401.0,0.3435275835202985,27,670.0
705.0,20,376.0,5.968253968253968,5.165415222986012,10,286.0,0.2689364742573598,10,277.0,0.3663310649755332,20,563.0
710.0,19,294.0,4.59375,6.231652374052771,8,229.0,0.33513589525633136,11,248.0,0.31348712459152916,19,477.0
715.0,24,302.0,4.4411764705882355,5.520013867200346,10,127.0,0.2734912649051019,14,285.0,0.17001120842509082,24,412.0
720.0,30,347.0,5.507936507936508,5.22484709698897,14,154.0,0.3281629975316154,16,324.0,0.18519189504013145,30,478.0
725.0,32,358.0,5.966666666666667,4.36760491446175,18,206.0,0.25455792817829315,14,317.0,0.22762506913823294,32,523.0
730.0,30,379.0,6.213114754098361,4.687868957138851,18,247.0,0.3257351454700511,12,283.0,0.2638537329802618,30,530.0
735.0,22,294.0,4.819672131147541,4.4542187024900395,10,222.0,0.32700745176661816,12,294.0,0.1720124442736218,22,516.0
740.0,19,265.0,4.140625,4.903325693632618,8,200.0,0.29933006939684426,11,285.0,0.22453694722391318,19,485.0
745.0,17,205.0,3.014705882352941,5.606050881606739,11,196.0,0.21905632476338213,6,220.0,0.3627795140027998,17,416.0
750.0,25,209.0,3.265625,5.258920317295779,15,222.0,0.2120950561562504,10,153.0,0.4349512874063966,25,375.0
755.0,20,243.0,3.857142857142857,5.898812148911414,12,223.0,0.2857615302578945,8,178.0,0.4299522419164586,20,401.0
760.0,19,245.0,4.1525423728813555,5.171395880777401,10,207.0,0.20429044895919943,9,189.0,0.32151554841630947,19,396.0
765.0,27,284.0,4.896551724137931,4.065650041367947,16,263.0,0.0942549275999189,11,195.0,0.19294895413238047,27,458.0
770.0,31,399.0,6.879310344827586,4.399923290777095,20,326.0,0.15556031417596397,11,222.0,0.22468549811643695,31,548.0
775.0,25,454.0,8.107142857142858,5.05392797396312,12,331.0,0.34114423803521415,13,258.0,0.17031251464375188,25,589.0
780.0,22,451.0,7.775862068965517,5.419878759898701,11,316.0,0.29028448329652135,11,310.0,0.27786404227266664,22,626.0
785.0,23,361.0,5.918032786885246,5.451373096217876,15,306.0,0.21447856404466814,8,272.0,0.3869669489563958,23,578.0
790.0,24,413.0,7.0,5.662160280491218,16,345.0,0.2142678724366456,8,240.0,0.5172900864875761,24,585.0
795.0,20,320.0,5.517241379310345,5.866388772498168,11,344.0,0.36838750834652456,9,169.0,0.36564762918553384,20,513.0
800.0,18,263.0,4.383333333333334,5.207096227710496,10,349.0,0.31630758747806587,8,72.0,0.19508574473595833,18,421.0
805.0,26,327.0,5.030769230769231,5.058850752111194,18,371.0,0.26771458574678786,8,82.0,0.261156547319523,26,453.0
810.0,27,307.0,4.582089552238806,5.569271570983709,16,376.0,0.2738633483834796,11,110.0,0.37479969959987114,27,486.0
815.0,23,279.0,4.428571428571429,5.999255842700536,16,384.0,0.2364917884386688,7,111.0,0.48179283346133017,23,495.0
820.0,25,325.0,5.0,5.394128379659742,17,422.0,0.18015931201683155,8,115.0,0.4191402760801658,25,537.0
825.0,23,348.0,5.8,5.023456454051126,14,408.0,0.22569944569217273,9,153.0,0.34523948387431624,23,561.0
830.0,27,339.0,5.557377049180328,4.756258590183884,14,390.0,0.19365337255839105,13,199.0,0.24599085344484778,27,589.0
835.0,27,333.0,5.55,4.98809113810471,18,347.0,0.11202356776743533,9,186.0,0.35220457072374967,27,533.0
840.0,31,398.0,6.524590163934426,4.906571516981095,17,390.0,0.1927708822829719,14,202.0,0.26552038716105375,31,592.0
845.0,24,410.0,6.9491525423728815,5.218919606135571,16,441.0,0.29040788375886006,8,190.0,0.31242040275948796,24,631.0
850.0,20,348.0,5.898305084745763,5.769040782799414,13,451.0,0.3371059602845138,7,109.0,0.3805464498400164,20,560.0
855.0,13,297.0,5.120689655172414,6.0124616320617985,8,395.0,0.2850861713535233,5,123.0,0.4300008244025182,13,518.0
860.0,14,236.0,4.0,6.156625720051047,6,286.0,0.35640171530250103,8,152.0,0.3081089709807735,14,438.0
865.0,19,109.0,1.9464285714285714,5.90304689415147,11,182.0,0.3064683095715489,8,138.0,0.29886749469028195,19,320.0
870.0,23,168.0,3.111111111111111,4.710500586509291,13,202.0,0.21011794437356943,10,144.0,0.27213958865756693,23,346.0
875.0,19,201.0,3.8653846153846154,5.167211016815368,10,210.0,0.25191580162885124,9,179.0,0.29597437313179153,19,389.0
880.0,16,218.0,4.113207547169812,5.503385977351582,7,218.0,0.21936914896210713,9,206.0,0.3470948921368471,16,424.0
885.0,18,194.0,3.5925925925925926,5.686024341088795,13,241.0,0.16477592587981896,5,170.0,0.4621554873973048,18,411.0
890.0,20,233.0,4.39622641509434,6.3212369525606436,14,284.0,0.19928067076508,6,99.0,0.5189335252750948,20,383.0
895.0,14,230.0,4.6,6.554335017478234,6,271.0,0.31014688457400125,8,122.0,0.39347998725003464,14,393.0
900.0,16,258.0,5.16,5.19312796081404,7,221.0,0.2163935961990137,9,147.0,0.23906665776131658,16,368.0
905.0,18,205.0,3.8679245283018866,4.94340489637666,8,191.0,0.18801985220799264,10,160.0,0.2651394647526346,18,351.0
910.0,19,257.0,4.849056603773585,5.725450400668133,9,204.0,0.2715833593951642,10,168.0,0.415091072739403,19,372.0
915.0,13,175.0,3.5714285714285716,6.1134540354536195,7,171.0,0.3226637696520932,6,128.0,0.47540848468895824,13,299.0
920.0,19,209.0,4.354166666666667,5.550974861122898,10,180.0,0.32091022398133606,9,100.0,0.3499695602543256,19,280.0
925.0,19,212.0,4.416666666666667,5.058462007957096,9,183.0,0.32601295542201253,10,111.0,0.24100061551929217,19,294.0
930.0,18,266.0,5.428571428571429,5.056243050509885,8,192.0,0.19741844432432715,10,119.0,0.28575426023259837,18,311.0
935.0,20,318.0,6.625,5.603339870687101,10,214.0,0.18706919415974047,10,153.0,0.3288530877009374,20,367.0
940.0,23,396.0,8.081632653061224,5.633376740990065,12,266.0,0.25722844225882047,11,172.0,0.23913324862623023,23,438.0
945.0,22,384.0,7.529411764705882,5.252689308538872,12,321.0,0.3117822794521974,10,147.0,0.20127730100516045,22,468.0
950.0,21,390.0,7.959183673469388,5.807201252335241,13,350.0,0.35558735997145513,8,108.0,0.3562137467323375,21,458.0
955.0,18,424.0,8.653061224489797,6.2485119772035835,12,410.0,0.34745681381725224,6,108.0,0.45655841669654185,18,518.0
960.0,19,457.0,9.326530612244898,5.789071371746256,13,437.0,0.2891697315095863,6,101.0,0.3496179962686516,19,538.0
965.0,24,552.0,12.0,5.13237447994493,17,479.0,0.1650523890427611,7,121.0,0.3369187359242176,24,600.0
970.0,24,632.0,13.166666666666666,4.72516432239287,16,538.0,0.18486569917175702,8,158.0,0.15984927294576706,24,696.0
975.0,23,730.0,15.53191489361702,4.720952750119281,14,575.0,0.21708626951738944,9,203.0,0.27659593346382666,23,778.0
980.0,21,744.0,15.829787234042554,5.064077991504175,12,612.0,0.28783846430691845,9,199.0,0.2528754873656258,21,811.0
985.0,22,832.0,16.979591836734695,5.651899217366541,14,679.0,0.28865048019859824,8,196.0,0.4200501332274642,22,875.0
990.0,19,913.0,18.632653061224488,5.27785204752984,11,730.0,0.3305713742801523,8,236.0,0.3364082411303858,19,966.0
995.0,22,1016.0,19.92156862745098,5.314522471631375,13,775.0,0.30751077555757694,9,280.0,0.33723128914364797,22,1055.0
1000.0,23,843.0,15.90566037735849,5.368383854534449,12,647.0,0.34034649181980337,11,332.0,0.26480384536768786,23,979.0
1005.0,22,569.0,9.982456140350877,5.5403210162611805,10,523.0,0.3680838053766407,12,390.0,0.25704407937765394,22,913.0
1010.0,15,293.0,5.232142857142857,5.553041364221101,5,550.0,0.3521192460878543,10,313.0,0.33443089277675214,15,863.0
1015.0,18,289.0,5.160714285714286,5.668563301860319,9,579.0,0.32025988655863535,9,247.0,0.31690553279973477,18,826.0
1020.0,23,177.0,3.1607142857142856,4.369338480496651,14,606.0,0.30780321893851254,9,189.0,0.15883163690432026,23,795.0
1025.0,21,185.0,3.189655172413793,5.50520694769002,17,653.0,0.2679504632869961,4,145.0,0.2963681611349374,21,798.0
1030.0,26,302.0,5.206896551724138,5.80658935628692,22,750.0,0.13059414221907512,4,95.0,0.5305665092236898,26,845.0
1035.0,27,374.0,6.448275862068965,5.153630448379201,20,748.0,0.11626479802724614,7,113.0,0.38749438118404766,27,861.0
1040.0,26,392.0,6.758620689655173,5.584956434284833,17,634.0,0.19940834102655985,9,156.0,0.3621515248846843,26,790.0
1045.0,19,293.0,5.327272727272727,5.395320384727003,12,657.0,0.28337803864398176,7,144.0,0.40826639683201665,19,801.0
1050.0,17,253.0,4.685185185185185,5.777541923643393,10,608.0,0.2771680397846565,7,124.0,0.4488319421195189,17,732.0
1055.0,18,226.0,3.896551724137931,5.149029069622006,14,641.0,0.2643336989363426,4,110.0,0.2250488587300385,18,751.0
1060.0,19,279.0,4.573770491803279,6.931954226959817,15,670.0,0.3324770304921983,4,81.0,0.40147724907764726,19,751.0
1065.0,22,327.0,5.5423728813559325,5.558878778785103,18,638.0,0.21371244227968783,4,82.0,0.4272084117574007,22,720.0
1070.0,24,363.0,6.05,6.421354477878852,18,517.0,0.24015993601277227,6,109.0,0.5693197301879492,24,626.0
1075.0,24,434.0,7.233333333333333,5.225377172482108,17,472.0,0.17998582926549697,7,135.0,0.503683514445127,24,607.0
1080.0,26,460.0,7.931034482758621,4.238254556231466,17,474.0,0.14368966802256242,9,175.0,0.4590509763885727,26,649.0
1085.0,28,467.0,8.051724137931034,3.668143104791488,15,445.0,0.1701153482646993,13,231.0,0.3014265234976121,28,676.0
1090.0,27,524.0,9.03448275862069,4.3891718875807895,14,451.0,0.2714861306536265,13,258.0,0.20227731270892166,27,709.0
1095.0,27,569.0,9.483333333333333,4.849338107688726,15,456.0,0.16439086559495428,12,257.0,0.17900973239322376,27,713.0
1100.0,25,598.0,9.966666666666667,4.435533444307713,15,453.0,0.12732447578100708,10,292.0,0.18428529057360077,25,745.0
1105.0,30,711.0,12.258620689655173,4.888313729354391,15,474.0,0.1999302949141951,15,355.0,0.2837690283471092,30,829.0
1110.0,25,697.0,12.228070175438596,5.043383604194368,14,465.0,0.25045022810339757,11,386.0,0.3777328528356348,25,851.0
1115.0,26,762.0,12.915254237288135,5.055269776927307,16,466.0,0.22178021908192078,10,390.0,0.34131455006022954,26,856.0
1120.0,25,593.0,10.224137931034482,4.697773163253213,16,512.0,0.19728036438346758,9,270.0,0.30075893310112417,25,782.0
1125.0,30,620.0,10.333333333333334,4.924888851152497,17,544.0,0.21208323031399168,13,151.0,0.25322736934092965,30,695.0
1130.0,25,581.0,9.847457627118644,4.111460825105443,14,535.0,0.220995722060551,11,193.0,0.232070396567473,25,728.0
1135.0,21,538.0,9.43859649122807,5.466412155211311,13,461.0,0.2893576846748093,8,201.0,0.27986222527573923,21,662.0
1140.0,20,602.0,11.576923076923077,6.163708572215693,13,493.0,0.27806838247957777,7,215.0,0.2840274086366314,20,708.0
1145.0,23,643.0,12.607843137254902,5.288029925031222,17,529.0,0.17114218511208185,6,204.0,0.21839072286645,23,733.0
1150.0,25,702.0,14.04,4.521610965234748,16,559.0,0.15424628517367744,9,236.0,0.3506320224083304,25,795.0
1155.0,23,744.0,14.307692307692308,5.389701759128142,15,577.0,0.25115772950938287,8,274.0,0.40528422904267025,23,851.0
1160.0,18,648.0,11.368421052631579,5.714533236791744,12,577.0,0.298724761129587,6,239.0,0.47001059643331944,18,816.0
1165.0,18,545.0,9.39655172413793,6.391662416293637,12,566.0,0.3323036700493944,6,144.0,0.5073904376371563,18,710.0
1170.0,22,215.0,3.5245901639344264,5.133174492898477,11,310.0,0.33796101232586995,11,173.0,0.32869398814118994,22,483.0
1175.0,29,275.0,4.435483870967742,5.140065896759882,13,209.0,0.3377107543551186,16,245.0,0.27857240786811127,29,454.0
1180.0,29,307.0,4.796875,4.100830300754987,12,252.0,0.2251607551841075,17,277.0,0.21368372112875555,29,529.0
1185.0,22,316.0,5.096774193548387,5.421113399246821,11,272.0,0.20616835146348675,11,280.0,0.2867325236800127,22,552.0
1190.0,21,289.0,4.737704918032787,5.143571053202848,11,266.0,0.15704750906815185,10,279.0,0.20980767207184173,21,545.0
1195.0,26,315.0,5.163934426229508,5.301943947642827,14,244.0,0.2569976439703554,12,290.0,0.1900934749093115,26,534.0
1200.0,26,349.0,5.915254237288136,4.678697569027194,13,288.0,0.33819490926728724,13,269.0,0.26060110936780573,26,557.0
1205.0,21,393.0,7.1454545454545455,5.710531635745003,8,307.0,0.4411514704803981,13,222.0,0.2764228105909308,21,529.0
1210.0,22,369.0,6.362068965517241,4.9907081504878,7,281.0,0.38634099536117456,15,268.0,0.2024270853361808,22,549.0
1215.0,26,486.0,7.967213114754099,4.88604103523206,10,277.0,0.2601157133873719,16,337.0,0.2303267881701395,26,614.0
1220.0,27,317.0,5.112903225806452,4.512028290431489,13,206.0,0.2272327367115176,14,341.0,0.27591195534191154,27,547.0
1225.0,23,283.0,4.564516129032258,5.6279039929243435,15,201.0,0.27747240267310586,8,254.0,0.3697033623529236,23,455.0
1230.0,21,298.0,4.885245901639344,5.043143038235596,12,227.0,0.2811177811901084,9,245.0,0.3096792632625832,21,472.0
1235.0,24,276.0,4.6,5.1644546037643915,8,195.0,0.28881880972229806,16,295.0,0.23025503034867587,24,490.0
1240.0,25,213.0,3.610169491525424,4.155898582281722,9,170.0,0.28318647941046277,16,307.0,0.15600875045007248,25,477.0
1245.0,26,222.0,3.76271186440678,4.31180299240198,15,233.0,0.25442177880003614,11,246.0,0.24812056110935954,26,479.0
1250.0,26,237.0,4.016949152542373,4.035640060792217,17,281.0,0.1896386852816207,9,221.0,0.3028456646009074,26,502.0
1255.0,24,227.0,3.783333333333333,4.925076169058992,16,323.0,0.17952770843713883,8,176.0,0.39511293621100924,24,499.0
1260.0,28,266.0,4.360655737704918,4.153402791544969,17,336.0,0.12983323654871046,11,200.0,0.25616352516447455,28,536.0
1265.0,26,247.0,4.258620689655173,4.817738299440308,9,279.0,0.24501558076323696,17,277.0,0.244466627797426,26,556.0
1270.0,27,256.0,4.063492063492063,3.999037233703854,10,307.0,0.2590161172486317,17,276.0,0.12146727321498609,27,583.0
1275.0,30,307.0,4.514705882352941,4.665620172838054,15,369.0,0.26148607133131563,15,265.0,0.23376142403276506,30,634.0
1280.0,30,333.0,4.897058823529412,5.044752632426885,18,409.0,0.3264800865204959,12,263.0,0.2914098471833924,30,672.0
1285.0,26,361.0,5.553846153846154,5.337314712412066,17,449.0,0.2732841761008546,9,212.0,0.38262022509308685,26,661.0
1290.0,35,441.0,6.7846153846153845,3.633692661229491,21,452.0,0.11458476024385957,14,269.0,0.3206417602562781,35,721.0
1295.0,33,452.0,6.647058823529412,4.362076444515619,15,394.0,0.16845572527043987,18,352.0,0.25878867823912455,33,746.0
1300.0,26,333.0,4.897058823529412,4.624161644055657,11,345.0,0.26142958023831,15,376.0,0.21084598427489884,26,721.0
1305.0,34,384.0,5.408450704225352,4.718978782698252,17,388.0,0.28999863598321435,17,379.0,0.21052435028947145,34,767.0
1310.0,32,353.0,5.042857142857143,4.28282868902253,19,428.0,0.25099923002012037,13,378.0,0.23509123901322557,32,806.0
1315.0,36,489.0,7.086956521739131,4.359050864689355,22,502.0,0.21233578649659848,14,340.0,0.3131543353575937,36,842.0
1320.0,35,480.0,6.666666666666667,4.282087403924747,22,516.0,0.22796205543115275,13,323.0,0.28950137639557755,35,839.0
1325.0,23,319.0,4.36986301369863,4.7251163016067,14,424.0,0.1994919084406355,9,242.0,0.28807204104533396,23,666.0
1330.0,20,295.0,4.097222222222222,5.714919325895219,10,380.0,0.26271350076080624,10,212.0,0.34277962003793366,20,592.0
1335.0,24,305.0,4.066666666666666,5.785665530946044,13,360.0,0.19843397088139922,11,248.0,0.32564424932427233,24,608.0
1340.0,29,330.0,4.782608695652174,4.723373806925081,17,369.0,0.14301256188043607,12,241.0,0.24218439460034324,29,610.0
1345.0,29,391.0,5.666666666666667,5.144936094849071,16,340.0,0.22509756761799263,13,268.0,0.21041200592372042,29,608.0
1350.0,23,314.0,4.550724637681159,4.874500487667195,11,328.0,0.24230132454699052,12,227.0,0.22755097512520905,23,555.0
1355.0,30,438.0,6.7384615384615385,4.923733235880429,16,396.0,0.2281390034890186,14,233.0,0.3240824456906281,30,629.0
1360.0,31,393.0,6.238095238095238,4.469841113693587,20,426.0,0.17450576756170944,11,235.0,0.3369058591267792,31,661.0
1365.0,32,430.0,6.615384615384615,4.449105072751574,19,451.0,0.13986220993264978,13,223.0,0.3017038501209627,32,674.0
1370.0,31,402.0,6.090909090909091,3.9126862956312065,20,478.0,0.1673897435325695,11,221.0,0.2294663764448661,31,699.0
1375.0,20,269.0,4.075757575757576,5.481107957042899,13,445.0,0.21098523215784493,7,162.0,0.3627604612044769,20,607.0
1380.0,16,223.0,3.484375,6.158679423443005,8,410.0,0.23425144345776575,8,154.0,0.4289666726117616,16,564.0
1385.0,22,245.0,3.656716417910448,6.007264242430281,13,402.0,0.18475330084406114,9,180.0,0.3231146555808971,22,582.0
1390.0,27,259.0,3.9242424242424243,5.706014237693004,18,428.0,0.17473238156557472,9,176.0,0.42260980451629326,27,604.0
1395.0,15,255.0,4.396551724137931,6.6253774431057195,9,389.0,0.3324439250233328,6,135.0,0.3958004120867235,15,524.0
1400.0,13,167.0,2.982142857142857,5.9134304733418315,9,354.0,0.3747481091897073,4,103.0,0.24549369002375704,13,457.0
1405.0,20,172.0,3.2452830188679247,5.547029019582193,13,329.0,0.34234781471104353,7,68.0,0.2003276877994135,20,397.0
1410.0,25,246.0,4.730769230769231,4.065789344775007,18,365.0,0.23943921528626982,7,89.0,0.33301073207870113,25,454.0
1415.0,17,285.0,5.277777777777778,5.51032803133305,14,366.0,0.28472052378643353,3,89.0,0.4517556956021805,17,455.0
1420.0,17,275.0,5.188679245283019,5.258304551732479,13,312.0,0.32368905665352843,4,89.0,0.30966357958934654,17,401.0
1425.0,19,304.0,5.428571428571429,5.675746767196012,13,292.0,0.24173326391058006,6,113.0,0.4168590984476302,19,405.0
1430.0,22,412.0,7.773584905660377,5.4172429458496625,16,354.0,0.21712080003604306,6,143.0,0.46935775548272424,22,497.0
1435.0,23,402.0,7.444444444444445,4.765947322705251,18,385.0,0.18012792909756595,5,111.0,0.46983881995457694,23,496.0
1440.0,25,477.0,8.833333333333334,4.422392838340715,18,426.0,0.10900129524284298,7,129.0,0.4189799856350131,25,555.0
1445.0,28,491.0,8.767857142857142,5.006327629952557,19,479.0,0.14648685492209063,9,141.0,0.4670022343911925,28,620.0
1450.0,23,487.0,8.543859649122806,5.2262163137985365,14,476.0,0.24311648874973002,9,119.0,0.3215181633974977,23,595.0
1455.0,24,392.0,6.87719298245614,4.4323266642018275,12,409.0,0.26548594852912755,12,170.0,0.23154235204461565,24,579.0
1460.0,28,419.0,7.350877192982456,4.956545182925289,13,343.0,0.2989734583217562,15,241.0,0.3249656419019422,28,584.0
1465.0,26,405.0,6.982758620689655,4.196213154197403,12,356.0,0.2232736247630377,14,265.0,0.3507492517466115,26,621.0
1470.0,19,335.0,5.583333333333333,5.65365591530468,11,348.0,0.25501745448031116,8,250.0,0.4498066666067045,19,598.0
1475.0,21,213.0,3.328125,4.93612064889037,13,355.0,0.25464624844120215,8,170.0,0.34648568192900625,21,525.0
1480.0,25,269.0,4.075757575757576,4.945036484147671,14,377.0,0.28592886519990207,11,119.0,0.29300638906049736,25,496.0
1485.0,31,276.0,3.942857142857143,4.527271592424395,16,362.0,0.3009439866857753,15,161.0,0.26304550511925345,31,523.0
1490.0,18,238.0,3.449275362318841,6.011870213025594,10,307.0,0.3329305074898091,8,181.0,0.3292548646583483,18,488.0
1495.0,22,295.0,4.538461538461538,5.9549084055735015,12,289.0,0.35711758006691635,10,204.0,0.25531211655965325,22,493.0
1500.0,26,252.0,3.652173913043478,5.3064963581966405,17,270.0,0.16950201201711113,9,195.0,0.24803265222311546,26,465.0
1505.0,33,346.0,5.0144927536231885,4.588639677647933,19,321.0,0.17762548469421233,14,202.0,0.2497451969655247,33,523.0
1510.0,29,387.0,5.863636363636363,5.797285314516065,19,384.0,0.27662079738049034,10,222.0,0.43958428126594157,29,606.0
1515.0,27,437.0,6.828125,5.37208042914901,16,408.0,0.2927754876835262,11,223.0,0.39812226784579946,27,631.0
1520.0,23,373.0,5.7384615384615385,4.933702644762189,13,384.0,0.29433107338263875,10,234.0,0.19559234385238483,23,618.0
1525.0,22,426.0,6.983606557377049,5.072710905725343,15,386.0,0.2534104836982106,7,228.0,0.18713278695286753,22,614.0
1530.0,18,212.0,3.4754098360655736,5.44361870021478,13,291.0,0.22436947841058058,5,130.0,0.21961507043407183,18,421.0
1535.0,23,259.0,4.543859649122807,5.518158469620539,16,284.0,0.24944668748257154,7,90.0,0.24444819609718288,23,374.0
1540.0,22,321.0,5.35,5.656425210846126,16,346.0,0.3126875530575145,6,89.0,0.3051401586740222,22,435.0
1545.0,19,368.0,6.344827586206897,6.941513378841993,14,377.0,0.2895277743110339,5,64.0,0.531239671616797,19,441.0
1550.0,15,303.0,5.509090909090909,6.377570716139466,13,373.0,0.22396166527118697,2,51.0,0.6058298223816575,15,424.0
1555.0,19,300.0,5.357142857142857,6.1399775494034685,16,339.0,0.22930546679532296,3,45.0,0.49854807524437117,19,384.0
1560.0,19,264.0,4.8,5.497510684645217,15,333.0,0.3001137590612871,4,55.0,0.3710043280945055,19,388.0
1565.0,22,252.0,4.666666666666667,5.962651321251814,15,281.0,0.3318714084679725,7,75.0,0.42236794399750455,22,356.0
1570.0,18,213.0,3.8727272727272726,5.0695386235337745,14,305.0,0.2579722186647318,4,41.0,0.4762337920331765,18,346.0
1575.0,26,322.0,5.4576271186440675,5.067109335829499,20,372.0,0.2064840721126545,6,63.0,0.49003443829844623,26,435.0
1580.0,24,304.0,5.1525423728813555,4.961122827455593,20,415.0,0.2264974475731644,4,55.0,0.5703259147978814,24,470.0
1585.0,21,282.0,4.7,5.621167304608053,13,376.0,0.24143235456892134,8,84.0,0.5014955410213047,21,460.0
1590.0,22,303.0,4.967213114754099,4.932204382249495,13,361.0,0.2348981195871933,9,95.0,0.29901993609370253,22,456.0
1595.0,24,303.0,4.887096774193548,4.398652062457159,18,386.0,0.10637090478139327,6,87.0,0.27719294478762785,24,473.0
1600.0,29,279.0,4.573770491803279,3.910813095441482,22,393.0,0.11562855108554249,7,86.0,0.2912976148268183,29,479.0
1605.0,31,273.0,4.403225806451613,4.658962340127981,19,410.0,0.22240349227939565,12,116.0,0.24491706033324342,31,526.0
1610.0,27,295.0,4.46969696969697,5.054188556192095,17,421.0,0.2995037211273555,10,145.0,0.31375548896294125,27,566.0
1615.0,18,250.0,3.787878787878788,5.771191503724616,12,384.0,0.2665933939260739,6,133.0,0.4287624946204641,18,517.0
1620.0,19,252.0,4.131147540983607,5.872710284477915,15,412.0,0.24263221763010406,4,94.0,0.49487941385894524,19,506.0
1625.0,26,322.0,5.111111111111111,5.690752340823103,18,428.0,0.22013962773746956,8,83.0,0.35401034252741603,26,511.0
1630.0,24,342.0,5.796610169491525,4.533103311880147,19,474.0,0.12213429865364255,5,77.0,0.4082722608220206,24,551.0
1635.0,26,429.0,7.8,4.704755920834008,17,476.0,0.16162408072301637,9,79.0,0.3045849035081583,26,555.0
1640.0,22,374.0,6.448275862068965,4.472799319561068,15,473.0,0.1483604828798757,7,84.0,0.24382276263064911,22,557.0
1645.0,22,379.0,6.015873015873016,5.7688449624163765,16,429.0,0.1754841767531303,6,62.0,0.34105158215125375,22,491.0
1650.0,17,234.0,3.8360655737704916,6.354003350748322,13,390.0,0.19794342023629588,4,54.0,0.5250855634662328,17,444.0
1655.0,20,252.0,4.131147540983607,7.020390929502595,14,345.0,0.3419275567601491,6,58.0,0.5468598744240852,20,403.0
1660.0,22,315.0,5.338983050847458,5.948402511958534,15,385.0,0.3555906925256544,7,70.0,0.41799041982967006,22,455.0
1665.0,21,389.0,6.483333333333333,6.070808794815053,14,425.0,0.3328751699494429,7,92.0,0.36956837015428984,21,517.0
1670.0,21,271.0,4.516666666666667,4.748639940429699,15,400.0,0.25617326469245777,6,68.0,0.2832805889757563,21,468.0
1675.0,25,339.0,5.380952380952381,5.14582853236519,19,377.0,0.1985579376444677,6,77.0,0.40571213724246535,25,454.0
1680.0,26,385.0,5.923076923076923,5.078407319268516,20,402.0,0.20040924986137432,6,96.0,0.46165970461233735,26,498.0
1685.0,26,452.0,6.848484848484849,5.958479268225139,19,439.0,0.23640849623023072,7,108.0,0.49868949949443697,26,547.0
1690.0,28,550.0,8.73015873015873,5.083209927178605,19,508.0,0.18199830282031756,9,132.0,0.42058689438867236,28,640.0
1695.0,27,612.0,9.5625,4.828729465450453,17,558.0,0.1816059835055906,10,156.0,0.37082328362182787,27,714.0
1700.0,26,467.0,7.075757575757576,4.882275246193782,19,522.0,0.2036510230471286,7,155.0,0.4142978785620146,26,677.0
1705.0,23,286.0,4.46875,5.153306777685348,14,392.0,0.2839522943116886,9,143.0,0.3625328703683064,23,535.0
1710.0,25,283.0,4.564516129032258,4.823252682762719,14,399.0,0.34823216949512514,11,189.0,0.2760230204311746,25,588.0
1715.0,24,328.0,4.96969696969697,5.215683497974782,12,381.0,0.35294067657133116,12,231.0,0.27831822811438534,24,612.0
1720.0,27,408.0,6.375,5.425751786998722,15,383.0,0.2563944063767261,12,249.0,0.3906299050638009,27,632.0
1725.0,25,396.0,6.285714285714286,5.441408905184399,16,368.0,0.21249011722815078,9,223.0,0.3485006784408598,25,591.0
1730.0,24,309.0,4.828125,5.003233976547795,15,364.0,0.1572477854654394,9,185.0,0.2930024137948883,24,549.0
1735.0,26,332.0,5.354838709677419,4.943387324223024,16,374.0,0.19090727872731458,10,198.0,0.3429534748018323,26,572.0
1740.0,26,360.0,5.806451612903226,4.944141786289554,16,410.0,0.2557812627944335,10,208.0,0.3454010100563427,26,618.0
1745.0,27,386.0,6.225806451612903,4.947870031492896,15,418.0,0.32269669260987305,12,229.0,0.27281464600029603,27,647.0
1750.0,27,424.0,6.73015873015873,4.763967693968869,12,425.0,0.3600132204839157,15,275.0,0.21673772749167067,27,700.0
1755.0,32,321.0,4.938461538461539,3.7036006823439838,16,394.0,0.255946761333475,16,294.0,0.21781449084713736,32,688.0
1760.0,27,342.0,4.956521739130435,4.636172150615588,15,392.0,0.2522633967512833,12,276.0,0.33488205801647136,27,668.0
1765.0,23,304.0,4.405797101449275,5.205810084001484,13,358.0,0.20792378685675755,10,281.0,0.38628709284913193,23,639.0
1770.0,30,337.0,4.814285714285714,4.522728979782408,14,369.0,0.18431555165138025,16,292.0,0.2596262536416884,30,661.0
1775.0,38,471.0,6.826086956521739,4.277823951804265,20,426.0,0.19253445392846308,18,346.0,0.2642839054571689,38,772.0
1780.0,33,552.0,8.625,4.300787178085379,19,454.0,0.1278631312811736,14,376.0,0.3404952083204768,33,830.0
1785.0,33,551.0,8.476923076923077,3.841146824592286,19,447.0,0.11456192598137467,14,354.0,0.24540820784935669,33,801.0
1790.0,33,460.0,6.764705882352941,4.27900927211946,16,454.0,0.17041886863095765,17,309.0,0.24667554216458168,33,763.0
1795.0,32,423.0,6.409090909090909,4.503705727434501,15,426.0,0.23402099713081742,17,323.0,0.2814341184154587,32,749.0
1800.0,31,409.0,6.492063492063492,4.209738481793651,14,406.0,0.26899237095570283,17,320.0,0.2828841182334327,31,726.0
1805.0,28,283.0,4.3538461538461535,4.106153432569261,9,301.0,0.29452947847635386,19,367.0,0.1792901670681273,28,668.0
1810.0,23,299.0,4.6,5.170263013207206,9,234.0,0.33159039389056333,14,367.0,0.19352929194370366,23,601.0
1815.0,21,319.0,4.907692307692308,6.045814482077953,5,169.0,0.4293195467368321,16,382.0,0.20189633186153788,21,551.0
1820.0,25,373.0,5.828125,5.789861085755619,9,133.0,0.31295045595595555,16,389.0,0.22991840914453252,25,522.0
1825.0,27,412.0,6.645161290322581,5.129661971133595,10,151.0,0.2655668570234258,17,379.0,0.28505101831548346,27,530.0
1830.0,21,401.0,6.796610169491525,5.499538012641133,8,155.0,0.36488422441266066,13,383.0,0.3094940852861483,21,538.0
1835.0,22,445.0,7.295081967213115,5.797949217977776,8,178.0,0.3519556128747692,14,380.0,0.2884323647149481,22,558.0
1840.0,27,424.0,6.73015873015873,5.150977913600503,13,227.0,0.29742433802974416,14,375.0,0.23861977543442286,27,602.0
1845.0,25,360.0,5.901639344262295,5.064856315573902,12,265.0,0.3354471409601183,13,318.0,0.2265721239477979,25,583.0
1850.0,22,355.0,5.725806451612903,4.677024709010678,10,282.0,0.37895593945624506,12,318.0,0.11377674646463866,22,600.0
1855.0,20,329.0,5.222222222222222,5.228272169675878,10,289.0,0.29314253667630674,10,299.0,0.21518880021559403,20,588.0
1860.0,25,406.0,6.151515151515151,5.387418703751329,14,316.0,0.30805000268517513,11,296.0,0.2524585026698023,25,612.0
1865.0,27,486.0,7.476923076923077,5.33544269580277,13,357.0,0.3414312050897645,14,287.0,0.31321321243283784,27,644.0
1870.0,25,479.0,8.403508771929825,4.4900346526129065,14,384.0,0.3048837548867155,11,261.0,0.27771443670750684,25,645.0
1875.0,29,435.0,7.372881355932203,3.6902804979545896,16,420.0,0.20734386034447463,13,228.0,0.23298597181118105,29,648.0
1880.0,25,449.0,7.483333333333333,4.198217974909442,14,430.0,0.20754361402921515,11,240.0,0.29389678736071523,25,670.0
1885.0,26,338.0,5.633333333333334,4.885636801006744,15,383.0,0.21434056242799585,11,198.0,0.36745675943635037,26,581.0
1890.0,27,282.0,4.7,4.875984987077915,15,297.0,0.18142508224409107,12,215.0,0.3591795500705501,27,512.0
1895.0,28,310.0,4.920634920634921,4.370351709531008,14,331.0,0.1725391470390155,14,257.0,0.33676572707941843,28,588.0
1900.0,28,344.0,5.639344262295082,4.423453132454137,12,324.0,0.3111183814903092,16,275.0,0.2346233626200181,28,599.0
1905.0,27,353.0,5.430769230769231,4.308941595863234,10,334.0,0.26719123477309187,17,271.0,0.21756186411218925,27,605.0
1910.0,31,384.0,5.731343283582089,5.007682524187935,15,339.0,0.26309317751776223,16,303.0,0.295788612671617,31,642.0
1915.0,30,375.0,5.514705882352941,5.451909337853326,12,324.0,0.32476121922392975,18,323.0,0.3532220014018934,30,647.0
1920.0,34,510.0,7.5,4.098117242234043,14,328.0,0.31574369775921124,20,386.0,0.22842887969828435,34,714.0
1925.0,37,594.0,8.027027027027026,4.179428892106088,15,352.0,0.2942455956781083,22,456.0,0.2396082213608156,37,808.0
1930.0,33,549.0,7.625,4.139654860989402,11,330.0,0.3546914113554013,22,491.0,0.1512622061879033,33,821.0
1935.0,28,433.0,6.185714285714286,4.422894637873244,10,341.0,0.35133926650923825,18,454.0,0.1431190724847562,28,795.0
1940.0,22,287.0,4.042253521126761,4.937350539065195,9,243.0,0.23012207872645954,13,395.0,0.23310626016036137,22,638.0
1945.0,28,272.0,3.7777777777777777,4.792039084644541,13,185.0,0.200393601058012,15,357.0,0.23621880241216187,28,542.0
1950.0,34,345.0,5.0,3.935479070803284,14,230.0,0.25956800454497597,20,405.0,0.2179292634389356,34,635.0
1955.0,28,415.0,6.0144927536231885,4.878159055996045,7,230.0,0.37078253329736127,21,471.0,0.23128664147616237,28,701.0
1960.0,30,398.0,5.768115942028985,4.248301375564051,9,216.0,0.3080433874503932,21,501.0,0.19233509937892992,30,717.0
1965.0,36,491.0,6.915492957746479,4.56048093980989,17,281.0,0.31153865433725797,19,490.0,0.20693773545148886,36,771.0
1970.0,36,536.0,8.0,3.3281919913840627,16,327.0,0.3031768438847079,20,480.0,0.14666784259806845,36,807.0
1975.0,26,399.0,5.7,4.069763694168657,10,328.0,0.29724931496560386,16,388.0,0.13508700497723866,26,716.0
1980.0,22,376.0,5.222222222222222,5.022651177292238,10,302.0,0.196797539335231,12,302.0,0.24413501167099047,22,604.0
1985.0,27,443.0,6.068493150684931,6.018636711943242,14,311.0,0.201870030135019,13,293.0,0.31028462456513506,27,604.0
1990.0,26,326.0,4.794117647058823,5.124479959780976,17,265.0,0.16609141184366816,9,271.0,0.1933507488060014,26,536.0
1995.0,33,449.0,7.126984126984127,4.879002881030796,23,315.0,0.157572852088351,10,278.0,0.30478699683625277,33,593.0
2000.0,29,508.0,8.610169491525424,4.269427658811049,20,363.0,0.22116142337440456,9,310.0,0.3301054842239868,29,673.0
2005.0,22,464.0,7.733333333333333,4.886020229037853,12,359.0,0.20466019132771437,10,345.0,0.3180603507970094,22,704.0
2010.0,18,279.0,4.2272727272727275,4.723797622010412,8,316.0,0.23865902223371555,10,278.0,0.24923525846355563,18,594.0
2015.0,23,330.0,4.852941176470588,6.099511330903735,12,324.0,0.3061036429303072,11,234.0,0.33747891689891096,23,558.0
2020.0,21,381.0,5.953125,5.447734505694804,14,331.0,0.2300908697849727,7,262.0,0.3660633700145967,21,593.0
2025.0,20,421.0,7.016666666666667,5.455325237463166,12,303.0,0.1615584137213583,8,271.0,0.3886312509096581,20,574.0
2030.0,20,476.0,8.206896551724139,4.687552768624089,11,323.0,0.20370162326334224,9,303.0,0.2071547346264756,20,626.0
2035.0,24,568.0,9.627118644067796,5.483930299083612,13,367.0,0.24372359527633822,11,351.0,0.33094277179553855,24,718.0
2040.0,25,514.0,9.017543859649123,4.584114680418554,16,399.0,0.18658850310260386,9,313.0,0.3866999903041305,25,712.0
2045.0,21,525.0,9.375,4.8929354401691985,11,408.0,0.21938209871208286,10,234.0,0.38824513434188546,21,642.0
2050.0,24,554.0,9.719298245614034,4.604007818130307,11,384.0,0.2657194765329492,13,287.0,0.23560853830355238,24,671.0
2055.0,30,685.0,11.810344827586206,4.644199173566789,16,437.0,0.25310340409082205,14,357.0,0.23393185634853667,30,794.0
2060.0,28,614.0,10.771929824561404,3.9608983281862447,15,399.0,0.23521844687796076,13,374.0,0.26246519413957564,28,773.0
2065.0,24,485.0,8.818181818181818,5.072152200167016,15,381.0,0.18225560759122805,9,347.0,0.39224869561425457,24,728.0
2070.0,29,370.0,6.607142857142857,4.027666615887957,21,472.0,0.10289446109103334,8,233.0,0.3219047092610735,29,705.0
2075.0,33,466.0,8.175438596491228,4.823017028888512,21,581.0,0.24131746517042826,12,116.0,0.22617919294839528,33,697.0
2080.0,28,480.0,8.727272727272727,4.13720228205234,17,608.0,0.3290610269844404,11,138.0,0.09447085260224529,28,746.0
2085.0,15,302.0,5.392857142857143,5.1816056761230955,9,533.0,0.2170257543502851,6,140.0,0.2948869996071046,15,673.0
2090.0,12,288.0,4.9655172413793105,6.395181991474643,6,463.0,0.2380289841586275,6,138.0,0.40382179183190825,12,601.0
2095.0,17,340.0,5.964912280701754,6.172665916230465,12,424.0,0.18217218232435015,5,140.0,0.4421779813036154,17,564.0
2100.0,25,430.0,7.962962962962963,5.546229365088018,19,492.0,0.2215502764782258,6,165.0,0.4264003174182895,25,657.0
2105.0,25,436.0,8.074074074074074,4.708527383227669,22,596.0,0.20807534420529544,3,106.0,0.3701950804723485,25,702.0
2110.0,27,496.0,9.92,3.8560995462993883,21,608.0,0.18464438975619127,6,90.0,0.3697219507709335,27,698.0
2115.0,18,428.0,8.392156862745098,5.177232606044749,14,535.0,0.2130105557357388,4,94.0,0.5280437150505383,18,629.0
2120.0,15,431.0,7.981481481481482,5.776264603127824,10,464.0,0.20377953732125859,5,112.0,0.400970760977329,15,576.0
2125.0,14,254.0,4.703703703703703,6.570456420806829,8,304.0,0.2723362657034985,6,134.0,0.39486838696889,14,438.0
2130.0,20,269.0,4.890909090909091,6.130944295350608,12,235.0,0.2684560719839518,8,171.0,0.31498954468995694,20,406.0
2135.0,19,221.0,4.510204081632653,5.529932337543529,14,255.0,0.27298126984624543,5,117.0,0.42858481610916044,19,372.0
2140.0,12,175.0,3.6458333333333335,6.842229306894957,10,232.0,0.28478397784238124,2,69.0,0.5678829178360918,12,301.0
2145.0,13,207.0,4.6,6.306545109625078,9,236.0,0.31178857597858384,4,41.0,0.3974165935430023,13,277.0
2150.0,17,270.0,6.0,5.538513025782516,12,283.0,0.24332073500513757,5,54.0,0.32009933440038907,17,337.0
2155.0,20,343.0,7.976744186046512,4.213905490912978,13,317.0,0.21093003566582133,7,84.0,0.3574203647064063,20,401.0
2160.0,15,343.0,7.0,5.744937282846283,9,331.0,0.34771558959161286,6,74.0,0.34541824937348226,15,405.0
2165.0,12,193.0,3.784313725490196,7.1576979266069864,6,248.0,0.40951571615660676,6,74.0,0.39451905707698887,12,322.0
2170.0,11,168.0,3.230769230769231,7.607951405041902,8,156.0,0.3535659691402266,3,71.0,0.5393499496690741,11,227.0
2175.0,20,246.0,4.6415094339622645,6.445659491707317,15,211.0,0.23213053378243437,5,70.0,0.48459278280277907,20,281.0
2180.0,22,260.0,5.0,5.608617311834175,14,213.0,0.12203871269055876,8,99.0,0.5146733233585793,22,312.0
2185.0,25,327.0,6.169811320754717,5.284699507706737,15,202.0,0.20817064780375136,10,143.0,0.4105799950157589,25,345.0
2190.0,22,295.0,5.566037735849057,4.473704029813967,12,226.0,0.2903090567752621,10,154.0,0.28872896880048154,22,380.0
2195.0,22,292.0,5.3090909090909095,5.166475628903218,10,205.0,0.39394115755132314,12,153.0,0.23215931855795355,22,358.0
2200.0,21,297.0,5.303571428571429,4.207293286730043,11,236.0,0.2657792363623387,10,154.0,0.20709468409213025,21,390.0
2205.0,23,340.0,5.964912280701754,5.344791644823859,12,278.0,0.31576850769387826,11,161.0,0.29805033335442777,23,439.0
2210.0,21,347.0,6.087719298245614,4.916658222877184,11,305.0,0.32442724662485817,10,173.0,0.3034942689237584,21,478.0
2215.0,29,450.0,8.035714285714286,4.791294810307953,17,367.0,0.2336618310596863,12,180.0,0.30706474484532065,29,547.0
2220.0,27,365.0,6.4035087719298245,4.573862553685784,16,342.0,0.1989342588634893,11,193.0,0.24164248326242546,27,535.0
2225.0,29,428.0,7.781818181818182,4.492895178911658,16,256.0,0.19013167543540102,13,255.0,0.2539216276763323,29,511.0
2230.0,31,422.0,7.535714285714286,4.165780354011735,16,270.0,0.20424524150825932,15,281.0,0.20960006495341924,31,551.0
2235.0,20,319.0,5.316666666666666,5.088277911408398,10,250.0,0.2684447648872448,10,261.0,0.2572997081858405,20,511.0
2240.0,20,232.0,3.7419354838709675,5.251882525585325,9,236.0,0.2754980448458465,11,243.0,0.30045418296451515,20,479.0
2245.0,27,263.0,4.174603174603175,5.459257175749371,12,235.0,0.31190274409775326,15,270.0,0.3074468992147468,27,505.0
2250.0,29,240.0,3.6363636363636362,4.582695888701111,14,257.0,0.1890101798692333,15,288.0,0.3337252312093265,29,545.0
2255.0,24,247.0,3.742424242424242,5.072894397459167,15,295.0,0.1981877958208865,9,252.0,0.32663362057051465,24,547.0
2260.0,26,263.0,4.174603174603175,5.112611540152243,16,314.0,0.22300994621876927,10,235.0,0.3365225926394866,26,549.0
2265.0,20,183.0,2.9516129032258065,5.038516643024871,9,270.0,0.3045979854661212,11,204.0,0.17720801747915063,20,474.0
2270.0,28,271.0,4.442622950819672,3.4227544078610244,12,288.0,0.2519936000150518,16,246.0,0.10039016448693427,28,534.0
2275.0,28,340.0,5.573770491803279,4.569656046908311,14,332.0,0.24569260405155624,14,272.0,0.22898219269411718,28,604.0
2280.0,27,335.0,5.234375,4.527761647020391,16,337.0,0.2473943009452727,11,289.0,0.2742290058231053,27,626.0
2285.0,30,441.0,6.7846153846153845,5.0321825169667935,18,429.0,0.26901408174742675,12,294.0,0.2983703875052277,30,723.0
2290.0,33,447.0,6.984375,4.448798282564438,17,424.0,0.2816104055254592,16,341.0,0.2833317917440702,33,765.0
2295.0,32,470.0,7.121212121212121,4.4539200484421215,15,397.0,0.2558926575426334,17,372.0,0.2828883461137013,32,769.0
2300.0,34,465.0,6.940298507462686,3.5100849148384845,17,405.0,0.16051138915004692,17,401.0,0.2687378881990941,34,806.0
2305.0,24,349.0,4.985714285714286,4.045812179011237,12,331.0,0.16543125746800294,12,382.0,0.2064973480342992,24,713.0
2310.0,22,363.0,5.041666666666667,5.75411928079033,9,302.0,0.2755579950568024,13,383.0,0.3018449641405087,22,685.0
2315.0,23,376.0,5.081081081081081,5.832519927097386,11,284.0,0.28599865393507473,12,388.0,0.2518045638787607,23,672.0
2320.0,32,464.0,6.535211267605634,5.026401361303608,15,289.0,0.31587168653067255,17,399.0,0.19688689362974313,32,688.0
2325.0,27,508.0,7.257142857142857,5.324160475082128,10,274.0,0.3807986929464578,17,447.0,0.19617041143739106,27,721.0
2330.0,27,559.0,7.873239436619718,5.409346486653746,11,258.0,0.34378199514568986,16,488.0,0.21386691486156872,27,746.0
2335.0,36,706.0,10.085714285714285,4.5184652413478,18,270.0,0.25576632088894724,18,571.0,0.2549663237526954,36,841.0
2340.0,36,644.0,9.333333333333334,3.8473424098473528,20,282.0,0.19335714792185862,16,611.0,0.3196801256760773,36,893.0
2345.0,31,641.0,9.426470588235293,4.702765844443997,21,281.0,0.16070828340439575,10,579.0,0.41925275670716167,31,860.0
2350.0,34,719.0,10.420289855072463,4.811531263188532,23,345.0,0.1324098022489232,11,579.0,0.3783199188592782,34,924.0
2355.0,28,604.0,8.507042253521126,4.941220784394808,17,384.0,0.17925747375776577,11,477.0,0.30182128206993275,28,861.0
2360.0,30,394.0,5.794117647058823,5.083423661989003,18,403.0,0.2348751676705106,12,331.0,0.2900404810411264,30,734.0
2365.0,27,287.0,3.986111111111111,5.120095732718295,13,351.0,0.3130238022429297,14,366.0,0.19503838945065236,27,717.0
2370.0,31,375.0,5.0675675675675675,4.595170004902577,13,346.0,0.3154976549837539,18,415.0,0.20052294098075313,31,761.0
2375.0,32,440.0,5.569620253164557,5.2929448393880705,17,373.0,0.33110847223076945,15,463.0,0.32174035875294243,32,836.0
2380.0,27,437.0,5.75,5.564649679126736,17,380.0,0.30392797541121075,10,448.0,0.39292059516070243,27,828.0
2385.0,29,496.0,6.888888888888889,4.551996649250555,17,414.0,0.16333864447106022,12,364.0,0.3289872481130242,29,778.0
2390.0,38,553.0,7.788732394366197,3.3729546141899336,24,437.0,0.09880738839548149,14,318.0,0.22009654449832908,38,755.0
2395.0,34,413.0,6.073529411764706,3.673372976228264,18,396.0,0.16842412257050565,16,261.0,0.1288024041517705,34,657.0
2400.0,33,491.0,7.3283582089552235,3.484916665020672,17,462.0,0.2116293630967584,16,223.0,0.062196253825008214,33,685.0
2405.0,38,594.0,8.608695652173912,4.044327169433546,23,554.0,0.21065582765967822,15,253.0,0.16333712178749998,38,807.0
2410.0,36,679.0,9.985294117647058,4.353410562909459,24,615.0,0.11157367123747879,12,243.0,0.3405350564146891,36,858.0
2415.0,26,676.0,10.242424242424242,4.348431277691099,17,639.0,0.14969173313501585,9,238.0,0.2956502470755165,26,877.0
2420.0,29,595.0,8.75,4.8429389038479576,16,588.0,0.18124022729283076,13,251.0,0.2570507254846047,29,839.0
2425.0,33,540.0,7.9411764705882355,4.94321107664249,20,542.0,0.23022016125069555,13,245.0,0.2457203846736385,33,787.0
2430.0,33,612.0,9.0,4.344153693166632,20,603.0,0.18192889572701818,13,240.0,0.3176839371728955,33,843.0
2435.0,28,640.0,10.158730158730158,4.482522759127177,16,643.0,0.28803305576688176,12,248.0,0.26660765910717005,28,891.0
2440.0,27,594.0,9.138461538461538,4.449058600628585,17,626.0,0.22197245636694118,10,233.0,0.20897087048211418,27,859.0
2445.0,21,313.0,4.815384615384615,5.599106735582105,13,572.0,0.23584101195472484,8,203.0,0.3099147935841225,21,775.0
2450.0,27,225.0,3.409090909090909,5.518143392436463,14,544.0,0.24070704581782218,13,170.0,0.27885704046349963,27,714.0
2455.0,30,333.0,5.123076923076923,4.772897988086237,19,609.0,0.21774761829349434,11,176.0,0.273083782889972,30,785.0
2460.0,35,432.0,6.6461538461538465,4.418728692046789,21,662.0,0.17756055226665854,14,229.0,0.35399652034738843,35,891.0
2465.0,26,401.0,6.265625,5.097503594979923,15,657.0,0.2544077052084656,11,246.0,0.38548759664931637,26,903.0
2470.0,21,353.0,5.430769230769231,5.059960350591373,11,619.0,0.29008962818261275,10,230.0,0.2371087257712814,21,849.0
2475.0,24,371.0,5.537313432835821,5.065928971162205,15,573.0,0.24712386781034346,9,226.0,0.25155160561201756,24,799.0
2480.0,30,464.0,6.925373134328358,4.913340015976507,17,638.0,0.2167259401634996,13,253.0,0.26317149486275054,30,891.0
2485.0,28,454.0,6.984615384615385,5.896299645338796,17,704.0,0.2838597066921442,11,234.0,0.3995154413472607,28,938.0
2490.0,25,442.0,7.015873015873016,5.261309726842794,16,729.0,0.24512370379293907,9,154.0,0.4084976032300763,25,883.0
2495.0,22,391.0,6.109375,5.123887152346523,11,680.0,0.25330080647280717,11,165.0,0.31798377260267985,22,845.0
2500.0,18,318.0,4.96875,5.117897956046023,10,626.0,0.21756316806441534,8,134.0,0.2981631326145244,18,760.0
2505.0,21,207.0,3.1846153846153844,5.6602003675523695,12,476.0,0.17839908081044784,9,142.0,0.3777801684177028,21,618.0
2510.0,22,244.0,4.0,5.534334619067515,14,504.0,0.2373005275690201,8,156.0,0.3340021206332097,22,660.0
2515.0,30,375.0,6.3559322033898304,4.559312956036138,18,589.0,0.2495853408456333,12,206.0,0.2723499197920573,30,795.0
2520.0,29,431.0,7.305084745762712,4.312307982830694,16,597.0,0.2547677825814412,13,249.0,0.24215299372875143,29,846.0
2525.0,21,386.0,6.655172413793103,5.267467208868211,11,540.0,0.3065036131721438,10,264.0,0.21579306213881172,21,804.0
2530.0,20,285.0,4.672131147540983,5.04887164138461,9,471.0,0.250888845455071,11,243.0,0.13410545369042381,20,714.0
2535.0,26,332.0,5.354838709677419,5.999193663611106,14,508.0,0.3201478719994702,12,229.0,0.2240426737642787,26,737.0
2540.0,25,389.0,6.824561403508772,4.882806456888254,14,532.0,0.33460967051385315,11,257.0,0.2652040742741571,25,789.0
2545.0,20,429.0,7.8,5.901128070222411,13,507.0,0.2606905229483987,7,246.0,0.4224196988606938,20,753.0
2550.0,24,463.0,7.8474576271186445,5.137802065967819,14,438.0,0.1682894632618375,10,281.0,0.30930485240439337,24,719.0
2555.0,23,386.0,6.433333333333334,5.891520790972747,17,282.0,0.21956897212641974,6,264.0,0.37048465221602916,23,546.0
2560.0,21,405.0,7.232142857142857,5.6453766390218485,13,310.0,0.24446636523222012,8,264.0,0.4155524993591798,21,574.0
2565.0,23,454.0,8.107142857142858,5.394610780897876,16,332.0,0.34117795546155294,7,263.0,0.43375183750064294,23,595.0
2570.0,25,478.0,8.385964912280702,4.924751195413268,16,351.0,0.3386597687036274,9,272.0,0.3152766958078591,25,623.0
2575.0,26,303.0,5.135593220338983,5.001198429939607,18,376.0,0.28820992083505487,8,147.0,0.4519249588034317,26,523.0
2580.0,28,318.0,5.129032258064516,4.202022898332812,18,391.0,0.17345221646040498,10,121.0,0.38181240806785194,28,512.0
2585.0,27,295.0,4.538461538461538,4.399276571426197,18,368.0,0.2104561927435466,9,121.0,0.28603682125665153,27,489.0
2590.0,23,266.0,3.970149253731343,5.506702421119606,15,353.0,0.2555204115123602,8,99.0,0.26115963563246886,23,452.0
2595.0,23,233.0,3.5303030303030303,5.864057372128138,16,333.0,0.27173367232605,7,104.0,0.31304610994677456,23,437.0
2600.0,23,274.0,4.566666666666666,5.658942036842384,16,367.0,0.2523338972673557,7,130.0,0.3598544224596594,23,497.0
2605.0,23,308.0,5.703703703703703,4.584267931849919,17,400.0,0.1385760579008079,6,134.0,0.3947630769399686,23,534.0
2610.0,27,347.0,6.196428571428571,3.8696514492712035,18,430.0,0.12703416538406656,9,132.0,0.34454670578949853,27,562.0
2615.0,26,359.0,6.298245614035087,4.703631256727668,15,429.0,0.2687475576816824,11,149.0,0.2657232621978996,26,578.0
2620.0,22,357.0,6.0508474576271185,5.640851808562579,15,443.0,0.30327592070696846,7,161.0,0.36151732434449024,22,604.0
2625.0,23,255.0,4.322033898305085,4.748251253495702,17,427.0,0.22901278414878543,6,125.0,0.32794816902843,23,552.0
2630.0,25,336.0,5.793103448275862,5.056036972607684,17,471.0,0.20109329130462159,8,90.0,0.4363799397161501,25,561.0
2635.0,24,374.0,6.448275862068965,5.067946104616175,20,511.0,0.2214979709456214,4,86.0,0.4435960056245417,24,597.0
2640.0,25,361.0,5.918032786885246,5.500353598896936,17,505.0,0.20731584978490933,8,63.0,0.41773876264956744,25,568.0
2645.0,24,317.0,4.953125,5.548305169922536,19,511.0,0.19146684273406808,5,52.0,0.4302252580684292,24,563.0
2650.0,23,304.0,4.903225806451613,5.805347343936145,17,515.0,0.21131289865408123,6,75.0,0.49350903496916654,23,590.0
2655.0,24,281.0,4.532258064516129,6.004203360299719,18,494.0,0.26419235729530677,6,85.0,0.512049251233068,24,579.0
2660.0,28,313.0,5.131147540983607,4.811792369577772,19,493.0,0.2083420895362796,9,95.0,0.410844222909278,28,588.0
2665.0,29,366.0,5.809523809523809,4.78956066984331,17,508.0,0.24413207496986833,12,156.0,0.3713261793637389,29,664.0
2670.0,28,344.0,5.134328358208955,4.3182184275508435,16,528.0,0.29359037224170165,12,173.0,0.24657090972110185,28,701.0
2675.0,23,328.0,4.895522388059701,5.132175298237062,12,486.0,0.31952620808184923,11,186.0,0.288848246317206,23,672.0
2680.0,28,435.0,6.397058823529412,4.912250477001117,16,499.0,0.27422535201623977,12,238.0,0.21976380957603958,28,737.0
2685.0,34,562.0,7.915492957746479,4.8966897860716845,16,536.0,0.197275561666277,18,318.0,0.2767181796720978,34,854.0
2690.0,31,569.0,8.753846153846155,4.520556203966399,16,587.0,0.1677922322018795,15,314.0,0.3365877618863161,31,901.0
2695.0,33,695.0,11.39344262295082,4.174686496875783,19,634.0,0.2225989814787783,14,320.0,0.25763647383360905,33,954.0
2700.0,33,695.0,10.692307692307692,3.6811835760505716,14,601.0,0.2699928290470458,19,405.0,0.10932208339806627,33,1006.0
2705.0,34,800.0,11.428571428571429,4.823744594628184,12,529.0,0.38046802433694993,22,518.0,0.18986022046262757,34,1047.0
2710.0,34,706.0,10.085714285714285,4.3467934083166755,13,540.0,0.3399316336325171,21,523.0,0.279583984151085,34,1063.0
2715.0,30,693.0,9.493150684931507,5.06979838831167,15,556.0,0.3103914185692737,15,422.0,0.3535808120021528,30,978.0
2720.0,32,549.0,7.223684210526316,4.47388951186065,15,497.0,0.2394527718667251,17,419.0,0.27157101228394925,32,916.0
2725.0,30,285.0,3.904109589041096,4.8253870988989975,17,341.0,0.21252919384904728,13,337.0,0.2783623745471471,30,678.0
2730.0,32,331.0,4.534246575342466,4.465240847037111,18,370.0,0.07960018878476945,14,278.0,0.2824988459186418,32,648.0
2735.0,27,332.0,4.742857142857143,4.726809005648654,14,392.0,0.146306859343203,13,247.0,0.2643106308308092,27,639.0
2740.0,29,315.0,4.7727272727272725,4.609997937401139,12,371.0,0.23928825876018148,17,283.0,0.20786323844503193,29,654.0
2745.0,32,375.0,5.681818181818182,4.675138516285467,12,319.0,0.3415396788770641,20,334.0,0.17583247574520694,32,653.0
2750.0,26,422.0,6.59375,4.908772807064304,13,306.0,0.2872650438366384,13,362.0,0.2814858195552429,26,668.0
2755.0,26,401.0,6.365079365079365,4.76787539865557,14,286.0,0.2006954389037547,12,319.0,0.34362420180105374,26,605.0
2760.0,29,379.0,5.656716417910448,4.55785781824567,16,303.0,0.286612457452363,13,279.0,0.2734662545855374,29,582.0
2765.0,31,325.0,4.642857142857143,4.141828515210329,13,297.0,0.3761293195335779,18,282.0,0.22499543229759406,31,579.0
2770.0,34,369.0,4.792207792207792,4.658920289187357,11,285.0,0.3635748735507715,23,346.0,0.29126753917742887,34,631.0
2775.0,31,365.0,4.451219512195122,4.655992711814556,10,226.0,0.3486498272667893,21,402.0,0.2602572429781529,31,628.0
2780.0,30,337.0,4.0602409638554215,4.852190694651033,12,233.0,0.31470863087669837,18,409.0,0.2292780374430786,30,642.0
2785.0,32,389.0,4.686746987951807,4.621053871027923,19,295.0,0.21500142424851743,13,403.0,0.22719184956890331,32,698.0
2790.0,39,502.0,5.905882352941177,4.1407733513953655,22,365.0,0.1578495375387339,17,411.0,0.21627369111569028,39,776.0
2795.0,41,613.0,7.211764705882353,3.799274980851139,19,419.0,0.19636382765832433,22,459.0,0.14201661294045173,41,878.0
2800.0,37,725.0,8.630952380952381,4.562800263374792,19,491.0,0.22425127333093942,18,471.0,0.21099814414455337,37,962.0
2805.0,35,835.0,9.597701149425287,4.569004464395234,20,572.0,0.21759403038988948,15,520.0,0.23429356048927055,35,1092.0
2810.0,40,839.0,9.426966292134832,4.488641552536307,21,559.0,0.20338737670389456,19,595.0,0.2439649490475383,40,1154.0
2815.0,46,779.0,8.852272727272727,3.94040662321721,23,586.0,0.2672268385288981,23,584.0,0.17833465640307194,46,1170.0
2820.0,48,788.0,8.853932584269662,3.872685940436518,23,659.0,0.23658038020781932,25,491.0,0.2087355216569435,48,1150.0
2825.0,44,827.0,9.616279069767442,3.4978427358580904,20,681.0,0.23063736150812822,24,545.0,0.13375192676275757,44,1226.0
2830.0,43,705.0,8.10344827586207,3.529604833849323,21,657.0,0.1738375452499312,22,545.0,0.12341719510137286,43,1202.0
2835.0,38,380.0,4.269662921348314,3.679359725149919,23,595.0,0.10014471056322433,15,526.0,0.19116822178657222,38,1121.0
2840.0,40,419.0,4.816091954022989,4.07489187318223,24,593.0,0.1847309792576687,16,542.0,0.23388179558013908,40,1135.0
2845.0,41,499.0,5.735632183908046,3.5924930383206273,22,636.0,0.19164783516477896,19,562.0,0.22762979999097852,41,1198.0
2850.0,45,636.0,7.571428571428571,3.209127787630421,26,691.0,0.1369726415378748,19,534.0,0.22047140158766093,45,1225.0
2855.0,46,728.0,8.666666666666666,3.3192464696344346,28,745.0,0.06416629958381248,18,530.0,0.25226310412870556,46,1275.0
2860.0,37,733.0,8.623529411764705,4.319400519182405,20,717.0,0.10013529737662653,17,521.0,0.2520587672209729,37,1238.0
2865.0,34,729.0,9.0,5.323415376764707,15,660.0,0.13341373513492388,19,585.0,0.3268480969762855,34,1245.0
2870.0,33,641.0,8.324675324675324,4.604040933835032,14,568.0,0.11051677182180115,19,621.0,0.25370494842614344,33,1189.0
2875.0,34,674.0,8.425,4.634404540750857,15,583.0,0.21838937823153554,19,645.0,0.21750159690922077,34,1228.0
2880.0,32,629.0,8.168831168831169,4.921082484731358,14,565.0,0.3607808788746773,18,620.0,0.18468255433990582,32,1185.0
2885.0,37,773.0,10.306666666666667,4.467078267145444,13,572.0,0.3478982075441255,24,701.0,0.15211145648315808,37,1273.0
2890.0,40,862.0,11.64864864864865,3.801893118039114,16,571.0,0.2755710118020507,24,779.0,0.11725581140268279,40,1350.0
2895.0,37,859.0,11.608108108108109,3.862799310345168,17,551.0,0.17869525109166495,20,811.0,0.18516607520873588,37,1362.0
2900.0,36,747.0,10.375,4.286828815027333,18,449.0,0.18762065808657472,18,808.0,0.2351454694202282,36,1257.0
2905.0,32,739.0,10.26388888888889,3.914451897822418,16,491.0,0.2182388012925757,16,807.0,0.19111531465045495,32,1298.0
2910.0,30,504.0,7.098591549295775,4.1801316347961315,14,492.0,0.3087784056976509,16,679.0,0.13632840637782204,30,1171.0
2915.0,37,411.0,5.956521739130435,3.795211830488396,18,535.0,0.26749509021460877,19,503.0,0.0709445240124507,37,1038.0
2920.0,37,460.0,6.571428571428571,3.7622334263482546,20,580.0,0.21744519834299877,17,541.0,0.1404738205332799,37,1121.0
2925.0,32,491.0,7.3283582089552235,3.8494028558197506,19,569.0,0.16529081661438658,13,537.0,0.2314537067093813,32,1106.0
2930.0,34,541.0,8.074626865671641,3.5999624535788874,20,530.0,0.07450770760474074,14,548.0,0.26343502141639735,34,1078.0
2935.0,36,577.0,8.126760563380282,3.9089255720585787,20,576.0,0.1343225636137758,16,509.0,0.2781064253694568,36,1085.0
2940.0,32,604.0,8.882352941176471,3.8964585371985994,15,581.0,0.17383500597088694,17,526.0,0.2479283670877026,32,1107.0
2945.0,38,702.0,10.636363636363637,3.1821028481465636,18,633.0,0.13630569666620249,20,501.0,0.1849996001744142,38,1134.0
2950.0,42,775.0,11.397058823529411,2.9583212863351602,20,653.0,0.19282143584818728,22,553.0,0.145818452078348,42,1206.0
2955.0,35,785.0,11.214285714285714,3.235418807654083,20,676.0,0.17248120543903173,15,536.0,0.17788583078526982,35,1212.0
2960.0,32,808.0,11.882352941176471,3.9027170912659415,20,671.0,0.14181973111286844,12,528.0,0.32220023930779584,32,1199.0
2965.0,35,880.0,12.054794520547945,4.030098732632395,17,697.0,0.18113981717542701,18,556.0,0.2945562157700496,35,1253.0
2970.0,35,896.0,12.444444444444445,3.5379773027141166,15,652.0,0.2475165243521366,20,593.0,0.175415888998392,35,1245.0
2975.0,40,990.0,13.2,3.866083119888884,15,680.0,0.3037242242482561,25,662.0,0.17374757180899722,40,1342.0
2980.0,44,1118.0,14.519480519480519,3.300095553497762,20,725.0,0.22726895516391493,24,722.0,0.17057276020991752,44,1447.0
2985.0,39,1138.0,14.405063291139241,3.496415689457937,20,779.0,0.17172180308678817,19,705.0,0.21598804822290582,39,1484.0
2990.0,28,895.0,11.623376623376624,4.768112261683934,15,780.0,0.20705225244181297,13,516.0,0.2900821874798366,28,1296.0
2995.0,25,448.0,5.894736842105263,4.687071518874433,12,600.0,0.2632822129018627,13,327.0,0.20805735453462193,25,927.0
3000.0,31,395.0,5.266666666666667,4.200575765918621,13,402.0,0.2542829253741388,18,367.0,0.12479090875544589,31,769.0
3005.0,38,487.0,6.407894736842105,3.934230173079255,18,449.0,0.22376378178126277,20,419.0,0.1879569448798401,38,868.0
3010.0,31,570.0,7.5,4.60644072853501,13,470.0,0.27161772564132913,18,468.0,0.21173421441281814,31,938.0
3015.0,30,555.0,7.5,4.528893627339493,11,418.0,0.24736839305242642,19,534.0,0.19308352785100388,30,952.0
3020.0,40,558.0,7.246753246753247,4.1312928428736875,15,323.0,0.18349150226649177,25,581.0,0.18243687266161576,40,904.0
3025.0,42,610.0,8.356164383561644,3.469759112616774,19,383.0,0.131976073282757,23,597.0,0.22237852995528776,42,980.0
3030.0,36,596.0,8.054054054054054,3.8856599757374384,13,403.0,0.2225215223032244,23,611.0,0.1834504530975792,36,1014.0
3035.0,28,471.0,6.4520547945205475,4.810527938443184,11,422.0,0.30273654085883495,17,523.0,0.17213309537300564,28,945.0
3040.0,22,384.0,5.1891891891891895,5.465352833472521,7,316.0,0.34467449778193776,15,549.0,0.178155756135834,22,865.0
3045.0,26,346.0,4.739726027397261,4.988496303705675,11,263.0,0.21434998579444473,15,544.0,0.19658896472474363,26,807.0
3050.0,31,320.0,4.507042253521127,4.68387842120691,13,253.0,0.26901306804073283,18,539.0,0.2568553968286292,31,792.0
3055.0,28,369.0,5.507462686567164,4.930674923858824,14,219.0,0.2587183771500065,14,479.0,0.28416210047734813,28,698.0
3060.0,31,423.0,6.313432835820896,4.28873256445322,14,240.0,0.2297331541619525,17,513.0,0.22890617396589152,31,753.0
3065.0,24,418.0,6.333333333333333,4.757637110155232,5,205.0,0.38605377701615445,19,534.0,0.09083621825719083,24,739.0
3070.0,29,316.0,4.861538461538461,4.044206857752304,7,164.0,0.321649302681503,22,548.0,0.09873392702391984,29,712.0
3075.0,34,393.0,5.779411764705882,4.9525917086425935,12,162.0,0.22423220716016704,22,561.0,0.22511214965247647,34,723.0
3080.0,34,452.0,6.848484848484849,4.548209372007902,15,215.0,0.23309352309887305,19,579.0,0.26284466351229707,34,794.0
3085.0,25,386.0,5.848484848484849,4.7009004673655665,14,259.0,0.2970865583070143,11,521.0,0.2230545906227571,25,780.0
3090.0,26,429.0,6.5,4.853799936211257,13,264.0,0.17241478936204432,13,494.0,0.34454257166686686,26,758.0
3095.0,21,305.0,4.621212121212121,5.242979788583531,9,205.0,0.13113145124256576,12,433.0,0.3065724419920022,21,638.0
3100.0,22,239.0,3.918032786885246,5.243135923952232,7,174.0,0.32964264626476614,15,357.0,0.23921239736065222,22,531.0
3105.0,31,346.0,5.9655172413793105,4.196512183231859,13,199.0,0.22079238253516198,18,401.0,0.16589763373571623,31,600.0
3110.0,26,410.0,7.454545454545454,3.8084797194297466,9,208.0,0.17621699486160675,17,422.0,0.15395321549241617,26,630.0
3115.0,22,385.0,6.875,4.569027036092463,7,180.0,0.22535251890256963,15,405.0,0.11293252138442685,22,585.0
3120.0,22,373.0,6.660714285714286,5.502484305802954,5,169.0,0.3354524929594823,17,399.0,0.15112611329560827,22,568.0
3125.0,28,355.0,6.016949152542373,5.6681344496714505,8,145.0,0.3958221823181235,20,409.0,0.22302557301226464,28,554.0
3130.0,20,316.0,5.962264150943396,5.484650491574925,6,160.0,0.4374217689636073,14,358.0,0.3144430115121916,20,518.0
3135.0,21,323.0,6.09433962264151,4.851316678014271,7,157.0,0.3506351668169804,14,376.0,0.29797307170504633,21,533.0
3140.0,20,263.0,4.781818181818182,5.052367241662831,6,124.0,0.31688963715786067,14,372.0,0.2166499540832736,20,496.0
3145.0,26,332.0,5.627118644067797,5.986433830201598,7,66.0,0.3645407093454756,19,428.0,0.24292031215903145,26,494.0
3150.0,24,343.0,6.017543859649122,5.77257550021282,5,60.0,0.45573486062165985,19,460.0,0.2172982221240952,24,520.0
3155.0,22,403.0,7.0701754385964914,6.010939679319864,7,93.0,0.40933838288401486,15,480.0,0.3209742099938394,22,573.0
3160.0,23,412.0,7.490909090909091,5.169959743335585,7,95.0,0.3833762622445303,16,494.0,0.29584450670363555,23,589.0
3165.0,21,387.0,6.910714285714286,5.447648402492291,5,86.0,0.5039768288640158,16,486.0,0.20617967922891786,21,572.0
3170.0,20,268.0,4.620689655172414,4.206030392861852,3,63.0,0.445230114597183,17,434.0,0.1102786601115929,20,497.0
3175.0,27,233.0,3.8833333333333333,4.959389076527107,9,74.0,0.42226103815825705,18,381.0,0.13870500758981402,27,455.0
3180.0,27,284.0,4.655737704918033,4.7038926317777765,10,118.0,0.4412411542538253,17,413.0,0.1612133555545663,27,531.0
3185.0,30,367.0,5.825396825396825,4.9382780617163915,14,180.0,0.31327223934190385,16,412.0,0.24472988547203336,30,592.0
3190.0,34,429.0,6.809523809523809,4.212517356838391,15,203.0,0.27846555790317007,19,450.0,0.23635679186313432,34,653.0
3195.0,26,430.0,6.71875,4.911595246895976,8,189.0,0.3220065861161531,18,458.0,0.24442112581772957,26,647.0
3200.0,30,528.0,8.516129032258064,3.847935139171987,11,234.0,0.2661137263713301,19,481.0,0.1327731991151723,30,715.0
3205.0,35,590.0,9.21875,3.1231461431484395,16,308.0,0.14518441121746514,19,487.0,0.12688715026787745,35,795.0
3210.0,33,527.0,7.75,3.3161728014523177,18,356.0,0.16728550803336156,15,458.0,0.20449025276540475,33,814.0
3215.0,23,417.0,6.043478260869565,4.884568628111926,13,369.0,0.226892317934462,10,338.0,0.3007775801517996,23,707.0
3220.0,23,295.0,4.214285714285714,5.1372899211793595,8,300.0,0.3157312859536093,15,360.0,0.23121835731665144,23,660.0
3225.0,31,363.0,4.84,5.15357301144912,12,238.0,0.3364847523668922,19,396.0,0.2331784998954614,31,634.0
3230.0,34,377.0,5.236111111111111,4.203153727647699,15,236.0,0.31632279279743813,19,431.0,0.21499556832392464,34,667.0
3235.0,30,421.0,6.101449275362318,4.75019427610921,15,238.0,0.29737607264377386,15,420.0,0.27878145002313454,30,658.0
3240.0,32,507.0,7.3478260869565215,4.123539282250192,16,261.0,0.17070713522533246,16,476.0,0.2750785062130957,32,737.0
3245.0,30,449.0,6.1506849315068495,4.680541369344973,15,245.0,0.2117155914643055,15,482.0,0.2383688346703892,30,727.0
3250.0,24,358.0,4.972222222222222,5.170535512025042,11,282.0,0.30346598792513274,13,441.0,0.23798971063236002,24,723.0
3255.0,31,399.0,5.541666666666667,5.371564617294497,19,328.0,0.22816405831620062,12,465.0,0.3824631437686623,31,793.0
3260.0,29,480.0,7.164179104477612,4.4625358191597035,17,367.0,0.20700973222531488,12,477.0,0.3692105210181831,29,844.0
3265.0,27,511.0,7.861538461538461,3.9271939822881623,14,349.0,0.23356562728507024,13,510.0,0.2551214120863928,27,859.0
3270.0,30,575.0,8.582089552238806,3.7490061252946836,13,346.0,0.20752362543357677,17,554.0,0.13425213507684677,30,900.0
3275.0,33,582.0,8.686567164179104,3.79836825630904,17,379.0,0.16202303893865308,16,575.0,0.1636469749110549,33,954.0
3280.0,34,634.0,9.323529411764707,3.7528299179560394,18,437.0,0.19029272210577353,16,601.0,0.20040200730976712,34,1038.0
3285.0,38,529.0,7.666666666666667,3.815299081431085,23,533.0,0.23037429683344232,15,510.0,0.2410370795522324,38,1043.0
3290.0,39,629.0,9.388059701492537,3.5958964424601034,24,614.0,0.22480770610105003,15,418.0,0.25144786483622056,39,1032.0
3295.0,39,729.0,10.720588235294118,3.6156665808054247,23,656.0,0.2522786751822718,16,463.0,0.2082069442215424,39,1119.0
3300.0,44,733.0,10.180555555555555,2.6470366633335445,23,688.0,0.15547301037968544,21,487.0,0.17082896213095874,44,1175.0
3305.0,37,595.0,8.26388888888889,2.9372548162879233,21,644.0,0.18486654002656053,16,518.0,0.16919625047309278,37,1162.0
3310.0,31,633.0,9.173913043478262,4.040487642337706,18,627.0,0.20609058876626274,13,498.0,0.23357663000585652,31,1125.0
3315.0,26,517.0,7.602941176470588,4.572471517772618,16,576.0,0.18443132761718875,10,441.0,0.25424548871388103,26,1017.0
3320.0,32,367.0,5.097222222222222,3.928283752099885,18,514.0,0.12920269148700952,14,344.0,0.20828378605656647,32,858.0
3325.0,34,368.0,5.111111111111111,4.401040586754574,20,529.0,0.2190208312738174,14,328.0,0.3533744346861467,34,857.0
3330.0,31,420.0,5.7534246575342465,4.825713260958344,19,546.0,0.19421389246409365,12,328.0,0.4630557158616055,31,874.0
3335.0,34,437.0,5.826666666666667,4.372206796917607,20,531.0,0.23995197501939647,14,336.0,0.3332376407802397,34,867.0
3340.0,32,445.0,6.095890410958904,4.031323159109411,21,556.0,0.1974593753536278,11,307.0,0.23809227231223548,32,863.0
3345.0,31,377.0,5.164383561643835,4.081334149381231,17,526.0,0.17130470948050902,14,284.0,0.19932548398944677,31,810.0
3350.0,29,386.0,5.361111111111111,4.536384922735562,16,522.0,0.24001200646065424,13,275.0,0.17883343441562655,29,797.0
3355.0,34,462.0,6.328767123287672,4.396864661667463,15,506.0,0.23022765643897009,19,323.0,0.19172847139064028,34,829.0
3360.0,35,548.0,7.71830985915493,4.047429098562723,19,545.0,0.2481212632345976,16,369.0,0.24642744703612596,35,914.0
3365.0,30,588.0,8.4,4.416238687902758,21,584.0,0.23201698092945833,9,390.0,0.3337070419212144,30,974.0
3370.0,35,477.0,6.913043478260869,3.635590636553308,24,556.0,0.15942524570005448,11,392.0,0.2717247628503725,35,948.0
3375.0,41,639.0,8.875,3.6991966895652757,25,606.0,0.1741144575470174,16,428.0,0.21423639756039967,41,1034.0
3380.0,42,699.0,9.32,3.5099870586384685,25,626.0,0.16853554365159162,17,469.0,0.2507891998020419,42,1095.0
3385.0,25,554.0,7.486486486486487,5.106560693282817,16,551.0,0.22164004064896692,9,445.0,0.3493358464881868,25,996.0
3390.0,21,542.0,7.424657534246576,5.387233766248677,12,455.0,0.2733663963364913,9,434.0,0.2921563573990459,21,889.0
3395.0,27,547.0,7.493150684931507,4.831135288038687,13,419.0,0.29235468799185604,14,475.0,0.18543350526518035,27,894.0
3400.0,37,587.0,8.04109589041096,3.6322349007815817,19,443.0,0.2037782642788174,18,524.0,0.21664731187467984,37,967.0
3405.0,33,650.0,9.154929577464788,4.269474149558682,22,461.0,0.2001912342614307,11,541.0,0.284623916849033,33,1002.0
3410.0,31,516.0,7.068493150684931,4.3039353309287245,21,512.0,0.16743107438514085,10,458.0,0.32080349949697784,31,970.0
3415.0,34,411.0,5.407894736842105,4.64199863947713,22,580.0,0.1899188823263921,12,317.0,0.2932311385287073,34,897.0
3420.0,36,433.0,5.623376623376624,4.064727077053752,20,584.0,0.22112268424229298,16,358.0,0.21692775720667098,36,942.0
3425.0,25,290.0,3.918918918918919,4.396774471161519,13,494.0,0.2761158443190742,12,376.0,0.19629582041296234,25,870.0
3430.0,29,294.0,3.972972972972973,4.324605046951917,13,472.0,0.2117984234611859,16,403.0,0.22745196202549522,29,875.0
3435.0,40,387.0,5.025974025974026,3.9220994154330677,19,433.0,0.12326042663752426,21,468.0,0.22032835559144548,40,901.0
3440.0,37,506.0,6.837837837837838,3.4891862767254467,18,451.0,0.18719612593736368,19,526.0,0.2208072784707442,37,977.0
3445.0,31,563.0,7.712328767123288,4.769322253864581,14,400.0,0.28360642186329343,17,550.0,0.25849137845617853,31,950.0
3450.0,29,554.0,7.486486486486487,4.176175152365312,12,406.0,0.15192660443822467,17,530.0,0.24244765636077392,29,936.0
3455.0,35,579.0,7.72,4.52200270438833,17,424.0,0.13267758170968177,18,485.0,0.26426197145093555,35,909.0
3460.0,38,659.0,8.905405405405405,3.9930472614179933,17,447.0,0.202676433844594,21,547.0,0.2109220384025054,38,994.0
3465.0,34,767.0,10.80281690140845,3.9727248679688723,14,474.0,0.24089557463936426,20,601.0,0.13943583147044522,34,1075.0
3470.0,38,706.0,9.67123287671233,3.958132864693111,13,393.0,0.2174120765695346,25,663.0,0.14942871355366294,38,1056.0
3475.0,30,579.0,7.824324324324325,5.197434088793914,14,343.0,0.24913567866468533,16,661.0,0.2313272606697072,30,1004.0
3480.0,32,400.0,5.47945205479452,4.558634793529079,16,364.0,0.22363179825741877,16,565.0,0.23766874033968738,32,929.0
3485.0,35,405.0,5.4,4.533313896789375,15,369.0,0.25992833908647933,20,519.0,0.24694906776559197,35,888.0
3490.0,39,489.0,6.434210526315789,4.008161280654746,17,393.0,0.2658957471793408,22,574.0,0.28118387948168416,39,967.0
3495.0,27,514.0,6.8533333333333335,5.070975133884587,11,375.0,0.2961613229812364,16,591.0,0.30067537431754915,27,966.0
3500.0,27,555.0,7.207792207792208,4.1663132057379935,11,384.0,0.22242914118425441,16,606.0,0.17354008237503543,27,990.0
3505.0,35,680.0,8.5,4.151226104225863,15,394.0,0.2006507681217837,20,654.0,0.17065898576211627,35,1048.0
3510.0,45,717.0,9.311688311688311,3.2653207847549375,20,445.0,0.2187649513521314,25,630.0,0.18768223700177056,45,1075.0
3515.0,35,611.0,8.48611111111111,3.9888488927306565,13,463.0,0.2684308583116803,22,577.0,0.23063690288323732,35,1040.0
3520.0,34,489.0,6.52,3.0365311323284967,13,404.0,0.2383702386825275,21,635.0,0.13113376618044106,34,1039.0
3525.0,29,413.0,5.294871794871795,4.059382009807415,13,286.0,0.21678261836409868,16,647.0,0.20867316576491862,29,933.0
3530.0,32,499.0,6.160493827160494,4.061765461240911,15,325.0,0.17411312888195082,17,642.0,0.23452916430121926,32,967.0
3535.0,34,572.0,7.061728395061729,4.78433423146069,13,338.0,0.25838134513395916,21,598.0,0.2303980575775445,34,936.0
3540.0,33,476.0,6.2631578947368425,4.097618726340345,12,351.0,0.2947908533655276,21,599.0,0.19597336339378088,33,950.0
3545.0,45,609.0,8.013157894736842,3.234950821854319,19,396.0,0.24612220907957202,26,621.0,0.15459162770587898,45,1017.0
3550.0,44,684.0,8.883116883116884,3.1041172367612755,18,431.0,0.27104778490511766,26,650.0,0.17064141271700398,44,1081.0
3555.0,38,692.0,9.226666666666667,3.621495971255756,19,436.0,0.21604657338679298,19,640.0,0.17964653703745156,38,1076.0
3560.0,39,765.0,9.935064935064934,3.746028380666537,20,487.0,0.15555446044138674,19,643.0,0.21434737634857226,39,1130.0
3565.0,34,711.0,9.355263157894736,3.6883554669973706,14,481.0,0.2130516043213902,20,624.0,0.08098360957033514,34,1105.0
3570.0,34,789.0,10.808219178082192,4.209231402322975,11,468.0,0.3675668837911971,23,675.0,0.06485706360689134,34,1143.0
3575.0,26,825.0,11.956521739130435,4.180501357575168,9,460.0,0.23558484941223,17,666.0,0.10616694526881244,26,1126.0
3580.0,29,708.0,10.411764705882353,4.570359887073345,14,496.0,0.14611238337949942,15,557.0,0.230697486083835,29,1053.0
3585.0,27,616.0,9.777777777777779,4.865758704716242,16,532.0,0.2551887068654943,11,390.0,0.24625486468930177,27,922.0
3590.0,29,602.0,9.40625,5.220975629723639,17,562.0,0.31814567410911515,12,383.0,0.25522224747223404,29,945.0
3595.0,27,377.0,6.180327868852459,4.796905249669367,14,386.0,0.24542220746172488,13,372.0,0.303230364260271,27,758.0
3600.0,31,426.0,6.65625,5.113046643575855,18,335.0,0.22673450226862263,13,368.0,0.3548833618897356,31,703.0
3605.0,27,354.0,5.53125,4.7651017951194365,16,339.0,0.23822893162514072,11,328.0,0.3528354231950368,27,667.0
3610.0,26,179.0,2.712121212121212,4.840306985128423,12,261.0,0.3045351444157419,14,330.0,0.2521103961726658,26,591.0
3615.0,17,187.0,3.0161290322580645,5.680893126298186,6,181.0,0.32948430286043,11,311.0,0.2912186053101498,17,492.0
3620.0,20,238.0,3.6615384615384614,4.772357667693669,5,162.0,0.2535963607341568,15,323.0,0.21843387295072514,20,485.0
3625.0,30,352.0,5.5,4.79538311156129,12,203.0,0.20232555652766376,18,326.0,0.27035694003479904,30,529.0
3630.0,31,356.0,5.836065573770492,4.304311570427132,14,212.0,0.23222987365733158,17,367.0,0.29639893082349955,31,579.0
3635.0,27,423.0,7.169491525423729,4.755067819781475,15,280.0,0.21737035225560164,12,363.0,0.30853600904797873,27,643.0
3640.0,30,422.0,6.806451612903226,3.734600471286958,16,302.0,0.22597346608815833,14,367.0,0.19514090688168714,30,669.0
3645.0,20,331.0,5.610169491525424,4.4884484296361995,6,242.0,0.23636074244755337,14,347.0,0.15572058525917332,20,589.0
3650.0,22,196.0,3.3220338983050848,4.22721525661697,5,180.0,0.2568064381409656,17,322.0,0.13935320067575424,22,502.0
3655.0,25,176.0,2.8852459016393444,4.8691368374371224,8,152.0,0.2717327684565863,17,276.0,0.19572338357333657,25,428.0
3660.0,24,230.0,4.107142857142857,4.660580552866388,11,145.0,0.32455098394000675,13,312.0,0.25368463895392745,24,457.0
3665.0,17,249.0,4.368421052631579,5.599170444785917,4,97.0,0.2878492567714796,13,327.0,0.27503021659622373,17,424.0
3670.0,18,281.0,4.683333333333334,4.72574010663247,4,87.0,0.3032544247770464,14,371.0,0.16994025614048183,18,458.0
3675.0,30,410.0,6.3076923076923075,5.151171750403188,12,133.0,0.2976689787969686,18,454.0,0.17875588751090177,30,587.0
3680.0,30,498.0,8.163934426229508,4.53347070227284,14,163.0,0.2853813206656255,16,503.0,0.26603259827392217,30,666.0
3685.0,24,528.0,8.655737704918034,4.847087572794125,9,159.0,0.39048817394045787,15,504.0,0.18231542639057108,24,663.0
3690.0,23,411.0,6.85,5.151169693114205,6,133.0,0.4524843087266359,17,469.0,0.16370147527618834,23,602.0
3695.0,23,321.0,5.262295081967213,5.51880305772283,11,171.0,0.2725371398857285,12,323.0,0.27325465315270026,23,494.0
3700.0,25,221.0,3.507936507936508,4.8677458896333405,14,165.0,0.20437164445296735,11,314.0,0.28033632931934666,25,479.0
3705.0,23,211.0,3.459016393442623,5.227780918049155,14,181.0,0.1945814643016204,9,258.0,0.31229414582095955,23,439.0
3710.0,28,284.0,4.655737704918033,5.512812882947153,15,217.0,0.26872103274040654,13,261.0,0.308996072044507,28,478.0
3715.0,18,230.0,3.8983050847457625,6.2666038372760156,8,195.0,0.3366804614050112,10,269.0,0.3429940296212064,18,464.0
3720.0,17,219.0,4.132075471698113,6.158398207462091,6,137.0,0.34794962321995293,11,307.0,0.2838872969058711,17,444.0
3725.0,23,287.0,5.415094339622642,5.647351829979219,11,146.0,0.29645449541686425,12,353.0,0.3239676640868896,23,499.0
3730.0,23,335.0,6.7,4.71200813611881,10,148.0,0.29341996604105175,13,394.0,0.25307004098262903,23,542.0
3735.0,23,306.0,6.12,5.340331328307557,13,183.0,0.23423162370909006,10,305.0,0.3807577301004615,23,488.0
3740.0,22,352.0,6.6415094339622645,5.486309531251042,13,248.0,0.24431581239838748,9,237.0,0.3873719065797107,22,485.0
3745.0,28,374.0,7.1923076923076925,4.277971330441085,18,327.0,0.20826759113113005,10,187.0,0.33966011691445575,28,514.0
3750.0,28,327.0,6.055555555555555,4.211315693912673,15,333.0,0.26398383446648993,13,167.0,0.26379101103296143,28,500.0
3755.0,23,320.0,5.517241379310345,4.629327105443184,10,246.0,0.35030793274525585,13,182.0,0.17623752218057234,23,428.0
3760.0,24,362.0,6.033333333333333,5.293224886517942,10,259.0,0.37991458563229535,14,244.0,0.20235983643825123,24,503.0
3765.0,25,381.0,6.245901639344262,5.416665692501898,12,249.0,0.29488283738252796,13,284.0,0.3133742848761467,25,533.0
3770.0,28,476.0,7.80327868852459,4.516931156213798,14,268.0,0.2057729248671052,14,317.0,0.31627305575080294,28,585.0
3775.0,23,423.0,6.934426229508197,4.318949729651283,12,278.0,0.22357733112971492,11,305.0,0.273775367227112,23,583.0
3780.0,22,392.0,6.030769230769231,5.965366174593943,14,313.0,0.30422044615741783,8,218.0,0.2915037284969225,22,531.0
3785.0,19,202.0,3.15625,6.12513712584493,11,259.0,0.3427753698544469,8,175.0,0.2693070012096368,19,434.0
3790.0,25,257.0,4.079365079365079,6.121363422783669,12,245.0,0.3200362878252399,13,176.0,0.2901102249021909,25,421.0
3795.0,26,296.0,5.103448275862069,5.099484133524715,15,268.0,0.3031801657442185,11,214.0,0.3018728360230212,26,482.0
3800.0,23,317.0,5.4655172413793105,5.46272226158205,10,245.0,0.3781848872666944,13,248.0,0.2954882778588366,23,493.0
3805.0,22,308.0,5.310344827586207,4.742809853015561,8,263.0,0.30945077965347634,14,228.0,0.3208888636589635,22,491.0
3810.0,19,288.0,4.9655172413793105,5.835156017320103,12,280.0,0.2985188640487358,7,171.0,0.3744801673333465,19,451.0
3815.0,16,199.0,3.4310344827586206,5.906570943290939,9,220.0,0.29191945256598834,7,148.0,0.31432568789523885,16,368.0
3820.0,20,198.0,3.473684210526316,6.180207531189099,10,160.0,0.291577430315482,10,147.0,0.2537708973670077,20,307.0
3825.0,21,275.0,5.188679245283019,6.511940899281607,12,205.0,0.3416156556454434,9,176.0,0.4127590982782654,21,381.0
3830.0,22,283.0,5.4423076923076925,5.689846049216356,15,270.0,0.271349507489885,7,147.0,0.45170899323270924,22,417.0
3835.0,17,264.0,5.176470588235294,5.932733453781474,11,257.0,0.3378049990348989,6,104.0,0.43199804152765536,17,361.0
3840.0,18,222.0,4.269230769230769,5.320176943186038,10,216.0,0.30092457566908254,8,99.0,0.34816728097152166,18,315.0
3845.0,22,209.0,3.8703703703703702,4.307519888661067,11,228.0,0.19922680091641923,11,112.0,0.31133611852072246,22,340.0
3850.0,18,141.0,2.5636363636363635,5.455349544412458,8,175.0,0.3078687995166677,10,112.0,0.3633553748205615,18,287.0
3855.0,18,187.0,3.280701754385965,6.6185100905724354,9,168.0,0.35181138596905265,9,107.0,0.31174925516476404,18,275.0
3860.0,16,155.0,2.767857142857143,5.991332993144931,8,163.0,0.19891147286918673,8,95.0,0.2943017453543396,16,258.0
3865.0,20,205.0,3.727272727272727,6.158048485250746,11,187.0,0.2591144658534758,9,105.0,0.3620924383945105,20,292.0
3870.0,21,210.0,3.8181818181818183,5.549653919973614,9,184.0,0.37279106325688466,12,139.0,0.3198788985393496,21,323.0
3875.0,21,287.0,5.627450980392157,5.5959381453640615,10,221.0,0.3791153463881042,11,164.0,0.3645997780029826,21,385.0
3880.0,22,254.0,4.535714285714286,4.371239141974237,9,226.0,0.3251573565236166,13,189.0,0.26821191310301307,22,415.0
3885.0,19,250.0,4.310344827586207,5.494483474528137,6,173.0,0.41059730492954716,13,184.0,0.21739517150134388,19,357.0
3890.0,23,249.0,4.368421052631579,5.184007938812959,9,132.0,0.33284974272613327,14,225.0,0.15172179622332954,23,357.0
3895.0,30,371.0,6.183333333333334,4.896486527284962,13,138.0,0.2373969606682159,17,285.0,0.22364695791139003,30,423.0
3900.0,25,408.0,7.285714285714286,4.425162903564037,11,160.0,0.2934025100461786,14,321.0,0.2629099808778065,25,481.0
3905.0,26,440.0,8.148148148148149,4.961804578643427,11,170.0,0.3730443826724164,15,340.0,0.26908021131056964,26,510.0
3910.0,24,446.0,8.10909090909091,4.321332077254165,9,180.0,0.3274160453529124,15,375.0,0.17039592571697437,24,555.0
3915.0,24,487.0,8.696428571428571,5.122786167070286,10,195.0,0.35777952237478405,14,397.0,0.21433384019328186,24,592.0
3920.0,18,210.0,3.75,5.2122688569218445,7,154.0,0.36530633472716934,11,326.0,0.26844319823975704,18,480.0
3925.0,22,226.0,3.896551724137931,6.121531142970609,10,116.0,0.37787543271632845,12,233.0,0.38429843744262104,22,349.0
3930.0,27,279.0,4.894736842105263,4.968100104940115,12,157.0,0.36993622008996313,15,271.0,0.30425998129211906,27,428.0
3935.0,25,352.0,5.966101694915254,4.560966684425509,9,199.0,0.30353715967291917,16,317.0,0.28950018018635965,25,516.0
3940.0,30,367.0,5.919354838709677,3.575850198191722,11,201.0,0.2375143973262255,19,356.0,0.23117884871814848,30,557.0
3945.0,23,352.0,5.253731343283582,5.225603563634481,9,186.0,0.2715416501138592,14,358.0,0.31518426637824754,23,544.0
3950.0,24,309.0,4.352112676056338,4.981777339697277,11,219.0,0.23075150027003347,13,325.0,0.2693775356487372,24,544.0
3955.0,33,374.0,4.857142857142857,5.392135322196673,17,286.0,0.2959253852191135,16,309.0,0.22959844478731148,33,595.0
3960.0,30,461.0,6.22972972972973,5.383566635364324,12,317.0,0.3980477544755153,18,312.0,0.22573606786370318,30,629.0
3965.0,23,494.0,6.957746478873239,5.280670043926071,10,323.0,0.39679588307164304,13,316.0,0.17095822111720574,23,639.0
3970.0,28,357.0,4.824324324324325,4.641746463865356,10,248.0,0.2763653337239681,18,351.0,0.16594557204217006,28,599.0
3975.0,35,464.0,6.105263157894737,4.853738438428474,17,223.0,0.22598150507204617,18,380.0,0.2174828669095219,35,603.0
3980.0,37,493.0,6.662162162162162,4.553778300941886,16,224.0,0.25475908902633754,21,441.0,0.2551338795886752,37,665.0
3985.0,29,538.0,7.472222222222222,4.5071312870277,14,202.0,0.24551232084591057,15,485.0,0.26400313613214244,29,687.0
3990.0,31,506.0,6.746666666666667,4.330028968834229,13,223.0,0.25437685822207246,18,489.0,0.20395186954621558,31,712.0
3995.0,25,431.0,5.746666666666667,5.091130693487401,7,187.0,0.3111556600855446,18,487.0,0.19810081758247525,25,674.0
4000.0,28,518.0,7.0,4.612873999820145,7,187.0,0.371056280964438,21,550.0,0.12306921845156664,28,737.0
4005.0,28,571.0,8.157142857142857,5.12707225471417,11,206.0,0.31055800347143986,17,583.0,0.21325317276065814,28,789.0
4010.0,30,362.0,5.402985074626866,3.9351189953027013,14,214.0,0.10571171816460703,16,503.0,0.2178407037577425,30,717.0
4015.0,34,417.0,6.132352941176471,4.354060752828535,17,292.0,0.18778783121113998,17,384.0,0.24763459609378782,34,676.0
4020.0,33,483.0,7.318181818181818,4.3244355516334565,14,310.0,0.30436761356163083,19,440.0,0.21072661865572037,33,750.0
4025.0,22,444.0,6.7272727272727275,4.88170094363479,7,243.0,0.33605806617729045,15,456.0,0.1848639077138604,22,699.0
4030.0,21,345.0,5.2272727272727275,4.970985461032964,4,172.0,0.3737637661212059,17,477.0,0.07336820861731401,21,649.0
4035.0,33,421.0,6.1911764705882355,4.61917405192056,12,204.0,0.2770445608915874,21,464.0,0.08676813854886874,33,668.0
4040.0,36,430.0,6.515151515151516,3.6705190116274222,16,224.0,0.2419537235343166,20,467.0,0.16380752976600968,36,691.0
4045.0,27,423.0,6.313432835820896,4.520242716242842,11,221.0,0.3319892007511453,16,426.0,0.19058644597262756,27,647.0
4050.0,25,399.0,5.619718309859155,4.600844704032979,12,229.0,0.3684481825331549,13,443.0,0.1216551521178611,25,672.0
4055.0,26,336.0,4.602739726027397,5.437028746077156,14,213.0,0.35878357689483104,12,412.0,0.2224482356109415,26,625.0
4060.0,27,243.0,3.4225352112676055,4.801498101633221,17,251.0,0.2296505818439568,10,344.0,0.31165294934783044,27,595.0
4065.0,30,298.0,4.197183098591549,4.991145650835153,20,286.0,0.220479500517056,10,273.0,0.3823003092535541,30,559.0
4070.0,36,367.0,5.169014084507042,4.06902488776684,23,344.0,0.23587680349831328,13,267.0,0.27444845664021894,36,611.0
4075.0,31,364.0,5.2,4.83214300471489,17,365.0,0.26080371390375556,14,258.0,0.3335230438630767,31,623.0
4080.0,33,418.0,5.726027397260274,3.994137724202316,18,423.0,0.22948915579385323,15,266.0,0.15919431919878108,33,689.0
4085.0,42,600.0,8.108108108108109,3.860665140272706,24,525.0,0.19473425934865132,18,318.0,0.16719306322902835,42,843.0
4090.0,41,645.0,8.958333333333334,3.945703082179515,27,595.0,0.1413129003175584,14,350.0,0.3021088525096955,41,945.0
4095.0,40,728.0,10.253521126760564,4.012249167602847,28,664.0,0.14508416230957463,12,367.0,0.3434303125167508,40,1031.0
4100.0,42,668.0,8.789473684210526,3.449778820087502,29,718.0,0.17078242973114274,13,321.0,0.2510901482909202,42,1039.0
4105.0,30,479.0,5.9875,4.5485911935573045,24,739.0,0.1686206852016854,6,208.0,0.36747197044226776,30,947.0
4110.0,31,479.0,5.841463414634147,5.3910135488149145,23,774.0,0.2216528845896455,8,143.0,0.42304005754813495,31,917.0
4115.0,26,348.0,4.296296296296297,5.985075057034917,19,704.0,0.18011044026829662,7,160.0,0.5110518486508275,26,864.0
4120.0,26,346.0,4.805555555555555,5.319890270075744,18,670.0,0.17670655187998272,8,193.0,0.3278720794552602,26,863.0
4125.0,34,442.0,6.138888888888889,4.353048169209753,22,721.0,0.13718271191436798,12,243.0,0.23236901321329087,34,964.0
4130.0,34,522.0,7.457142857142857,3.852480188532143,23,747.0,0.12764790413307822,11,294.0,0.2755051997888832,34,1041.0
4135.0,36,499.0,7.338235294117647,3.448137163947062,25,798.0,0.18774586657613096,11,245.0,0.33444710454452126,36,1043.0
4140.0,30,566.0,8.202898550724637,4.369258788316655,20,766.0,0.22616289220786595,10,202.0,0.3570633239548626,30,968.0
4145.0,29,541.0,7.619718309859155,4.468382355941219,18,780.0,0.2610689082266272,11,169.0,0.2859899842190957,29,949.0
4150.0,29,621.0,8.625,4.705518087311398,22,844.0,0.2759704490836366,7,115.0,0.288559923039104,29,959.0
4155.0,36,583.0,8.211267605633802,3.088261772476279,26,851.0,0.16707188314941612,10,103.0,0.24899984094631247,36,954.0
4160.0,38,548.0,7.942028985507246,3.948031256511456,28,808.0,0.1289394549624539,10,131.0,0.3976808139562726,38,939.0
4165.0,34,426.0,6.173913043478261,3.7989625176836395,27,825.0,0.06284756262844837,7,143.0,0.3908599081192798,34,968.0
4170.0,36,539.0,7.7,4.144614080999319,29,840.0,0.10483576084535853,7,151.0,0.40505175224899126,36,991.0
4175.0,35,610.0,8.970588235294118,3.9390352344143973,29,898.0,0.1952088976637627,6,179.0,0.3591780787630352,35,1077.0
4180.0,29,525.0,7.394366197183099,4.797085933052712,21,861.0,0.1795505406374164,8,213.0,0.4346586564837011,29,1074.0
4185.0,28,507.0,7.3478260869565215,5.127041281194503,19,849.0,0.21256085113995624,9,251.0,0.2370697815312319,28,1100.0
4190.0,23,408.0,5.746478873239437,5.090030086812894,17,854.0,0.2055570770770573,6,184.0,0.17871918742743312,23,1038.0
4195.0,31,481.0,6.871428571428571,4.817554911413934,21,885.0,0.23447623028558787,10,193.0,0.26445483183790974,31,1078.0
4200.0,29,444.0,6.7272727272727275,3.854104344347972,23,933.0,0.15563063629203022,6,127.0,0.4459173081049939,29,1060.0
4205.0,25,496.0,7.630769230769231,4.85693630253557,21,919.0,0.1559435358835888,4,89.0,0.5917090085570874,25,1008.0
4210.0,20,412.0,6.338461538461538,4.769825741002474,15,814.0,0.22569638866476155,5,93.0,0.38339684377676153,20,907.0
4215.0,22,299.0,4.333333333333333,4.5049885099577125,15,657.0,0.17032418235153512,7,123.0,0.25519871032657954,22,780.0
4220.0,26,336.0,5.090909090909091,5.05641847899052,18,655.0,0.1910230498565233,8,163.0,0.3553160179663374,26,818.0
4225.0,31,318.0,4.676470588235294,4.705902563311661,25,738.0,0.18341606111988742,6,103.0,0.28805708382948864,31,841.0
4230.0,37,468.0,6.882352941176471,4.2378625033235995,31,873.0,0.13439556673006955,6,86.0,0.41774609855110706,37,959.0
4235.0,35,493.0,7.358208955223881,4.218432075060357,30,923.0,0.13654117954996364,5,66.0,0.5428135654188214,35,989.0
4240.0,29,427.0,5.77027027027027,4.815741416147707,24,908.0,0.17951695424567501,5,54.0,0.4784227763293545,29,962.0
4245.0,27,398.0,5.4520547945205475,5.474056953247328,18,894.0,0.303615680166974,9,59.0,0.3727810927403486,27,953.0
4250.0,21,423.0,5.565789473684211,5.202943677656795,16,846.0,0.21718636203146113,5,74.0,0.3950301263080309,21,920.0
4255.0,28,430.0,5.584415584415584,4.4052435701447425,20,774.0,0.10584947163781347,8,101.0,0.42427532061762535,28,875.0
4260.0,31,356.0,4.45,4.96774554970997,23,790.0,0.1546840169950642,8,105.0,0.49708151605580264,31,895.0
4265.0,34,308.0,3.802469135802469,5.406535793780491,27,793.0,0.23726498378979957,7,107.0,0.5075424020597804,34,900.0
4270.0,34,324.0,4.0,4.606522390098875,24,829.0,0.28649251875925025,10,114.0,0.34401273096894036,34,943.0
4275.0,35,330.0,4.125,4.407218677273596,23,782.0,0.22424811487371413,12,163.0,0.3427124671782712,35,945.0
4280.0,33,307.0,3.6987951807228914,3.7175991925682093,22,830.0,0.19398230510246572,11,131.0,0.1804477364296241,33,961.0
4285.0,35,390.0,4.482758620689655,4.0309340646542156,23,861.0,0.1469405566252683,12,157.0,0.307767540914307,35,1018.0
4290.0,40,429.0,5.107142857142857,3.3019721507617357,29,951.0,0.11142569365920361,11,161.0,0.373769731607744,40,1112.0
4295.0,44,590.0,7.108433734939759,3.862366296562353,37,1080.0,0.021333381756807417,7,145.0,0.515950463739844,44,1225.0
4300.0,50,757.0,9.120481927710843,3.510241739567548,41,1178.0,0.01524135010193739,9,165.0,0.3743233999018169,50,1343.0
4305.0,43,829.0,9.987951807228916,4.275612342726649,31,1184.0,0.07639833103129201,12,219.0,0.23240521049513554,43,1403.0
4310.0,35,791.0,10.272727272727273,4.056946999430423,22,1177.0,0.13328455162548414,13,256.0,0.2366752283490708,35,1433.0
4315.0,33,646.0,8.849315068493151,3.778260100819579,20,1172.0,0.14543961157673235,13,280.0,0.2446183743816909,33,1452.0
4320.0,30,451.0,6.178082191780822,2.8306862918005096,20,1183.0,0.1366554341914579,10,281.0,0.24097111841590413,30,1464.0
4325.0,27,482.0,6.788732394366197,4.414776952980017,17,1123.0,0.19770792031642834,10,263.0,0.366036592178623,27,1386.0
4330.0,26,308.0,4.219178082191781,4.300533317344368,18,1138.0,0.2109960222853255,8,192.0,0.2647395551549837,26,1330.0
4335.0,29,280.0,3.7333333333333334,4.3490523530822545,20,1120.0,0.16675640135478276,9,112.0,0.3249792590878433,29,1232.0
4340.0,36,354.0,4.72,3.680880407351931,27,1141.0,0.1358083957607063,9,120.0,0.3746933148295143,36,1261.0
4345.0,39,429.0,5.644736842105263,4.2235974232222375,33,1111.0,0.10579228721787462,6,121.0,0.5450823244251296,39,1232.0
4350.0,37,464.0,6.105263157894737,4.235847454214192,32,1208.0,0.1451747681806057,5,84.0,0.48425094530510543,37,1292.0
4355.0,41,634.0,7.925,4.241156835671191,35,1319.0,0.15371604277335935,6,77.0,0.4135483697470089,41,1396.0
4360.0,49,705.0,8.8125,3.3961448200123847,38,1389.0,0.15388586133220755,11,99.0,0.2873090857056183,49,1488.0
4365.0,44,662.0,8.379746835443038,3.5981977309477884,32,1349.0,0.1731742011491759,12,137.0,0.2832033638273678,44,1486.0
4370.0,38,600.0,7.6923076923076925,3.2460954929034957,27,1304.0,0.1215830028931361,11,162.0,0.2342675597651985,38,1466.0
4375.0,31,579.0,7.824324324324325,4.4413333663189825,24,1239.0,0.13832899881505903,7,138.0,0.31996540413675617,31,1377.0
4380.0,28,565.0,7.635135135135135,4.346193501144221,20,1311.0,0.15885311465612922,8,114.0,0.24157353808222132,28,1425.0
4385.0,34,696.0,9.534246575342467,4.442069378168341,25,1395.0,0.11874781880059802,9,102.0,0.3258049326493843,34,1497.0
4390.0,34,610.0,8.840579710144928,4.210368390300157,27,1376.0,0.11533280980099547,7,122.0,0.4881374388489415,34,1498.0
4395.0,37,664.0,9.352112676056338,4.60439560972829,29,1369.0,0.09865444303377717,8,158.0,0.45776291398767516,37,1527.0
4400.0,39,646.0,9.228571428571428,3.516975059836707,31,1351.0,0.03554820525179219,8,147.0,0.37243343387383526,39,1498.0
4405.0,36,578.0,8.140845070422536,4.289855840244932,26,1266.0,0.058663319923647594,10,127.0,0.38005395373833856,36,1393.0
4410.0,35,586.0,8.617647058823529,4.182368184124156,26,1184.0,0.12148304931152237,9,96.0,0.31970310555171166,35,1280.0
4415.0,35,620.0,8.857142857142858,4.322698370256924,22,1191.0,0.17960244189408942,13,117.0,0.26984107477208763,35,1308.0
4420.0,27,430.0,6.231884057971015,4.3398375326215906,16,1048.0,0.1863866285996939,11,163.0,0.3186743933551314,27,1211.0
4425.0,22,315.0,4.436619718309859,5.605392020419148,11,890.0,0.24364333674812827,11,182.0,0.33282623418763785,22,1072.0
4430.0,20,335.0,4.785714285714286,6.619645164765118,10,768.0,0.258538015471231,10,224.0,0.4332798973073881,20,992.0
4435.0,25,422.0,6.59375,5.586137694953903,13,720.0,0.1559338978767468,12,282.0,0.39127950124731564,25,1002.0
4440.0,30,461.0,7.813559322033898,3.838764041886095,17,662.0,0.09480784757975728,13,340.0,0.20628401455203263,30,1002.0
4445.0,38,640.0,11.636363636363637,3.1290165107814225,21,756.0,0.1296151359141341,17,417.0,0.1993272351221199,38,1173.0
4450.0,34,607.0,10.116666666666667,3.3499158280838572,19,735.0,0.17998396264280042,15,412.0,0.2193447464844173,34,1147.0
4455.0,21,474.0,7.40625,4.903102352274926,10,581.0,0.3173472768806469,11,374.0,0.23313355123571655,21,955.0
4460.0,14,172.0,2.646153846153846,5.592086886152621,5,497.0,0.3825471321094498,9,290.0,0.27207410033805146,14,787.0
4465.0,19,190.0,2.8358208955223883,5.623082952096026,10,487.0,0.254724130142017,9,176.0,0.38360543584737056,19,663.0
4470.0,24,254.0,3.791044776119403,5.012667268384115,15,451.0,0.22772431651574718,9,184.0,0.3510553348782404,24,635.0
4475.0,23,307.0,4.873015873015873,5.189046119454706,10,345.0,0.2955232368155706,13,203.0,0.3361877791799864,23,548.0
4480.0,26,353.0,5.603174603174603,4.08202764216083,10,261.0,0.306916731349008,16,265.0,0.20888663633012314,26,526.0
4485.0,28,353.0,5.268656716417911,4.333168285166543,13,224.0,0.2596636665646294,15,326.0,0.23128330163449987,28,550.0
4490.0,30,322.0,4.878787878787879,3.497188013021919,15,247.0,0.19910169264073146,15,318.0,0.2011238621310836,30,565.0
4495.0,29,355.0,5.378787878787879,4.555157735307802,14,271.0,0.24344526555045598,15,267.0,0.19914208614560486,29,538.0
4500.0,23,320.0,4.848484848484849,4.4925142942695695,10,248.0,0.18488272005946813,13,312.0,0.22265654662306908,23,560.0
4505.0,33,424.0,6.235294117647059,4.543045567079759,14,234.0,0.11286876965638502,19,378.0,0.24300202308554913,33,612.0
4510.0,32,386.0,6.03125,4.61146413582895,17,272.0,0.19752422351649213,15,372.0,0.2256197001967392,32,644.0
4515.0,30,462.0,7.573770491803279,5.092622186768459,17,343.0,0.2551963155920495,13,283.0,0.24933948404511116,30,626.0
4520.0,30,472.0,7.737704918032787,4.339698978270596,16,378.0,0.2519326660303275,14,295.0,0.20757153277567805,30,673.0
4525.0,20,390.0,6.724137931034483,5.230718644708871,9,344.0,0.2466824063829095,11,290.0,0.27697492977777183,20,634.0
4530.0,15,258.0,4.607142857142857,4.664258066233588,6,255.0,0.23096691837884623,9,246.0,0.20115485564066762,15,501.0
4535.0,17,145.0,2.457627118644068,5.716346218946965,8,194.0,0.2323860435280945,9,201.0,0.33025272148396073,17,395.0
4540.0,22,183.0,3.267857142857143,5.22673377953599,12,194.0,0.25308495362490585,10,233.0,0.35840423972609525,22,427.0
4545.0,15,211.0,3.981132075471698,5.381379547372468,5,150.0,0.3333183244264298,10,257.0,0.3148150581689056,15,407.0
4550.0,18,264.0,5.076923076923077,4.585207412821243,6,136.0,0.34328509305170696,12,266.0,0.1577390904163829,18,402.0
4555.0,25,364.0,6.7407407407407405,4.653595309718778,12,180.0,0.2817100539085444,13,277.0,0.21004935057772123,25,457.0
4560.0,25,357.0,6.611111111111111,3.9819365595815435,14,209.0,0.23838393601567598,11,283.0,0.17695445348455863,25,492.0
4565.0,18,369.0,7.38,5.2537076545785695,8,208.0,0.2823501190043702,10,251.0,0.22458548557659302,18,459.0
4570.0,15,260.0,5.3061224489795915,4.97204013399273,6,143.0,0.2486600915244967,9,267.0,0.20124332027696043,15,410.0
4575.0,20,309.0,6.18,5.118159279892212,11,123.0,0.12641125835150674,9,273.0,0.30068147628486674,20,396.0
4580.0,22,207.0,4.224489795918367,5.3828889149020736,16,187.0,0.16855079371607995,6,168.0,0.4358821537508076,22,355.0
4585.0,21,236.0,4.816326530612245,5.662945278181149,16,248.0,0.23600560585719652,5,99.0,0.4709447546456757,21,347.0
4590.0,22,266.0,5.018867924528302,5.019735991942883,13,268.0,0.24514149284134837,9,124.0,0.3931483792758466,22,392.0
4595.0,16,213.0,3.9444444444444446,5.9984109715214355,5,209.0,0.34191380613148226,11,176.0,0.40260313211510984,16,385.0
4600.0,13,158.0,3.0384615384615383,5.725297814678084,2,124.0,0.44349361349360533,11,193.0,0.24551343526400876,13,317.0
4605.0,20,236.0,4.538461538461538,5.5826172941441135,6,144.0,0.4069978797551328,14,229.0,0.1994241972899057,20,373.0
4610.0,20,198.0,3.7358490566037736,4.271076915887373,9,133.0,0.23936113689222385,11,211.0,0.2232461357834033,20,344.0
4615.0,15,191.0,3.82,5.941807914225056,6,101.0,0.28374941132119214,9,177.0,0.3257878344120037,15,278.0
4620.0,14,163.0,3.196078431372549,5.581196410922128,5,119.0,0.24543341104954752,9,152.0,0.31448340050620843,14,271.0
4625.0,19,210.0,3.888888888888889,5.865727497089177,10,165.0,0.2455084690190941,9,118.0,0.39302087065195107,19,283.0
4630.0,21,237.0,4.5576923076923075,5.4591409380465405,12,191.0,0.3055264673088805,9,136.0,0.4162557278257656,21,327.0
4635.0,18,253.0,5.163265306122449,6.265972653675332,7,183.0,0.4772709325703887,11,134.0,0.31139353275573967,18,317.0
4640.0,17,222.0,4.625,4.1800295976677875,5,157.0,0.32908217286596253,12,159.0,0.12282145688523233,17,316.0
4645.0,24,321.0,6.42,4.49060708344337,10,181.0,0.29257409544336527,14,210.0,0.07844690307756831,24,391.0
4650.0,24,298.0,5.730769230769231,4.328262425914874,13,209.0,0.28933412836820177,11,195.0,0.17910027205637533,24,404.0
4655.0,12,251.0,4.826923076923077,6.199112833257714,6,191.0,0.33546017362406827,6,137.0,0.3496533334480893,12,328.0
4660.0,14,299.0,6.1020408163265305,6.623774156785624,8,206.0,0.34710869144237994,6,130.0,0.2906516445944479,14,336.0
4665.0,17,371.0,7.2745098039215685,6.099872260649128,10,241.0,0.3098454665823715,7,166.0,0.31448804739415637,17,407.0
4670.0,22,311.0,6.479166666666667,5.1642172937555415,17,286.0,0.24955624356125966,5,128.0,0.4409811401123974,22,414.0
4675.0,23,409.0,8.18,5.102845654273992,18,378.0,0.3000136775253544,5,77.0,0.43747858536624923,23,455.0
4680.0,25,402.0,7.3090909090909095,4.626788443147564,19,423.0,0.2874568022636947,6,61.0,0.44375507846590284,25,484.0
4685.0,17,366.0,6.203389830508475,5.404254815412101,12,406.0,0.27962381861473445,5,67.0,0.47952006062175684,17,473.0
4690.0,18,206.0,3.3225806451612905,5.595442087513059,12,270.0,0.3279945291650696,6,95.0,0.4187889655096832,18,365.0
4695.0,26,309.0,4.753846153846154,5.152639362842898,15,261.0,0.29376341977936055,11,144.0,0.32926690282556015,26,405.0
4700.0,32,327.0,5.030769230769231,3.938974292388874,22,329.0,0.1902562083011087,10,153.0,0.3090375249154535,32,482.0
4705.0,34,372.0,5.314285714285714,4.338498781294369,25,384.0,0.15377637812536293,9,137.0,0.40129527315769314,34,521.0
4710.0,30,428.0,5.944444444444445,4.963704407409556,22,430.0,0.2267628817006596,8,161.0,0.39987013457536946,30,591.0
4715.0,28,395.0,5.337837837837838,5.181446085075107,15,411.0,0.25709125761082047,13,187.0,0.33311795109212594,28,598.0
4720.0,29,337.0,4.616438356164384,4.1383395845504465,16,413.0,0.2420533931474373,13,214.0,0.25173497424561614,29,627.0
4725.0,36,441.0,5.88,4.629774082178945,22,420.0,0.2573095508036611,14,274.0,0.23129003528019715,36,694.0
4730.0,38,501.0,6.77027027027027,4.003248393091733,26,486.0,0.1775185653582525,12,294.0,0.3105660236324223,38,780.0
4735.0,36,540.0,7.2,4.203853971839661,27,535.0,0.15090826572527133,9,276.0,0.30759615031853443,36,811.0
4740.0,37,527.0,7.219178082191781,3.8375856100029275,27,649.0,0.10963525359576005,10,194.0,0.3119419182467714,37,843.0
4745.0,40,573.0,7.743243243243243,4.125629118221259,28,712.0,0.12306583499010111,12,176.0,0.31049749077625816,40,888.0
4750.0,35,521.0,7.236111111111111,3.548848116704573,23,677.0,0.1580274839855847,12,199.0,0.16522129374027716,35,876.0
4755.0,31,562.0,8.028571428571428,4.633113580199576,19,653.0,0.1599695196334062,12,206.0,0.2593655232431009,31,859.0
4760.0,25,387.0,5.608695652173913,5.011348102980938,15,587.0,0.15068248816795032,10,169.0,0.2852352377915639,25,756.0
4765.0,31,456.0,6.333333333333333,5.323580819127045,20,530.0,0.14088671458392638,11,196.0,0.38913283382340325,31,726.0
4770.0,32,428.0,6.484848484848484,4.936331807628079,24,583.0,0.18649759520217327,8,188.0,0.4391470145657455,32,771.0
4775.0,30,480.0,7.5,5.443917855158914,22,621.0,0.2578327895449158,8,158.0,0.4839042993681682,30,779.0
4780.0,35,558.0,8.857142857142858,2.969513737778507,23,660.0,0.17198836201575246,12,199.0,0.20206804405345072,35,859.0
4785.0,34,563.0,8.796875,2.811731009919768,18,624.0,0.16194487417459405,16,260.0,0.14328699732093936,34,884.0
4790.0,27,577.0,8.876923076923077,4.190963450037805,14,613.0,0.2676721502801407,13,278.0,0.18007258018846525,27,891.0
4795.0,22,536.0,8.375,5.316499063703895,13,576.0,0.2349232378782805,9,263.0,0.33940128117960067,22,839.0
4800.0,23,314.0,4.984126984126984,4.248487591578366,13,519.0,0.1834578244479352,10,248.0,0.19758466838793534,23,767.0
4805.0,29,320.0,5.0,3.968059462539598,17,557.0,0.1407399965925159,12,205.0,0.2875002944215859,29,762.0
4810.0,37,373.0,5.920634920634921,3.4850328649204365,26,664.0,0.12958118301705973,11,204.0,0.32636741079782033,37,868.0
4815.0,36,438.0,6.84375,3.6412658045525306,24,730.0,0.17389593462596362,12,158.0,0.34188409358603705,36,888.0
4820.0,26,361.0,5.3088235294117645,4.632699214887695,16,699.0,0.21260171726265825,10,163.0,0.32418692646495373,26,862.0
4825.0,21,341.0,5.166666666666667,5.456453359572582,13,675.0,0.27054183386739855,8,127.0,0.27059505290868785,21,802.0
4830.0,17,249.0,3.772727272727273,5.6915529209975055,9,593.0,0.31006865967222097,8,119.0,0.22103038668920683,17,712.0
4835.0,24,283.0,4.564516129032258,5.261013621340336,13,561.0,0.24222805519885898,11,153.0,0.25608104461250064,24,714.0
4840.0,31,319.0,5.5964912280701755,3.7950767102678387,19,597.0,0.11938604771243905,12,156.0,0.28465507614634267,31,753.0
4845.0,23,339.0,5.745762711864407,4.732060562234187,14,592.0,0.1338094216760756,9,172.0,0.34445617211774937,23,764.0
4850.0,19,304.0,5.333333333333333,5.005405119407863,8,500.0,0.303716463377904,11,196.0,0.27410874538034025,19,696.0
4855.0,24,266.0,4.508474576271187,4.887071729727746,12,354.0,0.29380911404662885,12,229.0,0.21824179145343472,24,583.0
4860.0,21,241.0,4.084745762711864,4.034381059832036,12,395.0,0.22617853076316757,9,212.0,0.27738323277411914,21,607.0
4865.0,17,254.0,4.163934426229508,5.454009547322003,8,374.0,0.353032932205001,9,166.0,0.2480911885709583,17,540.0
4870.0,20,237.0,3.485294117647059,5.434776093241721,9,331.0,0.3072925821794535,11,210.0,0.2253449083295329,20,541.0
4875.0,21,313.0,4.408450704225352,6.16922659443578,12,354.0,0.32016535696813336,9,256.0,0.31386174451511833,21,610.0
4880.0,25,346.0,5.242424242424242,5.495224262224301,16,386.0,0.3604796368150505,9,255.0,0.33102622018820593,25,641.0
4885.0,22,343.0,5.532258064516129,4.870569668394008,11,378.0,0.3546315766077069,11,236.0,0.22609058765082463,22,614.0
4890.0,29,384.0,6.295081967213115,3.6267138061106325,12,355.0,0.31792029250647363,17,286.0,0.10563531805598135,29,641.0
4895.0,32,427.0,6.569230769230769,3.7132282635327276,16,393.0,0.22299769455590426,16,318.0,0.23606809452174818,32,711.0
4900.0,27,491.0,7.4393939393939394,4.621459381120147,18,451.0,0.20209437684680953,9,298.0,0.3998467043788502,27,749.0
4905.0,27,531.0,7.585714285714285,5.327562700777548,17,478.0,0.23567222880502445,10,320.0,0.3642132818422858,27,798.0
4910.0,25,412.0,5.802816901408451,5.150044375979148,15,383.0,0.22904808971994275,10,312.0,0.33157851459466786,25,695.0
4915.0,30,274.0,3.859154929577465,4.507924041616043,18,284.0,0.24648107711156578,12,271.0,0.2457345859980381,30,555.0
4920.0,34,404.0,5.534246575342466,4.4631784096646605,18,343.0,0.28275994849324243,16,267.0,0.23847094993602727,34,610.0
4925.0,34,483.0,6.44,4.496286557773896,17,372.0,0.3286434392200583,17,318.0,0.1869780592091511,34,690.0
4930.0,37,557.0,6.8765432098765435,4.605920720579901,19,406.0,0.28916733772618525,18,383.0,0.23589310813923742,37,789.0
4935.0,40,685.0,8.25301204819277,5.040500084862674,23,434.0,0.3132203414268347,17,431.0,0.30968633138818635,40,865.0
4940.0,43,826.0,10.073170731707316,4.1899432890714765,24,514.0,0.23962025693507355,19,436.0,0.2838364363706065,43,950.0
4945.0,44,961.0,11.71951219512195,3.0057317842377325,24,584.0,0.17796185132622874,20,511.0,0.1702853548169736,44,1095.0
4950.0,45,1084.0,12.75294117647059,3.420303335975026,24,624.0,0.18407247308849123,21,595.0,0.14068837786652316,45,1219.0
4955.0,51,1220.0,14.186046511627907,3.243305626087663,26,669.0,0.1657892539457101,25,713.0,0.1107498601645711,51,1382.0
4960.0,49,1202.0,14.30952380952381,2.8939981234871404,26,768.0,0.148059090027013,23,713.0,0.12345479431194396,49,1481.0
4965.0,42,910.0,10.963855421686747,3.011056942840136,26,849.0,0.11570685234366969,16,575.0,0.10089287387199439,42,1424.0
4970.0,33,920.0,10.952380952380953,4.561509563653144,24,933.0,0.18543427443680366,9,488.0,0.25032166135763134,33,1421.0
4975.0,31,645.0,7.5,4.991288791353837,23,877.0,0.19151541277004003,8,490.0,0.2782909534702498,31,1367.0
4980.0,34,475.0,5.654761904761905,4.550980785928589,21,687.0,0.17736687232687934,13,524.0,0.28029705335971,34,1211.0
4985.0,42,617.0,7.345238095238095,4.08379594902593,23,645.0,0.20849708160751296,19,496.0,0.26080763740801094,42,1141.0
4990.0,34,696.0,8.385542168674698,4.391783612474292,23,695.0,0.2316663146992112,11,393.0,0.2892201423880822,34,1088.0
4995.0,38,846.0,10.071428571428571,4.033482313396208,27,818.0,0.15701776060601008,11,326.0,0.2791324885542643,38,1144.0
5000.0,40,750.0,8.620689655172415,3.6582830513289593,27,839.0,0.09517603801066768,13,303.0,0.2821202397775783,40,1142.0
5005.0,41,712.0,8.0,3.692738005470131,23,827.0,0.12140573489423383,18,327.0,0.26964549424724216,41,1154.0
5010.0,46,787.0,8.842696629213483,3.598218129419187,24,870.0,0.16904479283260845,22,403.0,0.26708526884553735,46,1273.0
5015.0,51,781.0,8.875,3.247813427324779,22,910.0,0.1716927185404052,29,509.0,0.19892936444173517,51,1419.0
5020.0,52,707.0,7.684782608695652,2.6800811567209704,18,911.0,0.17277891484097968,34,580.0,0.12061867031026734,52,1491.0
5025.0,45,489.0,5.315217391304348,3.0952508034399844,15,821.0,0.1425917783431553,30,579.0,0.12533704440351695,45,1400.0
5030.0,36,499.0,5.483516483516484,5.12267175674355,14,761.0,0.2430287240091248,22,584.0,0.26157467018260067,36,1345.0
5035.0,30,531.0,5.589473684210526,5.84196570119545,14,729.0,0.20418884300774007,16,580.0,0.3488110098392965,30,1309.0
5040.0,33,426.0,4.630434782608695,4.749784527702001,17,649.0,0.15010912930169537,16,527.0,0.2885953374474869,33,1176.0
5045.0,36,413.0,4.747126436781609,4.256073519192565,16,599.0,0.2702566032028848,20,516.0,0.2627840458467274,36,1115.0
5050.0,42,433.0,5.034883720930233,3.6703096912805084,16,558.0,0.248050902609856,26,577.0,0.196373191224477,42,1135.0
5055.0,50,510.0,5.862068965517241,3.4318494499441345,19,573.0,0.22428463591481437,31,650.0,0.13191794360532896,50,1223.0
5060.0,46,553.0,6.430232558139535,3.1179168686717804,13,529.0,0.2564644433468906,33,745.0,0.050539753101653366,46,1274.0
5065.0,42,569.0,6.616279069767442,3.6832621320707464,15,509.0,0.24426111665047057,27,763.0,0.06804229984297835,42,1272.0
5070.0,38,536.0,6.232558139534884,3.7121107943170317,17,449.0,0.16098710922584347,21,815.0,0.15337996092208633,38,1264.0
5075.0,43,598.0,6.953488372093023,3.661018768680646,19,479.0,0.2384552492862647,24,825.0,0.13352092202135038,43,1304.0
5080.0,44,760.0,9.156626506024097,3.637820880408045,21,531.0,0.2773267335359403,23,868.0,0.17713528786914703,44,1399.0
5085.0,46,837.0,9.964285714285714,3.359237965402423,25,559.0,0.15727384994710142,21,823.0,0.22770622406717414,46,1382.0
5090.0,35,835.0,9.709302325581396,3.901286842781604,19,519.0,0.12573963684279074,16,783.0,0.22512674892122553,35,1302.0
5095.0,36,605.0,6.875,4.474353838781442,17,511.0,0.17256937810082013,19,727.0,0.216808758330577,36,1238.0
5100.0,40,497.0,5.77906976744186,3.975516364292371,21,544.0,0.15286005919538362,19,648.0,0.14647249966582215,40,1192.0
5105.0,47,669.0,8.060240963855422,3.9665178098537366,26,657.0,0.1611677126704886,21,684.0,0.18288725284911822,47,1341.0
5110.0,42,757.0,9.345679012345679,3.3769423613247036,26,717.0,0.14806612554323156,16,691.0,0.14426037685242996,42,1408.0
5115.0,32,705.0,8.703703703703704,4.254946772110231,16,689.0,0.24715259168295903,16,673.0,0.1605983141458999,32,1362.0
5120.0,30,597.0,7.556962025316456,4.539588764956606,13,699.0,0.2733813262648389,17,626.0,0.17447251890304558,30,1325.0
5125.0,38,748.0,9.58974358974359,4.205292603147884,20,749.0,0.23094798284995655,18,667.0,0.24497246146335427,38,1416.0
5130.0,38,855.0,11.103896103896103,3.7362753959160533,21,793.0,0.17214675757081016,17,685.0,0.22993205447530093,38,1478.0
5135.0,35,915.0,12.364864864864865,4.036604173503713,17,789.0,0.12428933426867213,18,687.0,0.20128917590691384,35,1476.0
5140.0,31,737.0,10.095890410958905,4.232139662187116,13,675.0,0.1851699528390103,18,620.0,0.1582724662286485,31,1295.0
5145.0,35,590.0,7.972972972972973,4.189155919907363,14,515.0,0.19277481661865056,21,612.0,0.15304667266141136,35,1127.0
5150.0,34,408.0,6.08955223880597,3.641854763212772,15,558.0,0.23944922120578652,19,574.0,0.16388974830023184,34,1132.0
5155.0,43,587.0,8.385714285714286,3.3253459234516107,21,639.0,0.1814531878209989,22,553.0,0.18257063188563125,43,1192.0
5160.0,40,632.0,9.294117647058824,3.112446246111886,22,687.0,0.2005205689455842,18,586.0,0.1986100060200094,40,1273.0
5165.0,27,497.0,7.3088235294117645,4.052488203985058,15,684.0,0.1828672965645549,12,542.0,0.23442011442455668,27,1226.0
5170.0,23,453.0,6.380281690140845,4.158685527842778,10,658.0,0.19900550773684458,13,547.0,0.20897599310308293,23,1205.0
5175.0,27,487.0,6.493333333333333,4.6569449716259195,13,653.0,0.1903207688636783,14,557.0,0.24822814968358997,27,1210.0
5180.0,34,412.0,5.802816901408451,4.362716886045716,17,676.0,0.23227441252104986,17,484.0,0.2895007171038562,34,1160.0
5185.0,27,386.0,5.361111111111111,4.715566523041909,11,655.0,0.27860926713401,16,369.0,0.2120002979008536,27,1024.0
5190.0,27,361.0,5.231884057971015,4.589767166666798,9,562.0,0.3746319098916112,18,378.0,0.1004284061777628,27,940.0
5195.0,25,156.0,2.1666666666666665,4.905461675730278,11,414.0,0.26380791963181566,14,332.0,0.19935819839697905,25,746.0
5200.0,26,222.0,3.217391304347826,4.264323101372833,14,440.0,0.16291880602024159,12,317.0,0.257693280638791,26,757.0
5205.0,28,282.0,3.971830985915493,4.517500741173091,10,443.0,0.23283429927320248,18,358.0,0.19010952514570686,28,801.0
5210.0,27,356.0,5.014084507042254,4.142557785506934,10,384.0,0.3061623839446654,17,389.0,0.12138323094567503,27,773.0
5215.0,27,414.0,5.75,5.046353531418165,14,267.0,0.2642978853102892,13,367.0,0.26939893891728955,27,634.0
5220.0,34,390.0,5.342465753424658,4.556755641001791,21,305.0,0.17929109305098664,13,359.0,0.3262566102250111,34,664.0
5225.0,44,582.0,7.461538461538462,4.503556816950134,25,419.0,0.1444842826114276,19,389.0,0.32108223567825456,44,808.0
5230.0,41,686.0,8.794871794871796,4.2992322918354695,22,484.0,0.1877958227142464,19,424.0,0.32316947604980495,41,908.0
5235.0,31,646.0,8.282051282051283,4.386679558348517,14,474.0,0.12058171251498846,17,428.0,0.2948358571627872,31,902.0
5240.0,23,448.0,6.054054054054054,4.610352090600648,6,371.0,0.18618580273539895,17,427.0,0.2342791459910616,23,798.0
5245.0,33,330.0,4.285714285714286,4.728785298958536,10,291.0,0.20709875340731712,23,410.0,0.165191705934109,33,701.0
5250.0,33,340.0,4.657534246575342,4.513444248438636,13,303.0,0.21792432633816164,20,458.0,0.20168866594191454,33,761.0
5255.0,27,356.0,5.159420289855072,4.441006827913424,7,258.0,0.3023688903675521,20,478.0,0.14509019371629298,27,736.0
5260.0,30,436.0,6.318840579710145,4.093318475832867,6,186.0,0.405186352221803,24,530.0,0.07129741503772712,30,716.0
5265.0,35,532.0,7.492957746478873,4.12456623756673,11,192.0,0.32463076782247635,24,587.0,0.15564191134088753,35,779.0
5270.0,36,503.0,7.507462686567164,3.238597468310841,16,205.0,0.24829394690600193,20,625.0,0.2010684564865073,36,830.0
5275.0,37,549.0,8.073529411764707,3.4152231579316084,19,279.0,0.22356952298690136,18,589.0,0.1750539652412087,37,868.0
5280.0,38,526.0,7.305555555555555,3.400185354214976,18,312.0,0.1400764952907753,20,602.0,0.19609259026775167,38,914.0
5285.0,27,311.0,4.380281690140845,4.614898915183422,12,280.0,0.13631188413732104,15,537.0,0.2294975845972531,27,817.0
5290.0,20,263.0,3.757142857142857,5.162851017614262,8,261.0,0.22864548113246563,12,513.0,0.22530138267315322,20,774.0
5295.0,28,348.0,4.901408450704225,4.638712592791309,13,277.0,0.15379440180082563,15,520.0,0.18646600572336663,28,797.0
5300.0,35,455.0,6.893939393939394,4.140559512870113,15,294.0,0.16997194999195764,20,544.0,0.2507627982320368,35,838.0
5305.0,19,462.0,7.21875,5.441740479218839,7,249.0,0.26539139982280224,12,527.0,0.2840903826788388,19,776.0
5310.0,18,356.0,5.836065573770492,5.310898971065431,5,199.0,0.2864381391392866,13,509.0,0.2147734297747413,18,708.0
5315.0,26,354.0,5.53125,5.208093448673205,11,217.0,0.23675911604524133,15,450.0,0.1878114669318423,26,667.0
5320.0,26,318.0,5.213114754098361,5.009164406473118,11,221.0,0.2957181307993587,15,423.0,0.2560883303758142,26,644.0
5325.0,21,285.0,5.089285714285714,5.330500164121367,5,169.0,0.30902427469665683,16,361.0,0.28318548739855187,21,530.0
5330.0,23,371.0,6.508771929824562,4.270041796691278,6,187.0,0.3351865170537629,17,396.0,0.12722352259438416,23,583.0
5335.0,34,494.0,8.098360655737705,4.1281207759215475,15,240.0,0.2505053753954726,19,429.0,0.1947451222915344,34,669.0
5340.0,30,506.0,7.552238805970149,3.9558483440093433,13,259.0,0.28795314440214187,17,433.0,0.21531648823823407,30,692.0
5345.0,17,408.0,6.276923076923077,5.684771700352501,7,231.0,0.3872515607256597,10,371.0,0.3235795620859201,17,602.0
5350.0,16,291.0,4.476923076923077,6.252223299225498,4,137.0,0.46008682741953544,12,355.0,0.2666030147918184,16,492.0
5355.0,23,347.0,5.421875,5.883103179789254,9,103.0,0.4030676570212192,14,389.0,0.24377139993552707,23,492.0
5360.0,24,405.0,6.639344262295082,4.4572804128308725,11,131.0,0.2443865984763582,13,431.0,0.18396921434754826,24,562.0
5365.0,28,501.0,8.637931034482758,4.207058707835531,12,162.0,0.2650282420912742,16,466.0,0.11950616602799849,28,628.0
5370.0,24,324.0,5.684210526315789,4.696963774098165,10,153.0,0.3049461477401755,14,397.0,0.1482906093784228,24,550.0
5375.0,25,346.0,6.178571428571429,5.323130131230177,13,147.0,0.2838475038861676,12,330.0,0.26552931247753103,25,477.0
5380.0,23,279.0,4.982142857142857,5.430390273556491,14,160.0,0.3006515757557516,9,284.0,0.3369882632349386,23,444.0
5385.0,18,232.0,4.73469387755102,6.113959890856805,13,181.0,0.31872359464673883,5,179.0,0.4214405900388177,18,360.0
5390.0,19,250.0,5.208333333333333,5.619027772752728,13,204.0,0.18286478153584218,6,135.0,0.4574101401704773,19,339.0
5395.0,15,218.0,4.638297872340425,5.768062533711436,7,172.0,0.16944287915316694,8,163.0,0.3800060218190385,15,335.0
5400.0,16,274.0,5.708333333333333,5.680650633781653,8,190.0,0.17110598584023207,8,198.0,0.3957929596274218,16,388.0
5405.0,19,307.0,6.14,6.0589087137913165,12,223.0,0.22271724160975898,7,196.0,0.4035597913411123,19,419.0
5410.0,18,363.0,7.408163265306122,6.161558605943882,9,226.0,0.2978097051483961,9,231.0,0.48020689215225204,18,457.0
5415.0,13,316.0,6.583333333333333,6.979754630054316,7,187.0,0.4107256651691201,6,215.0,0.48934557030513864,13,402.0
5420.0,18,333.0,7.085106382978723,6.179164162105154,8,179.0,0.41520936945095405,10,230.0,0.3095173345711075,18,409.0
5425.0,20,413.0,8.098039215686274,5.7005812475733775,7,182.0,0.3406113907795426,13,293.0,0.2849501865765836,20,475.0
5430.0,21,305.0,5.980392156862745,5.32311281089867,10,187.0,0.300708070993724,11,229.0,0.3822391447742984,21,416.0
5435.0,20,389.0,7.203703703703703,5.996178573841551,8,219.0,0.36339877498044104,12,190.0,0.3634701035302713,20,409.0
5440.0,18,323.0,5.568965517241379,5.531307103451052,7,231.0,0.335145012262772,11,187.0,0.3095946588298658,18,418.0
5445.0,20,348.0,6.0,6.386613143645684,11,237.0,0.2730882877851414,9,134.0,0.40770981485204477,20,371.0
5450.0,21,361.0,6.685185185185185,5.070690024581627,13,298.0,0.2738141776662155,8,120.0,0.3143554498713582,21,418.0
5455.0,27,414.0,7.137931034482759,4.82058828401678,14,327.0,0.28093823618097497,13,127.0,0.2612327571352825,27,454.0
5460.0,24,434.0,7.75,5.202770487383499,11,348.0,0.36236269738049387,13,145.0,0.2759019607450063,24,493.0
5465.0,23,509.0,8.483333333333333,6.143367690841577,13,404.0,0.340661270843266,10,140.0,0.41910007927339793,23,544.0
5470.0,24,457.0,7.491803278688525,5.787022683951298,13,415.0,0.37305439694283155,11,155.0,0.37500144134314745,24,570.0
5475.0,18,432.0,7.081967213114754,5.178013916607007,9,359.0,0.32294943846168406,9,143.0,0.23916306164830825,18,502.0
5480.0,17,140.0,2.2222222222222223,5.6348621427335255,8,162.0,0.2797768390872045,9,124.0,0.2987894161934033,17,286.0
5485.0,21,176.0,2.75,6.58150056077955,9,109.0,0.3065087188234576,12,134.0,0.36507663334567114,21,243.0
5490.0,24,219.0,3.5901639344262297,5.666075193100759,13,160.0,0.32627169723222527,11,138.0,0.38042515077164923,24,298.0
5495.0,24,291.0,4.932203389830509,5.160312496777048,13,200.0,0.34803214530095417,11,164.0,0.30587290879481416,24,364.0
5500.0,28,294.0,4.9,3.8133552921202,14,222.0,0.29810384001126616,14,191.0,0.2234423743071799,28,413.0
5505.0,21,272.0,4.25,4.953751244022769,11,228.0,0.2831943088632987,10,180.0,0.27014968519885557,21,408.0
5510.0,19,278.0,4.34375,5.755223404873505,12,239.0,0.24683753752227794,7,153.0,0.39006029635601214,19,392.0
5515.0,28,377.0,5.712121212121212,6.0463606848329166,17,289.0,0.291257988066901,11,164.0,0.3321880875906574,28,453.0
5520.0,27,407.0,6.359375,5.476837406812104,15,328.0,0.3203065083427472,12,169.0,0.35812139088636213,27,497.0
5525.0,22,455.0,7.109375,5.458321778929953,12,348.0,0.3386281295040112,10,182.0,0.2934485818707967,22,530.0
5530.0,21,336.0,5.25,4.525373736944115,11,277.0,0.29949387307701947,10,192.0,0.14031273869843058,21,469.0
5535.0,25,325.0,5.158730158730159,5.4187632110666115,16,273.0,0.2928050325811558,9,173.0,0.2591284421276961,25,446.0
5540.0,25,272.0,4.387096774193548,4.23501841855233,17,323.0,0.17084197978715465,8,135.0,0.2814282637982178,25,458.0
5545.0,33,404.0,6.412698412698413,4.799314399459231,22,407.0,0.20982220313212913,11,122.0,0.33142283324517646,33,529.0
5550.0,30,444.0,7.161290322580645,4.965270996652094,20,461.0,0.2630563689229923,10,147.0,0.41056170316088353,30,608.0
5555.0,23,440.0,7.096774193548387,5.078012720500729,13,455.0,0.24089290725356602,10,167.0,0.40992875712748306,23,622.0
5560.0,26,333.0,5.123076923076923,4.117816823581397,13,431.0,0.16681874707141026,13,185.0,0.2617363945682736,26,616.0
5565.0,29,324.0,4.764705882352941,4.688700162664829,13,322.0,0.23815320728348058,16,232.0,0.26849597112087364,29,554.0
5570.0,32,294.0,4.260869565217392,4.3565140826534785,17,330.0,0.25314929212322174,15,245.0,0.25268774961981955,32,575.0
5575.0,28,259.0,3.7,4.986486274479698,20,368.0,0.2853072671003599,8,188.0,0.3206368653080937,28,556.0
5580.0,29,355.0,5.144927536231884,4.71979455319456,19,411.0,0.22921030654100685,10,227.0,0.32732405814743926,29,638.0
5585.0,38,501.0,6.863013698630137,4.056427579842481,23,464.0,0.15066390825533335,15,283.0,0.28071022839093784,38,747.0
5590.0,38,545.0,7.676056338028169,3.4892615960241726,23,491.0,0.15303483669664072,15,293.0,0.24595147957384342,38,784.0
5595.0,27,417.0,5.873239436619718,4.602820421754417,17,426.0,0.18032840550224438,10,259.0,0.31611624949033984,27,685.0
5600.0,22,467.0,6.486111111111111,5.9283622244421235,11,384.0,0.2515513242801438,11,281.0,0.3484432351936041,22,665.0
5605.0,21,487.0,7.057971014492754,5.707071374756642,10,360.0,0.26771356948535013,11,306.0,0.28304458624991047,21,666.0
5610.0,31,551.0,8.476923076923077,4.642513403639741,16,369.0,0.17840352849872956,15,377.0,0.2240554698029255,31,746.0
5615.0,32,541.0,9.016666666666667,3.9658164756564767,18,400.0,0.19141593303863386,14,364.0,0.2406789154103549,32,764.0
5620.0,24,585.0,9.59016393442623,4.779927474458348,11,366.0,0.2488472954272218,13,370.0,0.21568904623392515,24,736.0
5625.0,22,379.0,6.316666666666666,4.400129279779895,9,362.0,0.33705160213428914,13,310.0,0.08143668610067424,22,672.0
5630.0,23,397.0,6.728813559322034,5.396024616200241,13,371.0,0.3360534503363841,10,191.0,0.2705206737122039,23,562.0
5635.0,26,379.0,6.649122807017544,4.612546184127324,17,400.0,0.22473791920436967,9,182.0,0.33151585315483334,26,582.0
5640.0,17,355.0,6.454545454545454,5.280844608558373,12,400.0,0.1695197394498132,5,106.0,0.357869011518745,17,506.0
5645.0,15,160.0,2.909090909090909,4.786339692253605,7,295.0,0.202395277305699,8,110.0,0.077315872221402,15,405.0
5650.0,23,219.0,3.65,5.278017814513811,13,242.0,0.20997697742772978,10,129.0,0.3298216823821487,23,371.0
5655.0,21,264.0,4.4,5.445840788465659,15,277.0,0.2768681230280723,6,132.0,0.4837750799398808,21,409.0
5660.0,13,281.0,4.762711864406779,7.274846538909303,9,280.0,0.38885075342887315,4,119.0,0.6572080356359876,13,399.0
5665.0,17,299.0,4.983333333333333,6.869447214505426,9,291.0,0.39808417025072723,8,96.0,0.39365825183881836,17,387.0
5670.0,22,311.0,5.016129032258065,6.0262044298360875,8,279.0,0.3416493644494089,14,143.0,0.22994682255486237,22,422.0
5675.0,25,367.0,6.116666666666666,4.97298103745687,14,283.0,0.20180195656845215,11,177.0,0.2633144882270314,25,460.0
5680.0,24,335.0,6.090909090909091,5.3802481396077395,14,262.0,0.2551290078507679,10,206.0,0.39437189086726965,24,468.0
5685.0,16,275.0,5.188679245283019,6.089585271656909,10,192.0,0.36982943629884557,6,213.0,0.39650421925964013,16,405.0
5690.0,23,358.0,6.754716981132075,5.3162248827697764,13,221.0,0.2399917434507385,10,204.0,0.33074347191372566,23,425.0
5695.0,23,256.0,4.923076923076923,4.141516501818661,15,228.0,0.09796422832372552,8,121.0,0.34287094327687057,23,349.0
5700.0,28,355.0,6.574074074074074,4.782967314104185,19,320.0,0.2554654582176701,9,89.0,0.2962708598021628,28,409.0
5705.0,23,322.0,6.0754716981132075,5.4758408813354595,14,334.0,0.37971102782844735,9,108.0,0.3500512588266141,23,442.0
5710.0,17,252.0,4.754716981132075,5.077734325581948,7,260.0,0.2940573216940989,10,137.0,0.2693177933075119,17,397.0
5715.0,18,273.0,4.875,6.005354587109346,10,211.0,0.3304336104620744,8,148.0,0.30165652998750636,18,359.0
5720.0,16,307.0,5.293103448275862,6.99017697088186,11,229.0,0.2924971902606636,5,122.0,0.3433235649666359,16,351.0
5725.0,17,217.0,3.875,6.168480340003709,11,234.0,0.20063668737449755,6,107.0,0.22805771761607901,17,341.0
5730.0,19,234.0,4.588235294117647,6.130995464759763,13,221.0,0.21691738421136575,6,67.0,0.31482706927900167,19,288.0
5735.0,19,270.0,5.625,5.445244219641398,13,268.0,0.23494887637861833,6,71.0,0.36059670233984026,19,339.0
5740.0,19,322.0,6.851063829787234,6.476086234052184,11,280.0,0.3122522725944605,8,106.0,0.43349797041067445,19,386.0
5745.0,12,225.0,5.232558139534884,5.90863096950685,10,268.0,0.32572229886299175,2,66.0,0.376189949911861,12,334.0
5750.0,16,202.0,4.297872340425532,6.193889127867151,9,210.0,0.2885138947588173,7,72.0,0.39144156336626845,16,282.0
5755.0,16,134.0,2.977777777777778,5.101959779471989,11,176.0,0.22809594141650075,5,65.0,0.41232751341482776,16,241.0
5760.0,19,186.0,3.875,6.11600559402509,12,182.0,0.3298567205044986,7,86.0,0.49347181204668916,19,268.0
5765.0,19,204.0,4.0,5.471304441492098,12,188.0,0.3288780539808303,7,88.0,0.4859517416474471,19,276.0
5770.0,17,253.0,4.517857142857143,6.071630433328707,8,206.0,0.3817090567294233,9,102.0,0.4662117137249303,17,308.0
5775.0,13,149.0,2.5254237288135593,5.7831568610372805,5,177.0,0.37517949526540373,8,100.0,0.4413481668096955,13,277.0
5780.0,21,185.0,2.890625,5.576306934738403,8,131.0,0.387054134783912,13,122.0,0.2896539272439942,21,253.0
5785.0,25,207.0,3.1363636363636362,5.330979496883189,10,158.0,0.3522890980680629,15,144.0,0.23079176562910242,25,302.0
5790.0,20,212.0,3.3125,5.711870964178365,11,193.0,0.27774369794004183,9,138.0,0.3126403849965534,20,331.0
5795.0,22,226.0,3.5873015873015874,4.357580122069995,15,220.0,0.14241656008302891,7,144.0,0.3105214521456143,22,364.0
5800.0,33,353.0,5.603174603174603,3.9739056818976595,20,311.0,0.16213372919193547,13,168.0,0.2385963813343324,33,479.0
5805.0,32,418.0,6.53125,4.344981240476519,19,354.0,0.23896644368064626,13,194.0,0.266501658863359,32,548.0
5810.0,20,372.0,5.636363636363637,5.1054095635388625,14,350.0,0.22749518954761788,6,169.0,0.30325376409159166,20,519.0
5815.0,19,211.0,3.1492537313432836,5.570607679175483,13,295.0,0.29003137548515134,6,131.0,0.2200331923159836,19,426.0
5820.0,28,261.0,3.782608695652174,5.041068326505714,17,317.0,0.2126032748564618,11,125.0,0.23128184468373006,28,442.0
5825.0,33,324.0,4.764705882352941,4.592165037235776,22,368.0,0.18488773617400014,11,122.0,0.3692632158997587,33,490.0
5830.0,27,405.0,6.230769230769231,5.385910412936671,15,387.0,0.3008441550736134,12,178.0,0.3364090243280628,27,565.0
5835.0,26,391.0,5.924242424242424,4.530120302221229,16,417.0,0.26584577438550183,10,182.0,0.21819461856076927,26,599.0
5840.0,30,237.0,3.3857142857142857,4.318331406674609,24,421.0,0.10334995488004885,6,134.0,0.35380875564983266,30,555.0
5845.0,27,206.0,2.9855072463768115,4.3119260543680635,20,483.0,0.13966663028736487,7,115.0,0.38884373333278194,27,598.0
5850.0,36,354.0,4.985915492957746,4.38898011421985,22,559.0,0.23386783741221218,14,175.0,0.30985260089612615,36,734.0
5855.0,34,418.0,5.648648648648648,4.08175956934387,20,601.0,0.2306282460845269,14,193.0,0.2959577411303528,34,794.0
5860.0,31,405.0,5.704225352112676,4.65345978091632,20,594.0,0.2292558082253693,11,185.0,0.2968046109725803,31,779.0
5865.0,30,370.0,4.933333333333334,4.129513504991608,19,606.0,0.13538423456855578,11,201.0,0.2468170914956689,30,807.0
5870.0,40,461.0,5.910256410256411,4.2519450652878135,23,587.0,0.17454868218016106,17,256.0,0.18566278700304978,40,843.0
5875.0,44,584.0,7.584415584415584,3.7734123902416017,25,637.0,0.1927792458416634,19,309.0,0.1982837995671735,44,946.0
5880.0,32,551.0,7.346666666666667,4.0257944401066235,21,682.0,0.13688217084877338,11,314.0,0.2596676721667133,32,996.0
5885.0,32,397.0,5.513888888888889,3.5965835026538304,22,720.0,0.07417295741089656,10,259.0,0.27346163398847184,32,979.0
5890.0,24,288.0,3.9452054794520546,4.071776722011412,16,675.0,0.12873415337590696,8,200.0,0.20200391920704047,24,875.0
5895.0,30,381.0,5.219178082191781,4.017053609301099,18,678.0,0.18635433068489757,12,226.0,0.15101790697322834,30,904.0
5900.0,30,432.0,6.0,4.949795178637227,21,635.0,0.22488127109823375,9,240.0,0.281793199775639,30,875.0
5905.0,31,537.0,7.458333333333333,4.571439895052257,20,640.0,0.14109244904301577,11,262.0,0.33449707150893987,31,902.0
5910.0,31,538.0,7.27027027027027,4.672816810369298,21,644.0,0.1923575118170461,10,267.0,0.30518681136624204,31,911.0
5915.0,35,558.0,7.6438356164383565,4.472497088880318,20,644.0,0.22419142764272265,15,267.0,0.28995238660046235,35,911.0
5920.0,36,434.0,6.027777777777778,3.8808735512639245,21,577.0,0.19365010655903214,15,246.0,0.29085144731240015,36,823.0
5925.0,38,522.0,7.565217391304348,3.6417603098182356,22,595.0,0.1701848200319145,16,246.0,0.25643839474224167,38,841.0
5930.0,44,524.0,7.178082191780822,2.6927169761492893,25,599.0,0.09388832041076704,19,295.0,0.16194424395723023,44,894.0
5935.0,29,369.0,5.054794520547945,3.8700609867822324,15,538.0,0.15032417365229472,14,299.0,0.1542502351106906,29,837.0
5940.0,23,382.0,5.457142857142857,4.983810749382771,11,491.0,0.20409704194024983,12,307.0,0.2620342600217332,23,798.0
5945.0,24,374.0,5.5,5.3438539586430815,12,433.0,0.15254065235015798,12,340.0,0.31167753244034496,24,773.0
5950.0,24,354.0,5.205882352941177,4.6734486973542415,12,419.0,0.12752352071065906,12,362.0,0.26258602795221947,24,781.0
5955.0,23,321.0,5.095238095238095,4.889850147122466,10,383.0,0.218394246205709,13,359.0,0.2764030147976331,23,742.0
5960.0,24,285.0,4.523809523809524,4.814896469645032,10,362.0,0.2706751355022151,14,324.0,0.22346998712719554,24,686.0
5965.0,28,361.0,5.82258064516129,5.185096416338705,11,331.0,0.2885257239180165,17,363.0,0.27353768691250174,28,694.0
5970.0,29,452.0,7.0625,3.6067351780654384,11,350.0,0.21472239669297435,18,409.0,0.20752488451735387,29,759.0
5975.0,27,529.0,8.53225806451613,4.33497311900474,10,350.0,0.2893439881040067,17,432.0,0.26463866994555524,27,782.0
5980.0,31,467.0,7.075757575757576,4.036766763742171,13,357.0,0.2625723986667662,18,416.0,0.25762035007138784,31,773.0
5985.0,36,588.0,8.776119402985074,4.276025777073205,17,415.0,0.25090251717718914,19,383.0,0.2840417935227283,36,798.0
5990.0,37,603.0,8.614285714285714,3.6743828332203803,17,475.0,0.2265812615871708,20,398.0,0.19721543928551724,37,873.0
5995.0,24,465.0,6.458333333333333,4.749268905857452,11,483.0,0.23407708658870904,13,337.0,0.2005625723654291,24,820.0
6000.0,28,349.0,5.132352941176471,4.573340499712682,12,428.0,0.1796999040252645,16,382.0,0.1937389308622842,28,810.0
6005.0,36,435.0,6.041666666666667,4.323423469456766,18,401.0,0.15654059682086016,18,433.0,0.1489549523569172,36,834.0
6010.0,37,475.0,6.884057971014493,3.7595722257137774,18,379.0,0.2355885348681047,19,456.0,0.17931916914423526,37,835.0
6015.0,30,456.0,6.705882352941177,4.70240918507187,14,321.0,0.27673883424648565,16,407.0,0.23994343243887498,30,728.0
6020.0,29,509.0,7.169014084507042,4.456204405288216,12,334.0,0.19698745331389791,17,458.0,0.25007713056543684,29,792.0
6025.0,30,524.0,7.82089552238806,4.526564981629481,10,299.0,0.22088880258336108,20,504.0,0.22850527196111334,30,803.0
6030.0,34,494.0,7.841269841269841,3.6776159636858106,12,293.0,0.28734907337030213,22,539.0,0.13866183919677777,34,832.0
6035.0,38,642.0,9.727272727272727,3.98195560638882,14,312.0,0.35437690387683873,24,597.0,0.13990347031629707,38,909.0
6040.0,35,705.0,10.522388059701493,3.972419309979119,14,307.0,0.3221189377420424,21,628.0,0.20786245435444659,35,935.0
6045.0,26,685.0,10.703125,4.523368697759061,13,286.0,0.26176471843850735,13,608.0,0.27279302219959944,26,894.0
6050.0,30,758.0,11.661538461538461,4.480818442208635,17,290.0,0.18307029390654564,13,603.0,0.29284060118438093,30,893.0
6055.0,22,639.0,10.142857142857142,5.173033631305233,9,263.0,0.2800982832181496,13,566.0,0.19321445721088149,22,829.0
6060.0,20,274.0,4.419354838709677,4.847710665956231,11,226.0,0.21836392154641007,9,466.0,0.2257031573826665,20,692.0
6065.0,20,170.0,2.7868852459016393,5.370241393656666,13,192.0,0.24859198946756805,7,457.0,0.2962472480538814,20,649.0
6070.0,27,244.0,4.135593220338983,4.780663471488299,15,231.0,0.26526240356892666,12,477.0,0.25870933324494005,27,708.0
6075.0,31,307.0,5.203389830508475,4.312801662881302,14,266.0,0.26512754990299187,17,506.0,0.2612916576647649,31,772.0
6080.0,31,380.0,6.229508196721311,3.9380993221660745,13,276.0,0.2319381703515302,18,583.0,0.25856554882474997,31,859.0
6085.0,24,299.0,4.6,4.976164065843978,7,221.0,0.2620588857424854,17,607.0,0.30010018451138587,24,828.0
6090.0,22,330.0,4.852941176470588,6.0264433096354555,10,193.0,0.3161436468983472,12,599.0,0.2796136808037188,22,792.0
6095.0,21,324.0,4.984615384615385,5.977995945717244,9,198.0,0.2804937585476857,12,541.0,0.24035239571362202,21,739.0
6100.0,28,315.0,4.846153846153846,5.449360824800405,12,230.0,0.26212340494603054,16,434.0,0.16615405458376103,28,664.0
6105.0,20,316.0,5.3559322033898304,5.0753889483914385,9,255.0,0.28989230871607563,11,465.0,0.28101870071636303,20,720.0
6110.0,20,375.0,6.3559322033898304,6.294822181454332,8,248.0,0.35823324847540056,12,477.0,0.32792061609817047,20,725.0
6115.0,19,249.0,4.611111111111111,6.03185308309878,5,196.0,0.3625274856212844,14,492.0,0.29129989417302893,19,688.0
6120.0,25,325.0,5.909090909090909,6.0679600291914095,6,129.0,0.39656194890416374,19,555.0,0.25644555203238056,25,684.0
6125.0,23,299.0,5.4363636363636365,5.204249911583132,6,117.0,0.43408070360534123,17,585.0,0.20258272268121164,23,702.0
6130.0,22,373.0,6.781818181818182,6.1573681949487495,5,143.0,0.5790997625747053,17,595.0,0.22307753969886354,22,738.0
6135.0,22,330.0,6.0,5.591362977427866,4,66.0,0.552686577818994,18,580.0,0.2001438926261746,22,646.0
6140.0,24,340.0,5.964912280701754,4.823436292855664,8,82.0,0.407645449837932,16,484.0,0.20212448683842782,24,566.0
6145.0,22,186.0,3.1,3.8151108229966004,10,96.0,0.3423582735851743,12,499.0,0.18321233125588682,22,595.0
6150.0,14,145.0,2.265625,5.245428684224861,7,112.0,0.32658062729022774,7,447.0,0.26142335868338346,14,559.0
6155.0,17,176.0,2.7936507936507935,5.721441267517325,9,132.0,0.2961479576227807,8,397.0,0.27900427360659824,17,529.0
6160.0,27,245.0,3.828125,4.628893864042353,15,165.0,0.19901408032524937,12,348.0,0.21292315573032283,27,513.0
6165.0,27,304.0,5.066666666666666,3.4893304177862063,17,220.0,0.1684379570930318,10,368.0,0.24954257824359022,27,588.0
6170.0,19,331.0,5.338709677419355,4.936381030282247,12,242.0,0.2655313213991105,7,350.0,0.293392551230447,19,592.0
6175.0,19,183.0,2.9516129032258065,5.404008470380135,9,192.0,0.3306253460406591,10,330.0,0.1907426556294631,19,522.0
6180.0,29,292.0,4.634920634920635,5.578979043899629,12,206.0,0.3352365364573046,17,362.0,0.16045053119713035,29,568.0
6185.0,30,303.0,5.315789473684211,3.9332245018137013,13,205.0,0.2238723744933319,17,383.0,0.14517897234357702,30,588.0
6190.0,30,349.0,6.12280701754386,3.9444156991108787,16,219.0,0.20906315935514988,14,349.0,0.1783787536668409,30,568.0
6195.0,22,287.0,5.035087719298246,4.041895631053007,14,247.0,0.22028824068320382,8,353.0,0.29287834605974244,22,600.0
6200.0,13,228.0,4.0,5.819404904638518,7,221.0,0.28821450949805744,6,306.0,0.36691526344027847,13,527.0
6205.0,19,213.0,3.6724137931034484,5.368840097501083,8,218.0,0.29597829707226436,11,288.0,0.1970725378102574,19,506.0
6210.0,24,236.0,4.0,5.032288606690353,12,199.0,0.2424874320884269,12,274.0,0.18633193485746247,24,473.0
6215.0,21,279.0,5.264150943396227,4.266537229863426,12,221.0,0.26011974376022917,9,289.0,0.25305052263576494,21,510.0
6220.0,17,309.0,5.9423076923076925,5.025927521619987,9,210.0,0.23646821234573695,8,264.0,0.2842236881009154,17,474.0
6225.0,22,323.0,5.767857142857143,4.621816354404126,11,227.0,0.16814178179790362,11,275.0,0.20460734366573263,22,502.0
6230.0,24,394.0,6.677966101694915,5.261675640764881,13,258.0,0.26603354677797,11,275.0,0.21273436450388478,24,533.0
6235.0,16,186.0,3.381818181818182,5.478939479606587,10,204.0,0.4010829640493837,6,196.0,0.30054557668869164,16,400.0
6240.0,22,259.0,4.886792452830188,5.782171576366495,11,216.0,0.4011454846990317,11,176.0,0.31816813123047505,22,392.0
6245.0,19,253.0,4.6,5.270060470861158,8,192.0,0.36569063957930426,11,200.0,0.315545361444176,19,392.0
6250.0,22,324.0,5.4,5.171884429586786,11,197.0,0.32455566648862855,11,235.0,0.29840236429696637,22,432.0
6255.0,23,225.0,3.75,4.554874098313819,12,184.0,0.27839554557037693,11,235.0,0.32158888634339167,23,419.0
6260.0,14,156.0,2.557377049180328,5.589861889535287,5,102.0,0.3810013906198254,9,199.0,0.2668453280800113,14,301.0
6265.0,20,215.0,3.359375,5.194302400104242,9,132.0,0.39406411177358747,11,220.0,0.14237585111729567,20,352.0
6270.0,29,286.0,4.268656716417911,4.821868535258484,14,190.0,0.3261245181001287,15,242.0,0.16087420011747908,29,432.0
6275.0,30,368.0,5.75,4.410270826093994,16,227.0,0.2868831035395575,14,282.0,0.25529946874076576,30,509.0
6280.0,23,383.0,6.383333333333334,4.170043170608792,13,236.0,0.1610533859347962,10,287.0,0.31389330217508693,23,523.0
6285.0,22,247.0,3.9838709677419355,4.070899148434673,13,225.0,0.14263208276245917,9,218.0,0.23121808221766393,22,443.0
6290.0,32,298.0,4.515151515151516,5.106453723416112,16,232.0,0.27149848764685075,16,241.0,0.19197284603114315,32,473.0
6295.0,29,379.0,6.015873015873016,4.87715993681028,13,268.0,0.3354611626088377,16,285.0,0.18472605084411245,29,553.0
6300.0,26,402.0,6.184615384615385,5.219785469794772,12,267.0,0.37321284291145695,14,319.0,0.1874845177405177,26,586.0
6305.0,28,367.0,5.6461538461538465,4.421970666857759,13,260.0,0.3130655267134033,15,321.0,0.1472498033834927,28,581.0
6310.0,30,484.0,7.223880597014926,4.991639280063294,13,295.0,0.3486721474177144,17,382.0,0.2052006548115313,30,677.0
6315.0,30,495.0,7.173913043478261,4.941048450205851,15,306.0,0.3612939741711187,15,417.0,0.25782127069750904,30,723.0
6320.0,31,540.0,7.9411764705882355,3.9366222534596353,17,285.0,0.18961714569353055,14,422.0,0.33245619960841283,31,707.0
6325.0,37,495.0,7.071428571428571,3.1542538629474484,23,340.0,0.16727354063908487,14,398.0,0.255418208870165,37,738.0
6330.0,26,336.0,4.666666666666667,4.534024310435438,18,375.0,0.16497685846564678,8,286.0,0.3155880290796713,26,661.0
6335.0,25,380.0,5.428571428571429,4.678314936315514,19,424.0,0.12951140021080595,6,238.0,0.3348828597448971,25,662.0
6340.0,28,426.0,5.835616438356165,4.573912398027332,20,482.0,0.11085539967652518,8,256.0,0.2956869110634997,28,738.0
6345.0,33,353.0,4.971830985915493,4.11629466674538,18,475.0,0.18082983645735667,15,306.0,0.2738724968909258,33,781.0
6350.0,38,463.0,6.91044776119403,3.674494762342874,19,420.0,0.17034144659781247,19,395.0,0.2859107164266277,38,815.0
6355.0,38,522.0,7.791044776119403,2.606609021196253,20,466.0,0.1454881770048641,18,413.0,0.19492990022681478,38,879.0
6360.0,32,438.0,6.257142857142857,3.1054133548939595,18,458.0,0.11665053615475528,14,367.0,0.14013438897644256,32,825.0
6365.0,24,528.0,7.6521739130434785,4.741674166044358,14,452.0,0.2104784807863657,10,350.0,0.22233799868387988,24,802.0
6370.0,19,523.0,7.8059701492537314,5.920666094757263,12,454.0,0.32563446134863316,7,322.0,0.313565732338808,19,776.0
6375.0,22,521.0,7.661764705882353,5.323887845070282,10,431.0,0.33607904962835067,12,363.0,0.2229133737701505,22,794.0
6380.0,28,398.0,6.317460317460317,4.045016616277503,13,472.0,0.2399867797817319,15,274.0,0.24265675418993246,28,746.0
6385.0,33,486.0,7.967213114754099,4.170182420107408,16,519.0,0.19278283379033492,17,227.0,0.2607984285332161,33,746.0
6390.0,30,441.0,6.890625,3.7944855149509733,14,508.0,0.24914877348398023,16,265.0,0.13208182548645853,30,773.0
6395.0,25,288.0,4.721311475409836,4.845858596225485,15,434.0,0.2551630295506985,10,238.0,0.272391851099701,25,672.0
6400.0,21,187.0,3.0161290322580645,4.6165549968485875,14,435.0,0.22795152567394056,7,207.0,0.2945956123134701,21,642.0
6405.0,25,276.0,4.3125,5.586264497858438,15,457.0,0.26361220317985,10,227.0,0.34130313487931424,25,684.0
6410.0,29,320.0,4.848484848484849,4.764113006384365,15,490.0,0.2768793880963277,14,234.0,0.25602690327410793,29,724.0
6415.0,20,300.0,4.411764705882353,5.7117067847560685,11,503.0,0.3298617970361842,9,190.0,0.2498297811715477,20,693.0
6420.0,18,274.0,4.08955223880597,5.543811472919019,12,477.0,0.20767188605369383,6,198.0,0.32991431752214273,18,675.0
6425.0,24,252.0,3.5492957746478875,5.6369096505158724,13,397.0,0.19138782619703665,11,248.0,0.3062727290114837,24,645.0
6430.0,26,259.0,3.647887323943662,5.44392345453607,11,356.0,0.2960965593986382,15,266.0,0.3232940457139638,26,622.0
6435.0,22,293.0,4.578125,5.394703861386921,14,349.0,0.27404500251710406,8,226.0,0.3394698750480911,22,575.0
6440.0,24,325.0,4.924242424242424,4.416645789507587,15,384.0,0.15308589055373156,9,236.0,0.33723795674557433,24,620.0
6445.0,36,471.0,6.633802816901408,4.420329885977306,20,452.0,0.1576493160035165,16,300.0,0.32653524247955934,36,752.0
6450.0,35,506.0,7.228571428571429,4.350592996552133,16,465.0,0.2389761776235407,19,351.0,0.3486148953875311,35,816.0
6455.0,25,488.0,6.506666666666667,4.581775496794388,10,380.0,0.29645885879832296,15,377.0,0.24328535897572592,25,757.0
6460.0,23,378.0,5.04,5.0322969585382875,9,316.0,0.26527301290635236,14,284.0,0.2264180850674383,23,600.0
6465.0,25,245.0,3.141025641025641,5.6374088256708745,10,251.0,0.2507436581113831,15,270.0,0.2659305263909879,25,521.0
6470.0,29,222.0,2.96,4.607285413492178,11,264.0,0.23366071311434677,18,245.0,0.2486337899959017,29,509.0
6475.0,34,317.0,4.226666666666667,4.670853416908337,10,283.0,0.3350407218481321,24,325.0,0.18247466528860284,34,608.0
6480.0,37,385.0,5.065789473684211,4.122302418157974,11,293.0,0.38365526506169106,26,408.0,0.12567671349820955,37,701.0
6485.0,36,485.0,6.466666666666667,4.512208918961465,10,275.0,0.32565771343453326,26,492.0,0.21794332705433192,36,767.0
6490.0,36,535.0,7.133333333333334,3.698200891469443,11,282.0,0.25548972417310284,25,575.0,0.19411444595872632,36,857.0
6495.0,46,718.0,9.205128205128204,3.69893362748105,17,348.0,0.24013398085746124,29,672.0,0.18617853205497398,46,1020.0
6500.0,47,746.0,9.81578947368421,3.119873490591841,15,383.0,0.28794587004830646,32,742.0,0.14247855267714304,47,1125.0
6505.0,36,581.0,7.448717948717949,3.8841975581880583,10,382.0,0.2924734608128976,26,726.0,0.11529655789762756,36,1108.0
6510.0,29,478.0,6.050632911392405,4.20801287024305,9,353.0,0.18750436526892758,20,751.0,0.19952505947245364,29,1104.0
6515.0,32,419.0,5.172839506172839,4.6123190088412285,12,265.0,0.21318897038227932,20,781.0,0.21218324437699207,32,1046.0
6520.0,38,474.0,6.1558441558441555,3.6305168964294627,13,299.0,0.2571269735194928,25,843.0,0.1937620650543293,38,1142.0
6525.0,41,471.0,5.8875,3.743661573906297,11,301.0,0.3285704916504461,30,890.0,0.13098615015781495,41,1191.0
6530.0,38,467.0,5.8375,4.301073128580379,8,256.0,0.4545989201778958,30,937.0,0.08873476425514917,38,1193.0
6535.0,34,449.0,5.6125,4.706930501489703,11,224.0,0.4165232165524364,23,882.0,0.11877942195607877,34,1106.0
6540.0,36,500.0,6.172839506172839,4.449599430789799,15,260.0,0.20314954924125625,21,812.0,0.19680767392399,36,1072.0
6545.0,33,579.0,7.329113924050633,4.785520548505837,12,285.0,0.288436161768,21,822.0,0.15072989957723412,33,1107.0
6550.0,35,572.0,7.526315789473684,4.271773571488938,11,275.0,0.3014103193139206,24,831.0,0.07129793276809065,35,1106.0
6555.0,39,521.0,7.236111111111111,3.8614174004572153,13,261.0,0.2997561335090714,26,845.0,0.1432344720705964,39,1106.0
6560.0,39,578.0,7.605263157894737,4.258145690077298,13,305.0,0.22933411933501557,26,796.0,0.21963898182311647,39,1101.0
6565.0,35,646.0,9.098591549295774,4.627037726599704,11,315.0,0.3385503083197275,24,854.0,0.22194461086178177,35,1169.0
6570.0,35,548.0,7.611111111111111,3.981514305903948,12,262.0,0.30518561335821054,23,826.0,0.1356268421215662,35,1088.0
6575.0,40,653.0,9.069444444444445,4.245290712702666,14,223.0,0.34652877275689326,26,847.0,0.13597976188069924,40,1070.0
6580.0,38,684.0,9.771428571428572,3.261528038502458,14,268.0,0.20831788480905522,24,845.0,0.16116912144716236,38,1113.0
6585.0,32,511.0,6.723684210526316,3.714357954525526,13,303.0,0.20299336380227853,19,726.0,0.156111232991469,32,1029.0
6590.0,24,528.0,6.857142857142857,4.994362900505653,10,335.0,0.27486377589366046,14,658.0,0.252771466813678,24,993.0
6595.0,31,647.0,8.0875,5.270043872530384,15,391.0,0.3076978139838705,16,699.0,0.24292161557350486,31,1090.0
6600.0,37,710.0,9.342105263157896,3.9471102123148407,15,444.0,0.3400026790933199,22,711.0,0.14130188345421785,37,1155.0
6605.0,38,813.0,11.450704225352112,3.558916013661592,13,462.0,0.319620272173972,25,780.0,0.10591748379333596,38,1242.0
6610.0,42,711.0,10.014084507042254,3.0972638874257106,13,412.0,0.2478727635255277,29,841.0,0.08189921441840702,42,1253.0
6615.0,41,682.0,9.342465753424657,3.5911921914413547,14,306.0,0.20665053497628882,27,832.0,0.14000178554176043,41,1138.0
6620.0,43,621.0,8.506849315068493,3.4290372471491595,18,308.0,0.22584338569018364,25,814.0,0.17311087115549814,43,1122.0
6625.0,36,470.0,6.714285714285714,3.41591327886462,17,240.0,0.2212274893690463,19,701.0,0.16628626181524703,36,941.0
6630.0,32,437.0,5.826666666666667,4.158970036526572,19,284.0,0.1631723916564832,13,625.0,0.24966597737913349,32,909.0
6635.0,24,414.0,5.671232876712328,5.546615141234639,10,274.0,0.26686208709461867,14,544.0,0.25433767736893514,24,818.0
6640.0,22,325.0,4.7101449275362315,5.662901917375908,9,247.0,0.256122579426872,13,446.0,0.27777265847216787,22,693.0
6645.0,27,337.0,4.884057971014493,5.151150763929951,16,307.0,0.17827321894556927,11,433.0,0.27742678622901007,27,740.0
6650.0,29,428.0,7.016393442622951,3.715480338147315,17,345.0,0.19990177078199536,12,455.0,0.28013326615107553,29,800.0
6655.0,21,459.0,7.285714285714286,4.775273416581762,9,304.0,0.3228574912196644,12,459.0,0.19142651782626297,21,763.0
6660.0,24,353.0,5.515625,4.606543169520837,9,260.0,0.269520253544134,15,425.0,0.2094564944566999,24,685.0
6665.0,30,378.0,5.478260869565218,4.9360817222454045,11,193.0,0.25067976725135027,19,395.0,0.2576026882854761,30,588.0
6670.0,31,458.0,6.735294117647059,5.080940484422136,14,187.0,0.3239584077347772,17,462.0,0.34165905275463665,31,649.0
6675.0,31,579.0,8.514705882352942,5.308985021350763,14,240.0,0.30109915970410744,17,523.0,0.3434092147785574,31,763.0
6680.0,30,653.0,9.32857142857143,4.687052667149855,14,303.0,0.3046969262240857,16,524.0,0.21600077079910912,30,827.0
6685.0,34,583.0,7.878378378378378,4.78467365108344,14,295.0,0.3001788776018505,20,521.0,0.17852433247483698,34,816.0
6690.0,24,255.0,3.445945945945946,4.639601803873839,9,222.0,0.34883729693536797,15,441.0,0.16423860221182332,24,663.0
6695.0,24,223.0,3.140845070422535,5.2303591841605375,7,163.0,0.3928871601468332,17,362.0,0.18415222705579293,24,525.0
6700.0,33,289.0,3.958904109589041,4.913289759340231,12,193.0,0.35333526353330863,21,419.0,0.20774432405314305,33,612.0
6705.0,29,312.0,4.273972602739726,5.118588651400449,16,220.0,0.2450303180043783,13,424.0,0.30184782403494215,29,644.0
6710.0,26,369.0,4.986486486486487,4.4821109921040065,12,209.0,0.15156418339329977,14,419.0,0.24241847051115348,26,628.0
6715.0,28,349.0,4.716216216216216,4.7973771317584175,12,229.0,0.1664046187899131,16,406.0,0.26584647584498566,28,635.0
6720.0,30,370.0,5.138888888888889,5.1170114598621055,15,241.0,0.2387463790726558,15,405.0,0.2891377813082721,30,646.0
6725.0,30,428.0,5.863013698630137,4.242209172728632,14,278.0,0.2425805863405706,16,434.0,0.23719264122819392,30,712.0
6730.0,27,449.0,6.236111111111111,4.965222092505966,11,292.0,0.21389105218230375,16,429.0,0.27781414528007653,27,721.0
6735.0,28,481.0,6.774647887323944,4.649034612120754,11,285.0,0.23733910840023276,17,457.0,0.1952974695792071,28,742.0
6740.0,36,611.0,8.36986301369863,4.720935381729861,16,337.0,0.22769922831007253,20,498.0,0.1260268354977676,36,835.0
6745.0,34,581.0,8.671641791044776,3.826291478542049,16,390.0,0.23407736461147247,18,499.0,0.16887646765224334,34,889.0
6750.0,28,595.0,8.880597014925373,4.653298399437522,10,408.0,0.3036443440649543,18,436.0,0.18980831743713417,28,844.0
6755.0,30,609.0,9.08955223880597,4.032352016370759,11,404.0,0.28302778504436943,19,464.0,0.14851447408613697,30,868.0
6760.0,31,567.0,8.338235294117647,4.752286114764789,15,373.0,0.23962457179518423,16,452.0,0.2117003981337861,31,825.0
6765.0,29,317.0,4.803030303030303,4.165375949874443,14,313.0,0.22014010655643676,15,398.0,0.20244450929939897,29,711.0
6770.0,35,386.0,5.594202898550725,4.887979288501811,19,349.0,0.2730143809716117,16,322.0,0.26873350343159036,35,671.0
6775.0,32,453.0,6.661764705882353,4.202538030470119,17,388.0,0.24764938647273643,15,370.0,0.27876754565037914,32,758.0
6780.0,26,418.0,5.648648648648648,4.755535747762188,12,363.0,0.19627330280214667,14,391.0,0.2861971531513346,26,754.0
6785.0,24,390.0,5.342465753424658,5.43620333226256,12,354.0,0.21208328692795642,12,381.0,0.31707142938652666,24,735.0
6790.0,25,316.0,4.450704225352113,5.725354381386903,11,367.0,0.27850177335321574,14,366.0,0.31413688271734214,25,733.0
6795.0,26,307.0,4.582089552238806,4.270399835305762,14,386.0,0.2224813682938653,12,374.0,0.20979580009774682,26,760.0
6800.0,26,370.0,5.967741935483871,3.9133083732171596,11,387.0,0.2395500140257116,15,385.0,0.17847338267827836,26,772.0
6805.0,27,349.0,5.629032258064516,3.6475304128712316,9,332.0,0.2623127289000182,18,433.0,0.10549053632564197,27,765.0
6810.0,28,321.0,5.095238095238095,4.586724700899688,12,245.0,0.2415046117065535,16,442.0,0.19508423724162655,28,687.0
6815.0,30,268.0,4.1875,4.101866735230425,14,244.0,0.19733261521148615,16,429.0,0.20543323504269506,30,673.0
6820.0,33,405.0,6.428571428571429,4.971479755192637,16,290.0,0.2597619625499252,17,467.0,0.3500606535895705,33,757.0
6825.0,28,456.0,7.125,4.559884648124232,14,324.0,0.3198513695969852,14,519.0,0.3058461027342041,28,843.0
6830.0,23,425.0,6.25,5.215655005694187,8,294.0,0.33446656717061324,15,542.0,0.2730306563318913,23,836.0
6835.0,24,407.0,5.814285714285714,4.7671966395458245,7,275.0,0.26307741778917904,17,540.0,0.2408335170315156,24,815.0
6840.0,33,360.0,5.0,4.625159295839461,15,333.0,0.18009033923289303,18,550.0,0.2575619108145994,33,883.0
6845.0,33,359.0,5.202898550724638,3.52618747745179,18,369.0,0.1326783266474631,15,564.0,0.23113403115018483,33,933.0
6850.0,26,346.0,5.40625,4.061844659444159,10,351.0,0.2157856447158082,16,554.0,0.22386014553558037,26,905.0
6855.0,26,279.0,4.164179104477612,4.218356060508409,7,275.0,0.2684987909052207,19,607.0,0.18825472082063963,26,882.0
6860.0,28,253.0,3.6142857142857143,4.327779847940307,12,241.0,0.14728038145344766,16,628.0,0.23930668061756932,28,869.0
6865.0,34,350.0,4.929577464788732,3.7305096953836996,15,255.0,0.13984795317069523,19,671.0,0.23715432312668597,34,926.0
6870.0,29,411.0,5.956521739130435,4.970729897615649,8,238.0,0.3253828503266958,21,735.0,0.24723961489256052,29,973.0
6875.0,32,509.0,7.3768115942028984,4.580733345819592,8,227.0,0.39975627105932027,24,794.0,0.1467065834150654,32,1021.0
6880.0,26,547.0,8.044117647058824,4.6819942101493135,8,217.0,0.26660075773001435,18,814.0,0.170011813306156,26,1031.0
6885.0,32,594.0,8.735294117647058,4.184595030787811,12,232.0,0.16801058232136135,20,845.0,0.16496566987977485,32,1077.0
6890.0,37,636.0,9.085714285714285,4.20906383007464,13,194.0,0.2548653004849631,24,917.0,0.16986824872797507,37,1111.0
6895.0,37,759.0,10.842857142857143,4.161783389383225,16,258.0,0.3061589848675072,21,995.0,0.23771737219123543,37,1253.0
6900.0,33,867.0,12.385714285714286,4.247437530397641,12,300.0,0.32279471033828866,21,1032.0,0.2590437989206493,33,1332.0
6905.0,36,971.0,13.48611111111111,4.047453679509472,14,350.0,0.3580671406352741,22,1082.0,0.18547255116998973,36,1432.0
6910.0,31,944.0,12.586666666666666,4.467108444529311,13,344.0,0.22290279047117612,18,1089.0,0.24676980411800273,31,1433.0
6915.0,26,754.0,10.053333333333333,5.043433306613618,8,270.0,0.23940383076247224,18,1037.0,0.19913295151596186,26,1307.0
6920.0,30,441.0,6.041095890410959,4.233133078797342,9,209.0,0.23633532562907467,21,863.0,0.09071354448487838,30,1072.0
6925.0,39,380.0,5.428571428571429,3.77126083728324,15,263.0,0.1808351055477024,24,763.0,0.134880251840173,39,1026.0
6930.0,35,385.0,5.661764705882353,3.146555868953313,16,309.0,0.2005481782029175,19,813.0,0.15436183002217152,35,1122.0
6935.0,29,398.0,5.768115942028985,4.327612864011852,15,338.0,0.25287664075683486,14,815.0,0.21892100810372744,29,1153.0
6940.0,31,473.0,6.955882352941177,4.787209727455201,14,315.0,0.2513746579685291,17,836.0,0.22989796194885329,31,1151.0
6945.0,28,453.0,6.565217391304348,5.12500248609652,6,213.0,0.30259665085579984,22,811.0,0.15972793436012406,28,1024.0
6950.0,27,511.0,7.861538461538461,5.217249011053707,7,197.0,0.3743474290311098,20,740.0,0.15188733269980453,27,937.0
6955.0,29,612.0,10.2,4.343527843229268,11,210.0,0.2914835209034586,18,753.0,0.20020032359021808,29,963.0
6960.0,27,499.0,8.75438596491228,3.7965543759719536,9,187.0,0.3054377355277095,18,745.0,0.19238811854609733,27,932.0
6965.0,30,608.0,10.305084745762711,4.474173894098045,13,219.0,0.32319384471197016,17,750.0,0.2076335538865748,30,969.0
6970.0,32,734.0,11.65079365079365,4.596303198227586,12,274.0,0.3639487882715297,20,764.0,0.21329827550929123,32,1038.0
6975.0,34,850.0,12.686567164179104,4.969734304069555,15,339.0,0.3483772125552908,19,729.0,0.2827118522317393,34,1068.0
6980.0,29,635.0,9.477611940298507,3.885735620870874,13,335.0,0.26162737525991614,16,665.0,0.27300415927841415,29,1000.0
6985.0,27,415.0,6.287878787878788,4.080966440222791,7,257.0,0.37860061749520363,20,543.0,0.1536563627920565,27,800.0
6990.0,26,295.0,4.27536231884058,3.974017708507505,7,204.0,0.33802926385802295,19,544.0,0.12095718785635158,26,748.0
6995.0,25,238.0,3.449275362318841,4.631270237563567,12,194.0,0.2526227623825312,13,489.0,0.17231664365420327,25,683.0
7000.0,34,327.0,4.605633802816901,3.6569303776433313,17,241.0,0.17818742987588848,17,507.0,0.1217225266705904,34,748.0
7005.0,40,433.0,6.367647058823529,4.16429183341732,21,339.0,0.24798512917437954,19,534.0,0.15436318164052246,40,873.0
7010.0,36,502.0,7.84375,3.644009042584015,17,366.0,0.2823356383842587,19,542.0,0.1435508509972976,36,908.0
7015.0,29,427.0,6.887096774193548,3.0690994043591595,11,333.0,0.23366307713575457,18,519.0,0.06551102508517202,29,852.0
7020.0,27,421.0,6.682539682539683,3.2904346650092604,11,300.0,0.24131605103893536,16,528.0,0.07874128344351869,27,828.0
7025.0,28,426.0,6.983606557377049,4.223069459098613,14,318.0,0.2219519648279972,14,487.0,0.17585530899483515,28,805.0
7030.0,29,282.0,4.862068965517241,3.486779661355059,17,294.0,0.1513616581049297,12,422.0,0.21860015397649205,29,716.0
7035.0,35,437.0,7.406779661016949,3.9018622121348794,20,372.0,0.16044979339277174,15,424.0,0.23382295395294114,35,796.0
7040.0,34,509.0,8.929824561403509,3.4752259250552977,20,408.0,0.2138517849255707,14,446.0,0.18003945390025722,34,854.0
7045.0,23,436.0,7.927272727272728,4.493833848034251,10,352.0,0.33021874976785426,13,441.0,0.16835234838125718,23,793.0
7050.0,21,320.0,5.818181818181818,3.8082039550586204,10,322.0,0.28900098807358254,11,422.0,0.14183887845367216,21,744.0
7055.0,28,272.0,4.689655172413793,4.588816284217434,16,340.0,0.23021393838605367,12,368.0,0.2584767245471709,28,708.0
7060.0,26,281.0,4.9298245614035086,4.47738287449021,17,351.0,0.20850289171566225,9,353.0,0.35917420310661,26,704.0
7065.0,20,253.0,4.517857142857143,5.261149036198608,12,317.0,0.15378919720641812,8,285.0,0.37847983425681997,20,602.0
7070.0,16,229.0,4.320754716981132,5.482906774808679,8,267.0,0.20025683066191655,8,301.0,0.32467961952642904,16,568.0
7075.0,18,169.0,3.1296296296296298,5.21103030857245,8,212.0,0.2500130069492252,10,278.0,0.1603837241102871,18,490.0
7080.0,20,227.0,4.283018867924528,5.327394898633038,9,210.0,0.3472950154380897,11,228.0,0.2104459491176221,20,438.0
7085.0,15,234.0,4.68,5.951324848657983,5,173.0,0.4204900291709593,10,259.0,0.2706775749283258,15,432.0
7090.0,18,313.0,6.137254901960785,6.283125403623579,8,177.0,0.40875908808550543,10,295.0,0.26692998004137486,18,472.0
7095.0,13,231.0,4.62,6.603801788453136,7,161.0,0.34376610704541616,6,240.0,0.26569939786722724,13,401.0
7100.0,18,242.0,5.041666666666667,6.9948648708745464,11,199.0,0.3067423625458236,7,156.0,0.39836457639405476,18,355.0
7105.0,16,204.0,4.340425531914893,5.780014908038636,11,251.0,0.25573931618656587,5,99.0,0.3860590228918462,16,350.0
7110.0,20,289.0,6.568181818181818,5.851280630750386,14,326.0,0.29521486445329936,6,82.0,0.4716843260265768,20,408.0
7115.0,19,275.0,5.978260869565218,4.519431800012644,12,343.0,0.28875540008516676,7,79.0,0.3497116450891162,19,422.0
7120.0,22,361.0,7.22,5.140765687499704,14,370.0,0.24473779268651608,8,116.0,0.4425434206338029,22,486.0
7125.0,20,301.0,5.679245283018868,5.662824689770261,14,387.0,0.28640248328884615,6,112.0,0.4847573634141039,20,499.0
7130.0,12,269.0,5.173076923076923,6.238890418680687,6,364.0,0.2878195650738818,6,98.0,0.4510835544241282,12,462.0
7135.0,18,241.0,4.7254901960784315,5.597007626455782,8,304.0,0.26519546397945193,10,128.0,0.182944809968678,18,432.0
7140.0,22,207.0,3.980769230769231,5.482916245654128,11,209.0,0.21689982467311206,11,183.0,0.11376599595638039,22,392.0
7145.0,23,281.0,5.509803921568627,4.902447061642493,12,209.0,0.25117459118736213,11,238.0,0.21187010447486265,23,447.0
7150.0,16,263.0,5.595744680851064,5.930425580783057,7,185.0,0.37786142334376294,9,248.0,0.2572609096385302,16,433.0
7155.0,18,311.0,6.479166666666667,5.342546823910578,9,198.0,0.3065766347842596,9,273.0,0.24680360813281024,18,471.0
7160.0,21,300.0,6.382978723404255,5.3982504987585145,12,246.0,0.30921116388542275,9,253.0,0.35421025252694877,21,499.0
7165.0,21,371.0,8.244444444444444,4.901475148016963,11,269.0,0.31615291624750236,10,262.0,0.38907391928079904,21,531.0
7170.0,19,261.0,5.553191489361702,4.472096464689822,11,260.0,0.27659433803984224,8,188.0,0.3271769000241623,19,448.0
7175.0,15,196.0,3.92,6.025053312862993,10,211.0,0.3765657556252183,5,88.0,0.3939947107203443,15,299.0
7180.0,14,125.0,2.358490566037736,6.294211561739358,8,162.0,0.431753287087575,6,68.0,0.2812381521491079,14,230.0
7185.0,13,153.0,2.9423076923076925,6.37941733987627,8,186.0,0.32795575723137765,5,50.0,0.47226738085904474,13,236.0
7190.0,16,195.0,3.6792452830188678,5.698780960681521,10,201.0,0.22832480320715742,6,59.0,0.40780471784414385,16,260.0
7195.0,19,155.0,2.767857142857143,5.722667445314603,12,165.0,0.22729714592919062,7,89.0,0.3872014286078176,19,254.0
7200.0,20,186.0,3.4444444444444446,5.768237067717717,15,185.0,0.19468663433259822,5,74.0,0.44565276341227633,20,259.0
