step,system_total_stopped,system_total_waiting_time,system_mean_waiting_time,system_mean_speed,J17_stopped,J17_accumulated_waiting_time,J17_average_speed,J18_stopped,J18_accumulated_waiting_time,J18_average_speed,agents_total_stopped,agents_total_accumulated_waiting_time
5.0,1,0.0,0.0,1.9401926644844933,0,0.0,1.0,1,0.0,0.1273315380374707,1,0.0
10.0,0,0.0,0.0,6.733778975632352,0,0.0,0.39704727615243934,0,0.0,0.5703231194339092,0,0.0
15.0,1,0.0,0.0,9.381808761592465,0,0.0,0.7171318707468701,1,0.0,0.6238789249569149,1,0.0
20.0,1,0.0,0.0,9.375701387577648,1,0.0,0.6576956927002815,0,0.0,0.6825184851746183,1,0.0
25.0,1,2.0,0.13333333333333333,8.03401598787727,0,0.0,0.6121115634374311,1,2.0,0.5445839703871643,1,2.0
30.0,6,14.0,0.7,7.154680766521193,4,5.0,0.41818192971370177,2,9.0,0.5564167469271633,6,14.0
35.0,6,38.0,1.6521739130434783,7.551865407410131,3,17.0,0.548461050591895,3,21.0,0.5086311491178284,6,38.0
40.0,9,75.0,2.8846153846153846,6.386127784546313,4,34.0,0.41187354443198865,5,41.0,0.3859127182994821,9,75.0
45.0,8,85.0,3.0357142857142856,6.513919986025512,3,38.0,0.3471116112202821,5,51.0,0.5351299988477229,8,89.0
50.0,12,129.0,4.3,5.381717828209216,6,61.0,0.32257934129641364,6,74.0,0.4046707623104288,12,135.0
55.0,14,195.0,6.290322580645161,5.903166858989956,6,91.0,0.4522491802293518,8,110.0,0.36913869787802084,14,201.0
60.0,12,196.0,6.125,5.742322391985476,2,70.0,0.5450800138691535,10,155.0,0.31054910829321103,12,225.0
65.0,15,265.0,8.030303030303031,4.437885273888881,4,64.0,0.3455147989613073,11,207.0,0.23358246756135928,15,271.0
70.0,12,167.0,4.394736842105263,5.009103619147013,3,28.0,0.369449641787465,9,193.0,0.3301212241246973,12,221.0
75.0,13,218.0,5.45,7.109211757830269,4,36.0,0.43148670453533206,9,197.0,0.49088342829602444,13,233.0
80.0,10,99.0,2.25,7.180255568064536,3,23.0,0.5285905186621109,7,147.0,0.48219754424595,10,170.0
85.0,10,75.0,1.6666666666666667,7.7155814173047945,2,27.0,0.6182700273506254,8,122.0,0.4131039144256144,10,149.0
90.0,16,139.0,2.8958333333333335,7.058628796439035,4,36.0,0.5394287019059715,12,120.0,0.3062150011720036,16,156.0
95.0,12,141.0,2.9375,6.910144127138764,1,24.0,0.6031692114146993,11,156.0,0.22330042028050703,12,180.0
100.0,14,183.0,4.159090909090909,6.55952327386953,2,18.0,0.5236816091431037,12,180.0,0.24027010670968277,14,198.0
105.0,17,243.0,5.651162790697675,5.7714455404702125,3,20.0,0.4489900619960799,14,240.0,0.20369413214782006,17,260.0
110.0,21,334.0,7.260869565217392,5.827515076072579,7,40.0,0.2617155608988033,14,311.0,0.3342597408984753,21,351.0
115.0,17,317.0,7.5476190476190474,5.48973276028381,7,66.0,0.25710636953797494,10,312.0,0.4057839498080476,17,378.0
120.0,20,394.0,9.609756097560975,4.8853123544002734,8,111.0,0.42522723736301143,12,309.0,0.28966692721141424,20,420.0
125.0,20,327.0,7.785714285714286,3.900000263099805,4,95.0,0.5009912497299327,16,314.0,0.15522591784115125,20,409.0
130.0,19,345.0,8.023255813953488,4.8479086405704415,3,41.0,0.44321338625948864,16,338.0,0.18038512746546811,19,379.0
135.0,19,257.0,5.711111111111111,4.829949365578962,4,25.0,0.40345380193178076,15,337.0,0.16437813533255063,19,362.0
140.0,16,186.0,4.2272727272727275,5.657092318608632,5,40.0,0.5578767396895131,11,288.0,0.17191695525321585,16,328.0
145.0,18,183.0,3.9782608695652173,5.227980927623747,7,69.0,0.453663223482793,11,296.0,0.23155893041100048,18,365.0
150.0,23,234.0,4.9787234042553195,4.9032392680471615,12,113.0,0.2586380451312463,11,262.0,0.2942957352441776,23,375.0
155.0,17,208.0,4.333333333333333,4.760894254109993,9,138.0,0.28714859601472026,8,260.0,0.22852236380084523,17,398.0
160.0,21,293.0,5.745098039215686,6.152980892419115,11,189.0,0.3317312942967265,10,251.0,0.3387177752898028,21,440.0
165.0,19,260.0,5.0,5.8205078159969315,8,179.0,0.38828854267937873,11,257.0,0.3204580157561021,19,436.0
170.0,16,244.0,4.979591836734694,5.952520415096504,4,104.0,0.4663526921066093,12,317.0,0.2952882360280265,16,421.0
175.0,15,219.0,4.38,4.771617589706394,4,83.0,0.357790715593051,11,333.0,0.20887396242846437,15,416.0
180.0,23,269.0,5.2745098039215685,4.840079984698625,12,100.0,0.15966033961152715,11,331.0,0.31645950329116546,23,431.0
185.0,24,273.0,5.46,4.746146671180628,15,166.0,0.1806440523652428,9,252.0,0.36508584406534295,24,418.0
190.0,24,257.0,4.9423076923076925,4.972400252280559,16,245.0,0.20332618522772963,8,171.0,0.38121862964001946,24,416.0
195.0,20,228.0,4.30188679245283,4.5881093072886285,12,245.0,0.3064171992029691,8,171.0,0.3018244466917123,20,416.0
200.0,21,210.0,4.117647058823529,4.932524444769792,7,201.0,0.34059359484064977,14,198.0,0.24148897461783173,21,399.0
205.0,20,266.0,5.32,4.813782184500274,9,184.0,0.3371279338057157,11,227.0,0.15210788947159,20,411.0
210.0,24,352.0,7.04,5.498901867965802,11,218.0,0.31225127458944957,13,251.0,0.14489555298666626,24,469.0
215.0,21,414.0,8.28,5.103988001207118,9,258.0,0.31988064821514894,12,243.0,0.09390269471292315,21,501.0
220.0,22,436.0,8.384615384615385,5.501976969221882,13,314.0,0.32251191840884363,9,210.0,0.17874182793105647,22,524.0
225.0,23,531.0,10.62,5.771418594344357,15,382.0,0.38167876943339535,8,211.0,0.31212371054489524,23,593.0
230.0,21,521.0,9.648148148148149,4.629721352674087,13,387.0,0.33195005076753403,8,226.0,0.27544354450220027,21,613.0
235.0,28,588.0,10.31578947368421,5.343859079714753,16,390.0,0.33756156004233284,12,277.0,0.3424363700723802,28,667.0
240.0,25,345.0,5.948275862068965,4.767248292197949,16,333.0,0.2284591168463016,9,242.0,0.42563597045273077,25,575.0
245.0,30,419.0,6.868852459016393,4.966790753869028,19,262.0,0.26440549645030204,11,245.0,0.3910942409356302,30,507.0
250.0,28,334.0,5.301587301587301,4.213531934456521,18,295.0,0.28472199800758574,10,218.0,0.28094235975056053,28,513.0
255.0,22,262.0,3.91044776119403,5.2653323006906785,11,262.0,0.34267855163321415,11,199.0,0.2926087155407111,22,461.0
260.0,24,257.0,3.6714285714285713,4.905221528266472,13,264.0,0.3173358663564218,11,233.0,0.20976797709337278,24,497.0
265.0,27,352.0,5.0285714285714285,5.492988606600154,17,291.0,0.30275021960673576,10,265.0,0.26871062448874483,27,556.0
270.0,35,429.0,5.958333333333333,4.4605324924629,24,390.0,0.19239422390026062,11,262.0,0.2733890442202056,35,652.0
275.0,33,377.0,5.164383561643835,4.375438631089526,24,431.0,0.1991925593835127,9,213.0,0.31871289093249616,33,644.0
280.0,33,442.0,6.138888888888889,4.132956649469141,24,486.0,0.2342766401980747,9,240.0,0.36822757752055607,33,726.0
285.0,32,476.0,6.2631578947368425,4.532285051928963,21,509.0,0.24206166076797772,11,265.0,0.36463432860544726,32,774.0
290.0,26,342.0,4.384615384615385,4.365967263154604,16,449.0,0.1765373710329773,10,266.0,0.3194967005998589,26,715.0
295.0,35,340.0,4.30379746835443,3.88962543466609,17,474.0,0.21037488895251766,18,330.0,0.20470421539317576,35,804.0
300.0,37,354.0,4.597402597402597,4.133055763370808,18,448.0,0.257289037569811,19,367.0,0.1861332685982973,37,815.0
305.0,44,486.0,6.5675675675675675,3.0527129813923763,23,481.0,0.1389226053164512,21,382.0,0.15132295334491325,44,863.0
310.0,41,567.0,7.56,3.52199988569027,23,469.0,0.17824075480903306,18,437.0,0.10091824725379844,41,906.0
315.0,31,608.0,8.106666666666667,4.684849997543829,18,475.0,0.2226413354089574,13,446.0,0.18261888850443284,31,921.0
320.0,28,674.0,9.232876712328768,5.3199950161647145,15,501.0,0.26104536795470923,13,483.0,0.22130395155984656,28,984.0
325.0,33,808.0,11.542857142857143,5.026125684828487,17,527.0,0.20295181117912486,16,553.0,0.3188080140042109,33,1080.0
330.0,38,948.0,13.73913043478261,3.990903169198208,22,594.0,0.19224866260745502,16,615.0,0.28737419542382686,38,1209.0
335.0,34,1078.0,16.584615384615386,4.345164330612821,17,629.0,0.29712737994364946,17,700.0,0.2481924058984556,34,1329.0
340.0,29,947.0,14.348484848484848,3.990495307368213,14,607.0,0.3103654193831279,15,632.0,0.1483330333874848,29,1239.0
345.0,33,817.0,12.014705882352942,4.272330400637291,18,660.0,0.2213338947428776,15,529.0,0.2059435189539181,33,1189.0
350.0,30,565.0,8.432835820895523,4.28559465198496,20,620.0,0.20670788738364107,10,505.0,0.2820132460004562,30,1125.0
355.0,25,285.0,3.9583333333333335,4.68846329815511,20,538.0,0.14105064185973626,5,414.0,0.32990176092796036,25,952.0
360.0,30,350.0,5.072463768115942,5.229008831622453,19,497.0,0.22397709859528622,11,402.0,0.3823193251950911,30,899.0
365.0,31,446.0,6.28169014084507,5.11057967708051,22,583.0,0.20576142040354786,9,366.0,0.3890888360732904,31,949.0
370.0,35,555.0,7.928571428571429,4.527458730720829,27,693.0,0.16806108752692955,8,277.0,0.4161341555957045,35,970.0
375.0,37,592.0,8.0,3.706080067423103,27,749.0,0.19267709458689064,10,310.0,0.3191630057952288,37,1059.0
380.0,35,486.0,6.657534246575342,3.9651265558362017,18,709.0,0.2661784678572812,17,381.0,0.24174039099474925,35,1090.0
385.0,35,489.0,6.269230769230769,3.6125828480459288,16,687.0,0.23120679726818358,19,437.0,0.18186081025427936,35,1124.0
390.0,34,511.0,6.2317073170731705,4.333758418783843,19,614.0,0.21295667043157862,15,461.0,0.2805488968161018,34,1075.0
395.0,34,561.0,6.925925925925926,4.2634062487452224,23,705.0,0.1907603893856678,11,410.0,0.31231022657431623,34,1115.0
400.0,40,684.0,8.047058823529412,4.306969340804991,28,827.0,0.1704399688907468,12,320.0,0.3163511279529766,40,1147.0
405.0,44,620.0,7.654320987654321,3.878180641217364,32,884.0,0.17392763479057505,12,254.0,0.3545053253191631,44,1138.0
410.0,37,625.0,7.9113924050632916,3.5818164100331624,23,835.0,0.17245336154933164,14,214.0,0.22624431623695263,37,1049.0
415.0,36,585.0,7.222222222222222,3.5902671515508513,19,865.0,0.22442534256030844,17,253.0,0.12679046090051935,36,1118.0
420.0,30,610.0,7.7215189873417724,3.740563956874263,17,880.0,0.1697596530661004,13,264.0,0.21980886761574184,30,1144.0
425.0,36,461.0,5.987012987012987,3.6228441464502437,21,813.0,0.1312235097375264,15,325.0,0.30376848895666586,36,1138.0
430.0,46,590.0,7.662337662337662,3.512728104173332,29,745.0,0.07594186496073871,17,409.0,0.3147188870189103,46,1154.0
435.0,47,611.0,8.039473684210526,2.5789499110043907,33,787.0,0.08037768204203859,14,405.0,0.21682206748392643,47,1192.0
440.0,43,617.0,8.118421052631579,3.213245228586453,23,729.0,0.08416158003488972,20,406.0,0.2033344977127038,43,1135.0
445.0,36,623.0,8.090909090909092,3.680451726645289,18,699.0,0.1732724395843029,18,449.0,0.17044280151062863,36,1148.0
450.0,27,640.0,8.10126582278481,5.25746123128248,14,634.0,0.2508430669018106,13,459.0,0.2491763344537092,27,1093.0
455.0,27,511.0,6.636363636363637,5.271683880175932,13,616.0,0.26167522814232214,14,410.0,0.2281739695664131,27,1026.0
460.0,29,368.0,4.842105263157895,5.25168508466227,16,610.0,0.16567345608671688,13,356.0,0.303678731245697,29,966.0
465.0,34,399.0,5.541666666666667,4.596292441096042,22,637.0,0.12446951926118233,12,379.0,0.30570944878476497,34,1016.0
470.0,36,394.0,5.880597014925373,3.991402963575055,22,616.0,0.09193755870713016,14,367.0,0.2945532788065824,36,983.0
475.0,36,505.0,7.890625,3.8046131989010687,19,641.0,0.08392052897961208,17,437.0,0.28111461993213305,36,1078.0
480.0,32,513.0,7.892307692307693,4.283858947617082,13,582.0,0.1471365775741926,19,526.0,0.2507522184170448,32,1108.0
485.0,23,383.0,5.984375,4.881394797462686,6,452.0,0.2991372547961872,17,555.0,0.2256933848618385,23,1007.0
490.0,29,493.0,7.584615384615384,5.2703380899104335,9,457.0,0.3039456161844189,20,590.0,0.22360460284323677,29,1047.0
495.0,29,497.0,7.6461538461538465,4.756825128309113,11,455.0,0.3452905652840307,18,585.0,0.22698774710857114,29,1040.0
500.0,26,478.0,7.46875,5.518025581952989,8,385.0,0.3831534455858623,18,576.0,0.26384497762578,26,961.0
505.0,24,414.0,6.786885245901639,4.814900706245946,8,323.0,0.41577682975593117,16,550.0,0.14941412460419176,24,873.0
510.0,31,367.0,5.5606060606060606,4.5421569859941,14,318.0,0.28653437800178416,17,463.0,0.1836983714599039,31,781.0
515.0,26,260.0,3.9393939393939394,4.545457607191535,16,289.0,0.3025696452302633,10,481.0,0.2785887382479989,26,770.0
520.0,26,231.0,3.347826086956522,4.759369643635145,17,219.0,0.26445109956586743,9,440.0,0.2971964898094257,26,659.0
525.0,33,298.0,4.197183098591549,4.149054042598976,19,269.0,0.2186839573147725,14,481.0,0.241982758294974,33,750.0
530.0,40,463.0,6.342465753424658,4.640843186207922,21,327.0,0.24816387106963608,19,575.0,0.2888508515204529,40,902.0
535.0,42,607.0,8.430555555555555,3.5711881558742897,24,431.0,0.1980502992906332,18,576.0,0.1864917480990218,42,1007.0
540.0,41,719.0,10.420289855072463,2.9768063120261417,26,552.0,0.10647602641741073,15,537.0,0.22354213927919228,41,1089.0
545.0,40,683.0,9.619718309859154,2.9980979800484446,26,598.0,0.09899820226405745,14,542.0,0.22216780450009635,40,1140.0
550.0,28,454.0,6.394366197183099,3.800023950236731,19,569.0,0.08801217249217048,9,503.0,0.2613441145258199,28,1072.0
555.0,26,454.0,6.579710144927536,4.63367696919697,16,632.0,0.13527157283449914,10,475.0,0.34543936296872824,26,1107.0
560.0,30,544.0,7.661971830985915,4.440095136665872,19,699.0,0.14820457938761178,11,430.0,0.29286136364975457,30,1129.0
565.0,36,610.0,8.714285714285714,3.520878313818657,23,747.0,0.15615987489465522,13,457.0,0.2668799191595846,36,1204.0
570.0,33,591.0,8.565217391304348,3.8107793936712544,23,778.0,0.12666371889087877,10,463.0,0.3399266349970886,33,1241.0
575.0,34,663.0,8.95945945945946,4.06840431160014,23,792.0,0.12320660415259364,11,463.0,0.38324919361742543,34,1255.0
580.0,34,639.0,8.635135135135135,4.643618332576516,18,685.0,0.2299626500153108,16,463.0,0.28946976038691136,34,1148.0
585.0,32,496.0,6.985915492957746,4.766903144409198,13,590.0,0.37674689921295745,19,367.0,0.1611250651946816,32,957.0
590.0,32,511.0,7.3,3.780983239687516,14,635.0,0.2703270327504325,18,277.0,0.15073828015012564,32,912.0
595.0,41,626.0,8.45945945945946,3.207376049799312,24,718.0,0.1421042119565661,17,317.0,0.19948809525180497,41,1035.0
600.0,38,643.0,8.573333333333334,4.0158845844158515,26,771.0,0.1550148951073847,12,304.0,0.23725374717234507,38,1075.0
605.0,35,605.0,7.756410256410256,4.268214601610917,23,783.0,0.11830749760285605,12,294.0,0.3053875843823305,35,1077.0
610.0,37,444.0,5.55,4.39043087524001,22,746.0,0.18617115199356568,15,286.0,0.29910538508672757,37,1032.0
615.0,39,547.0,6.924050632911392,4.488224860781569,22,688.0,0.27396397096450315,17,317.0,0.2856554421854167,39,1005.0
620.0,36,583.0,7.671052631578948,4.100966996437917,22,678.0,0.13709485668720828,14,298.0,0.3513428851564777,36,976.0
625.0,33,491.0,6.4605263157894735,4.673045752779777,18,591.0,0.09763923052479931,15,355.0,0.33970931302881485,33,946.0
630.0,26,469.0,6.171052631578948,4.836015447806272,10,582.0,0.1586542938629101,16,396.0,0.22975926436727476,26,978.0
635.0,32,573.0,7.743243243243243,5.177203426626546,13,595.0,0.2718127597463236,19,452.0,0.2414111762295957,32,1047.0
640.0,38,633.0,9.042857142857143,3.91900343616592,17,580.0,0.24324488138605257,21,490.0,0.20662285209859652,38,1070.0
645.0,29,618.0,8.82857142857143,3.625686067961365,11,488.0,0.18595940809704217,18,532.0,0.19206692245555418,29,1020.0
650.0,27,670.0,9.43661971830986,4.02811669374939,9,439.0,0.27438060934045394,18,592.0,0.1713487993992805,27,1031.0
655.0,31,743.0,10.04054054054054,5.01245159598584,10,451.0,0.310803674631674,21,619.0,0.1903156743791251,31,1070.0
660.0,34,725.0,9.797297297297296,4.728246816694533,14,508.0,0.2184337609408923,20,614.0,0.2631374992639885,34,1122.0
665.0,36,570.0,7.916666666666667,4.328048523771808,18,537.0,0.1836746116136352,18,560.0,0.24628950365077604,36,1097.0
670.0,40,722.0,10.314285714285715,3.7632602703095164,21,568.0,0.20901670968245326,19,548.0,0.2350926754104977,40,1116.0
675.0,41,811.0,11.422535211267606,2.8601186972299835,20,608.0,0.19215117752945118,21,542.0,0.18180150472769563,41,1150.0
680.0,35,769.0,10.830985915492958,3.576834512359175,15,580.0,0.23684059329928542,20,533.0,0.2088692077029514,35,1113.0
685.0,29,552.0,7.666666666666667,3.6383216403977525,11,533.0,0.2713572319394581,18,539.0,0.19042796289964123,29,1072.0
690.0,25,246.0,3.236842105263158,4.205826775602117,13,412.0,0.24304999327790125,12,455.0,0.2528166848943684,25,867.0
695.0,31,345.0,4.423076923076923,3.5625228998937724,16,439.0,0.16581611314536512,15,473.0,0.2554975931543701,31,912.0
700.0,32,426.0,5.3924050632911396,4.030568297938928,15,435.0,0.1860400253132679,17,505.0,0.2551596268970694,32,940.0
705.0,32,505.0,6.234567901234568,3.680899279012354,15,374.0,0.1910830305818505,17,507.0,0.18472975859850932,32,881.0
710.0,32,603.0,7.353658536585366,4.317171629359167,14,423.0,0.2615852494309165,18,464.0,0.21162215238113202,32,887.0
715.0,35,616.0,7.421686746987952,3.5002522236921223,17,450.0,0.23164772981475631,18,471.0,0.16935408701021543,35,921.0
720.0,31,577.0,7.036585365853658,3.94914784701263,14,452.0,0.20907535406813216,17,447.0,0.14273995238853113,31,899.0
725.0,31,677.0,8.569620253164556,4.867911515439856,16,482.0,0.24161360818109598,15,448.0,0.18483367653360958,31,930.0
730.0,27,457.0,5.6419753086419755,4.494302910446601,13,414.0,0.20529187901307722,14,417.0,0.12415341968683234,27,831.0
735.0,28,430.0,5.584415584415584,4.418454629302906,13,311.0,0.2680902156427112,15,408.0,0.1599191134696676,28,719.0
740.0,42,501.0,6.2625,3.6927394547687813,21,361.0,0.20802689321974815,21,455.0,0.1867429177736261,42,816.0
745.0,35,582.0,7.185185185185185,4.468107968818347,19,409.0,0.24693714609496645,16,463.0,0.2552636479360119,35,872.0
750.0,27,376.0,4.7,4.594186812562398,12,335.0,0.24284156638240736,15,430.0,0.27153419283853536,27,765.0
755.0,34,414.0,5.2405063291139244,4.561467384121011,19,358.0,0.23925437159429896,15,372.0,0.329515675961178,34,730.0
760.0,44,568.0,7.376623376623376,3.4548782075211792,25,429.0,0.15632040056548055,19,441.0,0.2579450002596302,44,870.0
765.0,44,725.0,9.539473684210526,3.1647468542779764,22,481.0,0.1225281935321375,22,541.0,0.17182064349316065,44,1022.0
770.0,37,701.0,9.103896103896103,3.132322635091398,18,491.0,0.15207986755582104,19,581.0,0.10977961538781315,37,1072.0
775.0,39,795.0,10.192307692307692,3.5977861277153966,18,484.0,0.17781151909262077,21,623.0,0.12452319696698108,39,1107.0
780.0,40,688.0,8.708860759493671,3.3697258556862044,22,506.0,0.11746741343800768,18,592.0,0.21926929958221977,40,1098.0
785.0,36,480.0,5.783132530120482,4.723856622579004,27,531.0,0.12089863692897762,9,485.0,0.38494620901181537,36,1016.0
790.0,35,505.0,6.3125,5.161690265598454,27,598.0,0.13301393900118594,8,392.0,0.4671620099927333,35,990.0
795.0,29,487.0,6.1645569620253164,5.816250229684085,19,581.0,0.2316492330588061,10,332.0,0.376308865699901,29,913.0
800.0,21,221.0,2.8701298701298703,4.780469826730544,12,579.0,0.22302210992663565,9,261.0,0.16161559328096994,21,840.0
805.0,30,278.0,3.6103896103896105,4.894687042786012,18,597.0,0.22146306462605808,12,184.0,0.2677154852642208,30,781.0
810.0,36,366.0,4.753246753246753,4.608554301196668,24,633.0,0.2594013774547112,12,207.0,0.35764214912256026,36,840.0
815.0,28,453.0,6.205479452054795,5.133905560256592,16,609.0,0.2841457327232268,12,257.0,0.41386858141603544,28,866.0
820.0,26,381.0,4.9480519480519485,4.128295504614791,14,598.0,0.20441996951588587,12,259.0,0.2852252936417933,26,857.0
825.0,32,446.0,5.792207792207792,4.314316629186462,17,567.0,0.1730652441769921,15,276.0,0.28409706107832744,32,843.0
830.0,39,403.0,5.166666666666667,3.840880418130278,23,578.0,0.12309389710738215,16,263.0,0.2691575177273426,39,841.0
835.0,36,362.0,4.826666666666667,4.330289922583402,29,523.0,0.06210439544581952,7,202.0,0.34890100193404106,36,725.0
840.0,40,467.0,6.3108108108108105,4.592351781023484,28,569.0,0.09505443230689316,12,179.0,0.364566029194264,40,748.0
845.0,29,456.0,5.922077922077922,5.2734861761462595,17,499.0,0.1754961769861538,12,193.0,0.24565413704740757,29,692.0
850.0,20,393.0,5.383561643835616,5.759484734689374,11,440.0,0.22053164185116086,9,211.0,0.2874136698964791,20,651.0
855.0,21,354.0,4.985915492957746,6.255794439986135,9,389.0,0.29229836187839303,12,233.0,0.3490899064586893,21,622.0
860.0,22,292.0,4.171428571428572,6.068894013735827,13,363.0,0.286151128860013,9,199.0,0.3460405491256086,22,562.0
865.0,29,380.0,6.031746031746032,5.093181569158325,16,397.0,0.3030451475525945,13,185.0,0.28154095495566855,29,582.0
870.0,26,387.0,6.241935483870968,4.637462076128303,13,370.0,0.2790126447131642,13,207.0,0.17157779257320244,26,577.0
875.0,17,405.0,6.75,5.270994268115832,10,327.0,0.24290895907209958,7,191.0,0.20796690441963295,17,518.0
880.0,17,345.0,5.75,5.442938121894304,9,278.0,0.20763736947314324,8,209.0,0.28475118965495927,17,487.0
885.0,25,401.0,6.913793103448276,5.190466268288602,13,233.0,0.1783055630455948,12,262.0,0.34948712475044075,25,495.0
890.0,28,349.0,6.232142857142857,4.484402444964973,15,276.0,0.20203904102929063,13,213.0,0.3159265066707867,28,489.0
895.0,21,320.0,5.818181818181818,4.925899418655876,8,284.0,0.2768767310002624,13,191.0,0.2799105400036554,21,475.0
900.0,21,356.0,6.245614035087719,4.777169488575639,9,279.0,0.35018249997136,12,197.0,0.15332704611580242,21,476.0
905.0,21,374.0,6.338983050847458,6.2253212962382305,10,320.0,0.34121439639264445,11,176.0,0.25159440218249957,21,496.0
910.0,17,420.0,7.9245283018867925,6.387053284132379,9,342.0,0.2584879203286179,8,178.0,0.36387125004421356,17,520.0
915.0,20,484.0,9.490196078431373,5.099878077676766,8,369.0,0.2203752820469416,12,229.0,0.270869017730547,20,598.0
920.0,24,502.0,10.458333333333334,4.3713811660729895,12,416.0,0.19923893407555948,12,246.0,0.3172453738102618,24,662.0
925.0,28,633.0,13.76086956521739,3.929356118985427,13,482.0,0.277581456223655,15,268.0,0.22124281863264486,28,750.0
930.0,28,497.0,10.142857142857142,2.9225373475600143,11,423.0,0.22149845789373668,17,259.0,0.09630918454618273,28,682.0
935.0,24,476.0,9.333333333333334,4.615465482195681,12,354.0,0.27601157714730795,12,256.0,0.2661530822666574,24,610.0
940.0,24,466.0,9.137254901960784,4.356206586897959,14,382.0,0.27662971533767744,10,256.0,0.2960637008477311,24,638.0
945.0,23,485.0,8.818181818181818,5.0474375815886665,13,388.0,0.2699402327602568,10,211.0,0.3197502186936374,23,599.0
950.0,27,520.0,9.12280701754386,4.773691539032899,17,459.0,0.21128898113170602,10,216.0,0.3141208575540846,27,675.0
955.0,25,347.0,5.88135593220339,5.33765960401647,13,309.0,0.2810902090995835,12,198.0,0.31662411054343403,25,507.0
960.0,22,271.0,4.754385964912281,5.015389473345105,10,272.0,0.27845645622397147,12,211.0,0.2919953272820477,22,483.0
965.0,20,305.0,5.545454545454546,5.780839324716663,10,253.0,0.33768476234179967,10,223.0,0.30879336224571724,20,476.0
970.0,20,346.0,6.178571428571429,4.520766034881855,10,281.0,0.18665994737745395,10,244.0,0.23935151847295186,20,525.0
975.0,30,473.0,8.155172413793103,4.521206876527762,16,342.0,0.17595887696950213,14,308.0,0.29342868592120575,30,650.0
980.0,30,399.0,6.762711864406779,4.938129754695296,14,333.0,0.27081560201133453,16,327.0,0.31161659488158133,30,660.0
985.0,18,240.0,4.137931034482759,5.529816248225492,6,264.0,0.42063109706159135,12,283.0,0.24719270137563273,18,547.0
990.0,20,238.0,3.901639344262295,4.956478239314383,8,272.0,0.3436712403630417,12,300.0,0.2021974889346138,20,572.0
995.0,24,243.0,3.857142857142857,5.16817225869069,15,329.0,0.2047300682582622,9,280.0,0.31915367020210644,24,609.0
1000.0,25,314.0,5.064516129032258,4.576274587067301,17,349.0,0.19223066615344442,8,263.0,0.2938290885421721,25,612.0
1005.0,25,353.0,5.693548387096774,5.123132226206275,10,336.0,0.29930823647263854,15,243.0,0.24013738830540843,25,579.0
1010.0,22,349.0,5.629032258064516,4.74433500987923,8,308.0,0.26797648104156735,14,265.0,0.21567852416149547,22,573.0
1015.0,24,302.0,4.870967741935484,5.2035557507201435,12,234.0,0.2761356325301685,12,256.0,0.2672601697294134,24,490.0
1020.0,24,283.0,4.716666666666667,4.570106412744549,16,256.0,0.2263869991252911,8,238.0,0.27483613615018254,24,494.0
1025.0,32,411.0,6.737704918032787,4.950768141899074,21,355.0,0.2616017542520357,11,240.0,0.329699304819858,32,595.0
1030.0,31,341.0,5.590163934426229,4.523774484490789,20,400.0,0.26721160542081035,11,210.0,0.28385511492553117,31,610.0
1035.0,22,232.0,3.7419354838709675,4.569336167627393,13,371.0,0.20742049666344986,9,153.0,0.3157203786987056,22,524.0
1040.0,19,210.0,3.3333333333333335,5.229801809167444,11,362.0,0.3106116776560616,8,162.0,0.28053635518499326,19,524.0
1045.0,20,238.0,3.7777777777777777,5.937531140993987,13,404.0,0.2577310400214892,7,136.0,0.3881399495624295,20,540.0
1050.0,25,256.0,4.063492063492063,5.501227275321965,16,381.0,0.18155219619153495,9,146.0,0.37255381043843927,25,527.0
1055.0,27,306.0,4.935483870967742,5.664014595155875,17,337.0,0.22432666359544393,10,192.0,0.36300771624582134,27,529.0
1060.0,28,372.0,5.723076923076923,5.289838016100409,17,347.0,0.24113234002371428,11,245.0,0.30784937363516063,28,592.0
1065.0,21,342.0,5.516129032258065,5.651833079328006,9,278.0,0.30319240162483474,12,303.0,0.30989479166462214,21,581.0
1070.0,18,279.0,4.5,5.626509239817985,9,263.0,0.24746342881751102,9,281.0,0.3215567084698848,18,544.0
1075.0,26,375.0,5.9523809523809526,5.6154812193823895,14,293.0,0.1643297531932408,12,278.0,0.3543234142101864,26,571.0
1080.0,32,527.0,9.086206896551724,4.776667555711551,20,386.0,0.1619348673678575,12,337.0,0.32920529165378676,32,723.0
1085.0,28,497.0,8.147540983606557,4.297375348878306,17,410.0,0.17446150311572006,11,289.0,0.31035510803308997,28,699.0
1090.0,23,529.0,9.618181818181819,4.745651251266801,10,360.0,0.239495175154269,13,316.0,0.2643819695230755,23,676.0
1095.0,23,347.0,6.196428571428571,4.360522485298428,9,305.0,0.2863517111743224,14,274.0,0.14008531832886864,23,579.0
1100.0,18,188.0,3.1333333333333333,5.292907636309486,9,256.0,0.2938413432387324,9,168.0,0.24932771188252692,18,424.0
1105.0,23,148.0,2.5084745762711864,5.267953354381479,14,252.0,0.3207327269401623,9,154.0,0.3233516026979795,23,406.0
1110.0,20,157.0,2.706896551724138,5.2301709935787235,13,247.0,0.21563364406449334,7,117.0,0.4490281229869159,20,364.0
1115.0,20,149.0,2.4833333333333334,6.049658653157803,12,224.0,0.2661219237912566,8,133.0,0.3618864643240452,20,357.0
1120.0,18,204.0,3.457627118644068,5.702548772394803,9,230.0,0.24353290093213803,9,177.0,0.22705055504063765,18,407.0
1125.0,24,272.0,4.945454545454545,4.92538927299508,14,218.0,0.19865896194374252,10,228.0,0.19711103518134593,24,446.0
1130.0,25,276.0,5.0181818181818185,4.4595198852202484,18,275.0,0.19575904570039976,7,199.0,0.30291710567558416,25,474.0
1135.0,28,375.0,7.211538461538462,4.63300089345321,22,374.0,0.16115073392330292,6,144.0,0.4657476958140134,28,518.0
1140.0,25,438.0,8.76,4.657673173318592,20,415.0,0.2694182057264038,5,169.0,0.31750886960527464,25,584.0
1145.0,24,389.0,7.203703703703703,4.6508824739291565,13,376.0,0.22912986983089276,11,209.0,0.1877819335283565,24,585.0
1150.0,19,295.0,5.566037735849057,4.620742335874181,10,342.0,0.22484976069531828,9,197.0,0.2691322811961291,19,539.0
1155.0,19,229.0,4.089285714285714,5.6141578174877536,13,320.0,0.25818936264692993,6,127.0,0.40344975655008547,19,447.0
1160.0,19,177.0,3.1607142857142856,5.223179837266261,16,321.0,0.2610355445864492,3,117.0,0.48671029390033727,19,438.0
1165.0,23,170.0,2.8813559322033897,5.480197042220805,15,309.0,0.22152702374150673,8,121.0,0.46123165658319665,23,430.0
1170.0,27,226.0,3.5873015873015874,5.062905343821865,18,321.0,0.1639329792380142,9,152.0,0.45903116035876196,27,473.0
1175.0,22,219.0,3.532258064516129,6.355367241159055,10,273.0,0.2995132532759832,12,202.0,0.43491154911311586,22,475.0
1180.0,19,182.0,2.9836065573770494,4.925095113982334,9,294.0,0.20111873114944048,10,199.0,0.2837379225800273,19,493.0
1185.0,24,271.0,4.593220338983051,5.169483010092181,14,346.0,0.15313686452515285,10,210.0,0.29450947904871244,24,556.0
1190.0,27,334.0,6.072727272727272,4.567038646310463,15,375.0,0.2397925024677102,12,244.0,0.2610168043721652,27,619.0
1195.0,23,365.0,6.636363636363637,4.340111041911947,8,346.0,0.275035408072433,15,273.0,0.14564719711500068,23,619.0
1200.0,23,375.0,6.4655172413793105,4.401858872606535,7,301.0,0.3197847437786432,16,327.0,0.12940759710155378,23,628.0
1205.0,23,405.0,7.105263157894737,5.043508399046265,10,240.0,0.319406585739939,13,380.0,0.2525968869085027,23,620.0
1210.0,27,384.0,6.620689655172414,4.4814962437862755,14,255.0,0.23259042189808019,13,346.0,0.30564669574858144,27,601.0
1215.0,20,365.0,6.083333333333333,4.676467043250954,8,226.0,0.23045134859676036,12,274.0,0.2593858724385085,20,500.0
1220.0,21,317.0,5.031746031746032,5.883306227001927,8,229.0,0.3827259314319227,13,267.0,0.2832472472374304,21,496.0
1225.0,18,316.0,5.015873015873016,7.000685108732367,8,245.0,0.42315272503421464,10,193.0,0.2814629118318979,18,438.0
1230.0,18,240.0,3.9344262295081966,6.264161277456702,8,194.0,0.3910712854957542,10,219.0,0.1871964011582946,18,413.0
1235.0,23,275.0,4.741379310344827,5.852211976609372,8,151.0,0.27207223094345234,15,270.0,0.20635283874127078,23,421.0
1240.0,25,296.0,5.381818181818182,4.675113472469616,9,174.0,0.28490455984751134,16,301.0,0.22299805767594838,25,475.0
1245.0,23,359.0,6.903846153846154,4.8401935855553795,7,178.0,0.37100890947484333,16,320.0,0.21173028190806714,23,498.0
1250.0,24,298.0,5.518518518518518,4.384214349164425,9,155.0,0.3160316262619909,15,322.0,0.1848474974622787,24,477.0
1255.0,24,343.0,6.125,5.216371298234697,13,209.0,0.3555598359087835,11,279.0,0.2890804934433689,24,488.0
1260.0,20,309.0,5.517857142857143,4.897015695254219,11,245.0,0.28202111767648513,9,237.0,0.282589563578932,20,482.0
1265.0,17,288.0,5.333333333333333,5.773124869982265,9,258.0,0.31737597014039726,8,162.0,0.28239295095077177,17,420.0
1270.0,24,294.0,4.983050847457627,5.043509260170446,10,253.0,0.25407826780327963,14,182.0,0.15565334134349545,24,435.0
1275.0,25,316.0,5.015873015873016,5.576065446130329,7,217.0,0.38085826369389325,18,261.0,0.19548004620137294,25,478.0
1280.0,22,227.0,3.783333333333333,5.6321309913661715,7,143.0,0.41007461762897757,15,281.0,0.3244900798879061,22,424.0
1285.0,22,266.0,4.666666666666667,6.128227548935353,12,168.0,0.34311511887871377,10,257.0,0.4227487327312251,22,425.0
1290.0,27,257.0,4.283333333333333,4.2457586616477645,12,196.0,0.2526883559349244,15,278.0,0.2623733064656083,27,474.0
1295.0,28,318.0,5.213114754098361,4.9127594897539355,13,213.0,0.29646760598442007,15,299.0,0.25943632116565823,28,512.0
1300.0,30,318.0,5.129032258064516,4.3706604566308185,13,231.0,0.303335527157412,17,298.0,0.2031244996072175,30,529.0
1305.0,25,253.0,3.953125,4.889580486681076,13,222.0,0.310169974319601,12,244.0,0.21833751345819455,25,466.0
1310.0,26,320.0,5.161290322580645,4.471111166606269,15,254.0,0.2573876750819222,11,267.0,0.25166449800833557,26,521.0
1315.0,31,332.0,5.26984126984127,4.341910803188805,16,267.0,0.1885010020762114,15,296.0,0.2741677104880899,31,563.0
1320.0,30,417.0,6.318181818181818,4.609707192009009,17,262.0,0.20518847226602396,13,324.0,0.3345352697851935,30,586.0
1325.0,24,415.0,6.0144927536231885,5.483140650922465,14,283.0,0.23244192959766513,10,300.0,0.39461358634671556,24,583.0
1330.0,22,409.0,5.927536231884058,6.786333342703384,11,235.0,0.3077724479061445,11,327.0,0.40419802966078366,22,562.0
1335.0,22,270.0,3.857142857142857,6.025442594876638,13,221.0,0.2001211949377326,9,272.0,0.29792092807992765,22,493.0
1340.0,30,361.0,5.388059701492537,5.91015438823508,18,280.0,0.2503573905457337,12,220.0,0.1776065568264495,30,500.0
1345.0,33,368.0,6.032786885245901,4.358074186358672,18,313.0,0.2542544920753835,15,194.0,0.16640080700438625,33,507.0
1350.0,28,472.0,7.612903225806452,4.830918502538987,14,329.0,0.29658664430221754,14,201.0,0.19824604416966418,28,530.0
1355.0,29,515.0,8.174603174603174,5.061187145439049,17,355.0,0.2590263644679716,12,240.0,0.325676855844426,29,595.0
1360.0,28,554.0,9.389830508474576,5.308617917941971,15,376.0,0.2824967518246967,13,296.0,0.32238526896169856,28,672.0
1365.0,26,544.0,8.918032786885245,3.928548240183838,14,422.0,0.143692516133892,12,304.0,0.27775748651770416,26,726.0
1370.0,22,523.0,8.864406779661017,4.736163404405044,16,458.0,0.15620702274197998,6,260.0,0.2850284376705384,22,718.0
1375.0,25,547.0,9.431034482758621,5.284937726411861,16,529.0,0.20330965864708464,9,252.0,0.24849707480088198,25,781.0
1380.0,25,459.0,7.779661016949152,5.353398225213239,12,542.0,0.22077158696361893,13,212.0,0.2711631077626878,25,754.0
1385.0,26,558.0,9.620689655172415,5.1336082763740185,14,555.0,0.29287418116425246,12,246.0,0.26652673529369464,26,801.0
1390.0,26,469.0,7.9491525423728815,5.501464432193684,12,488.0,0.3872317058539498,14,313.0,0.2987683704200443,26,801.0
1395.0,22,369.0,6.254237288135593,6.487102682730335,7,336.0,0.5190884471115348,15,368.0,0.31641196076835976,22,704.0
1400.0,27,475.0,8.189655172413794,4.715483360069271,8,363.0,0.4137026925960584,19,455.0,0.14585593838621225,27,818.0
1405.0,38,640.0,11.03448275862069,3.3699840581276463,13,408.0,0.2852693128891605,25,567.0,0.11903481487109077,38,975.0
1410.0,39,736.0,12.266666666666667,2.3058706228055943,17,400.0,0.13636740261467173,22,606.0,0.13593816643611992,39,1006.0
1415.0,33,799.0,12.887096774193548,3.515087998572391,15,425.0,0.2240640629895636,18,636.0,0.19403153067404177,33,1061.0
1420.0,30,644.0,9.757575757575758,3.836670536819964,13,402.0,0.25656503506037165,17,581.0,0.19062120636748148,30,983.0
1425.0,24,238.0,3.5522388059701493,4.6301960172082595,12,310.0,0.24360750796878186,12,430.0,0.26198358828462215,24,740.0
1430.0,17,163.0,2.5076923076923077,5.833673328450909,10,311.0,0.2506560604500192,7,314.0,0.39259514194595385,17,625.0
1435.0,19,226.0,3.373134328358209,6.560215752470323,11,289.0,0.24720074821797106,8,239.0,0.3538113668702146,19,528.0
1440.0,24,304.0,4.983606557377049,5.378457711534484,14,348.0,0.04414981308439188,10,214.0,0.3252383877294552,24,562.0
1445.0,29,384.0,6.508474576271187,4.626005586484989,17,434.0,0.17634068788752597,12,200.0,0.2559310142089841,29,634.0
1450.0,31,478.0,8.241379310344827,3.5248457992736997,16,478.0,0.24989729269134595,15,243.0,0.15125059218257347,31,721.0
1455.0,24,441.0,8.320754716981131,4.471351029798092,11,506.0,0.30018274499742675,13,283.0,0.27691039500994763,24,789.0
1460.0,22,428.0,7.508771929824562,5.070269547522832,10,515.0,0.20598662149930405,12,286.0,0.36688722956900754,22,801.0
1465.0,23,518.0,8.779661016949152,5.059928928319292,13,580.0,0.18786338022510032,10,286.0,0.3176183036983877,23,866.0
1470.0,27,394.0,6.566666666666666,4.858105647119808,15,531.0,0.21288286136937376,12,249.0,0.3175495689052375,27,780.0
1475.0,24,326.0,5.344262295081967,5.4165421302676116,10,444.0,0.2873365518383111,14,233.0,0.28137337052521433,24,677.0
1480.0,23,385.0,6.209677419354839,5.860922727608358,10,389.0,0.40788825281455887,13,267.0,0.3123732578051317,23,656.0
1485.0,26,474.0,7.074626865671642,6.008121550310266,14,400.0,0.3551797095731138,12,279.0,0.353815433599585,26,679.0
1490.0,24,429.0,6.5,5.520440970825528,12,333.0,0.31775879765626375,12,322.0,0.33920723268368635,24,655.0
1495.0,34,574.0,8.696969696969697,5.568181658880433,19,390.0,0.3226845841751461,15,390.0,0.3025647939254309,34,780.0
1500.0,34,560.0,8.35820895522388,4.1215039127413124,19,444.0,0.2629340059680289,15,366.0,0.16927627464886283,34,810.0
1505.0,34,641.0,9.426470588235293,4.419580088239719,17,483.0,0.28357080456332445,17,317.0,0.17759779730631509,34,800.0
1510.0,31,602.0,8.852941176470589,4.848626872296408,15,459.0,0.29163953204396853,16,358.0,0.22796431016414423,31,817.0
1515.0,23,449.0,6.803030303030303,5.425927040086316,16,381.0,0.24530376941324777,7,350.0,0.3093818313038846,23,731.0
1520.0,22,324.0,5.0625,4.313312840646852,14,433.0,0.21267058962904833,8,282.0,0.24664094122357075,22,715.0
1525.0,28,314.0,4.984126984126984,4.547047314377891,16,482.0,0.21009995716995322,12,226.0,0.20754961840529418,28,708.0
1530.0,29,324.0,5.311475409836065,3.8070517384593847,17,511.0,0.22450922569316942,12,249.0,0.1352064423573176,29,760.0
1535.0,22,307.0,4.796875,5.298090562426579,14,499.0,0.26620384622578497,8,219.0,0.24485984389808974,22,718.0
1540.0,25,251.0,3.803030303030303,4.972635629720689,16,502.0,0.21522163167804145,9,206.0,0.300442416201356,25,708.0
1545.0,31,365.0,5.2898550724637685,5.664052582773428,17,502.0,0.24705485519529896,14,264.0,0.3724580782369747,31,766.0
1550.0,31,432.0,6.545454545454546,5.032462186551016,18,553.0,0.2293265950805922,13,263.0,0.3624565460806302,31,816.0
1555.0,29,474.0,7.292307692307692,4.925525470486202,16,584.0,0.26352357321261793,13,266.0,0.2594676274296713,29,850.0
1560.0,32,499.0,7.5606060606060606,4.126893478002202,17,589.0,0.2735475392281379,15,284.0,0.07025847001183563,32,873.0
1565.0,24,506.0,7.666666666666667,5.413158053055439,14,611.0,0.30881948586304603,10,271.0,0.18966254468763596,24,882.0
1570.0,23,350.0,5.384615384615385,5.178294649405575,17,561.0,0.2517499753395873,6,190.0,0.3285319830253724,23,751.0
1575.0,29,259.0,3.8656716417910446,4.614382061923357,19,453.0,0.14957008686776696,10,162.0,0.3492946411728121,29,615.0
1580.0,24,290.0,4.3283582089552235,5.193272893583591,17,520.0,0.23030260301082878,7,165.0,0.423196137042962,24,685.0
1585.0,23,360.0,5.538461538461538,5.559871477078733,17,574.0,0.20757135850825492,6,146.0,0.4751618039427116,23,720.0
1590.0,30,344.0,5.292307692307692,4.042404547923286,21,599.0,0.146275702623429,9,142.0,0.3046426660029831,30,741.0
1595.0,40,486.0,7.476923076923077,3.70226753938989,25,650.0,0.1128715937778954,15,205.0,0.2911701883404434,40,855.0
1600.0,39,605.0,9.166666666666666,3.3327072679432863,26,678.0,0.16694829822059987,13,240.0,0.28922111835846637,39,918.0
1605.0,30,636.0,9.217391304347826,4.511685626264669,21,627.0,0.22710680987861315,9,251.0,0.3144430344722945,30,878.0
1610.0,27,532.0,7.287671232876712,4.529301807074293,18,613.0,0.22297465700587787,9,263.0,0.2965584288327584,27,876.0
1615.0,30,394.0,5.324324324324325,4.605110513832521,16,508.0,0.2025944155926245,14,282.0,0.2585733852421518,30,790.0
1620.0,30,454.0,6.305555555555555,4.5809849638579045,16,534.0,0.25000804087790746,14,320.0,0.2328978539959205,30,854.0
1625.0,27,523.0,7.4714285714285715,5.027636673480793,17,542.0,0.14135044303409522,10,342.0,0.34335367940014166,27,884.0
1630.0,34,458.0,6.735294117647059,3.2210187750080994,23,575.0,0.03502389089510373,11,278.0,0.23977353934846415,34,853.0
1635.0,33,468.0,7.090909090909091,4.239990978894129,18,584.0,0.16691633287902577,15,188.0,0.21707441827087326,33,772.0
1640.0,27,436.0,6.507462686567164,4.687846427491352,15,522.0,0.27734977615134865,12,214.0,0.1864403196331762,27,736.0
1645.0,26,403.0,5.840579710144928,5.61109145840447,15,467.0,0.2707835434808609,11,216.0,0.2718636195815725,26,683.0
1650.0,24,290.0,4.393939393939394,5.2518737326735465,16,450.0,0.1866155279750355,8,211.0,0.3925476305400001,24,661.0
1655.0,28,384.0,5.485714285714286,6.1405978467836615,17,445.0,0.3090731552037363,11,211.0,0.38215356621323515,28,656.0
1660.0,28,405.0,6.044776119402985,4.504800074373133,15,448.0,0.32157930794454415,13,205.0,0.20476779342642534,28,653.0
1665.0,28,491.0,7.115942028985507,5.5982693614590975,13,407.0,0.4230647449535457,15,253.0,0.16769655797135608,28,660.0
1670.0,31,452.0,6.366197183098592,4.914067540102481,15,365.0,0.3536368201252585,16,287.0,0.11758722213023554,31,652.0
1675.0,29,363.0,4.972602739726027,4.981361589330786,19,381.0,0.21179245714834324,10,263.0,0.29421211245915774,29,644.0
1680.0,27,295.0,4.097222222222222,4.598255626112414,21,392.0,0.15436534990813378,6,177.0,0.38259020206238104,27,569.0
1685.0,29,334.0,4.840579710144928,5.297433596947353,22,374.0,0.18562335481421288,7,134.0,0.480878066843194,29,508.0
1690.0,30,425.0,6.4393939393939394,4.405028625438185,22,420.0,0.1872375355316526,8,147.0,0.36735110712372065,30,567.0
1695.0,35,469.0,6.513888888888889,4.674346799828456,25,472.0,0.14361636688294294,10,170.0,0.37517878935771964,35,642.0
1700.0,34,541.0,7.513888888888889,5.047525026879637,23,491.0,0.15994911224368227,11,212.0,0.3903883664658112,34,703.0
1705.0,36,593.0,7.906666666666666,5.007855155683119,22,520.0,0.20078660641908705,14,270.0,0.38216435444773605,36,790.0
1710.0,28,469.0,6.513888888888889,4.546782560537886,15,478.0,0.2359000174847203,13,291.0,0.3076039445857277,28,769.0
1715.0,32,455.0,6.319444444444445,4.171334800750319,17,472.0,0.23324152849255744,15,285.0,0.22753109569540783,32,757.0
1720.0,34,522.0,6.868421052631579,4.560481309477181,17,511.0,0.2713349599051581,17,333.0,0.20952816569459665,34,844.0
1725.0,33,592.0,7.8933333333333335,4.863508373324657,20,558.0,0.18252348055123352,13,347.0,0.3281853497234468,33,905.0
1730.0,38,723.0,9.77027027027027,4.040232100867193,24,646.0,0.07886294032700247,14,390.0,0.292569812952347,38,1036.0
1735.0,44,863.0,11.662162162162161,4.0041377257288575,23,698.0,0.10588086316189539,21,465.0,0.24801858189388545,44,1163.0
1740.0,38,756.0,10.356164383561644,3.933084734752705,18,666.0,0.20839244351851186,20,425.0,0.14070342223580284,38,1091.0
1745.0,36,704.0,9.643835616438356,4.2629980253292885,19,674.0,0.27606911689889957,17,367.0,0.11477035554271996,36,1041.0
1750.0,35,525.0,7.094594594594595,3.997789224746457,18,609.0,0.3013106159550737,17,407.0,0.14874499723449766,35,1016.0
1755.0,30,377.0,5.026666666666666,4.237396110867848,15,621.0,0.2786370895083685,15,390.0,0.22483727360127598,30,1011.0
1760.0,30,417.0,5.4868421052631575,4.5417002251720495,17,636.0,0.1971033360940389,13,406.0,0.3149272447337649,30,1042.0
1765.0,37,494.0,6.253164556962025,4.805810974199052,23,673.0,0.16875249829782604,14,419.0,0.35766364613076584,37,1092.0
1770.0,34,440.0,5.866666666666666,4.692967079423716,19,667.0,0.24750733288475354,15,376.0,0.28958666344291994,34,1043.0
1775.0,35,435.0,5.958904109589041,3.92292779525195,19,673.0,0.20103651843493925,16,322.0,0.23038236934421147,35,995.0
1780.0,37,468.0,6.5,3.6717868125463977,20,618.0,0.16100573971474855,17,367.0,0.20679263004130352,37,985.0
1785.0,42,600.0,8.108108108108109,3.7741259477033524,21,675.0,0.18361483856579114,21,436.0,0.21411527263942423,42,1111.0
1790.0,36,617.0,8.452054794520548,3.5414674656008627,16,695.0,0.17541977861187227,20,452.0,0.1693412477942248,36,1147.0
1795.0,28,508.0,7.154929577464789,4.371989451279191,15,688.0,0.14965809686797427,13,381.0,0.27266959094990817,28,1069.0
1800.0,28,505.0,7.537313432835821,4.355334465065845,20,706.0,0.07032416705177279,8,317.0,0.30330302953830335,28,1023.0
1805.0,35,620.0,9.117647058823529,4.132412015815923,24,789.0,0.09781914027051758,11,305.0,0.2984440777670022,35,1094.0
1810.0,33,690.0,10.298507462686567,4.742803591533112,18,827.0,0.26494912973771373,15,306.0,0.210080811677574,33,1133.0
1815.0,27,652.0,9.878787878787879,4.939156866594463,14,778.0,0.35622339973911293,13,283.0,0.11459329603345264,27,1061.0
1820.0,29,629.0,9.388059701492537,4.797142884920095,13,658.0,0.30099160265362,16,330.0,0.1992749840038449,29,988.0
1825.0,32,454.0,6.878787878787879,3.9158398422288374,14,558.0,0.22753053475896462,18,376.0,0.26165538472975625,32,934.0
1830.0,30,411.0,6.044117647058823,4.725326943184918,16,382.0,0.28044867060000617,14,421.0,0.3267027034573033,30,803.0
1835.0,40,575.0,8.333333333333334,3.998285610479735,22,413.0,0.22822077328678733,18,482.0,0.2823629408636028,40,895.0
1840.0,39,584.0,8.0,3.4143634631451145,21,466.0,0.2065592459734376,18,480.0,0.2052072059926977,39,946.0
1845.0,31,424.0,5.808219178082192,3.718975749451739,19,496.0,0.197269623049675,12,372.0,0.2087192878787722,31,868.0
1850.0,27,366.0,4.815789473684211,4.508118058068477,17,462.0,0.19556852988284743,10,300.0,0.20606305530910873,27,762.0
1855.0,23,364.0,4.7894736842105265,5.530231733285875,14,452.0,0.2709351824180114,9,250.0,0.2563679270329457,23,702.0
1860.0,27,340.0,4.30379746835443,5.463017006436282,15,456.0,0.28974318523495307,12,197.0,0.22282551052229202,27,653.0
1865.0,33,396.0,5.28,5.247079735087921,17,482.0,0.3399791973057218,16,219.0,0.2647288813110604,33,701.0
1870.0,38,496.0,6.888888888888889,4.364409584564681,22,513.0,0.22612258972304244,16,259.0,0.29187750107578186,38,772.0
1875.0,39,507.0,7.041666666666667,3.426621220802193,23,544.0,0.15815430158057825,16,290.0,0.2514221657143433,39,834.0
1880.0,35,478.0,6.5479452054794525,3.718088936422656,25,597.0,0.09894093552049794,10,260.0,0.3162265151929437,35,857.0
1885.0,29,493.0,6.943661971830986,4.717945102568936,19,596.0,0.13568437168240005,10,229.0,0.31335643172254213,29,825.0
1890.0,27,530.0,7.681159420289855,4.701452414922311,15,577.0,0.1708317699822935,12,240.0,0.23397575615447042,27,817.0
1895.0,31,610.0,8.840579710144928,4.921391685294553,15,593.0,0.24669014150914131,16,313.0,0.2519929827729783,31,906.0
1900.0,32,688.0,10.75,4.331000530977899,16,626.0,0.2672500962631089,16,340.0,0.3137374353382242,32,966.0
1905.0,29,724.0,10.805970149253731,4.88474196804047,14,650.0,0.2761291691020543,15,335.0,0.33397385924874645,29,985.0
1910.0,30,691.0,10.161764705882353,4.474648578535679,13,648.0,0.2903554558178812,17,346.0,0.21264289044154983,30,994.0
1915.0,34,757.0,10.814285714285715,5.046939048222328,14,611.0,0.3177294807855835,20,360.0,0.256200608313629,34,971.0
1920.0,30,536.0,7.6571428571428575,4.159882040304702,12,498.0,0.2602737015339309,18,375.0,0.2600506323523896,30,873.0
1925.0,28,274.0,3.7534246575342465,4.81293185160747,15,357.0,0.26049094295424746,13,342.0,0.2749172345906829,28,699.0
1930.0,26,308.0,4.463768115942029,4.859726031632266,15,398.0,0.24126299499795223,11,299.0,0.3294861048406585,26,697.0
1935.0,26,351.0,5.014285714285714,4.990645066950744,10,404.0,0.28829668897918054,16,295.0,0.20384374622222956,26,699.0
1940.0,31,255.0,3.6956521739130435,3.9334338524224215,11,354.0,0.202700178465964,20,317.0,0.13590439737824397,31,671.0
1945.0,34,365.0,5.069444444444445,5.221720929438982,14,358.0,0.30253499099877523,20,346.0,0.2624345428547314,34,704.0
1950.0,35,435.0,6.304347826086956,4.555287076646897,14,402.0,0.3710890993378923,21,395.0,0.24229787090650112,35,797.0
1955.0,28,485.0,6.928571428571429,4.589258087654432,8,404.0,0.31567956294900285,20,432.0,0.22920771635166112,28,836.0
1960.0,30,474.0,6.583333333333333,3.8388646272916325,9,367.0,0.2589473611278932,21,455.0,0.14647971977297644,30,822.0
1965.0,33,343.0,4.573333333333333,4.218694159721263,17,292.0,0.2017706410018802,16,390.0,0.18516479089785914,33,682.0
1970.0,28,377.0,5.544117647058823,4.36000089435712,18,345.0,0.17320290920103804,10,334.0,0.2747662225465814,28,679.0
1975.0,28,461.0,6.681159420289855,5.161167308938028,13,372.0,0.2361526037328615,15,295.0,0.21950522309875461,28,667.0
1980.0,27,347.0,5.102941176470588,4.379938829196905,12,284.0,0.18454453865013964,15,328.0,0.15353787818031503,27,612.0
1985.0,33,389.0,5.893939393939394,4.730448283267043,13,214.0,0.25843093202656,20,368.0,0.17248304355209682,33,582.0
1990.0,28,449.0,7.126984126984127,4.326490030380918,12,227.0,0.2854485546663875,16,420.0,0.18573081240998102,28,647.0
1995.0,31,550.0,9.01639344262295,4.816120079418756,17,256.0,0.19869018164362715,14,451.0,0.30075796008041594,31,707.0
2000.0,33,682.0,10.65625,4.395565700786669,18,304.0,0.12394255383552481,15,515.0,0.254542126184499,33,819.0
2005.0,35,819.0,12.6,4.238453315418112,16,359.0,0.20536013292116578,19,607.0,0.20955279330102214,35,966.0
2010.0,38,728.0,10.4,3.5897683069522253,16,360.0,0.21500212362326454,22,598.0,0.21260437367721766,38,958.0
2015.0,31,625.0,9.615384615384615,4.665825107214926,10,286.0,0.35095566911081016,21,649.0,0.22016756711206706,31,935.0
2020.0,25,453.0,6.969230769230769,4.447560983602437,6,283.0,0.3357932587499654,19,610.0,0.18258863179152207,25,893.0
2025.0,29,358.0,5.188405797101449,4.185464261080016,12,337.0,0.24266550041729668,17,535.0,0.20565060842005087,29,872.0
2030.0,38,407.0,5.814285714285714,3.4576856197166554,18,411.0,0.21834874502675056,20,550.0,0.18735352568890642,38,961.0
2035.0,31,313.0,4.4714285714285715,4.104659769439752,18,430.0,0.20109116529968774,13,514.0,0.28008118455280795,31,944.0
2040.0,21,304.0,4.405797101449275,5.443684138988896,11,358.0,0.24240715894066403,10,466.0,0.35026706289867415,21,824.0
2045.0,17,300.0,4.3478260869565215,6.305426789614854,9,311.0,0.2838285879784093,8,377.0,0.30303073444426015,17,688.0
2050.0,25,387.0,5.776119402985074,5.871476458834221,10,311.0,0.2630504528244531,15,410.0,0.20425188903209474,25,721.0
2055.0,29,428.0,6.6875,4.87226338897807,13,364.0,0.23167745552747585,16,339.0,0.18521186742147258,29,703.0
2060.0,34,517.0,8.616666666666667,3.9897237392246523,16,444.0,0.29949766299693625,18,224.0,0.14211679836337487,34,668.0
2065.0,30,611.0,10.719298245614034,3.3343630100632224,14,482.0,0.3452382969284851,16,292.0,0.09869500329805629,30,774.0
2070.0,29,722.0,12.448275862068966,4.324013739131143,12,493.0,0.3154038269893878,17,358.0,0.14056142459429707,29,851.0
2075.0,24,544.0,9.220338983050848,4.384404379602981,10,427.0,0.29876017843986846,14,357.0,0.10431224178318474,24,784.0
2080.0,23,390.0,6.610169491525424,5.223889115905001,16,317.0,0.23451171621977734,7,272.0,0.24022003842346504,23,589.0
2085.0,21,426.0,7.220338983050848,4.271393206848743,15,373.0,0.12236765762580258,6,291.0,0.2907967231543506,21,664.0
2090.0,23,485.0,7.82258064516129,5.527933280214694,11,398.0,0.23857049229548963,12,341.0,0.288064320238929,23,739.0
2095.0,21,255.0,4.396551724137931,5.039322497871599,9,279.0,0.27571920633435504,12,328.0,0.23672128142314522,21,607.0
2100.0,23,222.0,3.76271186440678,5.541155215981746,8,157.0,0.3279201895761566,15,369.0,0.2607016497534026,23,526.0
2105.0,24,251.0,4.327586206896552,4.8901920690311265,12,192.0,0.3490323679790372,12,350.0,0.24437581841557518,24,542.0
2110.0,22,226.0,4.035714285714286,4.876067968471962,16,264.0,0.2742366932420301,6,241.0,0.3209333454260776,22,505.0
2115.0,20,196.0,3.5636363636363635,4.4976287065197464,16,301.0,0.08834264070920356,4,176.0,0.45215224716486063,20,477.0
2120.0,21,178.0,3.0689655172413794,4.765734429527049,13,285.0,0.17308380678231353,8,174.0,0.312115339987598,21,459.0
2125.0,18,173.0,3.1454545454545455,4.956189641700387,8,282.0,0.3176944744383078,10,161.0,0.2458857373658357,18,443.0
2130.0,19,212.0,3.533333333333333,5.554574765313366,12,291.0,0.25383645360311036,7,102.0,0.2568004999283072,19,393.0
2135.0,19,236.0,4.0,5.94926680770186,11,316.0,0.24654010389412956,8,108.0,0.27946884680681516,19,424.0
2140.0,19,293.0,5.140350877192983,6.485022602944737,8,305.0,0.2935556173489254,11,135.0,0.2757243630909929,19,440.0
2145.0,18,209.0,4.354166666666667,5.198412233801976,7,216.0,0.2834202482145343,11,166.0,0.28705398607871413,18,382.0
2150.0,20,227.0,4.729166666666667,5.486633004019843,8,90.0,0.2634450754316124,12,222.0,0.21911127766349,20,312.0
2155.0,18,193.0,3.938775510204082,5.154893364952889,10,106.0,0.2322788427827808,8,208.0,0.2981048180838436,18,314.0
2160.0,16,225.0,4.245283018867925,7.129931793165271,7,98.0,0.41317877376051343,9,183.0,0.3370479697502506,16,281.0
2165.0,13,182.0,3.4339622641509435,7.104507798164712,7,124.0,0.49264738333621594,6,139.0,0.3237382248970793,13,263.0
2170.0,14,199.0,3.826923076923077,7.996246578522583,9,165.0,0.4417148454031494,5,48.0,0.46422480096026064,14,213.0
2175.0,13,182.0,3.4339622641509435,6.642648333450091,9,164.0,0.2633927198714339,4,51.0,0.3941552553762476,13,215.0
2180.0,15,218.0,4.36,6.908405419400648,6,145.0,0.3367858598221629,9,86.0,0.4466208482903142,15,231.0
2185.0,20,258.0,5.0588235294117645,6.23425310476042,11,179.0,0.2999332640459293,9,111.0,0.46092193769912143,20,290.0
2190.0,19,341.0,6.82,5.792758017502817,10,232.0,0.3944296622601477,9,127.0,0.3596950921756527,19,359.0
2195.0,23,371.0,7.42,5.026184476700216,11,278.0,0.4149687599322629,12,123.0,0.2400822376608154,23,401.0
2200.0,25,355.0,6.69811320754717,4.454937987066935,12,277.0,0.29718829158007126,13,150.0,0.2052754580218106,25,427.0
2205.0,24,337.0,6.2407407407407405,4.641524137584972,11,257.0,0.25692970855760355,13,185.0,0.2852058420963498,24,442.0
2210.0,21,392.0,7.39622641509434,5.711215835989989,10,270.0,0.3559672472051122,11,178.0,0.3427764140436997,21,448.0
2215.0,20,335.0,6.320754716981132,5.155808903582284,9,242.0,0.29711718281208405,11,188.0,0.3045923746977462,20,430.0
2220.0,25,422.0,7.672727272727273,5.0940214433161755,13,289.0,0.22231804047533094,12,184.0,0.25950737486583153,25,473.0
2225.0,24,454.0,8.407407407407407,4.575944509184785,13,323.0,0.22563734451562203,11,209.0,0.15044232959101211,24,532.0
2230.0,27,545.0,10.283018867924529,4.940269585187793,10,324.0,0.3380877379983302,17,272.0,0.05607359060952529,27,596.0
2235.0,26,478.0,9.018867924528301,4.579362836640919,11,264.0,0.2545037696270277,15,302.0,0.1835955273253832,26,566.0
2240.0,20,274.0,5.074074074074074,5.8016641294048,9,245.0,0.3362024139530646,11,285.0,0.3234663990184057,20,530.0
2245.0,16,207.0,3.8333333333333335,5.388268987255976,8,245.0,0.3187446338453104,8,272.0,0.371481727309897,16,517.0
2250.0,15,136.0,2.3859649122807016,5.625363482366618,7,217.0,0.2525471150378432,8,211.0,0.405673314250831,15,428.0
2255.0,22,228.0,3.864406779661017,6.681256026509656,12,239.0,0.2643164125713787,10,212.0,0.48763230733745966,22,451.0
2260.0,23,257.0,4.3559322033898304,6.682016962581533,12,254.0,0.2543178056335106,11,261.0,0.43467973968529156,23,515.0
2265.0,24,333.0,5.946428571428571,5.5066029817483315,10,232.0,0.2078967372912872,14,322.0,0.22263861825767128,24,554.0
2270.0,27,390.0,6.724137931034483,4.915147480016313,13,196.0,0.14586768227482208,14,336.0,0.14887785310723947,27,532.0
2275.0,23,315.0,5.625,5.103340322903775,9,188.0,0.27730053373847124,14,304.0,0.23042372350905874,23,492.0
2280.0,21,389.0,6.824561403508772,5.769537251724105,7,162.0,0.44239239489085436,14,327.0,0.29923191846071334,21,489.0
2285.0,18,294.0,5.547169811320755,5.602272636865083,7,174.0,0.46455630695569655,11,297.0,0.3676872293340575,18,471.0
2290.0,20,279.0,5.072727272727272,5.5309069697965825,12,225.0,0.3526840991863557,8,215.0,0.41705286267293834,20,440.0
2295.0,24,284.0,4.733333333333333,3.883024392555989,12,245.0,0.28121685525306916,12,234.0,0.2314108498939007,24,479.0
2300.0,29,369.0,6.049180327868853,4.66469451021006,12,291.0,0.33716004948221745,17,278.0,0.22919355649326686,29,569.0
2305.0,28,352.0,5.5,4.263348922002682,12,290.0,0.2874609618208246,16,272.0,0.19014253474653747,28,562.0
2310.0,25,350.0,5.384615384615385,5.260653755934163,13,275.0,0.2972853700387338,12,276.0,0.2884048753773518,25,551.0
2315.0,25,367.0,5.5606060606060606,4.7895662299502515,13,310.0,0.31093437948022,12,271.0,0.26003609010935247,25,581.0
2320.0,31,446.0,6.28169014084507,4.992850863620963,18,391.0,0.3174719343524711,13,231.0,0.27246559132620374,31,622.0
2325.0,35,504.0,7.098591549295775,4.4777489866901385,19,444.0,0.3037303849223497,16,274.0,0.26052860895147617,35,718.0
2330.0,31,532.0,7.388888888888889,4.714515262473976,14,449.0,0.322223707203735,17,322.0,0.2379049959909683,31,771.0
2335.0,29,546.0,7.8,4.210086103585758,14,439.0,0.27092554779915107,15,342.0,0.1929655640202588,29,781.0
2340.0,24,526.0,7.205479452054795,5.131187465718469,15,410.0,0.22645088060531957,9,320.0,0.3208393125868415,24,730.0
2345.0,23,606.0,8.782608695652174,4.9693752321092015,15,447.0,0.13806094824328252,8,321.0,0.39364749064731724,23,768.0
2350.0,32,724.0,10.805970149253731,5.018213629669286,18,484.0,0.23720279743336822,14,360.0,0.2204900696095863,32,844.0
2355.0,30,678.0,9.970588235294118,4.192010337943668,16,532.0,0.2381891167163662,14,311.0,0.1477057879372615,30,843.0
2360.0,33,793.0,11.835820895522389,5.152042339826302,16,569.0,0.3173010843064875,17,319.0,0.218239518166167,33,888.0
2365.0,28,577.0,8.36231884057971,4.739019251011239,15,433.0,0.3083942374134746,13,339.0,0.2776867236942095,28,772.0
2370.0,28,516.0,6.88,5.366751720342836,18,374.0,0.2743081305950329,10,321.0,0.3733261890590089,28,695.0
2375.0,27,290.0,3.625,5.460093274633448,19,379.0,0.2402999727116988,8,237.0,0.42363733420586364,27,616.0
2380.0,28,332.0,4.256410256410256,5.977183939343758,19,387.0,0.2966771692287655,9,134.0,0.4291325745017481,28,521.0
2385.0,33,348.0,4.702702702702703,4.402432097165447,19,416.0,0.20690184260806635,14,169.0,0.27693939588120636,33,585.0
2390.0,39,428.0,5.863013698630137,3.9501591578633235,22,410.0,0.1802156742785014,17,250.0,0.10591594165616999,39,660.0
2395.0,36,459.0,6.6521739130434785,3.671799605027241,18,429.0,0.19757820875975143,18,276.0,0.027974600580992163,36,705.0
2400.0,30,412.0,6.0588235294117645,4.375727966852731,19,461.0,0.185614188595961,11,277.0,0.17793249963459185,30,738.0
2405.0,25,365.0,5.7936507936507935,4.190758374792081,17,508.0,0.1677037693744425,8,209.0,0.29887265181737355,25,717.0
2410.0,28,435.0,6.796875,4.957112840205919,18,547.0,0.18091169895276488,10,184.0,0.3836601117102105,28,731.0
2415.0,24,368.0,5.841269841269841,5.00645189695526,16,545.0,0.20870851404496288,8,171.0,0.30976970518546604,24,716.0
2420.0,25,392.0,6.426229508196721,6.095230841506673,16,505.0,0.2688200637859986,9,168.0,0.43735471976992824,25,673.0
2425.0,27,483.0,8.327586206896552,5.2408833641610615,16,538.0,0.22129514354515223,11,219.0,0.38285387573315127,27,757.0
2430.0,25,462.0,7.830508474576271,4.370085301857012,15,579.0,0.16366102195520285,10,208.0,0.3304089703341598,25,787.0
2435.0,24,383.0,6.603448275862069,4.314832621159506,18,557.0,0.1719773260299489,6,128.0,0.3084407758927982,24,685.0
2440.0,28,353.0,5.983050847457627,5.419865936461164,21,495.0,0.20592602045733646,7,130.0,0.4459702752067886,28,625.0
2445.0,26,406.0,6.766666666666667,5.5956615474555615,18,531.0,0.2028719729362721,8,163.0,0.4509281890805984,26,694.0
2450.0,26,406.0,6.766666666666667,5.631479596524568,15,549.0,0.24687536771373977,11,204.0,0.3355403265443024,26,753.0
2455.0,21,367.0,6.327586206896552,5.016019852091826,12,551.0,0.18281639509959682,9,188.0,0.31571141936497527,21,739.0
2460.0,28,423.0,7.169491525423729,4.932988227931356,16,509.0,0.1850063449190892,12,228.0,0.3461133403529586,28,737.0
2465.0,27,448.0,7.859649122807017,4.854640207510038,17,557.0,0.20721037269181,10,225.0,0.4303996130994481,27,782.0
2470.0,26,476.0,8.350877192982455,5.170004741368946,15,574.0,0.28084525738239363,11,192.0,0.3513916713714408,26,766.0
2475.0,26,331.0,5.610169491525424,4.18006247961075,14,520.0,0.29963775785363633,12,185.0,0.1788152469329641,26,705.0
2480.0,26,356.0,5.741935483870968,5.05989627500132,13,468.0,0.339665291411551,13,179.0,0.2692364710355421,26,647.0
2485.0,21,241.0,3.9508196721311477,5.311777020512289,12,408.0,0.3154343024837049,9,185.0,0.3678872454685623,21,593.0
2490.0,22,235.0,3.7903225806451615,5.6510353859133735,16,330.0,0.2069355182501408,6,145.0,0.4767790440220784,22,475.0
2495.0,25,315.0,5.080645161290323,4.987541782980825,18,383.0,0.10874006252067739,7,160.0,0.42662529256395376,25,543.0
2500.0,29,423.0,6.609375,5.411989704309795,18,423.0,0.19299323537734833,11,213.0,0.3482948305499003,29,636.0
2505.0,26,377.0,6.080645161290323,4.787936674000127,15,427.0,0.23216882737407962,11,179.0,0.38803319116929813,26,606.0
2510.0,21,295.0,4.836065573770492,5.92914859387963,8,359.0,0.380878003770362,13,185.0,0.31601307672706636,21,544.0
2515.0,21,205.0,3.203125,4.703470496807064,7,278.0,0.32611194215599015,14,205.0,0.12991617305123979,21,483.0
2520.0,18,197.0,3.1774193548387095,5.684143576804633,10,230.0,0.2740939176673164,8,195.0,0.24991580683444256,18,425.0
2525.0,25,259.0,4.316666666666666,5.533974264586595,17,251.0,0.22238065141059593,8,193.0,0.3438405450897165,25,444.0
2530.0,26,377.0,6.180327868852459,5.243027865588919,18,318.0,0.18820611538727344,8,212.0,0.3162370620252874,26,530.0
2535.0,24,313.0,5.396551724137931,4.891047161569103,17,331.0,0.23486297241712867,7,156.0,0.3053403509527926,24,487.0
2540.0,22,265.0,4.568965517241379,5.4981067779390935,10,259.0,0.28619077656119957,12,177.0,0.2868524818082534,22,436.0
2545.0,19,305.0,5.446428571428571,5.263373953841961,10,260.0,0.21826423702716,9,200.0,0.3219799358479171,19,460.0
2550.0,24,387.0,6.344262295081967,5.381379119885283,15,313.0,0.17033396823142488,9,227.0,0.3067254591765382,24,540.0
2555.0,22,269.0,4.719298245614035,5.62846418967201,16,310.0,0.23662344573203223,6,195.0,0.40853287884762546,22,505.0
2560.0,21,285.0,5.089285714285714,6.060832373405456,12,294.0,0.27117155418287714,9,168.0,0.4781098290937713,21,462.0
2565.0,21,215.0,3.706896551724138,5.633197046457621,11,281.0,0.3617585547387393,10,142.0,0.38039929758448915,21,423.0
2570.0,20,213.0,3.6724137931034484,5.890645969884938,10,203.0,0.39540449493878466,10,119.0,0.29973745164408194,20,322.0
2575.0,21,166.0,2.7666666666666666,4.792448206501946,10,195.0,0.2736634167899548,11,135.0,0.2279658678704499,21,330.0
2580.0,18,162.0,2.793103448275862,6.065086617701244,12,204.0,0.2675964905465191,6,113.0,0.39398595774711126,18,317.0
2585.0,20,196.0,3.2666666666666666,5.045064752044435,12,189.0,0.2070978674125317,8,115.0,0.33875806510102313,20,304.0
2590.0,23,292.0,4.866666666666666,5.612174939309423,12,228.0,0.3385586756568808,11,148.0,0.23813060913004253,23,376.0
2595.0,26,278.0,4.557377049180328,5.110956313734,11,224.0,0.39383533775994295,15,182.0,0.1423116671413602,26,406.0
2600.0,27,385.0,6.637931034482759,5.551816209321305,10,220.0,0.43539997109010886,17,242.0,0.19278772481415113,27,462.0
2605.0,27,359.0,6.410714285714286,4.338605306521652,13,229.0,0.16723954672594263,14,272.0,0.23495576370026414,27,501.0
2610.0,25,312.0,5.473684210526316,4.720169375590901,17,236.0,0.06871750535087322,8,230.0,0.36972524682881236,25,466.0
2615.0,25,248.0,4.428571428571429,4.124014492115719,16,283.0,0.15639538150777757,9,183.0,0.30326439126828214,25,466.0
2620.0,22,294.0,5.157894736842105,5.933262258444574,12,297.0,0.3539545300490567,10,161.0,0.29486192827820434,22,458.0
2625.0,26,341.0,5.779661016949152,5.45351239770387,13,312.0,0.3151322543644143,13,220.0,0.21915118700098515,26,532.0
2630.0,25,409.0,7.051724137931035,6.02981295409339,11,318.0,0.3466687876947762,14,274.0,0.3252671630985304,25,592.0
2635.0,28,490.0,8.596491228070175,4.384672579157311,13,339.0,0.18750828310311313,15,313.0,0.28829730765228107,28,652.0
2640.0,32,523.0,8.716666666666667,4.086095113501122,17,384.0,0.18953555179011913,15,306.0,0.27842038115971623,32,690.0
2645.0,22,451.0,7.158730158730159,5.5811215837965475,16,406.0,0.21335231185737755,6,220.0,0.4178543625305301,22,626.0
2650.0,19,491.0,7.919354838709677,5.688712244246327,12,411.0,0.28735649607248026,7,220.0,0.3257251820502992,19,631.0
2655.0,26,398.0,6.123076923076923,5.066629056852555,11,341.0,0.2829565367925328,15,281.0,0.158882071286411,26,622.0
2660.0,31,290.0,4.461538461538462,4.965863173911704,14,232.0,0.28954659203257904,17,273.0,0.2188167363913849,31,505.0
2665.0,32,381.0,5.953125,4.945990116750725,15,278.0,0.29524361924367765,17,300.0,0.24838465728961936,32,578.0
2670.0,28,439.0,6.753846153846154,5.08953585790154,14,318.0,0.35291235526534426,14,297.0,0.2410788775412569,28,615.0
2675.0,24,277.0,4.196969696969697,5.291924077887277,14,312.0,0.34176188608810637,10,225.0,0.28659404078699885,24,537.0
2680.0,24,261.0,3.8955223880597014,4.855708826744972,16,282.0,0.23736214518536367,8,216.0,0.31500998880761466,24,498.0
2685.0,31,329.0,4.506849315068493,5.122808131553932,19,359.0,0.21827324896317235,12,192.0,0.35616113407764777,31,551.0
2690.0,34,440.0,6.197183098591549,5.029182067324554,20,437.0,0.24710407698409168,14,208.0,0.34257392132863085,34,645.0
2695.0,29,381.0,5.686567164179104,4.1827490657275135,19,452.0,0.13627841843441957,10,165.0,0.3398660239139351,29,617.0
2700.0,20,271.0,4.106060606060606,4.715353935462927,11,379.0,0.239461862618332,9,158.0,0.24788982982297425,20,537.0
2705.0,20,214.0,3.1940298507462686,4.634072883408086,11,335.0,0.26363418992878007,9,162.0,0.25417047815755217,20,497.0
2710.0,31,296.0,4.169014084507042,5.015513781551645,17,350.0,0.2752502259891044,14,178.0,0.2703353822998877,31,528.0
2715.0,31,352.0,5.0285714285714285,4.789057449345316,17,362.0,0.25606543558684,14,209.0,0.3455825849067159,31,571.0
2720.0,30,437.0,6.522388059701493,4.824675723555369,14,326.0,0.24262314775476193,16,245.0,0.31852539863128715,30,571.0
2725.0,26,366.0,5.630769230769231,4.273587460555997,12,288.0,0.24820199409650204,14,253.0,0.18811281185801174,26,541.0
2730.0,33,445.0,6.641791044776119,4.524432138264061,13,239.0,0.21690044206347603,20,303.0,0.18303490245375298,33,542.0
2735.0,36,387.0,5.776119402985074,3.640127010279801,18,236.0,0.21974876813599423,18,333.0,0.2108093564021023,36,569.0
2740.0,25,282.0,4.208955223880597,5.181508704755582,17,237.0,0.22234410081891892,8,275.0,0.3830938553076783,25,512.0
2745.0,25,285.0,4.1911764705882355,4.61971343753839,17,267.0,0.17960691842570864,8,270.0,0.3072711077938809,25,537.0
2750.0,24,227.0,3.1527777777777777,4.850915430394995,11,255.0,0.2488005701224698,13,278.0,0.1815356201493371,24,533.0
2755.0,27,300.0,4.3478260869565215,5.131464158682084,9,238.0,0.4018610522504184,18,286.0,0.17235655027455019,27,524.0
2760.0,23,352.0,5.253731343283582,5.782368859452323,11,234.0,0.40445576773003267,12,240.0,0.23482203954540928,23,474.0
2765.0,21,436.0,6.411764705882353,6.482310626061707,12,287.0,0.3505351595760434,9,230.0,0.3617016588882595,21,517.0
2770.0,18,333.0,4.757142857142857,6.123528452425447,9,256.0,0.3290535145721815,9,212.0,0.33930804829621913,18,468.0
2775.0,29,444.0,6.166666666666667,6.045069164025095,13,261.0,0.33619167477777684,16,245.0,0.321296213633045,29,506.0
2780.0,28,468.0,6.591549295774648,6.0898508623911205,12,310.0,0.3522482158431576,16,276.0,0.36920624481525416,28,586.0
2785.0,29,576.0,8.597014925373134,5.534391944688165,13,363.0,0.38664555443932624,16,288.0,0.2773222141183195,29,651.0
2790.0,32,511.0,7.405797101449275,4.0232568236321855,13,341.0,0.2657268646978318,19,331.0,0.1544987403705546,32,672.0
2795.0,26,451.0,6.442857142857143,4.770659438413819,13,295.0,0.25840067679462503,13,324.0,0.22674886797719512,26,619.0
2800.0,26,417.0,5.957142857142857,4.642272552576334,15,323.0,0.27004472402596785,11,290.0,0.2712858185919395,26,613.0
2805.0,30,390.0,5.2,5.028387678790382,13,319.0,0.32616205990479624,17,257.0,0.2890294186266748,30,576.0
2810.0,31,326.0,4.233766233766234,5.0872997769563915,15,282.0,0.3207924010750182,16,289.0,0.31528350594240034,31,571.0
2815.0,29,394.0,5.051282051282051,5.0702992603693655,17,276.0,0.3483839384129852,12,276.0,0.2865959683580621,29,552.0
2820.0,28,329.0,4.217948717948718,5.133315926724729,16,293.0,0.31019830636741375,12,237.0,0.30579578808887486,28,530.0
2825.0,37,447.0,5.881578947368421,4.750412911590768,23,369.0,0.19853559320323325,14,213.0,0.3372325648144745,37,582.0
2830.0,44,454.0,5.82051282051282,3.5130431242203732,25,423.0,0.16639768427913898,19,248.0,0.19862855921197783,44,671.0
2835.0,40,470.0,6.184210526315789,3.6651843267536455,19,412.0,0.2477484205759093,21,301.0,0.15626354192477013,40,713.0
2840.0,38,477.0,6.36,3.2314790532105073,17,411.0,0.24978384631216907,21,357.0,0.14952007604072362,38,768.0
2845.0,31,356.0,4.506329113924051,4.330372642281828,15,375.0,0.232083900564574,16,368.0,0.2381699934362668,31,743.0
2850.0,27,287.0,3.6794871794871793,4.300755013679049,15,400.0,0.15728736408061914,12,343.0,0.2754232361514611,27,743.0
2855.0,34,394.0,5.184210526315789,4.076977901352036,15,398.0,0.15684188828608672,19,384.0,0.18224826678225434,34,782.0
2860.0,42,531.0,7.273972602739726,3.291616146602189,18,455.0,0.14962851812346015,24,422.0,0.12777533901624194,42,877.0
2865.0,45,709.0,9.985915492957746,3.6643787877343725,16,476.0,0.24100517023880372,29,563.0,0.14754938208529658,45,1039.0
2870.0,37,782.0,11.17142857142857,3.735491187062315,11,441.0,0.25122543383011237,26,640.0,0.1731812219907416,37,1081.0
2875.0,27,621.0,8.625,4.086207280051097,10,372.0,0.26408211750222305,17,615.0,0.18695690900899667,27,987.0
2880.0,27,535.0,7.0394736842105265,5.432518228820771,11,305.0,0.3244679693235445,16,582.0,0.26953413372288126,27,887.0
2885.0,23,498.0,6.64,5.728639714262546,9,329.0,0.32440907599892405,14,516.0,0.28321885600235414,23,845.0
2890.0,29,422.0,6.0285714285714285,5.036459829770936,13,365.0,0.25357394195517124,16,484.0,0.22946787612093045,29,849.0
2895.0,32,337.0,5.029850746268656,3.9987160791442258,13,321.0,0.21673850117178242,19,480.0,0.17539539754888583,32,801.0
2900.0,34,454.0,6.579710144927536,4.570421321038969,15,342.0,0.2910630970441563,19,561.0,0.18642366734868696,34,903.0
2905.0,35,574.0,8.830769230769231,3.9886460597943536,12,343.0,0.3428984248052021,23,625.0,0.09895395409365779,35,968.0
2910.0,34,614.0,9.164179104477611,4.429897420393931,11,314.0,0.41431834369636594,23,658.0,0.08143037906098102,34,972.0
2915.0,28,566.0,8.707692307692307,4.538918684990187,13,359.0,0.2872612534349957,15,596.0,0.20543484555419547,28,955.0
2920.0,26,643.0,10.206349206349206,4.735162112690142,16,422.0,0.19147790314657145,10,566.0,0.21417465624925378,26,988.0
2925.0,22,511.0,8.516666666666667,4.7948972977683635,13,390.0,0.16432874884754073,9,526.0,0.25801515519149804,22,916.0
2930.0,25,338.0,5.827586206896552,4.9762503069766355,12,338.0,0.18177486054769484,13,477.0,0.25022035598510006,25,815.0
2935.0,28,403.0,7.60377358490566,4.274051269227167,10,300.0,0.30485214231968605,18,527.0,0.2367095384537197,28,827.0
2940.0,26,437.0,7.803571428571429,4.117695382482729,10,310.0,0.23159161544744442,16,557.0,0.2836901565106362,26,867.0
2945.0,21,405.0,7.363636363636363,4.76124670429695,12,304.0,0.21042866419742157,9,513.0,0.3433058959190137,21,817.0
2950.0,21,431.0,7.836363636363636,4.903356027017726,12,322.0,0.08863251746944278,9,496.0,0.4256831151203512,21,818.0
2955.0,23,522.0,9.321428571428571,5.659150096820263,10,334.0,0.18807598632721795,13,512.0,0.338807408692976,23,846.0
2960.0,19,487.0,9.365384615384615,6.099139737154938,10,382.0,0.21003238297940205,9,450.0,0.30625634909265503,19,832.0
2965.0,20,292.0,5.407407407407407,5.8254909014832075,10,377.0,0.2751101320549424,10,298.0,0.22260014751832982,20,675.0
2970.0,18,267.0,5.134615384615385,5.583878600407837,7,297.0,0.3634117210769839,11,328.0,0.26193236276221143,18,625.0
2975.0,22,346.0,6.784313725490196,5.688167315573744,8,257.0,0.4384632548110436,14,355.0,0.3171519795544288,22,612.0
2980.0,24,419.0,7.618181818181818,4.991322368070641,9,280.0,0.420262930887306,15,325.0,0.29159227468873383,24,605.0
2985.0,23,500.0,8.620689655172415,5.109702213809885,10,327.0,0.40368067046010553,13,252.0,0.3050685223374327,23,579.0
2990.0,26,402.0,6.7,4.365267264256364,12,306.0,0.306466366467531,14,271.0,0.2796828767189088,26,577.0
2995.0,30,462.0,7.333333333333333,4.6399106577049745,13,237.0,0.3594371877815729,17,326.0,0.12733552519587527,30,563.0
3000.0,33,554.0,8.523076923076923,4.091873684909212,11,279.0,0.32403522678225055,22,409.0,0.13471714418988306,33,688.0
3005.0,29,661.0,9.579710144927537,4.887826922421128,10,295.0,0.3659925859430503,19,479.0,0.17425637655568657,29,774.0
3010.0,29,749.0,11.014705882352942,5.092653249912881,9,283.0,0.3455314717726177,20,569.0,0.2296563768938975,29,852.0
3015.0,36,689.0,10.283582089552239,3.9323985766527074,17,331.0,0.1936532330771785,19,565.0,0.23110057186327973,36,896.0
3020.0,33,352.0,5.176470588235294,3.2341919164657895,21,302.0,0.07503268000643262,12,428.0,0.24428556617359642,33,730.0
3025.0,33,457.0,6.82089552238806,4.473874269549514,23,281.0,0.07279890022757227,10,359.0,0.34814554086523314,33,640.0
3030.0,32,549.0,7.956521739130435,5.600474609927731,19,341.0,0.12204163111060434,13,328.0,0.3965203043171851,32,669.0
3035.0,24,423.0,6.130434782608695,5.508395858770323,11,352.0,0.22570251516929177,13,312.0,0.24529548688813485,24,664.0
3040.0,26,344.0,5.134328358208955,4.713411535026301,9,381.0,0.23078263952372488,17,332.0,0.1682750266512116,26,713.0
3045.0,35,445.0,6.846153846153846,4.285374466360265,17,450.0,0.1817066562981654,18,390.0,0.20758406987483924,35,840.0
3050.0,35,544.0,8.36923076923077,4.092848105767178,17,486.0,0.19297870437097409,18,434.0,0.2271212642669093,35,920.0
3055.0,25,539.0,9.135593220338983,4.229729328277332,10,435.0,0.3269905766911902,15,478.0,0.17199814624300608,25,913.0
3060.0,19,348.0,5.8,4.834599997258262,5,311.0,0.31663296568508303,14,474.0,0.15779562879473166,19,785.0
3065.0,22,255.0,4.322033898305085,4.611167073128758,10,249.0,0.27992235846299174,12,440.0,0.14334579992456992,22,689.0
3070.0,31,291.0,4.770491803278689,5.094179953095791,17,303.0,0.1886286633968778,14,401.0,0.3008457288319721,31,704.0
3075.0,29,336.0,5.508196721311475,4.482941409313866,16,332.0,0.17256754999694787,13,386.0,0.30775519137296853,29,718.0
3080.0,23,304.0,4.903225806451613,5.23187014209869,9,282.0,0.28447489306960355,14,307.0,0.2625131901637588,23,589.0
3085.0,23,298.0,4.966666666666667,4.525823028244561,10,311.0,0.284855610708951,13,315.0,0.18254507469111858,23,626.0
3090.0,33,395.0,6.171875,4.625749114206728,14,338.0,0.26306784357727625,19,364.0,0.22354247160955681,33,702.0
3095.0,32,334.0,5.301587301587301,4.171986285447859,17,326.0,0.20043930513759303,15,360.0,0.32751121709900943,32,686.0
3100.0,27,346.0,5.492063492063492,4.542109505635014,17,372.0,0.13454130004184506,10,296.0,0.35326639815050326,27,668.0
3105.0,30,356.0,5.741935483870968,3.9359354934883495,20,428.0,0.048975908754257225,10,256.0,0.3052096242177203,30,684.0
3110.0,33,469.0,7.328125,4.324983717094319,21,518.0,0.10117795522123411,12,217.0,0.22876275917252298,33,735.0
3115.0,34,464.0,7.25,4.325178243726989,18,508.0,0.24140591992482982,16,233.0,0.09430470233713806,34,741.0
3120.0,26,293.0,4.966101694915254,4.556862509824633,8,379.0,0.2606183189568811,18,255.0,0.17170307219355163,26,634.0
3125.0,22,292.0,5.0344827586206895,4.948554000427078,5,283.0,0.3690255040299192,17,271.0,0.20472153241106433,22,554.0
3130.0,17,286.0,5.296296296296297,6.867746348237076,7,209.0,0.42083313973952896,10,239.0,0.3649657858033464,17,448.0
3135.0,20,233.0,4.314814814814815,5.1116794061251705,7,169.0,0.17902875895615564,13,259.0,0.2825956862341796,20,428.0
3140.0,23,256.0,4.7407407407407405,5.303716684445227,11,138.0,0.2652866005315785,12,267.0,0.3214840579245713,23,405.0
3145.0,21,248.0,4.769230769230769,4.7551556263244255,10,137.0,0.36097703975888973,11,286.0,0.2990930073448528,21,423.0
3150.0,25,333.0,6.283018867924528,5.629703606843195,9,120.0,0.4240571853831796,16,296.0,0.2875954356072103,25,416.0
3155.0,26,320.0,5.333333333333333,4.659448380240934,11,166.0,0.22530350866837406,15,285.0,0.258614416537698,26,451.0
3160.0,24,339.0,5.745762711864407,5.698602667568432,14,230.0,0.30658775950333705,10,243.0,0.388641080740065,24,473.0
3165.0,22,279.0,4.894736842105263,4.737807238948197,11,233.0,0.34726468645762676,11,227.0,0.26477373328792914,22,460.0
3170.0,20,223.0,3.716666666666667,5.053461408154231,5,157.0,0.43354326045840685,15,246.0,0.16779021565597907,20,403.0
3175.0,26,203.0,3.274193548387097,4.713540559847416,9,130.0,0.3903448667232624,17,266.0,0.09850237892194598,26,396.0
3180.0,32,286.0,4.46875,5.196389708909473,14,172.0,0.35731254922362693,18,295.0,0.16711245712028794,32,467.0
3185.0,29,319.0,5.145161290322581,4.198941429661668,14,207.0,0.27206552346163493,15,309.0,0.22260550297789278,29,516.0
3190.0,30,383.0,6.079365079365079,4.84704941939315,18,281.0,0.2402766619069384,12,271.0,0.3318488019074209,30,552.0
3195.0,32,424.0,6.625,4.3020676461898475,17,285.0,0.2243453953194121,15,311.0,0.3143348781104019,32,596.0
3200.0,24,367.0,5.6461538461538465,5.24803030735065,9,247.0,0.2976515991739224,15,364.0,0.2910150594186857,24,611.0
3205.0,23,320.0,5.0,4.6233305131423865,9,213.0,0.2950455159541017,14,325.0,0.1470442852717399,23,538.0
3210.0,20,347.0,5.17910447761194,6.055482386433403,10,215.0,0.31574489477640283,10,260.0,0.22417939465102013,20,475.0
3215.0,24,313.0,4.6716417910447765,5.476960169600408,11,212.0,0.2367226054591801,13,270.0,0.2677230704980923,24,482.0
3220.0,28,390.0,6.09375,5.371594625928571,12,226.0,0.3033232875048684,16,289.0,0.28923602467688464,28,515.0
3225.0,28,466.0,6.955223880597015,5.2634051098037515,11,269.0,0.38880652769182683,17,341.0,0.23005850034488742,28,610.0
3230.0,24,496.0,7.873015873015873,5.5326848838475,8,275.0,0.4726212506541904,16,396.0,0.23794317059430628,24,671.0
3235.0,26,314.0,5.064516129032258,4.201397520036198,9,190.0,0.3603806080825349,17,375.0,0.1204995094991449,26,565.0
3240.0,31,394.0,6.253968253968254,5.033235698842936,11,138.0,0.3575564912697656,20,402.0,0.25590856025330716,31,540.0
3245.0,30,495.0,7.5,4.1261326558125795,13,176.0,0.2995932030977733,17,459.0,0.25969637001329143,30,635.0
3250.0,30,601.0,8.970149253731343,5.301768117895232,13,214.0,0.416523771778014,17,486.0,0.25616107504898294,30,700.0
3255.0,32,597.0,8.652173913043478,4.534929148103612,14,265.0,0.33395688740676943,18,477.0,0.17692682425912126,32,742.0
3260.0,27,477.0,7.453125,4.716777038907756,16,338.0,0.18495979195713574,11,382.0,0.24144437565856045,27,720.0
3265.0,26,423.0,6.934426229508197,4.33527652830296,17,367.0,0.13504404397316316,9,307.0,0.26577027920353125,26,674.0
3270.0,22,385.0,6.311475409836065,4.569484104391803,12,382.0,0.24596290500401494,10,289.0,0.15153196391004722,22,671.0
3275.0,27,381.0,6.684210526315789,4.150247902214672,13,375.0,0.2934537003852963,14,340.0,0.22771675112864656,27,715.0
3280.0,28,448.0,7.593220338983051,4.744213835273378,10,331.0,0.3907148268912796,18,422.0,0.2337955038968355,28,753.0
3285.0,29,389.0,6.274193548387097,4.551245639838585,14,305.0,0.32584060717521174,15,414.0,0.2868372259022528,29,719.0
3290.0,22,277.0,4.328125,4.597524087468994,12,258.0,0.26094535097500315,10,346.0,0.29293258054147725,22,604.0
3295.0,20,327.0,5.360655737704918,4.808356388359884,11,276.0,0.22741255420863812,9,323.0,0.3249348603512898,20,599.0
3300.0,25,421.0,6.790322580645161,5.241756529875568,13,308.0,0.20879466527018034,12,332.0,0.2574726846271988,25,640.0
3305.0,26,430.0,7.288135593220339,5.006965319152946,15,330.0,0.14852625555648036,11,331.0,0.2736487295245527,26,661.0
3310.0,26,402.0,6.931034482758621,5.195181824577799,13,327.0,0.2074616356128963,13,311.0,0.2843202395588627,26,638.0
3315.0,26,344.0,6.745098039215686,4.233441539837654,14,376.0,0.20883264904599955,12,257.0,0.32727811162555137,26,633.0
3320.0,32,469.0,8.375,3.806213190782477,17,459.0,0.21948193814517705,15,240.0,0.24481849544016523,32,699.0
3325.0,29,472.0,7.737704918032787,4.212036320594376,15,433.0,0.2297685923969141,14,240.0,0.27903373600353126,29,673.0
3330.0,27,475.0,7.661290322580645,5.394798676085179,11,452.0,0.27145226489283786,16,309.0,0.3726202666146331,27,761.0
3335.0,26,479.0,7.484375,5.539300472810892,12,414.0,0.3472884186685113,14,330.0,0.3587524524292818,26,744.0
3340.0,21,415.0,7.033898305084746,4.829452274996247,11,458.0,0.3362737578322666,10,272.0,0.27167830566565826,21,730.0
3345.0,29,480.0,8.135593220338983,3.3254786889584595,15,508.0,0.16219825958123835,14,247.0,0.15012054246544518,29,755.0
3350.0,32,379.0,6.112903225806452,3.59068786804904,15,437.0,0.20787175943434202,17,257.0,0.11206117295782847,32,694.0
3355.0,32,421.0,6.578125,4.487314807162915,12,370.0,0.3176742998633087,20,310.0,0.20892955207809788,32,680.0
3360.0,29,372.0,6.0,4.834659924973587,11,315.0,0.34155133980826813,18,304.0,0.2935081880641773,29,619.0
3365.0,25,352.0,5.5,5.09331613371314,9,257.0,0.4151643830011675,16,312.0,0.24454969405567253,25,569.0
3370.0,23,271.0,4.234375,5.054271595706493,10,248.0,0.32116758778130133,13,277.0,0.24389994878966864,23,525.0
3375.0,24,242.0,3.8412698412698414,4.875258760660005,13,202.0,0.17787349179321077,11,270.0,0.3164292408010164,24,472.0
3380.0,26,220.0,3.3333333333333335,4.331837490830783,16,248.0,0.09060254308064698,10,218.0,0.32716936103287647,26,466.0
3385.0,28,317.0,4.803030303030303,5.498151232021251,18,336.0,0.2420188852605648,10,184.0,0.3718220922038117,28,520.0
3390.0,28,336.0,5.090909090909091,5.120877725362649,14,376.0,0.3535370118307822,14,186.0,0.2585592151177339,28,562.0
3395.0,29,431.0,6.53030303030303,4.758924565375448,12,388.0,0.3462099808512184,17,244.0,0.14958397401358872,29,632.0
3400.0,32,401.0,5.985074626865671,4.171525800260902,13,374.0,0.31782523859259687,19,276.0,0.1315897278771993,32,650.0
3405.0,31,409.0,5.927536231884058,5.134496268597319,12,310.0,0.32455072889770015,19,317.0,0.23360752330142773,31,627.0
3410.0,31,400.0,5.797101449275362,4.78074644095297,14,317.0,0.30273005484667753,17,338.0,0.2655745869646973,31,655.0
3415.0,24,263.0,3.925373134328358,4.809179916110565,16,279.0,0.23072901910150082,8,283.0,0.30146616726022046,24,562.0
3420.0,28,268.0,4.123076923076923,4.574865711964328,19,314.0,0.14329963905641258,9,219.0,0.37717419384821604,28,533.0
3425.0,24,293.0,4.3088235294117645,5.267576704417756,16,335.0,0.21218844738439835,8,212.0,0.30698365014130613,24,547.0
3430.0,31,328.0,4.895522388059701,4.739570243528837,15,363.0,0.25652877593204376,16,263.0,0.24733926567763206,31,626.0
3435.0,32,358.0,5.114285714285714,4.595212193476732,14,345.0,0.23635856524806093,18,297.0,0.23777091677229298,32,642.0
3440.0,30,371.0,5.621212121212121,4.555950069484125,14,333.0,0.27988253161713017,16,349.0,0.2691988615404007,30,682.0
3445.0,32,368.0,5.333333333333333,4.835788015620054,14,299.0,0.31278954861638136,18,361.0,0.26421059440760786,32,660.0
3450.0,25,319.0,4.557142857142857,4.5781965980128305,14,301.0,0.15214743297415873,11,304.0,0.3135823249214117,25,605.0
3455.0,30,329.0,4.768115942028985,4.55964891464484,17,336.0,0.08569031089984909,13,318.0,0.34609390629754994,30,654.0
3460.0,32,310.0,4.492753623188406,3.561574695432954,16,348.0,0.1604646494938082,16,316.0,0.21215957173189648,32,664.0
3465.0,30,316.0,4.514285714285714,4.0408857772428775,10,307.0,0.26598885060420024,20,345.0,0.1675781828222466,30,652.0
3470.0,30,402.0,5.742857142857143,4.896038419623004,13,312.0,0.28600052013569727,17,350.0,0.20681982520105022,30,662.0
3475.0,26,433.0,6.185714285714286,5.700019109710621,13,364.0,0.27523844958169635,13,343.0,0.2880974729747345,26,707.0
3480.0,26,418.0,6.057971014492754,5.0105393464021555,12,376.0,0.2904238693019867,14,304.0,0.19641190388811874,26,680.0
3485.0,31,486.0,7.147058823529412,4.881019482562257,12,347.0,0.28179287459413843,19,360.0,0.23114671353181,31,707.0
3490.0,35,542.0,7.742857142857143,4.591021498834913,14,368.0,0.3045918576912071,21,391.0,0.2547712249774288,35,759.0
3495.0,32,585.0,8.357142857142858,4.875579949331139,12,355.0,0.4286362014960787,20,444.0,0.23131307452486624,32,799.0
3500.0,29,532.0,7.6,4.382637966496805,11,382.0,0.3278605223600932,18,439.0,0.22027850028628918,29,821.0
3505.0,24,480.0,6.76056338028169,4.165070199274885,9,382.0,0.25840563482487106,15,426.0,0.1671503104769819,24,808.0
3510.0,29,316.0,4.328767123287672,4.822211264115555,9,281.0,0.36435859123960634,20,413.0,0.1484155980199453,29,694.0
3515.0,35,348.0,5.043478260869565,4.394192727551831,12,216.0,0.35473654798379584,23,452.0,0.18964409262893334,35,668.0
3520.0,35,425.0,6.071428571428571,4.240968752794264,12,263.0,0.284788260125639,23,488.0,0.2350900117007019,35,751.0
3525.0,35,505.0,7.318840579710145,3.389366413526358,12,295.0,0.2828543100289579,23,523.0,0.112790625105196,35,818.0
3530.0,27,385.0,5.422535211267606,4.662571910399853,7,248.0,0.34755316207053955,20,488.0,0.17420385937741753,27,736.0
3535.0,22,301.0,4.180555555555555,5.562156382617118,10,226.0,0.29239161115536155,12,470.0,0.2860324906660482,22,696.0
3540.0,27,260.0,3.7142857142857144,5.213249890418286,13,226.0,0.27238670927187114,14,448.0,0.2623551650323512,27,674.0
3545.0,34,330.0,4.782608695652174,4.021316371363269,14,210.0,0.2579663033823661,20,472.0,0.1820237798340217,34,682.0
3550.0,28,355.0,5.220588235294118,4.267067437026406,11,235.0,0.27931735814872605,17,454.0,0.2182898533334204,28,689.0
3555.0,24,389.0,6.174603174603175,5.470606054166353,7,207.0,0.32650582271089834,17,458.0,0.2602134416540621,24,665.0
3560.0,22,429.0,7.15,5.93152618342677,6,188.0,0.3365026622125858,16,468.0,0.26164147727503484,22,656.0
3565.0,25,503.0,9.145454545454545,5.318236099174602,8,207.0,0.3303324257379577,17,507.0,0.15407115355738193,25,714.0
3570.0,23,462.0,9.829787234042554,4.656070669921758,8,220.0,0.4140011103782334,15,488.0,0.16655932845761276,23,708.0
3575.0,22,477.0,10.148936170212766,5.281319529358884,8,216.0,0.38058378271864485,14,430.0,0.22873595522276832,22,646.0
3580.0,20,304.0,5.96078431372549,4.866518111517093,6,131.0,0.3785283121647739,14,377.0,0.16604946844573334,20,508.0
3585.0,22,322.0,6.313725490196078,5.713458562082102,10,178.0,0.4142029995877696,12,286.0,0.15130388014604637,22,464.0
3590.0,21,263.0,5.1568627450980395,5.234989621098535,10,161.0,0.3992531774661283,11,297.0,0.16281648294206238,21,458.0
3595.0,20,235.0,4.519230769230769,6.008753359397928,11,137.0,0.2940842526422301,9,268.0,0.3514413343318222,20,405.0
3600.0,21,237.0,4.647058823529412,4.657129677173351,14,171.0,0.10367550026299419,7,259.0,0.4101546661633937,21,430.0
3605.0,19,276.0,5.2075471698113205,6.101519615827989,9,170.0,0.27402394835659327,10,269.0,0.40785252803646654,19,439.0
3610.0,17,282.0,5.529411764705882,5.0031358631725364,10,175.0,0.3241195146521578,7,244.0,0.24420638568957376,17,419.0
3615.0,17,347.0,6.673076923076923,6.550314813364882,8,205.0,0.4582723225351417,9,260.0,0.3722843426280754,17,465.0
3620.0,19,414.0,7.666666666666667,5.3332138517629,8,226.0,0.35845667947817855,11,299.0,0.3400736846628875,19,525.0
3625.0,24,524.0,9.88679245283019,5.427224501523105,11,267.0,0.37898482582064136,13,359.0,0.3004879149592165,24,626.0
3630.0,24,594.0,10.8,5.2174946863540805,9,303.0,0.3537707681113217,15,413.0,0.2686942975530177,24,716.0
3635.0,26,691.0,13.037735849056604,4.9922219954418035,14,353.0,0.2582902442534957,12,455.0,0.30380704139656783,26,808.0
3640.0,25,557.0,10.314814814814815,4.433497562922225,13,330.0,0.24772122537351557,12,419.0,0.301614205927089,25,749.0
3645.0,24,593.0,11.403846153846153,5.293196741834344,12,323.0,0.24819699861698993,12,350.0,0.35762394150171817,24,673.0
3650.0,22,335.0,6.320754716981132,4.731347411016291,11,236.0,0.1762029768715717,11,279.0,0.2739577218130621,22,515.0
3655.0,25,299.0,5.4363636363636365,5.385695396134278,11,177.0,0.29847964952825023,14,167.0,0.24137230336246007,25,344.0
3660.0,20,247.0,4.75,5.676641342910839,8,172.0,0.40485216302279003,12,197.0,0.30501117842737613,20,369.0
3665.0,14,199.0,3.826923076923077,6.335579400741655,4,105.0,0.42257265279360523,10,199.0,0.31094924715965555,14,304.0
3670.0,13,198.0,3.7358490566037736,5.6821446610309145,3,70.0,0.4236241758214906,10,220.0,0.19857540118264455,13,290.0
3675.0,17,237.0,4.388888888888889,6.830314957603041,7,86.0,0.42663940093276653,10,221.0,0.3192623465445118,17,307.0
3680.0,19,298.0,5.730769230769231,5.400328471910871,11,130.0,0.3019164795009943,8,244.0,0.32858684237015084,19,374.0
3685.0,23,388.0,7.320754716981132,5.140005291481285,13,174.0,0.32947731617314313,10,287.0,0.2895599741063227,23,461.0
3690.0,27,484.0,8.8,5.150060010855557,17,246.0,0.2876030355390681,10,314.0,0.3341282227866534,27,560.0
3695.0,21,522.0,10.038461538461538,5.164588142861784,13,260.0,0.2092776842197673,8,339.0,0.36766957274675627,21,599.0
3700.0,29,617.0,11.425925925925926,4.561447791371516,19,326.0,0.08474089278252919,10,337.0,0.349080751560752,29,663.0
3705.0,35,765.0,13.660714285714286,3.3783476324181985,20,418.0,0.13453376199753184,15,396.0,0.22623664628842396,35,814.0
3710.0,33,912.0,15.724137931034482,4.016499644225469,20,518.0,0.2660394225853764,13,456.0,0.27635076878000164,33,974.0
3715.0,31,975.0,16.52542372881356,4.398071368968179,18,564.0,0.25286400326588887,13,499.0,0.33698687866036614,31,1063.0
3720.0,32,1130.0,19.152542372881356,4.678773478829035,19,618.0,0.1753002550405324,13,564.0,0.34434708080628007,32,1182.0
3725.0,32,1035.0,17.54237288135593,3.993757555653887,20,596.0,0.11461076369701871,12,597.0,0.25737346732270033,32,1193.0
3730.0,23,741.0,12.559322033898304,5.099060684766012,10,453.0,0.2884600234868827,13,619.0,0.20322108382865714,23,1072.0
3735.0,19,365.0,6.636363636363637,5.174773012285526,7,351.0,0.3666983380557132,12,491.0,0.1576233422841759,19,842.0
3740.0,19,179.0,3.1964285714285716,5.7194529740171305,10,371.0,0.2381753296062836,9,217.0,0.34415711714125335,19,588.0
3745.0,20,193.0,3.3859649122807016,5.023442343560598,13,327.0,0.20950540779211826,7,216.0,0.3531485243743668,20,543.0
3750.0,21,239.0,4.192982456140351,6.20987348811147,9,216.0,0.34245505716097596,12,231.0,0.3853293362661221,21,447.0
3755.0,17,199.0,3.4310344827586206,4.961661795393505,8,217.0,0.33927097713973875,9,232.0,0.22836449329205472,17,449.0
3760.0,20,209.0,3.542372881355932,5.579650165580495,10,210.0,0.28169444611045075,10,240.0,0.3361844587328587,20,450.0
3765.0,23,219.0,3.9107142857142856,5.73323902064341,13,234.0,0.23197533851421823,10,256.0,0.4461780313162605,23,490.0
3770.0,28,341.0,5.779661016949152,4.836702822948102,18,303.0,0.13097405506358484,10,285.0,0.4161887604871611,28,588.0
3775.0,26,376.0,6.266666666666667,4.052375876200103,18,305.0,0.14609657657013203,8,302.0,0.34172817530773303,26,607.0
3780.0,21,355.0,5.819672131147541,5.063750141117506,10,264.0,0.29954048934675714,11,353.0,0.2911185887249716,21,617.0
3785.0,21,244.0,3.935483870967742,5.233414920021031,9,259.0,0.3659856797469937,12,287.0,0.225402043253499,21,546.0
3790.0,28,292.0,4.709677419354839,5.469821218364067,15,311.0,0.33225411394842097,13,146.0,0.2792885508147157,28,457.0
3795.0,32,305.0,5.0,4.301669113830671,21,355.0,0.23535076137265815,11,156.0,0.2951064373650478,32,511.0
3800.0,27,300.0,4.761904761904762,4.811075136358599,19,362.0,0.18302764302047828,8,142.0,0.3989811613793428,27,504.0
3805.0,27,290.0,4.603174603174603,4.428954476553827,19,385.0,0.16514321664028397,8,138.0,0.39635763679839003,27,523.0
3810.0,26,274.0,4.349206349206349,4.961024450795084,14,342.0,0.20459529480994823,12,147.0,0.3194954442289575,26,489.0
3815.0,20,236.0,3.6875,4.988647779138455,11,318.0,0.2892249230556842,9,148.0,0.24016444621911756,20,466.0
3820.0,24,251.0,3.803030303030303,5.319409053676152,10,294.0,0.32437302578694316,14,170.0,0.2002989934926808,24,464.0
3825.0,25,269.0,4.338709677419355,4.884989332707155,14,303.0,0.24459410243784713,11,180.0,0.34339110446529425,25,483.0
3830.0,24,256.0,4.0,5.319354713783885,18,314.0,0.1953762733611179,6,136.0,0.45224393444800065,24,450.0
3835.0,26,226.0,3.896551724137931,5.154956193042228,21,333.0,0.1580757367631904,5,63.0,0.4862251971018814,26,396.0
3840.0,26,281.0,4.844827586206897,4.872139328912389,18,389.0,0.20318895691273245,8,49.0,0.4454052284693896,26,438.0
3845.0,28,395.0,6.810344827586207,5.022013676701324,20,469.0,0.20434314077224222,8,87.0,0.43700118255146875,28,556.0
3850.0,26,414.0,7.016949152542373,4.743682281980832,17,481.0,0.1849416990121,9,111.0,0.4690629347895744,26,592.0
3855.0,22,242.0,3.903225806451613,4.879606526104182,14,404.0,0.23132651408207108,8,128.0,0.34364948915117205,22,532.0
3860.0,16,233.0,3.8833333333333333,5.9196425679848135,8,325.0,0.2562911950566479,8,138.0,0.38044041243449944,16,463.0
3865.0,14,271.0,4.442622950819672,7.278250674201339,6,230.0,0.4017215072243644,8,154.0,0.3205907324651507,14,384.0
3870.0,19,338.0,5.540983606557377,6.359097681558778,7,240.0,0.35181183064675525,12,201.0,0.25314043780018414,19,441.0
3875.0,25,421.0,7.258620689655173,5.629452899178643,13,296.0,0.2699470937558404,12,233.0,0.2921270483767784,25,529.0
3880.0,26,516.0,9.381818181818181,4.3557073379753835,11,328.0,0.2619726588702565,15,291.0,0.28586725518851336,26,619.0
3885.0,23,484.0,8.642857142857142,4.877668306217578,9,320.0,0.3728469581309122,14,301.0,0.2105307470735494,23,621.0
3890.0,22,291.0,5.017241379310345,4.696784343639222,9,275.0,0.3484656839456273,13,265.0,0.13141820411117153,22,540.0
3895.0,23,346.0,5.766666666666667,4.646896556372185,11,262.0,0.28529679070814534,12,307.0,0.19423188109261424,23,569.0
3900.0,26,337.0,5.616666666666666,4.339357473554245,14,248.0,0.24437992053584884,12,340.0,0.2454791869669035,26,588.0
3905.0,33,353.0,5.883333333333334,4.396783289057135,19,261.0,0.2448863337863623,14,342.0,0.29829811790751576,33,603.0
3910.0,26,327.0,5.45,4.151699879737466,16,285.0,0.14914488704290993,10,278.0,0.3209762383989621,26,563.0
3915.0,25,349.0,5.453125,4.941588759410931,13,261.0,0.23027477424789242,12,293.0,0.21547328909138455,25,554.0
3920.0,21,356.0,5.476923076923077,5.490183390545647,7,255.0,0.29041744765094096,14,343.0,0.19760262498396766,21,598.0
3925.0,29,463.0,7.123076923076923,5.409969568587649,11,276.0,0.2973927319441827,18,425.0,0.19948682861925396,29,701.0
3930.0,28,508.0,8.193548387096774,4.631535813329969,11,300.0,0.2830110535082407,17,442.0,0.21755640202145135,28,742.0
3935.0,27,451.0,7.39344262295082,4.524329569589022,12,296.0,0.241492263754379,15,390.0,0.2688551386502874,27,686.0
3940.0,22,228.0,3.6774193548387095,4.5433819483036055,12,244.0,0.2424798288938277,10,358.0,0.2890267126426442,22,602.0
3945.0,30,343.0,5.276923076923077,5.426220707252514,13,222.0,0.3080370291518394,17,394.0,0.33605116667506907,30,616.0
3950.0,28,316.0,4.7164179104477615,4.830801393116766,11,244.0,0.30422357798935634,17,419.0,0.3107219751025445,28,663.0
3955.0,26,287.0,4.1,5.145743996925693,12,248.0,0.3243916054786444,14,394.0,0.2868457384033267,26,642.0
3960.0,25,295.0,4.097222222222222,5.505839425599005,11,255.0,0.3438423619885777,14,404.0,0.29286030328268575,25,659.0
3965.0,26,344.0,4.648648648648648,5.647211393619622,9,216.0,0.4050659438578366,17,436.0,0.17050221215461056,26,652.0
3970.0,36,434.0,5.786666666666667,4.818886043046304,11,244.0,0.3976623360747073,25,458.0,0.08267944440742557,36,702.0
3975.0,33,314.0,4.1866666666666665,4.84451462106317,14,203.0,0.30516282499694347,19,433.0,0.18407168908336563,33,636.0
3980.0,32,350.0,4.605263157894737,5.000768430010841,16,200.0,0.2922778367523473,16,458.0,0.2566183124656793,32,658.0
3985.0,27,322.0,4.293333333333333,5.242696246600936,16,265.0,0.25889720024194146,11,429.0,0.32846595241623605,27,694.0
3990.0,25,364.0,4.7894736842105265,5.00856769255656,11,292.0,0.2594114328299534,14,442.0,0.2252152479379789,25,734.0
3995.0,31,392.0,5.226666666666667,5.096100537912401,12,284.0,0.2945399543818548,19,510.0,0.16719539819535922,31,794.0
4000.0,39,538.0,7.173333333333333,4.740976100951239,18,324.0,0.25584158506222837,21,567.0,0.15976867256156943,39,891.0
4005.0,29,499.0,7.231884057971015,5.033192696172048,16,321.0,0.204208467548108,13,584.0,0.2969410890488619,29,905.0
4010.0,29,442.0,6.696969696969697,4.2024854462374,14,293.0,0.12341397050873296,15,546.0,0.25131165053317456,29,839.0
4015.0,32,387.0,5.6911764705882355,3.8018981150854625,15,331.0,0.18163289591856277,17,479.0,0.15846748806227845,32,810.0
4020.0,30,385.0,6.015625,4.31366708257031,11,302.0,0.31195317180469756,19,517.0,0.11905861686295156,30,819.0
4025.0,24,429.0,6.919354838709677,4.362534823885556,10,306.0,0.29790247871565206,14,524.0,0.14722251288615235,24,830.0
4030.0,29,355.0,5.461538461538462,4.326454005547266,15,371.0,0.24869748131035133,14,463.0,0.13781904306818654,29,834.0
4035.0,35,450.0,7.03125,4.875661490959761,19,463.0,0.27675763678638365,16,413.0,0.21320482107133076,35,876.0
4040.0,35,534.0,8.215384615384615,3.83420295238751,19,498.0,0.26480555822972185,16,425.0,0.18129952047560258,35,923.0
4045.0,31,572.0,8.537313432835822,4.601830825856477,15,492.0,0.33612498634312804,16,386.0,0.17973589273371327,31,878.0
4050.0,29,535.0,7.535211267605634,4.132401312584255,15,454.0,0.32476001942867183,14,402.0,0.09760061416990547,29,856.0
4055.0,27,426.0,5.916666666666667,5.28329803008307,16,395.0,0.3301272191795704,11,365.0,0.24328886250899778,27,760.0
4060.0,30,377.0,5.164383561643835,4.714930158102453,19,383.0,0.21956498538810612,11,310.0,0.3066225469705335,30,693.0
4065.0,32,442.0,6.225352112676056,4.198310834315525,21,443.0,0.16596593776716334,11,295.0,0.37373471443256573,32,738.0
4070.0,26,405.0,5.5479452054794525,4.377751354232163,15,463.0,0.24332170487694582,11,296.0,0.26318912380839177,26,759.0
4075.0,29,445.0,6.449275362318841,4.720418656690317,17,472.0,0.2737814936846744,12,300.0,0.24211112447521005,29,772.0
4080.0,34,534.0,7.315068493150685,4.300555346699229,23,546.0,0.23366866326298158,11,297.0,0.2283533874176407,34,843.0
4085.0,37,646.0,9.098591549295774,4.282477691811977,26,615.0,0.18938654825036377,11,261.0,0.34838764379947446,37,876.0
4090.0,35,709.0,10.128571428571428,4.475089561928004,26,706.0,0.10276716352062326,9,267.0,0.44960145115096156,35,973.0
4095.0,38,837.0,12.130434782608695,4.278386243751669,27,768.0,0.14449877491553098,11,316.0,0.40595888125097207,38,1084.0
4100.0,39,813.0,10.986486486486486,3.5373144141084736,26,827.0,0.18307067892796777,13,249.0,0.27236855396186666,39,1076.0
4105.0,33,763.0,10.31081081081081,4.008046530133468,18,811.0,0.2548644948354206,15,200.0,0.19374638398379848,33,1011.0
4110.0,36,533.0,6.922077922077922,4.48758076236182,19,667.0,0.2887804880714413,17,227.0,0.22331323369897424,36,894.0
4115.0,35,441.0,5.582278481012659,4.942538131243498,20,591.0,0.23612386980449748,15,252.0,0.31499780422717844,35,843.0
4120.0,39,495.0,6.346153846153846,4.183387841057393,24,606.0,0.20481659145582526,15,268.0,0.2986871373624869,39,874.0
4125.0,33,476.0,6.102564102564102,3.879476530394969,25,672.0,0.15721130350919105,8,216.0,0.3608901698755079,33,888.0
4130.0,34,555.0,6.9375,4.207998415392824,24,699.0,0.11216730389620877,10,180.0,0.36079005654598545,34,879.0
4135.0,34,675.0,8.231707317073171,5.1153317980680715,23,772.0,0.21847929723180926,11,188.0,0.28397222181163273,34,960.0
4140.0,35,638.0,7.8765432098765435,5.118405923392411,21,757.0,0.24391110377620717,14,221.0,0.22877766233005858,35,978.0
4145.0,38,730.0,9.480519480519481,4.672145939535953,23,746.0,0.25339552879523436,15,264.0,0.24630241244732154,38,1010.0
4150.0,37,703.0,9.901408450704226,4.310723960459842,23,741.0,0.2009085948557199,14,282.0,0.2297442532864522,37,1023.0
4155.0,33,479.0,6.652777777777778,4.32905068176873,20,667.0,0.17785907988985358,13,246.0,0.21345937042912633,33,913.0
4160.0,35,580.0,8.055555555555555,5.256149436395157,21,642.0,0.16810947072005716,14,250.0,0.2818953340493339,35,892.0
4165.0,33,537.0,8.136363636363637,4.532318282959393,21,665.0,0.15304012096607603,12,235.0,0.3035524223012556,33,900.0
4170.0,29,443.0,6.712121212121212,4.098258991837162,21,630.0,0.12274204490136013,8,181.0,0.3126878053205985,29,811.0
4175.0,30,392.0,6.030769230769231,4.049231744235432,19,660.0,0.2187586901348786,11,191.0,0.24833464984453207,30,851.0
4180.0,27,297.0,4.640625,4.371674292110038,13,605.0,0.2640815646920143,14,192.0,0.22344335151703873,27,797.0
4185.0,25,280.0,4.375,3.9563215368572786,15,543.0,0.26419376823398577,10,194.0,0.13453574014772848,25,737.0
4190.0,23,274.0,4.28125,4.820141608434466,15,481.0,0.2514470772552137,8,172.0,0.23225240556817806,23,653.0
4195.0,30,371.0,5.707692307692308,4.53791187604435,20,505.0,0.17502432311836086,10,185.0,0.28186988352704023,30,690.0
4200.0,34,451.0,6.833333333333333,4.694588280613661,24,506.0,0.12638037056831153,10,233.0,0.41638039796174264,34,739.0
4205.0,27,455.0,7.109375,4.781547202379727,21,551.0,0.16170698732645086,6,202.0,0.4961330139342886,27,753.0
4210.0,23,434.0,7.0,5.159012077499409,15,536.0,0.19476209632967356,8,220.0,0.43685927548155,23,756.0
4215.0,22,214.0,3.292307692307692,4.300958418294129,14,483.0,0.21733348484822812,8,153.0,0.23777201238723955,22,636.0
4220.0,31,290.0,4.393939393939394,4.716935624810327,22,552.0,0.24044072761024757,9,74.0,0.29109162636921515,31,626.0
4225.0,33,368.0,5.575757575757576,4.194143375411968,25,622.0,0.2844105731557746,8,89.0,0.23403817768605192,33,711.0
4230.0,30,410.0,5.942028985507246,4.1336343517303105,25,664.0,0.1639436059180141,5,70.0,0.41754441625673966,30,734.0
4235.0,32,435.0,5.8,4.11232444490931,28,695.0,0.11707489374800396,4,71.0,0.44286088474365864,32,766.0
4240.0,38,443.0,5.6075949367088604,4.626248820944944,30,748.0,0.1604380774438281,8,98.0,0.4672299109711973,38,846.0
4245.0,37,493.0,6.32051282051282,3.9864184854100553,28,799.0,0.20437747119121594,9,114.0,0.36690712511693585,37,913.0
4250.0,29,344.0,4.3,4.1819425479250025,23,740.0,0.14571794779751882,6,103.0,0.32297344518937715,29,843.0
4255.0,29,278.0,3.2705882352941176,4.858333779680286,22,694.0,0.14171043998902885,7,89.0,0.35580139616219264,29,783.0
4260.0,34,358.0,4.022471910112359,4.993027621197795,20,723.0,0.20532699655081568,14,143.0,0.2815136454357081,34,866.0
4265.0,37,408.0,4.636363636363637,4.547766707582641,23,742.0,0.22574315380547924,14,204.0,0.2833359822207347,37,946.0
4270.0,37,464.0,5.523809523809524,4.537185488017859,23,792.0,0.22513673396970182,14,230.0,0.3266100808352453,37,1022.0
4275.0,47,546.0,6.5,3.694595312282838,31,918.0,0.1312672095085525,16,228.0,0.26987547106611637,47,1146.0
4280.0,48,610.0,7.011494252873563,3.808584369526351,33,986.0,0.17245793120707612,15,188.0,0.20352778932658874,48,1174.0
4285.0,40,589.0,6.7701149425287355,4.14138563437213,25,962.0,0.231991780613847,15,227.0,0.21118653919450844,40,1189.0
4290.0,39,590.0,7.023809523809524,4.048600700634806,21,892.0,0.15875080164013436,18,273.0,0.279865478061023,39,1165.0
4295.0,39,516.0,6.2926829268292686,4.175755623966339,22,798.0,0.14657919408866785,17,334.0,0.2892020656171641,39,1132.0
4300.0,42,588.0,7.443037974683544,3.2404292768566854,23,817.0,0.14571475735703082,19,371.0,0.2367894837324835,42,1188.0
4305.0,46,604.0,7.45679012345679,2.599186598505523,27,853.0,0.1588228803690765,19,403.0,0.18604763492119605,46,1256.0
4310.0,42,522.0,6.525,3.0867142821551807,27,881.0,0.12235931003283766,15,384.0,0.25462005153343786,42,1265.0
4315.0,42,589.0,7.011904761904762,3.2646297245196685,27,922.0,0.09738088722555553,15,416.0,0.2544356184408311,42,1338.0
4320.0,44,620.0,7.126436781609195,3.8465955116238773,25,875.0,0.15224258275663616,19,446.0,0.19831166262867286,44,1321.0
4325.0,39,516.0,6.142857142857143,3.7330032047436412,17,915.0,0.21803951138770367,22,439.0,0.1397772398733284,39,1354.0
4330.0,43,625.0,7.440476190476191,4.033155566331844,20,905.0,0.22214600704483992,23,412.0,0.16888156129147394,43,1317.0
4335.0,45,742.0,8.939759036144578,3.1850891570465643,24,934.0,0.16046241187092772,21,446.0,0.20717752326566988,45,1380.0
4340.0,37,711.0,8.464285714285714,3.479172856345419,22,906.0,0.0885039189820319,15,400.0,0.22327440983140012,37,1306.0
4345.0,29,786.0,9.46987951807229,5.184453471462538,19,897.0,0.21077947892183047,10,382.0,0.33275205053263734,29,1279.0
4350.0,26,796.0,9.82716049382716,5.778051525318501,17,885.0,0.2917185256524173,9,308.0,0.26910001754713675,26,1193.0
4355.0,27,595.0,7.531645569620253,4.963515678371537,16,823.0,0.2780553592972773,11,273.0,0.1813521139725441,27,1096.0
4360.0,30,592.0,7.589743589743589,5.331627264413695,17,719.0,0.3132977888624922,13,290.0,0.22280916651516258,30,1009.0
4365.0,36,648.0,8.64,4.643651340385436,20,718.0,0.2517744094056387,16,354.0,0.264491320801152,36,1072.0
4370.0,38,494.0,6.767123287671233,3.9910035488818982,24,654.0,0.15144589845424564,14,372.0,0.3119438617062222,38,1026.0
4375.0,32,495.0,6.875,3.964096137419162,24,716.0,0.0798157037274077,8,317.0,0.35190018911262183,32,1033.0
4380.0,25,353.0,5.115942028985507,4.224080484396991,18,726.0,0.04268855726938173,7,210.0,0.3615249598395041,25,936.0
4385.0,27,439.0,6.552238805970149,4.8658845925915335,17,715.0,0.12496534741790165,10,189.0,0.3065365439641809,27,904.0
4390.0,29,497.0,7.53030303030303,4.584844708636084,18,625.0,0.1430078597800136,11,173.0,0.3192358024700269,29,798.0
4395.0,31,453.0,6.969230769230769,4.672767262271437,19,616.0,0.16225306750410312,12,157.0,0.40384037175570686,31,773.0
4400.0,25,383.0,6.17741935483871,4.713957609013935,18,556.0,0.16125413407091035,7,162.0,0.42618945856033413,25,718.0
4405.0,33,467.0,7.075757575757576,4.4143326101459435,19,583.0,0.16605655448622325,14,202.0,0.3500180662164242,33,785.0
4410.0,26,401.0,5.811594202898551,4.8770322744607935,12,531.0,0.26975433584494024,14,207.0,0.2379282987340285,26,738.0
4415.0,19,415.0,6.287878787878788,5.882891943450514,10,509.0,0.3288217032829877,9,164.0,0.2781812970522389,19,673.0
4420.0,17,275.0,4.044117647058823,5.463401904975863,8,442.0,0.22781054390034644,9,186.0,0.2553374963338663,17,628.0
4425.0,31,349.0,5.287878787878788,4.863936471193643,14,344.0,0.19286733812358797,17,253.0,0.19769358587086813,31,597.0
4430.0,31,411.0,6.421875,4.95029295244148,13,378.0,0.22057352092371235,18,292.0,0.2655830942668461,31,670.0
4435.0,28,523.0,9.175438596491228,5.220802060433677,10,386.0,0.2601362818184599,18,363.0,0.2754156459302169,28,749.0
4440.0,29,434.0,8.037037037037036,3.5306112085801766,10,314.0,0.2359265993902572,19,374.0,0.10574333957000387,29,688.0
4445.0,27,470.0,8.392857142857142,4.468240470118686,9,264.0,0.3002080014189219,18,379.0,0.13822326596275514,27,643.0
4450.0,25,373.0,6.431034482758621,4.53688868503326,8,207.0,0.3185802914528903,17,383.0,0.20140835702514234,25,590.0
4455.0,16,168.0,2.7540983606557377,5.728244314113767,7,138.0,0.4078499700117361,9,336.0,0.2763574734031627,16,474.0
4460.0,16,152.0,2.4918032786885247,5.5772098874072755,8,125.0,0.2665997854005729,8,355.0,0.35170344072390275,16,480.0
4465.0,29,269.0,4.203125,5.4926156422068,13,181.0,0.2787630138035576,16,398.0,0.3026454999497176,29,579.0
4470.0,29,274.0,4.28125,4.832605409355693,8,167.0,0.3685267563050312,21,462.0,0.2354173200000425,29,629.0
4475.0,27,343.0,5.444444444444445,5.424768936712825,5,133.0,0.4408980861642594,22,538.0,0.23613897584562046,27,671.0
4480.0,27,359.0,5.698412698412699,4.721468713491132,6,106.0,0.4184301572323751,21,544.0,0.18541718409384217,27,650.0
4485.0,25,300.0,4.6875,5.684227531664014,8,115.0,0.355273025287342,17,449.0,0.2529210559881032,25,564.0
4490.0,23,239.0,3.8548387096774195,4.781200688954341,9,114.0,0.3272702587792795,14,456.0,0.21019564373101632,23,570.0
4495.0,29,289.0,4.737704918032787,4.515138999610288,11,133.0,0.3325470253194292,18,458.0,0.1722514205710503,29,591.0
4500.0,30,325.0,5.416666666666667,3.817190708695089,9,146.0,0.2687081631776539,21,524.0,0.19755976221525826,30,670.0
4505.0,29,342.0,5.7,4.249076050331207,6,117.0,0.27313596799962647,23,577.0,0.19670297982683896,29,694.0
4510.0,28,390.0,6.5,4.291293867795096,6,132.0,0.3244034487547968,22,568.0,0.14957434083644425,28,700.0
4515.0,26,356.0,5.741935483870968,4.789355835739821,11,175.0,0.2296588082926486,15,496.0,0.18219581976473276,26,671.0
4520.0,22,369.0,6.15,4.284661034687406,10,198.0,0.18232507745903137,12,517.0,0.22195116533589274,22,715.0
4525.0,21,413.0,7.120689655172414,4.89548527384253,6,177.0,0.35795583980254053,15,545.0,0.18641623735852306,21,722.0
4530.0,22,205.0,3.5964912280701755,3.9640582017173416,4,98.0,0.32309516594821386,18,518.0,0.1486788132375958,22,616.0
4535.0,26,281.0,4.762711864406779,5.624133341824403,6,75.0,0.477809223908357,20,520.0,0.2028199741031858,26,595.0
4540.0,28,341.0,6.089285714285714,5.128458853386525,10,111.0,0.4202849655081778,18,515.0,0.2183572601938895,28,626.0
4545.0,20,292.0,5.214285714285714,5.2084223546086195,10,157.0,0.31789522003129983,10,407.0,0.239818484619194,20,564.0
4550.0,23,284.0,5.3584905660377355,3.3535506467207563,12,170.0,0.18057175141676007,11,436.0,0.15370482679556094,23,606.0
4555.0,20,271.0,5.113207547169812,4.459698648187611,5,153.0,0.3323769655265725,15,465.0,0.14831718468375338,20,618.0
4560.0,16,233.0,4.66,4.602819128607937,2,68.0,0.4433774817592977,14,458.0,0.10066657537907994,16,526.0
4565.0,19,271.0,5.313725490196078,6.358529653314977,7,66.0,0.4630524967969305,12,390.0,0.22418698612382357,19,456.0
4570.0,17,202.0,4.208333333333333,5.612632482630985,6,71.0,0.3540401616699931,11,331.0,0.19922596925017108,17,402.0
4575.0,17,209.0,4.446808510638298,6.342705094876845,6,59.0,0.29819752853789194,11,274.0,0.27408030616665635,17,333.0
4580.0,18,166.0,3.772727272727273,5.179958183341122,8,50.0,0.23921523326973693,10,264.0,0.22327607134205335,18,314.0
4585.0,19,234.0,5.2,5.7475958350315,7,82.0,0.3481994005056756,12,266.0,0.3136147278225178,19,348.0
4590.0,16,285.0,6.333333333333333,5.882911378065713,5,98.0,0.36173786405960767,11,291.0,0.3468496368792463,16,389.0
4595.0,17,368.0,8.0,6.423529737726123,5,116.0,0.5303647778747754,12,342.0,0.28144348132601893,17,458.0
4600.0,18,328.0,7.288888888888889,5.723633587809167,5,117.0,0.546388538979766,13,329.0,0.20978209739823078,18,446.0
4605.0,16,363.0,8.44186046511628,5.4362168070970665,6,146.0,0.4614444378456518,10,289.0,0.29906240794302896,16,435.0
4610.0,15,184.0,4.0,4.181983982848974,7,107.0,0.26338662537395313,8,212.0,0.23449278142488955,15,319.0
4615.0,18,161.0,3.425531914893617,5.664794187198958,8,66.0,0.29051835109831947,10,123.0,0.34333623384978107,18,189.0
4620.0,20,254.0,5.404255319148936,5.769629350468607,8,106.0,0.3120190223789218,12,158.0,0.32043008018133806,20,264.0
4625.0,16,244.0,4.784313725490196,5.931035583373728,6,102.0,0.257463779415787,10,196.0,0.40754953996192506,16,298.0
4630.0,13,245.0,5.326086956521739,6.333800166473731,2,52.0,0.45982579420744196,11,215.0,0.4210552298773241,13,267.0
4635.0,16,142.0,3.021276595744681,5.079144287102757,6,43.0,0.4472154157837329,10,189.0,0.21287643945626905,16,232.0
4640.0,20,193.0,4.195652173913044,5.31544950499414,7,81.0,0.4651109647716732,13,151.0,0.21133262390409238,20,232.0
4645.0,24,189.0,4.0212765957446805,4.105617246594141,7,94.0,0.46277587510065604,17,165.0,0.05414186069935908,24,259.0
4650.0,20,247.0,5.145833333333333,4.85159540839114,7,114.0,0.44682979539954265,13,190.0,0.08884073771934624,20,304.0
4655.0,17,172.0,3.372549019607843,5.141717404984568,6,82.0,0.4033423903185059,11,214.0,0.16054673407849482,17,296.0
4660.0,16,157.0,3.019230769230769,6.39186515012127,9,73.0,0.36462038014954046,7,183.0,0.35109919572312415,16,256.0
4665.0,15,186.0,3.509433962264151,5.830435754075176,8,91.0,0.3756251488946404,7,175.0,0.3078247994403139,15,266.0
4670.0,16,236.0,4.627450980392157,6.753926899250089,7,98.0,0.46676668837873075,9,207.0,0.3643561070738599,16,305.0
4675.0,18,237.0,4.471698113207547,5.123903366100487,9,129.0,0.32209776556481723,9,201.0,0.26487487340157023,18,330.0
4680.0,23,300.0,5.357142857142857,5.557385247338134,13,161.0,0.34945013390313184,10,206.0,0.3545189449823401,23,367.0
4685.0,20,288.0,5.142857142857143,5.386370451160281,12,177.0,0.32504110453870766,8,195.0,0.43226248004902257,20,372.0
4690.0,20,339.0,5.844827586206897,6.132643728304579,13,209.0,0.35399511487782837,7,197.0,0.4496476299294486,20,406.0
4695.0,23,184.0,3.066666666666667,4.7126377189275725,14,203.0,0.2398499391521692,9,131.0,0.3419638110350871,23,334.0
4700.0,28,295.0,4.682539682539683,5.500197079738556,18,279.0,0.2967483111705199,10,89.0,0.3973342387144933,28,368.0
4705.0,34,412.0,6.149253731343284,4.445851786984687,23,382.0,0.24256157075025905,11,123.0,0.3218844973825474,34,505.0
4710.0,33,500.0,7.246376811594203,4.632497668802997,23,462.0,0.276683458738238,10,139.0,0.3752856239070239,33,601.0
4715.0,34,567.0,7.875,4.579581766987069,21,543.0,0.29256614815523074,13,174.0,0.30101965383621737,34,717.0
4720.0,36,489.0,6.52,3.5184035466462955,22,551.0,0.20171478283360766,14,197.0,0.2780322639031268,36,748.0
4725.0,29,330.0,4.285714285714286,4.030623565363782,19,485.0,0.19150620918494377,10,178.0,0.28334719074537,29,663.0
4730.0,29,383.0,4.974025974025974,4.715739474182813,18,458.0,0.2126399222643049,11,191.0,0.21273844340776513,29,649.0
4735.0,34,460.0,5.75,4.755137096659139,19,501.0,0.20981061182742866,15,211.0,0.15480025692214228,34,712.0
4740.0,35,545.0,7.171052631578948,3.8683587525444345,21,552.0,0.11319564968263623,14,262.0,0.1937793691591789,35,814.0
4745.0,35,636.0,8.95774647887324,4.284552379641752,22,605.0,0.16245558447892042,13,274.0,0.2710188954115499,35,879.0
4750.0,29,591.0,8.691176470588236,4.274474934970236,17,624.0,0.17162987674691618,12,252.0,0.21151940347570306,29,876.0
4755.0,27,573.0,8.304347826086957,4.798016486810363,18,665.0,0.17897928174271843,9,182.0,0.3162856626813454,27,847.0
4760.0,34,689.0,10.283582089552239,4.488358064615147,26,763.0,0.11696454470225197,8,204.0,0.3655250524711351,34,967.0
4765.0,36,836.0,12.477611940298507,3.866390501177786,25,857.0,0.13725957246776935,11,235.0,0.3718520868422083,36,1092.0
4770.0,29,900.0,13.846153846153847,4.249669435685746,19,896.0,0.219695726535263,10,251.0,0.28868971700077856,29,1147.0
4775.0,31,807.0,12.609375,4.069034077663358,19,827.0,0.2561862840167542,12,282.0,0.19048869450566117,31,1109.0
4780.0,34,579.0,8.64179104477612,3.7058560271058036,21,758.0,0.2295144283085107,13,290.0,0.13657602738462177,34,1048.0
4785.0,35,690.0,10.0,3.5811770338611595,22,829.0,0.1726469434670559,13,300.0,0.20782633652555077,35,1129.0
4790.0,27,551.0,8.102941176470589,4.73069792131207,18,858.0,0.1538299420036471,9,218.0,0.35844948957002926,27,1076.0
4795.0,24,466.0,6.955223880597015,5.232492769601041,19,869.0,0.16562437004558667,5,132.0,0.41899561851159367,24,1001.0
4800.0,26,342.0,5.34375,4.7855033129098405,19,822.0,0.17477977095586808,7,120.0,0.36116858828894405,26,942.0
4805.0,27,299.0,4.901639344262295,4.082186480952268,20,877.0,0.1660850005897443,7,137.0,0.3863577376565036,27,1014.0
4810.0,26,364.0,6.169491525423729,3.6782304295516233,17,901.0,0.16837590454987006,9,173.0,0.3228926480999115,26,1074.0
4815.0,27,444.0,7.0476190476190474,3.822464723469793,17,920.0,0.16779957339882845,10,189.0,0.30496789953707615,27,1109.0
4820.0,31,552.0,8.492307692307692,3.810481704277908,20,877.0,0.1521105599639221,11,242.0,0.40120252429992964,31,1119.0
4825.0,35,542.0,7.970588235294118,3.7271634202545525,25,844.0,0.16904479232323819,10,250.0,0.3802321490937738,35,1094.0
4830.0,36,538.0,8.029850746268657,4.0929603760239885,25,782.0,0.19042189534845436,11,264.0,0.34205889993224414,36,1046.0
4835.0,38,646.0,9.64179104477612,3.455527172978857,25,843.0,0.1093557104159725,13,320.0,0.2945126923930637,38,1163.0
4840.0,35,660.0,9.705882352941176,3.9911548422151792,21,842.0,0.0880914734933302,14,385.0,0.2898837953571649,35,1227.0
4845.0,30,681.0,10.80952380952381,3.86222097762745,16,820.0,0.13403794988157897,14,431.0,0.2441902069101444,30,1251.0
4850.0,29,742.0,11.415384615384616,4.682077959255686,14,777.0,0.25020110288205577,15,469.0,0.22793445404872925,29,1246.0
4855.0,30,753.0,11.765625,3.945040170959122,17,761.0,0.23006825186248514,13,481.0,0.1743312236654406,30,1242.0
4860.0,33,804.0,12.761904761904763,3.411763433780159,21,739.0,0.1803641615224071,12,511.0,0.20442936800442962,33,1250.0
4865.0,29,563.0,8.402985074626866,4.071376456323006,20,679.0,0.2203409322258341,9,399.0,0.28280935859118367,29,1078.0
4870.0,31,506.0,6.837837837837838,4.697860118435616,22,718.0,0.26567575676826954,9,177.0,0.3104379231035291,31,895.0
4875.0,30,501.0,6.68,5.373568548973073,15,667.0,0.288650882162539,15,210.0,0.3006834963334926,30,877.0
4880.0,29,571.0,7.613333333333333,5.327159563034224,15,647.0,0.33386293414223434,14,256.0,0.16762678734772882,29,903.0
4885.0,28,394.0,5.397260273972603,5.079648958275595,14,486.0,0.34531706079918784,14,290.0,0.12033708832712689,28,776.0
4890.0,29,488.0,6.9714285714285715,4.4487768208272325,16,460.0,0.2778858029828316,13,355.0,0.210449212400693,29,815.0
4895.0,42,623.0,8.774647887323944,3.603997021054793,23,506.0,0.20385389633184026,19,432.0,0.21994357058684025,42,938.0
4900.0,40,590.0,8.194444444444445,3.6050544146061654,25,583.0,0.16968965440650155,15,413.0,0.26921735591734564,40,996.0
4905.0,36,564.0,7.421052631578948,4.14365231686864,26,645.0,0.16021017631289336,10,339.0,0.30480183622017293,36,984.0
4910.0,28,478.0,6.207792207792208,4.7895692419177545,18,640.0,0.17199367858012485,10,336.0,0.32236327519752683,28,976.0
4915.0,32,520.0,6.419753086419753,4.730073731220836,16,683.0,0.23938242719824598,16,339.0,0.20058860588988423,32,1022.0
4920.0,40,640.0,8.0,4.5972688736794804,22,708.0,0.296344709960543,18,373.0,0.23113384991027647,40,1081.0
4925.0,36,540.0,6.75,4.342657785138549,22,623.0,0.2624483032659235,14,384.0,0.308606656232679,36,1007.0
4930.0,33,440.0,5.238095238095238,4.407427440085847,21,558.0,0.21312022780513246,12,373.0,0.33090509788790157,33,931.0
4935.0,38,390.0,4.431818181818182,4.535252072083453,22,529.0,0.23730556532756406,16,340.0,0.2983040035457927,38,869.0
4940.0,36,358.0,4.068181818181818,4.343432382528577,15,471.0,0.27751173864801376,21,389.0,0.21864436500692003,36,860.0
4945.0,44,451.0,5.067415730337078,3.8321506512866885,19,503.0,0.24624741185471238,25,477.0,0.16442131182535324,44,980.0
4950.0,52,616.0,6.921348314606742,3.3534873096787257,25,530.0,0.20552280479604487,27,608.0,0.1114486983672143,52,1138.0
4955.0,55,773.0,8.988372093023257,2.3437054120112126,28,600.0,0.14860613527736566,27,684.0,0.10354718299524576,55,1284.0
4960.0,55,980.0,11.529411764705882,2.61276676898593,25,630.0,0.1644100228146319,30,793.0,0.04517275463202633,55,1423.0
4965.0,51,1013.0,11.779069767441861,2.88048598055289,22,640.0,0.19356701911918126,29,834.0,0.05601555721515782,51,1474.0
4970.0,40,776.0,8.719101123595506,3.800646940868158,22,638.0,0.17487900231877396,18,784.0,0.1716427045061934,40,1422.0
4975.0,36,604.0,6.637362637362638,3.795867466108842,23,709.0,0.17547741638468736,13,772.0,0.21932139470388057,36,1481.0
4980.0,31,547.0,6.0777777777777775,4.287477077525,20,756.0,0.17066590366014767,11,672.0,0.28618689013819887,31,1428.0
4985.0,38,672.0,7.384615384615385,3.306805733904007,25,828.0,0.15526943660411013,13,643.0,0.18804796899475523,38,1471.0
4990.0,44,757.0,7.968421052631579,3.602336030629371,28,907.0,0.17077832264019396,16,554.0,0.21816972951016,44,1461.0
4995.0,40,873.0,9.48913043478261,3.5679222248524574,28,1008.0,0.13520875784279304,12,477.0,0.2660913044979571,40,1485.0
5000.0,38,940.0,9.791666666666666,3.998484686450985,23,1070.0,0.12789527980072818,15,500.0,0.27919063956886037,38,1570.0
5005.0,45,808.0,8.416666666666666,3.754302495333052,26,1026.0,0.12932511711745112,19,542.0,0.25973650553267097,45,1568.0
5010.0,47,677.0,6.979381443298969,3.9633353963482465,24,873.0,0.18152640409725124,23,590.0,0.236624066172862,47,1463.0
5015.0,56,841.0,9.043010752688172,3.4555699742025374,30,942.0,0.15802477131168627,26,649.0,0.2367028203181866,56,1591.0
5020.0,58,931.0,9.8,2.632054709212134,29,1019.0,0.12453789107076242,29,715.0,0.1644780928420634,58,1734.0
5025.0,65,997.0,10.070707070707071,2.61908063815757,30,1016.0,0.1333668907552069,35,846.0,0.1334609533142197,65,1862.0
5030.0,63,1032.0,10.32,3.2254480166491954,29,1002.0,0.14394107364505226,34,987.0,0.20257234734044652,63,1989.0
5035.0,63,1220.0,11.844660194174757,3.1119832273845187,30,1076.0,0.13176141401087252,33,1121.0,0.24853975237175135,63,2197.0
5040.0,62,1127.0,10.733333333333333,3.131273004972844,27,1085.0,0.17495389810875353,35,1142.0,0.15673631304953614,62,2227.0
5045.0,51,920.0,8.761904761904763,3.67380726756664,19,1082.0,0.23868350023857773,32,1034.0,0.15279273512384614,51,2116.0
5050.0,43,663.0,6.254716981132075,3.7714159465788275,19,992.0,0.19468267085475638,24,1142.0,0.1558736299430964,43,2134.0
5055.0,48,634.0,6.155339805825243,3.575004452835274,22,887.0,0.199576467640015,26,1244.0,0.1668044298239184,48,2131.0
5060.0,54,665.0,6.519607843137255,2.8530545900939464,27,922.0,0.18672829872110527,27,1296.0,0.11249616871660567,54,2218.0
5065.0,58,657.0,6.57,2.6605529678547573,29,928.0,0.1822619767611998,29,1323.0,0.10244086086432086,58,2251.0
5070.0,63,816.0,8.0,2.2936855842106083,31,999.0,0.15338957872001793,32,1438.0,0.08296334923482115,63,2437.0
5075.0,67,893.0,8.669902912621358,2.3272253831170033,26,998.0,0.17464214778420462,41,1569.0,0.055820789189320326,67,2567.0
5080.0,61,1107.0,10.74757281553398,2.8419427189720046,23,1005.0,0.215504381205004,38,1719.0,0.06590124984000964,61,2724.0
5085.0,63,1221.0,11.628571428571428,3.066535884233872,24,974.0,0.24291054077064536,39,1842.0,0.09450077023048493,63,2816.0
5090.0,62,1317.0,12.424528301886792,2.5973009588582765,23,872.0,0.1603360898017918,39,1997.0,0.12956644432824807,62,2869.0
5095.0,70,1598.0,15.075471698113208,2.4479048846053364,31,933.0,0.14657002556619972,39,2184.0,0.12090734799509958,70,3117.0
5100.0,75,1661.0,15.81904761904762,2.0996943837391093,35,1024.0,0.15572712991347915,40,2169.0,0.09310906697525483,75,3193.0
5105.0,68,1436.0,13.807692307692308,1.801808612335516,35,1114.0,0.09059016342474864,33,1941.0,0.08407643977498172,68,3055.0
5110.0,62,1175.0,10.87962962962963,2.9439744784170405,34,1142.0,0.1110102605057949,28,1748.0,0.12093816620134629,62,2890.0
5115.0,46,987.0,8.891891891891891,4.303783785244406,25,1169.0,0.1915367307611877,21,1538.0,0.18297384418332585,46,2707.0
5120.0,37,983.0,9.273584905660377,5.399483628379299,24,1175.0,0.23079806106145642,13,1245.0,0.28525220565355697,37,2420.0
5125.0,38,1155.0,11.435643564356436,5.7709793757373,26,1238.0,0.2303044825984232,12,1032.0,0.36700755636681065,38,2270.0
5130.0,41,1349.0,14.052083333333334,5.127951738381874,27,1337.0,0.15108294784349846,14,840.0,0.28924624995769554,41,2177.0
5135.0,44,1565.0,18.63095238095238,5.046166590601202,28,1462.0,0.11313330604726543,16,751.0,0.25680891675101714,44,2213.0
5140.0,39,1521.0,20.013157894736842,4.207988506237696,26,1458.0,0.038128757928020174,13,641.0,0.21026257458231282,39,2099.0
5145.0,38,1438.0,19.43243243243243,4.185879896973786,23,1429.0,0.12453546835287398,15,597.0,0.19020918221778516,38,2026.0
5150.0,38,1383.0,20.33823529411765,3.6719590678443845,22,1521.0,0.19450968220555162,16,524.0,0.1745118180284547,38,2045.0
5155.0,39,1352.0,19.88235294117647,3.7002606836458964,26,1643.0,0.19845999687429336,13,414.0,0.21251777166207936,39,2057.0
5160.0,38,1116.0,17.16923076923077,3.1487915413803322,26,1551.0,0.17960738029908146,12,450.0,0.19685263558308688,38,2001.0
5165.0,33,761.0,11.530303030303031,3.8762757822070895,17,1289.0,0.22103549191481406,16,524.0,0.20564697334776216,33,1813.0
5170.0,33,591.0,8.565217391304348,3.7566949273241845,15,1128.0,0.164452759111599,18,516.0,0.30247726911311695,33,1644.0
5175.0,28,348.0,4.9714285714285715,4.633116053002239,17,1000.0,0.16991928413444546,11,431.0,0.36182548983680174,28,1431.0
5180.0,27,423.0,5.957746478873239,5.472963522357392,17,1057.0,0.1650125570222054,10,447.0,0.41896668086040595,27,1504.0
5185.0,36,578.0,7.917808219178082,4.988159226950465,22,1142.0,0.142379679473678,14,506.0,0.2558872384225605,36,1648.0
5190.0,39,700.0,10.144927536231885,4.009704130751436,18,1070.0,0.24018913656288904,21,594.0,0.08131225974296,39,1664.0
5195.0,37,745.0,10.955882352941176,4.228698185871583,15,910.0,0.3099552279968989,22,616.0,0.15730178558146765,37,1526.0
5200.0,34,685.0,10.873015873015873,3.672336221372932,14,864.0,0.22617779836359925,20,635.0,0.2699008388135293,34,1499.0
5205.0,34,561.0,8.25,3.4856203055201402,16,731.0,0.21891280506876287,18,679.0,0.23374745316902532,34,1410.0
5210.0,28,508.0,7.055555555555555,4.182878370162588,12,670.0,0.27234170217600145,16,666.0,0.22666410463205172,28,1336.0
5215.0,27,291.0,3.779220779220779,5.446286391878877,11,548.0,0.3313115219179358,16,550.0,0.2725673147771943,27,1098.0
5220.0,30,296.0,3.7468354430379747,5.41815447066575,14,513.0,0.2850966187788529,16,449.0,0.3095942884619982,30,962.0
5225.0,38,429.0,5.5,4.514393646922195,19,459.0,0.2199757071752581,19,515.0,0.29627974043151856,38,974.0
5230.0,37,494.0,6.175,4.199346722149199,18,504.0,0.1275112651337997,19,553.0,0.3119466615569556,37,1057.0
5235.0,32,542.0,6.775,4.686474764143079,14,521.0,0.13152422524152463,18,587.0,0.29999251902936486,32,1108.0
5240.0,34,553.0,7.276315789473684,4.79853103680264,10,412.0,0.2317361819311931,24,678.0,0.23470374724602208,34,1090.0
5245.0,40,684.0,8.883116883116884,4.167724804811028,13,362.0,0.22067748726015432,27,785.0,0.13755036842383234,40,1147.0
5250.0,38,740.0,10.0,4.260864448580233,12,302.0,0.22046785800064747,26,874.0,0.14125914460418756,38,1176.0
5255.0,36,751.0,10.430555555555555,3.9941527149971545,12,210.0,0.21925877628494733,24,925.0,0.13605649067747694,36,1135.0
5260.0,31,777.0,10.643835616438356,4.911820206774672,7,216.0,0.3571367161847468,24,954.0,0.18109516966228204,31,1170.0
5265.0,31,709.0,9.985915492957746,5.142293317428963,7,185.0,0.44508896232633083,24,933.0,0.19231753890685643,31,1118.0
5270.0,29,521.0,7.661764705882353,5.145493104881658,7,188.0,0.4022243908287885,22,819.0,0.1828613983458499,29,1007.0
5275.0,27,354.0,5.2835820895522385,4.6268485902817815,9,205.0,0.36382857350704945,18,870.0,0.18564012952262157,27,1075.0
5280.0,30,383.0,5.7164179104477615,4.6163052275839425,11,206.0,0.2178968460523314,19,892.0,0.2594138310276963,30,1098.0
5285.0,35,417.0,6.318181818181818,3.983568713614702,15,210.0,0.14370693733012285,20,923.0,0.21005394679026657,35,1133.0
5290.0,29,366.0,5.462686567164179,4.452982060781562,12,223.0,0.19988630176935684,17,921.0,0.21079569077606186,29,1144.0
5295.0,23,415.0,6.0144927536231885,5.319497735931935,6,189.0,0.27538141666734567,17,927.0,0.218171705092318,23,1116.0
5300.0,24,334.0,4.985074626865671,5.487440037457278,5,121.0,0.28562277268772085,19,950.0,0.20843843486088665,24,1071.0
5305.0,31,406.0,6.059701492537314,5.453191319948093,10,112.0,0.29536664798053236,21,945.0,0.19896594308355137,31,1057.0
5310.0,31,469.0,7.816666666666666,4.8735309847988395,7,123.0,0.4082080116703627,24,937.0,0.20770956718526926,31,1060.0
5315.0,24,400.0,6.779661016949152,5.0483364176080086,4,84.0,0.4865843982011121,20,830.0,0.14442486739879806,24,914.0
5320.0,20,272.0,4.771929824561403,5.03887114827895,4,77.0,0.4191492325228862,16,852.0,0.15588963732870015,20,929.0
5325.0,25,356.0,6.357142857142857,5.731298000895322,7,109.0,0.40109955959374766,18,864.0,0.24513618344243684,25,973.0
5330.0,26,373.0,6.660714285714286,3.678273751807064,9,149.0,0.2406323260617617,17,872.0,0.15574435889015892,26,1021.0
5335.0,28,297.0,5.2105263157894735,3.7992382454550344,11,177.0,0.2980017044945607,17,835.0,0.15434281401107783,28,1012.0
5340.0,24,368.0,6.237288135593221,4.3563236258030305,7,189.0,0.4061080938270727,17,882.0,0.1436247060240338,24,1071.0
5345.0,29,430.0,6.825396825396825,5.215559347086256,8,204.0,0.4207578756218142,21,954.0,0.20118121710574458,29,1158.0
5350.0,29,477.0,7.571428571428571,4.967723981312542,10,206.0,0.4721063080276506,19,923.0,0.19800447960604545,29,1129.0
5355.0,26,451.0,7.274193548387097,4.462176549438871,10,235.0,0.37534506668770795,16,778.0,0.22582889745246626,26,1013.0
5360.0,29,480.0,7.741935483870968,4.243664697006586,14,276.0,0.28198011742035006,15,632.0,0.21407799433719507,29,908.0
5365.0,28,350.0,5.384615384615385,4.128304644431053,12,205.0,0.266674875852273,16,656.0,0.16809245689039903,28,861.0
5370.0,35,480.0,7.5,4.129183136999755,16,172.0,0.24056709202628826,19,744.0,0.15159113583639,35,916.0
5375.0,33,439.0,6.968253968253968,4.077024560949276,15,208.0,0.1654998005699004,18,716.0,0.23008412180685095,33,924.0
5380.0,28,367.0,5.825396825396825,4.392566765671742,17,226.0,0.15573234369354094,11,627.0,0.2664534621750191,28,853.0
5385.0,28,399.0,6.234375,4.549481500271845,14,264.0,0.18565654766725967,14,581.0,0.2553641715475085,28,845.0
5390.0,22,341.0,5.590163934426229,5.092114094874181,7,248.0,0.30979263678107477,15,509.0,0.23907412662493505,22,757.0
5395.0,26,420.0,7.241379310344827,4.380454524688229,9,232.0,0.32179346473746057,17,481.0,0.13727416171481396,26,713.0
5400.0,24,461.0,8.232142857142858,4.499842231579491,11,264.0,0.2312350664544321,13,431.0,0.15759656231594993,24,695.0
5405.0,16,224.0,3.8620689655172415,5.523049396696489,7,214.0,0.3784680346401077,9,374.0,0.2789779363601745,16,588.0
5410.0,21,183.0,3.1551724137931036,5.62256271065184,4,114.0,0.40378477816145714,17,369.0,0.27779562701597293,21,483.0
5415.0,24,251.0,4.482142857142857,5.536186815548428,5,128.0,0.4069885733504926,19,397.0,0.3150563453403442,24,525.0
5420.0,24,317.0,5.660714285714286,5.3522867312068785,9,167.0,0.3824907968434407,15,366.0,0.2350219347482287,24,533.0
5425.0,26,339.0,5.65,4.247330375390719,7,151.0,0.34120072227260856,19,391.0,0.16770664144726916,26,542.0
5430.0,20,278.0,4.633333333333334,5.603280889414881,6,132.0,0.33575980330681915,14,359.0,0.3006924087882901,20,491.0
5435.0,20,331.0,5.426229508196721,5.781177360465561,7,159.0,0.2881123622327982,13,326.0,0.35316758009709165,20,485.0
5440.0,22,413.0,6.3538461538461535,5.901376492813513,8,193.0,0.3130010393014119,14,352.0,0.3112293911598763,22,545.0
5445.0,26,310.0,5.0,5.063768270692151,8,163.0,0.33424341093380683,18,336.0,0.25704629626490355,26,499.0
5450.0,25,377.0,5.984126984126984,5.362372420416141,8,194.0,0.47400837371464044,17,344.0,0.21446610749551132,25,538.0
5455.0,29,338.0,5.365079365079365,4.310620281977155,9,166.0,0.42039148037267426,20,369.0,0.1643385451965624,29,535.0
5460.0,22,233.0,3.7580645161290325,5.318658305157473,6,117.0,0.43467827977761264,16,329.0,0.24101626956426825,22,446.0
5465.0,20,193.0,2.9242424242424243,5.062268733710913,7,121.0,0.26083799231195964,13,299.0,0.2900199064729672,20,420.0
5470.0,32,318.0,4.892307692307693,4.755497656310527,14,174.0,0.3001629430827559,18,337.0,0.25275825702726035,32,511.0
5475.0,35,442.0,6.597014925373134,3.564528266546554,16,209.0,0.26798281169229565,19,379.0,0.1748720429839123,35,588.0
5480.0,27,530.0,7.794117647058823,4.063319503580442,12,235.0,0.2484553088849275,15,394.0,0.25829103099593304,27,629.0
5485.0,26,489.0,7.086956521739131,4.241644829196833,11,253.0,0.24688311856503317,15,393.0,0.2940832381551895,26,646.0
5490.0,31,521.0,7.236111111111111,4.473055357843765,15,312.0,0.28875627580496627,16,342.0,0.27216429285350546,31,654.0
5495.0,35,524.0,7.380281690140845,3.8616475092567253,16,318.0,0.3364952508879458,19,391.0,0.16562930640634455,35,709.0
5500.0,29,451.0,6.352112676056338,4.360873426527656,12,261.0,0.29261268751024816,17,431.0,0.17002176334801847,29,692.0
5505.0,32,470.0,6.438356164383562,3.805665287139868,14,294.0,0.19338713139992686,18,463.0,0.15087331796762354,32,757.0
5510.0,40,602.0,7.818181818181818,4.765887263816409,19,358.0,0.2180823454842807,21,494.0,0.2101661747318472,40,852.0
5515.0,40,564.0,7.621621621621622,4.211898044924204,20,392.0,0.2474765311143035,20,459.0,0.23071860134304922,40,851.0
5520.0,31,572.0,7.72972972972973,4.694986739098944,14,371.0,0.30303979638266904,17,414.0,0.23331914890071462,31,785.0
5525.0,34,542.0,7.131578947368421,3.963527640971013,16,396.0,0.27587899691385465,18,417.0,0.12336748042773847,34,813.0
5530.0,35,596.0,7.641025641025641,4.901651143624066,17,429.0,0.3001551862469504,18,378.0,0.23221320094854403,35,807.0
5535.0,36,569.0,7.6891891891891895,4.159947394339079,19,470.0,0.28770340155340624,17,394.0,0.21669197327145967,36,864.0
5540.0,32,376.0,5.081081081081081,4.470154826550345,20,465.0,0.21682029815835474,12,324.0,0.28667198614199174,32,789.0
5545.0,36,473.0,6.306666666666667,4.28889565989716,23,509.0,0.1368450811865848,13,303.0,0.31454251336863853,36,812.0
5550.0,32,485.0,6.554054054054054,4.969620454313377,18,511.0,0.1337810131353412,14,359.0,0.3305558495905626,32,870.0
5555.0,26,491.0,6.819444444444445,5.567305362438038,16,519.0,0.205196992462903,10,339.0,0.36997485664500296,26,858.0
5560.0,29,474.0,6.771428571428571,5.180330761849352,18,546.0,0.17012297093739417,11,306.0,0.31821881072038416,29,852.0
5565.0,32,452.0,6.366197183098592,5.0652420884451965,22,581.0,0.20675402576734248,10,261.0,0.3503253681486478,32,842.0
5570.0,30,531.0,7.925373134328358,4.847277240100153,20,646.0,0.2699860845144455,10,212.0,0.3476727924399444,30,858.0
5575.0,27,633.0,9.590909090909092,5.530108189022706,17,678.0,0.34466110313954806,10,222.0,0.32555186874554326,27,900.0
5580.0,24,576.0,9.142857142857142,5.277910042532565,15,668.0,0.29693317691407395,9,256.0,0.3069485400383705,24,924.0
5585.0,29,477.0,6.913043478260869,4.665028785310316,21,606.0,0.19455021057154184,8,184.0,0.35250650194482536,29,790.0
5590.0,31,391.0,5.924242424242424,4.3444326739397,23,581.0,0.2128631062301033,8,103.0,0.40572379019763416,31,684.0
5595.0,27,311.0,4.573529411764706,4.96050762027221,21,487.0,0.27022478280072415,6,130.0,0.4412511046685385,27,617.0
5600.0,30,345.0,4.791666666666667,4.261702939147251,19,550.0,0.20474985508430793,11,152.0,0.36637514763157475,30,702.0
5605.0,37,416.0,5.698630136986301,3.876864919083331,26,627.0,0.13848682877024082,11,172.0,0.34660361760938474,37,799.0
5610.0,40,479.0,6.561643835616438,3.6791500152718353,30,703.0,0.08346609497919773,10,172.0,0.3473635056724825,40,875.0
5615.0,33,433.0,6.013888888888889,4.7633003456895295,22,702.0,0.14645674982072482,11,208.0,0.3068115883457865,33,910.0
5620.0,26,362.0,5.171428571428572,5.130972913515403,16,684.0,0.20267173670588876,10,174.0,0.16797889359060933,26,858.0
5625.0,25,430.0,6.515151515151516,5.776549431164957,13,655.0,0.3510928452752838,12,197.0,0.09325406324420589,25,852.0
5630.0,24,483.0,7.430769230769231,6.440188703497861,14,661.0,0.3543013850639889,10,205.0,0.20855081194989694,24,866.0
5635.0,22,477.0,8.224137931034482,5.739112400954044,13,567.0,0.2684043582830682,9,226.0,0.24718847476607528,22,793.0
5640.0,23,381.0,7.188679245283019,4.458803093369321,17,477.0,0.20541992872939493,6,224.0,0.17796001656958937,23,701.0
5645.0,23,448.0,8.452830188679245,4.790083988066457,14,511.0,0.1970003128339021,9,246.0,0.2689067788350672,23,757.0
5650.0,25,517.0,9.942307692307692,4.5321730513872405,16,535.0,0.20207364485650567,9,283.0,0.2981355667322423,25,818.0
5655.0,19,424.0,7.43859649122807,5.299861460355213,11,466.0,0.2530460493332231,8,326.0,0.37908842020124184,19,792.0
5660.0,22,300.0,5.084745762711864,5.826102883165694,16,458.0,0.26140446088167846,6,233.0,0.4972706994372857,22,691.0
5665.0,26,329.0,5.483333333333333,5.405950416060827,16,445.0,0.280000900565248,10,130.0,0.4448948264398535,26,575.0
5670.0,19,321.0,5.35,5.252127450560686,12,366.0,0.2868264386342209,7,149.0,0.4002169241445979,19,515.0
5675.0,24,324.0,5.311475409836065,5.187095061281225,14,351.0,0.22280591050125303,10,175.0,0.4023740237562279,24,526.0
5680.0,24,319.0,5.229508196721311,4.993101227460209,15,371.0,0.1844669413729589,9,157.0,0.39859316037102566,24,528.0
5685.0,24,242.0,4.245614035087719,4.689242237443984,17,393.0,0.2081859714293754,7,105.0,0.365394504188775,24,498.0
5690.0,22,206.0,3.5517241379310347,4.493242772384055,13,359.0,0.2129067316311206,9,144.0,0.2235142959025079,22,503.0
5695.0,28,261.0,4.578947368421052,3.9858103026216005,13,351.0,0.2039387524544162,15,202.0,0.08329299256908858,28,553.0
5700.0,26,256.0,4.19672131147541,4.39849568983199,12,327.0,0.24373220377218954,14,241.0,0.1613542428677439,26,568.0
5705.0,24,302.0,5.206896551724138,5.433899231092735,15,374.0,0.2574939906556691,9,234.0,0.3559399810542311,24,608.0
5710.0,29,395.0,7.053571428571429,4.406391294590292,18,413.0,0.12896418888113953,11,286.0,0.34742341912329466,29,699.0
5715.0,33,483.0,8.05,3.7109545419375474,20,438.0,0.07752876441430505,13,348.0,0.28768725167956316,33,786.0
5720.0,26,354.0,6.103448275862069,4.525391031148861,13,384.0,0.1840315718837515,13,330.0,0.30374078597082527,26,714.0
5725.0,28,381.0,6.568965517241379,4.282275507381539,11,383.0,0.2979996008442886,17,336.0,0.11037976519696906,28,719.0
5730.0,31,467.0,7.655737704918033,4.549229831666248,17,426.0,0.2825469849405537,14,377.0,0.236339856989935,31,803.0
5735.0,24,528.0,8.8,5.094755502418636,14,431.0,0.2530727871631092,10,374.0,0.3671590972337561,24,805.0
5740.0,21,421.0,6.901639344262295,5.5107856661962815,11,371.0,0.2317089310572469,10,311.0,0.36581788049265074,21,682.0
5745.0,18,299.0,4.82258064516129,5.922646859833571,11,384.0,0.2633461486043538,7,198.0,0.2926701277927582,18,582.0
5750.0,27,398.0,6.317460317460317,5.494424770427408,16,415.0,0.2605280230890215,11,162.0,0.27699672117905233,27,577.0
5755.0,27,370.0,6.065573770491803,4.947774498277607,17,388.0,0.2906020024028216,10,189.0,0.3129044227477455,27,577.0
5760.0,27,338.0,5.728813559322034,4.990197715438539,17,341.0,0.286205278962262,10,202.0,0.355742322036167,27,543.0
5765.0,29,371.0,5.707692307692308,4.095781918343076,20,356.0,0.15827556734326392,9,203.0,0.3386347352983772,29,559.0
5770.0,26,356.0,5.235294117647059,5.353976295932184,12,343.0,0.2619991309470894,14,242.0,0.3748339902009516,26,585.0
5775.0,25,310.0,4.5588235294117645,5.202935110927644,10,354.0,0.31621416596381374,15,263.0,0.35047100328630104,25,617.0
5780.0,35,411.0,5.708333333333333,4.147432232109566,19,404.0,0.23930644756974798,16,259.0,0.22853172960304693,35,663.0
5785.0,35,433.0,6.098591549295775,4.096637535323714,20,446.0,0.25933825068086963,15,291.0,0.24691144232298803,35,737.0
5790.0,32,448.0,6.4,4.69036179418524,19,481.0,0.19884657768163946,13,289.0,0.29323759807259264,32,770.0
5795.0,32,504.0,7.0,3.6713293205081063,18,496.0,0.10436977349173183,14,338.0,0.21000775376611025,32,834.0
5800.0,33,510.0,6.986301369863014,4.251138016316718,13,445.0,0.18085900050589215,20,415.0,0.16899634013315099,33,860.0
5805.0,33,351.0,4.875,3.930290622227865,14,391.0,0.2266166549505088,19,403.0,0.16050940065159439,33,794.0
5810.0,32,355.0,4.863013698630137,4.616128600685285,16,375.0,0.2585729904568904,16,338.0,0.2299536553514684,32,713.0
5815.0,34,409.0,5.680555555555555,4.030128013234758,18,388.0,0.3029165358881182,16,359.0,0.23166013885520217,34,747.0
5820.0,25,397.0,5.438356164383562,4.547177345418488,14,350.0,0.27333306019481035,11,330.0,0.24661581166231708,25,680.0
5825.0,26,314.0,4.077922077922078,4.588932815774563,17,375.0,0.22514695691650607,9,289.0,0.2728046977819601,26,664.0
5830.0,34,333.0,4.215189873417722,5.11347247297398,19,377.0,0.2345890792475458,15,297.0,0.29464262703480065,34,674.0
5835.0,36,389.0,5.118421052631579,4.30194668880043,22,413.0,0.2395099641458832,14,299.0,0.2598229133754966,36,712.0
5840.0,42,509.0,6.5256410256410255,3.1671675592077144,25,472.0,0.1504364919657475,17,294.0,0.25212957051782364,42,766.0
5845.0,37,503.0,6.367088607594937,3.8734233420009923,21,496.0,0.19707528412968495,16,302.0,0.27012795619632035,37,798.0
5850.0,31,517.0,6.304878048780488,4.978478841624906,21,538.0,0.2708365842148358,10,254.0,0.26319972078395193,31,792.0
5855.0,31,578.0,6.8,4.998929910427758,22,569.0,0.24469851041695984,9,267.0,0.26434760281183806,31,836.0
5860.0,37,650.0,7.831325301204819,4.691433262791887,23,601.0,0.21223355550142844,14,291.0,0.2664395175647587,37,892.0
5865.0,39,661.0,8.060975609756097,3.870526116525589,23,632.0,0.19968812419139598,16,315.0,0.23875564467030636,39,947.0
5870.0,33,642.0,8.025,4.001167024002969,23,603.0,0.17112494077929077,10,304.0,0.271100892345364,33,907.0
5875.0,41,764.0,9.204819277108435,4.203859034420372,29,681.0,0.1271208556117825,12,323.0,0.3324943651953652,41,1004.0
5880.0,31,774.0,9.675,4.922041064691504,24,717.0,0.15453100046647264,7,323.0,0.3496757785212201,31,1040.0
5885.0,40,691.0,9.092105263157896,4.168994610272376,25,696.0,0.1427885085128728,15,358.0,0.20342393524676294,40,1054.0
5890.0,36,638.0,8.621621621621621,3.745620870576664,22,613.0,0.1437186986242981,14,399.0,0.231048988213356,36,1012.0
5895.0,39,755.0,10.202702702702704,3.587418053273527,22,658.0,0.18777645295131468,17,462.0,0.2605073170923273,39,1120.0
5900.0,39,749.0,10.26027397260274,3.703287934634497,24,681.0,0.20772574625598306,15,514.0,0.309910914808761,39,1195.0
5905.0,29,658.0,8.435897435897436,3.9954886293815415,19,723.0,0.21490838575205162,10,500.0,0.27675779956304686,29,1223.0
5910.0,25,447.0,5.730769230769231,4.414235434878328,17,699.0,0.20609950176286507,8,369.0,0.2694903168122745,25,1068.0
5915.0,32,379.0,4.7375,4.285591078498624,19,691.0,0.22615915233924688,13,252.0,0.1682765488563087,32,943.0
5920.0,36,454.0,5.82051282051282,4.232527786174731,21,681.0,0.19745496503097754,15,286.0,0.23631168045856357,36,967.0
5925.0,35,385.0,5.202702702702703,4.055202704652099,25,647.0,0.08646871504945594,10,266.0,0.31956922280122596,35,913.0
5930.0,35,467.0,6.397260273972603,4.2000516636311955,25,602.0,0.07010936363821384,10,268.0,0.30027961653293606,35,870.0
5935.0,36,571.0,7.5131578947368425,4.954634722094335,24,665.0,0.0808640131325158,12,290.0,0.33050794711127,36,955.0
5940.0,27,596.0,8.394366197183098,5.742854930163271,15,673.0,0.15195315566482367,12,344.0,0.36021478175712623,27,1017.0
5945.0,28,565.0,8.56060606060606,4.974990272345237,15,654.0,0.1772815542138694,13,367.0,0.22033063519999985,28,1021.0
5950.0,31,436.0,6.606060606060606,4.689839486857221,17,594.0,0.1842451129418832,14,367.0,0.2302509100313904,31,961.0
5955.0,28,404.0,6.733333333333333,4.185500622807013,15,617.0,0.2396148781437887,13,333.0,0.25986147347937744,28,950.0
5960.0,26,456.0,7.6,4.39539460749423,11,598.0,0.2502574081738742,15,339.0,0.27307550580199313,26,937.0
5965.0,28,477.0,8.224137931034482,4.63272654340319,11,506.0,0.30987737366030155,17,408.0,0.20062577326882788,28,914.0
5970.0,35,624.0,10.229508196721312,4.207812552906436,15,527.0,0.2809940389064602,20,498.0,0.1806424430823796,35,1025.0
5975.0,33,551.0,8.746031746031745,3.9285132382215937,16,547.0,0.22874793206148814,17,498.0,0.27109733195838415,33,1045.0
5980.0,34,642.0,9.582089552238806,4.3671897221423865,17,563.0,0.23426792247253794,17,459.0,0.32067677341243794,34,1022.0
5985.0,37,666.0,9.940298507462687,4.004042373822551,20,657.0,0.21414495149800591,17,460.0,0.2999454806412123,37,1117.0
5990.0,31,555.0,8.043478260869565,3.9685719872479686,18,700.0,0.16979187813526178,13,377.0,0.2669126537801119,31,1077.0
5995.0,23,566.0,8.085714285714285,4.9198951612965285,10,680.0,0.21895301445993312,13,350.0,0.25454727329691723,23,1030.0
6000.0,27,495.0,7.279411764705882,4.88517596184846,11,603.0,0.18358117191677448,16,341.0,0.19598696097905707,27,944.0
6005.0,32,257.0,3.8358208955223883,4.3001885715029875,15,470.0,0.16864881042173924,17,309.0,0.1921154087575417,32,779.0
6010.0,28,235.0,3.5074626865671643,4.215624177146286,12,488.0,0.2987288800498547,16,369.0,0.22418190850771108,28,857.0
6015.0,26,284.0,4.303030303030303,4.634386339154992,9,460.0,0.3760513470130694,17,417.0,0.22843691534372346,26,877.0
6020.0,32,391.0,5.924242424242424,4.312833368305638,11,401.0,0.33506350873432184,21,455.0,0.18405994008363863,32,856.0
6025.0,33,481.0,7.17910447761194,4.109577444347908,12,296.0,0.25898840685974645,21,482.0,0.18656169822545013,33,778.0
6030.0,32,599.0,8.808823529411764,3.856011023841618,12,332.0,0.223182766990537,20,560.0,0.20305024434416308,32,892.0
6035.0,36,741.0,11.4,3.7829673941151225,13,359.0,0.3374609912814133,23,643.0,0.1282227511915955,36,1002.0
6040.0,34,645.0,9.923076923076923,3.6694732758261783,10,360.0,0.35626936545911775,24,672.0,0.13894682494769314,34,1032.0
6045.0,35,776.0,11.582089552238806,4.2644911130255,11,352.0,0.32167455561077224,24,692.0,0.13419417137608475,35,1044.0
6050.0,37,666.0,9.940298507462687,4.055920229159098,14,365.0,0.32821390970640046,23,699.0,0.12176240437997876,37,1064.0
6055.0,28,393.0,5.779411764705882,4.775617031447169,13,339.0,0.33016165586377977,15,596.0,0.17327956429312436,28,935.0
6060.0,26,387.0,5.863636363636363,4.68774260556005,15,371.0,0.17240696995097723,11,459.0,0.32159084766674634,26,830.0
6065.0,22,448.0,7.0,5.7946007625497895,12,382.0,0.1364592791951864,10,401.0,0.4198217817585677,22,783.0
6070.0,24,378.0,6.0,5.354331206639061,12,304.0,0.2148167048910531,12,384.0,0.2526296258420817,24,688.0
6075.0,28,312.0,4.9523809523809526,4.627644446560148,12,232.0,0.23498985820428728,16,327.0,0.16971600932117764,28,559.0
6080.0,30,390.0,6.5,4.1616418859152775,14,254.0,0.27759298953130707,16,370.0,0.23486589040560876,30,624.0
6085.0,24,421.0,6.901639344262295,5.5504092107612095,11,269.0,0.289375036339205,13,386.0,0.39422251061271874,24,655.0
6090.0,20,311.0,5.271186440677966,5.57988638744465,11,277.0,0.22993585839325875,9,333.0,0.4330127970951011,20,610.0
6095.0,22,360.0,6.0,6.418667945404255,10,259.0,0.34204456434100383,12,296.0,0.340347013409592,22,555.0
6100.0,19,215.0,3.6440677966101696,5.0970334265199035,8,226.0,0.3048520557090774,11,260.0,0.20049487569006352,19,486.0
6105.0,23,232.0,3.8666666666666667,5.6684182506701,10,207.0,0.33802898988854074,13,262.0,0.24865315609844463,23,469.0
6110.0,23,273.0,4.627118644067797,5.283348855618953,10,218.0,0.3314683982447666,13,314.0,0.33416649970531515,23,532.0
6115.0,25,366.0,6.203389830508475,5.877473810651889,11,209.0,0.29848229922480596,14,360.0,0.3676927377405352,25,569.0
6120.0,25,368.0,6.032786885245901,5.191056063239168,12,216.0,0.2170506117564657,13,394.0,0.3299739909591817,25,610.0
6125.0,21,357.0,5.666666666666667,5.663659787953392,6,188.0,0.33808921674760833,15,444.0,0.2354179168769753,21,632.0
6130.0,26,299.0,4.901639344262295,4.592854049089666,7,107.0,0.3724463892453482,19,388.0,0.13184838136719365,26,495.0
6135.0,29,285.0,4.523809523809524,5.064449044176924,11,137.0,0.3798978777215031,18,350.0,0.18518151142952696,29,487.0
6140.0,28,376.0,6.064516129032258,4.598292064727463,11,167.0,0.3742949596238413,17,405.0,0.1988657401915294,28,572.0
6145.0,31,481.0,7.758064516129032,4.774581116448892,10,192.0,0.4322726309362527,21,436.0,0.11914371794144572,31,628.0
6150.0,30,452.0,6.848484848484849,4.376706749481136,10,185.0,0.2783809126132127,20,480.0,0.17638237042344845,30,665.0
6155.0,24,391.0,5.924242424242424,5.802207364747924,12,208.0,0.2579962779421857,12,450.0,0.3302409071307308,24,658.0
6160.0,27,438.0,6.7384615384615385,4.649849863942623,17,262.0,0.15858228671778873,10,417.0,0.3262904993636625,27,679.0
6165.0,36,564.0,8.545454545454545,4.601921729586891,20,348.0,0.19711430664972415,16,427.0,0.2846028015109326,36,775.0
6170.0,38,633.0,9.738461538461538,3.571890008859356,18,399.0,0.2279178339431744,20,483.0,0.21269327997272053,38,882.0
6175.0,27,649.0,10.140625,4.555412405461072,10,385.0,0.33009594617901367,17,543.0,0.19765605408338327,27,928.0
6180.0,27,332.0,5.1875,4.1642136259493885,9,305.0,0.35665688879221036,18,476.0,0.10880717061783854,27,781.0
6185.0,33,435.0,6.6923076923076925,4.464702200429549,14,251.0,0.21116993485672278,19,433.0,0.1610740909122926,33,684.0
6190.0,38,444.0,6.8307692307692305,4.153110198446832,21,299.0,0.14483721604856217,17,433.0,0.1993538194702008,38,732.0
6195.0,25,303.0,4.590909090909091,4.591040244870609,17,316.0,0.15002360599212464,8,343.0,0.25550051318474254,25,659.0
6200.0,26,341.0,5.246153846153846,5.5760120782370715,18,348.0,0.14401655097028698,8,266.0,0.43470307493804616,26,614.0
6205.0,20,284.0,4.4375,6.15768116520015,11,292.0,0.23609605414586862,9,269.0,0.33265440166209703,20,561.0
6210.0,17,278.0,4.412698412698413,6.4074330672342175,8,264.0,0.33772363385162046,9,245.0,0.2030937975899697,17,509.0
6215.0,21,245.0,4.083333333333333,6.012654845435045,9,237.0,0.2099148614640005,12,233.0,0.19498984202724645,21,470.0
6220.0,20,298.0,5.518518518518518,5.9059695573186115,13,282.0,0.22739439632799727,7,222.0,0.2983524031200629,20,504.0
6225.0,22,326.0,6.150943396226415,5.373539843687901,13,289.0,0.16385487094847062,9,226.0,0.3330634307061461,22,515.0
6230.0,19,363.0,6.849056603773585,6.238700682715334,11,273.0,0.22959681342361543,8,243.0,0.4165883107913899,19,516.0
6235.0,17,357.0,7.0,6.318410021300468,10,260.0,0.361654228117943,7,241.0,0.39934267168056337,17,501.0
6240.0,16,350.0,7.142857142857143,6.17558449825078,7,164.0,0.408221294290081,9,270.0,0.38864903163043074,16,434.0
6245.0,10,232.0,4.833333333333333,5.353110092940741,4,122.0,0.3842383035755856,6,251.0,0.2873385634650879,10,373.0
6250.0,21,314.0,5.9245283018867925,5.8965113811075005,8,137.0,0.43883553767268246,13,287.0,0.2593426846723672,21,424.0
6255.0,18,304.0,5.735849056603773,5.788236902019247,9,122.0,0.391892625164862,9,309.0,0.3914907589749149,18,431.0
6260.0,17,365.0,6.7592592592592595,6.209193990601994,10,146.0,0.32841215378702865,7,311.0,0.45920332099089345,17,457.0
6265.0,19,198.0,3.473684210526316,5.64802810349161,13,147.0,0.31358478586424454,6,207.0,0.32160591962937146,19,354.0
6270.0,14,125.0,2.1551724137931036,6.396921610906311,6,109.0,0.4168961213430921,8,95.0,0.26632601035191794,14,204.0
6275.0,13,164.0,3.037037037037037,6.304859277369167,7,99.0,0.4731182158819087,6,116.0,0.26697381709668716,13,215.0
6280.0,16,226.0,4.109090909090909,7.043618427928211,9,123.0,0.31581020868660586,7,124.0,0.3906601596689988,16,247.0
6285.0,20,241.0,4.462962962962963,5.916250307066793,13,145.0,0.1307361519412378,7,144.0,0.34623956565961195,20,289.0
6290.0,26,320.0,6.037735849056604,5.3847823862571484,16,176.0,0.2573458726153952,10,159.0,0.19517316403954893,26,335.0
6295.0,21,320.0,6.530612244897959,5.073498397277439,12,231.0,0.3544871166479677,9,156.0,0.3067598914778093,21,387.0
6300.0,24,345.0,6.764705882352941,5.326994127430587,16,277.0,0.36617489594870184,8,106.0,0.33107939341456133,24,383.0
6305.0,19,292.0,5.509433962264151,4.789994625089193,13,275.0,0.3148337059481477,6,113.0,0.3103206062599026,19,388.0
6310.0,25,322.0,5.4576271186440675,5.761528534597544,15,240.0,0.3728590402813721,10,151.0,0.2513623260981435,25,391.0
6315.0,22,225.0,3.75,5.494110907540554,16,235.0,0.34383520244706195,6,133.0,0.3934532070281116,22,368.0
6320.0,20,173.0,2.746031746031746,5.67681003337168,16,237.0,0.17486793485631105,4,84.0,0.5525958423809822,20,321.0
6325.0,18,141.0,2.35,5.312206597573847,14,276.0,0.1767442910725607,4,43.0,0.5323189980351717,18,319.0
6330.0,17,168.0,2.847457627118644,5.911543666454475,11,295.0,0.22118754546725358,6,31.0,0.4497968115119566,17,326.0
6335.0,22,169.0,3.0727272727272728,4.635328736638945,13,297.0,0.228517327172435,9,48.0,0.19104313880289475,22,345.0
6340.0,31,300.0,5.357142857142857,4.5532925632541374,18,344.0,0.19641627093297984,13,109.0,0.2587825477720772,31,453.0
6345.0,31,352.0,6.285714285714286,3.928305545746841,21,401.0,0.15944851392124545,10,132.0,0.31999293453974276,31,533.0
6350.0,22,317.0,5.87037037037037,5.040273356671448,17,415.0,0.1671033859552074,5,106.0,0.47600847155913895,22,521.0
6355.0,19,292.0,5.407407407407407,4.279596821681727,11,435.0,0.1895551288401407,8,130.0,0.32897554796593065,19,565.0
6360.0,26,365.0,6.4035087719298245,4.096206809150949,13,440.0,0.11327710231581127,13,185.0,0.2298058505922774,26,625.0
6365.0,25,225.0,3.8135593220338984,3.8655378633805957,13,380.0,0.17190282714161664,12,203.0,0.18131877895001802,25,583.0
6370.0,29,335.0,5.87719298245614,5.088818200949531,15,338.0,0.2992063747232641,14,238.0,0.2648338188511378,29,576.0
6375.0,26,349.0,5.721311475409836,5.4813951500307505,13,345.0,0.3729231022335028,13,247.0,0.27918186230972974,26,592.0
6380.0,16,219.0,3.7758620689655173,5.084262102618436,10,313.0,0.2311612800117754,6,189.0,0.29907897637382946,16,502.0
6385.0,19,226.0,4.035714285714286,5.0879243349966226,13,344.0,0.1366439667208407,6,193.0,0.4310925908093873,19,537.0
6390.0,22,273.0,4.627118644067797,3.9575141246759884,11,355.0,0.1402718173596266,11,232.0,0.20414326499949298,22,587.0
6395.0,25,245.0,4.224137931034483,4.041730490122594,11,395.0,0.2657021265095018,14,227.0,0.13090982964654344,25,622.0
6400.0,31,382.0,6.47457627118644,5.095118627470628,14,446.0,0.29346485183301857,17,259.0,0.2786111784908345,31,705.0
6405.0,28,419.0,7.101694915254237,4.6464160315505625,15,460.0,0.26724872938508065,13,266.0,0.31472807691675786,28,726.0
6410.0,19,303.0,4.967213114754099,5.267570610270435,13,417.0,0.2985217923969532,6,196.0,0.2684802555538815,19,613.0
6415.0,18,290.0,4.53125,5.04033967826769,12,440.0,0.2616521988134703,6,186.0,0.3312021781568749,18,626.0
6420.0,22,320.0,4.923076923076923,5.009429276006298,10,428.0,0.22250404443140806,12,226.0,0.25674754958344853,22,654.0
6425.0,29,390.0,6.0,4.143882640597495,15,435.0,0.16236138907974138,14,263.0,0.2311041892148729,29,698.0
6430.0,31,501.0,7.1571428571428575,5.336960768411437,12,417.0,0.29779512360742416,19,329.0,0.2897190947170576,31,746.0
6435.0,33,656.0,9.93939393939394,5.248056480062888,14,469.0,0.3855655426268912,19,417.0,0.3109606107765048,33,886.0
6440.0,33,536.0,7.768115942028985,4.181747632349343,11,378.0,0.31442124240182084,22,520.0,0.27582921056568044,33,898.0
6445.0,35,525.0,7.0,3.7569966260992023,14,245.0,0.19758466762186816,21,532.0,0.2716595087405208,35,777.0
6450.0,32,353.0,4.584415584415584,4.628086682484076,14,243.0,0.24237017965722962,18,453.0,0.2970771621953676,32,696.0
6455.0,25,305.0,3.8125,5.700254230005317,11,245.0,0.33359667650129404,14,374.0,0.28610279799901595,25,619.0
6460.0,25,394.0,5.116883116883117,6.180233356917119,12,256.0,0.2937690782906625,13,284.0,0.2937064840171096,25,540.0
6465.0,30,469.0,6.253333333333333,5.567158575048723,14,320.0,0.20019825579039902,16,298.0,0.306192093006613,30,618.0
6470.0,30,404.0,5.534246575342466,4.943687817971327,11,284.0,0.23146667856751643,19,328.0,0.22726473651497048,30,612.0
6475.0,30,365.0,5.069444444444445,5.258284836609879,8,193.0,0.35108586235350125,22,367.0,0.20634935770910923,30,560.0
6480.0,34,491.0,7.014285714285714,4.615835309580236,10,242.0,0.364108868023029,24,408.0,0.2330785402799846,34,650.0
6485.0,35,593.0,8.352112676056338,4.477887191162828,12,295.0,0.3123924417155072,23,460.0,0.23630210631440782,35,755.0
6490.0,33,625.0,8.80281690140845,4.67000953347171,14,360.0,0.284236243985584,19,445.0,0.22334504342467099,33,805.0
6495.0,28,527.0,7.121621621621622,4.742328362758127,11,359.0,0.26371822940665424,17,442.0,0.21404287678864423,28,801.0
6500.0,31,455.0,6.408450704225352,4.219851693469448,10,318.0,0.2888051593376276,21,466.0,0.16446762226467715,31,784.0
6505.0,35,460.0,6.571428571428571,3.6023954786665926,10,302.0,0.27487480144520876,25,519.0,0.1778416222445548,35,821.0
6510.0,42,576.0,7.890410958904109,3.7094268135629385,14,338.0,0.28509271980035994,28,598.0,0.1994570805026528,42,936.0
6515.0,41,505.0,6.917808219178082,3.534362750596075,12,279.0,0.2810654086881903,29,652.0,0.18847663927465116,41,931.0
6520.0,38,490.0,6.447368421052632,3.921054678563584,14,220.0,0.24120866716184963,24,649.0,0.17914915473245158,38,869.0
6525.0,34,526.0,6.743589743589744,4.395467597414757,13,237.0,0.2137956195634427,21,663.0,0.22768414758011615,34,900.0
6530.0,30,587.0,7.5256410256410255,5.756625900475142,6,201.0,0.41322263659387004,24,697.0,0.18791979982694876,30,898.0
6535.0,28,530.0,7.162162162162162,5.231345882604336,6,215.0,0.41295689569757943,22,705.0,0.13315610986570584,28,920.0
6540.0,35,541.0,7.410958904109589,4.5849679476572875,14,262.0,0.2800385833327391,21,652.0,0.1646912261552896,35,914.0
6545.0,35,561.0,7.684931506849315,4.264607919524328,12,276.0,0.2967017428554354,23,670.0,0.1713540508708746,35,946.0
6550.0,29,480.0,7.2727272727272725,5.170028003472407,9,257.0,0.47261977764341084,20,615.0,0.1379565312638714,29,872.0
6555.0,32,490.0,7.205882352941177,4.599467128800292,11,298.0,0.3195616436053274,21,647.0,0.11236303039603089,32,945.0
6560.0,36,556.0,7.830985915492958,4.32842261736014,16,369.0,0.21709007905940841,20,646.0,0.191673832166048,36,1015.0
6565.0,35,685.0,10.378787878787879,4.0173464720326,15,416.0,0.2425739966438461,20,691.0,0.2536140548287567,35,1107.0
6570.0,31,767.0,11.447761194029852,4.218910579303074,9,426.0,0.3120893624465359,22,697.0,0.1917799418599941,31,1123.0
6575.0,32,612.0,8.869565217391305,3.6337268380545313,10,348.0,0.3115749935520806,22,724.0,0.07985349103513026,32,1072.0
6580.0,33,375.0,5.434782608695652,4.160831905853508,14,243.0,0.2323867728644769,19,677.0,0.15882216123106643,33,920.0
6585.0,32,433.0,5.931506849315069,3.7403768864421587,14,285.0,0.08101867638348864,18,698.0,0.22424970262943406,32,983.0
6590.0,30,464.0,6.1866666666666665,4.847874586207278,11,306.0,0.23825494777953027,19,708.0,0.2483753763058236,30,1014.0
6595.0,27,316.0,4.388888888888889,5.1972384494320245,7,273.0,0.3940049275008329,20,660.0,0.2053921675271306,27,933.0
6600.0,31,357.0,4.890410958904109,5.45457812781817,10,258.0,0.4177082304277262,21,601.0,0.20348630885358018,31,859.0
6605.0,35,419.0,5.985714285714286,4.084053367069536,15,290.0,0.3100096271808526,20,602.0,0.18265806076980773,35,892.0
6610.0,26,393.0,5.695652173913044,4.679726571392694,11,301.0,0.2903341996631647,15,533.0,0.17291647782304775,26,834.0
6615.0,26,503.0,7.507462686567164,5.596043332514246,13,343.0,0.2876594229652336,13,498.0,0.19211103006868302,26,841.0
6620.0,22,454.0,6.984615384615385,5.876425259626752,9,312.0,0.22693509899843958,13,444.0,0.20323067056351685,22,756.0
6625.0,24,416.0,6.933333333333334,5.625090066513336,13,226.0,0.23160082484511396,11,342.0,0.24757783787680104,24,568.0
6630.0,27,513.0,8.844827586206897,5.157573416405443,13,277.0,0.2804657352115746,14,351.0,0.2884434218886631,27,628.0
6635.0,24,500.0,9.615384615384615,5.264762391171244,11,296.0,0.4058123749035357,13,324.0,0.23945940826161158,24,620.0
6640.0,20,289.0,5.452830188679245,4.961219474424298,9,227.0,0.3940732449989921,11,280.0,0.18813876208577415,20,507.0
6645.0,18,211.0,3.8363636363636364,5.473332905658474,10,176.0,0.2956293644058319,8,247.0,0.40319073707709263,18,423.0
6650.0,23,282.0,5.035714285714286,5.124843251309857,13,213.0,0.24575981228850155,10,225.0,0.4225979518395075,23,438.0
6655.0,19,277.0,4.775862068965517,5.122491792895713,8,238.0,0.3805961340647054,11,229.0,0.24816819514201152,19,467.0
6660.0,20,316.0,5.3559322033898304,6.112179271523238,9,265.0,0.4177251348517298,11,223.0,0.2134712545475748,20,488.0
6665.0,22,376.0,5.968253968253968,5.727091899497712,10,303.0,0.2493888368238727,12,223.0,0.17879594794816453,22,526.0
6670.0,21,338.0,5.451612903225806,6.065498524705654,9,278.0,0.3551100236760889,12,236.0,0.23679993487253714,21,514.0
6675.0,19,375.0,6.25,6.177244930312169,10,310.0,0.3912530040604426,9,231.0,0.3126027694340125,19,541.0
6680.0,21,471.0,8.120689655172415,5.40956485689963,8,352.0,0.4380353273704515,13,287.0,0.23158982065074749,21,639.0
6685.0,26,272.0,4.533333333333333,4.748170933776352,10,238.0,0.4054435588133258,16,310.0,0.19455384400923859,26,548.0
6690.0,26,280.0,4.590163934426229,4.971687976507364,12,169.0,0.31118656222962104,14,287.0,0.2643001024218224,26,456.0
6695.0,23,306.0,4.857142857142857,4.982237390792207,11,197.0,0.2759991282364192,12,298.0,0.289890803000542,23,495.0
6700.0,26,348.0,5.4375,5.581008905689778,13,239.0,0.31229524628945887,13,284.0,0.29181533648052843,26,523.0
6705.0,23,376.0,6.372881355932203,4.323451452755235,13,279.0,0.26173404827433105,10,290.0,0.26959671808199476,23,569.0
6710.0,23,376.0,5.7846153846153845,5.234817229322983,12,299.0,0.24575623939779095,11,303.0,0.32581925950673124,23,602.0
6715.0,27,462.0,7.21875,5.11930259791,13,352.0,0.2592204515313191,14,315.0,0.33849640953006255,27,667.0
6720.0,26,559.0,8.873015873015873,5.149208046555302,14,416.0,0.2727458767902513,12,309.0,0.3312910571782377,26,725.0
6725.0,24,312.0,4.7272727272727275,4.404695363205306,13,323.0,0.3104312719002753,11,252.0,0.207730447500787,24,575.0
6730.0,30,415.0,6.384615384615385,5.000540951888458,14,319.0,0.29546652301571935,16,257.0,0.2810624954503372,30,576.0
6735.0,31,357.0,5.3283582089552235,5.004939591349405,14,319.0,0.32226767528056205,17,291.0,0.3014983626724387,31,610.0
6740.0,28,365.0,5.615384615384615,4.790390689983368,13,249.0,0.29464357759116927,15,283.0,0.26498813304116375,28,532.0
6745.0,29,341.0,5.08955223880597,4.37115130871713,15,292.0,0.1858737365072938,14,268.0,0.22702452147648564,29,560.0
6750.0,30,443.0,6.514705882352941,5.06586571431657,11,313.0,0.240657357974213,19,313.0,0.2030272419239258,30,626.0
6755.0,28,478.0,7.3538461538461535,4.478730217308084,10,306.0,0.2968697357495891,18,376.0,0.14668489433949292,28,682.0
6760.0,27,411.0,6.421875,4.991811991702116,13,253.0,0.2611237459547666,14,416.0,0.22680090837362898,27,669.0
6765.0,24,378.0,6.0,4.549292309433202,10,278.0,0.26512177060070846,14,390.0,0.2255459022219798,24,668.0
6770.0,20,277.0,4.328125,5.632252284391299,8,276.0,0.3397662608249494,12,349.0,0.2523914145941518,20,625.0
6775.0,19,114.0,1.78125,4.97760682942789,12,260.0,0.23833533995911538,7,323.0,0.30042494737854997,19,583.0
6780.0,27,224.0,3.246376811594203,4.961672909628841,14,306.0,0.2752936961827285,13,346.0,0.2716250351630083,27,652.0
6785.0,30,264.0,4.0,4.3395849917938705,15,346.0,0.22543801219416254,15,376.0,0.3233660136808463,30,722.0
6790.0,23,282.0,4.40625,5.148967072995603,11,359.0,0.2075146180861814,12,370.0,0.3301563848305101,23,729.0
6795.0,27,332.0,5.26984126984127,3.9937783933129865,10,342.0,0.20786935916369453,17,431.0,0.12763865110525688,27,773.0
6800.0,35,384.0,6.0,3.8397756634895717,13,272.0,0.1735388683988091,22,528.0,0.10321340251460295,35,800.0
6805.0,35,470.0,7.580645161290323,3.402541893270364,12,310.0,0.22871929591368892,23,569.0,0.13863959413761195,35,879.0
6810.0,29,466.0,8.03448275862069,4.334359611210702,11,329.0,0.3323857889017027,18,543.0,0.18759860107309748,29,872.0
6815.0,22,296.0,4.852459016393443,4.3628429018554735,8,295.0,0.3517322520361171,14,566.0,0.1619395915231785,22,861.0
6820.0,28,403.0,6.2,4.938416401443992,10,283.0,0.33715082406629576,18,632.0,0.22931685825445974,28,915.0
6825.0,28,410.0,6.40625,4.266949555082386,10,314.0,0.3367886936558169,18,646.0,0.23421188635119963,28,960.0
6830.0,23,319.0,4.6911764705882355,5.24083198815367,9,326.0,0.41596237918683404,14,578.0,0.2113197920202032,23,904.0
6835.0,21,301.0,4.426470588235294,5.182409882467944,8,273.0,0.29889988159965913,13,608.0,0.26434525560024474,21,881.0
6840.0,31,391.0,5.75,4.76674372213238,12,205.0,0.23282956961294674,19,665.0,0.21922482658287512,31,870.0
6845.0,38,537.0,8.014925373134329,3.7855741459780043,14,253.0,0.18883635236645543,24,774.0,0.23995137153012353,38,1027.0
6850.0,33,628.0,9.661538461538461,3.5067180011184695,10,273.0,0.20151113261842782,23,816.0,0.1979332778707609,33,1089.0
6855.0,24,501.0,7.477611940298507,4.007867839558061,7,222.0,0.1659222615216775,17,791.0,0.22207349018447672,24,1013.0
6860.0,26,487.0,7.057971014492754,4.799366068762839,11,175.0,0.14582874475065308,15,731.0,0.24781579919196628,26,906.0
6865.0,28,382.0,5.162162162162162,4.955208988143738,9,202.0,0.2549521807684737,19,621.0,0.2255752890464757,28,823.0
6870.0,22,324.0,4.909090909090909,5.0876706087805434,6,203.0,0.4596161831902128,16,675.0,0.23289994055377333,22,878.0
6875.0,29,374.0,5.666666666666667,4.722450766501446,6,201.0,0.4652446065844651,23,751.0,0.15483038879174124,29,952.0
6880.0,29,433.0,6.5606060606060606,4.56940653247913,6,196.0,0.3927807871732057,23,801.0,0.1512118006614599,29,997.0
6885.0,27,387.0,5.608695652173913,4.406515106058162,9,213.0,0.2793639530214853,18,785.0,0.16128348580335922,27,998.0
6890.0,25,434.0,6.477611940298507,4.920830742818745,7,236.0,0.3411018272181793,18,737.0,0.1927817054045628,25,973.0
6895.0,24,271.0,3.8714285714285714,5.203916744223927,6,124.0,0.4371187172006989,18,646.0,0.1983493395586602,24,770.0
6900.0,26,344.0,5.134328358208955,5.566040006910737,6,84.0,0.520297802749315,20,597.0,0.2695451136576888,26,681.0
6905.0,25,364.0,5.6875,4.903674513540968,4,68.0,0.5687882286834223,21,633.0,0.2440252518806148,25,701.0
6910.0,19,345.0,5.390625,4.828450789742051,2,31.0,0.5050353965376838,17,615.0,0.19838263047188265,19,646.0
6915.0,24,339.0,5.296875,4.543370384942823,5,49.0,0.29180630762246307,19,636.0,0.22664677887132184,24,685.0
6920.0,30,446.0,6.96875,4.363583892020865,9,93.0,0.28384563174034044,21,680.0,0.14328187846267645,30,773.0
6925.0,32,535.0,8.492063492063492,3.656700984659401,6,110.0,0.301323006571779,26,738.0,0.07330346885969369,32,848.0
6930.0,26,592.0,9.25,4.861878001256944,5,95.0,0.40057302372983755,21,766.0,0.1500525661523523,26,861.0
6935.0,22,614.0,10.065573770491802,5.777484250086592,5,113.0,0.4158382090267733,17,753.0,0.24718489697474746,22,866.0
6940.0,24,596.0,9.933333333333334,5.368852772377687,5,141.0,0.48663017790018825,19,725.0,0.1885554918027685,24,866.0
6945.0,28,356.0,6.033898305084746,4.21037828060469,5,118.0,0.5157864905983597,23,652.0,0.1393719204686108,28,770.0
6950.0,30,372.0,6.526315789473684,4.4829990906743635,7,151.0,0.5114791342195606,23,542.0,0.17197714014537074,30,693.0
6955.0,28,318.0,5.482758620689655,4.313579048195709,5,66.0,0.4680020510660989,23,590.0,0.14804491169530123,28,656.0
6960.0,20,267.0,4.603448275862069,5.698336428461083,5,67.0,0.4391543026572194,15,575.0,0.2340983054312795,20,642.0
6965.0,24,306.0,5.1,4.622496114053994,8,78.0,0.2599006301302105,16,584.0,0.19512309356246169,24,662.0
6970.0,23,347.0,5.88135593220339,4.906977745509206,5,94.0,0.47829451647013205,18,559.0,0.15620978323953622,23,653.0
6975.0,28,370.0,6.065573770491803,4.830761731786014,6,90.0,0.43259728514932566,22,584.0,0.18006690515310483,28,674.0
6980.0,27,472.0,7.492063492063492,5.74033712505765,5,118.0,0.5291419497569934,22,630.0,0.22359789554714107,27,748.0
6985.0,28,506.0,8.161290322580646,5.104971427599012,6,116.0,0.46826371632364994,22,655.0,0.19324351779970456,28,771.0
6990.0,23,473.0,7.507936507936508,4.796569969092721,9,149.0,0.33891098539968856,14,592.0,0.1870448640715472,23,741.0
6995.0,24,339.0,5.467741935483871,4.490557081284609,7,113.0,0.2841256946548182,17,590.0,0.17771616591770403,24,703.0
7000.0,29,295.0,4.538461538461538,4.341322330807734,10,100.0,0.33637810238775345,19,557.0,0.12933766574224476,29,657.0
7005.0,23,298.0,4.885245901639344,4.672974263884233,5,81.0,0.4907688072788032,18,573.0,0.16365851727316105,23,654.0
7010.0,16,279.0,5.072727272727272,5.666060142741274,3,38.0,0.6074227974701485,13,541.0,0.16981701471022004,16,579.0
7015.0,20,335.0,6.568627450980392,4.4278431584649205,4,24.0,0.3629226630771416,16,543.0,0.09350893054549228,20,567.0
7020.0,25,416.0,8.0,3.9512681679898076,7,42.0,0.22178387786019427,18,571.0,0.10291047707527673,25,613.0
7025.0,25,439.0,8.78,4.414931568294336,6,69.0,0.3979927864096845,19,576.0,0.15487527893295458,25,645.0
7030.0,23,329.0,7.0,4.4597148345766,7,98.0,0.47561054773063116,16,530.0,0.15874590959300028,23,628.0
7035.0,20,312.0,6.36734693877551,4.233054644604745,7,127.0,0.4317045956197042,13,533.0,0.12614972177142195,20,660.0
7040.0,19,316.0,6.869565217391305,5.23128678236963,9,171.0,0.41255042374511725,10,496.0,0.1379874244032097,19,667.0
7045.0,21,360.0,7.826086956521739,4.349874162231576,7,200.0,0.3310580958864439,14,519.0,0.08409101932932081,21,719.0
7050.0,25,451.0,9.595744680851064,5.103863801529687,10,237.0,0.31683776259707974,15,523.0,0.17929882258884314,25,760.0
7055.0,22,505.0,10.978260869565217,4.529358723767003,9,274.0,0.3320228279827778,13,508.0,0.24414983618310926,22,782.0
7060.0,21,542.0,12.044444444444444,5.055089904821492,11,329.0,0.3156608813661749,10,429.0,0.3359532677558033,21,758.0
7065.0,17,402.0,8.553191489361701,4.549860597644898,10,295.0,0.2801236530527067,7,341.0,0.2842516772251319,17,636.0
7070.0,27,519.0,10.591836734693878,4.673692018872677,14,343.0,0.2807055419251291,13,400.0,0.27836011095933827,27,743.0
7075.0,24,334.0,6.549019607843137,3.9769532098804956,11,280.0,0.3288842168716851,13,376.0,0.19274803726265274,24,656.0
7080.0,18,207.0,3.8333333333333335,5.300811522897394,11,169.0,0.38216061861303185,7,299.0,0.22001949586822656,18,468.0
7085.0,18,192.0,3.5555555555555554,5.174046116941806,10,187.0,0.3583561894132059,8,298.0,0.25722724496785204,18,485.0
7090.0,20,250.0,4.464285714285714,5.653163187677232,7,192.0,0.3708434541631464,13,341.0,0.23040003535632408,20,533.0
7095.0,20,222.0,4.111111111111111,4.801679028311373,9,168.0,0.29573254861368653,11,346.0,0.20048580631313798,20,514.0
7100.0,24,259.0,4.886792452830188,5.2076201347352615,17,179.0,0.18335383813111636,7,322.0,0.297546492030819,24,501.0
7105.0,18,250.0,4.8076923076923075,4.512608301762771,13,226.0,0.12735531508887862,5,252.0,0.34608794690707106,18,478.0
7110.0,20,240.0,4.528301886792453,5.91913857858949,10,235.0,0.25340555274249954,10,131.0,0.38196707467515817,20,366.0
7115.0,21,214.0,4.037735849056604,4.908792156760287,10,239.0,0.2808179904360305,11,141.0,0.2655337489395525,21,380.0
7120.0,25,299.0,5.537037037037037,5.520285370818876,12,249.0,0.2840548709574911,13,182.0,0.3622045080979334,25,431.0
7125.0,22,218.0,3.963636363636364,5.2481767044586745,10,186.0,0.3386154341554144,12,192.0,0.33807720236902655,22,378.0
7130.0,19,180.0,3.3333333333333335,6.191925719335656,10,148.0,0.375742781941623,9,156.0,0.38533561705158037,19,304.0
7135.0,17,129.0,2.4339622641509435,5.065780471765895,9,135.0,0.23556296682842828,8,136.0,0.3313817516171219,17,271.0
7140.0,17,121.0,2.2830188679245285,5.651465223355161,7,97.0,0.3421419322915395,10,135.0,0.18210884402934993,17,232.0
7145.0,19,163.0,3.0754716981132075,5.005936046041504,6,105.0,0.425980232978361,13,158.0,0.024234688992331856,19,263.0
7150.0,28,281.0,5.30188679245283,5.3613576402359895,11,152.0,0.44761629449889206,17,241.0,0.18550718625723722,28,393.0
7155.0,23,277.0,5.431372549019608,4.464689146101742,11,161.0,0.34015378700668836,12,262.0,0.2791049828096804,23,423.0
7160.0,21,300.0,5.882352941176471,5.018482685013974,14,208.0,0.24506200731972233,7,212.0,0.3452876829804724,21,420.0
7165.0,19,243.0,4.584905660377358,5.105014413346735,14,237.0,0.1760426242154103,5,163.0,0.39893169099946507,19,400.0
7170.0,18,195.0,3.482142857142857,5.823360865176655,9,216.0,0.2740590655624044,9,139.0,0.33050945914532764,18,355.0
7175.0,15,236.0,4.452830188679245,6.173402525384754,8,205.0,0.3972698276557993,7,136.0,0.27928761026733007,15,341.0
7180.0,16,289.0,5.666666666666667,6.792718363741711,11,254.0,0.3879176834479166,5,117.0,0.38607198902957995,16,371.0
7185.0,14,261.0,5.22,5.735233394479334,10,278.0,0.2870113159376428,4,91.0,0.41069542957246125,14,369.0
7190.0,17,328.0,6.188679245283019,6.061116712157993,10,301.0,0.2932894082045045,7,75.0,0.328308441909919,17,376.0
7195.0,20,318.0,6.0,6.005062892935976,11,292.0,0.29845671346235203,9,114.0,0.35115578765637684,20,406.0
7200.0,22,418.0,7.7407407407407405,6.473066517235372,11,301.0,0.3088170584845135,11,168.0,0.38605949258158206,22,469.0
