step,system_total_stopped,system_total_waiting_time,system_mean_waiting_time,system_mean_speed,J17_stopped,J17_accumulated_waiting_time,J17_average_speed,J18_stopped,J18_accumulated_waiting_time,J18_average_speed,agents_total_stopped,agents_total_accumulated_waiting_time
5.0,1,0.0,0.0,1.84971630218206,0,0.0,1.0,1,0.0,0.12571407556262518,1,0.0
10.0,0,0.0,0.0,7.590839586453512,0,0.0,0.3938174538054495,0,0.0,0.6607372915200316,0,0.0
15.0,1,0.0,0.0,10.046571320789463,0,0.0,0.7272996422261635,1,0.0,0.6688991783505278,1,0.0
20.0,0,0.0,0.0,10.755595760927012,0,0.0,0.8095963891943534,0,0.0,0.7256954592060787,0,0.0
25.0,1,1.0,0.06666666666666667,8.81944021359254,1,1.0,0.4924877047457991,0,0.0,0.7003560994141355,1,1.0
30.0,5,11.0,0.55,7.541216089543245,4,9.0,0.4179748553927217,1,2.0,0.5887626980827304,5,11.0
35.0,5,33.0,1.5,7.38736163085811,3,23.0,0.49228586722897927,2,10.0,0.5418464252098206,5,33.0
40.0,9,68.0,2.72,5.949729181073626,5,44.0,0.37604606568167365,4,24.0,0.40374668141554715,9,68.0
45.0,15,128.0,4.571428571428571,5.176976532759634,8,76.0,0.20256140163928285,7,52.0,0.45160203881313005,15,128.0
50.0,11,120.0,3.870967741935484,4.722851464567503,7,80.0,0.24017969436053213,4,52.0,0.43864842425016337,11,132.0
55.0,13,177.0,5.53125,6.160575650757732,6,108.0,0.40733659710750736,7,72.0,0.34933730518394274,13,180.0
60.0,7,101.0,3.0606060606060606,6.629271506047777,2,84.0,0.5473752196179887,5,59.0,0.33747701586911777,7,143.0
65.0,8,139.0,3.861111111111111,7.671216068225683,2,74.0,0.6103219330796132,6,77.0,0.3281408293415688,8,151.0
70.0,9,133.0,3.41025641025641,6.70224278795484,3,84.0,0.4801029353815265,6,77.0,0.3690750337096719,9,161.0
75.0,12,171.0,4.384615384615385,7.513749701880043,6,111.0,0.4102558203767132,6,79.0,0.5233148122290349,12,190.0
80.0,13,184.0,4.487804878048781,5.749674768638691,7,129.0,0.35033212089644816,6,93.0,0.46012027631953056,13,222.0
85.0,13,240.0,5.454545454545454,6.788836223504632,4,132.0,0.5152788951941029,9,121.0,0.39840710745722285,13,253.0
90.0,17,283.0,6.0212765957446805,6.071752960676623,7,160.0,0.45831658242267825,10,144.0,0.3086418903298903,17,304.0
95.0,19,366.0,7.469387755102041,6.099747025998048,8,204.0,0.42177818243023013,11,180.0,0.2911411290106768,19,384.0
100.0,17,198.0,4.125,5.030265426037137,8,165.0,0.3738719065724988,9,144.0,0.23493970268265202,17,309.0
105.0,20,177.0,3.6875,5.38306284788825,10,120.0,0.3114530655965799,10,119.0,0.2427956620217966,20,239.0
110.0,18,123.0,2.3653846153846154,4.945979412516928,11,132.0,0.10446439295472096,7,112.0,0.3698277777465499,18,244.0
115.0,13,102.0,2.0,6.8493666950248056,5,110.0,0.2751174706629263,8,104.0,0.428384084398188,13,214.0
120.0,12,118.0,2.5106382978723403,6.190309778401967,4,87.0,0.4257984725855633,8,106.0,0.30869595799802996,12,193.0
125.0,16,171.0,3.8,5.884231127378724,8,115.0,0.28208766978918554,8,118.0,0.2732451047172745,16,233.0
130.0,19,164.0,3.6444444444444444,4.935129608201159,9,121.0,0.12013812729532862,10,114.0,0.29758882984952745,19,235.0
135.0,13,192.0,4.465116279069767,7.144632772139807,5,89.0,0.41812698787015035,8,133.0,0.3332530638099708,13,222.0
140.0,14,201.0,5.2894736842105265,6.922661876517384,3,78.0,0.5768787315954672,11,154.0,0.22871137545868594,14,232.0
145.0,17,278.0,7.128205128205129,6.032607169537377,5,92.0,0.5364573417595059,12,213.0,0.15508241574794024,17,305.0
150.0,17,171.0,4.75,4.4575039582274005,7,69.0,0.4080490148550113,10,178.0,0.20327129605112623,17,247.0
155.0,14,189.0,4.725,5.149675315707751,7,105.0,0.2999893747072675,7,125.0,0.3056978126817524,14,230.0
160.0,16,151.0,3.5952380952380953,5.3535139864183545,10,126.0,0.3915469523413488,6,115.0,0.3069284698585168,16,241.0
165.0,14,199.0,4.326086956521739,6.706317733967931,10,157.0,0.3866009553618101,4,70.0,0.4708570049546692,14,227.0
170.0,15,221.0,5.0227272727272725,5.8060930200596665,10,176.0,0.26169932307114335,5,101.0,0.4658686185712373,15,277.0
175.0,17,300.0,6.25,6.539108403041477,11,208.0,0.30450591564521845,6,135.0,0.47543838400209965,17,343.0
180.0,17,153.0,3.122448979591837,5.108594192001669,12,190.0,0.1962453643820809,5,96.0,0.43268250103209993,17,286.0
185.0,11,102.0,2.1702127659574466,6.773031691505202,4,101.0,0.35000384270972945,7,94.0,0.49915803439762146,11,195.0
190.0,12,99.0,2.0625,5.652823142257984,6,110.0,0.35870208805415243,6,90.0,0.3702910782480965,12,200.0
195.0,19,136.0,2.7755102040816326,5.681029239821054,12,146.0,0.2798881040767069,7,97.0,0.4428425727570245,19,243.0
200.0,20,182.0,4.044444444444444,4.175857430419706,12,163.0,0.1796674095200075,8,112.0,0.3480477836072709,20,275.0
205.0,16,208.0,4.7272727272727275,5.9162335497569565,7,137.0,0.33853399645436505,9,139.0,0.32339123782143714,16,276.0
210.0,15,204.0,4.744186046511628,5.016501844991305,8,129.0,0.3055356361039736,7,156.0,0.21666671802886345,15,285.0
215.0,22,300.0,6.818181818181818,5.182541670293553,13,180.0,0.2727837327375456,9,194.0,0.29291144176748024,22,374.0
220.0,21,356.0,7.574468085106383,4.859335846374136,13,207.0,0.31498174764623066,8,226.0,0.2939632711024171,21,433.0
225.0,16,406.0,8.285714285714286,6.2142033896154025,8,188.0,0.4106542572931304,8,259.0,0.341551129435154,16,447.0
230.0,14,203.0,3.9038461538461537,5.947551899422155,8,159.0,0.4370684163350023,6,175.0,0.2749607529880628,14,334.0
235.0,17,219.0,3.9107142857142856,7.561166862634863,9,130.0,0.4985008051216081,8,147.0,0.4499579303292934,17,277.0
240.0,13,99.0,1.8,6.866508505281765,10,129.0,0.37622294986074634,3,91.0,0.5925961132061307,13,220.0
245.0,18,137.0,2.4035087719298245,6.402837730054627,16,146.0,0.23356497734856518,2,33.0,0.6117121677721901,18,179.0
250.0,23,185.0,3.189655172413793,5.425350360859214,18,195.0,0.22468983161569797,5,49.0,0.2919403810314321,23,244.0
255.0,16,122.0,1.967741935483871,6.191510415288957,10,206.0,0.2815494700412701,6,37.0,0.3557084661243535,16,243.0
260.0,16,160.0,2.7586206896551726,6.691344563292245,12,250.0,0.3197818101718742,4,40.0,0.4370254530615677,16,290.0
265.0,22,218.0,3.6333333333333333,6.061062615814437,18,308.0,0.28388867499964354,4,47.0,0.39290410351791943,22,355.0
270.0,27,303.0,5.05,4.484708171700862,20,366.0,0.21465234349736367,7,60.0,0.3921586135036415,27,426.0
275.0,22,356.0,5.836065573770492,5.285368443457205,16,372.0,0.26350218874919,6,75.0,0.466785438095203,22,447.0
280.0,24,376.0,5.875,5.15429775896566,17,388.0,0.2311522340598724,7,108.0,0.4841934732700603,24,496.0
285.0,29,461.0,6.880597014925373,4.609839186953649,19,426.0,0.2480425361890918,10,149.0,0.23072354484716423,29,575.0
290.0,34,430.0,6.323529411764706,4.220003114928099,24,423.0,0.19215737983354597,10,156.0,0.2616352812867754,34,579.0
295.0,36,452.0,6.647058823529412,4.2198350191416045,22,445.0,0.18749281957418087,14,209.0,0.2894424220359305,36,654.0
300.0,33,442.0,6.597014925373134,4.455419732060502,23,493.0,0.22281722230834333,10,189.0,0.34970413006479817,33,682.0
305.0,26,418.0,6.53125,4.173224438901629,19,515.0,0.16106929374998002,7,162.0,0.3870708849794135,26,677.0
310.0,28,359.0,5.609375,4.462609671297201,18,482.0,0.15308017693207834,10,171.0,0.2831214750737774,28,653.0
315.0,24,341.0,5.08955223880597,4.864973766930206,13,460.0,0.17727000667513934,11,204.0,0.18323343304309692,24,664.0
320.0,30,447.0,6.876923076923077,5.076729466797622,17,462.0,0.14963513671749004,13,262.0,0.330780313748497,30,724.0
325.0,29,431.0,6.951612903225806,5.018224856487605,20,502.0,0.1745035803965053,9,216.0,0.42745191919720205,29,718.0
330.0,23,389.0,6.377049180327869,5.321338177739303,15,469.0,0.2372005484327876,8,187.0,0.36931619958270895,23,656.0
335.0,23,387.0,6.142857142857143,4.588576737334176,13,472.0,0.2833538386517739,10,197.0,0.11920565486051529,23,669.0
340.0,30,418.0,6.634920634920635,5.099570618985116,15,454.0,0.3444917260366138,15,259.0,0.1568383820548353,30,713.0
345.0,29,279.0,4.65,3.9302217364552314,18,410.0,0.2433192787227141,11,255.0,0.3057919031476686,29,665.0
350.0,26,277.0,4.616666666666666,4.42858562683914,21,418.0,0.18207224272179995,5,203.0,0.3519502874614653,26,621.0
355.0,30,338.0,5.451612903225806,4.804327859003587,24,457.0,0.12379905578474688,6,176.0,0.4905037781106017,30,633.0
360.0,24,328.0,5.2063492063492065,5.19713703555836,15,440.0,0.18556534862461982,9,204.0,0.3399354136794712,24,644.0
365.0,21,303.0,4.967213114754099,5.055058806246177,15,495.0,0.2378972630121878,6,161.0,0.352858653399059,21,656.0
370.0,27,366.0,5.903225806451613,5.713511358828983,21,560.0,0.24328033112030825,6,88.0,0.4825608991481632,27,648.0
375.0,28,431.0,6.841269841269841,4.684763952289939,22,596.0,0.18809998314023915,6,104.0,0.4801707035908451,28,700.0
380.0,30,499.0,7.447761194029851,4.728619679129456,23,581.0,0.1938430513892239,7,141.0,0.447801890778691,30,722.0
385.0,28,370.0,5.36231884057971,4.435384778391139,20,568.0,0.2171771421916919,8,125.0,0.42424610728841616,28,693.0
390.0,37,474.0,6.493150684931507,4.658206396408749,26,572.0,0.18006554558409368,11,133.0,0.4351484100951626,37,705.0
395.0,38,493.0,6.662162162162162,3.874321610814555,28,610.0,0.17076077933615297,10,134.0,0.345066720712436,38,744.0
400.0,36,389.0,5.0519480519480515,4.556247713883895,21,560.0,0.23580750533403463,15,168.0,0.27607145007212464,36,728.0
405.0,32,392.0,5.36986301369863,4.508820528979157,18,500.0,0.24387358098787387,14,200.0,0.2805762038389545,32,700.0
410.0,26,388.0,5.388888888888889,4.047607557296464,17,516.0,0.19473844900912834,9,208.0,0.2657483951946541,26,724.0
415.0,26,275.0,4.044117647058823,4.3834252206193725,18,538.0,0.19612957734290332,8,118.0,0.29781432566837696,26,656.0
420.0,33,326.0,4.794117647058823,3.6286659282814653,23,575.0,0.164623165486614,10,121.0,0.25247247216211666,33,696.0
425.0,34,352.0,5.333333333333333,4.003587857035073,26,632.0,0.1532991642753407,8,153.0,0.43725557773757595,34,785.0
430.0,35,438.0,6.636363636363637,4.327385279262275,27,635.0,0.14590673134210866,8,160.0,0.4921897882384254,35,795.0
435.0,27,393.0,5.865671641791045,4.5414636647348345,21,591.0,0.1892138156116373,6,172.0,0.3322455950096892,27,763.0
440.0,23,379.0,5.656716417910448,5.0917559766714975,15,557.0,0.17606884335157705,8,180.0,0.30262135117925165,23,737.0
445.0,23,325.0,4.850746268656716,5.570329079406088,15,524.0,0.22049131511344872,8,126.0,0.26026979022217545,23,650.0
450.0,22,389.0,5.893939393939394,6.397281209527651,15,534.0,0.3106427393254933,7,62.0,0.2983149315369441,22,596.0
455.0,22,382.0,6.366666666666666,5.246713792808156,14,504.0,0.2385723003352851,8,86.0,0.319209464543682,22,590.0
460.0,28,393.0,6.55,5.197722327499512,16,464.0,0.22312125188673818,12,142.0,0.33889140993256656,28,606.0
465.0,25,448.0,8.0,4.20242487694704,16,511.0,0.15467756007511616,9,166.0,0.39276228725046847,25,677.0
470.0,25,526.0,9.74074074074074,4.124679525437293,14,525.0,0.15773440794864926,11,194.0,0.2813561514581895,25,719.0
475.0,24,600.0,11.538461538461538,5.151515418903435,12,547.0,0.3175188934033189,12,220.0,0.2626386992942944,24,767.0
480.0,29,633.0,11.105263157894736,4.640608456114475,15,544.0,0.21887089470564394,14,237.0,0.2294814878532989,29,781.0
485.0,24,419.0,7.618181818181818,4.430117821773108,12,541.0,0.30973216678472154,12,225.0,0.2407552050563011,24,766.0
490.0,22,237.0,4.232142857142857,5.2557587612981225,13,415.0,0.2775769097061005,9,138.0,0.4107159739037647,22,553.0
495.0,24,332.0,5.724137931034483,5.782768081832993,15,406.0,0.24679430291796267,9,150.0,0.47941037334608083,24,556.0
500.0,23,258.0,4.161290322580645,5.263720310058383,14,357.0,0.20362560817025774,9,132.0,0.36503757968303324,23,489.0
505.0,25,332.0,5.442622950819672,5.838130694061652,14,308.0,0.34022752539564965,11,148.0,0.3339973739799981,25,456.0
510.0,25,277.0,4.396825396825397,4.847427034210722,14,326.0,0.25161169953082163,11,151.0,0.302323631031642,25,477.0
515.0,20,223.0,3.5396825396825395,6.02410409990706,9,301.0,0.3784878972129911,11,152.0,0.35356130407394903,20,453.0
520.0,18,199.0,3.2096774193548385,5.862198014439753,9,311.0,0.41570199583509654,9,163.0,0.24125996676751296,18,474.0
525.0,19,231.0,3.725806451612903,5.77844804318277,13,337.0,0.33548781217851825,6,149.0,0.32252592601256996,19,486.0
530.0,23,213.0,3.610169491525424,4.868632379612019,16,366.0,0.24902348108936734,7,117.0,0.37868328189436296,23,483.0
535.0,25,298.0,5.228070175438597,4.729965894556762,13,390.0,0.2470197510444667,12,132.0,0.2987006779518228,25,522.0
540.0,25,366.0,6.421052631578948,4.2529885955968725,16,409.0,0.18195848725954838,9,150.0,0.2493365366024686,25,559.0
545.0,26,469.0,8.527272727272727,4.943660671505962,19,476.0,0.06570077299825511,7,148.0,0.3622160696688438,26,624.0
550.0,23,484.0,9.132075471698114,4.3358644000532065,18,538.0,0.07261692633640167,5,124.0,0.3647778379762434,23,662.0
555.0,21,541.0,10.607843137254902,6.183546487219334,14,566.0,0.23321780453358848,7,87.0,0.4473396685729311,21,653.0
560.0,18,478.0,9.56,5.594617702075336,13,577.0,0.24329782082063306,5,78.0,0.40787158672272683,18,655.0
565.0,19,431.0,8.288461538461538,5.6808290501449985,9,548.0,0.38030416482891277,10,95.0,0.324282678752423,19,643.0
570.0,19,269.0,4.981481481481482,4.949217573331219,10,436.0,0.31816311572940503,9,106.0,0.37024319278720585,19,542.0
575.0,12,74.0,1.3454545454545455,6.108233247888944,8,304.0,0.292676783176596,4,68.0,0.5097483770005553,12,372.0
580.0,18,117.0,1.9830508474576272,5.797532007984728,13,308.0,0.24702973738547251,5,80.0,0.4436115756905874,18,388.0
585.0,26,209.0,3.4262295081967213,5.617440997226138,14,299.0,0.36130549194939227,12,131.0,0.2895328363376101,26,430.0
590.0,29,292.0,4.866666666666666,4.25451948176593,12,302.0,0.30268428156301186,17,175.0,0.2440997610876768,29,477.0
595.0,26,361.0,5.82258064516129,4.434116315387293,15,272.0,0.14470715318380298,11,200.0,0.35191099917304475,26,472.0
600.0,26,312.0,4.8,5.046995661072095,15,281.0,0.17813539843093004,11,208.0,0.3495192871491609,26,489.0
605.0,24,303.0,4.522388059701493,5.729176694674654,9,226.0,0.28174972544119953,15,225.0,0.29420886269198443,24,451.0
610.0,26,336.0,5.1692307692307695,4.769097059286822,9,232.0,0.27496014462614093,17,271.0,0.24950801325012395,26,503.0
615.0,34,410.0,6.119402985074627,4.901743311765254,13,241.0,0.3719955108082948,21,341.0,0.20553956008210728,34,582.0
620.0,31,444.0,7.0476190476190474,4.265881552709614,11,272.0,0.32978479773295705,20,401.0,0.25824486959454374,31,673.0
625.0,27,448.0,7.0,4.409535405734489,13,275.0,0.19264052027459955,14,406.0,0.32268863576911505,27,681.0
630.0,26,489.0,7.640625,4.932240323406673,12,259.0,0.0939209982242776,14,408.0,0.37434412941476425,26,667.0
635.0,20,325.0,4.924242424242424,5.5045583116754635,7,225.0,0.20662030242363427,13,312.0,0.27604326877389324,20,537.0
640.0,21,240.0,3.8095238095238093,5.26001313751501,5,160.0,0.2644867507325474,16,268.0,0.2029288658847305,21,428.0
645.0,26,282.0,4.548387096774194,4.7027302299262805,8,115.0,0.28455446150795416,18,336.0,0.22383052390798383,26,451.0
650.0,26,373.0,5.920634920634921,5.2231787156184994,10,158.0,0.34938141346800083,16,370.0,0.27720212715817016,26,528.0
655.0,26,379.0,6.112903225806452,4.766601311835756,6,163.0,0.37930732415087864,20,418.0,0.2448600465649524,26,581.0
660.0,26,452.0,7.174603174603175,5.4143707792100715,5,132.0,0.4388013569332809,21,451.0,0.23781593451697383,26,583.0
665.0,27,387.0,6.559322033898305,4.344533250941809,5,94.0,0.42482302075303535,22,479.0,0.14360845730899155,27,573.0
670.0,29,331.0,5.426229508196721,4.134012348080948,11,142.0,0.3538699730122775,18,449.0,0.14762179169250447,29,591.0
675.0,25,361.0,5.918032786885246,3.780703860447323,10,186.0,0.33303908160856177,15,460.0,0.1814791029373461,25,646.0
680.0,25,396.0,6.092307692307692,4.5397820719271325,7,197.0,0.4237343825757914,18,457.0,0.14228006533488896,25,654.0
685.0,33,515.0,7.686567164179104,4.192240715599858,12,243.0,0.3480123256276578,21,505.0,0.11283682269324126,33,748.0
690.0,35,627.0,9.220588235294118,4.6559809180503615,17,320.0,0.3111631138316012,18,489.0,0.19885746700454565,35,809.0
695.0,35,594.0,8.485714285714286,3.766860755332061,18,369.0,0.2467308448871127,17,474.0,0.19225445126309898,35,843.0
700.0,34,580.0,8.169014084507042,4.579861950708659,20,455.0,0.19227068497002484,14,396.0,0.31282427817618635,34,851.0
705.0,36,610.0,8.472222222222221,4.132164115164491,21,508.0,0.16709405145937917,15,372.0,0.26770533099896093,36,880.0
710.0,30,575.0,7.876712328767123,4.917723480343348,13,505.0,0.2593563690418264,17,397.0,0.2155588259371466,30,902.0
715.0,30,665.0,9.10958904109589,4.7406278143627265,10,494.0,0.3554066917995257,20,446.0,0.08257527281836619,30,940.0
720.0,27,742.0,10.911764705882353,4.830889482046992,9,484.0,0.37946352123199784,18,488.0,0.08120428910261841,27,972.0
725.0,35,886.0,13.424242424242424,3.7589348326249388,18,556.0,0.19666655215964443,17,559.0,0.13031792282520238,35,1115.0
730.0,43,1049.0,15.893939393939394,3.2099151157656256,23,617.0,0.19486405575397392,20,634.0,0.16729385033699895,43,1251.0
735.0,33,1021.0,15.469696969696969,3.6819722026044293,15,637.0,0.2482523648473752,18,609.0,0.15254206846982618,33,1246.0
740.0,34,1049.0,14.985714285714286,3.9917888267449126,14,671.0,0.2524940312055158,20,601.0,0.157754672661676,34,1272.0
745.0,37,1174.0,15.653333333333334,4.454979038542986,20,725.0,0.22950574893935588,17,662.0,0.2527418002407074,37,1387.0
750.0,39,1310.0,17.7027027027027,4.769806769049011,24,835.0,0.1891532717501782,15,680.0,0.3441225623391982,39,1515.0
755.0,38,1054.0,14.63888888888889,4.050441926343832,23,726.0,0.1427559629155212,15,737.0,0.3008221431408785,38,1463.0
760.0,40,983.0,13.652777777777779,3.706117053410201,18,455.0,0.1262608224707013,22,837.0,0.25702718377660655,40,1292.0
765.0,45,925.0,13.214285714285714,2.512499080312394,21,555.0,0.10753672499313369,24,782.0,0.20504958132535525,45,1337.0
770.0,43,677.0,9.535211267605634,3.0520422143910033,26,675.0,0.1256891135226326,17,571.0,0.25649277281750776,43,1246.0
775.0,42,756.0,10.216216216216216,2.7412454788854843,24,721.0,0.20508738701109896,18,571.0,0.13538677501203186,42,1292.0
780.0,46,916.0,11.594936708860759,3.212639241675264,24,806.0,0.17200267356793472,22,600.0,0.16032951060162273,46,1406.0
785.0,50,887.0,10.55952380952381,3.741320084013247,27,826.0,0.14518105120162642,23,651.0,0.25694145065501967,50,1477.0
790.0,30,553.0,6.583333333333333,4.9923433351208715,17,719.0,0.19677956571947763,13,629.0,0.29273725379647475,30,1348.0
795.0,22,313.0,3.8641975308641974,4.847081938426825,11,688.0,0.2425737992887364,11,499.0,0.22863756944295388,22,1187.0
800.0,28,225.0,2.7439024390243905,4.739571596672319,14,647.0,0.26710616865348197,14,315.0,0.14477623781072962,28,962.0
805.0,39,262.0,3.275,3.987431659707988,21,675.0,0.24657730996719618,18,357.0,0.19158684590026331,39,1032.0
810.0,42,446.0,5.373493975903615,4.459671574453315,22,732.0,0.23157250247713898,20,410.0,0.26074506821581195,42,1142.0
815.0,39,504.0,6.3,4.33667199280575,23,716.0,0.21496639957363814,16,428.0,0.30690349446891624,39,1144.0
820.0,29,407.0,4.903614457831325,4.1624947423515355,16,576.0,0.15742395273048704,13,385.0,0.23702376201936895,29,961.0
825.0,28,496.0,6.2,5.218906988256025,13,480.0,0.198061973969204,15,397.0,0.27831130095778456,28,877.0
830.0,28,459.0,5.597560975609756,4.881313423521952,12,432.0,0.2096716521997977,16,353.0,0.18246770944340604,28,785.0
835.0,37,560.0,7.17948717948718,4.297812006191047,17,413.0,0.1627054599255809,20,359.0,0.18546540490810243,37,772.0
840.0,42,568.0,7.675675675675675,4.0761374660553775,18,397.0,0.2672778000634075,24,440.0,0.1790688255951229,42,837.0
845.0,34,620.0,8.493150684931507,3.992496395085957,16,389.0,0.23980758123950954,18,486.0,0.16203507600985428,34,875.0
850.0,35,637.0,8.608108108108109,4.157097084577449,18,394.0,0.13133688756503645,17,501.0,0.24086016149782186,35,895.0
855.0,30,627.0,8.36,4.8412805088799935,13,345.0,0.20372992477248328,17,533.0,0.22659178806971397,30,878.0
860.0,28,714.0,9.52,5.058371311466872,9,301.0,0.35819569526724715,19,597.0,0.13793353833483654,28,898.0
865.0,28,808.0,11.882352941176471,5.2670358781606685,9,275.0,0.36794477122255353,19,669.0,0.12731421066141071,28,944.0
870.0,33,674.0,9.911764705882353,3.888169201747226,14,294.0,0.20275570347985727,19,600.0,0.11593971670754286,33,894.0
875.0,37,546.0,7.913043478260869,4.066052940076183,22,389.0,0.13254012632152837,15,439.0,0.21313530070480138,37,828.0
880.0,34,474.0,7.292307692307692,3.88004350815087,19,379.0,0.18499370957020875,15,476.0,0.2623750447324787,34,855.0
885.0,33,530.0,7.91044776119403,4.404191063463736,15,319.0,0.23406827122038057,18,524.0,0.27280448298766385,33,843.0
890.0,34,539.0,8.044776119402986,4.025145957194476,17,332.0,0.20909043996391327,17,571.0,0.2853182225246867,34,903.0
895.0,27,453.0,6.969230769230769,4.49889012687587,11,287.0,0.1903140812980575,16,582.0,0.2682044627194224,27,869.0
900.0,25,520.0,7.878787878787879,4.923259124155884,8,266.0,0.29216031480280397,17,630.0,0.17708420041097378,25,896.0
905.0,26,522.0,7.457142857142857,5.0195479867786545,8,257.0,0.2780824171674479,18,582.0,0.15536399162729878,26,839.0
910.0,29,582.0,8.818181818181818,5.283751744684738,12,291.0,0.24381851218557912,17,473.0,0.2760235131780931,29,764.0
915.0,29,371.0,5.621212121212121,5.032373195855908,13,297.0,0.25071131600344015,16,377.0,0.2752112047774357,29,674.0
920.0,31,421.0,6.901639344262295,4.713418604622354,16,370.0,0.24151156472811974,15,260.0,0.32207873841657114,31,630.0
925.0,32,382.0,6.262295081967213,3.8531564800043516,14,354.0,0.2565304990134502,18,279.0,0.22448192048782495,32,633.0
930.0,32,505.0,8.14516129032258,4.342217118873683,16,387.0,0.2498374776695008,16,319.0,0.27638111366977974,32,706.0
935.0,32,436.0,7.032258064516129,3.415000502428423,14,378.0,0.21132978462584748,18,346.0,0.20522164167896284,32,724.0
940.0,24,275.0,4.508196721311475,4.883887323642703,10,274.0,0.26327055082226214,14,320.0,0.22145903550484658,24,594.0
945.0,19,195.0,3.0952380952380953,4.08076704773305,8,275.0,0.2419712023338885,11,317.0,0.1578930442283762,19,592.0
950.0,32,270.0,4.153846153846154,4.525118330372332,17,310.0,0.20932127098839973,15,307.0,0.2427473808693397,32,617.0
955.0,31,337.0,5.349206349206349,4.278422576089012,16,360.0,0.2880395370777472,15,335.0,0.2345968845123999,31,695.0
960.0,26,353.0,5.603174603174603,4.752038934321739,15,383.0,0.25834025384832143,11,325.0,0.27451771316330764,26,708.0
965.0,28,417.0,6.725806451612903,4.897488579441745,15,368.0,0.18669515252533753,13,357.0,0.281262976071398,28,725.0
970.0,23,321.0,5.17741935483871,4.3014600046038245,10,275.0,0.12751212217163505,13,379.0,0.12886522560941696,23,654.0
975.0,24,344.0,5.4603174603174605,5.317577687118871,10,212.0,0.26744228026848005,14,366.0,0.14090323460169776,24,578.0
980.0,24,279.0,4.428571428571429,5.539885363057469,10,226.0,0.2835471717158328,14,285.0,0.19117583404636537,24,511.0
985.0,28,371.0,6.288135593220339,5.574210349418759,15,227.0,0.32105305146984475,13,293.0,0.27646757438542774,28,520.0
990.0,24,393.0,6.661016949152542,4.839041067189705,14,253.0,0.31236285350901716,10,302.0,0.28567423812858495,24,555.0
995.0,20,410.0,6.9491525423728815,6.063172492878246,11,238.0,0.2985510085986924,9,276.0,0.44680368007481763,20,514.0
1000.0,16,327.0,5.360655737704918,5.83322812478389,9,253.0,0.29606644071520444,7,210.0,0.33955619150140276,16,463.0
1005.0,26,383.0,6.17741935483871,5.318367612151514,16,317.0,0.2741068970496306,10,165.0,0.2433095614109726,26,482.0
1010.0,28,281.0,4.532258064516129,4.848355834794916,18,308.0,0.2146253767933567,10,163.0,0.2953389477647774,28,471.0
1015.0,31,320.0,5.245901639344262,4.657291049082769,19,252.0,0.22912259276536223,12,152.0,0.2985575921247569,31,404.0
1020.0,30,333.0,5.459016393442623,4.288853658660463,20,298.0,0.23427000735296868,10,156.0,0.2719893858594479,30,454.0
1025.0,19,285.0,4.523809523809524,5.556205339525767,12,300.0,0.24061094513057749,7,147.0,0.3970110182871299,19,447.0
1030.0,14,131.0,2.046875,5.513696824458682,9,277.0,0.23232438361445998,5,114.0,0.3003597496751462,14,391.0
1035.0,24,200.0,3.0303030303030303,5.716343747787359,15,281.0,0.2097167281337984,9,106.0,0.3435833713262746,24,387.0
1040.0,23,225.0,3.5714285714285716,6.01671694067852,17,312.0,0.22751104024118762,6,127.0,0.44752797669502076,23,439.0
1045.0,24,320.0,5.614035087719298,5.91152874500048,18,382.0,0.18895997499446907,6,123.0,0.4794627058604525,24,505.0
1050.0,27,377.0,6.389830508474576,5.425672037317229,18,404.0,0.16619714867158747,9,155.0,0.442772160467598,27,559.0
1055.0,20,330.0,5.689655172413793,5.7535002540830185,10,343.0,0.2751543859068168,10,201.0,0.24651946912083814,20,544.0
1060.0,15,231.0,3.85,5.621964219743997,8,364.0,0.3112520992181623,7,169.0,0.2151515610391023,15,533.0
1065.0,22,264.0,4.258064516129032,6.044322344191559,14,408.0,0.28636619903302674,8,95.0,0.3009977385617319,22,503.0
1070.0,24,323.0,5.568965517241379,5.735495733253751,17,415.0,0.27354323542534004,7,105.0,0.45844913411496097,24,520.0
1075.0,20,361.0,6.11864406779661,5.606359185783383,12,365.0,0.20227047456453928,8,139.0,0.41713561405593946,20,504.0
1080.0,18,251.0,4.254237288135593,5.208258213266067,11,365.0,0.17626155709929883,7,104.0,0.3852222528022262,18,469.0
1085.0,21,273.0,4.475409836065574,5.502471100188318,14,387.0,0.20014212329151057,7,85.0,0.41017174826111324,21,472.0
1090.0,23,281.0,5.017857142857143,4.767753884971908,15,399.0,0.241959698452297,8,75.0,0.418496608713052,23,474.0
1095.0,21,314.0,5.814814814814815,5.248894926468718,11,375.0,0.22002847802913703,10,75.0,0.3150976182002548,21,450.0
1100.0,16,354.0,6.321428571428571,4.709378426231937,10,400.0,0.17152087853693024,6,95.0,0.22733912119887328,16,495.0
1105.0,25,429.0,7.526315789473684,5.0322792213585705,15,418.0,0.1750495296800427,10,134.0,0.28806458659513207,25,552.0
1110.0,24,446.0,8.25925925925926,4.835430411986557,17,462.0,0.19265874525818602,7,122.0,0.449469767474892,24,584.0
1115.0,16,449.0,8.163636363636364,5.079253504602735,11,471.0,0.27832639807086684,5,112.0,0.28255816919817633,16,583.0
1120.0,19,475.0,9.134615384615385,5.746024103657679,12,480.0,0.37227580020227263,7,81.0,0.22500166830787005,19,561.0
1125.0,27,596.0,11.686274509803921,5.253493265759255,15,524.0,0.31225280611792255,12,134.0,0.09411132722436923,27,658.0
1130.0,24,667.0,12.826923076923077,4.773921833855672,14,562.0,0.26281735298384123,10,171.0,0.13158684368265575,24,733.0
1135.0,26,737.0,14.450980392156863,4.882297955764936,14,584.0,0.3002426338720993,12,227.0,0.20879159600860198,26,811.0
1140.0,22,599.0,13.021739130434783,4.18045077159746,15,595.0,0.25048766544073997,7,198.0,0.35489584837491217,22,793.0
1145.0,20,467.0,10.152173913043478,4.020612194003562,16,606.0,0.15640935018666843,4,116.0,0.36138328317639357,20,722.0
1150.0,22,510.0,10.0,4.4975629686730425,16,650.0,0.11784763642694687,6,100.0,0.4075048981812352,22,750.0
1155.0,22,569.0,9.810344827586206,6.069167931703506,16,666.0,0.20975174599381569,6,125.0,0.3942113117407503,22,791.0
1160.0,21,570.0,9.827586206896552,6.540576926300526,16,658.0,0.23419314759122276,5,105.0,0.5067907472762071,21,763.0
1165.0,19,593.0,10.403508771929825,6.439150753707034,14,655.0,0.2504142953848895,5,60.0,0.5577554161420629,19,715.0
1170.0,22,291.0,5.105263157894737,5.3567466162145125,14,415.0,0.27627532039797553,8,81.0,0.4363686030457382,22,496.0
1175.0,25,340.0,6.181818181818182,5.490173154220379,14,325.0,0.3449493331569894,11,132.0,0.37010022301566764,25,457.0
1180.0,26,282.0,4.862068965517241,4.018987261918795,15,317.0,0.20165008854596478,11,132.0,0.25820190330443393,26,449.0
1185.0,25,297.0,5.120689655172414,5.057607121364518,15,295.0,0.20036744105833612,10,146.0,0.338766360778026,25,441.0
1190.0,25,250.0,4.310344827586207,4.187104054276982,15,310.0,0.2286382589687332,10,149.0,0.2912560836982467,25,459.0
1195.0,19,215.0,3.6440677966101696,5.34427300701016,11,287.0,0.25287901264148877,8,128.0,0.2960993627663923,19,415.0
1200.0,19,204.0,3.3442622950819674,4.6121603387717744,9,273.0,0.2143450531843423,10,119.0,0.1809175462779404,19,392.0
1205.0,27,294.0,4.741935483870968,5.384715112404721,12,264.0,0.2689793587398762,15,184.0,0.23196482077753602,27,448.0
1210.0,31,331.0,5.610169491525424,4.0514147498024755,16,275.0,0.2007940911390257,15,234.0,0.27538228926679265,31,509.0
1215.0,33,462.0,7.830508474576271,3.5925463055075624,17,309.0,0.19085623296846752,16,307.0,0.2511866929172701,33,616.0
1220.0,32,477.0,7.693548387096774,3.622139691238602,18,345.0,0.18333977422988912,14,322.0,0.2677661396342327,32,667.0
1225.0,20,365.0,5.615384615384615,5.665151955810419,11,315.0,0.27768408322556704,9,288.0,0.31265053470758575,20,603.0
1230.0,18,197.0,3.078125,5.453135457156857,8,263.0,0.3141005835461822,10,240.0,0.18216860488444195,18,503.0
1235.0,26,196.0,3.111111111111111,5.285459975021254,15,276.0,0.2150802468273984,11,156.0,0.28814140863105836,26,432.0
1240.0,28,243.0,4.05,4.095555775762797,20,336.0,0.1902490957256583,8,160.0,0.2779308909418444,28,496.0
1245.0,27,284.0,4.733333333333333,4.664670106628381,17,381.0,0.17109408491705633,10,155.0,0.3198614814603188,27,536.0
1250.0,27,349.0,5.816666666666666,4.644895801579698,16,395.0,0.14407434062249377,11,196.0,0.3405066799777657,27,591.0
1255.0,23,323.0,5.126984126984127,5.390518477249035,11,360.0,0.1962550128492178,12,255.0,0.31673322709573853,23,615.0
1260.0,19,296.0,5.016949152542373,5.0997378744818,9,365.0,0.22349181184027495,10,229.0,0.2860281728307614,19,594.0
1265.0,21,315.0,5.7272727272727275,4.772132728349992,15,430.0,0.18365329423770818,6,187.0,0.3367396857822258,21,617.0
1270.0,28,313.0,5.396551724137931,3.842706104499559,19,437.0,0.21826384432487958,9,199.0,0.19956356647913265,28,636.0
1275.0,33,458.0,7.26984126984127,4.6727366359104,21,522.0,0.2575486890447692,12,242.0,0.3155960126819943,33,764.0
1280.0,31,544.0,8.634920634920634,4.82690209733208,19,528.0,0.28693646903695336,12,301.0,0.39663456185168383,31,829.0
1285.0,26,545.0,8.65079365079365,5.258914099100005,13,454.0,0.30989226599220504,13,364.0,0.3426584101311647,26,818.0
1290.0,22,541.0,8.323076923076924,3.855686026017534,10,465.0,0.17071970914422904,12,367.0,0.21728136181342217,22,832.0
1295.0,33,630.0,9.130434782608695,4.568321225078621,19,536.0,0.18567232152124183,14,343.0,0.26255123461307467,33,879.0
1300.0,33,497.0,7.417910447761194,4.715733467562023,21,534.0,0.2543177220172137,12,326.0,0.3159424238103704,33,860.0
1305.0,29,376.0,5.449275362318841,4.730970612377355,19,515.0,0.24788208898201014,10,218.0,0.3281379397820022,29,733.0
1310.0,32,297.0,4.242857142857143,3.7220194266075746,20,516.0,0.21006290706269795,12,193.0,0.240094226983034,32,709.0
1315.0,26,234.0,3.391304347826087,4.628856935460395,16,449.0,0.17117966836219797,10,149.0,0.34198359737661593,26,598.0
1320.0,21,234.0,3.295774647887324,4.7763657374134425,14,460.0,0.1764182119245047,7,162.0,0.366095590345655,21,622.0
1325.0,26,306.0,4.191780821917808,4.6872663764384805,14,440.0,0.19420073103183458,12,204.0,0.3074666246741969,26,644.0
1330.0,31,395.0,5.563380281690141,3.9819007909414172,19,462.0,0.2379496418733117,12,246.0,0.3033469632993797,31,708.0
1335.0,28,453.0,6.205479452054795,4.2696346319392875,18,449.0,0.1815886227403833,10,262.0,0.31627537505561454,28,711.0
1340.0,25,422.0,5.943661971830986,4.518822945289271,16,501.0,0.19592397089987568,9,225.0,0.20327605847399427,25,726.0
1345.0,31,495.0,6.6,4.910643775363312,19,551.0,0.19761572663107646,12,232.0,0.21356548820617868,31,783.0
1350.0,36,352.0,4.888888888888889,3.647737749833761,25,553.0,0.1282946414455519,11,180.0,0.3006477620915629,36,733.0
1355.0,38,482.0,6.788732394366197,4.468135486372597,27,600.0,0.18259471045533018,11,184.0,0.4043479108327564,38,784.0
1360.0,38,534.0,7.628571428571429,4.207052067903861,28,660.0,0.149693150259417,10,195.0,0.37986061835825585,38,855.0
1365.0,29,482.0,6.788732394366197,4.0669733394597625,21,639.0,0.0905777965999092,8,175.0,0.2746650255788584,29,814.0
1370.0,26,545.0,7.569444444444445,5.083514594424374,17,639.0,0.19057430589933472,9,191.0,0.21891974081143883,26,830.0
1375.0,25,457.0,6.436619718309859,5.974354827279675,14,559.0,0.23085802123860694,11,197.0,0.2542573550335477,25,756.0
1380.0,25,373.0,5.651515151515151,5.675315043722126,14,478.0,0.26116766295013505,11,167.0,0.3347228706932699,25,645.0
1385.0,26,323.0,4.969230769230769,4.90073220000952,17,508.0,0.21107736475161704,9,147.0,0.35447493277282804,26,655.0
1390.0,27,328.0,5.2063492063492065,5.2115424353491635,20,517.0,0.265047443385495,7,106.0,0.43615905585955217,27,623.0
1395.0,30,432.0,6.6461538461538465,4.818597612060622,20,551.0,0.26868057348379293,10,133.0,0.3992774596675409,30,684.0
1400.0,33,571.0,8.522388059701493,4.74874593046999,22,574.0,0.2684755525023036,11,173.0,0.32252320456729694,33,747.0
1405.0,32,517.0,7.7164179104477615,4.077647941997142,22,598.0,0.24296623598251127,10,164.0,0.24204356572116587,32,762.0
1410.0,27,400.0,5.970149253731344,4.644645281048659,19,545.0,0.18345527732612157,8,129.0,0.28598031567132154,27,674.0
1415.0,22,260.0,3.8805970149253732,4.220750730803018,14,506.0,0.19190450994791763,8,126.0,0.22302238814575437,22,632.0
1420.0,31,321.0,4.585714285714285,4.354663249422431,17,469.0,0.14506114336265072,14,188.0,0.23920255995688744,31,657.0
1425.0,36,428.0,6.028169014084507,3.7613992130534193,24,490.0,0.10688363379351402,12,220.0,0.29246524843108407,36,710.0
1430.0,26,489.0,7.640625,5.2131561835003115,19,460.0,0.189478093221138,7,222.0,0.39648811005817197,26,682.0
1435.0,22,361.0,6.016666666666667,5.381972491348056,13,402.0,0.25563647021813346,9,178.0,0.35671860717290726,22,580.0
1440.0,26,385.0,6.311475409836065,4.834881005725339,13,343.0,0.16946907170950432,13,193.0,0.28330605373869017,26,536.0
1445.0,29,422.0,7.1525423728813555,4.724921310197489,17,385.0,0.19816594150471017,12,231.0,0.33743558734257556,29,616.0
1450.0,23,393.0,6.661016949152542,5.330573231292686,14,389.0,0.2426587800951931,9,239.0,0.3169974936102414,23,628.0
1455.0,26,402.0,7.052631578947368,4.6874803990766525,15,403.0,0.16598475600248752,11,238.0,0.36010372859553064,26,641.0
1460.0,24,286.0,4.8474576271186445,4.889664709652707,15,369.0,0.1738920379293619,9,185.0,0.39241801143910654,24,554.0
1465.0,26,333.0,5.842105263157895,4.972315297729167,16,380.0,0.27899168664140167,10,176.0,0.3560130816753229,26,556.0
1470.0,23,299.0,4.983333333333333,4.803807502810677,14,390.0,0.23964020705722222,9,183.0,0.35780195802173503,23,573.0
1475.0,21,278.0,4.34375,5.074808015856437,10,321.0,0.3584442578915045,11,205.0,0.24522914439492785,21,526.0
1480.0,19,354.0,5.363636363636363,6.67723392920097,10,326.0,0.45192981314369224,9,206.0,0.310497328625548,19,532.0
1485.0,19,256.0,3.764705882352941,6.039450028867418,11,273.0,0.3361534917695902,8,189.0,0.3082123018337818,19,462.0
1490.0,23,272.0,4.25,6.0475321034336975,12,230.0,0.34933004097466414,11,217.0,0.3020172966200543,23,447.0
1495.0,24,291.0,4.693548387096774,5.638116227555839,12,226.0,0.4164732405152404,12,260.0,0.2705378129580973,24,486.0
1500.0,22,291.0,4.770491803278689,5.1084170005186955,12,190.0,0.2653591281439292,10,293.0,0.320604553127417,22,483.0
1505.0,27,343.0,5.276923076923077,4.660736237036466,15,225.0,0.16529218346002875,12,334.0,0.3502292280483928,27,559.0
1510.0,22,292.0,4.5625,5.551107489470638,13,225.0,0.2507419436450475,9,265.0,0.38596651755765143,22,490.0
1515.0,23,341.0,5.5,5.4225469925150644,11,223.0,0.32022734820848486,12,233.0,0.2467474762786627,23,456.0
1520.0,23,322.0,5.278688524590164,4.932546819657555,12,225.0,0.29138734136305533,11,252.0,0.20540462966777015,23,477.0
1525.0,26,379.0,6.316666666666666,4.990950657412345,12,247.0,0.2814900980169394,14,294.0,0.22601600832395013,26,541.0
1530.0,28,407.0,7.140350877192983,4.45783209273547,15,280.0,0.23006834756914887,13,302.0,0.2876876805141446,28,582.0
1535.0,27,395.0,6.810344827586207,4.233692284105613,15,333.0,0.26911517134102614,12,252.0,0.24438713005339865,27,585.0
1540.0,24,353.0,5.693548387096774,4.77662588373722,13,341.0,0.3302490699099805,11,251.0,0.24722744620139311,24,592.0
1545.0,20,316.0,4.861538461538461,5.777587274133999,14,380.0,0.29758182882630735,6,174.0,0.3011337723699758,20,554.0
1550.0,22,282.0,4.208955223880597,5.877880991989923,16,378.0,0.256105914594017,6,156.0,0.39180402923725466,22,534.0
1555.0,32,328.0,4.895522388059701,4.937293562607833,18,352.0,0.2477867467133535,14,208.0,0.21637260583519227,32,560.0
1560.0,31,403.0,6.2,4.585831611837614,18,405.0,0.24971032063612814,13,231.0,0.218753840263365,31,636.0
1565.0,33,527.0,8.5,4.770027930838007,20,491.0,0.2872616192898447,13,250.0,0.297099671852277,33,741.0
1570.0,32,550.0,8.461538461538462,4.145290290380971,21,555.0,0.2306015660508237,11,215.0,0.30569829574863544,32,770.0
1575.0,24,499.0,7.447761194029851,4.8941729856349765,19,566.0,0.22060850256444706,5,144.0,0.3236156224054549,24,710.0
1580.0,24,389.0,5.720588235294118,4.9189475207722015,18,543.0,0.16199865691635024,6,145.0,0.38215826260427327,24,688.0
1585.0,29,293.0,4.185714285714286,5.176444499065686,18,449.0,0.19926837527525793,11,192.0,0.30190850260862406,29,641.0
1590.0,31,357.0,5.492307692307692,4.188036259975397,17,430.0,0.24531389063722817,14,208.0,0.26434122394391135,31,638.0
1595.0,26,389.0,6.078125,4.059551060299326,17,463.0,0.20576339035109684,9,184.0,0.27247692129482554,26,647.0
1600.0,25,378.0,5.90625,3.899196292563694,16,478.0,0.17362240842429252,9,177.0,0.23506583859624627,25,655.0
1605.0,32,421.0,6.2835820895522385,4.185925589133827,18,485.0,0.22060289466736716,14,193.0,0.1243644842915816,32,678.0
1610.0,34,365.0,5.447761194029851,4.379082793576025,20,493.0,0.2730693512779604,14,207.0,0.20295011562919243,34,700.0
1615.0,31,381.0,5.366197183098592,4.675115284379517,17,510.0,0.24030558849833727,14,230.0,0.30405354156793135,31,740.0
1620.0,33,464.0,6.925373134328358,4.999651134802536,21,539.0,0.2840203203093773,12,252.0,0.3715169520129704,33,791.0
1625.0,35,561.0,8.25,4.453774029303878,20,590.0,0.21629254679385718,15,307.0,0.32810214946334554,35,897.0
1630.0,32,538.0,8.151515151515152,3.2440880420827747,19,608.0,0.1436267781007739,13,297.0,0.19569404341021462,32,905.0
1635.0,32,484.0,7.446153846153846,4.3696066635733155,21,670.0,0.19674001312877173,11,219.0,0.18811443952305168,32,889.0
1640.0,23,459.0,6.850746268656716,4.896863215040394,17,666.0,0.1622973013472222,6,210.0,0.23838527765412146,23,876.0
1645.0,24,333.0,4.690140845070423,5.293956050880667,13,565.0,0.22351146582901762,11,243.0,0.24665873867629995,24,808.0
1650.0,25,316.0,4.861538461538461,5.058477789172018,12,527.0,0.2655942784054556,13,243.0,0.36079165219479276,25,770.0
1655.0,17,269.0,4.138461538461539,5.855468419862098,12,435.0,0.303682081497504,5,183.0,0.3926038872105802,17,618.0
1660.0,20,213.0,3.1323529411764706,4.999557330877281,12,428.0,0.2863858946002948,8,177.0,0.29594774076443897,20,605.0
1665.0,28,330.0,4.852941176470588,5.1900320431406355,15,451.0,0.3326850308257054,13,232.0,0.2108064565384775,28,683.0
1670.0,31,367.0,5.318840579710145,4.733877314540843,16,477.0,0.3235071572237836,15,253.0,0.17756825596955106,31,730.0
1675.0,28,421.0,5.847222222222222,4.853080976560879,19,519.0,0.19092033114454618,9,242.0,0.2530397253915866,28,761.0
1680.0,30,448.0,5.973333333333334,4.700736458644193,20,479.0,0.1506362428063251,10,261.0,0.2580788192219945,30,740.0
1685.0,32,490.0,6.712328767123288,5.346066181766822,15,408.0,0.2657954524034208,17,340.0,0.2417664532710659,32,748.0
1690.0,35,567.0,8.1,4.307197483086302,16,418.0,0.19753281304747242,19,402.0,0.24402596678135832,35,820.0
1695.0,29,533.0,7.72463768115942,4.410938208772985,16,412.0,0.2414588186506473,13,425.0,0.23836018470045242,29,837.0
1700.0,29,411.0,6.134328358208955,4.31079359643895,16,422.0,0.22629423839619459,13,337.0,0.30269141310391545,29,759.0
1705.0,29,367.0,5.169014084507042,4.646581166356962,13,430.0,0.24354109267482282,16,280.0,0.2903496284394953,29,710.0
1710.0,33,462.0,6.507042253521127,4.251680940234435,15,407.0,0.24648960362515682,18,353.0,0.28479778340410145,33,760.0
1715.0,39,576.0,7.783783783783784,4.16904165392207,16,380.0,0.2672497700095583,23,448.0,0.2882266250762576,39,828.0
1720.0,34,579.0,7.72,4.232680223956831,12,354.0,0.37549692704517657,22,503.0,0.23116907460871286,34,857.0
1725.0,31,558.0,7.246753246753247,4.516335136332815,14,369.0,0.2592104955987821,17,498.0,0.2853766651181884,31,867.0
1730.0,30,564.0,7.230769230769231,3.4979865225055504,17,407.0,0.1032176005342375,13,520.0,0.2269149351560412,30,927.0
1735.0,41,596.0,7.45,3.53990781435295,21,431.0,0.10895426910929215,20,556.0,0.23824571859304422,41,987.0
1740.0,43,688.0,8.708860759493671,3.5041031289352778,18,409.0,0.2143041240337159,25,658.0,0.1490014460508812,43,1067.0
1745.0,46,841.0,10.645569620253164,4.005771669049356,15,411.0,0.34952416676200476,31,791.0,0.07362253855982318,46,1202.0
1750.0,47,994.0,12.271604938271604,3.937342677675359,17,464.0,0.33890808585022947,30,877.0,0.08253775739745958,47,1341.0
1755.0,39,943.0,11.641975308641975,4.011948567105749,18,457.0,0.24885274614397795,21,864.0,0.14953758136632028,39,1321.0
1760.0,33,878.0,10.975,4.718967331075376,17,443.0,0.18447050333249768,16,855.0,0.2837764476215377,33,1298.0
1765.0,31,728.0,9.1,4.918717624691552,17,521.0,0.20151122930966855,14,768.0,0.313886983022127,31,1289.0
1770.0,36,535.0,6.9480519480519485,4.071080045145155,22,619.0,0.13793564219776835,14,630.0,0.2925751583236262,36,1249.0
1775.0,43,644.0,8.586666666666666,3.1886433806137875,23,688.0,0.17965276672742006,20,655.0,0.1899441124554749,43,1343.0
1780.0,37,740.0,10.0,3.369980798629675,20,716.0,0.11932498025445124,17,641.0,0.20667425490669633,37,1357.0
1785.0,39,773.0,10.58904109589041,3.231726364226885,21,732.0,0.056972802266517075,18,637.0,0.23951633185617394,39,1369.0
1790.0,35,664.0,8.623376623376624,4.207210990704362,15,684.0,0.15228718340570013,20,653.0,0.21102991316959469,35,1337.0
1795.0,37,625.0,8.561643835616438,4.081671690156429,14,628.0,0.1771036750362697,23,678.0,0.2057711451795184,37,1306.0
1800.0,37,502.0,6.972222222222222,4.169163769434771,11,495.0,0.23200583348471068,26,763.0,0.19083541830466805,37,1258.0
1805.0,31,578.0,8.376811594202898,4.277135943411709,11,479.0,0.21107969783849362,20,809.0,0.221591921017699,31,1288.0
1810.0,30,541.0,8.196969696969697,4.239878174244243,12,434.0,0.21379997338849896,18,798.0,0.151014052731357,30,1232.0
1815.0,32,548.0,7.942028985507246,4.8559397438902865,12,437.0,0.37474601650795775,20,751.0,0.11044127535868525,32,1188.0
1820.0,32,620.0,9.117647058823529,4.722705674655162,13,409.0,0.36889388241956544,19,822.0,0.16811802508767715,32,1231.0
1825.0,34,704.0,10.507462686567164,4.397627802904657,14,363.0,0.23061638451302485,20,874.0,0.262398081747047,34,1237.0
1830.0,34,755.0,11.102941176470589,4.7237830782934225,15,295.0,0.16309108113696166,19,940.0,0.3152073796393787,34,1235.0
1835.0,34,809.0,11.394366197183098,4.287620845778743,15,306.0,0.21137963697573295,19,985.0,0.2649853226190572,34,1291.0
1840.0,40,777.0,10.791666666666666,3.7199185571858684,18,373.0,0.2538677204429501,22,880.0,0.17734499608379278,40,1253.0
1845.0,36,604.0,8.753623188405797,3.6169769949054795,15,391.0,0.28066381337293744,21,813.0,0.1825476760793324,36,1204.0
1850.0,30,385.0,5.202702702702703,3.9463941473186215,11,349.0,0.29003414124160487,19,879.0,0.13720880687537798,30,1228.0
1855.0,25,450.0,5.769230769230769,5.275454600308534,11,334.0,0.33832320665905263,14,906.0,0.1681878428566873,25,1240.0
1860.0,31,496.0,6.1234567901234565,5.074042727530189,14,319.0,0.2743801551866556,17,947.0,0.16473222482043282,31,1266.0
1865.0,39,564.0,7.05,4.683943671970336,15,327.0,0.3200529047217501,24,1027.0,0.13962536144869894,39,1354.0
1870.0,40,662.0,9.194444444444445,3.8095677816451854,16,371.0,0.2779220071924941,24,1004.0,0.20392896448107803,40,1375.0
1875.0,38,741.0,10.291666666666666,3.8893283533243905,18,420.0,0.22279437871543933,20,877.0,0.27400415381404436,38,1297.0
1880.0,37,784.0,10.88888888888889,3.350287796387713,18,457.0,0.1743824253851756,19,810.0,0.2706723094470718,37,1267.0
1885.0,36,632.0,8.426666666666666,3.409871968853123,16,447.0,0.23555994760318164,20,765.0,0.1805785696729777,36,1212.0
1890.0,39,574.0,7.454545454545454,3.850102055063305,16,414.0,0.3062296175912286,23,658.0,0.13194859996502306,39,1072.0
1895.0,45,551.0,6.802469135802469,3.872555871814922,18,367.0,0.2602760212786386,27,702.0,0.14821209462378612,45,1069.0
1900.0,36,497.0,6.291139240506329,3.999887922385708,17,414.0,0.20372788085319032,19,655.0,0.2357258401207804,36,1069.0
1905.0,32,588.0,7.443037974683544,4.566820517099379,15,452.0,0.16992055356078126,17,633.0,0.2973212244767312,32,1085.0
1910.0,30,516.0,6.615384615384615,4.682581631302114,13,420.0,0.201512820009483,17,637.0,0.26816723096432704,30,1057.0
1915.0,37,569.0,7.294871794871795,4.2417103996881655,16,375.0,0.1898406331810832,21,653.0,0.22555768810264035,37,1028.0
1920.0,40,554.0,7.012658227848101,3.824382507244141,16,382.0,0.18302319104138612,24,660.0,0.21973348106844698,40,1042.0
1925.0,41,548.0,7.0256410256410255,4.662522874822122,17,351.0,0.27429954667603124,24,618.0,0.27061234554129315,41,969.0
1930.0,37,576.0,7.48051948051948,3.9162969915574677,14,378.0,0.27300338779650934,23,658.0,0.22595502328135653,37,1036.0
1935.0,29,508.0,6.512820512820513,3.867331217723269,10,348.0,0.2468194912542926,19,649.0,0.1609243028315082,29,997.0
1940.0,29,373.0,4.907894736842105,4.0737628343693455,9,267.0,0.2742799033788124,20,659.0,0.1693224949430531,29,926.0
1945.0,33,347.0,4.3375,4.3456928443897,12,231.0,0.29567463440856506,21,604.0,0.18096015147445227,33,835.0
1950.0,43,501.0,6.423076923076923,4.0119084259350615,17,306.0,0.3322710814142913,26,664.0,0.20662992162900848,43,970.0
1955.0,38,601.0,7.907894736842105,3.388304411399298,16,350.0,0.18708800363455444,22,696.0,0.23312048068524308,38,1046.0
1960.0,36,685.0,9.013157894736842,3.9985750810914813,13,356.0,0.18308057190916763,23,765.0,0.22156320665084306,36,1121.0
1965.0,34,583.0,7.379746835443038,3.975160360955307,11,290.0,0.21372693580323304,23,792.0,0.12975922781561985,34,1082.0
1970.0,33,601.0,7.805194805194805,4.692110516331662,10,262.0,0.2813165336694784,23,819.0,0.15418769730143797,33,1081.0
1975.0,40,524.0,6.805194805194805,4.03150725570528,15,239.0,0.2813918439136826,25,792.0,0.11703654288638549,40,1031.0
1980.0,40,543.0,7.541666666666667,3.910554068613898,17,281.0,0.22499875603527458,23,728.0,0.17491872162295602,40,1009.0
1985.0,41,585.0,8.013698630136986,3.2751018537509777,18,316.0,0.21149760623753208,23,794.0,0.1422149538363141,41,1110.0
1990.0,29,527.0,7.319444444444445,4.333020304816639,11,282.0,0.26509599542337947,18,814.0,0.12353280502750712,29,1096.0
1995.0,27,396.0,5.823529411764706,4.3214794663168465,8,228.0,0.23775370320652886,19,769.0,0.13545266008722642,27,997.0
2000.0,28,293.0,4.126760563380282,4.842925040720169,13,248.0,0.2661458389044658,15,653.0,0.16093374142253708,28,901.0
2005.0,29,370.0,5.285714285714286,4.560539174119564,14,266.0,0.28615853695050286,15,604.0,0.20832674487436267,29,870.0
2010.0,26,406.0,5.71830985915493,5.029802580549834,9,241.0,0.32394692901237276,17,585.0,0.24645784721632574,26,826.0
2015.0,29,530.0,7.681159420289855,5.442927682699691,8,247.0,0.41813702872420183,21,572.0,0.16551510283594423,29,819.0
2020.0,27,583.0,8.573529411764707,5.47190470884275,9,265.0,0.36138496153749533,18,605.0,0.1753111789321669,27,870.0
2025.0,26,610.0,8.840579710144928,5.139498368731347,12,313.0,0.2175372434118971,14,578.0,0.2238477196723875,26,891.0
2030.0,30,647.0,9.514705882352942,4.676196078484001,17,372.0,0.16737075657636907,13,548.0,0.22806815405675,30,920.0
2035.0,30,552.0,8.492307692307692,5.088480137071465,17,345.0,0.2619166394627359,13,439.0,0.3178097518589742,30,784.0
2040.0,28,505.0,7.890625,5.064339481822056,15,299.0,0.3277122454861105,13,432.0,0.33251824908442806,28,731.0
2045.0,28,564.0,8.8125,4.714661790229111,14,337.0,0.2644994308180545,14,482.0,0.33384460790190384,28,819.0
2050.0,30,590.0,9.21875,4.14767463406992,12,324.0,0.2158485593898967,18,562.0,0.2389515524398168,30,886.0
2055.0,28,641.0,10.338709677419354,4.366573305583551,11,313.0,0.3188514486415194,17,589.0,0.17879926061422632,28,902.0
2060.0,23,654.0,10.380952380952381,5.556497250028276,11,341.0,0.36866036432386734,12,563.0,0.20692580828483675,23,904.0
2065.0,22,547.0,9.116666666666667,4.874020218359959,10,330.0,0.23600746270035802,12,499.0,0.16903430826881183,22,829.0
2070.0,34,511.0,8.37704918032787,4.391118273244205,18,344.0,0.17588643844757265,16,358.0,0.1992708545189241,34,702.0
2075.0,29,449.0,8.163636363636364,4.131905659249496,14,304.0,0.30826054594314484,15,408.0,0.20720301498268956,29,712.0
2080.0,29,546.0,10.30188679245283,4.03129728109349,12,277.0,0.3300756865367024,17,473.0,0.16487980212159933,29,750.0
2085.0,28,549.0,9.46551724137931,4.1428431971739474,12,304.0,0.23046611175803122,16,494.0,0.2540258961626506,28,798.0
2090.0,18,477.0,7.819672131147541,6.094162267263979,9,278.0,0.32162255290188907,9,439.0,0.32797245415762943,18,717.0
2095.0,17,193.0,3.2711864406779663,5.873299936885835,10,218.0,0.2716858624424863,7,324.0,0.3043785025494864,17,542.0
2100.0,23,195.0,3.19672131147541,6.058359050950128,13,171.0,0.3393273705846539,10,243.0,0.24755602880580088,23,414.0
2105.0,24,245.0,4.224137931034483,4.899269133207342,13,197.0,0.3519908636492884,11,254.0,0.21325338850866402,24,451.0
2110.0,20,280.0,5.090909090909091,6.004390723845974,11,203.0,0.37547510576262405,9,230.0,0.2922638463202588,20,433.0
2115.0,18,225.0,4.017857142857143,5.276436741470756,9,198.0,0.1835834111331475,9,158.0,0.26865958062005824,18,356.0
2120.0,27,299.0,5.067796610169491,5.331553362464773,16,250.0,0.12428601640060842,11,138.0,0.23921233580472417,27,388.0
2125.0,23,259.0,4.709090909090909,5.4028503891034205,12,235.0,0.26890089219710794,11,181.0,0.2670317431057169,23,416.0
2130.0,24,344.0,6.254545454545455,5.7888284596188875,10,189.0,0.36062391234941843,14,237.0,0.2557636356194537,24,426.0
2135.0,18,298.0,5.518518518518518,5.603464326088188,9,192.0,0.392195082846773,9,238.0,0.24940374737898793,18,430.0
2140.0,13,237.0,4.471698113207547,6.746520208476093,5,148.0,0.35959250043562413,8,195.0,0.3695163055748901,13,343.0
2145.0,15,246.0,5.020408163265306,6.115770795496948,7,149.0,0.2653032387290808,8,191.0,0.2897637377579289,15,340.0
2150.0,23,315.0,6.3,5.4174962619171705,13,210.0,0.15636077459564732,10,187.0,0.2632896241307651,23,397.0
2155.0,24,195.0,4.148936170212766,3.8025436793293252,16,220.0,0.19149836656823338,8,132.0,0.23097996240088747,24,352.0
2160.0,21,250.0,5.0,5.252972983602862,13,222.0,0.3247605111690791,8,119.0,0.33047476944614523,21,341.0
2165.0,22,276.0,5.111111111111111,5.813504785923494,13,244.0,0.3524821799097128,9,145.0,0.419110840631711,22,389.0
2170.0,24,378.0,6.75,5.9837597724267,14,278.0,0.29585349571581143,10,194.0,0.48637559338382613,24,472.0
2175.0,23,288.0,4.721311475409836,4.8562062677312205,14,276.0,0.21917239435870692,9,168.0,0.3976950112614715,23,444.0
2180.0,18,155.0,2.540983606557377,5.488377316413974,8,200.0,0.18638100199019944,10,130.0,0.400682082319659,18,330.0
2185.0,20,153.0,2.467741935483871,5.086349163802212,9,220.0,0.20577769049508515,11,140.0,0.29568026075114784,20,360.0
2190.0,30,240.0,3.6923076923076925,4.6624523900692125,15,271.0,0.21852042195930396,15,160.0,0.22007443660439627,30,431.0
2195.0,32,265.0,4.2063492063492065,4.084074201482732,16,313.0,0.31718805208608214,16,188.0,0.1888597212188438,32,501.0
2200.0,31,349.0,5.629032258064516,3.772642238485775,16,361.0,0.26944167569224053,15,202.0,0.23723712930472748,31,563.0
2205.0,31,363.0,5.671875,4.0358038933669995,15,346.0,0.2644184167047694,16,241.0,0.2656351424911457,31,587.0
2210.0,22,310.0,4.84375,4.423578018768625,8,257.0,0.20270833276121986,14,246.0,0.23372059319497065,22,503.0
2215.0,26,340.0,5.483870967741935,4.584347003973637,11,207.0,0.2823393181330113,15,260.0,0.09715940501756935,26,467.0
2220.0,29,455.0,7.109375,5.476111103948238,12,239.0,0.31905676396545246,17,282.0,0.05359138910617186,29,521.0
2225.0,28,496.0,8.551724137931034,4.657848736722821,13,259.0,0.261179592120176,15,322.0,0.02358502957985886,28,581.0
2230.0,29,539.0,9.293103448275861,4.787493580454721,13,281.0,0.24561777822272582,16,354.0,0.12507930577637522,29,635.0
2235.0,27,516.0,8.89655172413793,4.55894083734464,14,305.0,0.23593386304564506,13,337.0,0.2842373523575847,27,642.0
2240.0,25,458.0,8.035087719298245,5.509908089445152,17,373.0,0.26116198256752243,8,306.0,0.4221405572822788,25,679.0
2245.0,23,387.0,6.45,4.489311131985548,16,411.0,0.26113541712237187,7,271.0,0.30915628718119026,23,682.0
2250.0,20,361.0,5.553846153846154,5.480529170385466,11,396.0,0.23014508739061987,9,209.0,0.33924547313627335,20,605.0
2255.0,23,468.0,7.428571428571429,6.6085267120829405,12,411.0,0.24246905923982726,11,250.0,0.395156511243004,23,661.0
2260.0,24,481.0,7.758064516129032,6.631857458656263,12,417.0,0.26088767802178203,12,263.0,0.30818326035280624,24,680.0
2265.0,24,550.0,9.649122807017545,6.003648573488643,10,389.0,0.3142069910526973,14,323.0,0.2339375419433205,24,712.0
2270.0,29,605.0,11.415094339622641,3.9719880626314854,14,420.0,0.2811374873697252,15,334.0,0.2078479671647762,29,754.0
2275.0,23,555.0,9.910714285714286,4.892248422118873,11,455.0,0.32632409867308254,12,285.0,0.2948319869421946,23,740.0
2280.0,26,253.0,4.216666666666667,3.9521962749981023,13,311.0,0.27939978633479196,13,291.0,0.2734408249018117,26,602.0
2285.0,32,351.0,5.754098360655738,4.658887447927948,16,228.0,0.3377370709060135,16,323.0,0.2925743838287368,32,551.0
2290.0,30,320.0,4.923076923076923,4.252001497121552,15,260.0,0.2674556836522179,15,346.0,0.2521725986539665,30,606.0
2295.0,23,319.0,4.6911764705882355,5.066444274720422,12,266.0,0.24226986084429147,11,316.0,0.23153060943644876,23,582.0
2300.0,26,342.0,5.104477611940299,4.6528030966541065,11,268.0,0.1589534513913554,15,312.0,0.19369997824101812,26,580.0
2305.0,32,381.0,5.521739130434782,4.669255267387939,14,275.0,0.1531396241146582,18,311.0,0.22327966218583065,32,586.0
2310.0,32,453.0,6.565217391304348,4.470343234075613,15,318.0,0.2813026439509849,17,370.0,0.2443092315625914,32,688.0
2315.0,34,597.0,8.91044776119403,4.725053105152584,14,358.0,0.38832043982305825,20,440.0,0.2538108866125771,34,798.0
2320.0,34,625.0,8.80281690140845,4.119666752529999,13,380.0,0.36530967098197276,21,480.0,0.22847768498196291,34,860.0
2325.0,26,575.0,7.986111111111111,4.644955595002687,11,342.0,0.36824048306277035,15,476.0,0.175124200487425,26,818.0
2330.0,26,378.0,5.108108108108108,4.520992103772166,13,312.0,0.27126294638010173,13,430.0,0.20658515481866754,26,742.0
2335.0,29,272.0,3.5789473684210527,4.4658369581424875,17,260.0,0.15165855391223398,12,329.0,0.2635634323914359,29,589.0
2340.0,35,319.0,4.253333333333333,3.854218532469262,20,291.0,0.13040673462808058,15,353.0,0.2749939635104246,35,644.0
2345.0,29,371.0,5.082191780821918,5.146491870904402,17,289.0,0.22139616155661498,12,366.0,0.3057727991108326,29,655.0
2350.0,30,444.0,6.3428571428571425,4.67615680375621,16,306.0,0.15218381665243125,14,399.0,0.32422688872965694,30,705.0
2355.0,28,411.0,5.554054054054054,4.718896751702166,14,288.0,0.19754215677993933,14,412.0,0.1955829992513612,28,700.0
2360.0,32,491.0,6.915492957746479,4.934076341122739,15,331.0,0.23937056118518404,17,442.0,0.19528784499942997,32,773.0
2365.0,30,579.0,7.824324324324325,5.084521529970403,14,353.0,0.333278557976679,16,505.0,0.16340893162232586,30,858.0
2370.0,31,642.0,8.675675675675675,5.12578577534575,15,383.0,0.29789746945787876,16,544.0,0.2701542105702531,31,927.0
2375.0,31,747.0,9.96,5.369886751514398,17,390.0,0.27100119200183787,14,595.0,0.37844757799354284,31,985.0
2380.0,34,728.0,9.837837837837839,5.310624642676767,19,393.0,0.26992383803339987,15,654.0,0.3992739268905073,34,1047.0
2385.0,32,578.0,8.140845070422536,4.541395281430259,17,346.0,0.22149474681959339,15,557.0,0.3088353497449068,32,903.0
2390.0,34,547.0,7.814285714285714,3.153134965930503,17,344.0,0.13418579571635736,17,463.0,0.17236542642148592,34,807.0
2395.0,36,437.0,6.333333333333333,3.9430244650442656,18,295.0,0.22836902944029658,18,393.0,0.12110090802700911,36,688.0
2400.0,35,432.0,6.171428571428572,3.844530389358893,18,362.0,0.2161403517890307,17,259.0,0.06012728545539912,35,621.0
2405.0,37,557.0,7.957142857142857,4.147838595189001,20,423.0,0.2414263400776765,17,328.0,0.1820166749984377,37,751.0
2410.0,41,680.0,10.149253731343284,3.5054084241142958,22,485.0,0.14415084982664347,19,407.0,0.2802649597640723,41,892.0
2415.0,36,581.0,8.544117647058824,3.2994831832487734,21,510.0,0.1406953482445497,15,428.0,0.2829899998410281,36,938.0
2420.0,30,465.0,6.838235294117647,3.8670735935540157,19,543.0,0.14305245847549064,11,366.0,0.2924830531883376,30,909.0
2425.0,27,491.0,7.220588235294118,4.9223762201746695,14,550.0,0.15422842512805066,13,333.0,0.31906615623538176,27,883.0
2430.0,29,479.0,6.652777777777778,4.890643125140038,15,544.0,0.18829457814586192,14,310.0,0.21585364789022132,29,854.0
2435.0,33,533.0,7.507042253521127,4.866310777020921,16,539.0,0.22663553919176224,17,319.0,0.20445593742825532,33,858.0
2440.0,35,478.0,6.927536231884058,4.355396209332514,17,509.0,0.2778538003601358,18,390.0,0.22678635913208237,35,899.0
2445.0,33,468.0,6.782608695652174,4.842139033764285,14,380.0,0.3598176585111394,19,455.0,0.2610295812826375,33,835.0
2450.0,37,497.0,7.202898550724638,3.5084208526882885,17,396.0,0.27458537555600404,20,510.0,0.20512459638010105,37,906.0
2455.0,24,456.0,6.514285714285714,4.738804452544035,11,354.0,0.2854724052720815,13,518.0,0.24160328079282614,24,872.0
2460.0,24,357.0,5.028169014084507,4.595198097049674,12,369.0,0.1897946304339382,12,442.0,0.25413047173345477,24,811.0
2465.0,31,327.0,4.47945205479452,4.700601846946219,18,450.0,0.1795779347820406,13,298.0,0.2817987339516861,31,748.0
2470.0,33,427.0,5.930555555555555,4.520785159354556,17,488.0,0.2458500767606476,16,328.0,0.21280739169879187,33,816.0
2475.0,25,448.0,6.492753623188406,4.832477688107664,12,488.0,0.29781599691458144,13,335.0,0.18905525611822085,25,823.0
2480.0,25,401.0,5.647887323943662,4.674792704006311,12,432.0,0.20925771936168472,13,331.0,0.18349560507512752,25,763.0
2485.0,28,467.0,6.867647058823529,5.517434617890716,11,388.0,0.2808172475653921,17,404.0,0.25599169490615464,28,792.0
2490.0,28,549.0,8.446153846153846,4.3956560181323425,11,418.0,0.21894269071481573,17,455.0,0.26144921110282854,28,873.0
2495.0,27,627.0,9.796875,5.4695621244447095,13,443.0,0.24604225214998432,14,464.0,0.31722735021331083,27,907.0
2500.0,28,642.0,9.876923076923077,4.468372688918921,15,501.0,0.16288948883441945,13,434.0,0.22173329920705362,28,935.0
2505.0,31,683.0,10.194029850746269,4.946302534595089,18,591.0,0.25182934241194743,13,353.0,0.21748967614315207,31,944.0
2510.0,28,591.0,9.234375,4.698800432005545,14,503.0,0.3191341913894427,14,395.0,0.15230391161136428,28,898.0
2515.0,26,524.0,8.317460317460318,4.659003212056806,13,336.0,0.2801216432891422,13,415.0,0.17711946787372113,26,751.0
2520.0,27,478.0,7.836065573770492,4.835257806086164,14,320.0,0.22999715287409075,13,431.0,0.23746998439334108,27,751.0
2525.0,30,548.0,8.98360655737705,5.4660375926978535,15,276.0,0.2939063893535654,15,474.0,0.26379318198531226,30,750.0
2530.0,27,317.0,5.031746031746032,4.538111877872765,14,281.0,0.27372952037478016,13,368.0,0.269206593869254,27,649.0
2535.0,24,327.0,5.360655737704918,5.860410218925134,10,246.0,0.4090320344389335,14,292.0,0.2902323606418451,24,538.0
2540.0,24,285.0,4.523809523809524,4.770988416882343,10,271.0,0.29592174752800304,14,263.0,0.17652558640097338,24,534.0
2545.0,27,285.0,4.384615384615385,5.41914622441706,16,295.0,0.23226953208049622,11,208.0,0.32884978506576307,27,503.0
2550.0,30,294.0,4.454545454545454,4.546791433506325,18,337.0,0.23473933535852762,12,198.0,0.3055884234581617,30,535.0
2555.0,19,259.0,4.111111111111111,5.975148247885956,15,358.0,0.2886144517935438,4,141.0,0.409271675054642,19,499.0
2560.0,21,268.0,4.32258064516129,5.672493329356171,14,313.0,0.1734869880328117,7,118.0,0.4107004926477288,21,431.0
2565.0,23,287.0,4.415384615384616,5.50878528836249,17,312.0,0.24690420784944303,6,110.0,0.2377092981851295,23,422.0
2570.0,29,275.0,4.583333333333333,4.727648622182793,17,318.0,0.27010803917448184,12,145.0,0.2509831933308264,29,463.0
2575.0,26,343.0,5.716666666666667,4.747879669518594,15,306.0,0.2392312762661487,11,205.0,0.38172655459845084,26,511.0
2580.0,32,413.0,6.883333333333334,4.197351996137882,18,343.0,0.21245608515404307,14,265.0,0.3930784548198073,32,608.0
2585.0,30,405.0,6.328125,3.7513709949332985,18,359.0,0.19269615818197408,12,246.0,0.2533448717782326,30,605.0
2590.0,33,478.0,7.029411764705882,4.170824078816836,17,389.0,0.24542881460473728,16,226.0,0.17256202121673228,33,615.0
2595.0,30,459.0,6.375,5.0696986257192656,17,423.0,0.30967341836702855,13,226.0,0.18462424135439187,30,649.0
2600.0,22,427.0,6.279411764705882,5.109982261702075,16,475.0,0.24070740147511333,6,174.0,0.28876415922152304,22,649.0
2605.0,25,525.0,8.60655737704918,5.218053127557437,18,508.0,0.12280784785700583,7,146.0,0.39098043613563627,25,654.0
2610.0,25,501.0,8.21311475409836,4.19525376930942,17,509.0,0.04248250266825838,8,155.0,0.2612584800518683,25,664.0
2615.0,29,548.0,8.98360655737705,4.714036996499383,16,508.0,0.2155523626367854,13,181.0,0.2239067794039144,29,689.0
2620.0,23,538.0,9.11864406779661,5.098294502413516,13,560.0,0.3070796751846369,10,170.0,0.2799739316737914,23,730.0
2625.0,29,648.0,11.172413793103448,5.084346260277861,18,607.0,0.2632288114144369,11,175.0,0.27695577862253973,29,782.0
2630.0,28,582.0,9.864406779661017,5.053691521529435,18,604.0,0.23213975151716942,10,188.0,0.2600476671573623,28,792.0
2635.0,27,423.0,7.169491525423729,5.328299913264637,15,531.0,0.2969337221025351,12,223.0,0.2766841031644503,27,754.0
2640.0,25,300.0,4.838709677419355,4.726329885551702,15,512.0,0.2231220858566333,10,204.0,0.35816208058328425,25,716.0
2645.0,24,244.0,4.0,5.306701385095419,19,466.0,0.17517044546433072,5,125.0,0.5207255327662398,24,591.0
2650.0,23,224.0,3.6129032258064515,5.246069574000498,19,485.0,0.18950033107788086,4,115.0,0.43895339365832686,23,600.0
2655.0,28,259.0,3.9242424242424243,5.410723586066318,19,461.0,0.19048192366123526,9,125.0,0.3888599097039493,28,586.0
2660.0,26,283.0,4.492063492063492,5.1647728778585025,17,502.0,0.22224060962092837,9,143.0,0.4279433905221899,26,645.0
2665.0,27,350.0,5.46875,5.615834292323445,16,509.0,0.3184763931225862,11,191.0,0.3127096797090319,27,700.0
2670.0,25,305.0,4.621212121212121,5.001359209378106,14,441.0,0.30661637992419594,11,200.0,0.21287641070096538,25,641.0
2675.0,27,268.0,4.0,5.429437447060252,13,337.0,0.3270565305976165,14,209.0,0.23942785214545587,27,546.0
2680.0,22,255.0,3.8636363636363638,5.18380809467165,11,302.0,0.35178482703438035,11,202.0,0.2854616418396694,22,504.0
2685.0,20,202.0,2.927536231884058,5.7053089929553815,13,327.0,0.2800193116160364,7,143.0,0.46226420218018327,20,470.0
2690.0,21,273.0,4.2,5.851783684047235,15,363.0,0.24237036160377942,6,143.0,0.4524707873029493,21,506.0
2695.0,26,371.0,5.888888888888889,4.692701579297652,15,389.0,0.1587920013343038,11,189.0,0.22607220565774575,26,578.0
2700.0,32,495.0,7.857142857142857,4.798046842591606,13,398.0,0.24377377603128572,19,274.0,0.18163674552887635,32,672.0
2705.0,27,405.0,6.230769230769231,4.591655908488139,11,342.0,0.2775087265654311,16,303.0,0.22037654155858744,27,645.0
2710.0,28,415.0,6.484375,5.562075174519032,10,247.0,0.3805641240945143,18,375.0,0.28351957799757743,28,622.0
2715.0,29,469.0,7.0,5.336779900235381,13,247.0,0.30207837428246015,16,386.0,0.3441603188055895,29,633.0
2720.0,24,394.0,5.628571428571429,5.118094770663595,12,254.0,0.25815312603165225,12,326.0,0.3341444066079275,24,580.0
2725.0,20,303.0,4.661538461538462,5.376461303315341,11,249.0,0.2724792431251969,9,255.0,0.327803326786005,20,504.0
2730.0,23,267.0,3.926470588235294,5.027459449905554,11,264.0,0.2551105651890029,12,209.0,0.2716688535669666,23,473.0
2735.0,30,350.0,5.303030303030303,4.450272326678851,11,259.0,0.27443146941956537,19,226.0,0.1719640388778093,30,485.0
2740.0,27,443.0,7.383333333333334,4.769673868303639,12,317.0,0.3189654708056857,15,229.0,0.17976029022857304,27,546.0
2745.0,24,554.0,9.551724137931034,5.623057747316978,12,374.0,0.23053413904988743,12,264.0,0.24740837201263005,24,638.0
2750.0,23,530.0,8.833333333333334,4.933808475622125,13,395.0,0.1582654596812815,10,246.0,0.2325885052926009,23,641.0
2755.0,27,604.0,10.066666666666666,4.938688164942675,10,413.0,0.3141944207346399,17,264.0,0.21321115893820403,27,677.0
2760.0,20,432.0,6.967741935483871,5.237872798895065,6,318.0,0.442375957138974,14,322.0,0.2893347765500848,20,640.0
2765.0,19,447.0,6.984375,6.386687812115943,8,190.0,0.4574002696869236,11,337.0,0.38686346553257545,19,527.0
2770.0,21,446.0,6.5588235294117645,6.0423428246676965,11,228.0,0.35328858480667163,10,308.0,0.40881391415411866,21,536.0
2775.0,28,305.0,4.121621621621622,5.614430045549184,15,191.0,0.30061001516329405,13,274.0,0.39012907598492674,28,465.0
2780.0,29,400.0,5.555555555555555,5.617112231596256,16,187.0,0.372962940210285,13,320.0,0.3303790755521362,29,507.0
2785.0,29,468.0,6.685714285714286,5.182912570533834,18,230.0,0.2503538154943252,11,348.0,0.3490899460162257,29,578.0
2790.0,32,552.0,7.666666666666667,4.862639698593276,17,269.0,0.1747413919072572,15,396.0,0.30648121320134564,32,665.0
2795.0,34,408.0,5.44,4.193093740024411,19,310.0,0.14707248028967157,15,330.0,0.2640530640095175,34,640.0
2800.0,32,378.0,4.973684210526316,4.903178865289342,16,295.0,0.2558233700768927,16,294.0,0.2526206777518175,32,589.0
2805.0,32,409.0,5.311688311688312,4.7624620251991585,14,312.0,0.3128334311906786,18,320.0,0.21444753425347274,32,632.0
2810.0,33,492.0,6.227848101265823,5.178912642449812,14,331.0,0.3228817925120572,19,339.0,0.27075511505336597,33,670.0
2815.0,37,445.0,5.493827160493828,4.494772171802636,19,343.0,0.27977521956364076,18,348.0,0.26111182243394443,37,691.0
2820.0,37,459.0,5.666666666666667,5.091207631607855,17,337.0,0.3598670527556144,20,347.0,0.2559385254511658,37,684.0
2825.0,38,458.0,5.725,4.085253652983691,18,355.0,0.24318179950963095,20,387.0,0.2057420249217881,38,742.0
2830.0,34,330.0,4.230769230769231,4.1280173364685435,20,373.0,0.1917157163387126,14,361.0,0.1892203154173065,34,734.0
2835.0,32,436.0,5.891891891891892,4.495047616393831,18,380.0,0.16013615489452387,14,317.0,0.25871729404174454,32,697.0
2840.0,30,542.0,7.226666666666667,5.156710338144843,15,374.0,0.1583542068055908,15,350.0,0.31276453106550256,30,724.0
2845.0,32,482.0,6.513513513513513,4.816610548281444,17,369.0,0.16885857728027837,15,361.0,0.28238732203901334,32,730.0
2850.0,34,519.0,7.521739130434782,4.690841340738716,20,389.0,0.19243025243776513,14,372.0,0.3099554634100784,34,761.0
2855.0,30,521.0,7.550724637681159,4.1169945601641444,17,416.0,0.16849078175696464,13,355.0,0.30646303110562706,30,771.0
2860.0,31,598.0,8.666666666666666,4.208811697017459,14,389.0,0.24568741084395185,17,418.0,0.2585836823488217,31,807.0
2865.0,32,624.0,9.454545454545455,4.277152732817087,11,372.0,0.3165622485037074,21,475.0,0.18690708221162342,32,847.0
2870.0,26,626.0,9.072463768115941,5.212624688159365,10,369.0,0.26781438974303623,16,497.0,0.25081160210613923,26,866.0
2875.0,23,351.0,5.086956521739131,4.688893448179676,9,294.0,0.23177007261872595,14,453.0,0.2424937020870827,23,747.0
2880.0,29,310.0,4.305555555555555,5.5090538576149335,9,220.0,0.4360492894316166,20,411.0,0.2279494177384424,29,631.0
2885.0,30,407.0,5.985294117647059,4.811945590143284,7,232.0,0.4577324590162904,23,478.0,0.19768884251474106,30,710.0
2890.0,27,479.0,7.149253731343284,4.858148230420705,10,247.0,0.345743078547372,17,513.0,0.24888054273603472,27,760.0
2895.0,25,450.0,6.7164179104477615,4.334283224004951,10,256.0,0.19246307111310956,15,504.0,0.24035024091142587,25,760.0
2900.0,29,350.0,5.147058823529412,4.116106407792852,13,259.0,0.21611804709743826,16,520.0,0.16334254400816078,29,779.0
2905.0,33,414.0,6.2727272727272725,4.084441613807021,13,300.0,0.3121586659591846,20,492.0,0.09364591692061898,33,792.0
2910.0,31,451.0,6.731343283582089,4.480500342968104,11,284.0,0.4335845743173686,20,556.0,0.06302613651311037,31,840.0
2915.0,32,532.0,8.3125,4.384657438089622,10,245.0,0.4115372030616945,22,621.0,0.09004998559930955,32,866.0
2920.0,38,597.0,9.629032258064516,3.315946108978593,17,283.0,0.2678236319733793,21,667.0,0.16254373277215517,38,950.0
2925.0,27,471.0,7.721311475409836,3.711728446040793,15,336.0,0.18128515523656855,12,641.0,0.22448633916626134,27,977.0
2930.0,27,526.0,8.62295081967213,4.2015009145918665,16,379.0,0.07256586472143098,11,602.0,0.3327455988533662,27,981.0
2935.0,24,561.0,9.508474576271187,5.0456586129022325,14,410.0,0.10559920369452165,10,535.0,0.32951206460768223,24,945.0
2940.0,22,559.0,9.807017543859649,5.047492974988057,15,463.0,0.1206483569881774,7,450.0,0.3120038705124167,22,913.0
2945.0,27,684.0,12.666666666666666,4.8213742482645685,15,536.0,0.16059187945825004,12,441.0,0.26275764520308204,27,977.0
2950.0,26,541.0,9.660714285714286,3.8493675058206063,12,450.0,0.22963270236920508,14,468.0,0.12377177807224139,26,918.0
2955.0,22,555.0,10.673076923076923,5.124000199714833,9,373.0,0.34911011338168163,13,446.0,0.21725873757600114,22,819.0
2960.0,21,633.0,12.411764705882353,5.5482123656399045,10,419.0,0.26675054099915085,11,421.0,0.302929279256469,21,840.0
2965.0,23,721.0,13.60377358490566,5.481420861487647,10,472.0,0.2883890460824647,13,390.0,0.2698330585299849,23,862.0
2970.0,23,559.0,10.351851851851851,4.860010787787646,10,459.0,0.332546901044537,13,352.0,0.22226744140947763,23,811.0
2975.0,21,386.0,7.0181818181818185,5.444631389043372,8,435.0,0.4178665977949362,13,250.0,0.2696990317132057,21,685.0
2980.0,22,481.0,8.152542372881356,5.423170356346428,9,380.0,0.3990829379482252,13,240.0,0.30651198921841755,22,620.0
2985.0,27,599.0,9.661290322580646,5.556459024087702,12,425.0,0.4040740902584043,15,262.0,0.3530528687220788,27,687.0
2990.0,27,582.0,9.238095238095237,4.470521664080689,14,446.0,0.331252021708235,13,266.0,0.29500177028775737,27,712.0
2995.0,29,654.0,10.380952380952381,4.354508286973298,17,501.0,0.2436353695763011,12,223.0,0.24780724605142085,29,724.0
3000.0,35,700.0,10.606060606060606,3.1249586531156583,17,554.0,0.11598031210681471,18,260.0,0.188907384062404,35,814.0
3005.0,31,729.0,10.565217391304348,4.340164823975468,12,581.0,0.24437019447695554,19,321.0,0.2124137201774439,31,902.0
3010.0,26,478.0,7.242424242424242,3.955254356470061,8,481.0,0.2996380166017291,18,302.0,0.19434841128969746,26,783.0
3015.0,28,310.0,4.696969696969697,4.749932809989279,10,329.0,0.2924623630630618,18,302.0,0.26119145369395563,28,631.0
3020.0,32,351.0,5.086956521739131,4.1472619970316575,12,353.0,0.26783550919366245,20,343.0,0.2233870980834386,32,696.0
3025.0,21,322.0,4.735294117647059,5.054567806768604,8,336.0,0.22243761830403108,13,338.0,0.28960157097557565,21,674.0
3030.0,23,286.0,4.205882352941177,4.563614775735801,8,337.0,0.22345935570461362,15,347.0,0.18741491387785364,23,684.0
3035.0,34,280.0,4.0,4.340541667018288,15,388.0,0.17525529851683863,19,357.0,0.17272651790992558,34,745.0
3040.0,33,362.0,5.323529411764706,3.7256064077277946,16,426.0,0.2054961986964683,17,397.0,0.21160886136194595,33,823.0
3045.0,22,371.0,5.707692307692308,5.011297519415649,8,408.0,0.3272455387608171,14,404.0,0.2745226746264089,22,812.0
3050.0,24,456.0,6.909090909090909,4.892176422515938,8,422.0,0.2922905184914025,16,427.0,0.19854099517197601,24,849.0
3055.0,29,562.0,8.388059701492537,5.205470695786057,12,477.0,0.27374906873755267,17,435.0,0.18968997376805424,29,912.0
3060.0,35,532.0,8.3125,3.7891869922111487,17,428.0,0.27145291360548907,18,441.0,0.07174873395212765,35,869.0
3065.0,34,548.0,8.838709677419354,3.84592269151592,17,343.0,0.2835425726185671,17,455.0,0.10958649345699105,34,798.0
3070.0,33,623.0,9.88888888888889,3.5778600115827817,17,382.0,0.2174936670388398,16,499.0,0.23056160083922142,33,881.0
3075.0,27,634.0,9.606060606060606,4.7800154585892525,12,369.0,0.25213253948638326,15,520.0,0.29034518201678994,27,889.0
3080.0,27,569.0,8.621212121212121,5.182366965158419,13,364.0,0.356278330214569,14,452.0,0.24369633332020432,27,816.0
3085.0,25,469.0,7.444444444444445,5.268008012336487,10,277.0,0.3718441625793324,15,414.0,0.22608667078985842,25,691.0
3090.0,27,438.0,6.9523809523809526,4.887842376144102,12,254.0,0.3031433631704019,15,397.0,0.27337607887645027,27,651.0
3095.0,22,293.0,4.650793650793651,5.2020078257124975,14,241.0,0.165821396786773,8,276.0,0.39676365433723987,22,517.0
3100.0,24,314.0,5.147540983606557,4.949430420919536,15,274.0,0.11801465283484341,9,258.0,0.3570487171448782,24,532.0
3105.0,27,358.0,5.966666666666667,4.4630331435595005,15,310.0,0.13042576333326011,12,238.0,0.3012450316062752,27,548.0
3110.0,27,382.0,6.586206896551724,4.178350798161947,10,296.0,0.24848371627696347,17,294.0,0.16099386439715374,27,590.0
3115.0,28,473.0,8.298245614035087,4.369822772203226,10,317.0,0.3246925969028863,18,364.0,0.11083164163349768,28,681.0
3120.0,32,554.0,9.551724137931034,4.2030885105167295,13,365.0,0.2975003848402466,19,353.0,0.15005115975214678,32,718.0
3125.0,27,441.0,7.603448275862069,3.9965988469536704,15,373.0,0.1580482909242649,12,293.0,0.25229900216495255,27,666.0
3130.0,23,288.0,4.9655172413793105,5.262252616424417,13,327.0,0.1467100200671906,10,260.0,0.37832794569911143,23,587.0
3135.0,22,276.0,4.677966101694915,4.955783263872466,12,338.0,0.15403195038867915,10,246.0,0.3840874692309551,22,584.0
3140.0,19,195.0,3.3620689655172415,5.249857660491284,8,299.0,0.3254985564442671,11,248.0,0.3169768155815731,19,547.0
3145.0,23,188.0,3.2413793103448274,5.2585831200814335,9,287.0,0.3629146812337662,14,262.0,0.23919921493338955,23,549.0
3150.0,28,277.0,4.540983606557377,5.194374977723552,12,280.0,0.33815765791373315,16,309.0,0.19619163100142245,28,589.0
3155.0,30,360.0,5.538461538461538,4.79566234178825,12,259.0,0.280806172649694,18,366.0,0.2637036200322406,30,625.0
3160.0,32,417.0,6.515625,4.751620293513843,14,219.0,0.2799872217305999,18,400.0,0.2721393132609372,32,619.0
3165.0,34,544.0,8.634920634920634,4.590199211783256,14,280.0,0.3198414738122757,20,453.0,0.2629638352538659,34,733.0
3170.0,36,580.0,8.656716417910447,3.6284179232728127,17,362.0,0.2577003029770425,19,455.0,0.18442608026441915,36,817.0
3175.0,34,456.0,6.909090909090909,3.764872039853839,19,363.0,0.2470772011447434,15,366.0,0.20777571860914987,34,729.0
3180.0,23,269.0,3.9558823529411766,4.398218818008659,9,279.0,0.28298431052959905,14,371.0,0.19832943777326362,23,650.0
3185.0,18,182.0,2.6,4.799383977789516,4,274.0,0.30918457603264277,14,313.0,0.16804484157895794,18,587.0
3190.0,32,278.0,3.808219178082192,4.764676810225738,12,308.0,0.2684796852569482,20,386.0,0.19463925060777176,32,694.0
3195.0,36,392.0,5.681159420289855,4.13507369704858,16,323.0,0.18273333350646911,20,449.0,0.2645332801460143,36,772.0
3200.0,30,418.0,6.2388059701492535,4.119406564485412,11,277.0,0.23550444528619763,19,438.0,0.21443366650682003,30,715.0
3205.0,24,390.0,5.735294117647059,4.5912048972934585,9,248.0,0.24047708930466802,15,395.0,0.13403575022709252,24,643.0
3210.0,23,320.0,4.507042253521127,5.401296664489185,9,195.0,0.24302445840699002,14,366.0,0.2261338603272952,23,561.0
3215.0,28,280.0,3.943661971830986,5.308661972783964,12,185.0,0.2476345317765207,16,354.0,0.2799577795795956,28,539.0
3220.0,30,330.0,4.782608695652174,4.746488551199203,12,208.0,0.312312014189961,18,402.0,0.252116054377072,30,610.0
3225.0,25,370.0,5.285714285714286,5.167355267181082,7,206.0,0.4453898522754876,18,435.0,0.1455137321163394,25,641.0
3230.0,24,352.0,5.253731343283582,5.395670935937939,6,183.0,0.5027593230416968,18,462.0,0.12858548884363577,24,645.0
3235.0,27,354.0,5.057142857142857,5.439290024994848,12,190.0,0.3120625000580289,15,421.0,0.24429944050014946,27,611.0
3240.0,25,397.0,6.015151515151516,4.861048315225458,13,211.0,0.1865513667368136,12,431.0,0.3266717491317047,25,642.0
3245.0,34,471.0,6.926470588235294,4.030312131105342,17,234.0,0.2285098161293548,17,461.0,0.2084715285374483,34,695.0
3250.0,33,520.0,7.7611940298507465,3.781277224333116,14,271.0,0.32904098015102484,19,506.0,0.239167853085331,33,777.0
3255.0,32,572.0,8.289855072463768,4.487174891157861,13,268.0,0.2922033336824343,19,540.0,0.2799480977875248,32,808.0
3260.0,32,612.0,8.869565217391305,3.958610074190778,13,293.0,0.2532135820091303,19,575.0,0.19285683472663578,32,868.0
3265.0,34,653.0,9.32857142857143,4.386055544553865,19,349.0,0.18762212383567048,15,542.0,0.2625578066927098,34,891.0
3270.0,32,410.0,6.029411764705882,3.6449273904988857,19,372.0,0.1570850930810901,13,420.0,0.2736656632236242,32,792.0
3275.0,38,454.0,6.579710144927536,4.021145741184829,21,400.0,0.20837067372241355,17,302.0,0.2678629393140878,38,702.0
3280.0,40,496.0,6.985915492957746,3.8049141817621877,19,438.0,0.29068287439110435,21,336.0,0.20670727699855612,40,774.0
3285.0,34,493.0,7.042857142857143,3.796406964841798,14,428.0,0.3099068862102971,20,377.0,0.154860687907799,34,805.0
3290.0,36,588.0,8.776119402985074,3.7789211521749366,16,439.0,0.35640988154801156,20,399.0,0.10344546268056684,36,838.0
3295.0,30,591.0,8.954545454545455,4.763126690787673,17,510.0,0.3047755114360698,13,359.0,0.15819983424198344,30,869.0
3300.0,27,594.0,9.138461538461538,4.19774112465314,16,546.0,0.17155724921056661,11,360.0,0.18375665531181837,27,906.0
3305.0,32,687.0,10.409090909090908,4.32982602386066,17,600.0,0.16491324707673422,15,398.0,0.1785187093456411,32,998.0
3310.0,32,633.0,10.209677419354838,3.989854568340811,16,549.0,0.18685456524164107,16,417.0,0.27173012626147547,32,966.0
3315.0,20,421.0,7.135593220338983,5.013476860803692,13,477.0,0.22892932678238848,7,367.0,0.33173695114847723,20,844.0
3320.0,20,378.0,6.19672131147541,4.993997156817898,11,446.0,0.12251121588610626,9,331.0,0.35602194102513784,20,777.0
3325.0,26,316.0,4.9375,5.225225533836873,16,464.0,0.09499923905823413,10,247.0,0.4144501730158194,26,711.0
3330.0,25,304.0,4.825396825396825,5.388319493664077,14,488.0,0.15831373155856848,11,244.0,0.4488282183966815,25,732.0
3335.0,24,372.0,6.098360655737705,5.717762679429248,13,481.0,0.27564187569521276,11,275.0,0.39263132791727,24,756.0
3340.0,25,449.0,7.87719298245614,4.822341067688225,12,533.0,0.2728039361480169,13,296.0,0.2286866635265056,25,829.0
3345.0,30,542.0,9.186440677966102,3.6964079465231676,16,602.0,0.18116857987971252,14,329.0,0.15610558486323498,30,931.0
3350.0,37,626.0,10.793103448275861,3.3314032896593373,17,629.0,0.22143438296587584,20,406.0,0.10983265409263518,37,1035.0
3355.0,29,628.0,10.295081967213115,3.916377529740541,12,604.0,0.2905183703986977,17,476.0,0.19400043553294785,29,1080.0
3360.0,24,634.0,10.39344262295082,4.7347228538644845,12,569.0,0.2929471574297991,12,506.0,0.3247484096000811,24,1075.0
3365.0,24,435.0,7.131147540983607,5.143430998166259,12,444.0,0.2637590511478643,12,455.0,0.35538434123996243,24,899.0
3370.0,26,388.0,6.360655737704918,5.12322157046712,14,362.0,0.26460962148850636,12,331.0,0.317364402260902,26,693.0
3375.0,24,303.0,4.967213114754099,4.562831028607603,12,388.0,0.28530917309906834,12,312.0,0.2648844156254484,24,700.0
3380.0,28,284.0,4.4375,4.384929599094441,15,405.0,0.2145279139240747,13,214.0,0.26181163093804005,28,619.0
3385.0,34,446.0,6.757575757575758,5.154639266229113,18,476.0,0.260921713546402,16,253.0,0.2875974774907624,34,729.0
3390.0,33,550.0,7.971014492753623,4.981180201179159,16,495.0,0.2896157501841144,17,291.0,0.21688433215198638,33,786.0
3395.0,32,635.0,9.338235294117647,4.709820371882627,14,503.0,0.3673864286799436,18,322.0,0.15908979374784693,32,825.0
3400.0,34,584.0,8.46376811594203,3.8927618101932278,17,489.0,0.2974619795382582,17,346.0,0.20205717437921802,34,835.0
3405.0,24,516.0,7.371428571428571,5.430724585096464,14,507.0,0.2997338561553148,10,312.0,0.3403461422849823,24,819.0
3410.0,26,388.0,5.542857142857143,5.168976290397878,18,480.0,0.18199894587167162,8,239.0,0.37861054780881204,26,719.0
3415.0,30,334.0,4.638888888888889,5.190892021800045,18,431.0,0.2102095110891595,12,220.0,0.2936215578554685,30,651.0
3420.0,32,431.0,6.1571428571428575,4.333294433267043,19,484.0,0.2652033183831651,13,251.0,0.25883043710324033,32,735.0
3425.0,29,507.0,7.140845070422535,4.748257290064086,19,540.0,0.23597434767559997,10,246.0,0.32626763392359515,29,786.0
3430.0,33,479.0,6.652777777777778,4.034657475759807,22,612.0,0.13401421795237922,11,222.0,0.30299019688303336,33,834.0
3435.0,37,584.0,7.584415584415584,4.370488389346193,25,678.0,0.08534851186742273,12,210.0,0.29646166036988725,37,888.0
3440.0,37,553.0,7.575342465753424,4.120935312869642,25,706.0,0.15472502168702837,12,225.0,0.27693443764686115,37,931.0
3445.0,28,403.0,5.373333333333333,5.446443955994493,16,639.0,0.18804710681980666,12,238.0,0.3262227757992811,28,877.0
3450.0,27,376.0,5.295774647887324,4.354127350925544,14,660.0,0.12763367003896137,13,231.0,0.2927112511002525,27,891.0
3455.0,32,360.0,5.0,4.671722004549886,18,680.0,0.12615452946686204,14,203.0,0.333280624442813,32,883.0
3460.0,37,464.0,6.823529411764706,3.4945192816474635,22,746.0,0.17538054208164328,15,253.0,0.23655361830594354,37,999.0
3465.0,39,609.0,9.08955223880597,3.5997018467901185,23,844.0,0.12067896629902436,16,285.0,0.2677125203867011,39,1129.0
3470.0,39,645.0,9.084507042253522,3.6491379235153394,23,854.0,0.09199575044239007,16,311.0,0.2587091608426591,39,1165.0
3475.0,28,566.0,7.861111111111111,4.835770822912366,13,773.0,0.21620740666539343,15,325.0,0.26279695038790746,28,1098.0
3480.0,33,611.0,8.256756756756756,4.3040806211660625,13,791.0,0.26353992817825167,20,357.0,0.16869812553345676,33,1148.0
3485.0,35,701.0,9.346666666666666,4.449920565808589,17,816.0,0.21594144342497987,18,386.0,0.24319204339106307,35,1202.0
3490.0,39,661.0,8.813333333333333,3.774830456533013,21,778.0,0.21189283385798008,18,420.0,0.2655909658431413,39,1198.0
3495.0,40,540.0,7.2,3.966457935201059,18,641.0,0.23051176351974514,22,483.0,0.26810307713714077,40,1124.0
3500.0,39,480.0,6.315789473684211,3.112325886420602,15,629.0,0.2266487707363231,24,528.0,0.19505848778349738,39,1157.0
3505.0,28,315.0,3.9375,3.912438192174412,12,539.0,0.2053430263242431,16,507.0,0.18054344223134086,28,1046.0
3510.0,31,407.0,4.963414634146342,5.446966283150335,13,507.0,0.25843065750975003,18,499.0,0.2472265755745377,31,1006.0
3515.0,29,438.0,5.688311688311688,5.824658519989754,13,504.0,0.3184515890061571,16,480.0,0.21553921787469404,29,984.0
3520.0,33,448.0,6.054054054054054,5.328750597120379,15,546.0,0.2565172731527029,18,435.0,0.16924658061084427,33,981.0
3525.0,29,437.0,6.621212121212121,4.3581224139056,12,540.0,0.2550620778918452,17,456.0,0.14687442603627177,29,996.0
3530.0,29,447.0,6.385714285714286,5.124783873690296,11,553.0,0.3261025843423689,18,450.0,0.1755369382006016,29,1003.0
3535.0,33,433.0,6.185714285714286,5.205024336263914,14,511.0,0.31144240869811424,19,477.0,0.27713629654417143,33,988.0
3540.0,30,427.0,6.279411764705882,5.248032202691403,10,390.0,0.3874854225739205,20,542.0,0.2586711287097676,30,932.0
3545.0,33,425.0,6.343283582089552,3.892273041046782,12,265.0,0.29121263300738937,21,574.0,0.20916302781567936,33,839.0
3550.0,31,419.0,6.253731343283582,4.212765405712795,15,219.0,0.23008623216942808,16,530.0,0.284092504846084,31,749.0
3555.0,32,489.0,7.523076923076923,4.537389095917367,14,243.0,0.21049886955298766,18,516.0,0.31640801446757255,32,759.0
3560.0,22,407.0,6.4603174603174605,4.862995000374953,7,215.0,0.2783358308165473,15,489.0,0.22739439015554258,22,704.0
3565.0,23,329.0,5.771929824561403,4.2766416478188845,6,148.0,0.300877452247568,17,439.0,0.09619877028729265,23,587.0
3570.0,26,349.0,6.232142857142857,4.334288455692614,7,111.0,0.33932804390472177,19,440.0,0.1012387663939636,26,551.0
3575.0,27,352.0,6.518518518518518,4.499722793313295,10,158.0,0.3075471731580409,17,430.0,0.19884288035978517,27,588.0
3580.0,27,338.0,5.9298245614035086,4.032705305263025,11,173.0,0.3145256291105398,16,458.0,0.19631607066087733,27,631.0
3585.0,30,448.0,7.859649122807017,4.808885590327805,11,185.0,0.38228790916105077,19,503.0,0.20346848525924213,30,688.0
3590.0,28,417.0,6.95,4.401705537631118,12,184.0,0.3641114639375494,16,533.0,0.18970249486479102,28,717.0
3595.0,16,299.0,5.155172413793103,5.199769002677175,6,149.0,0.2794752634397976,10,482.0,0.2553597557222184,16,631.0
3600.0,17,323.0,5.981481481481482,5.8537329173656945,10,139.0,0.23364134351043733,7,371.0,0.3554801334902252,17,510.0
3605.0,21,350.0,6.140350877192983,5.7450281729240915,11,183.0,0.25036523512438813,10,292.0,0.24156382957100198,21,475.0
3610.0,28,478.0,8.690909090909091,5.1102192722601485,13,239.0,0.3416953586919088,15,326.0,0.19653255441818504,28,565.0
3615.0,22,502.0,9.127272727272727,4.941581301908555,9,251.0,0.39105464042501714,13,366.0,0.21718204589216694,22,617.0
3620.0,23,601.0,10.927272727272728,5.758389777432703,11,287.0,0.38899032782899867,12,402.0,0.33920876761406077,23,689.0
3625.0,22,632.0,11.703703703703704,5.406055988988369,13,349.0,0.37871893215801866,9,387.0,0.3546370160624106,22,736.0
3630.0,22,585.0,10.833333333333334,5.708512535439927,13,351.0,0.29534378008740736,9,337.0,0.429554617456702,22,688.0
3635.0,28,706.0,13.843137254901961,4.035598948254592,15,399.0,0.12421864544422537,13,393.0,0.31162378128644747,28,792.0
3640.0,32,570.0,10.555555555555555,3.3644580891201974,16,341.0,0.08325512157650837,16,466.0,0.24761727043331647,32,807.0
3645.0,25,428.0,7.925925925925926,4.837596090075912,11,228.0,0.2555326864494519,14,448.0,0.32327190427399466,25,676.0
3650.0,26,341.0,5.982456140350878,4.5754959310122,10,239.0,0.2871911465581734,16,331.0,0.2715175733475213,26,570.0
3655.0,21,262.0,4.440677966101695,5.283969436035974,6,202.0,0.3889060528524564,15,344.0,0.24376815732654708,21,546.0
3660.0,19,224.0,3.9298245614035086,5.607476915592663,7,187.0,0.3993729165614441,12,303.0,0.22541944385107587,19,490.0
3665.0,25,228.0,3.737704918032787,4.486126078910409,13,239.0,0.25909398285124385,12,292.0,0.155435531529597,25,531.0
3670.0,22,236.0,3.8688524590163933,4.695143160234947,14,269.0,0.2600107015187634,8,247.0,0.23261411931327872,22,516.0
3675.0,20,295.0,5.175438596491228,5.729666334707936,10,302.0,0.33345028826772133,10,249.0,0.326453194512833,20,551.0
3680.0,17,266.0,4.836363636363636,6.1552855464705285,10,277.0,0.32873438148063283,7,174.0,0.43641711454230464,17,451.0
3685.0,23,341.0,6.2,5.588623451172458,15,319.0,0.2596074946721,8,190.0,0.3537411575954571,23,509.0
3690.0,24,264.0,4.8,5.174768680422377,15,261.0,0.29382854073833675,9,157.0,0.31021924678107726,24,418.0
3695.0,26,332.0,6.036363636363636,5.379888039243957,15,213.0,0.27261210299529126,11,208.0,0.3445725227319364,26,421.0
3700.0,24,265.0,4.732142857142857,3.9895570595237424,16,237.0,0.11138491600785651,8,161.0,0.34562772433478156,24,398.0
3705.0,30,390.0,6.5,5.087802617153713,19,303.0,0.1978324511282907,11,128.0,0.3531954419734772,30,431.0
3710.0,27,327.0,5.45,4.805221714787047,17,331.0,0.3059376170200026,10,114.0,0.30405767744487605,27,445.0
3715.0,16,211.0,3.459016393442623,6.493512423219977,9,283.0,0.3447091844326434,7,88.0,0.40652683827318425,16,371.0
3720.0,12,119.0,2.125,5.9066265321420515,6,241.0,0.27808034374476803,6,97.0,0.38297043704796274,12,338.0
3725.0,23,195.0,3.4210526315789473,5.031587853994741,14,240.0,0.19338912214148746,9,111.0,0.27194533824505185,23,351.0
3730.0,27,196.0,3.5636363636363635,4.407698258933192,15,260.0,0.24488838339394203,12,149.0,0.2039158683571384,27,409.0
3735.0,26,299.0,5.537037037037037,5.028950953765525,15,282.0,0.2814663141490847,11,188.0,0.31372758361508,26,470.0
3740.0,24,289.0,5.254545454545455,4.4926661328937305,13,277.0,0.26415643447545506,11,195.0,0.34844364970165465,24,472.0
3745.0,14,188.0,3.2413793103448274,5.694480303455633,9,202.0,0.23867183428667485,5,146.0,0.39509010140104,14,348.0
3750.0,17,251.0,4.4035087719298245,6.910446969562351,10,175.0,0.3328308399839712,7,139.0,0.4139453112986949,17,314.0
3755.0,14,158.0,2.5483870967741935,6.36579506432655,9,178.0,0.2769417880524183,5,120.0,0.2550045127788022,14,298.0
3760.0,21,187.0,3.169491525423729,6.284953063117971,9,177.0,0.3426741454029705,12,118.0,0.2928081093286642,21,295.0
3765.0,20,258.0,4.6909090909090905,6.396966456486938,10,196.0,0.3551552459763548,10,148.0,0.3845730492091788,20,344.0
3770.0,19,325.0,6.132075471698113,5.59584508030205,11,240.0,0.2623439757880992,8,144.0,0.3920774672576505,19,384.0
3775.0,23,266.0,4.925925925925926,4.715961056686153,14,248.0,0.10549931962580768,9,126.0,0.40375623306488634,23,374.0
3780.0,24,360.0,6.315789473684211,5.291246548838614,15,300.0,0.2620516608170966,9,134.0,0.36107633684584656,24,434.0
3785.0,23,275.0,4.824561403508772,4.8426702015191125,12,293.0,0.3499414631522634,11,119.0,0.3050922080209663,23,412.0
3790.0,18,247.0,4.410714285714286,6.012041488570292,7,213.0,0.48070979776068423,11,139.0,0.2656864674635501,18,352.0
3795.0,21,284.0,4.896551724137931,4.912717416996463,9,212.0,0.3374463717749485,12,159.0,0.17281969328631644,21,371.0
3800.0,20,318.0,5.389830508474576,6.234612780753468,12,259.0,0.30630460758171457,8,151.0,0.30407092031555816,20,410.0
3805.0,21,402.0,7.882352941176471,5.81390244348211,13,316.0,0.2919973845699836,8,152.0,0.3263801315097663,21,468.0
3810.0,22,432.0,8.64,5.042406339650134,9,330.0,0.281985768583042,13,184.0,0.27163384272575813,22,514.0
3815.0,23,517.0,10.34,4.631804562534052,13,358.0,0.2868884985487994,10,218.0,0.24653800631789366,23,576.0
3820.0,23,407.0,7.980392156862745,5.467907634683079,9,261.0,0.34403853092293146,14,235.0,0.291590535212477,23,496.0
3825.0,17,368.0,7.076923076923077,6.578081530759729,8,182.0,0.27943561833767133,9,232.0,0.42965498747518155,17,414.0
3830.0,20,319.0,6.018867924528302,5.886855043150065,9,152.0,0.25291240564893575,11,262.0,0.43127906649587766,20,414.0
3835.0,15,185.0,3.5576923076923075,6.394406633574203,6,88.0,0.4573905671341569,9,221.0,0.38505921314803915,15,309.0
3840.0,15,159.0,3.0576923076923075,6.429589913148036,5,74.0,0.5293897580590224,10,146.0,0.3360346146958132,15,220.0
3845.0,18,155.0,2.9245283018867925,5.550744281614032,5,60.0,0.43300994814969707,13,162.0,0.24973735294135796,18,222.0
3850.0,23,204.0,3.709090909090909,5.080993851838563,8,92.0,0.30350245217239485,15,184.0,0.23654942214052324,23,276.0
3855.0,26,248.0,4.509090909090909,4.09865681735357,12,141.0,0.2930476024477225,14,212.0,0.20366909055776114,26,353.0
3860.0,25,285.0,5.480769230769231,4.2680854945560975,14,204.0,0.22786718145396007,11,190.0,0.2764734587208427,25,394.0
3865.0,24,336.0,6.461538461538462,4.0436724589008515,16,277.0,0.18358259708808583,8,159.0,0.28639710090586495,24,436.0
3870.0,28,362.0,6.464285714285714,4.197374328490506,15,309.0,0.2054873474814165,13,170.0,0.26023512374529234,28,479.0
3875.0,22,354.0,6.2105263157894735,5.461580882052501,9,293.0,0.3592901518199649,13,194.0,0.24662357925778194,22,487.0
3880.0,20,237.0,4.086206896551724,4.782253383920045,8,250.0,0.2931774771577244,12,225.0,0.23938307815738064,20,475.0
3885.0,22,266.0,4.508474576271187,4.919968806512957,9,174.0,0.35267081393346333,13,268.0,0.19812762848684964,22,442.0
3890.0,27,340.0,5.573770491803279,5.061103374211028,10,184.0,0.35233499287917325,17,320.0,0.28250750164243893,27,504.0
3895.0,25,411.0,6.85,4.440512759650472,8,160.0,0.35134947158282775,17,371.0,0.24056769979577305,25,531.0
3900.0,26,448.0,7.344262295081967,4.417457763797775,11,182.0,0.3375172057284572,15,392.0,0.20951859356464841,26,574.0
3905.0,30,419.0,6.546875,4.4750997773564425,15,220.0,0.2724691141125679,15,374.0,0.24508054639318444,30,594.0
3910.0,31,509.0,7.953125,4.257164726068732,13,268.0,0.2849005249202829,18,387.0,0.2181287149244059,31,655.0
3915.0,30,471.0,7.246153846153846,4.130235337215896,13,278.0,0.3653489344380908,17,379.0,0.11649064429137576,30,657.0
3920.0,24,436.0,6.707692307692308,5.117674231626789,11,324.0,0.3392338033062479,13,310.0,0.1859372089876872,24,634.0
3925.0,25,475.0,6.985294117647059,5.175039234679768,15,375.0,0.2550914072065316,10,324.0,0.26207285984128653,25,699.0
3930.0,35,497.0,7.53030303030303,4.179568275884385,17,376.0,0.2236294704974789,18,344.0,0.21011278389191812,35,720.0
3935.0,36,562.0,8.515151515151516,4.28137676689201,19,388.0,0.2268850384414052,17,377.0,0.29923507068915495,36,765.0
3940.0,34,545.0,7.898550724637682,4.694557994423902,17,314.0,0.23584727622720333,17,449.0,0.3631820367901203,34,763.0
3945.0,38,605.0,8.52112676056338,4.0741548040105195,19,325.0,0.1854172144647015,19,467.0,0.31280816037042153,38,792.0
3950.0,32,536.0,6.961038961038961,4.27780686530195,19,357.0,0.16713233413696382,13,417.0,0.3129520474336853,32,774.0
3955.0,25,456.0,5.62962962962963,5.285274961087254,12,311.0,0.27811491707096564,13,402.0,0.2550244965651962,25,713.0
3960.0,24,557.0,7.141025641025641,6.259007598086508,10,242.0,0.37927688961501604,14,432.0,0.28385804497195305,24,674.0
3965.0,22,485.0,6.217948717948718,5.6506089187918045,8,214.0,0.3684404612873152,14,462.0,0.15599726819970053,22,676.0
3970.0,31,518.0,6.906666666666666,5.294640028701248,11,164.0,0.30221830712655706,20,496.0,0.16134925982327142,31,660.0
3975.0,34,621.0,8.506849315068493,4.6438878383607936,15,195.0,0.2861909089236326,19,572.0,0.22096157128507474,34,767.0
3980.0,25,682.0,9.216216216216216,6.084424688512934,10,204.0,0.3810171771309309,15,609.0,0.2980203376981404,25,813.0
3985.0,26,653.0,9.069444444444445,6.409789462364305,13,249.0,0.3078571889698173,13,576.0,0.3582161665058834,26,825.0
3990.0,30,452.0,6.108108108108108,5.739751170756532,14,315.0,0.3117552983602274,16,475.0,0.20807680899224226,30,790.0
3995.0,26,433.0,6.462686567164179,5.1197914711052235,13,326.0,0.34045215351635344,13,518.0,0.20386333748233826,26,844.0
4000.0,29,515.0,7.803030303030303,4.830414705803044,11,349.0,0.36095099636097394,18,581.0,0.15585899659708896,29,930.0
4005.0,26,388.0,6.466666666666667,4.822343059061109,9,299.0,0.36128061344118145,17,587.0,0.25360102241524846,26,886.0
4010.0,32,512.0,8.677966101694915,4.739106283338226,14,271.0,0.286445897574832,18,647.0,0.24517199941957482,32,918.0
4015.0,31,445.0,7.295081967213115,3.682239201401322,12,222.0,0.2754406406051182,19,640.0,0.16256529232759126,31,862.0
4020.0,29,490.0,8.032786885245901,5.214734077218173,10,179.0,0.44099424527934894,19,555.0,0.22274879939828515,29,734.0
4025.0,23,382.0,6.161290322580645,4.43574472356477,8,184.0,0.35140059759313486,15,556.0,0.263099126639993,23,740.0
4030.0,15,212.0,3.3125,4.705939690841207,6,166.0,0.36456542746683895,9,458.0,0.15519498151754854,15,624.0
4035.0,20,298.0,4.584615384615384,5.86556912942372,9,194.0,0.3544411807466371,11,394.0,0.2224088124093182,20,588.0
4040.0,24,375.0,5.597014925373134,6.135309158129914,13,241.0,0.27100618686734496,11,366.0,0.2421203040148577,24,607.0
4045.0,25,332.0,5.107692307692307,5.232942437684408,13,214.0,0.24480704996696825,12,287.0,0.17903521758876903,25,501.0
4050.0,24,326.0,5.09375,5.24529841614644,11,185.0,0.3823213735978752,13,312.0,0.16000258721277003,24,497.0
4055.0,19,305.0,5.169491525423729,6.073514368255456,7,170.0,0.440230765344366,12,315.0,0.3074435757432763,19,485.0
4060.0,19,304.0,4.983606557377049,5.79366248273634,10,153.0,0.3391640805615185,9,321.0,0.3503773991261314,19,474.0
4065.0,25,379.0,6.015873015873016,5.162785575416281,14,200.0,0.199874828450707,11,361.0,0.34959667033553354,25,561.0
4070.0,29,342.0,5.34375,5.08956762898382,18,263.0,0.22841100553220806,11,292.0,0.36372541305299366,29,555.0
4075.0,29,386.0,6.126984126984127,4.946477522081724,17,305.0,0.2441010230677654,12,254.0,0.34582483023229676,29,559.0
4080.0,29,393.0,6.238095238095238,4.413124100435333,17,336.0,0.2387473622330186,12,276.0,0.3133383285679307,29,612.0
4085.0,26,416.0,6.5,4.303163329755652,15,371.0,0.1820573347876018,11,267.0,0.3146975399297363,26,638.0
4090.0,28,506.0,8.031746031746032,4.5158638904057335,18,408.0,0.1237670668386879,10,286.0,0.3699376010794286,28,694.0
4095.0,36,506.0,7.666666666666667,4.210320850370667,21,428.0,0.13913368976988044,15,348.0,0.29310132309543424,36,776.0
4100.0,31,432.0,6.260869565217392,4.377101468232804,16,364.0,0.2595365487255005,15,387.0,0.16916867589145912,31,751.0
4105.0,29,528.0,7.542857142857143,4.7482455297700215,13,384.0,0.31177063154398743,16,421.0,0.15242179335880962,29,805.0
4110.0,31,534.0,7.216216216216216,5.24740469134588,14,417.0,0.35307908946164596,17,462.0,0.24014517972228228,31,879.0
4115.0,21,512.0,7.211267605633803,5.652592708176208,14,427.0,0.2715886097032569,7,443.0,0.39762810951844985,21,870.0
4120.0,22,395.0,5.8088235294117645,4.668939113928855,15,407.0,0.1664464101697009,7,302.0,0.28728434638915007,22,709.0
4125.0,31,410.0,6.119402985074627,4.884359497947841,19,475.0,0.20621583138542482,12,196.0,0.21490855981636584,31,671.0
4130.0,30,501.0,7.367647058823529,4.72183350596539,19,520.0,0.15717347760251812,11,211.0,0.2525813151933406,30,731.0
4135.0,24,531.0,8.045454545454545,5.368590397659621,16,519.0,0.26437494590663985,8,184.0,0.32726203650583785,24,703.0
4140.0,27,466.0,6.955223880597015,5.141700799673602,17,531.0,0.2513846613756705,10,185.0,0.336022096064643,27,716.0
4145.0,30,421.0,6.1911764705882355,5.092212473929178,17,489.0,0.26233530536815347,13,232.0,0.32622919556533303,30,721.0
4150.0,29,359.0,5.4393939393939394,4.1469867620514576,17,473.0,0.24363451404448117,12,224.0,0.2531128858885841,29,697.0
4155.0,34,419.0,6.161764705882353,4.213566193055691,21,460.0,0.24686215966939368,13,244.0,0.21767141411215388,34,704.0
4160.0,35,450.0,6.617647058823529,3.955150513027778,23,522.0,0.17648223882623132,12,256.0,0.2824412284815403,35,778.0
4165.0,30,449.0,7.015625,4.410643764290133,18,526.0,0.15082107515012605,12,271.0,0.27045121737891614,30,797.0
4170.0,26,567.0,9.0,4.54068205104894,17,562.0,0.16418528919871028,9,290.0,0.20385248726729133,26,852.0
4175.0,30,584.0,9.125,4.514451239080838,15,551.0,0.2153001522804692,15,319.0,0.1059672123694672,30,870.0
4180.0,28,499.0,8.316666666666666,4.44356532279201,15,477.0,0.2618761309750097,13,345.0,0.1990269664971132,28,822.0
4185.0,27,555.0,9.40677966101695,4.799079508152496,15,475.0,0.26903213438840057,12,357.0,0.27462041824921324,27,832.0
4190.0,28,305.0,4.841269841269841,4.783096630976345,19,434.0,0.3016322360827408,9,267.0,0.2526568574590571,28,701.0
4195.0,25,306.0,4.567164179104478,4.5660343610986915,15,466.0,0.26271649398680863,10,180.0,0.31211843191129196,25,646.0
4200.0,22,218.0,3.2058823529411766,4.88148602691459,14,464.0,0.24564073089870328,8,161.0,0.37678042391305056,22,625.0
4205.0,17,211.0,3.1492537313432836,5.975633524389227,14,470.0,0.22651247724363865,3,59.0,0.4704143920859732,17,529.0
4210.0,22,274.0,4.2153846153846155,6.299542779292964,19,472.0,0.21803379929439284,3,49.0,0.480100686072486,22,521.0
4215.0,28,340.0,5.151515151515151,5.06036472941133,21,476.0,0.11814677259298735,7,69.0,0.2844939021554052,28,545.0
4220.0,28,404.0,6.516129032258065,5.0079042629017545,22,554.0,0.1902720143314147,6,76.0,0.3455515863598228,28,630.0
4225.0,19,438.0,7.963636363636364,5.283950237354409,15,600.0,0.3039680100209104,4,72.0,0.3532420787318049,19,672.0
4230.0,24,513.0,8.694915254237289,4.679365746819621,20,648.0,0.22104628782433897,4,75.0,0.45525942297066324,24,723.0
4235.0,27,616.0,9.935483870967742,5.118351012272863,22,705.0,0.19339812536369388,5,98.0,0.5419813178341748,27,803.0
4240.0,30,579.0,8.907692307692308,4.836795763338224,26,691.0,0.13209068904644308,4,118.0,0.5899407800450004,30,809.0
4245.0,28,401.0,6.075757575757576,5.422443111039374,23,596.0,0.184360229553863,5,88.0,0.555496396612187,28,684.0
4250.0,24,327.0,4.880597014925373,5.363370966540096,19,573.0,0.22527598339549762,5,76.0,0.46445217047553183,24,649.0
4255.0,33,416.0,5.777777777777778,4.9356374937931236,25,604.0,0.17678261222767297,8,93.0,0.45738050851811385,33,697.0
4260.0,39,593.0,8.013513513513514,4.542303199914068,28,737.0,0.1899390332406631,11,127.0,0.472553774754823,39,864.0
4265.0,38,609.0,7.708860759493671,4.05783938763884,29,792.0,0.19727628822702473,9,151.0,0.3956493577253589,38,943.0
4270.0,32,474.0,5.925,4.548695839584248,21,748.0,0.24842010667416234,11,159.0,0.2488116794631665,32,907.0
4275.0,26,411.0,5.012195121951219,4.384559696535811,16,756.0,0.20541617172852097,10,184.0,0.20512118982011907,26,940.0
4280.0,41,453.0,5.329411764705882,4.210760182153816,23,769.0,0.20628664145508882,18,238.0,0.14943212424278018,41,1007.0
4285.0,42,634.0,7.5476190476190474,4.420473123530671,28,845.0,0.2159841525429964,14,288.0,0.28411757714333064,42,1133.0
4290.0,45,779.0,9.5,3.8203089002187585,32,905.0,0.04661217464938991,13,303.0,0.4209700971303079,45,1208.0
4295.0,40,718.0,9.205128205128204,3.8923209625728523,29,888.0,0.03405542596265844,11,240.0,0.38853247832349086,40,1128.0
4300.0,35,761.0,9.756410256410257,4.285056313693127,22,932.0,0.13341204703956594,13,238.0,0.22194100640245876,35,1170.0
4305.0,35,699.0,9.077922077922079,3.895513392713372,20,884.0,0.2005079045140416,15,249.0,0.13934717459597612,35,1133.0
4310.0,37,556.0,7.722222222222222,3.950329919625416,21,796.0,0.18170219524566728,16,236.0,0.20484441393168065,37,1032.0
4315.0,35,545.0,7.569444444444445,3.403442401430342,18,851.0,0.17675899967220943,17,283.0,0.1843915149394157,35,1134.0
4320.0,33,609.0,8.013157894736842,3.935367447009729,15,858.0,0.20661169889655487,18,320.0,0.19753876799391729,33,1178.0
4325.0,32,656.0,8.986301369863014,4.596128140354211,17,885.0,0.26478951338225004,15,341.0,0.2087414968057063,32,1226.0
4330.0,26,446.0,6.109589041095891,4.950607689008689,17,862.0,0.2186619127629531,9,292.0,0.2556345213856948,26,1154.0
4335.0,30,484.0,6.722222222222222,5.0527821888838655,20,800.0,0.07955867615996419,10,243.0,0.3480484029711665,30,1043.0
4340.0,34,426.0,5.835616438356165,4.7048799252042866,23,819.0,0.06605959754783018,11,222.0,0.33300649228296,34,1041.0
4345.0,35,540.0,7.714285714285714,5.27622209305491,22,801.0,0.2205834213560761,13,262.0,0.38099768708679266,35,1063.0
4350.0,29,506.0,7.552238805970149,4.416568178612817,17,854.0,0.2672351060871689,12,232.0,0.29358491131941167,29,1086.0
4355.0,29,521.0,7.661764705882353,4.751180771574332,14,860.0,0.32544354282462273,15,219.0,0.19934601008701147,29,1079.0
4360.0,32,511.0,7.405797101449275,4.366359493100223,15,822.0,0.3354728652396675,17,251.0,0.12786731850303742,32,1073.0
4365.0,28,379.0,5.263888888888889,4.987470851688495,18,803.0,0.2598254978003288,10,242.0,0.25694357887260777,28,1045.0
4370.0,27,246.0,3.727272727272727,4.232693666793221,19,802.0,0.13834655202691337,8,191.0,0.36131250967120304,27,993.0
4375.0,33,335.0,5.075757575757576,4.458449641478924,23,864.0,0.0973981533924273,10,152.0,0.359911158424867,33,1016.0
4380.0,34,356.0,5.650793650793651,3.939771797367104,24,944.0,0.10574923142489008,10,153.0,0.3188926386961139,34,1097.0
4385.0,32,483.0,7.666666666666667,4.6301786767917,22,1008.0,0.13343188124915026,10,168.0,0.33265648192814806,32,1176.0
4390.0,29,472.0,7.375,4.729802733247479,21,1031.0,0.14532600147972408,8,173.0,0.4083632319993956,29,1204.0
4395.0,18,342.0,5.60655737704918,5.570771827059649,12,961.0,0.1383695512764209,6,152.0,0.48413946807839653,18,1113.0
4400.0,17,267.0,4.45,5.336494183669766,10,857.0,0.15038123792529157,7,124.0,0.38380097848903816,17,981.0
4405.0,22,215.0,3.5245901639344264,5.0308027932368615,10,678.0,0.15606034069634092,12,130.0,0.3349958937122619,22,808.0
4410.0,25,273.0,4.7894736842105265,4.778647653857211,13,520.0,0.2814339404655292,12,184.0,0.313515141637963,25,704.0
4415.0,24,311.0,5.362068965517241,4.1435119848661355,12,518.0,0.2625737233360461,12,217.0,0.2821382516320683,24,735.0
4420.0,20,301.0,4.934426229508197,5.215130498304841,9,442.0,0.23422117221057012,11,226.0,0.3547383512877449,20,668.0
4425.0,19,250.0,3.9682539682539684,5.7700304608085675,8,420.0,0.31091565435628715,11,175.0,0.28297366135986357,19,595.0
4430.0,22,313.0,4.968253968253968,6.9365957009410755,10,438.0,0.30009733083411033,12,139.0,0.375129575218677,22,577.0
4435.0,20,242.0,4.321428571428571,6.153046338010691,9,418.0,0.2671624207848182,11,139.0,0.29668645025240287,20,557.0
4440.0,23,338.0,6.5,5.959415440266738,9,435.0,0.3502543873146991,14,159.0,0.22503409919734987,23,594.0
4445.0,20,299.0,6.1020408163265305,5.020099124576491,7,327.0,0.3326214196772824,13,189.0,0.20636559764070295,20,516.0
4450.0,16,237.0,4.9375,6.368747115660113,5,177.0,0.4201679156111382,11,175.0,0.3457162315272908,16,352.0
4455.0,16,235.0,4.795918367346939,5.519886614671016,6,148.0,0.3901261906035669,10,176.0,0.3127974171478594,16,324.0
4460.0,17,149.0,2.8653846153846154,5.908477440757557,7,93.0,0.37258797590962695,10,172.0,0.3702258359081281,17,265.0
4465.0,23,250.0,4.8076923076923075,5.453857995273129,9,97.0,0.4068164468127457,14,225.0,0.3449602976712384,23,322.0
4470.0,19,263.0,4.781818181818182,5.1149191180458295,4,100.0,0.441941769201518,15,252.0,0.28038136103704564,19,352.0
4475.0,18,287.0,5.218181818181818,6.0590625507804505,6,95.0,0.40326323890725657,12,247.0,0.31414793685455644,18,342.0
4480.0,22,289.0,5.160714285714286,5.46277531334683,8,125.0,0.32001177513504975,14,259.0,0.21372744096162768,22,384.0
4485.0,22,250.0,4.385964912280702,6.044293995796789,6,94.0,0.44346078147129225,16,255.0,0.20554660222591387,22,349.0
4490.0,17,226.0,4.185185185185185,6.06409603063632,5,119.0,0.4987898316791163,12,252.0,0.2212986217605296,17,371.0
4495.0,17,216.0,4.235294117647059,5.705690868722951,4,95.0,0.5097370340254623,13,230.0,0.19726428086015674,17,325.0
4500.0,21,237.0,4.647058823529412,5.523888651410574,7,78.0,0.48118243713988057,14,268.0,0.2656411729362891,21,346.0
4505.0,23,272.0,5.230769230769231,5.43017730595613,7,54.0,0.41897155448690687,16,322.0,0.2982548812752369,23,376.0
4510.0,22,255.0,5.0,4.941699891243375,8,67.0,0.30370170792824186,14,317.0,0.2897911210926615,22,384.0
4515.0,19,221.0,4.169811320754717,4.632090992716115,9,90.0,0.20165207105761246,10,248.0,0.26126042062331595,19,338.0
4520.0,15,268.0,5.056603773584905,6.021377990141053,4,82.0,0.26269237191072775,11,266.0,0.3259372103316041,15,348.0
4525.0,17,253.0,4.773584905660377,7.02356422317898,5,86.0,0.408103067051802,12,248.0,0.23106249494577621,17,334.0
4530.0,15,174.0,3.2830188679245285,6.354364527417758,6,81.0,0.28852487588006576,9,250.0,0.24469186462733744,15,331.0
4535.0,17,232.0,4.73469387755102,6.378876137473161,7,115.0,0.32586126373737023,10,288.0,0.2641307883382756,17,403.0
4540.0,21,313.0,7.4523809523809526,5.8430024690755955,9,150.0,0.3768504397123766,12,327.0,0.31427561370229223,21,477.0
4545.0,16,321.0,8.025,4.656923479358381,4,137.0,0.5026177152747099,12,329.0,0.21029211724393457,16,466.0
4550.0,20,379.0,9.475,4.730182041770924,7,153.0,0.44320818032902237,13,294.0,0.190449364123484,20,447.0
4555.0,16,394.0,9.162790697674419,5.200121533539393,5,155.0,0.47586026631761175,11,335.0,0.19812977498402504,16,490.0
4560.0,16,462.0,10.744186046511627,5.8027778951700295,4,147.0,0.561192260446966,12,376.0,0.08645757530054142,16,523.0
4565.0,17,274.0,6.372093023255814,5.381313935076423,5,48.0,0.47406338417136107,12,337.0,0.09948773538584942,17,385.0
4570.0,17,324.0,7.534883720930233,6.339078333786382,8,89.0,0.49783676918193104,9,317.0,0.2709476363541982,17,406.0
4575.0,14,165.0,3.9285714285714284,5.408179550297625,8,78.0,0.2817085246891583,6,258.0,0.35689922991062695,14,336.0
4580.0,17,185.0,4.512195121951219,5.910735289294228,10,108.0,0.08773892379488098,7,156.0,0.4778209343383491,17,264.0
4585.0,16,193.0,4.488372093023256,5.321058716118705,9,120.0,0.10759304025470828,7,174.0,0.3528489806172622,16,294.0
4590.0,13,147.0,3.2666666666666666,6.288237939303676,4,80.0,0.39404519601665283,9,138.0,0.2793113360929537,13,218.0
4595.0,13,162.0,3.951219512195122,7.2145352759709285,5,95.0,0.5173410145319185,8,104.0,0.3862087597603614,13,199.0
4600.0,12,178.0,4.341463414634147,6.373369958318234,5,120.0,0.5636706747606446,7,102.0,0.292300884579839,12,222.0
4605.0,16,238.0,5.95,6.267493936659015,6,148.0,0.5117375823279494,10,120.0,0.30392838720869036,16,268.0
4610.0,18,276.0,6.7317073170731705,4.781774884136819,10,190.0,0.3168878690367968,8,125.0,0.31649015210046416,18,315.0
4615.0,21,358.0,8.136363636363637,4.957612690708245,13,251.0,0.30793646570586436,8,147.0,0.32538492200124897,21,398.0
4620.0,22,309.0,6.574468085106383,4.4317008378357095,12,246.0,0.2733948202778628,10,146.0,0.2983483236697917,22,392.0
4625.0,23,413.0,8.098039215686274,5.277823510429394,14,278.0,0.23498870305481656,9,169.0,0.4461811477949078,23,447.0
4630.0,20,296.0,5.584905660377358,4.879940944604807,13,286.0,0.2265509113708001,7,132.0,0.40962959579558905,20,418.0
4635.0,14,253.0,5.06,5.917078441578975,8,250.0,0.29016503971536856,6,96.0,0.36931066313130195,14,346.0
4640.0,9,70.0,1.4893617021276595,5.08024988079544,4,156.0,0.267742066719703,5,74.0,0.21330597432310142,9,230.0
4645.0,21,135.0,2.7551020408163267,5.344737582310439,11,147.0,0.27781580392077426,10,89.0,0.16992542428143403,21,236.0
4650.0,19,181.0,3.851063829787234,4.942881583331511,13,171.0,0.3528543926974079,6,115.0,0.30666566720511934,19,286.0
4655.0,11,184.0,3.9148936170212765,6.9393080681819255,6,141.0,0.4056349043657504,5,114.0,0.45133091230692896,11,255.0
4660.0,12,113.0,2.26,6.199276818418589,9,120.0,0.30771198720370846,3,89.0,0.43084730241572267,12,209.0
4665.0,15,146.0,2.8627450980392157,5.93717610879363,10,137.0,0.3217633821493685,5,91.0,0.28470342558351613,15,228.0
4670.0,17,187.0,3.978723404255319,5.3624850712631025,13,153.0,0.3327944605565826,4,104.0,0.44340033370027354,17,257.0
4675.0,15,195.0,3.75,5.51622530947043,9,138.0,0.27544762138500184,6,129.0,0.38275845677744447,15,267.0
4680.0,17,173.0,3.1454545454545455,6.062304232949198,14,156.0,0.2805848334621887,3,101.0,0.4410462635965947,17,257.0
4685.0,20,197.0,3.396551724137931,6.216731040303973,14,187.0,0.30492377651790015,6,79.0,0.39229581892545995,20,266.0
4690.0,21,234.0,4.105263157894737,5.774070559350686,14,219.0,0.3334600905838017,7,104.0,0.41950877314580315,21,323.0
4695.0,22,255.0,4.636363636363637,4.880740653208552,14,212.0,0.2791139729583089,8,143.0,0.36633211170746793,22,355.0
4700.0,28,334.0,5.964285714285714,4.316581762441937,18,279.0,0.1852950612074205,10,158.0,0.37672119514108277,28,437.0
4705.0,30,404.0,6.2153846153846155,4.319583333471969,19,341.0,0.19653052186146794,11,184.0,0.3358662540415532,30,525.0
4710.0,28,396.0,6.092307692307692,5.337785823416275,17,354.0,0.29013542080873356,11,178.0,0.35858975094164053,28,532.0
4715.0,26,420.0,6.176470588235294,5.875834287515257,15,384.0,0.33775173707258305,11,180.0,0.3359543335532979,26,564.0
4720.0,27,465.0,6.739130434782608,5.365251859710323,15,388.0,0.3263923045708791,12,231.0,0.271327182288656,27,619.0
4725.0,27,421.0,6.101449275362318,5.133808743112944,12,345.0,0.31305193562036926,15,300.0,0.278833711919789,27,645.0
4730.0,30,388.0,5.878787878787879,4.490861916269426,12,275.0,0.24217205042709988,18,388.0,0.26989270101176893,30,663.0
4735.0,30,407.0,5.985294117647059,3.9337448803126507,15,303.0,0.25069496158050497,15,422.0,0.20481880771701924,30,725.0
4740.0,28,443.0,6.712121212121212,4.2049663515373075,16,339.0,0.17323035949909318,12,398.0,0.2960539165944792,28,737.0
4745.0,27,356.0,5.393939393939394,4.211591884947213,16,369.0,0.19612823020918935,11,320.0,0.2870905243370295,27,689.0
4750.0,28,365.0,5.367647058823529,4.2715452826530065,14,384.0,0.22483954662584413,14,300.0,0.16457288617318444,28,684.0
4755.0,30,393.0,6.338709677419355,3.9359849831917337,13,367.0,0.2742564287039274,17,337.0,0.15006364655742935,30,704.0
4760.0,28,472.0,7.492063492063492,4.887009872416715,15,394.0,0.11578258478227121,13,373.0,0.3293191453960141,28,767.0
4765.0,26,455.0,6.893939393939394,4.978452337748397,16,447.0,0.12598742764369245,10,320.0,0.3516149404518819,26,767.0
4770.0,26,415.0,6.484375,5.630016324948656,13,473.0,0.2555048645966822,13,268.0,0.3545970565838587,26,741.0
4775.0,25,353.0,5.883333333333334,4.415310989849913,12,449.0,0.29919035511633557,13,268.0,0.26774870086141617,25,717.0
4780.0,27,310.0,5.081967213114754,4.298187818791028,11,365.0,0.30964306047926454,16,280.0,0.2115577489551034,27,645.0
4785.0,29,306.0,4.857142857142857,3.2096883892780093,12,381.0,0.27340795342607904,17,316.0,0.15234150280981046,29,697.0
4790.0,23,291.0,4.619047619047619,4.937098422357267,10,350.0,0.26695040671772857,13,324.0,0.2725514551051949,23,674.0
4795.0,24,332.0,5.26984126984127,5.501565624417739,12,361.0,0.24024480904986606,12,325.0,0.2563791167678713,24,686.0
4800.0,26,373.0,6.016129032258065,4.988867839179937,10,346.0,0.25776575209540725,16,304.0,0.1411368291391695,26,650.0
4805.0,30,402.0,6.7,4.684674268715264,12,290.0,0.26728121227076646,18,352.0,0.1605413226082944,30,642.0
4810.0,32,484.0,8.344827586206897,4.329792446027861,14,308.0,0.23654038068727204,18,397.0,0.2530359861051506,32,705.0
4815.0,32,449.0,7.610169491525424,3.9067181735324974,14,271.0,0.21938272457814756,18,396.0,0.24409339795661206,32,667.0
4820.0,26,402.0,6.483870967741935,4.389202541951325,13,303.0,0.20935652078648367,13,384.0,0.324112728129508,26,687.0
4825.0,25,330.0,5.238095238095238,4.492477648367325,11,285.0,0.31829077105832115,14,376.0,0.23476113940294488,25,661.0
4830.0,18,269.0,4.409836065573771,5.737648282613729,9,293.0,0.4861038546627236,9,296.0,0.15673120512220873,18,589.0
4835.0,22,275.0,4.583333333333333,6.1481877407319185,8,246.0,0.3337527568643031,14,278.0,0.2477528029116236,22,524.0
4840.0,29,377.0,6.389830508474576,4.60988002090061,13,293.0,0.1184689360022672,16,299.0,0.18320961960955964,29,592.0
4845.0,29,442.0,8.185185185185185,3.7723036417393465,15,343.0,0.10571236842409237,14,311.0,0.2454440620832131,29,654.0
4850.0,24,511.0,9.641509433962264,4.5005884393974265,10,369.0,0.31805053675967304,14,364.0,0.24063903048896568,24,733.0
4855.0,28,501.0,9.277777777777779,4.2253682513950785,9,320.0,0.35086484432571496,19,435.0,0.10533635909353266,28,755.0
4860.0,30,561.0,10.017857142857142,4.5670277284150815,6,206.0,0.412025719937835,24,550.0,0.10443036521369697,30,756.0
4865.0,27,501.0,8.35,4.452144433500808,6,127.0,0.3108240615904587,21,592.0,0.16632499485481772,27,719.0
4870.0,28,579.0,9.491803278688524,5.190403336367032,9,87.0,0.373400321780068,19,592.0,0.23032146299761586,28,679.0
4875.0,27,521.0,8.26984126984127,5.332439016094846,9,126.0,0.40962993174514245,18,555.0,0.2183392593948329,27,681.0
4880.0,27,443.0,6.815384615384615,5.729401734861077,10,177.0,0.44760508461663256,17,504.0,0.24562629213382495,27,681.0
4885.0,23,369.0,5.765625,5.231257245909704,9,167.0,0.4426047388978347,14,529.0,0.23981702325024537,23,696.0
4890.0,23,404.0,6.516129032258065,5.571750634418285,9,136.0,0.5183052260912638,14,526.0,0.20259294577606327,23,662.0
4895.0,30,467.0,7.296875,4.033989582741348,13,171.0,0.26083960426686587,17,559.0,0.13432334946878918,30,730.0
4900.0,25,521.0,8.015384615384615,4.902068432257367,12,219.0,0.29406756571028,13,571.0,0.1833806103090039,25,790.0
4905.0,28,625.0,10.080645161290322,5.344243256268094,13,264.0,0.2555286137483779,15,593.0,0.2750850594394958,28,857.0
4910.0,23,580.0,9.35483870967742,5.457653325028662,10,228.0,0.2828227733228175,13,590.0,0.357559632764582,23,818.0
4915.0,20,461.0,7.317460317460317,5.449167733703151,8,180.0,0.3460490008664513,12,570.0,0.38733261883773396,20,750.0
4920.0,19,187.0,2.791044776119403,5.452460815163097,8,153.0,0.4174750813321343,11,477.0,0.3148213279731362,19,630.0
4925.0,29,251.0,3.4383561643835616,5.365792900761389,10,141.0,0.43877858356626886,19,415.0,0.26711100447530894,29,556.0
4930.0,31,312.0,4.0519480519480515,4.840154805729007,12,140.0,0.4129964208144783,19,462.0,0.25216851267956775,31,602.0
4935.0,40,467.0,5.695121951219512,4.463393187185596,17,193.0,0.35512093811547163,23,551.0,0.2410436736807488,40,744.0
4940.0,41,449.0,5.409638554216867,3.7768419900821564,17,220.0,0.3131157027360052,24,595.0,0.19228769974156146,41,815.0
4945.0,33,398.0,4.795180722891566,3.913746359394629,14,217.0,0.2273803062610668,19,600.0,0.19314306789451088,33,817.0
4950.0,33,463.0,5.716049382716049,4.068251094845078,16,265.0,0.21182652532199708,17,617.0,0.157409549768948,33,882.0
4955.0,34,420.0,5.25,3.5194594533477117,16,289.0,0.1843218431269246,18,583.0,0.1053947013758482,34,872.0
4960.0,39,521.0,6.946666666666666,3.4767928263778223,18,296.0,0.24105370751359909,21,636.0,0.14147029461666316,39,932.0
4965.0,41,569.0,7.294871794871795,3.7026090104629623,20,334.0,0.17508329530828373,21,641.0,0.19701950725640036,41,975.0
4970.0,32,481.0,6.166666666666667,3.9590565121541954,19,362.0,0.18750666564304264,13,577.0,0.23541687028508654,32,939.0
4975.0,37,563.0,6.783132530120482,4.260308777078555,19,439.0,0.26146311608258743,18,537.0,0.22779677995695133,37,976.0
4980.0,45,708.0,8.53012048192771,3.82360608410225,21,523.0,0.23732575281375665,24,576.0,0.22918115761794433,45,1099.0
4985.0,53,804.0,9.571428571428571,2.6491104744261493,25,577.0,0.14589465724549866,28,610.0,0.1897559610200694,53,1187.0
4990.0,45,780.0,8.863636363636363,3.2919684684733,18,559.0,0.24577737491293883,27,674.0,0.16180486844769695,45,1233.0
4995.0,37,633.0,6.956043956043956,3.9445513538843477,13,496.0,0.2501670198635753,24,691.0,0.16750024268339997,37,1187.0
5000.0,34,412.0,4.291666666666667,4.1127151564811095,16,467.0,0.1726278289469715,18,680.0,0.20848639055074758,34,1147.0
5005.0,42,416.0,4.16,4.262917047986326,21,499.0,0.13049491679535039,21,579.0,0.2543776018819101,42,1078.0
5010.0,46,440.0,4.731182795698925,3.8444358344619602,22,503.0,0.20518813052697663,24,604.0,0.22859647149152115,46,1107.0
5015.0,49,496.0,5.391304347826087,2.865134447949547,19,486.0,0.1536565373491038,30,679.0,0.15693676780313287,49,1165.0
5020.0,54,531.0,5.53125,2.786040230377226,18,438.0,0.17021370715367548,36,768.0,0.09955052017292049,54,1206.0
5025.0,44,528.0,5.557894736842106,3.593225757458945,12,430.0,0.2097435572420691,32,777.0,0.12074045579714322,44,1207.0
5030.0,33,495.0,5.26595744680851,5.155574489105529,11,420.0,0.31021314806127465,22,799.0,0.22052723658455892,33,1219.0
5035.0,30,426.0,4.4375,4.9406896889012915,12,408.0,0.2537800710498307,18,791.0,0.25308480468760647,30,1199.0
5040.0,41,447.0,4.806451612903226,3.8493784175131633,16,385.0,0.2600834941947752,25,807.0,0.179009452983807,41,1192.0
5045.0,46,522.0,5.612903225806452,3.8022083562201177,16,408.0,0.26487337638362624,30,868.0,0.20014175487558186,46,1276.0
5050.0,54,669.0,7.271739130434782,3.363777708290504,19,395.0,0.27661271550226557,35,970.0,0.1418276834932213,54,1365.0
5055.0,61,833.0,8.956989247311828,2.7328985912541714,23,461.0,0.1685680775562708,38,1064.0,0.1193749039139351,61,1525.0
5060.0,63,1087.0,11.442105263157895,2.509948055229572,24,530.0,0.1838232595271815,39,1212.0,0.08894528279602891,63,1742.0
5065.0,65,1147.0,12.202127659574469,2.146986898298309,26,561.0,0.1858985294787402,39,1340.0,0.06033042150872303,65,1901.0
5070.0,65,1250.0,13.157894736842104,2.4502884712533683,25,580.0,0.21696497683325078,40,1406.0,0.0862290407181797,65,1986.0
5075.0,60,1049.0,10.595959595959595,2.494122574345693,25,605.0,0.14318581422002014,35,1319.0,0.09645032018835913,60,1924.0
5080.0,47,716.0,7.232323232323233,3.883446438984109,19,536.0,0.20212719453338748,28,1238.0,0.1418409312022208,47,1774.0
5085.0,35,583.0,5.888888888888889,5.165239949898218,14,475.0,0.2817306704843595,21,1117.0,0.20910180790035204,35,1592.0
5090.0,30,467.0,4.76530612244898,4.93182165992362,11,468.0,0.20591687273836387,19,1111.0,0.26525721400211333,30,1579.0
5095.0,42,540.0,5.806451612903226,4.398703856466094,19,542.0,0.19518493576845053,23,1053.0,0.24157811649212854,42,1595.0
5100.0,47,691.0,7.942528735632184,3.2167244669103914,22,566.0,0.24229354798733257,25,1060.0,0.13549319829634168,47,1626.0
5105.0,41,757.0,9.011904761904763,3.3401325247633737,15,492.0,0.16033747676001933,26,989.0,0.12287999249306195,41,1481.0
5110.0,37,894.0,10.51764705882353,4.351591586990483,15,444.0,0.24636402439319272,22,953.0,0.15366282900184952,37,1397.0
5115.0,28,807.0,9.607142857142858,5.036912147720248,11,413.0,0.29735859649246754,17,879.0,0.2043476137831973,28,1292.0
5120.0,32,656.0,8.2,4.681366428484894,15,430.0,0.2693577337373851,17,820.0,0.20463791370170398,32,1250.0
5125.0,38,498.0,6.384615384615385,4.053794830895358,18,369.0,0.22609999890767124,20,806.0,0.23654526492952316,38,1175.0
5130.0,39,401.0,5.141025641025641,3.8363133936850486,17,322.0,0.24888118088042335,22,777.0,0.18125581809968377,39,1099.0
5135.0,42,465.0,6.118421052631579,3.4368624052180494,18,344.0,0.1648083398243551,24,817.0,0.22731671062192993,42,1161.0
5140.0,29,357.0,4.824324324324325,3.4914388816384005,13,316.0,0.12382861751683676,16,775.0,0.17294851454761742,29,1091.0
5145.0,28,454.0,6.219178082191781,4.898138981333463,10,305.0,0.2482265754517854,18,782.0,0.15590750257548888,28,1087.0
5150.0,29,562.0,7.805555555555555,5.4418649900179155,11,289.0,0.2929328785242514,18,787.0,0.13074010180803358,29,1076.0
5155.0,34,665.0,9.63768115942029,5.061970823289892,12,334.0,0.2585518728954403,22,808.0,0.10349375113799404,34,1142.0
5160.0,30,708.0,11.8,4.195466554780834,9,327.0,0.24608486186927248,21,871.0,0.13737118808390986,30,1198.0
5165.0,26,768.0,13.241379310344827,4.718951194732822,9,312.0,0.29353380936324125,17,896.0,0.20191395260615058,26,1208.0
5170.0,26,569.0,9.483333333333333,4.690707900938118,8,287.0,0.21650874012348104,18,813.0,0.25008621810619736,26,1100.0
5175.0,26,623.0,9.88888888888889,5.56677513363078,6,259.0,0.4348593410370223,20,792.0,0.2619621959989119,26,1051.0
5180.0,27,446.0,7.193548387096774,5.153044137478821,6,195.0,0.48831888298780035,21,731.0,0.23224568661564765,27,926.0
5185.0,24,321.0,5.17741935483871,5.385456908148848,4,82.0,0.4987422178181668,20,607.0,0.2449265201421157,24,689.0
5190.0,32,449.0,7.241935483870968,4.797588879179963,6,80.0,0.48407788164578064,26,579.0,0.17839195110670825,32,659.0
5195.0,33,523.0,8.301587301587302,3.534397073617765,9,121.0,0.38488856145075956,24,632.0,0.1234266496832545,33,753.0
5200.0,30,428.0,6.7936507936507935,3.4872121354806507,10,111.0,0.2550551466903437,20,635.0,0.15125245599402576,30,746.0
5205.0,25,494.0,7.6,4.819535180955694,8,110.0,0.26438334857088897,17,635.0,0.22305396649667533,25,745.0
5210.0,23,475.0,6.785714285714286,4.974720279378644,7,96.0,0.33425195469722707,16,654.0,0.12950538594056388,23,750.0
5215.0,35,616.0,8.438356164383562,5.204110798252811,11,118.0,0.3672244509701014,24,727.0,0.16691383669818516,35,845.0
5220.0,34,688.0,9.690140845070422,4.883846264278092,11,152.0,0.3590690357692317,23,788.0,0.2617232978989422,34,940.0
5225.0,29,733.0,10.471428571428572,4.4925980303032,7,150.0,0.30267331453699864,22,835.0,0.2653562871160551,29,985.0
5230.0,31,663.0,9.208333333333334,4.634659435356085,6,98.0,0.3342684286711948,25,833.0,0.2703172077846389,31,931.0
5235.0,37,556.0,7.616438356164384,4.607788061646028,13,150.0,0.2530643360272351,24,759.0,0.2695022541116127,37,909.0
5240.0,34,420.0,6.0,3.6057286684507655,11,188.0,0.21245601224044366,23,783.0,0.24421296862738948,34,971.0
5245.0,26,313.0,4.4714285714285715,4.046183954431125,7,190.0,0.2885669423749211,19,722.0,0.1570280193186729,26,912.0
5250.0,26,305.0,4.420289855072464,3.683500826476286,6,173.0,0.2469232719144184,20,780.0,0.09707188181486798,26,953.0
5255.0,36,420.0,5.833333333333333,4.0940797002260165,11,201.0,0.2407127129973123,25,845.0,0.08666028249549751,36,1046.0
5260.0,40,557.0,7.957142857142857,4.013351888678101,11,248.0,0.3688505500231805,29,870.0,0.11630340662185457,40,1118.0
5265.0,37,670.0,9.43661971830986,4.554051379688739,11,306.0,0.37373040534269997,26,834.0,0.19448372074244022,37,1140.0
5270.0,28,568.0,8.352941176470589,3.8257363807133906,9,309.0,0.31635585177792064,19,864.0,0.21538691344164182,28,1173.0
5275.0,29,532.0,7.823529411764706,4.492685156804636,7,264.0,0.4172187858323407,22,856.0,0.16703849586516528,29,1120.0
5280.0,33,576.0,8.228571428571428,4.2581682092126405,8,257.0,0.3765797319783092,25,866.0,0.09022251374031637,33,1123.0
5285.0,32,538.0,7.685714285714286,5.340993051723321,11,299.0,0.3106105965635995,21,824.0,0.13478269505103996,32,1123.0
5290.0,26,429.0,6.5,5.484584036415625,7,179.0,0.295595474927754,19,811.0,0.19880871497171282,26,990.0
5295.0,25,388.0,5.969230769230769,5.043687829796607,8,96.0,0.2812161575031176,17,803.0,0.14550858438890246,25,899.0
5300.0,25,352.0,5.67741935483871,6.167750781904145,7,84.0,0.3678123853593162,18,776.0,0.2714572335685777,25,860.0
5305.0,26,411.0,6.966101694915254,5.880733305689307,8,105.0,0.3528220475076298,18,766.0,0.25471374377939177,26,871.0
5310.0,28,385.0,7.0,4.879776394748962,9,151.0,0.3565325427919287,19,680.0,0.22525665208684806,28,831.0
5315.0,22,283.0,4.964912280701754,4.150737723385977,7,149.0,0.3513392215825606,15,671.0,0.17303892677367275,22,820.0
5320.0,25,345.0,6.388888888888889,4.87826020451159,6,121.0,0.45085741932779094,19,672.0,0.1572226379585585,25,793.0
5325.0,25,330.0,6.111111111111111,4.808665654240199,7,122.0,0.4013515534042711,18,694.0,0.1681481405995202,25,816.0
5330.0,24,345.0,6.2727272727272725,4.695015885279156,9,141.0,0.2186730527184106,15,661.0,0.23406703744319982,24,802.0
5335.0,32,407.0,6.898305084745763,3.675353415346491,13,176.0,0.18273958772111354,19,635.0,0.19032593141806867,32,811.0
5340.0,28,470.0,7.34375,4.6330168622192796,13,243.0,0.31301679505228236,15,626.0,0.21984787922423094,28,869.0
5345.0,26,484.0,7.446153846153846,4.894891067842092,11,261.0,0.3988986598289987,15,683.0,0.23892985964338495,26,944.0
5350.0,24,511.0,7.984375,5.4062286163037125,6,237.0,0.4692382830595641,18,738.0,0.1785962808913474,24,975.0
5355.0,25,280.0,4.516129032258065,4.0957085230591534,7,143.0,0.38248493622981466,18,709.0,0.12385918158316361,25,852.0
5360.0,34,377.0,5.984126984126984,3.9103595641170035,13,151.0,0.24121272179350386,21,655.0,0.13014193223810486,34,806.0
5365.0,36,400.0,6.25,3.83819873527583,17,191.0,0.19483385384743812,19,657.0,0.17180758872568536,36,848.0
5370.0,24,411.0,6.737704918032787,5.330217608393635,10,186.0,0.2148309744612888,14,605.0,0.2620168362894528,24,791.0
5375.0,25,412.0,7.103448275862069,4.617144570295809,11,185.0,0.14182657401470466,14,629.0,0.21948703003599657,25,814.0
5380.0,30,509.0,8.627118644067796,4.4939486805240305,14,192.0,0.17523631971337825,16,709.0,0.18952641846144067,30,901.0
5385.0,28,445.0,7.946428571428571,3.9585885444758127,14,214.0,0.22675521777169239,14,621.0,0.2025962171355479,28,835.0
5390.0,27,386.0,7.148148148148148,4.299233864711508,16,284.0,0.20703859784527928,11,440.0,0.2959936618051892,27,724.0
5395.0,23,301.0,5.375,4.232349870296365,14,311.0,0.2160956128502881,9,435.0,0.3266455582440365,23,746.0
5400.0,20,255.0,4.322033898305085,5.43756976870759,10,269.0,0.25506350151737256,10,418.0,0.30412697476068457,20,687.0
5405.0,17,157.0,2.706896551724138,5.777029126340492,8,216.0,0.2664370018300321,9,415.0,0.32543956445224215,17,631.0
5410.0,26,256.0,4.19672131147541,6.072662162983538,14,230.0,0.2393365712009432,12,444.0,0.3636144652430726,26,674.0
5415.0,22,268.0,4.785714285714286,5.3595348478999565,12,231.0,0.3128081107402135,10,487.0,0.37142591309456163,22,718.0
5420.0,20,315.0,5.833333333333333,6.031584489841338,8,175.0,0.3375866018020044,12,539.0,0.3578106361382452,20,714.0
5425.0,25,360.0,6.315789473684211,4.9637492298711825,13,231.0,0.18505252978126435,12,463.0,0.3278286964080381,25,694.0
5430.0,27,358.0,6.067796610169491,4.962157092656313,17,311.0,0.14602195740762844,10,352.0,0.3621386279599456,27,663.0
5435.0,23,268.0,4.39344262295082,4.441521192546605,14,299.0,0.25435818444130665,9,340.0,0.2861635672129646,23,639.0
5440.0,22,231.0,3.725806451612903,5.298274658625063,7,203.0,0.3498188883353528,15,392.0,0.2688396007867491,22,595.0
5445.0,23,216.0,3.6,5.13836600187902,7,176.0,0.307393846741143,16,438.0,0.3018512352361579,23,614.0
5450.0,25,284.0,4.507936507936508,5.356613701039454,9,175.0,0.32786306215518535,16,457.0,0.2555079364691874,25,632.0
5455.0,31,364.0,5.777777777777778,4.542478906562425,16,237.0,0.3657479116844594,15,426.0,0.20871119977371566,31,663.0
5460.0,30,440.0,6.769230769230769,4.299690427994972,15,314.0,0.23836517587907496,15,344.0,0.2824409728156936,30,658.0
5465.0,30,393.0,5.865671641791045,3.792732449789033,18,337.0,0.2586809465169972,12,341.0,0.21499049226269643,30,678.0
5470.0,22,331.0,4.940298507462686,4.7337037180379875,11,307.0,0.2696957166910325,11,283.0,0.23083496736481926,22,590.0
5475.0,25,391.0,5.75,5.33702515761122,9,285.0,0.25078846175680347,16,328.0,0.20273998800635964,25,613.0
5480.0,26,408.0,5.666666666666667,4.824644318971001,13,310.0,0.13355437543359164,13,359.0,0.27559587820517073,26,669.0
5485.0,29,328.0,4.895522388059701,5.479231243410188,16,272.0,0.29928797439579813,13,350.0,0.3883384396214007,29,622.0
5490.0,28,339.0,5.059701492537314,5.390287992835208,17,253.0,0.3160456517843754,11,346.0,0.3774236212889265,28,599.0
5495.0,30,394.0,6.061538461538461,4.690607377444774,17,294.0,0.24939135189327535,13,361.0,0.2969212766063675,30,655.0
5500.0,36,498.0,7.432835820895522,4.552775569552986,20,376.0,0.21840721415267864,16,364.0,0.2678708305387333,36,740.0
5505.0,34,463.0,6.614285714285714,3.750034557965671,18,400.0,0.18160146533418875,16,312.0,0.2631548543743306,34,712.0
5510.0,28,334.0,4.638888888888889,4.668036547431265,14,335.0,0.2708076197981069,14,334.0,0.31122661836395327,28,669.0
5515.0,23,380.0,5.277777777777778,5.732430315717824,11,293.0,0.3464041665044697,12,330.0,0.26876486175887176,23,623.0
5520.0,23,320.0,4.383561643835616,5.646609043248643,12,301.0,0.30338147106568797,11,305.0,0.26643164090041765,23,606.0
5525.0,32,295.0,4.097222222222222,4.853098853372199,16,307.0,0.3140096867902338,16,270.0,0.16573834214168545,32,577.0
5530.0,35,377.0,5.463768115942029,4.2766549125679525,19,372.0,0.31383418555085624,16,279.0,0.21825359502940656,35,651.0
5535.0,33,478.0,7.134328358208955,4.3413618830185685,21,454.0,0.27744496272849356,12,258.0,0.2740866974550141,33,712.0
5540.0,35,517.0,7.28169014084507,3.644942140466172,22,499.0,0.2079330085203569,13,280.0,0.22309309296343563,35,779.0
5545.0,29,492.0,6.929577464788732,4.483566193545815,19,501.0,0.20361468020176227,10,262.0,0.24857666628556704,29,763.0
5550.0,25,319.0,4.557142857142857,4.525516418185427,17,535.0,0.1618741927709009,8,211.0,0.3011267892738292,25,746.0
5555.0,29,335.0,4.652777777777778,4.763051075299735,20,532.0,0.1645470011015326,9,166.0,0.3431569988202599,29,698.0
5560.0,36,336.0,4.8,4.032542570896224,25,558.0,0.12780143935578955,11,166.0,0.4061472771376578,36,724.0
5565.0,32,382.0,5.305555555555555,4.8972678115698125,21,517.0,0.22589103803836472,11,217.0,0.37020177841616,32,734.0
5570.0,35,408.0,5.44,4.36217992815193,22,549.0,0.26423788381735414,13,231.0,0.27491809210011114,35,780.0
5575.0,28,374.0,4.921052631578948,5.002953780416313,18,524.0,0.24851555037682785,10,216.0,0.3240689076924974,28,740.0
5580.0,26,356.0,4.876712328767123,5.254007622418184,16,535.0,0.22449058779272354,10,200.0,0.2892551907432839,26,735.0
5585.0,24,376.0,4.947368421052632,5.421011491708781,17,548.0,0.23978610645511553,7,182.0,0.27535653612408806,24,730.0
5590.0,28,506.0,7.126760563380282,5.492750639038086,19,578.0,0.28325504536526763,9,162.0,0.2753367718455572,28,740.0
5595.0,27,527.0,7.422535211267606,5.176315415056099,19,587.0,0.235217794827427,8,181.0,0.3177995877111986,27,768.0
5600.0,30,585.0,8.478260869565217,4.764141417057639,20,613.0,0.14541667288615856,10,200.0,0.31731480290735503,30,813.0
5605.0,32,690.0,10.298507462686567,4.989530475890455,23,683.0,0.1323394733782627,9,225.0,0.40896844253604203,32,908.0
5610.0,25,736.0,12.065573770491802,5.069468018641671,18,714.0,0.18442272267065798,7,215.0,0.37999188617077917,25,929.0
5615.0,25,604.0,10.23728813559322,3.921010838367675,15,674.0,0.21373086656148255,10,195.0,0.19067852414441647,25,869.0
5620.0,31,595.0,9.754098360655737,4.277971205061282,19,580.0,0.22830320988616884,12,240.0,0.15683357307683624,31,820.0
5625.0,30,538.0,8.819672131147541,4.375981682757262,20,637.0,0.2317773303338288,10,187.0,0.25191799877579335,30,824.0
5630.0,21,546.0,8.950819672131148,5.2572147177063036,14,659.0,0.20371155084389866,7,137.0,0.3736470452641344,21,796.0
5635.0,19,294.0,5.25,4.4942468594791345,12,525.0,0.22739370408360515,7,144.0,0.2247690381926351,19,669.0
5640.0,25,309.0,5.421052631578948,4.66497608023809,16,393.0,0.21408812018040452,9,149.0,0.23003210580340597,25,542.0
5645.0,29,400.0,7.2727272727272725,3.7092662003088512,18,444.0,0.17955491809625276,11,176.0,0.2938301475944981,29,620.0
5650.0,24,467.0,7.915254237288136,4.761820495636231,15,465.0,0.25903559404627946,9,191.0,0.3242932897037147,24,656.0
5655.0,21,431.0,6.951612903225806,5.405474658050521,13,494.0,0.33972359820341047,8,156.0,0.29934713434946725,21,650.0
5660.0,16,450.0,6.923076923076923,6.956026662432927,14,551.0,0.3655183129588763,2,82.0,0.4622846153755861,16,633.0
5665.0,17,369.0,5.765625,6.280132616135573,12,499.0,0.30372591743234495,5,61.0,0.34939520394131,17,560.0
5670.0,24,348.0,5.612903225806452,5.820655183216787,13,421.0,0.3040489778477378,11,101.0,0.2784324361594263,24,522.0
5675.0,25,301.0,4.854838709677419,4.875875626099128,16,397.0,0.2136343606545679,9,113.0,0.37131631970336454,25,510.0
5680.0,22,255.0,4.473684210526316,5.841500963738149,14,304.0,0.2727314234331054,8,111.0,0.4462640167758177,22,415.0
5685.0,22,282.0,5.222222222222222,5.201097083181991,16,327.0,0.20045447959632506,6,88.0,0.435619723906508,22,415.0
5690.0,23,267.0,4.767857142857143,4.677554986183438,16,368.0,0.1367286597442777,7,59.0,0.39950202917542027,23,427.0
5695.0,25,299.0,5.6415094339622645,4.472122284905755,16,369.0,0.22547050958197498,9,91.0,0.22095765973610543,25,460.0
5700.0,27,407.0,7.140350877192983,4.429184359761903,15,426.0,0.2368781688327289,12,134.0,0.11719965092303157,27,560.0
5705.0,24,447.0,7.842105263157895,5.168912777904343,15,464.0,0.3117046355894103,9,157.0,0.25660095696060203,24,621.0
5710.0,22,376.0,7.09433962264151,5.064733333005743,16,427.0,0.2115850825146506,6,134.0,0.4216644873454787,22,561.0
5715.0,23,426.0,7.888888888888889,4.813052753958432,19,474.0,0.0811570595449181,4,110.0,0.48921406071610984,23,584.0
5720.0,24,406.0,7.25,5.990664346389942,19,454.0,0.16023621666821605,5,104.0,0.6064392458768002,24,558.0
5725.0,21,270.0,4.909090909090909,5.991007637996989,13,397.0,0.26736647027483795,8,59.0,0.4429844797667271,21,456.0
5730.0,23,266.0,4.925925925925926,4.835915341317851,13,384.0,0.3104386955009941,10,102.0,0.2957522051968232,23,486.0
5735.0,19,167.0,3.036363636363636,4.952294462237962,10,311.0,0.3143948020467167,9,119.0,0.25839756358319027,19,430.0
5740.0,17,206.0,3.5517241379310347,6.150328067286383,11,279.0,0.3167313467612584,6,90.0,0.338358604549347,17,369.0
5745.0,15,199.0,3.618181818181818,5.93959787963618,10,284.0,0.2607503104053106,5,88.0,0.300444350265254,15,372.0
5750.0,25,287.0,5.035087719298246,5.710281643347108,15,310.0,0.22759703997830577,10,127.0,0.31786827834828507,25,437.0
5755.0,24,246.0,4.472727272727273,5.247041748620712,16,337.0,0.24689094304116604,8,110.0,0.3413401885326004,24,447.0
5760.0,27,350.0,6.730769230769231,4.72513580457196,16,385.0,0.22370402448953228,11,126.0,0.3767373701674685,27,511.0
5765.0,25,343.0,5.913793103448276,4.568601029907378,15,423.0,0.21009277876181828,10,135.0,0.3711402779158788,25,558.0
5770.0,19,312.0,4.9523809523809526,6.630356811106902,11,404.0,0.3116207012172431,8,113.0,0.4400182976291029,19,517.0
5775.0,20,256.0,4.0,5.914809307468553,13,378.0,0.22207509156783303,7,92.0,0.3629991867411608,20,470.0
5780.0,32,295.0,4.338235294117647,5.5269442294047515,17,291.0,0.2824871314892082,15,145.0,0.28869693642673844,32,436.0
5785.0,27,312.0,4.656716417910448,5.233935080083932,14,309.0,0.31309064575641077,13,184.0,0.2844053979824757,27,493.0
5790.0,24,327.0,5.45,5.437766842351517,11,308.0,0.2957796937675343,13,202.0,0.3437381787885162,24,510.0
5795.0,24,319.0,5.229508196721311,4.689042095685944,14,329.0,0.18877487751855979,10,189.0,0.2974712830666029,24,518.0
5800.0,29,364.0,5.515151515151516,4.969139014467732,16,353.0,0.22078916182133332,13,162.0,0.27326533493664035,29,515.0
5805.0,32,464.0,7.25,4.466417432497401,19,443.0,0.22167625953492157,13,198.0,0.29957395979750223,32,641.0
5810.0,33,499.0,7.676923076923077,4.467937396162359,17,441.0,0.27167278300623077,16,244.0,0.27249958179624406,33,685.0
5815.0,26,428.0,6.484848484848484,4.513377285010602,12,366.0,0.31640964435287505,14,278.0,0.17013634674835587,26,644.0
5820.0,22,466.0,6.852941176470588,5.505106333083113,12,338.0,0.3178973195877812,10,280.0,0.20981097079480382,22,618.0
5825.0,22,414.0,5.75,6.061555875234961,16,388.0,0.22343909032380124,6,226.0,0.32416706760952846,22,614.0
5830.0,25,444.0,6.3428571428571425,6.224816875808896,16,433.0,0.28029640930033506,9,145.0,0.29325951146573775,25,578.0
5835.0,25,432.0,6.857142857142857,5.711057554396436,15,473.0,0.348520417992678,10,169.0,0.30246449066681336,25,642.0
5840.0,24,407.0,6.2615384615384615,4.934343949663761,16,508.0,0.19649856124544093,8,155.0,0.3746864893695693,24,663.0
5845.0,27,472.0,7.612903225806452,4.963205610372573,18,571.0,0.13521538682619855,9,149.0,0.44793364589073986,27,720.0
5850.0,32,476.0,7.323076923076923,4.675461587267789,20,549.0,0.230271077435364,12,200.0,0.3203962455464197,32,749.0
5855.0,27,313.0,4.536231884057971,5.202953995375426,16,508.0,0.31160057420127435,11,196.0,0.3337922521135454,27,704.0
5860.0,28,377.0,5.626865671641791,4.58304148992492,17,541.0,0.2624585921289698,11,195.0,0.3278801935677428,28,736.0
5865.0,33,452.0,6.457142857142857,4.409237470491275,19,537.0,0.23870158632318755,14,252.0,0.31191046329429317,33,789.0
5870.0,29,356.0,5.014084507042254,3.6552242909241417,14,551.0,0.2479963223400619,15,268.0,0.23007202199649215,29,819.0
5875.0,24,318.0,4.297297297297297,4.328675116178524,15,505.0,0.24227588464512084,9,235.0,0.22941918547401222,24,740.0
5880.0,30,436.0,5.891891891891892,5.1770366609363805,19,549.0,0.1936475881397199,11,257.0,0.30060368072985394,30,806.0
5885.0,32,477.0,6.445945945945946,4.837322319546878,21,609.0,0.08281353409054529,11,263.0,0.26767248461608356,32,872.0
5890.0,39,626.0,9.072463768115941,4.200681583099414,24,677.0,0.11123330810475866,15,315.0,0.28609662767036714,39,992.0
5895.0,41,717.0,10.242857142857142,3.838659521105834,22,673.0,0.16430234149036718,19,400.0,0.23285594336355156,41,1073.0
5900.0,35,756.0,11.117647058823529,4.422950175024194,20,612.0,0.2243169193464522,15,457.0,0.29222954249082694,35,1069.0
5905.0,32,747.0,10.375,3.8163809981649166,19,664.0,0.12432073840824485,13,457.0,0.26272421498674414,32,1121.0
5910.0,27,727.0,10.385714285714286,4.5907453424910125,18,687.0,0.2096168906063805,9,426.0,0.2563550393747197,27,1113.0
5915.0,33,779.0,10.819444444444445,4.47399876837722,18,645.0,0.25973728953362946,15,445.0,0.15005614438726714,33,1090.0
5920.0,38,751.0,10.884057971014492,4.493042763388676,17,659.0,0.24832431186544746,21,543.0,0.21449512905529586,38,1202.0
5925.0,34,680.0,10.303030303030303,3.7011672461796206,14,695.0,0.20201184159090507,20,628.0,0.1932369236569053,34,1323.0
5930.0,41,838.0,12.696969696969697,2.503168680832772,18,773.0,0.11394928231761044,23,736.0,0.11831039215949363,41,1509.0
5935.0,41,893.0,13.132352941176471,2.3115130737396252,19,826.0,0.08428726879934058,22,781.0,0.11110280565926986,41,1607.0
5940.0,30,773.0,11.537313432835822,4.122739660907727,16,849.0,0.16018856503825255,14,740.0,0.20950033274428137,30,1589.0
5945.0,27,535.0,8.106060606060606,4.973178204352898,17,894.0,0.1902910370442111,10,579.0,0.2049882825328869,27,1473.0
5950.0,29,505.0,7.426470588235294,5.412132166695665,18,973.0,0.20909337128925473,11,387.0,0.20374233944889616,29,1360.0
5955.0,37,664.0,10.885245901639344,4.484366466461906,18,1060.0,0.23086831752955125,19,402.0,0.1462844035967963,37,1462.0
5960.0,35,786.0,12.885245901639344,4.382114606663422,18,1150.0,0.2923712988673932,17,409.0,0.17196752263356377,35,1559.0
5965.0,31,841.0,15.017857142857142,3.985073412197797,21,1239.0,0.20030789252536532,10,311.0,0.2558961904559345,31,1550.0
5970.0,30,960.0,16.0,4.037523270596788,20,1339.0,0.15355637670114156,10,341.0,0.21907891886021705,30,1680.0
5975.0,37,1119.0,17.484375,4.1788129152556195,22,1447.0,0.1543524235889489,15,389.0,0.2027748824648491,37,1836.0
5980.0,35,1071.0,16.734375,4.229848047643777,19,1371.0,0.21511523128685214,16,443.0,0.2865621283168498,35,1814.0
5985.0,35,1072.0,17.015873015873016,4.669761325474627,17,1285.0,0.2790688830441514,18,530.0,0.2883225843206146,35,1815.0
5990.0,34,1030.0,15.846153846153847,3.9999581881585073,17,1221.0,0.2586189145944581,17,514.0,0.27214739884413935,34,1735.0
5995.0,28,768.0,11.815384615384616,3.980817050834474,15,1177.0,0.21786250263166027,13,443.0,0.25998348385555387,28,1620.0
6000.0,32,495.0,7.857142857142857,3.6137940933304638,16,1012.0,0.16233885895916483,16,403.0,0.2674234676140418,32,1415.0
6005.0,31,354.0,5.2835820895522385,4.047898643095336,16,869.0,0.21575340522696176,15,347.0,0.2641566455434615,31,1216.0
6010.0,32,459.0,6.6521739130434785,4.026698922643253,16,745.0,0.2887405978914869,16,348.0,0.23960374756060293,32,1093.0
6015.0,37,640.0,9.142857142857142,4.282563477626245,17,654.0,0.3552062262437205,20,395.0,0.24392992121908894,37,1049.0
6020.0,39,652.0,8.931506849315069,3.3145280465324243,17,637.0,0.27663342236600874,22,455.0,0.20305221997639508,39,1092.0
6025.0,43,759.0,10.12,3.386687529453962,23,691.0,0.19584263835685262,20,515.0,0.2424612297300424,43,1206.0
6030.0,48,720.0,9.35064935064935,3.106068500880281,25,727.0,0.1523179730094839,23,518.0,0.2218231810077631,48,1245.0
6035.0,34,516.0,6.531645569620253,3.5404867819271604,17,684.0,0.18952680541715577,17,470.0,0.11993125905794502,34,1154.0
6040.0,25,377.0,4.833333333333333,4.573309110364207,14,611.0,0.22050419888564587,11,412.0,0.22077880824076315,25,1023.0
6045.0,29,336.0,4.363636363636363,4.5817272362671,16,560.0,0.21067318233808907,13,419.0,0.26042566952510154,29,979.0
6050.0,34,390.0,5.27027027027027,3.5093420213467947,18,534.0,0.24036462488628488,16,435.0,0.1575626754798418,34,969.0
6055.0,34,429.0,5.876712328767123,3.805110166984698,21,462.0,0.21001842785115832,13,410.0,0.1854157799697393,34,872.0
6060.0,35,522.0,6.868421052631579,4.455119623259048,23,500.0,0.1195026779584145,12,403.0,0.31027042335345256,35,903.0
6065.0,27,537.0,7.065789473684211,5.868810833381604,16,482.0,0.13309990593063364,11,423.0,0.417702913623167,27,905.0
6070.0,24,426.0,6.173913043478261,5.366823113832538,14,476.0,0.19260395416891574,10,388.0,0.3029814926259138,24,864.0
6075.0,26,417.0,6.043478260869565,5.35654188860351,16,491.0,0.19053720278911648,10,338.0,0.2626023793454533,26,829.0
6080.0,30,450.0,6.923076923076923,5.024942039317868,19,512.0,0.23416452861807005,11,331.0,0.3561248617850161,30,843.0
6085.0,25,452.0,6.953846153846154,5.60457826837763,14,488.0,0.26742407200236934,11,375.0,0.46247147592525667,25,863.0
6090.0,28,470.0,7.230769230769231,4.879225732511856,16,484.0,0.21266975126011628,12,408.0,0.4142529689030699,28,892.0
6095.0,21,412.0,6.645161290322581,5.661003822151379,9,413.0,0.24576912935814435,12,421.0,0.4030393816146155,21,834.0
6100.0,23,286.0,4.766666666666667,4.540593260331566,11,393.0,0.204274109626012,12,376.0,0.23668536247408897,23,769.0
6105.0,32,316.0,5.096774193548387,4.059399334166032,18,408.0,0.1205540516376148,14,277.0,0.24924436966065375,32,685.0
6110.0,33,356.0,5.650793650793651,3.811075390095715,20,463.0,0.19467475702956805,13,272.0,0.26060972718792075,33,735.0
6115.0,30,426.0,6.870967741935484,4.403103917210501,20,545.0,0.23967744512688494,10,246.0,0.3276221664520449,30,791.0
6120.0,30,404.0,6.3125,4.146073711718573,20,576.0,0.20860055073473865,10,243.0,0.32151837194974575,30,819.0
6125.0,34,425.0,6.159420289855072,4.158619716708057,20,553.0,0.24182663489671177,14,252.0,0.20370052666842572,34,805.0
6130.0,33,414.0,5.914285714285715,4.1096364808894394,18,535.0,0.28232203723449917,15,265.0,0.2515079681791646,33,800.0
6135.0,25,263.0,3.757142857142857,4.560143479166051,13,421.0,0.22572499066270924,12,295.0,0.29408742863958726,25,716.0
6140.0,23,318.0,4.676470588235294,5.1981371457528756,11,350.0,0.268516475014736,12,335.0,0.2699936115163338,23,685.0
6145.0,27,342.0,4.816901408450704,5.106826026837489,12,326.0,0.31613207758508743,15,342.0,0.09996795814737088,27,668.0
6150.0,31,418.0,6.147058823529412,4.532835939187913,16,397.0,0.21283402720310748,15,346.0,0.23906612979434347,31,743.0
6155.0,34,428.0,6.584615384615384,3.655429843024674,21,444.0,0.19857285692444201,13,341.0,0.27708377569322845,34,785.0
6160.0,34,455.0,6.893939393939394,3.927878978549728,25,563.0,0.1552446497769175,9,284.0,0.33125593378196583,34,847.0
6165.0,32,473.0,6.955882352941177,3.679317567834985,25,617.0,0.12154059458063289,7,282.0,0.3193895452285905,32,899.0
6170.0,25,438.0,6.0,4.869585105574236,18,600.0,0.1642383122268864,7,254.0,0.3110522113560968,25,854.0
6175.0,24,495.0,7.173913043478261,5.634580724569067,13,599.0,0.2771143827493948,11,295.0,0.2085809058583734,24,894.0
6180.0,23,450.0,6.428571428571429,6.019933790855695,9,494.0,0.30136861103325197,14,343.0,0.17722078411120487,23,837.0
6185.0,25,343.0,5.276923076923077,4.847726332306001,11,403.0,0.107972802861161,14,416.0,0.17568450435925875,25,819.0
6190.0,32,409.0,6.932203389830509,4.007642311797626,17,384.0,0.13769832660931652,15,489.0,0.2526515764026683,32,873.0
6195.0,28,403.0,6.830508474576271,4.028346694338918,15,415.0,0.16764309131422617,13,464.0,0.33144184279063665,28,879.0
6200.0,22,407.0,7.140350877192983,4.616205676566312,9,373.0,0.2581377982466757,13,448.0,0.2937453225195796,22,821.0
6205.0,25,395.0,6.583333333333333,4.6917858265882,12,405.0,0.302801956621451,13,408.0,0.19178759794098674,25,813.0
6210.0,29,352.0,5.67741935483871,4.313673175147737,18,482.0,0.19853304413019313,11,324.0,0.23874907492161238,29,806.0
6215.0,26,322.0,5.4576271186440675,3.6579841986295483,19,532.0,0.19140420723726942,7,323.0,0.20769232979073293,26,855.0
6220.0,18,334.0,5.661016949152542,4.8851367001695305,13,527.0,0.21469545141422752,5,300.0,0.23807275690684707,18,827.0
6225.0,24,356.0,5.650793650793651,4.588132019676751,13,511.0,0.1329856321464827,11,322.0,0.16278515771944302,24,833.0
6230.0,29,359.0,5.609375,5.0886301621074645,15,449.0,0.23304463406119888,14,390.0,0.22105974921469337,29,839.0
6235.0,26,305.0,5.083333333333333,5.041373961559281,13,407.0,0.29754189986409196,13,423.0,0.2952772605059511,26,830.0
6240.0,28,382.0,6.701754385964913,4.93527460527029,15,390.0,0.24751851431255573,13,480.0,0.3425718246922009,28,870.0
6245.0,31,460.0,7.796610169491525,3.673555815549291,18,458.0,0.1617937691791179,13,467.0,0.23972754107515873,31,925.0
6250.0,32,490.0,7.65625,4.277705120063285,19,554.0,0.15886380205060674,13,402.0,0.30719821047253093,32,956.0
6255.0,27,377.0,6.080645161290323,4.243962305617849,16,564.0,0.24347787590066367,11,410.0,0.3177647379313167,27,974.0
6260.0,25,299.0,4.397058823529412,4.8548144437949,11,480.0,0.3251817168662999,14,468.0,0.22104306940387575,25,948.0
6265.0,30,302.0,4.253521126760563,4.48005265329798,11,427.0,0.36691250525411917,19,534.0,0.07247456788607073,30,961.0
6270.0,39,374.0,5.123287671232877,4.4266019253548246,13,339.0,0.36546959798683454,26,635.0,0.11785323878142073,39,974.0
6275.0,36,415.0,5.928571428571429,3.7489842292657793,14,330.0,0.2887851592077689,22,697.0,0.20464846029769554,36,1027.0
6280.0,27,350.0,5.072463768115942,4.55273560395011,14,302.0,0.19363706335363579,13,681.0,0.3018504632518866,27,983.0
6285.0,29,404.0,5.855072463768116,3.519880484521406,15,360.0,0.1376110536282765,14,641.0,0.1589384589143626,29,1001.0
6290.0,38,437.0,5.986301369863014,4.452433553380044,21,437.0,0.21996630116752852,17,559.0,0.18344927402708286,38,996.0
6295.0,28,428.0,6.028169014084507,4.264737684205719,17,497.0,0.26520733851972045,11,569.0,0.19462574812262096,28,1066.0
6300.0,28,468.0,6.591549295774648,4.837178166943648,16,508.0,0.306129793837268,12,529.0,0.1963120090158544,28,1037.0
6305.0,28,486.0,6.942857142857143,4.512205561221931,17,480.0,0.22319467477978355,11,552.0,0.19331640832880503,28,1032.0
6310.0,33,516.0,7.068493150684931,4.88082651204856,16,471.0,0.289373776404779,17,622.0,0.20556305526575377,33,1093.0
6315.0,31,471.0,6.541666666666667,4.262802871244635,14,453.0,0.24494262920956575,17,676.0,0.2326296153095189,31,1129.0
6320.0,29,460.0,6.47887323943662,4.234300710143442,15,399.0,0.1592345974740369,14,721.0,0.3236725336400386,29,1120.0
6325.0,34,528.0,7.232876712328767,3.948924405250769,19,463.0,0.1271357408573845,15,681.0,0.27368486490434607,34,1144.0
6330.0,38,581.0,7.851351351351352,3.656817913391613,24,577.0,0.10870423806241764,14,602.0,0.266363433327961,38,1179.0
6335.0,37,395.0,5.563380281690141,3.8093987858350036,25,629.0,0.15711432129852285,12,556.0,0.31934526880452885,37,1185.0
6340.0,33,397.0,5.438356164383562,3.8567537084430725,18,605.0,0.17946340908010755,15,529.0,0.2183696506711922,33,1134.0
6345.0,39,510.0,6.986301369863014,4.295973873561597,21,624.0,0.27576870982458984,18,572.0,0.1904250164936106,39,1196.0
6350.0,32,592.0,8.338028169014084,5.081844791948643,20,707.0,0.23136963344239336,12,577.0,0.22604921030842437,32,1284.0
6355.0,33,692.0,10.328358208955224,4.2045013499900685,20,729.0,0.13542774726943982,13,626.0,0.16065137965812085,33,1355.0
6360.0,41,799.0,12.106060606060606,2.9752906105306685,22,741.0,0.06999517524621707,19,710.0,0.08378452041776574,41,1451.0
6365.0,41,981.0,15.092307692307692,3.118404486660404,23,808.0,0.14528805629573074,18,769.0,0.19256110669776788,41,1577.0
6370.0,36,1108.0,17.3125,4.391254951196881,23,896.0,0.21821524583978313,13,783.0,0.3049947973075725,36,1679.0
6375.0,36,1162.0,17.08823529411765,4.7003430652651845,23,1011.0,0.2362298704571306,13,702.0,0.30736509228928266,36,1713.0
6380.0,34,1003.0,14.75,4.419845463006252,22,1010.0,0.18718332636217686,12,519.0,0.3290926096311259,34,1529.0
6385.0,31,693.0,10.343283582089553,4.322367107962573,22,931.0,0.14510310934400644,9,517.0,0.3703707503411979,31,1448.0
6390.0,32,611.0,8.605633802816902,3.9046171585110607,18,878.0,0.17326904585668726,14,545.0,0.27679696360977296,32,1423.0
6395.0,32,495.0,6.971830985915493,4.2140288709631415,17,820.0,0.2723688065409806,15,568.0,0.24446859115339478,32,1388.0
6400.0,28,419.0,5.901408450704225,4.422045170781239,16,841.0,0.2588465625011672,12,549.0,0.2682681500613948,28,1390.0
6405.0,24,332.0,4.611111111111111,5.128716787257078,15,813.0,0.21894979248207222,9,547.0,0.3405853895195757,24,1360.0
6410.0,25,343.0,4.573333333333333,5.046365344319858,15,812.0,0.22615313371917836,10,577.0,0.2352495681268142,25,1389.0
6415.0,31,440.0,5.714285714285714,5.021206958829183,16,752.0,0.23689758249853005,15,626.0,0.21190293576692823,31,1378.0
6420.0,34,557.0,7.63013698630137,4.62228299582798,17,702.0,0.1976913401440115,17,675.0,0.30631770204143566,34,1377.0
6425.0,30,614.0,8.297297297297296,4.5705073586018585,21,726.0,0.16193595046228218,9,690.0,0.38054429399229495,30,1416.0
6430.0,26,566.0,7.861111111111111,4.783992466750866,16,675.0,0.18819281140052532,10,566.0,0.36938081280327495,26,1241.0
6435.0,28,385.0,5.202702702702703,4.602353467665741,16,669.0,0.20872586084304026,12,380.0,0.2383739114008514,28,1049.0
6440.0,33,471.0,6.197368421052632,4.431505970740936,21,704.0,0.19654188423287405,12,418.0,0.27644920002894713,33,1122.0
6445.0,39,595.0,7.628205128205129,4.495301427271698,25,730.0,0.1670010473671308,14,454.0,0.38969757827417384,39,1184.0
6450.0,36,623.0,7.987179487179487,4.429349983219522,21,693.0,0.22042256641087757,15,492.0,0.3683060766454409,36,1185.0
6455.0,36,445.0,5.5625,3.973278522928358,20,637.0,0.1986893865012118,16,514.0,0.2932839327733135,36,1151.0
6460.0,39,497.0,6.135802469135802,3.9206617007621145,22,588.0,0.16075730652512857,17,448.0,0.2820312805429302,39,1036.0
6465.0,42,569.0,6.694117647058824,3.838751556043638,23,671.0,0.15546270850519084,19,320.0,0.2176703725499131,42,991.0
6470.0,49,645.0,7.329545454545454,3.731760449208521,28,793.0,0.15762160331876818,21,323.0,0.24036006596897494,49,1116.0
6475.0,47,682.0,7.75,3.615635888024502,24,800.0,0.19530556239594055,23,399.0,0.23715975322854557,47,1199.0
6480.0,44,543.0,6.101123595505618,3.123671084473874,18,683.0,0.21481982772207686,26,468.0,0.15256021754183424,44,1151.0
6485.0,39,527.0,5.988636363636363,4.000394616771678,13,565.0,0.20802238506490592,26,523.0,0.17483516089376996,39,1088.0
6490.0,33,477.0,5.3,4.487326222401402,13,525.0,0.22322524721950127,20,556.0,0.19149996702587344,33,1081.0
6495.0,40,519.0,5.7032967032967035,4.470360634728394,16,489.0,0.22043462420173865,24,601.0,0.1782957170332533,40,1090.0
6500.0,49,613.0,7.211764705882353,3.667175061950325,19,499.0,0.2486914357172822,30,688.0,0.17103648417016568,49,1187.0
6505.0,43,681.0,8.204819277108435,3.369435377160586,20,493.0,0.14126027253548162,23,730.0,0.19212423313157095,43,1223.0
6510.0,48,836.0,9.720930232558139,3.5514993114535818,23,519.0,0.05725842005400234,25,799.0,0.23855219293303773,48,1318.0
6515.0,40,734.0,8.738095238095237,4.023401818351694,15,470.0,0.152091970497175,25,811.0,0.1852474157358079,40,1281.0
6520.0,38,605.0,7.289156626506024,3.8252780325084665,9,444.0,0.22913116301465616,29,785.0,0.12498557761353422,38,1229.0
6525.0,41,598.0,6.953488372093023,3.5642018374449207,16,395.0,0.18262007608002925,25,885.0,0.1397595145193484,41,1280.0
6530.0,42,714.0,8.5,4.187535363134205,19,441.0,0.2651290455177298,23,948.0,0.1815357207989734,42,1389.0
6535.0,43,782.0,9.654320987654321,3.797316218235846,21,463.0,0.26212852157865696,22,971.0,0.1515264936756589,43,1434.0
6540.0,47,648.0,7.623529411764705,3.845825948012943,22,474.0,0.21761788076220226,25,946.0,0.17410924337909173,47,1420.0
6545.0,43,749.0,9.024096385542169,3.6716446206894617,20,526.0,0.24924783479592025,23,991.0,0.138615070757874,43,1517.0
6550.0,46,780.0,9.62962962962963,3.2884293392387125,20,534.0,0.20559553914068757,26,964.0,0.16158835350795883,46,1498.0
6555.0,37,614.0,7.487804878048781,3.2711309709258174,15,444.0,0.18843257363149257,22,1040.0,0.14701599589567596,37,1484.0
6560.0,30,592.0,6.964705882352941,4.081519805623047,12,356.0,0.1803719600887626,18,1068.0,0.17095421697233598,30,1424.0
6565.0,29,664.0,8.197530864197532,5.0533519387773795,7,337.0,0.28693201653454586,22,1097.0,0.19460543524966908,29,1434.0
6570.0,37,789.0,9.8625,4.69483330955193,12,366.0,0.25417946208678943,25,1087.0,0.1695746967620323,37,1453.0
6575.0,38,629.0,8.5,3.306981572826139,17,412.0,0.19017819308262499,21,1039.0,0.19145399236285263,38,1451.0
6580.0,42,583.0,7.773333333333333,3.8192020406267755,22,499.0,0.1869988245991415,20,864.0,0.2413292921899534,42,1363.0
6585.0,43,656.0,8.2,3.1647879914424664,20,502.0,0.18680342340296727,23,916.0,0.21579287134580952,43,1418.0
6590.0,36,649.0,7.726190476190476,3.673100910979197,14,441.0,0.171964656797372,22,946.0,0.22315383876753977,36,1387.0
6595.0,33,734.0,8.534883720930232,5.110306140727946,10,379.0,0.3181008760060914,23,1045.0,0.21656223242128408,33,1424.0
6600.0,31,799.0,9.183908045977011,5.022504667267153,6,324.0,0.3994487177884693,25,1068.0,0.06819530706090739,31,1392.0
6605.0,36,855.0,10.555555555555555,5.382679525511641,10,300.0,0.4271134648606708,26,1083.0,0.09323838254720095,36,1383.0
6610.0,30,838.0,11.173333333333334,4.167056468939313,10,291.0,0.23705458123079431,20,1054.0,0.12194975459921747,30,1345.0
6615.0,39,964.0,13.771428571428572,3.710152191305719,17,351.0,0.254257715729097,22,1092.0,0.08351972764111763,39,1443.0
6620.0,40,926.0,13.617647058823529,3.4289668835844154,16,352.0,0.29629501700171046,24,1171.0,0.08670629945041546,40,1523.0
6625.0,37,917.0,13.485294117647058,4.0299882548869315,18,281.0,0.2136157046632159,19,1194.0,0.2069475204899765,37,1475.0
6630.0,39,1000.0,14.705882352941176,3.456415114143206,20,308.0,0.12596906558568707,19,1183.0,0.19650878222052348,39,1491.0
6635.0,35,1060.0,15.588235294117647,4.517819971947697,19,385.0,0.23719166061765593,16,1146.0,0.2849100704464619,35,1531.0
6640.0,33,906.0,13.323529411764707,3.719226765399059,17,403.0,0.20079905312795057,16,1074.0,0.2840324926207593,33,1477.0
6645.0,28,350.0,5.223880597014926,4.202226427559436,12,345.0,0.2337110489198023,16,877.0,0.3095003724766059,28,1222.0
6650.0,24,291.0,4.217391304347826,4.5507499477634985,7,283.0,0.31910414255301023,17,722.0,0.20042025245376163,24,1005.0
6655.0,30,355.0,4.863013698630137,4.183559671017365,7,266.0,0.358414390237883,23,772.0,0.10941794270364232,30,1038.0
6660.0,39,461.0,6.315068493150685,3.4974136346595457,15,317.0,0.2435604206199032,24,819.0,0.17265945494966492,39,1136.0
6665.0,36,559.0,7.259740259740259,3.250848543093568,16,326.0,0.19417821591527706,20,796.0,0.2022153657318904,36,1122.0
6670.0,33,626.0,8.236842105263158,3.9059316886092583,13,290.0,0.27330457824259463,20,693.0,0.22308971705945055,33,983.0
6675.0,35,625.0,7.8125,3.816012029868144,11,297.0,0.31662720683405327,24,729.0,0.14488359754460867,35,1026.0
6680.0,28,503.0,6.209876543209877,4.505992016762418,10,223.0,0.3159684304450205,18,704.0,0.18183332940126573,28,927.0
6685.0,34,356.0,4.395061728395062,4.136497437808728,12,254.0,0.2512116840653133,22,656.0,0.1471660424724725,34,910.0
6690.0,39,453.0,5.329411764705882,4.185664079844967,15,288.0,0.22810213276450528,24,594.0,0.11849515366720825,39,882.0
6695.0,37,554.0,6.839506172839506,4.430605026296154,12,301.0,0.31502794215888896,25,653.0,0.10121047813323308,37,954.0
6700.0,42,565.0,7.0625,4.128922313274557,17,267.0,0.27840314246730813,25,726.0,0.16605828025849476,42,993.0
6705.0,42,626.0,8.025641025641026,3.6349980617000655,19,294.0,0.2388108532239505,23,748.0,0.17657159112802123,42,1042.0
6710.0,44,600.0,7.407407407407407,3.7862519031867765,24,360.0,0.16476968545750192,20,728.0,0.265101398469669,44,1088.0
6715.0,44,599.0,7.304878048780488,3.681806542649099,26,412.0,0.133005963777117,18,800.0,0.2886580461562451,44,1212.0
6720.0,43,745.0,8.764705882352942,3.6843434445657173,23,479.0,0.19618062648033405,20,896.0,0.25063032422100173,43,1375.0
6725.0,49,728.0,8.272727272727273,2.916642036213932,22,524.0,0.17722329633436998,27,884.0,0.1873283391815791,49,1408.0
6730.0,43,433.0,5.034883720930233,3.230869577401904,19,502.0,0.12596575354779466,24,774.0,0.1930593514137037,43,1276.0
6735.0,37,523.0,5.943181818181818,4.198964038102321,15,517.0,0.1738532998783242,22,717.0,0.17390363069040707,37,1234.0
6740.0,34,499.0,5.606741573033708,4.52214930614498,12,460.0,0.238614249191954,22,695.0,0.11104738661803872,34,1155.0
6745.0,41,566.0,6.738095238095238,3.9072480910157954,18,516.0,0.19781937722818502,23,642.0,0.11811781845018816,41,1158.0
6750.0,41,412.0,5.024390243902439,3.6646904715066877,23,531.0,0.18329834740381087,18,668.0,0.16875510109246963,41,1199.0
6755.0,40,532.0,6.734177215189874,3.457969644563193,23,566.0,0.1879966817924053,17,679.0,0.18708803753612913,40,1245.0
6760.0,44,607.0,7.5875,3.0184934736762394,24,616.0,0.22347445736602964,20,693.0,0.12609344548564966,44,1309.0
6765.0,31,513.0,6.333333333333333,4.329660479259251,15,580.0,0.2512149085577141,16,679.0,0.18636340030333032,31,1259.0
6770.0,31,596.0,7.3580246913580245,4.863178979267448,13,542.0,0.2898054620054171,18,666.0,0.19520016015310668,31,1208.0
6775.0,33,561.0,6.678571428571429,4.7915334458099474,15,526.0,0.24061781382815065,18,607.0,0.17967147536166667,33,1133.0
6780.0,37,407.0,4.963414634146342,3.697800265168427,18,477.0,0.16247393162859797,19,639.0,0.2226765182504878,37,1116.0
6785.0,30,388.0,4.7317073170731705,4.42402431272888,19,514.0,0.16089641822732523,11,626.0,0.32825268294584364,30,1140.0
6790.0,29,440.0,5.641025641025641,4.3200567328035095,14,513.0,0.1899768155778832,15,620.0,0.24388414534841166,29,1133.0
6795.0,36,551.0,7.25,4.190120763560306,15,532.0,0.2748864521027877,21,611.0,0.12702154325147702,36,1143.0
6800.0,38,506.0,6.931506849315069,3.167087444537181,16,519.0,0.20579641605287885,22,585.0,0.06896364390286888,38,1104.0
6805.0,37,563.0,7.929577464788732,3.560377205149363,16,527.0,0.22654511809838018,21,620.0,0.14549243296047648,37,1147.0
6810.0,41,631.0,9.014285714285714,2.8369057374362847,17,537.0,0.20573529004971672,24,684.0,0.12667259116428814,41,1221.0
6815.0,44,788.0,10.944444444444445,3.53446610796392,18,574.0,0.2602342620674556,26,723.0,0.1673491326566669,44,1297.0
6820.0,40,866.0,11.546666666666667,3.0486139194548105,17,614.0,0.18505120917893397,23,800.0,0.21364851164680632,40,1414.0
6825.0,37,928.0,11.746835443037975,3.571263541020512,12,597.0,0.2842546579179271,25,883.0,0.1411224455206987,37,1480.0
6830.0,40,765.0,9.216867469879517,3.810004354932855,11,563.0,0.33344253572675786,29,848.0,0.11255365229715242,40,1411.0
6835.0,44,805.0,9.470588235294118,3.816991844621684,14,513.0,0.276188183308341,30,867.0,0.1463167034612526,44,1380.0
6840.0,49,811.0,9.541176470588235,3.2625349703563957,19,551.0,0.1974470593252295,30,899.0,0.1754171007341367,49,1450.0
6845.0,36,559.0,6.734939759036145,3.468560002662127,16,582.0,0.1572817346812316,20,802.0,0.15847120621401836,36,1384.0
6850.0,34,601.0,7.329268292682927,5.036518581820999,15,630.0,0.21188789185848708,19,711.0,0.2166744743733943,34,1341.0
6855.0,27,552.0,6.571428571428571,5.046211983386508,13,542.0,0.17693240747202343,14,709.0,0.2087842487501665,27,1251.0
6860.0,34,553.0,6.9125,4.3176001705785785,15,421.0,0.16164324007202094,19,766.0,0.19217445218314227,34,1187.0
6865.0,43,528.0,6.6,3.5045808215291436,17,414.0,0.21502197657979322,26,770.0,0.16957017583533335,43,1184.0
6870.0,45,539.0,7.0,3.9048322843837417,20,481.0,0.2641550235694067,25,761.0,0.22865435187168745,45,1242.0
6875.0,40,511.0,6.468354430379747,2.8999854564946146,18,525.0,0.1988854162319102,22,784.0,0.19425067095460719,40,1309.0
6880.0,32,385.0,4.8734177215189876,3.5290533354599174,14,508.0,0.2007118812712269,18,730.0,0.1695252235974706,32,1238.0
6885.0,30,443.0,5.469135802469136,4.667296707198591,12,486.0,0.2652739558375773,18,694.0,0.17074243898273264,30,1180.0
6890.0,28,445.0,5.36144578313253,5.1181248207631524,11,419.0,0.2351116579530759,17,678.0,0.23020509947485276,28,1097.0
6895.0,33,466.0,5.682926829268292,4.696004572747393,13,426.0,0.24658232140056904,20,702.0,0.20167347739575475,33,1128.0
6900.0,35,355.0,4.493670886075949,4.8786309868562245,12,329.0,0.35304460976882135,23,732.0,0.2341650327797021,35,1061.0
6905.0,43,534.0,6.7594936708860756,4.46306715050978,16,329.0,0.33697759508465497,27,813.0,0.1935917803228569,43,1142.0
6910.0,42,605.0,7.756410256410256,3.6061496800316775,15,341.0,0.2399364125929046,27,879.0,0.193378029988084,42,1220.0
6915.0,30,545.0,7.266666666666667,3.9606413479687776,11,296.0,0.16519133982034653,19,873.0,0.19245476404308615,30,1169.0
6920.0,28,596.0,8.514285714285714,4.938723605156828,10,236.0,0.22238313031483478,18,882.0,0.2046699589652832,28,1118.0
6925.0,25,580.0,8.169014084507042,4.864924160058303,7,172.0,0.11033860935047049,18,923.0,0.19032341983566337,25,1095.0
6930.0,32,621.0,9.0,4.451700771225697,11,149.0,0.2094692722883725,21,969.0,0.1610608432239918,32,1118.0
6935.0,37,668.0,10.121212121212121,4.655106156051878,13,204.0,0.3127834504090918,24,952.0,0.19859646041277457,37,1156.0
6940.0,31,535.0,8.23076923076923,4.1919061933374255,10,224.0,0.36628361256587655,21,847.0,0.15589675316281895,31,1071.0
6945.0,29,376.0,5.611940298507463,4.296913381526635,10,227.0,0.36388037472816387,19,876.0,0.1849126199257668,29,1103.0
6950.0,20,257.0,3.953846153846154,4.478547108035382,9,204.0,0.2776547939101382,11,833.0,0.2526622566794521,20,1037.0
6955.0,24,235.0,3.5606060606060606,4.215418480612126,10,139.0,0.18157770054088337,14,854.0,0.19935669756448499,24,993.0
6960.0,29,334.0,5.21875,4.308809442256246,6,151.0,0.3142117595928978,23,918.0,0.10675794149784368,29,1069.0
6965.0,39,374.0,5.84375,4.17361348387802,13,196.0,0.3072558998376937,26,955.0,0.12909135144145145,39,1151.0
6970.0,31,422.0,6.59375,4.494019831825701,8,174.0,0.36511204931759883,23,1008.0,0.17258265538315315,31,1182.0
6975.0,36,517.0,7.7164179104477615,4.352757388858552,12,197.0,0.35133082867717375,24,981.0,0.1944411504879353,36,1178.0
6980.0,33,505.0,7.318840579710145,4.439871378428328,11,215.0,0.3136673322563927,22,972.0,0.2453312789703194,33,1187.0
6985.0,33,440.0,6.285714285714286,4.209707422719603,15,213.0,0.30066606943509067,18,990.0,0.22254489464509794,33,1203.0
6990.0,26,232.0,3.3142857142857145,3.618020640326614,14,216.0,0.20490149404475813,12,905.0,0.21202984002167302,26,1121.0
6995.0,23,208.0,3.0588235294117645,4.709033069582069,7,151.0,0.28870892993619623,16,881.0,0.1722973328730016,23,1032.0
7000.0,27,248.0,3.492957746478873,4.573897207496784,8,120.0,0.2851062182220339,19,821.0,0.11475971998459748,27,941.0
7005.0,33,331.0,4.867647058823529,4.4097795532337996,12,173.0,0.32491611111656105,21,705.0,0.06440177486424328,33,878.0
7010.0,33,366.0,6.0,3.4781705052562133,13,197.0,0.34774957766801334,20,769.0,0.04915069837850954,33,966.0
7015.0,29,394.0,7.035714285714286,3.262981348827734,11,185.0,0.2997188964350275,18,817.0,0.07315999135233192,29,1002.0
7020.0,30,400.0,7.017543859649122,2.7211100176638725,12,189.0,0.2472685270316515,18,828.0,0.04856252653539479,30,1017.0
7025.0,28,403.0,7.0701754385964914,4.442429794469278,13,207.0,0.27397840689945013,15,799.0,0.17933175629077125,28,1006.0
7030.0,29,486.0,8.678571428571429,4.020382157232642,13,255.0,0.2145313053184183,16,743.0,0.19745871934529238,29,998.0
7035.0,30,553.0,9.53448275862069,4.237680253791493,17,324.0,0.19641383859652556,13,620.0,0.27077868474882294,30,944.0
7040.0,27,562.0,9.859649122807017,4.088151296765358,16,355.0,0.29219057543949295,11,614.0,0.20653170109453298,27,969.0
7045.0,23,446.0,8.10909090909091,4.233577789885991,10,343.0,0.3824860449262986,13,538.0,0.13801551297975936,23,881.0
7050.0,28,363.0,6.258620689655173,4.1243051912478705,11,271.0,0.3079241894430752,17,567.0,0.08464140749304622,28,838.0
7055.0,32,419.0,6.758064516129032,4.7000008600580365,12,202.0,0.2710139619105719,20,662.0,0.17783968800767985,32,864.0
7060.0,29,401.0,6.913793103448276,4.506435139775079,13,230.0,0.2170390299417254,16,656.0,0.2791745244249184,29,886.0
7065.0,26,396.0,7.2,4.846879560565602,15,246.0,0.11271594661820736,11,583.0,0.3514036442648842,26,829.0
7070.0,26,444.0,8.377358490566039,4.583868702661193,14,257.0,0.08036929446864123,12,589.0,0.3593058670588018,26,846.0
7075.0,24,403.0,7.327272727272727,4.9029742617093,7,214.0,0.29195306446411007,17,571.0,0.1658006896295977,24,785.0
7080.0,21,372.0,6.888888888888889,5.437648930779607,7,205.0,0.45754927105629833,14,502.0,0.14425393095480096,21,707.0
7085.0,20,337.0,6.017857142857143,5.334423358433145,6,149.0,0.4296062111034827,14,530.0,0.1302083474810253,20,679.0
7090.0,26,448.0,8.145454545454545,4.87035115331936,9,150.0,0.4108107443863942,17,593.0,0.14301899427248518,26,743.0
7095.0,22,449.0,8.163636363636364,5.116949580447036,8,159.0,0.3935100929649818,14,633.0,0.258558664230342,22,792.0
7100.0,26,485.0,8.981481481481481,4.861922438609428,14,169.0,0.25709069798647355,12,618.0,0.31813532919630927,26,787.0
7105.0,23,469.0,8.375,4.47467023524941,13,166.0,0.15843418393261915,10,590.0,0.3498122374682315,23,756.0
7110.0,28,529.0,9.120689655172415,5.0981837169096815,15,197.0,0.21728145771500468,13,499.0,0.3414238675582416,28,696.0
7115.0,27,340.0,5.666666666666667,4.625423303383238,12,202.0,0.23601058194332322,15,417.0,0.3205596229612376,27,619.0
7120.0,22,211.0,3.5762711864406778,4.972431461147263,4,145.0,0.34851691978914356,18,314.0,0.24909872650948017,22,459.0
7125.0,24,255.0,4.322033898305085,5.408667977937115,5,100.0,0.5552106278945977,19,361.0,0.19117674649194635,24,461.0
7130.0,19,246.0,4.241379310344827,6.306556896904915,6,94.0,0.4459905294634186,13,360.0,0.22888842800185333,19,454.0
7135.0,16,252.0,4.5,5.568748266501574,6,114.0,0.3635739671291192,10,314.0,0.10940223156561296,16,428.0
7140.0,25,309.0,5.618181818181818,5.706208106803162,10,153.0,0.36986370230754395,15,316.0,0.08394204275368414,25,469.0
7145.0,22,209.0,4.098039215686274,4.849730888641513,7,113.0,0.4550693007541596,15,335.0,0.032488241200990205,22,448.0
7150.0,24,298.0,6.208333333333333,5.2596950042289645,6,92.0,0.5429191753377394,18,373.0,0.14116606606558316,24,465.0
7155.0,18,266.0,5.541666666666667,5.182453200855282,5,76.0,0.49052099127781934,13,385.0,0.26611315025422366,18,461.0
7160.0,14,259.0,5.51063829787234,6.725532459148581,6,84.0,0.42818768193347156,8,314.0,0.4125729125680917,14,398.0
7165.0,16,238.0,4.958333333333333,5.669056832878863,7,73.0,0.24900286710155922,9,307.0,0.3348057247111199,16,380.0
7170.0,22,286.0,5.5,5.720579862146396,9,85.0,0.27052658199059443,13,315.0,0.3323966929037256,22,400.0
7175.0,20,177.0,3.54,5.507358426784787,8,91.0,0.4278165923093437,12,252.0,0.34296804817479787,20,343.0
7180.0,13,135.0,2.5961538461538463,6.736390206016018,5,89.0,0.4982920838516687,8,159.0,0.3631819382491214,13,248.0
7185.0,16,130.0,2.3636363636363638,6.069319831950879,6,103.0,0.47262100708876,10,150.0,0.21309297238480768,16,253.0
7190.0,16,132.0,2.23728813559322,6.913233706592412,9,129.0,0.3980582253991158,7,116.0,0.33876536695880777,16,245.0
7195.0,21,190.0,3.392857142857143,5.775567236813657,13,182.0,0.20786490594702642,8,91.0,0.3970883278211546,21,273.0
7200.0,18,233.0,4.314814814814815,5.764489454932808,11,211.0,0.2394303938652512,7,107.0,0.45908301565344084,18,318.0
