step,system_total_stopped,system_total_waiting_time,system_mean_waiting_time,system_mean_speed,J17_stopped,J17_accumulated_waiting_time,J17_average_speed,J18_stopped,J18_accumulated_waiting_time,J18_average_speed,agents_total_stopped,agents_total_accumulated_waiting_time
5.0,1,0.0,0.0,1.7833499434404076,0,0.0,1.0,1,0.0,0.12422924494797973,1,0.0
10.0,0,0.0,0.0,7.214786642478555,0,0.0,0.39880487771867895,0,0.0,0.677748527338622,0,0.0
15.0,1,0.0,0.0,9.642018443867435,0,0.0,0.7852106395960617,1,0.0,0.6499051851358079,1,0.0
20.0,1,0.0,0.0,9.541302367015131,1,0.0,0.6986687296158304,0,0.0,0.6947340494007089,1,0.0
25.0,2,4.0,0.26666666666666666,7.906663032142676,1,1.0,0.5739699540203163,1,3.0,0.5963312402941109,2,4.0
30.0,6,21.0,1.05,6.513991258283953,4,11.0,0.43672125434178743,2,10.0,0.5261417811397695,6,21.0
35.0,7,50.0,2.1739130434782608,7.1522700939896255,3,24.0,0.5711953618880011,4,26.0,0.4773017264056993,7,50.0
40.0,9,73.0,2.8076923076923075,6.073517057348733,4,41.0,0.4575045945398823,5,32.0,0.40807141231733945,9,73.0
45.0,12,122.0,4.206896551724138,5.703936947736568,5,68.0,0.3846879212275857,7,60.0,0.37258272983894625,12,128.0
50.0,10,116.0,3.625,5.540615393296693,6,71.0,0.36579248985152235,4,63.0,0.40840939153419403,10,134.0
55.0,13,171.0,5.181818181818182,6.222659879495171,6,102.0,0.45117800399002284,7,78.0,0.3603099418828169,13,180.0
60.0,13,176.0,5.333333333333333,5.720083320221759,4,82.0,0.46358874580658366,9,122.0,0.3035359610059779,13,204.0
65.0,11,147.0,4.083333333333333,5.998072997133309,5,85.0,0.41093969031615635,6,101.0,0.3564988291928087,11,186.0
70.0,17,184.0,4.717948717948718,5.2704081037186175,10,122.0,0.23808776283784644,7,87.0,0.39464903698440446,17,209.0
75.0,17,251.0,5.976190476190476,6.171767250657235,11,173.0,0.31278477963022855,6,109.0,0.4479633689954267,17,282.0
80.0,17,279.0,6.2,5.840798787916214,8,181.0,0.33758280255142736,9,141.0,0.4069120670421681,17,322.0
85.0,14,263.0,5.844444444444444,5.312667317915578,6,171.0,0.3977129401395401,8,127.0,0.30450179880435213,14,298.0
90.0,17,335.0,6.979166666666667,6.543674008955993,7,206.0,0.420659254832914,10,150.0,0.3129569132593869,17,356.0
95.0,16,327.0,6.54,6.576187246842656,7,188.0,0.43809734264480743,9,171.0,0.2742417070118752,16,359.0
100.0,18,413.0,8.787234042553191,6.184870267641273,8,224.0,0.44352622594965996,10,203.0,0.2767899799247017,18,427.0
105.0,17,454.0,10.088888888888889,4.502030123096193,7,252.0,0.36493524581709347,10,236.0,0.21118589781284128,17,488.0
110.0,26,565.0,11.3,4.518230276239888,14,306.0,0.26462080142836014,12,279.0,0.30591857800624245,26,585.0
115.0,23,472.0,9.63265306122449,4.320259231512217,13,344.0,0.22989678456376658,10,222.0,0.37741401873300084,23,566.0
120.0,15,445.0,9.081632653061224,5.440015990513855,9,364.0,0.2790204443174034,6,149.0,0.3265201332336523,15,513.0
125.0,15,279.0,6.065217391304348,5.574709809265805,6,263.0,0.20091451100409646,9,141.0,0.2542561487726562,15,404.0
130.0,16,223.0,4.551020408163265,6.286066754643079,5,110.0,0.14037292294641984,11,191.0,0.23018023272035637,16,301.0
135.0,20,313.0,6.955555555555556,6.202209760843823,7,93.0,0.3146370865712668,13,252.0,0.2582234917798698,20,345.0
140.0,14,213.0,4.953488372093023,5.855814542265051,3,72.0,0.4298271997365516,11,226.0,0.2649746724580393,14,298.0
145.0,13,236.0,6.051282051282051,6.965567303329481,5,73.0,0.5340326060951818,8,184.0,0.36986081681185207,13,257.0
150.0,13,156.0,4.0,6.192082425862365,5,55.0,0.4763431678126072,8,165.0,0.308424535322564,13,220.0
155.0,11,181.0,4.309523809523809,7.703369677450509,4,58.0,0.5507563184306259,7,159.0,0.4436158665355792,11,217.0
160.0,15,140.0,3.255813953488372,6.513633341669799,7,81.0,0.4395470084495558,8,144.0,0.39189318863797284,15,225.0
165.0,17,179.0,4.162790697674419,5.768447305211288,7,99.0,0.4860674456360127,10,136.0,0.3054984313385338,17,235.0
170.0,19,160.0,3.6363636363636362,4.2766022535641595,9,86.0,0.34640269776873384,10,144.0,0.27032504264567064,19,230.0
175.0,15,196.0,4.260869565217392,5.691018255631433,10,125.0,0.2991013469024022,5,127.0,0.41874543321279933,15,252.0
180.0,19,144.0,2.88,4.618266047016586,12,137.0,0.1375747928846403,7,84.0,0.35598885650228734,19,221.0
185.0,18,183.0,3.519230769230769,6.356821240609283,6,123.0,0.40747540691218886,12,133.0,0.3232749283610971,18,256.0
190.0,17,242.0,4.84,6.008809716384804,6,124.0,0.4253401469524111,11,169.0,0.2621174120467207,17,293.0
195.0,17,281.0,5.509803921568627,6.5172075780640775,7,146.0,0.35876813368285304,10,166.0,0.31076818251472943,17,312.0
200.0,18,229.0,4.673469387755102,5.378152468938184,7,124.0,0.22991610853308456,11,164.0,0.23459782120727107,18,288.0
205.0,20,284.0,6.173913043478261,5.844538088997193,8,134.0,0.3257858291672328,12,191.0,0.29928705217341167,20,325.0
210.0,19,272.0,6.325581395348837,4.5540234329967575,9,178.0,0.3360384157338566,10,178.0,0.27616734148611266,19,356.0
215.0,17,201.0,4.466666666666667,4.673159943267229,8,126.0,0.33938837713251907,9,148.0,0.27365264951999135,17,274.0
220.0,18,221.0,4.42,5.360023246926069,8,124.0,0.4036599418422954,10,159.0,0.21732065190054095,18,283.0
225.0,24,240.0,4.444444444444445,5.224968289525968,8,112.0,0.3910460309794242,16,228.0,0.2261667180686259,24,340.0
230.0,19,211.0,3.7017543859649122,5.504541477385614,6,84.0,0.4397542603224556,13,245.0,0.25195126478540375,19,329.0
235.0,14,171.0,3.0,6.262691007766824,5,75.0,0.4314774302612824,9,210.0,0.36235491690789523,14,285.0
240.0,18,237.0,4.086206896551724,6.495776634032781,9,77.0,0.36213642360005593,9,238.0,0.37349130425553856,18,315.0
245.0,27,329.0,5.576271186440678,4.513625366197593,13,100.0,0.23636741893218183,14,302.0,0.20520176286854117,27,402.0
250.0,31,419.0,6.983333333333333,4.86660358819966,14,158.0,0.2793363621742672,17,351.0,0.20442338682700917,31,509.0
255.0,27,440.0,7.333333333333333,4.503616393482327,12,184.0,0.3081622255128408,15,371.0,0.23085624143901456,27,555.0
260.0,24,372.0,6.098360655737705,5.30339210484761,8,149.0,0.4170163078259358,16,391.0,0.20129694273155732,24,540.0
265.0,26,328.0,5.046153846153846,5.420261322732651,11,148.0,0.4271034982021185,15,364.0,0.1670985795631896,26,512.0
270.0,29,347.0,4.957142857142857,5.5347022881228005,13,186.0,0.3816916852517211,16,370.0,0.19557940815030217,29,556.0
275.0,23,271.0,4.106060606060606,6.137948574374409,12,191.0,0.3662263054044959,11,321.0,0.32539403919850063,23,512.0
280.0,24,326.0,4.794117647058823,5.609617772816044,14,212.0,0.26161638228345907,10,312.0,0.3228472113972866,24,524.0
285.0,28,301.0,4.426470588235294,5.08472020040151,14,203.0,0.2986478072752869,14,290.0,0.23475106352734781,28,493.0
290.0,27,312.0,4.656716417910448,5.048917618771485,12,188.0,0.30220166755672645,15,324.0,0.24018180346982795,27,512.0
295.0,31,366.0,5.462686567164179,4.952724674873572,12,214.0,0.28494490979491793,19,340.0,0.189091297657755,31,554.0
300.0,32,355.0,5.461538461538462,4.450874478331087,15,235.0,0.24812520065811164,17,362.0,0.2288746900797549,32,597.0
305.0,24,319.0,5.145161290322581,4.582336729877531,13,266.0,0.25217660542104176,11,306.0,0.25683706565460424,24,572.0
310.0,26,371.0,6.183333333333334,4.549867678273798,13,277.0,0.23012501374207542,13,307.0,0.172529861557879,26,584.0
315.0,26,362.0,5.746031746031746,4.376934484230236,12,278.0,0.19861825482226092,14,331.0,0.14189139007926302,26,609.0
320.0,28,440.0,7.096774193548387,5.1508263956142875,15,287.0,0.2820672502363603,13,381.0,0.3086289747920456,28,668.0
325.0,32,549.0,9.0,4.870744438995983,14,315.0,0.27343076900472546,18,462.0,0.3482661664589311,32,777.0
330.0,29,431.0,6.951612903225806,3.953630209688317,13,304.0,0.24059160831449275,16,421.0,0.2697178214697263,29,725.0
335.0,33,478.0,7.46875,3.7717314160583824,13,338.0,0.3237342271433621,20,383.0,0.1797800987624742,33,721.0
340.0,31,475.0,7.3076923076923075,3.9403408725608413,11,319.0,0.4087478245021879,20,412.0,0.10958662194599457,31,731.0
345.0,24,261.0,3.838235294117647,4.700659699871596,10,246.0,0.3207650988387011,14,358.0,0.20016717672562317,24,604.0
350.0,24,316.0,4.579710144927536,5.632105436813291,14,225.0,0.235414190139192,10,323.0,0.3161937293034156,24,548.0
355.0,26,374.0,5.582089552238806,5.691267719143018,18,277.0,0.16205904999144105,8,280.0,0.41050556366461277,26,557.0
360.0,20,421.0,6.901639344262295,5.605986554825998,11,305.0,0.28655980129652864,9,294.0,0.3245622919593576,20,599.0
365.0,18,276.0,4.6,6.145035140699805,10,268.0,0.388474380138217,8,252.0,0.343278489762133,18,520.0
370.0,22,252.0,4.271186440677966,5.902621190379809,15,290.0,0.34214344679630454,7,138.0,0.3729437809455478,22,428.0
375.0,30,342.0,5.428571428571429,5.11580661420658,21,349.0,0.22512789005402475,9,118.0,0.3931415924973154,30,467.0
380.0,29,400.0,5.970149253731344,5.135705931582658,23,415.0,0.25081375880798895,6,110.0,0.436350677349869,29,525.0
385.0,29,417.0,6.132352941176471,4.513823671929885,21,429.0,0.24115747089690034,8,121.0,0.36513392988045934,29,550.0
390.0,32,438.0,6.537313432835821,4.3232560873781605,21,428.0,0.2141580058743765,11,142.0,0.3976908316916887,32,570.0
395.0,34,476.0,6.611111111111111,3.9174704071532838,22,445.0,0.1926361839762798,12,194.0,0.3255137744970827,34,639.0
400.0,29,275.0,3.7162162162162162,4.059737653901685,18,413.0,0.2121900691879238,11,184.0,0.30758233286843945,29,597.0
405.0,23,243.0,3.375,5.222041822298956,16,382.0,0.24717163778774445,7,127.0,0.35801425730198716,23,509.0
410.0,23,287.0,3.986111111111111,5.479785509537008,14,366.0,0.23912737402182405,9,136.0,0.3010667707097091,23,502.0
415.0,25,338.0,4.970588235294118,5.228535222923305,17,394.0,0.22399259700662447,8,143.0,0.19925630766565347,25,537.0
420.0,31,392.0,5.9393939393939394,3.989593357268581,20,409.0,0.1366906801255771,11,180.0,0.22556677368243616,31,589.0
425.0,28,324.0,4.984615384615385,4.789772781424074,22,449.0,0.1781187851586533,6,146.0,0.4166446727138819,28,595.0
430.0,26,330.0,5.238095238095238,5.312148308082262,21,489.0,0.17739462538065554,5,102.0,0.5701751329801098,26,591.0
435.0,21,248.0,4.133333333333334,4.727854310263589,17,463.0,0.21809014187900685,4,107.0,0.3760508371096242,21,570.0
440.0,18,225.0,3.75,4.632151811469053,12,503.0,0.13141694075427476,6,95.0,0.34346184355081655,18,598.0
445.0,25,306.0,4.935483870967742,5.188433460019503,18,540.0,0.12075345478274159,7,124.0,0.4105010868901598,25,664.0
450.0,25,336.0,5.419354838709677,4.702604834683365,20,570.0,0.08843641652680967,5,105.0,0.44056725998685375,25,675.0
455.0,22,390.0,6.724137931034483,5.217262539122015,14,544.0,0.19800507602084333,8,130.0,0.44801758028606187,22,674.0
460.0,18,266.0,4.75,4.69469145220536,10,487.0,0.21606135913095367,8,151.0,0.3829615553995732,18,638.0
465.0,27,368.0,6.344827586206897,4.2429672455301155,15,496.0,0.15919704990549974,12,186.0,0.32707674967043654,27,682.0
470.0,32,343.0,5.716666666666667,4.052624479689736,20,510.0,0.14251283824182898,12,176.0,0.34194203255876515,32,686.0
475.0,27,317.0,5.660714285714286,4.342070067167616,17,476.0,0.1786153492810071,10,141.0,0.3725294818866613,27,617.0
480.0,29,344.0,5.639344262295082,4.043513399006398,18,484.0,0.18452851998770345,11,163.0,0.34741423090147205,29,647.0
485.0,26,304.0,4.75,4.698939054960762,10,445.0,0.29169618050327234,16,209.0,0.2360325623610688,26,654.0
490.0,21,249.0,3.9523809523809526,5.024314212402982,6,355.0,0.39607623972424005,15,217.0,0.21853907657085422,21,572.0
495.0,14,259.0,4.17741935483871,6.0670571925230625,6,299.0,0.4064102437453662,8,189.0,0.2851821100674264,14,488.0
500.0,18,253.0,4.147540983606557,5.4758410115494325,7,288.0,0.34676170692325764,11,206.0,0.262428146896711,18,494.0
505.0,30,373.0,6.216666666666667,4.460577557793063,14,341.0,0.24381671527900772,16,248.0,0.17699503765651206,30,589.0
510.0,32,374.0,6.032258064516129,4.288935906093989,17,328.0,0.2283981898977407,15,257.0,0.2651153633436407,32,585.0
515.0,26,403.0,6.296875,5.3055404739317975,16,334.0,0.30022874269077177,10,246.0,0.36919098520246646,26,580.0
520.0,24,389.0,5.984615384615385,4.720890722017326,15,353.0,0.33066663662112483,9,242.0,0.296287385035792,24,595.0
525.0,18,239.0,3.621212121212121,5.13591786945218,10,324.0,0.32397092713249553,8,191.0,0.24329457175468128,18,515.0
530.0,19,162.0,2.4923076923076923,5.771736626536307,10,283.0,0.3080936239653286,9,171.0,0.28813247918405416,19,454.0
535.0,27,256.0,4.129032258064516,4.98518671861419,15,267.0,0.17528374675282735,12,206.0,0.22645450776394513,27,473.0
540.0,30,311.0,5.271186440677966,3.533694970503501,21,349.0,0.0583521490498639,9,199.0,0.24542656282070544,30,548.0
545.0,30,370.0,6.607142857142857,4.18303559727781,23,426.0,0.12203780713525515,7,152.0,0.4138569347308678,30,578.0
550.0,28,424.0,7.43859649122807,4.415488169196865,21,467.0,0.1584022145350361,7,159.0,0.46904738671139734,28,626.0
555.0,21,376.0,6.836363636363636,5.9263393087867415,13,412.0,0.21957481323877173,8,191.0,0.4973780540312493,21,603.0
560.0,19,431.0,8.288461538461538,5.007739773466649,11,381.0,0.19523168509382477,8,231.0,0.3318208575305856,19,612.0
565.0,23,472.0,8.581818181818182,4.905372522023903,12,384.0,0.13593520757750788,11,258.0,0.3375397103828772,23,642.0
570.0,22,400.0,7.2727272727272725,4.894368063305062,16,406.0,0.13861872455765517,6,198.0,0.40369397799289003,22,604.0
575.0,18,466.0,8.321428571428571,6.660515168062514,11,378.0,0.31945974449312614,7,171.0,0.5052907871147584,18,549.0
580.0,17,257.0,4.589285714285714,6.230947410898149,11,313.0,0.37737747125254323,6,129.0,0.4440569682834865,17,442.0
585.0,19,270.0,4.821428571428571,6.775887795057858,12,234.0,0.4600584932406309,7,79.0,0.35359461646197515,19,313.0
590.0,21,280.0,5.090909090909091,5.4077836281966025,13,293.0,0.33379229791849097,8,70.0,0.3377070925354273,21,363.0
595.0,26,294.0,4.983050847457627,4.978235887279093,17,307.0,0.2114908894720538,9,97.0,0.3991750819342614,26,404.0
600.0,26,331.0,5.516666666666667,4.584690469074137,16,302.0,0.2254419554173218,10,129.0,0.34713094134332007,26,431.0
605.0,27,383.0,6.079365079365079,4.785316448348023,15,330.0,0.2667631564280247,12,184.0,0.32002528208210407,27,514.0
610.0,23,314.0,4.757575757575758,5.1577905371613655,13,322.0,0.3039519633397106,10,178.0,0.3416103147222013,23,500.0
615.0,17,179.0,2.671641791044776,5.56020146705829,11,283.0,0.280089329302911,6,122.0,0.3869917458291403,17,405.0
620.0,21,246.0,3.671641791044776,4.973864664420783,14,261.0,0.1711427417576269,7,148.0,0.33936866299364693,21,409.0
625.0,33,363.0,5.338235294117647,4.4604820995702275,18,298.0,0.13664161517209675,15,207.0,0.3176772899102636,33,505.0
630.0,28,418.0,6.741935483870968,4.255012997486215,12,317.0,0.23259569552902853,16,244.0,0.2276582536404057,28,561.0
635.0,25,483.0,8.186440677966102,4.147500345523648,13,364.0,0.20783881870548082,12,244.0,0.24529881480819002,25,608.0
640.0,28,537.0,8.95,3.384275959782341,17,435.0,0.06982994430591134,11,268.0,0.2710576797129582,28,703.0
645.0,31,514.0,8.290322580645162,4.469666543509955,17,437.0,0.2033906382649057,14,287.0,0.3254586440864218,31,724.0
650.0,30,591.0,9.234375,4.7763883938030895,15,388.0,0.3146605392553112,15,362.0,0.2680815641201597,30,750.0
655.0,38,663.0,9.895522388059701,3.7984474747347856,17,395.0,0.21651708613797815,21,456.0,0.24491128675858062,38,851.0
660.0,42,650.0,9.154929577464788,3.6614477591762133,21,378.0,0.17355507794171793,21,469.0,0.26584146596661967,42,847.0
665.0,39,586.0,8.492753623188406,3.5304905460806038,19,407.0,0.21532099787032666,20,443.0,0.23222809971122224,39,850.0
670.0,31,420.0,6.0,3.6087160274253853,12,343.0,0.24603893668920948,19,472.0,0.1677739329776468,31,815.0
675.0,24,313.0,4.287671232876712,4.417888128589175,7,266.0,0.25059848312848415,17,429.0,0.14117721292469543,24,695.0
680.0,22,299.0,4.095890410958904,5.906437577001153,8,226.0,0.4023107142736117,14,426.0,0.18781202919926798,22,652.0
685.0,17,190.0,2.6027397260273974,6.325915370480097,7,205.0,0.4155377427879781,10,379.0,0.19601333936169324,17,584.0
690.0,26,275.0,3.8194444444444446,5.464004827215898,12,237.0,0.33191207711294146,14,380.0,0.17994880736048727,26,617.0
695.0,30,354.0,5.363636363636363,4.5827856924945705,15,271.0,0.25065279711185107,15,381.0,0.23100948142317695,30,652.0
700.0,21,358.0,5.507692307692308,4.901228719586578,8,266.0,0.21894934119224838,13,357.0,0.30198815072888446,21,623.0
705.0,22,235.0,3.5074626865671643,5.486499902902935,7,179.0,0.2880396008709951,15,326.0,0.2975605413175173,22,505.0
710.0,28,257.0,3.953846153846154,5.115947891725981,12,116.0,0.3280304347055892,16,330.0,0.259142982128053,28,446.0
715.0,25,318.0,4.746268656716418,5.268183413906674,11,151.0,0.32002403823075454,14,283.0,0.302780227382635,25,434.0
720.0,22,395.0,6.076923076923077,5.6826800921228635,6,153.0,0.45830360377305607,16,347.0,0.18094863592777055,22,500.0
725.0,23,442.0,6.696969696969697,6.120205406688943,9,177.0,0.4574802170312341,14,375.0,0.1348819494101892,23,552.0
730.0,18,364.0,5.432835820895522,5.6412070546108115,9,150.0,0.30337875931928837,9,380.0,0.13083528681428583,18,530.0
735.0,23,381.0,5.861538461538461,5.129984809377986,14,172.0,0.19429449358757186,9,377.0,0.15294073573156292,23,549.0
740.0,32,460.0,6.865671641791045,5.133522933426578,16,230.0,0.24683671913187027,16,384.0,0.24392480025217542,32,614.0
745.0,21,492.0,7.6875,5.873462099335503,11,248.0,0.3401305474585413,10,390.0,0.3598410369439679,21,638.0
750.0,19,534.0,8.754098360655737,6.613033006193344,12,276.0,0.3462583186468988,7,352.0,0.4227836412063187,19,628.0
755.0,21,598.0,9.80327868852459,5.677923062537429,13,312.0,0.16319475009692339,8,386.0,0.3900714438571824,21,698.0
760.0,30,720.0,12.203389830508474,5.436881591672816,18,380.0,0.10283113150686551,12,437.0,0.27720574838532236,30,817.0
765.0,30,670.0,12.181818181818182,4.637813556000366,18,444.0,0.07496855968577182,12,416.0,0.2594667186979431,30,860.0
770.0,28,623.0,11.98076923076923,4.349459070228343,18,514.0,0.13917157837212452,10,321.0,0.26092383560660987,28,835.0
775.0,26,621.0,12.176470588235293,3.877030025508339,14,545.0,0.27024642409657945,12,334.0,0.21504551457044113,26,879.0
780.0,26,709.0,13.377358490566039,4.840901242495478,13,538.0,0.38548558789642706,13,374.0,0.21629915896403515,26,912.0
785.0,24,444.0,7.655172413793103,4.959665919535983,13,429.0,0.3075755077691806,11,355.0,0.31902081971968477,24,784.0
790.0,14,170.0,2.8333333333333335,7.034481035387953,9,278.0,0.375536905525652,5,278.0,0.4753757379518952,14,556.0
795.0,19,213.0,3.55,6.625279757460062,10,215.0,0.3300673399651046,9,273.0,0.3816156741504949,19,488.0
800.0,26,323.0,5.209677419354839,6.295704016682635,13,208.0,0.22738524409317154,13,281.0,0.3430067268116099,26,489.0
805.0,20,296.0,4.774193548387097,5.223788083469909,11,218.0,0.22815579305379166,9,209.0,0.29563210556620517,20,427.0
810.0,25,342.0,5.516129032258065,5.696840009181131,13,267.0,0.30437037321185284,12,198.0,0.35304690526116966,25,465.0
815.0,24,372.0,6.2,5.802696367102076,11,276.0,0.37557359117624817,13,205.0,0.3807297453044993,24,481.0
820.0,29,494.0,7.841269841269841,4.984200985366348,14,343.0,0.22112591221176717,15,248.0,0.3291525496130408,29,591.0
825.0,31,478.0,7.836065573770492,4.305496593287143,13,334.0,0.23159980003755348,18,304.0,0.24974841947655524,31,638.0
830.0,25,491.0,8.049180327868852,4.744605429450374,13,348.0,0.2053011823758275,12,312.0,0.24020998984709072,25,660.0
835.0,25,316.0,5.096774193548387,4.139036922521778,13,311.0,0.09823351409030744,12,298.0,0.221125646940469,25,609.0
840.0,26,245.0,3.888888888888889,4.975344380808258,6,190.0,0.3276655311874995,20,339.0,0.1636522631643938,26,529.0
845.0,27,327.0,5.190476190476191,4.3338887409121085,7,218.0,0.3580092829990226,20,395.0,0.1362063405659934,27,613.0
850.0,27,410.0,6.612903225806452,5.294813801595072,14,275.0,0.2884070988467285,13,403.0,0.27908494576918613,27,678.0
855.0,25,364.0,5.967213114754099,4.521520845064461,13,293.0,0.1882792496081583,12,360.0,0.2798483463646201,25,653.0
860.0,31,374.0,6.131147540983607,4.298284086618194,17,357.0,0.22646751850928365,14,310.0,0.266028813541304,31,667.0
865.0,29,396.0,6.711864406779661,3.6670676046037025,17,442.0,0.26794923419289973,12,307.0,0.23081640029446027,29,749.0
870.0,39,535.0,8.492063492063492,2.853064593139629,22,542.0,0.20310822248038818,17,291.0,0.12730572904958012,39,833.0
875.0,40,548.0,8.5625,2.4551159769292035,21,529.0,0.15549173705334957,19,324.0,0.11080183534161472,40,853.0
880.0,24,330.0,5.0,4.36954927366359,14,445.0,0.12230292724668212,10,298.0,0.27443406141695637,24,743.0
885.0,19,305.0,4.485294117647059,5.921000215269123,9,386.0,0.24670294738544105,10,303.0,0.2935114915497786,19,689.0
890.0,22,249.0,3.772727272727273,5.678339610367762,5,296.0,0.2938762575703166,17,371.0,0.22532829103083138,22,667.0
895.0,30,309.0,5.15,4.2228182261012925,11,255.0,0.16851606869904984,19,395.0,0.21940132451941954,30,650.0
900.0,31,344.0,5.733333333333333,4.224543358110603,16,327.0,0.20485063488465424,15,375.0,0.22815322493821652,31,702.0
905.0,30,427.0,6.777777777777778,4.02539136969297,13,328.0,0.2872694970927568,17,438.0,0.21702730040092016,30,766.0
910.0,27,457.0,7.140625,4.704329205195482,6,253.0,0.344431497078838,21,527.0,0.24372040497145578,27,780.0
915.0,27,477.0,7.453125,5.468699541186431,7,207.0,0.3935474695188046,20,544.0,0.24571349900744582,27,751.0
920.0,23,362.0,5.746031746031746,5.893155989757956,9,195.0,0.32765344083882186,14,464.0,0.21136400473101188,23,659.0
925.0,21,412.0,7.103448275862069,5.676400719994701,7,218.0,0.2235607665797526,14,394.0,0.22242217856690094,21,612.0
930.0,24,518.0,8.931034482758621,6.3108049501577845,8,247.0,0.24587420204981936,16,378.0,0.23076085261101376,24,625.0
935.0,24,637.0,12.490196078431373,5.799386614287169,8,286.0,0.22279045648718798,16,448.0,0.25973192096689285,24,734.0
940.0,19,375.0,7.5,5.7681358665289135,6,186.0,0.25041795572570885,13,420.0,0.34717074014831706,19,606.0
945.0,17,394.0,7.7254901960784315,6.038438377783883,7,130.0,0.39021382330851645,10,393.0,0.32208277164046667,17,523.0
950.0,20,486.0,9.346153846153847,6.220760335241405,8,163.0,0.41687133710913404,12,425.0,0.32610970937233513,20,588.0
955.0,17,528.0,10.153846153846153,6.075782675522543,5,174.0,0.502449517146653,12,475.0,0.29411908420273164,17,649.0
960.0,18,603.0,12.06,6.292394469988171,6,181.0,0.5087671784114473,12,524.0,0.28290309608837694,18,705.0
965.0,21,569.0,12.106382978723405,4.4724246743268745,6,204.0,0.28220030030831283,15,501.0,0.18977500511265977,21,705.0
970.0,23,417.0,8.510204081632653,4.278887365908102,12,254.0,0.21071029017081766,11,397.0,0.22667949113035105,23,651.0
975.0,20,281.0,5.509803921568627,4.140974110320231,10,219.0,0.2861500835486114,10,413.0,0.2347293962414099,20,632.0
980.0,20,326.0,6.392156862745098,5.36596467295902,5,220.0,0.44461632445582344,15,473.0,0.24151123712161934,20,693.0
985.0,25,433.0,8.018518518518519,5.179900161178011,6,215.0,0.4672677852106494,19,555.0,0.12865936319714769,25,770.0
990.0,22,338.0,6.035714285714286,5.191159824058394,4,118.0,0.49140363428512995,18,568.0,0.13674023527456422,22,686.0
995.0,21,387.0,6.910714285714286,5.692539285770991,6,68.0,0.4431185351652277,15,584.0,0.2714182395016015,21,652.0
1000.0,21,462.0,7.9655172413793105,5.571888307188137,5,90.0,0.42731182160085684,16,653.0,0.3199952939647466,21,743.0
1005.0,26,565.0,9.741379310344827,4.792181197196628,7,100.0,0.49320093445741087,19,739.0,0.17701844971133576,26,839.0
1010.0,23,464.0,8.140350877192983,4.8342632216165144,4,83.0,0.46502212528248876,19,747.0,0.17664330490089555,23,830.0
1015.0,23,346.0,5.766666666666667,5.433080373322784,9,105.0,0.3666286115464766,14,652.0,0.19666289757047353,23,757.0
1020.0,25,455.0,7.711864406779661,5.528123368253777,12,155.0,0.2773510826702624,13,582.0,0.2846454795719224,25,737.0
1025.0,22,314.0,5.508771929824562,5.283685921639048,10,132.0,0.31955685530179817,12,559.0,0.2593138169729067,22,691.0
1030.0,27,377.0,6.614035087719298,5.096114381389394,13,153.0,0.25378333571590717,14,527.0,0.26107709055298867,27,680.0
1035.0,27,365.0,6.4035087719298245,4.550288680916765,12,176.0,0.28011360083299003,15,468.0,0.2378950894864012,27,644.0
1040.0,25,356.0,6.245614035087719,5.478557201477041,11,231.0,0.36394937483381473,14,349.0,0.2978523546577653,25,580.0
1045.0,25,343.0,6.017543859649122,4.585625525814625,11,222.0,0.3248866223846352,14,405.0,0.252988884036123,25,627.0
1050.0,22,347.0,6.196428571428571,5.092534150632724,5,141.0,0.383001292051993,17,485.0,0.2142619636696493,22,626.0
1055.0,25,285.0,4.75,4.072016169569347,7,125.0,0.31016825983475005,18,509.0,0.11532424114733679,25,634.0
1060.0,24,246.0,3.727272727272727,5.642297084593634,13,153.0,0.3400203054777802,11,454.0,0.20129382685271965,24,607.0
1065.0,19,240.0,3.6363636363636362,5.701909740609739,10,175.0,0.3657480992069897,9,400.0,0.2663770161178728,19,575.0
1070.0,26,309.0,4.681818181818182,6.232954273620568,13,200.0,0.32233758019780284,13,316.0,0.32440948205167647,26,516.0
1075.0,28,360.0,5.538461538461538,4.859397138080744,12,182.0,0.19224439893353934,16,376.0,0.33346247936511453,28,558.0
1080.0,26,377.0,5.984126984126984,4.648854146106507,8,149.0,0.2751269015379456,18,463.0,0.24442526768951062,26,612.0
1085.0,27,400.0,6.451612903225806,4.403618724032367,8,137.0,0.30803325539343307,19,484.0,0.2150608108141563,27,621.0
1090.0,20,357.0,5.852459016393443,5.1347358178140015,8,141.0,0.2565062624195337,12,433.0,0.2720055933493577,20,574.0
1095.0,29,480.0,7.868852459016393,5.507697263796014,13,174.0,0.23084859992110413,16,443.0,0.28211867540553304,29,617.0
1100.0,30,385.0,6.416666666666667,4.0503935821378105,16,249.0,0.13225118804558553,14,375.0,0.24164888084742817,30,624.0
1105.0,31,417.0,6.836065573770492,4.663574186983053,19,339.0,0.17311207606294807,12,247.0,0.2903583021788772,31,586.0
1110.0,28,436.0,7.389830508474576,4.385127013313204,14,350.0,0.3042442119848855,14,289.0,0.20003324641287248,28,639.0
1115.0,24,369.0,6.049180327868853,4.911639712887414,6,273.0,0.356368237004302,18,353.0,0.10369991104271668,24,626.0
1120.0,23,373.0,6.114754098360656,4.68868542607912,8,284.0,0.32777361642651986,15,376.0,0.0972190806268899,23,660.0
1125.0,24,402.0,6.813559322033898,4.907362764738757,14,318.0,0.23580017053731372,10,359.0,0.2029177425451675,24,677.0
1130.0,26,238.0,4.033898305084746,4.426314423822304,18,346.0,0.15970697918321963,8,276.0,0.27036332798926116,26,622.0
1135.0,31,341.0,5.982456140350878,4.414914830206913,19,374.0,0.19980299057812612,12,236.0,0.30807624996609423,31,610.0
1140.0,29,397.0,7.490566037735849,3.6849276517001406,20,465.0,0.24294444511414579,9,192.0,0.2578035432025523,29,657.0
1145.0,33,480.0,8.571428571428571,3.6041204439800003,25,574.0,0.1613697424741099,8,167.0,0.3143659306449084,33,741.0
1150.0,32,459.0,7.524590163934426,3.2853601869008737,23,596.0,0.18351973294191432,9,149.0,0.28658516074203394,32,745.0
1155.0,23,271.0,4.1692307692307695,5.063951465469653,16,498.0,0.20768374338928977,7,110.0,0.3803256577548569,23,608.0
1160.0,17,224.0,3.2941176470588234,6.1082565755008105,11,407.0,0.27422593856416494,6,100.0,0.44423783309870185,17,507.0
1165.0,20,204.0,2.8732394366197185,6.764918541141855,8,337.0,0.3415551230730768,12,140.0,0.38914220030062013,20,477.0
1170.0,24,248.0,3.701492537313433,5.685125070253371,14,319.0,0.3009426009912946,10,162.0,0.36438856391645347,24,481.0
1175.0,24,311.0,4.936507936507937,5.591715791732704,18,386.0,0.23594851313942913,6,155.0,0.43567134006085745,24,541.0
1180.0,31,441.0,7.0,4.104610369458463,23,480.0,0.10014117480904698,8,187.0,0.30789677388792275,31,667.0
1185.0,34,491.0,7.919354838709677,4.3193046210516375,22,505.0,0.15517076459018925,12,241.0,0.28342439634937955,34,746.0
1190.0,33,565.0,9.416666666666666,3.8346466138929145,22,560.0,0.13919321398063103,11,276.0,0.2735666186509504,33,836.0
1195.0,33,604.0,10.413793103448276,3.3958825813396265,24,574.0,0.058706625761029224,9,288.0,0.26737428147998255,33,862.0
1200.0,27,494.0,8.233333333333333,4.786201821238252,15,491.0,0.1870018014490413,12,336.0,0.21133921048000548,27,827.0
1205.0,16,320.0,5.517241379310345,5.731526286709004,6,484.0,0.261689394991794,10,293.0,0.2954824062849944,16,777.0
1210.0,22,334.0,5.661016949152542,5.134237041513179,13,536.0,0.20482008613096,9,213.0,0.25731459473783574,22,749.0
1215.0,27,314.0,5.508771929824562,3.8680928186453905,17,544.0,0.17562042305296488,10,209.0,0.24402529787036617,27,753.0
1220.0,28,357.0,6.375,3.8865309926539333,21,601.0,0.16378177379417166,7,209.0,0.3748649705866092,28,810.0
1225.0,25,346.0,5.864406779661017,4.267533448842662,20,606.0,0.2083597137044225,5,162.0,0.39925554142096564,25,768.0
1230.0,23,307.0,4.951612903225806,5.368634682955058,14,517.0,0.28269076640899726,9,169.0,0.3167362437435065,23,686.0
1235.0,19,258.0,4.161290322580645,6.139397996219656,9,395.0,0.3094330079280425,10,187.0,0.276080688381686,19,582.0
1240.0,17,308.0,4.888888888888889,6.8303786870691425,9,328.0,0.3299123133834591,8,193.0,0.26606955277304145,17,521.0
1245.0,15,339.0,5.745762711864407,6.184989338978836,6,295.0,0.32552993251039003,9,225.0,0.18253743298053168,15,520.0
1250.0,19,339.0,5.947368421052632,5.716081808875684,10,301.0,0.18951576478431917,9,233.0,0.36058389376532185,19,534.0
1255.0,24,381.0,6.927272727272728,5.143692705888521,16,354.0,0.17179391319463685,8,217.0,0.42774332045662344,24,571.0
1260.0,26,465.0,9.117647058823529,4.636839253075208,19,447.0,0.23305659521130564,7,228.0,0.4225986905843124,26,675.0
1265.0,25,560.0,10.980392156862745,4.247345711447899,17,519.0,0.2375015459585897,8,240.0,0.31530834344571135,25,759.0
1270.0,32,700.0,11.864406779661017,4.133875809847784,20,599.0,0.2544813240818367,12,286.0,0.25522850826735893,32,885.0
1275.0,29,714.0,10.984615384615385,4.073125981794571,18,593.0,0.22436911653569835,11,320.0,0.3129468696280678,29,913.0
1280.0,23,592.0,9.107692307692307,5.524199047880851,14,535.0,0.2633352248055722,9,345.0,0.43677532645079714,23,880.0
1285.0,16,360.0,5.538461538461538,5.852807295867377,7,376.0,0.29024931475333643,9,390.0,0.28862596807481944,16,766.0
1290.0,24,424.0,6.235294117647059,5.817587202111336,11,330.0,0.20480208377736311,13,449.0,0.3198897253539079,24,779.0
1295.0,29,401.0,6.265625,4.206325642851178,19,400.0,0.07348588813551044,10,394.0,0.3469822551640954,29,794.0
1300.0,32,344.0,5.733333333333333,4.3511830287458535,25,516.0,0.17223918606947414,7,287.0,0.4093643007023943,32,803.0
1305.0,32,404.0,6.412698412698413,4.144182740917224,26,641.0,0.22739290352032024,6,236.0,0.3136331461410473,32,877.0
1310.0,31,442.0,6.8,4.2852337981047475,22,653.0,0.2181351305588532,9,233.0,0.3222363631721091,31,886.0
1315.0,28,356.0,5.393939393939394,4.687800469676122,18,543.0,0.20947096446586855,10,265.0,0.31671237102071925,28,808.0
1320.0,26,382.0,5.617647058823529,5.344872828725717,16,473.0,0.20020787589838504,10,312.0,0.3169874418863972,26,785.0
1325.0,25,404.0,5.690140845070423,5.517751362546678,14,445.0,0.22791915570423096,11,365.0,0.2582636909652201,25,810.0
1330.0,25,440.0,6.3768115942028984,5.453281059300591,15,478.0,0.226750702788169,10,331.0,0.34968145528994365,25,809.0
1335.0,28,386.0,5.938461538461539,4.8562188965307636,19,492.0,0.21784401679054075,9,257.0,0.3981559237399564,28,749.0
1340.0,28,353.0,5.786885245901639,4.259760108334876,20,504.0,0.21952693959570316,8,262.0,0.348811152820474,28,766.0
1345.0,32,414.0,6.46875,3.7802794527407952,22,520.0,0.17912100112351068,10,287.0,0.27604092752183534,32,807.0
1350.0,27,398.0,5.852941176470588,4.4528658359498605,15,442.0,0.2297474228810523,12,336.0,0.2686369728441696,27,778.0
1355.0,25,472.0,6.9411764705882355,5.9274234402037145,14,393.0,0.2546572414561342,11,385.0,0.3632435212820202,25,778.0
1360.0,23,382.0,5.787878787878788,6.340397785098763,14,401.0,0.27635127305823026,9,305.0,0.317773495777291,23,706.0
1365.0,21,371.0,5.888888888888889,5.419980554893833,14,437.0,0.14925584167831563,7,218.0,0.31986202607598996,21,655.0
1370.0,27,335.0,5.491803278688525,4.532369188060276,18,454.0,0.16082490571042662,9,170.0,0.22521976405158087,27,624.0
1375.0,27,381.0,6.684210526315789,5.010761589996705,17,471.0,0.26031266776723927,10,123.0,0.37711608382815437,27,594.0
1380.0,29,420.0,7.11864406779661,4.943113583828283,19,462.0,0.24417744718428294,10,136.0,0.40936376741449093,29,598.0
1385.0,29,489.0,8.01639344262295,3.871534228759076,18,503.0,0.19834818256673364,11,170.0,0.3584877486319727,29,673.0
1390.0,29,529.0,8.265625,4.440113419054023,15,482.0,0.2679070679705365,14,235.0,0.32738451543902686,29,717.0
1395.0,26,549.0,8.578125,4.721665605461901,14,492.0,0.3828818869624504,12,259.0,0.20417983761567982,26,751.0
1400.0,29,591.0,8.954545454545455,4.9370986030558806,18,501.0,0.27902951025753153,11,246.0,0.29575011179446997,29,747.0
1405.0,31,578.0,8.892307692307693,3.574410585019102,21,567.0,0.1550363785326425,10,210.0,0.1920054349258998,31,777.0
1410.0,29,601.0,9.106060606060606,5.103354300136382,19,612.0,0.21834747779018354,10,133.0,0.28127508396077583,29,745.0
1415.0,25,389.0,6.078125,4.81091145849487,16,530.0,0.25995728801833795,9,151.0,0.22144808574280936,25,681.0
1420.0,26,322.0,5.03125,5.078283250633495,16,418.0,0.2802248972041412,10,158.0,0.20583059348604318,26,576.0
1425.0,31,326.0,4.9393939393939394,4.434029587734276,20,407.0,0.20472866348072366,11,210.0,0.28876264659655315,31,617.0
1430.0,35,401.0,6.075757575757576,4.8317516728071475,21,422.0,0.21634804849177094,14,274.0,0.31634788610756515,35,696.0
1435.0,28,367.0,5.825396825396825,4.081745182910916,19,451.0,0.18813130411717613,9,263.0,0.3363527619819825,28,714.0
1440.0,27,365.0,5.615384615384615,4.952713528852355,22,502.0,0.08929034563014972,5,180.0,0.47930400461359884,27,682.0
1445.0,31,480.0,7.5,4.936345918806621,24,589.0,0.0899332681913661,7,148.0,0.47483653698832756,31,737.0
1450.0,31,593.0,9.123076923076923,5.379472334996182,21,651.0,0.13634386183402064,10,183.0,0.4025303917111356,31,834.0
1455.0,26,494.0,8.098360655737705,4.763073350643035,18,658.0,0.14384804280828076,8,154.0,0.41196097670830295,26,812.0
1460.0,20,357.0,6.155172413793103,5.654571063064525,14,590.0,0.20209957052742847,6,119.0,0.4907187525327088,20,709.0
1465.0,20,245.0,4.224137931034483,5.938484195793809,13,470.0,0.2639453830714014,7,110.0,0.46283885886986953,20,580.0
1470.0,21,247.0,4.116666666666666,6.637332219712494,15,338.0,0.3015982308328553,6,117.0,0.48720138275114355,21,455.0
1475.0,24,307.0,5.293103448275862,5.51180543826417,15,361.0,0.29466753880312196,9,154.0,0.38672783566755864,24,515.0
1480.0,22,321.0,5.17741935483871,5.47048932460846,14,372.0,0.33578095823986653,8,168.0,0.35674625153159845,22,540.0
1485.0,23,323.0,4.82089552238806,5.774711757976289,16,372.0,0.31867991022963565,7,166.0,0.4005759396091314,23,538.0
1490.0,23,358.0,5.424242424242424,5.325747770375253,17,397.0,0.26205543397022635,6,172.0,0.3641364640971261,23,569.0
1495.0,28,382.0,5.701492537313433,5.289837948341126,18,395.0,0.301921939159071,10,205.0,0.3236465442417059,28,600.0
1500.0,21,293.0,4.373134328358209,4.7638555815501284,12,306.0,0.25679707132463125,9,233.0,0.25548074752112093,21,539.0
1505.0,21,343.0,5.196969696969697,5.377052794192819,15,271.0,0.27632441502240385,6,222.0,0.25890351782974197,21,493.0
1510.0,21,390.0,5.82089552238806,5.977050919618883,14,298.0,0.2797819211746547,7,243.0,0.3751108454765143,21,541.0
1515.0,33,533.0,8.2,4.85527591088471,21,380.0,0.18768698899123484,12,296.0,0.33435344809179557,33,676.0
1520.0,33,621.0,9.857142857142858,3.8271208929462572,23,451.0,0.17882086900077968,10,329.0,0.284861293501631,33,780.0
1525.0,32,690.0,11.311475409836065,4.0299179845837765,22,510.0,0.14217562451437007,10,344.0,0.3310027481661598,32,854.0
1530.0,29,461.0,7.557377049180328,4.073662170272669,22,522.0,0.15397807731979532,7,225.0,0.29600478133406216,29,747.0
1535.0,28,448.0,7.225806451612903,4.966514817281972,22,577.0,0.2031773144218595,6,104.0,0.3706465553108269,28,681.0
1540.0,30,466.0,7.1692307692307695,4.289798367169122,22,605.0,0.23867391142263067,8,129.0,0.2710808038817614,30,734.0
1545.0,24,314.0,4.8307692307692305,5.707705595062555,16,545.0,0.2368491758275894,8,156.0,0.431596113483031,24,701.0
1550.0,21,306.0,4.857142857142857,5.808752729150138,14,523.0,0.22797068889385302,7,188.0,0.5045446753556488,21,711.0
1555.0,23,323.0,5.126984126984127,5.364913954988818,16,520.0,0.22210844102583638,7,195.0,0.3894902848595869,23,715.0
1560.0,28,380.0,6.229508196721311,4.692456286280242,21,544.0,0.2190224389209291,7,191.0,0.31452070534492776,28,735.0
1565.0,32,499.0,8.180327868852459,4.551345758387871,22,557.0,0.24654209222738596,10,235.0,0.3229128354454517,32,792.0
1570.0,29,401.0,6.365079365079365,3.9236326353182163,23,579.0,0.1855892362965709,6,155.0,0.37560758760055635,29,734.0
1575.0,29,376.0,5.7846153846153845,4.5195207747491075,21,503.0,0.1910143855587834,8,115.0,0.3795824432694593,29,618.0
1580.0,27,314.0,4.686567164179104,4.87936806105078,16,451.0,0.24786238115378506,11,159.0,0.3463853907184887,27,610.0
1585.0,31,420.0,6.176470588235294,4.718460709472674,19,439.0,0.21482709819455753,12,221.0,0.3546474303880429,31,660.0
1590.0,37,403.0,6.014925373134329,3.529087346567381,25,491.0,0.11002790379290263,12,199.0,0.3235908497287373,37,690.0
1595.0,37,466.0,7.0606060606060606,3.316727225773514,27,561.0,0.11698217160032845,10,197.0,0.3017403979756593,37,758.0
1600.0,38,451.0,6.442857142857143,3.209605193245385,25,586.0,0.1447576927728011,13,185.0,0.22507392447323687,38,771.0
1605.0,27,341.0,4.802816901408451,4.535563677061908,19,528.0,0.18933540982477223,8,133.0,0.28992571862225053,27,661.0
1610.0,23,356.0,4.944444444444445,5.541696771316412,16,505.0,0.28691925450359024,7,117.0,0.2634518007318375,23,622.0
1615.0,23,375.0,4.934210526315789,5.51812399259354,12,518.0,0.2919912523877216,11,138.0,0.24541276143072807,23,656.0
1620.0,31,453.0,6.380281690140845,5.325830698089106,21,568.0,0.26475013616565796,10,155.0,0.36641491092895306,31,723.0
1625.0,36,573.0,8.552238805970148,4.08537955968717,23,627.0,0.1662988539347391,13,197.0,0.3117086085588458,36,824.0
1630.0,36,624.0,9.454545454545455,3.6856644814704476,25,663.0,0.06857859967829412,11,225.0,0.3421712197121816,36,888.0
1635.0,39,741.0,11.059701492537313,3.5234446298876003,25,719.0,0.06750652527459854,14,257.0,0.20969126305888625,39,976.0
1640.0,30,655.0,9.492753623188406,4.612589515349217,16,688.0,0.1507172749343259,14,251.0,0.22218986160238574,30,939.0
1645.0,21,402.0,5.742857142857143,4.991635904524764,14,650.0,0.19518885332592506,7,176.0,0.24852248082066544,21,826.0
1650.0,22,237.0,3.4347826086956523,5.922375589311347,16,631.0,0.17500693804671316,6,136.0,0.44924333597643207,22,767.0
1655.0,19,213.0,3.0,5.62971334604291,14,646.0,0.20960064341497697,5,116.0,0.37031576752059164,19,762.0
1660.0,24,270.0,3.9705882352941178,5.435586408622896,14,602.0,0.32100777520550555,10,109.0,0.24849612304274188,24,711.0
1665.0,27,279.0,4.043478260869565,5.230413840513535,15,572.0,0.3220962639996957,12,130.0,0.12969859563913588,27,702.0
1670.0,29,365.0,5.447761194029851,5.483753961743712,19,597.0,0.3169496460106759,10,131.0,0.23421419324082665,29,728.0
1675.0,27,284.0,4.4375,4.681558299818083,20,594.0,0.16145119698112564,7,97.0,0.3918141505776059,27,691.0
1680.0,26,321.0,4.6521739130434785,5.597881678210616,22,640.0,0.17346482301514102,4,95.0,0.4694827393522527,26,735.0
1685.0,30,382.0,5.876923076923077,4.884438362275665,23,673.0,0.21401471837830907,7,101.0,0.4203888208227688,30,774.0
1690.0,34,505.0,7.651515151515151,4.4721953102754535,20,724.0,0.22591847035711826,14,159.0,0.2696928665300683,34,883.0
1695.0,35,566.0,8.085714285714285,3.791349743650715,21,792.0,0.215998197992904,14,188.0,0.18643786080633246,35,980.0
1700.0,35,673.0,10.196969696969697,4.31249583426576,23,845.0,0.16009892894261354,12,206.0,0.2974380852623128,35,1051.0
1705.0,31,695.0,10.692307692307692,4.690760391338636,21,829.0,0.19235861545456526,10,209.0,0.3557597190735763,31,1038.0
1710.0,28,547.0,8.415384615384616,5.000671716999616,19,692.0,0.23728246904186248,9,204.0,0.42191325270578167,28,896.0
1715.0,24,288.0,4.298507462686567,4.248828819325987,14,706.0,0.23979145362351642,10,202.0,0.3489064455880839,24,908.0
1720.0,29,296.0,4.2898550724637685,5.014986513728735,15,683.0,0.3172293586023292,14,206.0,0.38236509733538687,29,889.0
1725.0,32,394.0,5.549295774647887,4.0902451985851735,20,750.0,0.2428407021766406,12,232.0,0.32401446612899487,32,982.0
1730.0,36,514.0,7.041095890410959,3.9702597634402497,23,766.0,0.13215876541203436,13,258.0,0.33184294301257733,36,1024.0
1735.0,39,520.0,6.753246753246753,3.5307063147689535,23,805.0,0.07641379232228976,16,264.0,0.2663762986712089,39,1069.0
1740.0,38,528.0,6.6835443037974684,3.4654151615883193,20,857.0,0.15040451114098385,18,278.0,0.2249125953073353,38,1135.0
1745.0,36,591.0,7.481012658227848,4.23782288719921,18,838.0,0.29628290409181535,18,353.0,0.17969064454989353,36,1191.0
1750.0,33,555.0,7.115384615384615,4.21946777809079,17,827.0,0.2587824620282526,16,390.0,0.2115757724006566,33,1217.0
1755.0,31,409.0,5.049382716049383,3.841911411361632,17,744.0,0.16370760045010466,14,384.0,0.1659514513406153,31,1128.0
1760.0,38,482.0,5.807228915662651,4.589915499013647,19,788.0,0.23447295332268153,19,388.0,0.18961073595737432,38,1176.0
1765.0,41,556.0,6.780487804878049,4.402620980935292,24,890.0,0.18183174904967705,17,381.0,0.2772955455241316,41,1271.0
1770.0,46,600.0,7.6923076923076925,3.7223472004545375,27,930.0,0.16347410746657404,19,352.0,0.2667430597765539,46,1282.0
1775.0,41,580.0,7.631578947368421,3.5640800316310175,24,879.0,0.17952770547823055,17,377.0,0.26106616678363864,41,1256.0
1780.0,43,668.0,8.789473684210526,3.5472215015147897,23,834.0,0.1895320970912446,20,403.0,0.21722931377406154,43,1237.0
1785.0,45,650.0,8.227848101265822,3.15004445148249,24,830.0,0.2132446059654125,21,436.0,0.1852258224022571,45,1266.0
1790.0,31,432.0,5.4,3.7384676368136835,16,767.0,0.13837441775328985,15,392.0,0.22748368332614716,31,1159.0
1795.0,29,507.0,6.5,4.977021028198501,17,742.0,0.19807653028866512,12,403.0,0.2882364562601987,29,1145.0
1800.0,32,620.0,8.051948051948052,4.793200459650028,13,689.0,0.20708209868763017,19,469.0,0.16505366497067267,32,1158.0
1805.0,36,659.0,8.786666666666667,3.962665454000698,15,621.0,0.10606410155512518,21,487.0,0.14759306648098341,36,1108.0
1810.0,39,556.0,7.722222222222222,3.8241140554209405,19,588.0,0.19017345709476177,20,502.0,0.20475422169556687,39,1090.0
1815.0,36,526.0,7.305555555555555,3.9320248329205634,18,505.0,0.2915748535267032,18,513.0,0.16892235467041486,36,1018.0
1820.0,33,491.0,6.726027397260274,4.4777141587644405,18,534.0,0.2469095337880304,15,461.0,0.2612898454598228,33,995.0
1825.0,27,488.0,6.873239436619718,5.167612661062299,14,513.0,0.1831817552310084,13,426.0,0.3585556315600624,27,939.0
1830.0,26,347.0,4.887323943661972,4.643951633163839,14,521.0,0.17516995126999274,12,353.0,0.29055112994769944,26,874.0
1835.0,33,394.0,5.472222222222222,4.546299415734,19,602.0,0.15412509456227566,14,313.0,0.2998962504838089,33,915.0
1840.0,37,511.0,7.197183098591549,4.194523420584815,21,651.0,0.18935576602463022,16,353.0,0.24231932154758232,37,1004.0
1845.0,26,575.0,8.455882352941176,4.8643424753230295,14,642.0,0.2665791738849274,12,377.0,0.19962038244511157,26,1019.0
1850.0,28,538.0,7.685714285714286,4.529066655607593,13,586.0,0.23740109582614755,15,376.0,0.09281058703470974,28,962.0
1855.0,31,452.0,6.366197183098592,4.531730092552733,15,502.0,0.24227244854690336,16,360.0,0.17417548909497468,31,862.0
1860.0,33,580.0,8.405797101449275,4.818633262871156,16,512.0,0.3273450486857483,17,422.0,0.2830920678755711,33,934.0
1865.0,32,498.0,7.014084507042254,4.49002211107911,17,540.0,0.31712281204803333,15,392.0,0.31071449527452477,32,932.0
1870.0,35,601.0,8.585714285714285,4.0436386927103705,18,563.0,0.2777390276316498,17,381.0,0.1966783129949679,35,944.0
1875.0,39,650.0,8.904109589041095,3.7127205245250035,20,617.0,0.1942279441686964,19,413.0,0.17329884612576457,39,1030.0
1880.0,35,672.0,8.96,4.242568715194816,20,663.0,0.15977476134548718,15,410.0,0.2669787898389954,35,1073.0
1885.0,36,687.0,9.283783783783784,3.79777881721142,23,736.0,0.16410583082970348,13,402.0,0.2931294063662105,36,1138.0
1890.0,32,641.0,8.780821917808218,4.456430629419048,20,793.0,0.18200598245026486,12,318.0,0.294723757495508,32,1111.0
1895.0,31,660.0,9.295774647887324,4.280283593216878,18,781.0,0.18204892485781313,13,342.0,0.22722222689730184,31,1123.0
1900.0,36,660.0,8.91891891891892,4.673270490241622,17,750.0,0.21760681272065638,19,376.0,0.22026338618882033,36,1126.0
1905.0,39,620.0,8.61111111111111,3.4244619727890995,19,680.0,0.18832598874065676,20,412.0,0.22731724435093456,39,1092.0
1910.0,30,475.0,6.785714285714286,4.698062066772301,16,568.0,0.23313296675765913,14,406.0,0.33099340885522505,30,974.0
1915.0,30,433.0,6.013888888888889,3.8869691861117763,15,579.0,0.14031972238917972,15,395.0,0.2887765034102788,30,974.0
1920.0,37,460.0,5.974025974025974,4.264593957156933,18,608.0,0.168385245928913,19,380.0,0.3085742258551494,37,988.0
1925.0,40,516.0,6.7894736842105265,3.5412750638355335,20,646.0,0.19242120089112297,20,441.0,0.26483070043753537,40,1087.0
1930.0,30,480.0,6.4,4.495252642887188,12,604.0,0.3202864882615066,18,475.0,0.17895081407356553,30,1079.0
1935.0,34,471.0,6.4520547945205475,4.580382121806882,14,587.0,0.2961502254225705,20,468.0,0.16176479077560793,34,1055.0
1940.0,34,449.0,5.986666666666666,4.14078260445009,15,577.0,0.19061680456999983,19,420.0,0.16301195663672785,34,997.0
1945.0,38,464.0,6.105263157894737,4.558463244331673,18,509.0,0.29491007862402957,20,437.0,0.20248624381605096,38,946.0
1950.0,39,579.0,7.931506849315069,4.62956682784923,15,557.0,0.3499587776094612,24,463.0,0.2254617657776465,39,1020.0
1955.0,31,649.0,8.653333333333334,4.48657101402329,11,576.0,0.28085634612872057,20,526.0,0.2155458289963819,31,1102.0
1960.0,30,719.0,9.849315068493151,5.0097899611093935,13,617.0,0.2622662772041449,17,532.0,0.2275519048822001,30,1149.0
1965.0,33,803.0,11.152777777777779,4.799463900163782,17,685.0,0.21476779510685515,16,531.0,0.172243535903777,33,1216.0
1970.0,29,718.0,10.405797101449275,5.182752127223066,12,642.0,0.29196940367386726,17,522.0,0.15578480599716185,29,1164.0
1975.0,33,811.0,12.671875,4.671932848582609,15,582.0,0.3687329728893413,18,599.0,0.14265579314999804,33,1181.0
1980.0,36,948.0,15.540983606557377,3.903329792449387,15,596.0,0.3190556036549873,21,693.0,0.18382331669097932,36,1289.0
1985.0,33,978.0,15.28125,3.735232984067991,15,642.0,0.24979828033024434,18,732.0,0.19867831977836312,33,1374.0
1990.0,30,909.0,14.428571428571429,3.9265990227183325,15,545.0,0.19793994713120114,15,722.0,0.2645965505947766,30,1267.0
1995.0,32,826.0,12.90625,4.403966398825739,16,396.0,0.1259096506461576,16,788.0,0.2719157800569172,32,1184.0
2000.0,28,802.0,12.151515151515152,4.913471918221688,16,433.0,0.15095644952687073,12,793.0,0.3164474204453478,28,1226.0
2005.0,23,759.0,11.161764705882353,5.335035718140507,11,449.0,0.23740180636345057,12,794.0,0.2886902895939503,23,1243.0
2010.0,26,850.0,12.5,4.906914172160262,12,406.0,0.33074035653249717,14,849.0,0.2138755008915252,26,1255.0
2015.0,28,955.0,14.469696969696969,5.3863096931654075,14,367.0,0.3195317252835832,14,906.0,0.3317215244465001,28,1273.0
2020.0,28,756.0,11.63076923076923,4.525489747987727,17,397.0,0.18509493269736613,11,742.0,0.3256604618615177,28,1139.0
2025.0,32,380.0,5.757575757575758,4.218641720579786,22,424.0,0.13298988815543994,10,571.0,0.36956400188764144,32,995.0
2030.0,34,339.0,4.985294117647059,3.5346992213739186,23,461.0,0.18035657515163794,11,606.0,0.2641874245185201,34,1067.0
2035.0,26,298.0,4.584615384615384,4.721905691082513,14,413.0,0.23595256089083225,12,639.0,0.31432975600213015,26,1052.0
2040.0,24,340.0,5.151515151515151,5.627755626475942,10,390.0,0.28730352697285855,14,702.0,0.29273193290807553,24,1092.0
2045.0,26,360.0,5.454545454545454,4.649915135353311,12,402.0,0.12379100349496558,14,655.0,0.25512779725990614,26,1057.0
2050.0,32,415.0,6.484375,4.213733039111357,19,433.0,0.12103068245752782,13,506.0,0.3056813337561915,32,939.0
2055.0,32,461.0,7.683333333333334,3.8036818631297105,22,489.0,0.1730171142050841,10,490.0,0.30966523404617335,32,979.0
2060.0,30,468.0,7.8,4.137880156475918,20,518.0,0.1704654034760846,10,472.0,0.32613365309152353,30,990.0
2065.0,19,274.0,4.6440677966101696,4.605626942621725,12,459.0,0.188223264407342,7,388.0,0.2595494152653724,19,847.0
2070.0,23,186.0,3.0491803278688523,4.841922885582333,11,404.0,0.25170684655088504,12,381.0,0.21324643813716945,23,785.0
2075.0,26,266.0,4.666666666666667,4.511997714252968,12,390.0,0.29617012127518094,14,426.0,0.21912787104020606,26,816.0
2080.0,33,384.0,6.7368421052631575,3.858146033135495,20,471.0,0.23192573329419855,13,446.0,0.2632378220833166,33,917.0
2085.0,34,537.0,8.95,3.610326417781096,23,580.0,0.18139247113759652,11,471.0,0.28607794685907095,34,1051.0
2090.0,35,639.0,10.142857142857142,3.3150935397464156,21,595.0,0.19660134702404605,14,536.0,0.194346997244217,35,1131.0
2095.0,30,531.0,8.428571428571429,4.071671980518313,16,516.0,0.22420869806902785,14,558.0,0.21285923830461687,30,1074.0
2100.0,20,483.0,7.546875,4.871557955153886,11,466.0,0.2245071120551066,9,505.0,0.22204230960479188,20,971.0
2105.0,22,413.0,6.3538461538461535,4.516183500906323,11,469.0,0.24784079756493635,11,404.0,0.08491785895261236,22,873.0
2110.0,28,426.0,6.553846153846154,4.977730124413005,16,512.0,0.21640546847199063,12,238.0,0.22348827090870996,28,750.0
2115.0,28,505.0,8.278688524590164,4.393273178793236,20,557.0,0.17269455661920308,8,242.0,0.3070520560857357,28,799.0
2120.0,24,538.0,8.819672131147541,4.8208197626415075,14,536.0,0.12907758079937232,10,239.0,0.32917940403196944,24,775.0
2125.0,19,549.0,9.15,5.448373647228852,10,552.0,0.2031306504993104,9,234.0,0.31005149022056516,19,786.0
2130.0,28,638.0,9.666666666666666,5.63267502185684,16,581.0,0.2584179854436811,12,250.0,0.19858207508148798,28,831.0
2135.0,25,652.0,11.05084745762712,4.904463718514431,14,604.0,0.2994437565628283,11,237.0,0.24818078159950904,25,841.0
2140.0,22,718.0,12.169491525423728,5.570522736218242,9,591.0,0.334718790146224,13,284.0,0.28436246593666165,22,875.0
2145.0,22,608.0,11.25925925925926,5.054244879909357,10,504.0,0.2990126987410452,12,316.0,0.2294245317170159,22,820.0
2150.0,21,395.0,7.181818181818182,4.718537946863694,9,334.0,0.15352293333232994,12,349.0,0.23165541943744167,21,683.0
2155.0,26,453.0,8.236363636363636,3.811079278655238,15,393.0,0.12232987783658043,11,363.0,0.27577256962335495,26,756.0
2160.0,32,582.0,10.03448275862069,4.365983676012152,20,490.0,0.21944287216551467,12,375.0,0.3303837305313934,32,865.0
2165.0,26,616.0,10.098360655737705,4.694504053530768,17,539.0,0.3017026106739718,9,396.0,0.3570131643516822,26,935.0
2170.0,23,630.0,10.327868852459016,5.426802694595798,11,523.0,0.3124122666325241,12,430.0,0.361637831344468,23,953.0
2175.0,24,697.0,10.723076923076922,5.010989610024015,14,464.0,0.24340412356165989,10,475.0,0.32987888282981365,24,939.0
2180.0,31,774.0,11.382352941176471,4.885696947238734,17,392.0,0.14484184922840931,14,530.0,0.32179198611687204,31,922.0
2185.0,35,743.0,11.430769230769231,4.150927871124881,20,391.0,0.13732032118409465,15,584.0,0.3719174666498382,35,975.0
2190.0,31,773.0,11.892307692307693,4.733632627678587,16,352.0,0.2537854542371922,15,629.0,0.32184182067573575,31,981.0
2195.0,35,611.0,8.985294117647058,3.8969050783287043,18,421.0,0.27686405427763533,17,525.0,0.2184096595062087,35,946.0
2200.0,35,466.0,6.753623188405797,3.900598272522297,20,505.0,0.20000941061226782,15,382.0,0.29110230563935896,35,887.0
2205.0,36,421.0,5.929577464788732,3.7175855484552374,23,529.0,0.16262833066802848,13,401.0,0.28811054916154816,36,930.0
2210.0,30,375.0,5.357142857142857,4.383945745241373,14,472.0,0.2965231535924353,16,426.0,0.2251608243321915,30,898.0
2215.0,31,415.0,6.1940298507462686,4.045898694281027,13,424.0,0.3133336862880027,18,480.0,0.12593132483658145,31,904.0
2220.0,31,406.0,5.970588235294118,4.276662267233138,13,406.0,0.2235263401596529,18,525.0,0.1502867981609872,31,931.0
2225.0,32,457.0,7.253968253968254,3.94601763316641,17,479.0,0.19089616080956623,15,491.0,0.1549220560783791,32,970.0
2230.0,32,520.0,8.253968253968255,4.147009642870637,22,582.0,0.15005407359448406,10,373.0,0.2099330243177987,32,955.0
2235.0,33,415.0,6.287878787878788,3.9483412689128747,21,573.0,0.1911456569205572,12,346.0,0.23300536060300905,33,919.0
2240.0,36,423.0,6.409090909090909,4.435356861208075,23,576.0,0.20767788135488965,13,324.0,0.3338997222052719,36,900.0
2245.0,33,457.0,6.720588235294118,4.166225288887122,21,599.0,0.17177706581013147,12,357.0,0.3372505164768516,33,956.0
2250.0,30,355.0,4.930555555555555,4.5626725111757604,16,548.0,0.13503822235692492,14,386.0,0.3467664069027475,30,934.0
2255.0,26,397.0,5.438356164383562,5.100775669214172,12,538.0,0.20608565307658344,14,445.0,0.315456016151036,26,983.0
2260.0,28,371.0,5.152777777777778,4.88374862243516,12,487.0,0.19647936359369997,16,475.0,0.24054938428531059,28,962.0
2265.0,34,401.0,5.811594202898551,3.905032364360377,16,534.0,0.21488726183347506,18,479.0,0.17593765297115774,34,1013.0
2270.0,36,410.0,5.942028985507246,3.3302525324517007,19,577.0,0.18492671250842752,17,469.0,0.20555211668941256,36,1046.0
2275.0,36,468.0,6.782608695652174,3.3616718682425133,20,592.0,0.17544117347986837,16,457.0,0.2716590767759416,36,1049.0
2280.0,34,398.0,5.378378378378378,4.186027292598133,14,498.0,0.3136004244624112,20,459.0,0.19174435356218314,34,957.0
2285.0,31,371.0,4.881578947368421,4.37212830159201,13,551.0,0.31364381279078524,18,400.0,0.21638564372888885,31,951.0
2290.0,34,488.0,6.337662337662338,3.877519877998157,17,607.0,0.21969172812021848,17,458.0,0.23947525340179573,34,1065.0
2295.0,41,633.0,8.012658227848101,3.295445350333079,21,625.0,0.13039606596925013,20,520.0,0.2164690431950863,41,1145.0
2300.0,41,620.0,7.948717948717949,3.765842418727478,20,612.0,0.1321606578708313,21,545.0,0.21339006395152857,41,1157.0
2305.0,31,556.0,6.864197530864198,4.833507506678186,17,631.0,0.17167311804245042,14,484.0,0.2159815170005107,31,1115.0
2310.0,30,605.0,7.2023809523809526,5.786303990285001,16,618.0,0.23070157349052722,14,446.0,0.28524091046951233,30,1064.0
2315.0,28,456.0,5.846153846153846,5.3924593409257495,16,523.0,0.24205073040787659,12,425.0,0.2981003949560699,28,948.0
2320.0,37,507.0,6.5,4.673719378622117,21,576.0,0.26088139573152946,16,376.0,0.22524760842929936,37,952.0
2325.0,42,635.0,8.58108108108108,4.0493157702335605,26,685.0,0.2621305894769745,16,380.0,0.21469031424391033,42,1065.0
2330.0,39,617.0,8.118421052631579,3.4847294237190685,25,768.0,0.21984726716102648,14,340.0,0.1988634588716435,39,1108.0
2335.0,35,518.0,6.641025641025641,4.037971041750629,22,781.0,0.20150839392289052,13,347.0,0.2776367865225945,35,1128.0
2340.0,35,450.0,5.625,3.8149904613651793,19,765.0,0.20335870576640952,16,359.0,0.22618379058398294,35,1124.0
2345.0,37,472.0,5.827160493827161,4.322809019119593,20,683.0,0.21946259405559482,17,386.0,0.2481442324049132,37,1069.0
2350.0,42,584.0,7.036144578313253,4.030179268328492,27,777.0,0.1499824862734594,15,379.0,0.3039438509305595,42,1156.0
2355.0,44,736.0,8.975609756097562,3.60987649208969,29,876.0,0.19317597303513717,15,401.0,0.2192867014832795,44,1277.0
2360.0,50,900.0,10.843373493975903,3.362287293150034,30,943.0,0.1764538244315512,20,486.0,0.19083203218255226,50,1429.0
2365.0,45,801.0,9.0,3.812708573867046,25,924.0,0.21763774166706948,20,502.0,0.15799675296492177,45,1426.0
2370.0,34,600.0,6.382978723404255,4.672691303687449,19,915.0,0.19876217116036468,15,415.0,0.2683929644621356,34,1330.0
2375.0,31,597.0,6.28421052631579,5.8997435517335255,21,841.0,0.2924758082573298,10,311.0,0.3511389738351,31,1152.0
2380.0,31,485.0,5.329670329670329,5.969401318672777,20,707.0,0.20721102123155594,11,291.0,0.43397085448646533,31,998.0
2385.0,34,513.0,6.4125,4.395548604857074,22,763.0,0.12026438808466576,12,271.0,0.37003674862377645,34,1034.0
2390.0,42,565.0,7.434210526315789,3.045620704168649,28,856.0,0.07186503875225388,14,259.0,0.2420171724575652,42,1115.0
2395.0,44,626.0,8.575342465753424,2.4156499563818974,28,934.0,0.12628104621818725,16,269.0,0.1667209877881072,44,1203.0
2400.0,43,728.0,9.706666666666667,2.9715230916840123,24,936.0,0.15943588740150122,19,312.0,0.12623654816087065,43,1248.0
2405.0,42,803.0,10.56578947368421,3.4256067011474287,24,909.0,0.1632948402898971,18,360.0,0.13169829196844343,42,1269.0
2410.0,37,842.0,11.078947368421053,4.300726057251196,24,885.0,0.13008318537413358,13,363.0,0.29746391129481425,37,1248.0
2415.0,33,620.0,8.378378378378379,3.9282661093731783,24,847.0,0.09068604506440868,9,323.0,0.3439387107666603,33,1170.0
2420.0,35,400.0,5.47945205479452,4.677531121917131,22,705.0,0.16277654089642465,13,298.0,0.3252415960764957,35,1003.0
2425.0,38,437.0,6.069444444444445,3.8691443110193395,22,759.0,0.18137768025003315,16,284.0,0.2204570972049876,38,1043.0
2430.0,36,449.0,6.1506849315068495,4.253824352307927,22,783.0,0.19388639662520116,14,262.0,0.23974408902396907,36,1045.0
2435.0,32,491.0,6.819444444444445,4.158459742958189,20,789.0,0.22161975187966163,12,273.0,0.20885843865223477,32,1062.0
2440.0,34,537.0,7.3561643835616435,4.7174441091418755,25,807.0,0.23397831513362177,9,253.0,0.25894780415757856,34,1060.0
2445.0,34,563.0,8.042857142857143,4.179106601369713,23,831.0,0.168828657507942,11,247.0,0.31014740739387503,34,1078.0
2450.0,36,515.0,7.253521126760563,4.61966174271664,22,881.0,0.21140574296439885,14,271.0,0.2669519784490099,36,1152.0
2455.0,32,498.0,7.114285714285714,3.6639072967782456,21,940.0,0.18771559956617673,11,241.0,0.2420147133091381,32,1181.0
2460.0,34,534.0,7.416666666666667,4.488292745953582,21,958.0,0.1875996867183453,13,223.0,0.2996426114139228,34,1181.0
2465.0,31,580.0,7.945205479452055,4.748110550867444,19,996.0,0.23590725557500403,12,248.0,0.28727756676262345,31,1244.0
2470.0,30,639.0,8.52,5.204829270196883,23,1080.0,0.19520030781565012,7,223.0,0.3550403802848259,30,1303.0
2475.0,31,511.0,7.0,4.206603322979126,24,1021.0,0.16177177837078222,7,176.0,0.2829177213061137,31,1197.0
2480.0,33,366.0,4.945945945945946,4.500397644630547,18,797.0,0.18901286326127326,15,205.0,0.28967364700127857,33,1002.0
2485.0,31,407.0,5.732394366197183,4.3592237915010275,17,798.0,0.2204472202095529,14,252.0,0.3196053397816825,31,1050.0
2490.0,37,476.0,6.611111111111111,3.8737249150157536,21,738.0,0.17576146458440586,16,299.0,0.3099028903691029,37,1037.0
2495.0,41,501.0,6.863013698630137,3.434952363702468,25,779.0,0.14380008302684988,16,312.0,0.2780121650352567,41,1091.0
2500.0,28,363.0,4.905405405405405,4.417510991761472,18,732.0,0.14629266325896229,10,275.0,0.2911046958034513,28,1007.0
2505.0,23,375.0,5.0,4.64524363863628,14,667.0,0.19981440641171347,9,312.0,0.23834401807980043,23,979.0
2510.0,29,374.0,5.054054054054054,4.403848720001563,11,554.0,0.2035989309456069,18,393.0,0.16785484657622268,29,947.0
2515.0,37,360.0,5.0,3.6642685335976717,16,557.0,0.1539733480807024,21,389.0,0.21586695310611984,37,946.0
2520.0,32,369.0,5.197183098591549,4.443216719882247,14,500.0,0.2511331391624947,18,371.0,0.15181492897554516,32,871.0
2525.0,39,512.0,7.314285714285714,3.56009167685643,15,495.0,0.2636396786524908,24,477.0,0.04470853796341745,39,972.0
2530.0,43,679.0,9.053333333333333,3.848731827755094,17,462.0,0.24068191663173535,26,605.0,0.11894390977511453,43,1067.0
2535.0,42,747.0,10.52112676056338,3.3271284531932714,19,481.0,0.2122089474367991,23,650.0,0.20361526482266715,42,1131.0
2540.0,31,606.0,8.416666666666666,3.965303961042832,15,483.0,0.22501464553430564,16,588.0,0.18220200370142947,31,1071.0
2545.0,28,532.0,7.1891891891891895,4.4604950673312125,18,475.0,0.10186861980203418,10,518.0,0.26284643984952993,28,993.0
2550.0,32,623.0,7.886075949367089,5.252588533054672,18,503.0,0.16577685991301055,14,546.0,0.2645731929642066,32,1049.0
2555.0,34,712.0,9.621621621621621,4.394145276678425,17,539.0,0.1973297967269746,17,620.0,0.23228736004952885,34,1159.0
2560.0,39,672.0,9.333333333333334,3.751625316763399,17,560.0,0.16027820123440237,22,612.0,0.2222537717561517,39,1172.0
2565.0,38,573.0,7.958333333333333,3.913553039703146,15,455.0,0.31747388808492105,23,588.0,0.20050583861929322,38,1043.0
2570.0,38,528.0,7.135135135135135,3.6703912065921775,12,335.0,0.36890353661841047,26,624.0,0.1125216731718484,38,959.0
2575.0,38,600.0,7.894736842105263,3.9569056271845504,11,363.0,0.317045957929458,27,644.0,0.19330824649326941,38,1007.0
2580.0,42,649.0,8.320512820512821,3.246781275026794,16,385.0,0.20177329108647662,26,669.0,0.18662568286225106,42,1054.0
2585.0,43,452.0,5.445783132530121,3.427398766953128,21,383.0,0.1609569202022774,22,588.0,0.18636136983213075,43,971.0
2590.0,30,317.0,3.8658536585365852,4.501796920164192,14,298.0,0.26760591673619205,16,551.0,0.18287274781481472,30,849.0
2595.0,27,373.0,4.493975903614458,5.686199796205264,14,302.0,0.28003298258350273,13,494.0,0.26094460409149994,27,796.0
2600.0,30,433.0,5.623376623376624,5.996523872557945,17,307.0,0.21991240089046626,13,437.0,0.34257145190899563,30,744.0
2605.0,26,390.0,5.6521739130434785,4.918106870594391,16,328.0,0.12186884227390345,10,398.0,0.33999978860330743,26,726.0
2610.0,31,503.0,7.397058823529412,4.511827144623744,18,352.0,0.1293625638479922,13,423.0,0.26224755353507284,31,775.0
2615.0,31,494.0,7.264705882352941,4.488035554752233,18,408.0,0.2133217554744736,13,353.0,0.2774155794991508,31,761.0
2620.0,31,613.0,8.884057971014492,5.384704949333243,18,452.0,0.3113719528087968,13,353.0,0.31622932945160387,31,805.0
2625.0,33,573.0,8.426470588235293,4.738492164267991,19,463.0,0.23939435772650947,14,350.0,0.32389033999383726,33,813.0
2630.0,25,381.0,5.861538461538461,4.401069575872159,11,406.0,0.22601693278740032,14,311.0,0.21931129040062863,25,717.0
2635.0,29,351.0,5.318181818181818,3.7208994301062734,14,407.0,0.2045102479979018,15,330.0,0.15850945591566848,29,737.0
2640.0,30,268.0,3.7222222222222223,4.383968413033799,18,382.0,0.15003960632441615,12,296.0,0.27085822509039836,30,678.0
2645.0,28,334.0,4.575342465753424,5.185571495718851,18,394.0,0.16580113494293447,10,301.0,0.43907471869694886,28,695.0
2650.0,23,373.0,5.485294117647059,5.7472944129567605,13,348.0,0.2564539182717477,10,283.0,0.4096427746879871,23,631.0
2655.0,27,353.0,5.115942028985507,5.052105913759767,12,331.0,0.2746892744547152,15,343.0,0.245308615915055,27,674.0
2660.0,33,366.0,5.154929577464789,4.978597795787543,17,286.0,0.2507994912154153,16,355.0,0.2507050209893714,33,641.0
2665.0,33,453.0,6.7611940298507465,4.495173463984703,17,330.0,0.23854334869008798,16,347.0,0.3191360506362336,33,677.0
2670.0,25,482.0,6.885714285714286,5.1627062382066935,13,346.0,0.34787208273472797,12,356.0,0.2617716108137965,25,702.0
2675.0,26,494.0,6.767123287671233,4.924242512894156,13,348.0,0.2963301148830978,13,310.0,0.16473351637058414,26,658.0
2680.0,29,534.0,7.216216216216216,5.489083531104056,16,352.0,0.24520951763084328,13,356.0,0.27997763746947313,29,708.0
2685.0,30,445.0,5.855263157894737,4.803494487467367,18,401.0,0.15253694571059914,12,312.0,0.35818985775397894,30,713.0
2690.0,23,364.0,5.2,5.633213967656205,17,432.0,0.19465304349389873,6,186.0,0.473667049534255,23,618.0
2695.0,27,449.0,7.015625,4.730786467294349,18,482.0,0.2369558965900948,9,214.0,0.3453881729328096,27,696.0
2700.0,31,567.0,8.590909090909092,4.742576341900865,19,512.0,0.23885033102939857,12,262.0,0.23805103627804286,31,774.0
2705.0,33,523.0,7.8059701492537314,4.118289141619535,20,507.0,0.18440280249035326,13,288.0,0.2792847006497922,33,795.0
2710.0,34,583.0,8.211267605633802,5.388424644767014,20,494.0,0.27807640692046026,14,314.0,0.3821095381453506,34,808.0
2715.0,28,437.0,6.333333333333333,4.894431490201506,19,411.0,0.24602057119588835,9,277.0,0.44036387931715687,28,688.0
2720.0,30,477.0,6.71830985915493,5.494121727595136,22,418.0,0.21130284824009943,8,212.0,0.47635435404053317,30,630.0
2725.0,32,389.0,5.557142857142857,4.230512965620387,23,463.0,0.1542805324501713,9,139.0,0.28909675119617967,32,602.0
2730.0,31,341.0,4.871428571428571,4.843862450613557,16,426.0,0.19452745379435774,15,147.0,0.2931821031656353,31,573.0
2735.0,25,290.0,4.142857142857143,4.058752537896479,11,392.0,0.21318081665221836,14,158.0,0.18639559088915975,25,550.0
2740.0,24,293.0,4.3088235294117645,5.105818396441478,14,358.0,0.22666475358178811,10,166.0,0.28460223732583423,24,524.0
2745.0,26,256.0,4.063492063492063,4.394545601615942,16,354.0,0.18149409453350973,10,173.0,0.3037159293393747,26,527.0
2750.0,34,335.0,5.0,4.946824747313087,21,349.0,0.19141510429387346,13,195.0,0.3405535829521939,34,544.0
2755.0,32,397.0,5.838235294117647,4.331714949054277,19,369.0,0.24275086180648217,13,239.0,0.29421999144698896,32,608.0
2760.0,22,340.0,4.927536231884058,5.291824752634985,11,318.0,0.2795080078115873,11,261.0,0.3589089777188617,22,579.0
2765.0,19,293.0,4.069444444444445,5.966440586563913,10,291.0,0.32576891740487474,9,223.0,0.3594944454356891,19,514.0
2770.0,21,299.0,4.095890410958904,6.504074064533786,9,226.0,0.4362260115882084,12,166.0,0.33526913182838264,21,392.0
2775.0,24,301.0,4.123287671232877,6.001648674832565,10,195.0,0.40552925166585013,14,215.0,0.34888496085217807,24,410.0
2780.0,25,308.0,4.277777777777778,5.904850257133793,14,195.0,0.30957486211060503,11,244.0,0.4219521624156343,25,439.0
2785.0,29,335.0,4.855072463768116,4.773016796932193,18,231.0,0.25034485743784934,11,239.0,0.2973163021910195,29,470.0
2790.0,37,449.0,6.236111111111111,3.790333022049649,20,299.0,0.16559248180161792,17,268.0,0.21328560144388825,37,567.0
2795.0,38,520.0,6.842105263157895,4.136875329777402,20,332.0,0.2283720158154315,18,335.0,0.20502049388034058,38,667.0
2800.0,32,596.0,7.946666666666666,4.914249987248414,18,356.0,0.2345198633635235,14,374.0,0.2914194150387501,32,730.0
2805.0,33,674.0,8.425,5.928485728232104,17,364.0,0.278968505854806,16,434.0,0.350574064671595,33,798.0
2810.0,33,604.0,7.45679012345679,5.16752137731652,18,415.0,0.21457997881981128,15,405.0,0.323555109186501,33,820.0
2815.0,37,614.0,7.675,4.908170101955847,21,496.0,0.2825558991088608,16,353.0,0.2853454829531028,37,849.0
2820.0,39,624.0,8.0,4.21589257885686,23,580.0,0.2806369749151871,16,340.0,0.24951501484293154,39,920.0
2825.0,37,664.0,8.623376623376624,4.480482406053009,25,647.0,0.2539231852515994,12,256.0,0.2913663872190161,37,903.0
2830.0,47,752.0,9.518987341772151,2.9192732240151438,29,707.0,0.11412680505790676,18,287.0,0.18516167981818535,47,994.0
2835.0,41,753.0,9.4125,3.5883893845389556,23,708.0,0.16617330734286018,18,347.0,0.18596717798030457,41,1055.0
2840.0,37,758.0,9.475,3.7343133927564254,19,750.0,0.2138815469038036,18,380.0,0.19854902691722626,37,1130.0
2845.0,32,745.0,9.430379746835444,4.228430081412067,19,726.0,0.21171094533253043,13,367.0,0.25264724997707116,32,1093.0
2850.0,36,439.0,5.776315789473684,3.7177353931734394,24,677.0,0.11636243097729862,12,318.0,0.26649008800721724,36,995.0
2855.0,43,467.0,6.064935064935065,4.295832470930665,24,542.0,0.1362732181409792,19,328.0,0.25890461876270426,43,870.0
2860.0,44,546.0,7.090909090909091,3.484286124463274,25,619.0,0.10397172374573178,19,345.0,0.26375106453730984,44,964.0
2865.0,44,733.0,9.644736842105264,3.938545805696458,24,707.0,0.18210891411422123,20,370.0,0.26236237552857833,44,1077.0
2870.0,45,773.0,9.784810126582279,3.36786535987181,23,717.0,0.16225182541210575,22,414.0,0.23094538792124883,45,1131.0
2875.0,32,602.0,7.341463414634147,4.089205459292334,17,607.0,0.1875001991098442,15,409.0,0.20642095091005405,32,1016.0
2880.0,29,689.0,8.202380952380953,5.564319577071921,13,545.0,0.30046464811504464,16,427.0,0.2290761369860442,29,972.0
2885.0,25,668.0,8.675324675324676,5.985183994213162,10,484.0,0.42208751132224226,15,407.0,0.2047507953294068,25,891.0
2890.0,27,576.0,8.112676056338028,4.8347689673436305,13,512.0,0.2619555029013664,14,372.0,0.21107445966956623,27,884.0
2895.0,30,454.0,6.579710144927536,3.9727573654378987,18,517.0,0.20395002180840116,12,408.0,0.23872261332394257,30,925.0
2900.0,29,412.0,6.338461538461538,4.322203716943272,16,464.0,0.2246218591212301,13,437.0,0.29923591593959625,29,901.0
2905.0,31,321.0,4.863636363636363,3.6101082410811496,15,410.0,0.21416941992815647,16,477.0,0.18923727713778804,31,887.0
2910.0,37,426.0,6.553846153846154,4.027918389749014,18,377.0,0.2687450916835357,19,506.0,0.21756761928885573,37,883.0
2915.0,37,488.0,7.393939393939394,3.7469262751062966,20,459.0,0.24785034629064878,17,537.0,0.22021694884208662,37,996.0
2920.0,38,601.0,9.106060606060606,3.5758611693446207,20,523.0,0.2295831517770598,18,548.0,0.21631848998116981,38,1071.0
2925.0,39,590.0,8.55072463768116,3.080244097756951,23,535.0,0.14637862077732605,16,597.0,0.20826350179493,39,1132.0
2930.0,25,446.0,6.656716417910448,4.103006876583592,15,470.0,0.14402674609075208,10,578.0,0.26230443181400503,25,1048.0
2935.0,22,464.0,6.925373134328358,4.841675725462434,13,432.0,0.1267095189181094,9,581.0,0.35057122280717284,22,1013.0
2940.0,23,457.0,6.924242424242424,5.216063817480174,14,398.0,0.05934458717806911,9,586.0,0.4492524004979238,23,984.0
2945.0,30,558.0,9.457627118644067,4.0139854964311485,18,405.0,0.08737287620810764,12,635.0,0.3715367881526889,30,1040.0
2950.0,24,608.0,10.857142857142858,3.7551345302828723,12,365.0,0.23440795509100446,12,677.0,0.24872629135578872,24,1042.0
2955.0,23,622.0,10.724137931034482,4.320932494332796,10,342.0,0.2503329946826845,13,717.0,0.21728595334890477,23,1059.0
2960.0,25,570.0,10.0,5.172156917945299,15,342.0,0.1617058075617064,10,652.0,0.3485856464370446,25,994.0
2965.0,25,384.0,6.508474576271187,5.395812889365023,17,426.0,0.20391929450986956,8,478.0,0.3625967154996948,25,904.0
2970.0,24,320.0,5.423728813559322,5.185673278892569,17,458.0,0.238738215697195,7,306.0,0.3650843252897446,24,764.0
2975.0,27,368.0,6.032786885245901,4.840772772250594,18,459.0,0.26803271267945544,9,323.0,0.31566776636626454,27,782.0
2980.0,29,413.0,6.555555555555555,4.098206976525751,15,462.0,0.25745214760559343,14,367.0,0.2355484281720291,29,829.0
2985.0,24,317.0,4.876923076923077,4.2867705623704815,9,395.0,0.3132690659362734,15,407.0,0.22513007157086695,24,802.0
2990.0,23,393.0,5.779411764705882,5.7221793926594495,10,341.0,0.3462956862085333,13,420.0,0.27096626924444395,23,761.0
2995.0,22,463.0,6.7101449275362315,5.660897220861666,7,340.0,0.36512547225181763,15,482.0,0.20420538281302428,22,822.0
3000.0,31,602.0,8.852941176470589,4.80567734626891,13,400.0,0.21834667588986928,18,556.0,0.21840098748965295,31,956.0
3005.0,33,620.0,9.117647058823529,3.9893177291407755,18,456.0,0.2225565292016552,15,565.0,0.2183516692768317,33,1021.0
3010.0,25,664.0,10.53968253968254,5.172916597325676,11,490.0,0.3047976314722092,14,556.0,0.3161360970480936,25,1046.0
3015.0,24,529.0,8.816666666666666,4.8763941247130465,10,387.0,0.2967583582567152,14,584.0,0.2993293046140766,24,971.0
3020.0,24,477.0,7.453125,4.792594803192081,9,246.0,0.1964423642284173,15,626.0,0.26404734170452654,24,872.0
3025.0,29,430.0,6.825396825396825,4.626604028182939,15,231.0,0.09360849708513573,14,548.0,0.3284716686467952,29,779.0
3030.0,32,339.0,5.2153846153846155,5.202514838837654,20,309.0,0.16672085273215934,12,388.0,0.35930452971830684,32,697.0
3035.0,26,323.0,5.126984126984127,4.418065489405053,16,353.0,0.2332130369356732,10,400.0,0.2692005425787555,26,753.0
3040.0,26,307.0,4.873015873015873,4.341936058609844,8,331.0,0.2963457370670587,18,449.0,0.17503242822381967,26,780.0
3045.0,24,363.0,5.854838709677419,4.985459218834958,7,297.0,0.3640851209713777,17,508.0,0.17523866862880993,24,805.0
3050.0,22,402.0,6.28125,5.693479739401904,7,211.0,0.302327835838109,15,558.0,0.2413846904937398,22,769.0
3055.0,23,338.0,5.633333333333334,5.466116015107604,11,190.0,0.22913995282844102,12,518.0,0.2958246490932002,23,708.0
3060.0,27,348.0,5.8,5.302631522330429,15,234.0,0.2726086291762224,12,481.0,0.28097765722113804,27,715.0
3065.0,28,428.0,7.642857142857143,5.027340153044721,14,304.0,0.369510322826139,14,452.0,0.20355294856708195,28,756.0
3070.0,27,456.0,8.142857142857142,4.730431236396867,14,377.0,0.2958739431736091,13,363.0,0.2709710721136707,27,740.0
3075.0,27,394.0,6.793103448275862,3.9956597878502462,14,339.0,0.2236219045835971,13,380.0,0.310153084196072,27,719.0
3080.0,34,534.0,8.754098360655737,4.131083920477631,18,373.0,0.23122450350121407,16,399.0,0.3079116172070357,34,772.0
3085.0,29,481.0,7.634920634920635,4.714402802387648,16,372.0,0.3265811664925314,13,417.0,0.31605237054315855,29,789.0
3090.0,19,306.0,4.567164179104478,5.043859235350838,7,270.0,0.23950036845607606,12,405.0,0.2727716141608829,19,675.0
3095.0,19,205.0,3.106060606060606,5.699385809657955,8,175.0,0.22562963784117773,11,369.0,0.3016741142413752,19,544.0
3100.0,18,194.0,3.129032258064516,6.525252196321147,6,133.0,0.3526218764832176,12,317.0,0.319996056967849,18,450.0
3105.0,25,224.0,3.8620689655172415,5.408582800668512,10,136.0,0.2504758631627175,15,289.0,0.24162218496728274,25,425.0
3110.0,26,235.0,4.351851851851852,4.053594296754276,11,145.0,0.2263100893313933,15,267.0,0.20775771710877622,26,412.0
3115.0,21,239.0,4.596153846153846,4.4235402574258424,7,136.0,0.3294886729337302,14,299.0,0.17138866875291567,21,435.0
3120.0,19,270.0,5.1923076923076925,5.839512107577881,6,143.0,0.40633262373558093,13,282.0,0.23145469774259675,19,425.0
3125.0,17,279.0,5.166666666666667,6.2223646517240825,6,169.0,0.30658987304175284,11,272.0,0.24883841530779569,17,441.0
3130.0,20,280.0,5.490196078431373,6.473785316484014,7,158.0,0.3172288263044307,13,268.0,0.3272525688708189,20,426.0
3135.0,21,316.0,6.196078431372549,6.032239244007906,9,176.0,0.31643117973665724,12,301.0,0.3422844475480267,21,477.0
3140.0,19,323.0,6.729166666666667,5.539828171090684,6,171.0,0.4878232048476891,13,306.0,0.3204120149605927,19,477.0
3145.0,21,360.0,7.346938775510204,5.116255146940802,7,192.0,0.44888090450052354,14,299.0,0.3122774404586759,21,491.0
3150.0,27,397.0,7.634615384615385,4.337013364624163,11,235.0,0.41634947416991946,16,265.0,0.2170980678866534,27,500.0
3155.0,29,427.0,7.362068965517241,3.3846416396897987,12,283.0,0.2746127404089397,17,298.0,0.20319978575752523,29,581.0
3160.0,28,454.0,7.694915254237288,4.498939349289207,11,281.0,0.3387145815442912,17,305.0,0.20580576550427002,28,586.0
3165.0,24,427.0,7.116666666666666,5.308474817257481,7,254.0,0.39852877566336403,17,334.0,0.18820961604106948,24,588.0
3170.0,19,206.0,3.3225806451612905,5.113943115813464,6,138.0,0.3541750645495095,13,304.0,0.14877219965325128,19,442.0
3175.0,24,232.0,3.80327868852459,5.488033350436872,11,103.0,0.38162184022415363,13,306.0,0.1533195877389341,24,409.0
3180.0,25,272.0,4.533333333333333,5.757399245456929,10,147.0,0.4471601813877918,15,314.0,0.23832200047433372,25,461.0
3185.0,28,351.0,5.9491525423728815,4.654170973239247,13,192.0,0.2882276110596703,15,315.0,0.2568781797795213,28,507.0
3190.0,25,334.0,5.566666666666666,4.695196585475906,14,224.0,0.23822296729763617,11,309.0,0.3786241251968083,25,533.0
3195.0,23,368.0,6.237288135593221,4.466513868463924,15,278.0,0.23295537427487806,8,288.0,0.3161231070638086,23,566.0
3200.0,30,355.0,6.016949152542373,3.9714055097054906,15,286.0,0.1922798370665464,15,275.0,0.27367101989161163,30,561.0
3205.0,26,214.0,3.4516129032258065,4.224049186459062,9,223.0,0.274185456987788,17,303.0,0.18523607821999513,26,526.0
3210.0,21,284.0,4.369230769230769,5.211426248390429,7,166.0,0.28758706647862936,14,322.0,0.2232489661020652,21,488.0
3215.0,19,269.0,4.014925373134329,5.756040869771809,7,148.0,0.27623407374840964,12,330.0,0.30343560656906293,19,478.0
3220.0,21,274.0,4.08955223880597,5.527774880158634,10,166.0,0.29351711048567136,11,343.0,0.2821834522491727,21,509.0
3225.0,26,284.0,4.115942028985507,5.204440303831766,12,191.0,0.3772178919902421,14,352.0,0.23093526646888146,26,543.0
3230.0,22,287.0,4.348484848484849,5.169185132246278,6,173.0,0.42911699866528963,16,350.0,0.17717433368619304,22,523.0
3235.0,29,347.0,5.17910447761194,4.823375024064301,10,185.0,0.39702840559741126,19,395.0,0.12977882394972146,29,580.0
3240.0,25,360.0,5.625,4.966904126950439,11,196.0,0.2749200100056137,14,397.0,0.1901866977609478,25,593.0
3245.0,33,485.0,7.461538461538462,3.9442883089594645,18,255.0,0.18008033841186008,15,432.0,0.19975899539445724,33,687.0
3250.0,36,613.0,9.287878787878787,4.503548904057456,19,330.0,0.23884084348211426,17,491.0,0.2828346861528405,36,821.0
3255.0,33,662.0,10.184615384615384,4.238755554527757,19,388.0,0.23768924676436756,14,484.0,0.31353474235177314,33,872.0
3260.0,30,482.0,7.415384615384616,4.046433176037378,17,380.0,0.19156629438117018,13,432.0,0.32167427326183945,30,812.0
3265.0,32,475.0,7.08955223880597,3.903319340814003,16,313.0,0.24281166451906513,16,491.0,0.2420839230558661,32,804.0
3270.0,37,529.0,7.450704225352113,3.9940974783700964,15,329.0,0.25263264822659365,22,568.0,0.22040542312099612,37,897.0
3275.0,36,446.0,6.371428571428571,3.6290672232072017,14,281.0,0.2473381771249739,22,602.0,0.14893326198890686,36,883.0
3280.0,29,459.0,6.557142857142857,4.3016806853904415,12,275.0,0.27815652115904377,17,592.0,0.1375782940375768,29,867.0
3285.0,26,322.0,4.6,4.529761375461293,13,284.0,0.27571187177093076,13,492.0,0.18748972288327015,26,776.0
3290.0,30,355.0,5.220588235294118,4.658891437869045,17,326.0,0.278515749471744,13,429.0,0.228164766354179,30,755.0
3295.0,37,436.0,6.8125,3.8886253146979968,20,397.0,0.28014778646733435,17,415.0,0.20846306466316278,37,812.0
3300.0,36,466.0,6.852941176470588,3.404512696376181,18,434.0,0.19969119954966713,18,357.0,0.1824606114483951,36,791.0
3305.0,30,474.0,7.074626865671642,3.3801561309109593,16,440.0,0.20428651775822057,14,376.0,0.15504134360136473,30,816.0
3310.0,26,487.0,7.268656716417911,4.627770693690069,16,465.0,0.19439544473431714,10,352.0,0.2263563133520363,26,817.0
3315.0,23,563.0,8.796875,5.633970042348828,15,502.0,0.1590938806763103,8,327.0,0.3711349682202012,23,829.0
3320.0,32,641.0,9.028169014084508,4.372409836073401,19,559.0,0.08062987489716779,13,307.0,0.20191213413026374,32,866.0
3325.0,35,570.0,8.382352941176471,4.376462014791614,19,515.0,0.105110235637308,16,300.0,0.36441787181478963,35,815.0
3330.0,27,504.0,7.522388059701493,5.3236706296758545,16,353.0,0.2443497216499523,11,320.0,0.43643015284905684,27,673.0
3335.0,25,467.0,7.075757575757576,5.31184730857288,14,331.0,0.2598197652941626,11,313.0,0.427532176394589,25,644.0
3340.0,31,441.0,6.681818181818182,4.458597767815107,16,348.0,0.23859735232666326,15,285.0,0.2647402838651614,31,633.0
3345.0,39,568.0,8.231884057971014,3.8633719890837233,18,354.0,0.20794182113303097,21,305.0,0.15204130313914693,39,659.0
3350.0,41,699.0,9.985714285714286,3.7338417209558674,19,433.0,0.21931294130957646,22,380.0,0.14959879721508584,41,813.0
3355.0,40,791.0,11.3,4.0425166685802445,18,489.0,0.2674714178117599,22,427.0,0.2071164359162813,40,916.0
3360.0,39,772.0,10.873239436619718,3.453091354775424,17,522.0,0.2595936250984391,22,452.0,0.16947220229158794,39,974.0
3365.0,43,748.0,10.246575342465754,3.5851630870409767,18,514.0,0.25833386328870006,25,462.0,0.19642649398624382,43,976.0
3370.0,35,529.0,7.557142857142857,3.714420101238024,11,391.0,0.3226470423418873,24,509.0,0.12500400449603769,35,900.0
3375.0,26,327.0,4.8088235294117645,3.9133726138839564,9,259.0,0.24959594199986856,17,490.0,0.14100263078642503,26,749.0
3380.0,22,241.0,3.3943661971830985,4.890522459862336,13,249.0,0.12681857522950643,9,409.0,0.2944585803479305,22,658.0
3385.0,29,366.0,5.304347826086956,5.777368407978855,17,288.0,0.16204757693067934,12,340.0,0.36435831894036286,29,628.0
3390.0,25,335.0,5.0,5.194468820332236,15,294.0,0.2164980539820432,10,273.0,0.327795417140079,25,567.0
3395.0,25,349.0,5.287878787878788,5.4777494807996305,10,282.0,0.3700067864388669,15,242.0,0.21137758317732866,25,524.0
3400.0,26,277.0,4.073529411764706,5.140293867601844,9,251.0,0.3799248098536241,17,257.0,0.20069820604166208,26,508.0
3405.0,27,376.0,5.529411764705882,6.095261888975872,10,247.0,0.415642811193667,17,291.0,0.24122041701444125,27,538.0
3410.0,30,425.0,6.159420289855072,5.258367306438688,14,270.0,0.308463936690859,16,314.0,0.2663482867927723,30,584.0
3415.0,26,433.0,6.462686567164179,5.234259608630594,19,346.0,0.21548779412313576,7,290.0,0.31113522957957457,26,636.0
3420.0,30,444.0,6.7272727272727275,5.0327673838411,20,366.0,0.16657458334831227,10,268.0,0.34055000020916953,30,634.0
3425.0,32,421.0,6.1911764705882355,4.56852791425627,19,340.0,0.17498843237776548,13,247.0,0.2728003824235233,32,587.0
3430.0,34,384.0,5.731343283582089,4.311745965765675,17,371.0,0.18945029199174115,17,211.0,0.29221948464707764,34,582.0
3435.0,28,301.0,4.426470588235294,4.0770641111101735,11,324.0,0.2414936229114042,17,248.0,0.22955644152854182,28,572.0
3440.0,23,334.0,5.138461538461539,4.564484591148305,11,336.0,0.27788745381506064,12,261.0,0.2004662756736548,23,597.0
3445.0,32,456.0,6.705882352941177,4.745201058859586,17,400.0,0.14493518122992796,15,288.0,0.2821215041790194,32,688.0
3450.0,33,443.0,6.420289855072464,4.100108546325812,18,416.0,0.12740363599084017,15,316.0,0.2607954583675013,33,732.0
3455.0,32,459.0,7.061538461538461,4.195874711433416,14,368.0,0.202075300837981,18,370.0,0.25998235997267727,32,738.0
3460.0,31,439.0,6.651515151515151,4.082037977043214,13,404.0,0.23725575633821985,18,387.0,0.19712187693081243,31,791.0
3465.0,31,472.0,6.840579710144928,4.494259810323507,14,419.0,0.24033435695408223,17,431.0,0.2451666099088159,31,850.0
3470.0,29,392.0,5.6,4.555973033848127,15,379.0,0.19379073779720918,14,410.0,0.2815259704531204,29,789.0
3475.0,20,178.0,2.5428571428571427,5.118547592876298,8,246.0,0.23674140388675563,12,341.0,0.2857185445095854,20,587.0
3480.0,28,265.0,3.6805555555555554,4.7077954622024505,9,263.0,0.336805489786638,19,371.0,0.1809862341718347,28,634.0
3485.0,36,379.0,5.121621621621622,4.440789049228702,14,294.0,0.2624859710702723,22,427.0,0.2193054977633378,36,721.0
3490.0,35,470.0,6.438356164383562,4.264309116918695,14,283.0,0.2933289638944879,21,447.0,0.2565241656041083,35,730.0
3495.0,29,506.0,6.931506849315069,4.463044621506448,8,231.0,0.3144950678382869,21,489.0,0.22135849939520857,29,720.0
3500.0,26,484.0,6.453333333333333,5.126957085580042,8,233.0,0.3457892037513671,18,474.0,0.17043493979282154,26,707.0
3505.0,24,495.0,6.780821917808219,5.82039910693332,6,204.0,0.3351565615093941,18,485.0,0.22677086616870198,24,689.0
3510.0,29,582.0,8.083333333333334,5.3815791748237025,11,197.0,0.2846717289225953,18,511.0,0.18694738290383894,29,708.0
3515.0,29,543.0,8.104477611940299,5.708543021080488,10,133.0,0.26668085648696993,19,555.0,0.26537074178867515,29,688.0
3520.0,32,517.0,8.338709677419354,4.087542293060989,14,147.0,0.17579495098882286,18,524.0,0.2007882180006437,32,671.0
3525.0,32,424.0,6.523076923076923,4.25716634427533,12,175.0,0.2566412827011243,20,485.0,0.17602469380503685,32,660.0
3530.0,24,380.0,5.757575757575758,4.98624283056509,6,147.0,0.40112883014383444,18,516.0,0.19694493491460485,24,663.0
3535.0,19,336.0,5.508196721311475,6.098265172286549,4,99.0,0.4885320518296371,15,504.0,0.26711154724760766,19,603.0
3540.0,18,242.0,4.101694915254237,6.240793504570319,5,84.0,0.39150226587096704,13,450.0,0.311158598373737,18,534.0
3545.0,25,291.0,5.196428571428571,5.127911825679318,9,118.0,0.3594239542916394,16,386.0,0.23983054702196108,25,504.0
3550.0,24,335.0,5.87719298245614,5.203126733437449,9,159.0,0.4258446045165281,15,409.0,0.21990056682131787,24,568.0
3555.0,27,324.0,6.0,4.771124347713026,10,161.0,0.429308021103364,17,413.0,0.1654640219753624,27,574.0
3560.0,27,362.0,6.703703703703703,4.293783017758541,11,130.0,0.32925649649579,16,461.0,0.20764867335758896,27,591.0
3565.0,28,408.0,7.418181818181818,3.959957259067937,13,156.0,0.20903087329847755,15,485.0,0.19025003566898013,28,641.0
3570.0,22,324.0,6.352941176470588,4.760891605069289,8,138.0,0.26603968431752784,14,440.0,0.14062862569986692,22,578.0
3575.0,18,228.0,4.384615384615385,5.615474876851641,9,169.0,0.2601746422207108,9,340.0,0.16799210523085165,18,509.0
3580.0,24,291.0,5.490566037735849,4.93103841900844,15,234.0,0.20924144293790634,9,275.0,0.24449817224603862,24,509.0
3585.0,21,260.0,5.0,5.209842247132054,14,267.0,0.34202773617533194,7,252.0,0.16442717330077722,21,519.0
3590.0,18,297.0,6.061224489795919,5.655324647046167,9,242.0,0.38258730940299845,9,236.0,0.14276118512232186,18,478.0
3595.0,13,227.0,4.63265306122449,6.077396249627582,6,209.0,0.36999555817431273,7,226.0,0.34337500066026827,13,435.0
3600.0,22,309.0,5.9423076923076925,5.54563092209335,15,216.0,0.16204710161578442,7,261.0,0.40883108825509556,22,477.0
3605.0,23,386.0,7.423076923076923,4.890979619518835,17,259.0,0.14883070898729472,6,289.0,0.4556369438956581,23,548.0
3610.0,18,429.0,8.09433962264151,6.374754452412331,10,279.0,0.3008111512095378,8,320.0,0.4514904203082943,18,599.0
3615.0,14,350.0,7.446808510638298,6.255401458102028,6,197.0,0.40508046374941625,8,354.0,0.3771192601488424,14,551.0
3620.0,19,368.0,7.215686274509804,6.267605186602875,9,126.0,0.31974180392487017,10,400.0,0.35378284453052344,19,526.0
3625.0,16,300.0,6.25,5.838969564287186,8,118.0,0.2456344547295944,8,372.0,0.43061398544187535,16,490.0
3630.0,21,290.0,5.918367346938775,5.654923285095884,10,119.0,0.25459339265501546,11,276.0,0.3936115291412705,21,395.0
3635.0,17,286.0,6.217391304347826,4.7205017533599944,7,136.0,0.3203430552275299,10,297.0,0.33684426166448106,17,433.0
3640.0,16,304.0,6.204081632653061,6.191459521918042,6,97.0,0.4171678246152885,10,310.0,0.3619302405518201,16,407.0
3645.0,17,167.0,3.34,5.068856575134481,3,80.0,0.3764001150973522,14,277.0,0.1670310749441592,17,357.0
3650.0,22,186.0,3.509433962264151,5.578368375324856,7,98.0,0.42772921445150897,15,268.0,0.17737142980284876,22,366.0
3655.0,23,169.0,3.1296296296296298,4.807918918648171,7,60.0,0.39092571391327396,16,300.0,0.1843765399365647,23,360.0
3660.0,22,209.0,4.446808510638298,5.237801919323741,9,97.0,0.34217053152855387,13,301.0,0.2669947426594987,22,398.0
3665.0,20,186.0,3.795918367346939,3.951046890739824,9,111.0,0.24611602094865476,11,307.0,0.2204280712146106,20,418.0
3670.0,20,228.0,4.470588235294118,5.24988504959279,4,71.0,0.37000516566442987,16,347.0,0.20663262343081376,20,418.0
3675.0,20,289.0,5.452830188679245,5.631093951320421,5,83.0,0.48281003427197167,15,387.0,0.20735046851392203,20,470.0
3680.0,20,365.0,6.7592592592592595,6.699386188502053,9,119.0,0.36266368342172806,11,401.0,0.3543900004621482,20,520.0
3685.0,21,302.0,5.69811320754717,5.195713422764319,11,149.0,0.27274953335793023,10,320.0,0.2523470709930062,21,469.0
3690.0,24,380.0,6.909090909090909,6.033171086894696,12,170.0,0.3472590895607756,12,321.0,0.26048811938149447,24,491.0
3695.0,21,423.0,8.294117647058824,5.7597415576724345,9,177.0,0.3517783712678939,12,366.0,0.300589588131623,21,543.0
3700.0,23,465.0,8.773584905660377,5.182308112651951,10,173.0,0.2744194770944824,13,428.0,0.26283806721730013,23,601.0
3705.0,23,409.0,7.716981132075472,4.5005473676617855,8,205.0,0.309613645163634,15,364.0,0.2023516105124393,23,569.0
3710.0,22,359.0,6.410714285714286,4.959112957550215,10,247.0,0.383467571882226,12,296.0,0.18428097322520168,22,543.0
3715.0,23,371.0,6.508771929824562,4.84415357049993,15,312.0,0.3579606093149096,8,285.0,0.25533755929662155,23,597.0
3720.0,23,364.0,6.867924528301887,4.963777594274027,15,355.0,0.2488747369299001,8,251.0,0.3411298838496041,23,606.0
3725.0,29,441.0,8.320754716981131,3.9193080702420304,19,412.0,0.17031472734019704,10,273.0,0.26058541229263116,29,685.0
3730.0,31,387.0,7.036363636363636,3.543005942736882,18,380.0,0.17705589232951116,13,291.0,0.2059731795087238,31,671.0
3735.0,28,415.0,7.545454545454546,4.805162770866179,16,356.0,0.27922222738361724,12,276.0,0.31782731098166617,28,632.0
3740.0,25,484.0,8.491228070175438,4.874563464142901,16,400.0,0.27069894330073163,9,229.0,0.3457990124760333,25,629.0
3745.0,26,405.0,6.639344262295082,4.877384193233129,16,392.0,0.19533680315625102,10,247.0,0.3851231425490525,26,639.0
3750.0,26,310.0,5.0,4.896513075816635,10,281.0,0.3003316747598883,16,277.0,0.22903321310124727,26,558.0
3755.0,23,279.0,4.2272727272727275,4.698997586132478,7,295.0,0.32639543653763803,16,284.0,0.16569874681975286,23,579.0
3760.0,19,215.0,3.257575757575758,5.698587329519028,12,296.0,0.2593427018018543,7,214.0,0.33488380807082,19,510.0
3765.0,25,189.0,3.0,5.20686747481363,17,328.0,0.15154600313686234,8,215.0,0.3692341776780412,25,543.0
3770.0,35,325.0,5.078125,4.34357267530803,21,373.0,0.11634648072198314,14,252.0,0.31065896757359296,35,625.0
3775.0,32,386.0,6.225806451612903,3.50885729176012,19,382.0,0.16423192982356877,13,257.0,0.2920628821003738,32,639.0
3780.0,20,306.0,4.636363636363637,5.145971227162253,10,284.0,0.28066784430930775,10,250.0,0.2739543419789432,20,534.0
3785.0,19,346.0,5.40625,5.816337098424341,8,291.0,0.2927491865995218,11,274.0,0.3165075958783101,19,565.0
3790.0,23,274.0,4.349206349206349,5.391549502142429,13,292.0,0.2638633912780541,10,241.0,0.28074238843910154,23,533.0
3795.0,24,181.0,2.9193548387096775,5.167390422309456,16,311.0,0.21913416775320846,8,145.0,0.3662870764372477,24,456.0
3800.0,29,267.0,4.45,4.407176652190259,22,385.0,0.18309864058790284,7,162.0,0.379345418992618,29,547.0
3805.0,32,351.0,5.571428571428571,4.514437385736785,20,416.0,0.22113946028316456,12,189.0,0.33508460286875563,32,605.0
3810.0,22,249.0,3.9523809523809526,5.070592652967957,12,349.0,0.28719912215866394,10,209.0,0.3232238962116262,22,558.0
3815.0,19,295.0,4.682539682539683,5.362413713433796,11,289.0,0.31712593091150204,8,193.0,0.20293465034893954,19,482.0
3820.0,21,316.0,4.9375,5.970067665440112,9,265.0,0.2873091052633012,12,227.0,0.22129977198605827,21,492.0
3825.0,23,340.0,5.573770491803279,5.967044655821226,14,262.0,0.18432232313237207,9,220.0,0.36319291875895715,23,482.0
3830.0,23,230.0,3.9655172413793105,4.989746433053278,18,258.0,0.15610953104492536,5,166.0,0.4528051622097478,23,424.0
3835.0,22,218.0,3.824561403508772,5.353749010185472,19,272.0,0.23039004951345704,3,116.0,0.4604714414465192,22,388.0
3840.0,23,264.0,4.714285714285714,5.24241396320876,16,318.0,0.27602335257784494,7,97.0,0.3982405263910859,23,415.0
3845.0,27,377.0,6.732142857142857,4.877428329680418,18,385.0,0.2525953288319575,9,102.0,0.3462434602638741,27,487.0
3850.0,26,375.0,6.4655172413793105,4.122713322346739,16,388.0,0.1549493880219621,10,112.0,0.39892852776289595,26,500.0
3855.0,20,214.0,3.6271186440677967,4.5829696819216075,12,316.0,0.25912817487522555,8,139.0,0.3387939526133142,20,455.0
3860.0,17,222.0,3.8275862068965516,5.477592800466284,6,241.0,0.34002406808202573,11,159.0,0.3402132715020921,17,400.0
3865.0,17,281.0,4.683333333333334,6.41280969617175,5,170.0,0.3831405493150356,12,198.0,0.3049948785640857,17,368.0
3870.0,22,266.0,4.433333333333334,5.316003543701707,8,196.0,0.2869136960238556,14,201.0,0.213669181550524,22,397.0
3875.0,24,322.0,5.366666666666666,5.687870100872197,13,256.0,0.249582221471967,11,203.0,0.32904001506318786,24,459.0
3880.0,25,345.0,6.160714285714286,4.956742170229985,12,284.0,0.3323948725327383,13,228.0,0.3005760350052377,25,512.0
3885.0,26,384.0,6.7368421052631575,4.736577350409902,14,336.0,0.30396170247239734,12,234.0,0.3002683905065872,26,570.0
3890.0,27,339.0,5.947368421052632,4.127230870890018,15,350.0,0.32078366501791566,12,225.0,0.2317601201227539,27,575.0
3895.0,22,319.0,5.229508196721311,4.661887305060561,8,292.0,0.3249615921842069,14,247.0,0.19579842354939073,22,539.0
3900.0,21,205.0,3.306451612903226,5.0152678819233145,7,192.0,0.35876937667356074,14,278.0,0.18869627815796947,21,470.0
3905.0,28,312.0,4.875,5.300127264768683,16,243.0,0.18812115930549556,12,290.0,0.3169172044812758,28,533.0
3910.0,30,372.0,6.0,4.705811542061785,17,310.0,0.12385414550327455,13,298.0,0.25087925030494035,30,608.0
3915.0,30,426.0,6.65625,4.787152992349454,19,391.0,0.221299013052917,11,284.0,0.21348180723463955,30,675.0
3920.0,26,456.0,7.6,4.600510604979807,15,374.0,0.31878393233431634,11,325.0,0.27645837393495537,26,699.0
3925.0,23,419.0,6.650793650793651,5.188961553001314,9,311.0,0.31332169521149955,14,369.0,0.2918584279250376,23,680.0
3930.0,27,425.0,6.538461538461538,5.126810380170813,12,345.0,0.2825840266708192,15,373.0,0.21654336977566369,27,718.0
3935.0,27,370.0,5.36231884057971,5.029113961018456,14,403.0,0.17446237737030046,13,383.0,0.2980002967510634,27,786.0
3940.0,28,390.0,6.0,4.253789379700491,16,416.0,0.16017934546800636,12,387.0,0.308889064884187,28,803.0
3945.0,28,474.0,7.523809523809524,4.570239291376891,11,388.0,0.2476152632218257,17,447.0,0.28143077980595166,28,835.0
3950.0,30,316.0,4.7164179104477615,4.006278667946841,11,310.0,0.27834883060696963,19,463.0,0.18808236113402116,30,773.0
3955.0,33,391.0,5.507042253521127,4.951269552883535,16,258.0,0.3332117385651956,17,460.0,0.2804865107375834,33,718.0
3960.0,29,403.0,5.597222222222222,4.821681714657391,14,277.0,0.32966859111481883,15,485.0,0.29130700431690715,29,762.0
3965.0,26,422.0,5.780821917808219,5.2031264919513225,10,257.0,0.33599811003623203,16,472.0,0.26655057118971687,26,729.0
3970.0,28,506.0,6.571428571428571,5.151074796561664,10,268.0,0.3493603597964171,18,512.0,0.15368803417217242,28,780.0
3975.0,38,598.0,7.475,4.913495879155275,16,290.0,0.23932131969687492,22,606.0,0.18667303611038202,38,896.0
3980.0,39,651.0,8.346153846153847,4.636678927053054,17,325.0,0.22591766526711668,22,626.0,0.22567419440632375,39,951.0
3985.0,36,457.0,6.093333333333334,4.089691884138163,18,268.0,0.23417596773424018,18,558.0,0.2551110668410421,36,826.0
3990.0,38,465.0,6.2,3.6549808585199277,21,251.0,0.22623006721378752,17,592.0,0.2437447543045156,38,843.0
3995.0,32,479.0,6.386666666666667,4.094825429008461,18,310.0,0.19388262369223175,14,576.0,0.29013016937407304,32,886.0
4000.0,30,349.0,4.4743589743589745,4.470107061705494,14,310.0,0.23464224465270284,16,547.0,0.19838183990446487,30,857.0
4005.0,27,283.0,3.723684210526316,5.012497995102675,10,331.0,0.2789837121970012,17,532.0,0.17480073184230693,27,863.0
4010.0,34,368.0,4.906666666666666,4.485037210532061,15,354.0,0.19269284726004263,19,590.0,0.17236382585002732,34,944.0
4015.0,33,467.0,6.397260273972603,4.351252697555994,17,391.0,0.1825897024583884,16,630.0,0.21088855545440174,33,1021.0
4020.0,29,535.0,7.985074626865671,4.595378115654315,11,362.0,0.21304620380720954,18,664.0,0.16175047609568238,29,1026.0
4025.0,28,482.0,7.303030303030303,5.003263608196718,9,270.0,0.32479579629219824,19,700.0,0.10553878060652301,28,970.0
4030.0,32,512.0,8.126984126984127,4.48056207728503,12,218.0,0.3729300973130688,20,691.0,0.14098482767019047,32,909.0
4035.0,30,483.0,7.918032786885246,4.086582898257597,12,245.0,0.3226013058712028,18,594.0,0.26208983208289566,30,839.0
4040.0,28,471.0,7.246153846153846,4.131015934567025,15,264.0,0.27154083288916825,13,621.0,0.3384671933154833,28,885.0
4045.0,30,486.0,7.043478260869565,3.9002411879866914,17,276.0,0.2188936154711167,13,595.0,0.29383354764355796,30,871.0
4050.0,27,309.0,4.175675675675675,4.251500322660038,13,245.0,0.30868421639129184,14,537.0,0.14384323019220227,27,782.0
4055.0,28,390.0,5.064935064935065,5.134742712291245,11,299.0,0.3904255946597163,17,489.0,0.14627341387769296,28,788.0
4060.0,38,520.0,6.753246753246753,4.582838786877243,20,364.0,0.3274759677235109,18,547.0,0.2009512732756395,38,911.0
4065.0,35,518.0,6.906666666666666,4.347731224188225,23,357.0,0.18934507739261142,12,577.0,0.3284821330431092,35,934.0
4070.0,41,622.0,8.18421052631579,3.797201622045577,28,441.0,0.13693259248186132,13,540.0,0.29681418072550014,41,981.0
4075.0,41,601.0,7.805194805194805,4.085328040081858,28,519.0,0.16122103170470387,13,435.0,0.29909496242752254,41,954.0
4080.0,39,593.0,7.602564102564102,3.990510144472744,25,534.0,0.20375235676858422,14,437.0,0.26006452418333353,39,971.0
4085.0,43,602.0,7.620253164556962,3.292238698440042,25,577.0,0.13141175865879204,18,410.0,0.23953194746795614,43,987.0
4090.0,41,458.0,5.871794871794871,3.878801999074625,23,552.0,0.1755556758843094,18,439.0,0.27031122003240154,41,991.0
4095.0,36,470.0,5.875,3.768544476464838,18,598.0,0.17241622026420567,18,459.0,0.17266802451992685,36,1057.0
4100.0,40,433.0,5.154761904761905,3.7230990112925286,21,664.0,0.19886507899630526,19,487.0,0.1644120384270328,40,1151.0
4105.0,34,446.0,5.126436781609195,4.463221446704163,23,694.0,0.20263582315933373,11,430.0,0.2741589537518702,34,1124.0
4110.0,35,544.0,6.554216867469879,5.099976209408223,22,667.0,0.21676107422830768,13,429.0,0.3321973625309387,35,1096.0
4115.0,29,622.0,7.8734177215189876,5.149236969637273,19,652.0,0.22409829784007002,10,444.0,0.30873543387924035,29,1096.0
4120.0,33,650.0,8.552631578947368,4.49287760984494,19,612.0,0.2125931274163653,14,481.0,0.1713176501698997,33,1093.0
4125.0,38,664.0,8.736842105263158,4.299763704842299,21,564.0,0.16015990581174572,17,443.0,0.23311268389259074,38,1007.0
4130.0,38,657.0,8.76,3.9161983977220642,26,611.0,0.14046462314034022,12,421.0,0.31094829255506135,38,1032.0
4135.0,39,697.0,8.935897435897436,3.929825140269527,27,635.0,0.1821260002876365,12,440.0,0.3058523067928357,39,1075.0
4140.0,41,794.0,10.179487179487179,3.8261168843921722,26,701.0,0.1580507951252668,15,441.0,0.31761065406130184,41,1142.0
4145.0,35,646.0,7.9753086419753085,4.326567696029063,20,720.0,0.17737740707018504,15,384.0,0.25519063031018646,35,1104.0
4150.0,31,668.0,8.35,4.744640731224442,15,740.0,0.24811594256648875,16,343.0,0.12488048329573406,31,1083.0
4155.0,42,800.0,10.0,4.260874349578069,22,796.0,0.2119514407491405,20,340.0,0.12618594344460082,42,1136.0
4160.0,40,892.0,11.893333333333333,4.048240440808461,26,879.0,0.17117046146119264,14,327.0,0.24691448013633607,40,1206.0
4165.0,32,937.0,13.01388888888889,3.8479875500781873,20,909.0,0.12818761081505442,12,339.0,0.23367050821280647,32,1248.0
4170.0,30,948.0,13.352112676056338,4.0218590821782465,18,871.0,0.1622390363515391,12,327.0,0.15660016364321874,30,1198.0
4175.0,33,1014.0,13.702702702702704,5.053571859741351,18,834.0,0.18879402910942408,15,399.0,0.17612686744629494,33,1233.0
4180.0,32,982.0,13.63888888888889,4.757902744048985,20,884.0,0.16223684384492154,12,377.0,0.2784930100109041,32,1261.0
4185.0,23,950.0,13.970588235294118,5.912749130102385,16,921.0,0.2613089613436674,7,281.0,0.3738017593454535,23,1202.0
4190.0,27,842.0,12.953846153846154,4.809277176941545,18,879.0,0.2658459554269738,9,286.0,0.13146250359437953,27,1165.0
4195.0,31,508.0,7.470588235294118,4.393173450190883,18,744.0,0.2079661864026435,13,344.0,0.2237199124254527,31,1088.0
4200.0,35,462.0,6.895522388059701,4.131835757354564,21,641.0,0.14283509148404294,14,405.0,0.3595832756716224,35,1046.0
4205.0,31,457.0,6.924242424242424,4.113793035089152,20,690.0,0.15753330039614447,11,364.0,0.38601761760715547,31,1054.0
4210.0,31,542.0,8.46875,4.201848324032651,21,724.0,0.16347923888670268,10,378.0,0.37563878299105014,31,1102.0
4215.0,34,514.0,7.6716417910447765,3.5435922427178626,24,776.0,0.1615606845331253,10,361.0,0.2985230246115369,34,1137.0
4220.0,29,439.0,6.753846153846154,4.586233688232901,17,762.0,0.2754042417864284,12,355.0,0.22173579787587105,29,1117.0
4225.0,22,443.0,6.921875,4.304949214293599,13,708.0,0.30034497616159594,9,384.0,0.21698023403304117,22,1092.0
4230.0,26,457.0,6.6231884057971016,4.214180106659487,18,595.0,0.17944370518748562,8,404.0,0.3390927988273408,26,999.0
4235.0,31,551.0,7.445945945945946,4.756715105225907,22,571.0,0.14580378081539083,9,435.0,0.4438710718419941,31,1006.0
4240.0,33,663.0,8.84,4.978010548562283,25,624.0,0.16547562000121802,8,475.0,0.4745250986333254,33,1099.0
4245.0,28,695.0,9.144736842105264,5.754829730554528,17,586.0,0.20613958142743702,11,519.0,0.4540897930155859,28,1105.0
4250.0,29,764.0,10.324324324324325,4.854117654257695,17,610.0,0.16222829104260444,12,573.0,0.3172772062704567,29,1183.0
4255.0,39,902.0,11.417721518987342,4.2073080937335385,23,638.0,0.07737675120915523,16,647.0,0.2738217855340149,39,1285.0
4260.0,36,1004.0,12.708860759493671,4.488905741458129,22,668.0,0.16806573360551735,14,700.0,0.36852046793063375,36,1368.0
4265.0,32,1077.0,13.632911392405063,5.098422482065522,19,655.0,0.2890844302929796,13,735.0,0.33300106552101866,32,1390.0
4270.0,31,911.0,11.531645569620252,4.296958140417642,16,619.0,0.3034737535338109,15,733.0,0.20459957226518058,31,1352.0
4275.0,40,994.0,12.271604938271604,4.422362303574655,24,627.0,0.2561640540853844,16,710.0,0.22536901194901887,40,1337.0
4280.0,43,911.0,10.845238095238095,4.161060352703562,29,705.0,0.21935570143702046,14,615.0,0.21381942286263667,43,1320.0
4285.0,36,708.0,8.53012048192771,4.425103146521544,24,736.0,0.18969370370297461,12,405.0,0.3016537286126447,36,1141.0
4290.0,39,850.0,10.493827160493828,4.576195019704054,25,807.0,0.1994034687981284,14,275.0,0.30655655444045404,39,1082.0
4295.0,42,1057.0,13.727272727272727,4.733403241882213,26,915.0,0.2088015921433154,16,311.0,0.2981439661309872,42,1226.0
4300.0,40,1092.0,15.166666666666666,3.3211075907231633,25,957.0,0.14686690680105718,15,348.0,0.19989163843218155,40,1305.0
4305.0,38,1041.0,14.067567567567568,3.658565660103722,24,978.0,0.14271336837831985,14,345.0,0.2017287862144655,38,1323.0
4310.0,37,1038.0,14.219178082191782,3.818561431051876,21,1030.0,0.12794416567669506,16,360.0,0.227210229819703,37,1390.0
4315.0,41,1131.0,15.08,4.0478108863998425,25,1089.0,0.12545446343605404,16,379.0,0.2517327183807008,41,1468.0
4320.0,41,1238.0,16.506666666666668,3.404504188524645,24,1184.0,0.16591084221050126,17,425.0,0.17973124518893163,41,1609.0
4325.0,38,1324.0,17.89189189189189,4.857119741106036,20,1226.0,0.2822396748120481,18,457.0,0.22645853305129465,38,1683.0
4330.0,36,1174.0,16.305555555555557,3.848454134464913,19,1081.0,0.2321348966392907,17,487.0,0.1356629797935362,36,1568.0
4335.0,34,804.0,10.864864864864865,4.17222313332043,21,1025.0,0.11747862464157349,13,486.0,0.24466951694492226,34,1511.0
4340.0,31,458.0,6.1891891891891895,4.141788221693858,18,1086.0,0.0980590236320279,13,397.0,0.3032728752087042,31,1483.0
4345.0,30,457.0,6.347222222222222,5.236840358179413,16,1129.0,0.2522134049360334,14,308.0,0.28517154852556814,30,1437.0
4350.0,31,453.0,6.380281690140845,4.659539554967662,16,1092.0,0.3087583789372712,15,343.0,0.18855653404067008,31,1435.0
4355.0,28,426.0,6.0,5.06635766315616,15,1000.0,0.31147199120927693,13,365.0,0.21091231306136785,28,1365.0
4360.0,31,472.0,6.647887323943662,4.295462601563572,17,966.0,0.24315367071292898,14,382.0,0.22032220226621393,31,1348.0
4365.0,34,530.0,7.361111111111111,4.801375738838112,20,845.0,0.24357365630686104,14,393.0,0.29768859666565795,34,1238.0
4370.0,34,640.0,9.27536231884058,4.0829298819813955,22,768.0,0.20072186933326305,12,432.0,0.33069426901510474,34,1200.0
4375.0,35,784.0,11.529411764705882,4.063599504006972,22,790.0,0.1274662950381164,13,480.0,0.35717642461618826,35,1270.0
4380.0,36,903.0,13.681818181818182,3.9525248893578353,22,796.0,0.05039862283961156,14,529.0,0.33920599518296235,36,1325.0
4385.0,40,927.0,13.632352941176471,3.6262871228905236,23,806.0,0.043543309222056924,17,603.0,0.291395624079425,40,1409.0
4390.0,39,854.0,12.558823529411764,3.7662160047151056,22,815.0,0.061424652037123606,17,534.0,0.299142954641107,39,1349.0
4395.0,34,785.0,11.544117647058824,4.478684609908852,21,831.0,0.11572446955554078,13,422.0,0.3539152275538728,34,1253.0
4400.0,33,833.0,12.25,4.1095199329546,18,741.0,0.16662505960433396,15,467.0,0.2819345028361272,33,1208.0
4405.0,32,763.0,10.9,4.010285734792715,16,692.0,0.09992230430367507,16,499.0,0.2641603376843383,32,1191.0
4410.0,26,335.0,4.785714285714286,4.594757522188363,11,553.0,0.1844790526757624,15,467.0,0.23811203433400674,26,1020.0
4415.0,23,288.0,4.0,6.211937985147214,7,428.0,0.4221072022830852,16,361.0,0.2354949372499663,23,789.0
4420.0,28,360.0,5.0,5.082110620799214,10,374.0,0.29765766939543864,18,425.0,0.17384518117475775,28,799.0
4425.0,32,465.0,6.838235294117647,4.8758460783768705,14,379.0,0.23312528117263162,18,480.0,0.25950337082838465,32,859.0
4430.0,30,549.0,8.194029850746269,4.267476396752471,15,372.0,0.1439269850416518,15,501.0,0.2685598149372931,30,873.0
4435.0,29,640.0,10.32258064516129,5.122393480511701,9,337.0,0.2533568109195504,20,554.0,0.2545367614201798,29,891.0
4440.0,30,624.0,10.4,3.316406638146674,11,284.0,0.20760510472946625,19,628.0,0.08617796126190165,30,912.0
4445.0,31,663.0,10.868852459016393,4.4988534692609985,11,209.0,0.2529632536683962,20,689.0,0.15845823349747115,31,898.0
4450.0,31,606.0,10.1,3.981782227112598,11,237.0,0.23789727676072248,20,693.0,0.18199474004253693,31,930.0
4455.0,32,710.0,10.923076923076923,5.180922655660028,14,305.0,0.2434073321497513,18,675.0,0.28192444168518116,32,980.0
4460.0,26,733.0,11.276923076923078,4.875373972542828,11,304.0,0.2987585534904946,15,732.0,0.24363443717720573,26,1036.0
4465.0,28,799.0,12.682539682539682,4.968910724381433,9,252.0,0.3601107451881622,19,798.0,0.22201851228380096,28,1050.0
4470.0,28,771.0,12.046875,4.559614687594459,7,181.0,0.3262039802799152,21,874.0,0.19927898244311076,28,1055.0
4475.0,31,902.0,13.876923076923077,5.118195375201857,10,177.0,0.34922494768022333,21,959.0,0.2293804511243221,31,1136.0
4480.0,30,752.0,11.223880597014926,4.7348803006526445,11,187.0,0.32785828358925806,19,856.0,0.2542668736772013,30,1043.0
4485.0,27,494.0,7.264705882352941,5.2592689936276145,7,194.0,0.40646560812351645,20,662.0,0.20924937109950237,27,856.0
4490.0,22,354.0,5.363636363636363,5.162399952097837,8,215.0,0.5104845423195375,14,661.0,0.15564955117428916,22,876.0
4495.0,21,274.0,4.151515151515151,5.344371624580986,6,180.0,0.38287355508433735,15,641.0,0.17672323502085868,21,821.0
4500.0,30,301.0,4.630769230769231,4.7048745254837625,10,109.0,0.21414656662063813,20,707.0,0.18087260772087768,30,816.0
4505.0,30,352.0,5.67741935483871,4.615213288239811,10,130.0,0.1927954386947942,20,748.0,0.2646389865676332,30,878.0
4510.0,33,464.0,7.733333333333333,4.385209650183819,13,181.0,0.23936630157320954,20,788.0,0.19342910416476658,33,969.0
4515.0,29,513.0,8.844827586206897,4.258026432508711,11,203.0,0.2658589244779484,18,798.0,0.11776409260896105,29,1001.0
4520.0,30,494.0,8.666666666666666,3.7371665904904394,13,203.0,0.17586673871519562,17,798.0,0.1346720791065802,30,1001.0
4525.0,31,540.0,9.642857142857142,4.076016824055674,11,218.0,0.32366960585672955,20,831.0,0.1625215383063683,31,1049.0
4530.0,23,517.0,9.232142857142858,4.519260666516962,5,148.0,0.3950145077157588,18,909.0,0.21345322605132458,23,1057.0
4535.0,22,619.0,10.672413793103448,5.93486963209254,5,103.0,0.48680437247302566,17,971.0,0.23013516781690763,22,1074.0
4540.0,23,547.0,9.431034482758621,5.780760086022949,6,95.0,0.3067086349391472,17,885.0,0.20601338575533557,23,980.0
4545.0,22,421.0,7.135593220338983,6.085441265952842,8,126.0,0.3294927789409646,14,724.0,0.2093571048161651,22,850.0
4550.0,23,375.0,7.5,5.318319713937886,10,175.0,0.35398241959332005,13,585.0,0.22092069238038514,23,760.0
4555.0,20,402.0,8.04,5.446256455549923,11,230.0,0.3820275406841077,9,475.0,0.2593179451534466,20,705.0
4560.0,25,511.0,10.428571428571429,4.516551475056018,15,293.0,0.3026387569152559,10,386.0,0.2799232807020235,25,679.0
4565.0,25,552.0,11.26530612244898,4.305019779680141,13,312.0,0.3617813674700088,12,386.0,0.23222921216451356,25,698.0
4570.0,17,507.0,10.346938775510203,4.242471917712104,7,264.0,0.3158575285398797,10,385.0,0.20600026318219883,17,649.0
4575.0,20,499.0,10.183673469387756,4.124339694919205,7,230.0,0.19459740531318614,13,432.0,0.19483042078607568,20,662.0
4580.0,25,513.0,9.679245283018869,4.261264832599511,13,236.0,0.04007205097368242,12,423.0,0.27711388760133365,25,659.0
4585.0,27,436.0,7.785714285714286,4.758981215807166,15,156.0,0.10349727318505549,12,419.0,0.32256430789692686,27,575.0
4590.0,22,468.0,8.50909090909091,5.420877932003434,13,181.0,0.2388325348902902,9,408.0,0.35910536242535107,22,589.0
4595.0,21,485.0,8.660714285714286,6.219609602899957,10,193.0,0.346657389961249,11,390.0,0.3857585759982661,21,583.0
4600.0,15,431.0,8.288461538461538,6.189583201285507,4,137.0,0.43002331711498115,11,437.0,0.2822730341477401,15,574.0
4605.0,17,508.0,10.36734693877551,6.091518554642167,4,94.0,0.4464120839162715,13,492.0,0.20227973267845845,17,586.0
4610.0,19,554.0,11.306122448979592,5.168826242451106,6,84.0,0.26258212324823976,13,534.0,0.13028751017009482,19,618.0
4615.0,22,617.0,12.591836734693878,5.6266015098664,8,90.0,0.3204131171092495,14,578.0,0.18659513026179367,22,668.0
4620.0,22,429.0,8.9375,5.613057610584118,10,139.0,0.3959284573305396,12,450.0,0.26074969656299224,22,589.0
4625.0,15,232.0,4.64,6.120063542704664,9,151.0,0.37910917298821745,6,266.0,0.40359511419190347,15,417.0
4630.0,13,199.0,3.9019607843137254,6.568224603142665,9,167.0,0.3525130193098548,4,265.0,0.45183191096265996,13,432.0
4635.0,20,180.0,3.5294117647058822,5.791084599602775,10,190.0,0.3351538804988475,10,244.0,0.3370965105540784,20,434.0
4640.0,15,174.0,3.48,5.281758594685337,4,164.0,0.38509093257481225,11,267.0,0.15882872631741848,15,431.0
4645.0,19,247.0,5.25531914893617,5.355051715266718,5,161.0,0.3631907927936844,14,309.0,0.05915078934931044,19,470.0
4650.0,19,288.0,6.127659574468085,5.513889486014719,10,194.0,0.29060593258257084,9,341.0,0.17692984824561175,19,535.0
4655.0,17,239.0,5.195652173913044,6.151398520726775,8,134.0,0.40277674998710167,9,360.0,0.3526261983479274,17,494.0
4660.0,18,252.0,5.6,5.735295738130627,11,124.0,0.38011808917385465,7,300.0,0.42372928191735976,18,424.0
4665.0,14,188.0,3.9166666666666665,5.452008281789806,11,168.0,0.38119384824320934,3,249.0,0.37300967663903006,14,417.0
4670.0,22,225.0,4.591836734693878,4.814700436568242,16,236.0,0.32077088591414255,6,219.0,0.3685770093367032,22,455.0
4675.0,27,306.0,5.464285714285714,4.049971915206906,18,304.0,0.2519775699548468,9,220.0,0.28113795536401137,27,524.0
4680.0,32,416.0,6.709677419354839,4.0962933290509715,22,366.0,0.23489398401143358,10,271.0,0.3327982991581812,32,637.0
4685.0,28,373.0,5.828125,3.971374989401295,19,380.0,0.2244530319148937,9,289.0,0.38269287968885124,28,669.0
4690.0,23,252.0,3.876923076923077,5.182580743761446,16,313.0,0.23732025187317485,7,298.0,0.4504454396072609,23,611.0
4695.0,23,268.0,3.9411764705882355,4.969004636927065,13,345.0,0.24002915244454417,10,337.0,0.25108228971739904,23,682.0
4700.0,30,292.0,4.112676056338028,4.676172111059938,17,381.0,0.19953351174151773,13,306.0,0.18292131842405018,30,687.0
4705.0,32,320.0,4.266666666666667,4.479354859573858,23,458.0,0.18762080416208993,9,290.0,0.3124517850635298,32,748.0
4710.0,33,386.0,5.436619718309859,4.692863561281414,25,538.0,0.2616241880823199,8,304.0,0.3799746091942662,33,842.0
4715.0,33,422.0,5.780821917808219,4.149268758779526,23,566.0,0.2490594904864484,10,313.0,0.3555044512235415,33,879.0
4720.0,33,325.0,4.276315789473684,4.155033571204434,22,512.0,0.23288839914768836,11,315.0,0.32642264932945053,33,827.0
4725.0,32,300.0,3.8461538461538463,4.034275690459976,18,537.0,0.23595541251418445,14,339.0,0.2538629319562185,32,876.0
4730.0,38,402.0,5.0886075949367084,4.053266000162411,23,565.0,0.19828568100816474,15,343.0,0.2362890360875154,38,908.0
4735.0,41,506.0,6.325,3.6258764412715108,27,612.0,0.13209939171799034,14,274.0,0.2740409257972554,41,886.0
4740.0,39,548.0,7.2105263157894735,3.4491148982751305,27,607.0,0.11742555421006787,12,277.0,0.2693128929882441,39,884.0
4745.0,31,513.0,6.75,3.531765793317853,19,646.0,0.13869130898193416,12,254.0,0.23864059624309616,31,900.0
4750.0,32,528.0,6.947368421052632,4.176934503758727,19,614.0,0.16537794556478067,13,283.0,0.2302194081229837,32,897.0
4755.0,33,520.0,6.753246753246753,3.9253795332657884,20,642.0,0.07394504245797634,13,306.0,0.28558367534843243,33,948.0
4760.0,33,609.0,8.12,4.841077032919768,21,675.0,0.15056478486180777,12,326.0,0.37517076203896843,33,1001.0
4765.0,28,538.0,6.810126582278481,4.412625905481926,17,680.0,0.20414024871167608,11,289.0,0.3134798393230525,28,969.0
4770.0,31,639.0,8.635135135135135,4.697703621085553,20,767.0,0.20794862758122312,11,250.0,0.3971672422098342,31,1017.0
4775.0,35,773.0,10.73611111111111,3.7588473836985403,23,831.0,0.17789198316188626,12,299.0,0.30904455109570844,35,1130.0
4780.0,34,813.0,11.614285714285714,2.6959478870975606,21,862.0,0.1382890859147327,13,315.0,0.09040673531299097,34,1177.0
4785.0,35,941.0,13.253521126760564,3.5562464927033575,21,910.0,0.16762919477781196,14,334.0,0.0923929354884509,35,1244.0
4790.0,28,1025.0,15.073529411764707,5.221463643635435,17,963.0,0.26190782137821383,11,366.0,0.20186276378070703,28,1329.0
4795.0,28,960.0,14.545454545454545,5.4098252922175085,19,948.0,0.2246173772417561,9,365.0,0.34231791117300325,28,1313.0
4800.0,29,765.0,12.338709677419354,4.085832791487725,20,856.0,0.16472004144488853,9,400.0,0.27783107494020526,29,1256.0
4805.0,34,778.0,12.966666666666667,3.527035683783831,23,836.0,0.12318594877397242,11,453.0,0.33284053160596194,34,1289.0
4810.0,32,651.0,10.171875,3.710922123964366,22,810.0,0.08240762244578922,10,473.0,0.3698853723865208,32,1283.0
4815.0,36,710.0,11.09375,3.7298822350667704,24,882.0,0.13758488644698055,12,490.0,0.3642234516713804,36,1372.0
4820.0,27,672.0,10.181818181818182,4.603980314919286,17,882.0,0.20269676166487072,10,532.0,0.39275729736523285,27,1414.0
4825.0,30,741.0,11.4,4.830957868086189,17,876.0,0.2656146991441139,13,575.0,0.20145076716437788,30,1451.0
4830.0,28,825.0,12.890625,4.523531668590742,14,843.0,0.24303009033969805,14,639.0,0.14361136968275834,28,1482.0
4835.0,30,689.0,11.112903225806452,4.4485190214877015,16,731.0,0.196914779828737,14,590.0,0.21087855944605904,30,1321.0
4840.0,31,419.0,6.868852459016393,3.7109101295331395,20,732.0,0.09890492425358008,11,433.0,0.2554357439905011,31,1165.0
4845.0,30,450.0,7.5,4.3357061062886215,22,654.0,0.14254468429808134,8,300.0,0.38588329018524564,30,954.0
4850.0,28,471.0,7.721311475409836,3.91222965443294,20,683.0,0.16970675828810358,8,309.0,0.36503235452613153,28,992.0
4855.0,25,386.0,6.126984126984127,4.1163799542662804,15,632.0,0.250728444052464,10,308.0,0.22083001116858528,25,940.0
4860.0,21,440.0,6.984126984126984,4.396296352182555,9,580.0,0.3311456630930524,12,349.0,0.12452464180206352,21,929.0
4865.0,25,525.0,7.835820895522388,4.943485179091246,10,533.0,0.3043057186597149,15,404.0,0.10931829006881594,25,937.0
4870.0,33,633.0,8.915492957746478,4.5784522648758434,17,530.0,0.2280478094027007,16,413.0,0.2158207885798813,33,943.0
4875.0,32,710.0,10.142857142857142,4.726438272070385,21,626.0,0.2482751746420744,11,373.0,0.2850676904293441,32,999.0
4880.0,35,826.0,11.8,4.330937047445002,26,747.0,0.2613297817774722,9,387.0,0.32051839700246687,35,1134.0
4885.0,35,724.0,10.342857142857143,4.044672270462053,28,701.0,0.2565516590561846,7,383.0,0.3339614096333177,35,1084.0
4890.0,36,872.0,12.28169014084507,4.089463223268739,26,741.0,0.2413338859167544,10,398.0,0.31809080852494664,36,1139.0
4895.0,42,884.0,11.945945945945946,2.807073681390782,29,792.0,0.11429695390876524,13,403.0,0.2919545404412405,42,1195.0
4900.0,40,819.0,10.636363636363637,3.547030980833605,25,781.0,0.14540933531753855,15,395.0,0.29576381585651396,40,1176.0
4905.0,36,656.0,8.098765432098766,3.757749613794981,21,732.0,0.22292411247276314,15,434.0,0.2006485656631627,36,1166.0
4910.0,32,558.0,6.888888888888889,4.402736336920964,19,629.0,0.1708760143616084,13,460.0,0.31123787884679216,32,1089.0
4915.0,33,385.0,4.63855421686747,4.050260521347494,22,657.0,0.14788208159333083,11,327.0,0.3099793357379459,33,984.0
4920.0,37,495.0,5.823529411764706,4.786789449703527,23,643.0,0.20305285261479636,14,284.0,0.26590818546979006,37,927.0
4925.0,32,445.0,5.174418604651163,4.666428690863065,17,660.0,0.26097474479821436,15,294.0,0.21112237828226627,32,954.0
4930.0,34,416.0,4.674157303370786,4.984532030515298,21,674.0,0.2555524107812306,13,279.0,0.3214362021996749,34,953.0
4935.0,44,494.0,5.550561797752809,3.8945469380863385,31,734.0,0.20217571612158963,13,298.0,0.3734828973135976,44,1032.0
4940.0,43,641.0,7.202247191011236,4.191709357490585,29,760.0,0.20174795424602768,14,328.0,0.35268289308057993,43,1088.0
4945.0,43,736.0,8.087912087912088,3.8155629300920944,26,807.0,0.20709725941148943,17,353.0,0.1891280670740559,43,1160.0
4950.0,38,712.0,7.739130434782608,4.0707732948473705,28,827.0,0.1461526447095179,10,322.0,0.18892800754411776,38,1149.0
4955.0,38,686.0,7.707865168539326,4.075595824685686,30,845.0,0.12028176562302301,8,327.0,0.225191810346946,38,1172.0
4960.0,44,754.0,9.08433734939759,3.3901358004330735,33,924.0,0.1160916822489206,11,327.0,0.22587697289911535,44,1251.0
4965.0,50,870.0,10.235294117647058,3.560268072562805,36,995.0,0.14894341542290232,14,350.0,0.2268265824160877,50,1345.0
4970.0,42,978.0,11.505882352941176,3.6014875231037937,35,1115.0,0.10895048051747241,7,326.0,0.36915525749855616,42,1441.0
4975.0,40,1011.0,11.359550561797754,4.787698243852298,31,1179.0,0.15510521428479487,9,337.0,0.3918138214607981,40,1516.0
4980.0,34,1049.0,11.655555555555555,4.7573093961741755,25,1216.0,0.11208974920890444,9,365.0,0.41979596478100606,34,1581.0
4985.0,37,1053.0,11.571428571428571,4.614832988315072,30,1248.0,0.11722507367232594,7,318.0,0.3542282322499997,37,1566.0
4990.0,40,748.0,8.597701149425287,4.274822210188472,30,1205.0,0.16531207005450563,10,196.0,0.37654923848281396,40,1401.0
4995.0,41,562.0,6.771084337349397,3.351629622397811,32,1150.0,0.12196463608884965,9,232.0,0.35474187088800885,41,1382.0
5000.0,47,634.0,7.372093023255814,3.8470099566322413,33,1114.0,0.11565440353445011,14,271.0,0.3691611236719895,47,1385.0
5005.0,44,654.0,7.108695652173913,3.8394792585521094,29,1174.0,0.08741848098000439,15,271.0,0.3473745774245081,44,1445.0
5010.0,42,662.0,7.195652173913044,4.376810606066296,25,1152.0,0.14327278055053416,17,311.0,0.3292465298121467,42,1463.0
5015.0,38,657.0,7.551724137931035,4.027640783081585,21,1147.0,0.1697163003683171,17,328.0,0.29049804968624043,38,1475.0
5020.0,40,754.0,8.47191011235955,3.5190476742304067,22,1120.0,0.1405611730296872,18,344.0,0.21140575791382787,40,1464.0
5025.0,45,823.0,9.247191011235955,3.038950032052043,24,1149.0,0.13517527537872437,21,405.0,0.22528770872576276,45,1554.0
5030.0,47,836.0,9.186813186813186,3.8000923478994717,32,1183.0,0.08834868774358179,15,426.0,0.3269833906777342,47,1609.0
5035.0,49,670.0,7.052631578947368,3.6787850859331774,35,1188.0,0.07631848223320498,14,393.0,0.3496076815991677,49,1581.0
5040.0,53,642.0,6.618556701030927,4.004448638278455,34,1151.0,0.14117453621410891,19,378.0,0.2800170928175013,53,1529.0
5045.0,58,859.0,8.76530612244898,3.29553319262522,36,1250.0,0.1467847443669911,22,434.0,0.23492867224003497,58,1684.0
5050.0,54,998.0,10.080808080808081,3.253233495885662,33,1368.0,0.1116900350136,21,484.0,0.23037918676987884,54,1852.0
5055.0,60,1027.0,10.810526315789474,2.5622880116884916,37,1398.0,0.07932963066315844,23,525.0,0.19897545478869605,60,1923.0
5060.0,56,891.0,9.185567010309278,3.135612535229989,30,1269.0,0.13606654731810303,26,554.0,0.12109552337426233,56,1823.0
5065.0,48,758.0,7.978947368421053,3.046280791165681,22,1267.0,0.2009629971097502,26,612.0,0.04088171939945565,48,1879.0
5070.0,45,712.0,7.494736842105263,3.670893662644594,20,1329.0,0.19360590726564228,25,634.0,0.1402084534919726,45,1963.0
5075.0,48,777.0,8.26595744680851,2.9717665611578856,23,1370.0,0.15669009712200277,25,682.0,0.19381282437171027,48,2052.0
5080.0,52,744.0,7.831578947368421,2.97182163339672,29,1399.0,0.16954411550721524,23,681.0,0.18366345465147352,52,2080.0
5085.0,52,657.0,6.77319587628866,2.8053635614313364,31,1410.0,0.1441662954281055,21,719.0,0.20029409435136775,52,2129.0
5090.0,53,617.0,6.295918367346939,3.2107531995140866,36,1387.0,0.11470236360039666,17,687.0,0.22977217675946915,53,2074.0
5095.0,59,771.0,7.948453608247423,3.483950771448261,41,1414.0,0.05266833191951333,18,654.0,0.30810118146028925,59,2068.0
5100.0,52,794.0,8.446808510638299,4.008163755860829,34,1297.0,0.09529398693937559,18,695.0,0.2583696319871479,52,1992.0
5105.0,45,829.0,9.10989010989011,4.226342704931607,25,1161.0,0.15965546961049626,20,778.0,0.14557192031537003,45,1939.0
5110.0,41,858.0,9.75,4.663089067047285,19,910.0,0.19713162093268388,22,884.0,0.09302362178253658,41,1794.0
5115.0,32,833.0,9.574712643678161,4.946131874261135,13,884.0,0.29311678469069447,19,907.0,0.0774646216499044,32,1791.0
5120.0,32,864.0,10.8,5.056270629262615,17,940.0,0.25820151458807195,15,880.0,0.2704000588065876,32,1820.0
5125.0,37,873.0,11.337662337662337,3.8467899335635876,23,964.0,0.18540849799784764,14,868.0,0.28984281104688187,37,1832.0
5130.0,41,723.0,9.38961038961039,2.968780247636047,26,989.0,0.13664127325572353,15,791.0,0.260340575451618,41,1780.0
5135.0,39,550.0,7.2368421052631575,2.782933871116214,28,999.0,0.1260189097605327,11,699.0,0.26734162058973693,39,1698.0
5140.0,43,513.0,6.75,3.0925773800552476,27,914.0,0.1226236137890269,16,536.0,0.2034234484096442,43,1450.0
5145.0,38,559.0,7.166666666666667,3.631456960859015,20,866.0,0.21074249447172355,18,584.0,0.10086030348280701,38,1450.0
5150.0,32,642.0,8.23076923076923,4.4644144707959725,16,805.0,0.2213955581568646,16,631.0,0.09845067284644941,32,1436.0
5155.0,34,623.0,7.7875,5.112057925768872,16,727.0,0.2479475565404394,18,706.0,0.11491617347022817,34,1433.0
5160.0,33,571.0,7.613333333333333,4.4008298533438746,19,682.0,0.1199479939847589,14,678.0,0.1995314780875256,33,1360.0
5165.0,32,572.0,8.056338028169014,4.085519165123257,22,720.0,0.12151741468172478,10,554.0,0.33677264904541515,32,1274.0
5170.0,37,653.0,9.19718309859155,3.9902518080347833,26,714.0,0.15766763610710213,11,540.0,0.35643102093225504,37,1254.0
5175.0,36,752.0,10.742857142857142,3.5107318696607996,26,745.0,0.14589773294485492,10,537.0,0.3800152061002709,36,1282.0
5180.0,34,746.0,10.81159420289855,4.13268973713632,21,709.0,0.1892692305235461,13,583.0,0.3381381507727711,34,1292.0
5185.0,23,363.0,5.260869565217392,3.8083580213551227,11,638.0,0.18745340212030148,12,482.0,0.23244686230738362,23,1120.0
5190.0,28,349.0,4.985714285714286,4.716617661519611,16,632.0,0.24400378130393305,12,331.0,0.24821771410644544,28,963.0
5195.0,33,434.0,6.2898550724637685,4.107734132607052,20,667.0,0.20970382319476552,13,358.0,0.24993506566049192,33,1025.0
5200.0,39,569.0,8.367647058823529,4.0127868951409225,27,765.0,0.13351312977470123,12,351.0,0.33892824902456214,39,1116.0
5205.0,39,540.0,7.714285714285714,2.640112484400369,28,813.0,0.101100033497876,11,294.0,0.21637075183429777,39,1107.0
5210.0,36,545.0,7.364864864864865,4.036135046228608,21,763.0,0.21043435686834533,15,292.0,0.18324183514505207,36,1055.0
5215.0,28,358.0,4.531645569620253,4.520235422532278,13,675.0,0.26329274910105854,15,311.0,0.2012750478830373,28,986.0
5220.0,23,253.0,3.123456790123457,5.39005911163377,10,519.0,0.2238599825116959,13,335.0,0.3818286476991044,23,854.0
5225.0,28,348.0,4.192771084337349,4.932011256165967,15,495.0,0.16438981078958426,13,394.0,0.37675514348657485,28,889.0
5230.0,31,436.0,5.190476190476191,4.73303873588482,14,434.0,0.08563915751720541,17,468.0,0.3820690317003999,31,902.0
5235.0,34,571.0,7.049382716049383,4.874451466748162,15,432.0,0.1615499216385488,19,553.0,0.3036601468058077,34,985.0
5240.0,28,565.0,7.635135135135135,4.757717177623867,8,374.0,0.2350483158714763,20,537.0,0.21536637052775426,28,911.0
5245.0,36,550.0,7.4324324324324325,4.198219261497618,15,423.0,0.16934205000220384,21,527.0,0.16218845269208634,36,950.0
5250.0,34,612.0,8.869565217391305,3.441731939151441,17,454.0,0.1848280855848899,17,578.0,0.20341530062951405,34,1032.0
5255.0,28,663.0,9.208333333333334,4.117876581122088,11,455.0,0.2351120316657561,17,605.0,0.1577677766808036,28,1060.0
5260.0,27,558.0,7.75,4.843265355497077,8,387.0,0.3906250048040986,19,598.0,0.11562067461805874,27,985.0
5265.0,29,457.0,6.175675675675675,5.061901769957466,12,440.0,0.31426739449172647,17,554.0,0.18803530052622483,29,994.0
5270.0,30,310.0,4.492753623188406,4.231620739272763,18,381.0,0.22255096594395307,12,595.0,0.2728522249372343,30,976.0
5275.0,36,356.0,5.313432835820896,4.301303656958799,20,295.0,0.20658395099879595,16,630.0,0.2232496175195372,36,925.0
5280.0,37,426.0,6.264705882352941,3.353143154350179,22,339.0,0.051482208871751776,15,672.0,0.22400577090890816,37,1011.0
5285.0,31,421.0,6.1911764705882355,5.022388290567931,17,338.0,0.12806837548775396,14,690.0,0.31107389152752446,31,1028.0
5290.0,23,376.0,5.968253968253968,5.229440525263964,8,292.0,0.3598472262653311,15,673.0,0.1400994441985611,23,965.0
5295.0,26,312.0,4.7272727272727275,5.392099855911388,12,289.0,0.31935195413301,14,602.0,0.22795660852952887,26,891.0
5300.0,29,325.0,5.241935483870968,4.836633823995352,14,305.0,0.2739269420823951,15,592.0,0.2992657268683484,29,897.0
5305.0,30,339.0,5.467741935483871,4.275246884853297,18,372.0,0.1860395134795146,12,512.0,0.32539753351025585,30,884.0
5310.0,30,384.0,6.295081967213115,3.3846137881075915,18,404.0,0.2063725437232404,12,534.0,0.24179988242890998,30,938.0
5315.0,29,399.0,6.333333333333333,3.4722333301106802,10,361.0,0.24417963795668904,19,594.0,0.13968615317025335,29,955.0
5320.0,26,261.0,4.142857142857143,3.9337286481429867,7,256.0,0.27706028751636014,19,621.0,0.1356405730147463,26,877.0
5325.0,24,265.0,4.2063492063492065,4.896013538720644,11,221.0,0.18441662091184197,13,598.0,0.2845116064271035,24,819.0
5330.0,29,310.0,5.0,3.660078087875616,17,278.0,0.0748430880200241,12,547.0,0.21319949734184976,29,825.0
5335.0,34,391.0,6.109375,4.79697040688115,22,367.0,0.1716362833586492,12,436.0,0.33552759338707744,34,803.0
5340.0,29,387.0,5.6911764705882355,4.4688977108318895,16,381.0,0.2703196596758511,13,403.0,0.279420232535557,29,784.0
5345.0,21,227.0,3.1971830985915495,5.213617979585055,8,305.0,0.366685314768649,13,306.0,0.26884404389636096,21,611.0
5350.0,19,219.0,3.084507042253521,6.2241202213683335,6,242.0,0.5020014962613198,13,315.0,0.24316187446583223,19,557.0
5355.0,21,232.0,3.36231884057971,5.609256094006099,8,213.0,0.40856206624171976,13,297.0,0.1630444762204535,21,510.0
5360.0,26,284.0,4.4375,4.8068326887447235,14,257.0,0.20367067156325344,12,253.0,0.21808003160673328,26,510.0
5365.0,28,322.0,5.4576271186440675,4.450735796659282,19,327.0,0.12926790739638636,9,223.0,0.31810489970877387,28,550.0
5370.0,29,412.0,7.228070175438597,4.528673694784082,22,421.0,0.16269103270897056,7,195.0,0.32773565547800815,29,616.0
5375.0,29,432.0,7.578947368421052,4.24466650413709,21,459.0,0.14946361073852155,8,162.0,0.3521494614419408,29,621.0
5380.0,23,377.0,6.5,4.771795219552652,14,429.0,0.24602482551400223,9,174.0,0.29614337178788613,23,603.0
5385.0,18,432.0,8.0,6.144494387582865,9,407.0,0.3304514115693567,9,210.0,0.306004691497594,18,617.0
5390.0,14,251.0,4.826923076923077,6.086109519360301,7,295.0,0.28225911991449365,7,206.0,0.35097755326836133,14,501.0
5395.0,21,287.0,5.74,5.200414494549376,12,200.0,0.1710415641695463,9,218.0,0.30274765336977943,21,418.0
5400.0,24,319.0,6.254901960784314,4.643217133503258,16,252.0,0.18460795695714552,8,213.0,0.2904677956763352,24,465.0
5405.0,20,368.0,7.076923076923077,5.768594835779873,13,297.0,0.2814673819723562,7,166.0,0.43362179044569266,20,463.0
5410.0,17,248.0,4.592592592592593,5.961908689735903,12,294.0,0.28802531113163893,5,108.0,0.49752592377057653,17,402.0
5415.0,12,175.0,3.3653846153846154,7.367903784307615,5,220.0,0.4574594856743044,7,59.0,0.4566291648373427,12,279.0
5420.0,13,61.0,1.1730769230769231,5.943813970439276,6,126.0,0.4084596036419162,7,55.0,0.3004241443157655,13,181.0
5425.0,17,95.0,1.7924528301886793,5.89369158140992,9,130.0,0.326808906616879,8,65.0,0.33486416090784993,17,195.0
5430.0,20,131.0,2.425925925925926,5.277143596882898,14,176.0,0.14242777970956974,6,74.0,0.43337160399052327,20,250.0
5435.0,25,233.0,4.087719298245614,5.649851891009177,16,242.0,0.18952304553704077,9,86.0,0.427116120276778,25,328.0
5440.0,19,217.0,3.807017543859649,5.130241888918264,14,244.0,0.27282977912887924,5,91.0,0.4053651556933582,19,335.0
5445.0,13,138.0,2.4210526315789473,6.767170024741625,4,201.0,0.34642934811373705,9,97.0,0.5079412845582935,13,298.0
5450.0,13,121.0,2.086206896551724,6.008297291569531,5,179.0,0.3826646614392228,8,108.0,0.2989644242555745,13,287.0
5455.0,23,184.0,3.0163934426229506,5.50956744379124,11,190.0,0.2793708630397168,12,127.0,0.24870621997492193,23,317.0
5460.0,23,242.0,4.245614035087719,4.817994634880173,13,200.0,0.18985626092741636,10,171.0,0.3624952176251443,23,371.0
5465.0,18,276.0,4.677966101694915,6.149970032162753,9,165.0,0.3306251963403159,9,194.0,0.421219655277015,18,359.0
5470.0,13,155.0,2.6271186440677967,6.121032364289854,6,148.0,0.40011765894341933,7,144.0,0.2918373549040703,13,292.0
5475.0,25,224.0,3.6129032258064515,5.377934602938774,14,193.0,0.27071953396014353,11,126.0,0.28314161575655583,25,319.0
5480.0,26,271.0,4.1692307692307695,4.90658123773363,17,215.0,0.23033860420799362,9,149.0,0.32828755962916034,26,364.0
5485.0,19,304.0,4.903225806451613,6.311162908196915,10,216.0,0.2913496809102233,9,157.0,0.4420663742965131,19,373.0
5490.0,18,311.0,5.016129032258065,5.930926509260792,9,207.0,0.26681514901682085,9,197.0,0.32245798420216554,18,404.0
5495.0,29,367.0,5.919354838709677,5.286541348547084,14,221.0,0.1974443579078074,15,261.0,0.18243028136182557,29,482.0
5500.0,28,434.0,7.482758620689655,4.287696016589407,17,279.0,0.17935901639043586,11,296.0,0.2736316530358629,28,575.0
5505.0,29,541.0,9.169491525423728,4.4187554037209615,18,362.0,0.18284356527778356,11,300.0,0.35284383107693224,29,662.0
5510.0,31,589.0,9.983050847457626,5.136576880924306,20,373.0,0.2769461613106798,11,344.0,0.4270135644592444,31,717.0
5515.0,27,501.0,8.35,5.289556933118506,18,422.0,0.27477430610901643,9,262.0,0.42792804231893616,27,684.0
5520.0,26,483.0,7.918032786885246,4.472269212237891,18,440.0,0.23530944432778766,8,219.0,0.3432488053893966,26,659.0
5525.0,24,246.0,3.7846153846153845,4.496955818030124,16,379.0,0.2446074657107646,8,179.0,0.238217171254879,24,558.0
5530.0,22,261.0,4.015384615384615,6.035994295509006,13,337.0,0.38106282188855634,9,83.0,0.24928706290552777,22,420.0
5535.0,19,261.0,4.142857142857143,5.340363631006213,12,344.0,0.37140040283482956,7,100.0,0.15951755199645043,19,444.0
5540.0,24,264.0,4.190476190476191,5.548812278475844,16,325.0,0.28333034450566424,8,113.0,0.2911764710546447,24,438.0
5545.0,28,268.0,4.253968253968254,4.459072891424356,22,375.0,0.12553679499101814,6,127.0,0.35834498772563467,28,502.0
5550.0,31,357.0,5.666666666666667,5.735874123544061,24,417.0,0.16829147849424989,7,139.0,0.5050606052220217,31,556.0
5555.0,28,422.0,6.806451612903226,5.184295302074966,23,471.0,0.12071790315069135,5,157.0,0.571025756883652,28,628.0
5560.0,24,389.0,6.174603174603175,5.222898205495996,16,466.0,0.12953718750159818,8,186.0,0.47945949824336265,24,652.0
5565.0,21,292.0,4.424242424242424,5.425636856104475,13,458.0,0.22023761914017143,8,173.0,0.37204119032103067,21,631.0
5570.0,27,344.0,5.292307692307692,4.966528380506433,16,462.0,0.2571618715051266,11,140.0,0.24983941543957716,27,602.0
5575.0,27,358.0,5.59375,4.650113102948063,18,500.0,0.2974656033349392,9,109.0,0.33235229214658235,27,609.0
5580.0,22,418.0,6.852459016393443,5.589642805095936,13,487.0,0.34305116164766464,9,107.0,0.3925457357307071,22,594.0
5585.0,26,335.0,5.075757575757576,4.617692971045188,17,440.0,0.27380496648064107,9,123.0,0.2869215149890468,26,563.0
5590.0,28,323.0,4.82089552238806,4.711985563105627,17,388.0,0.20771685419853994,11,136.0,0.2869242470575315,28,524.0
5595.0,32,389.0,5.63768115942029,4.727819608442495,22,464.0,0.14729244873573025,10,163.0,0.39246460963567087,32,627.0
5600.0,34,476.0,6.704225352112676,4.988428025109316,26,558.0,0.12412381966226435,8,170.0,0.4203723805121744,34,728.0
5605.0,31,462.0,6.895522388059701,4.212284280213467,24,608.0,0.17402158654407307,7,143.0,0.34473531611562347,31,751.0
5610.0,30,455.0,6.791044776119403,4.36107779361953,17,613.0,0.1942560590174172,13,159.0,0.25977144749407644,30,772.0
5615.0,24,468.0,7.428571428571429,4.5822264188977035,12,610.0,0.2933386061095785,12,186.0,0.15716801959726517,24,796.0
5620.0,25,496.0,8.0,4.5529753438839355,13,576.0,0.24450286661964282,12,198.0,0.1279660800441106,25,774.0
5625.0,26,499.0,8.048387096774194,4.326029916146028,14,532.0,0.20477396504079196,12,208.0,0.13675260798174804,26,740.0
5630.0,28,317.0,5.283333333333333,4.987817580700693,18,444.0,0.19482510802418257,10,198.0,0.3507642975018816,28,642.0
5635.0,27,291.0,5.017241379310345,4.837288503021917,20,356.0,0.1858786602363284,7,170.0,0.3842420491365131,27,526.0
5640.0,30,367.0,6.672727272727273,3.9863036372189677,21,387.0,0.1724600845431646,9,188.0,0.3290695341602013,30,575.0
5645.0,24,276.0,5.0181818181818185,4.104968122721211,13,346.0,0.21557986933898513,11,187.0,0.2465684278578749,24,533.0
5650.0,18,290.0,4.67741935483871,5.566205290165068,10,296.0,0.273407331182341,8,185.0,0.2165852580922952,18,481.0
5655.0,15,230.0,3.59375,6.314477682148997,8,303.0,0.31780442696659345,7,143.0,0.31432325483397194,15,446.0
5660.0,22,302.0,4.6461538461538465,6.351185163352535,14,364.0,0.2757106703154393,8,133.0,0.4092270579278157,22,497.0
5665.0,27,399.0,6.540983606557377,5.683612228062028,17,402.0,0.33441467485111326,10,161.0,0.359509192015082,27,563.0
5670.0,21,398.0,6.524590163934426,5.299508629688454,13,389.0,0.29428949263016063,8,167.0,0.3046204040247301,21,556.0
5675.0,21,343.0,5.622950819672131,4.9495439238543595,14,365.0,0.19758030005886212,7,142.0,0.30698544922253473,21,507.0
5680.0,24,257.0,4.213114754098361,5.474651799000948,16,317.0,0.16679385871265043,8,115.0,0.37353924556137486,24,432.0
5685.0,28,248.0,4.350877192982456,5.2438594538612024,19,310.0,0.1872136665628648,9,104.0,0.376997356685881,28,414.0
5690.0,24,275.0,5.092592592592593,4.3998434022863355,18,334.0,0.1501043129176483,6,114.0,0.3770322029259595,24,448.0
5695.0,26,322.0,5.962962962962963,3.694090208383749,19,370.0,0.16598340073408235,7,131.0,0.35718105578656434,26,501.0
5700.0,22,247.0,4.410714285714286,4.520416299146089,13,331.0,0.2882633344000831,9,146.0,0.2556450343508479,22,477.0
5705.0,19,291.0,5.196428571428571,5.10961601251281,12,338.0,0.25368378018310644,7,173.0,0.275114379567063,19,511.0
5710.0,19,187.0,3.2241379310344827,5.46169849448614,15,336.0,0.19257968670037467,4,132.0,0.4128707699519042,19,468.0
5715.0,23,197.0,3.3389830508474576,5.19481349406755,21,365.0,0.1400434244472952,2,29.0,0.5458701361822543,23,394.0
5720.0,20,234.0,4.254545454545455,5.76516330160742,16,352.0,0.21659773798986762,4,40.0,0.5563367104668743,20,392.0
5725.0,17,216.0,4.0,5.343589975833386,11,360.0,0.22786879599653703,6,61.0,0.3867693623413742,17,421.0
5730.0,22,289.0,5.160714285714286,4.6287800346411085,17,406.0,0.15161397930615114,5,72.0,0.33027110714940966,22,478.0
5735.0,29,351.0,6.75,4.613657480812845,21,458.0,0.19174156728432692,8,99.0,0.42648805937985,29,557.0
5740.0,26,310.0,5.636363636363637,4.760347849953621,20,458.0,0.1498085836963578,6,72.0,0.5134942529314896,26,530.0
5745.0,23,341.0,6.433962264150943,4.249193820061827,18,482.0,0.15905139959961292,5,69.0,0.44073709701604896,23,551.0
5750.0,22,234.0,3.9661016949152543,4.6707862312142785,13,449.0,0.22657556973587342,9,72.0,0.2699081568733817,22,521.0
5755.0,23,314.0,5.233333333333333,5.964098589915364,11,410.0,0.39359597968367377,12,102.0,0.16524867591762113,23,512.0
5760.0,21,233.0,3.8833333333333333,5.55683971705796,11,326.0,0.3615228455169873,10,118.0,0.22756809463260919,21,444.0
5765.0,25,245.0,3.828125,5.50277385087664,19,299.0,0.20140093568756162,6,98.0,0.3813657554183754,25,397.0
5770.0,27,291.0,4.619047619047619,4.941381436277909,19,323.0,0.15829669513699152,8,109.0,0.44134586584687324,27,432.0
5775.0,25,334.0,5.21875,5.592216443002563,16,343.0,0.22077351634452982,9,152.0,0.48410289221018243,25,495.0
5780.0,26,275.0,4.166666666666667,4.051285961969497,15,355.0,0.23452236110780808,11,148.0,0.3130513903493188,26,503.0
5785.0,23,261.0,3.838235294117647,5.279944098634604,8,306.0,0.33043833162362796,15,157.0,0.2747364839128538,23,463.0
5790.0,24,307.0,4.582089552238806,5.663894368313594,11,290.0,0.31720023322112506,13,170.0,0.2032788165350346,24,460.0
5795.0,29,357.0,5.173913043478261,5.264402151819195,19,334.0,0.17054951291358195,10,156.0,0.18348898223080426,29,490.0
5800.0,29,398.0,6.123076923076923,4.2481641277271,19,376.0,0.13266488269341703,10,177.0,0.2441337415014639,29,553.0
5805.0,27,464.0,7.138461538461539,4.555953439666659,14,429.0,0.23359127748137273,13,216.0,0.2911290110264937,27,645.0
5810.0,25,446.0,6.96875,4.9100614307235775,14,443.0,0.29417547822473056,11,214.0,0.3186940304532034,25,657.0
5815.0,30,537.0,8.261538461538462,5.613128671306933,18,513.0,0.34136638368111283,12,179.0,0.21221860981785082,30,692.0
5820.0,27,520.0,7.647058823529412,5.305459327830504,17,530.0,0.23844191829241979,10,185.0,0.19633906889928535,27,715.0
5825.0,25,527.0,7.865671641791045,5.7000380189069375,20,575.0,0.19383514222652798,5,141.0,0.45544876009259244,25,716.0
5830.0,25,354.0,5.53125,5.125532453212331,19,497.0,0.22656327729012976,6,154.0,0.4282263743323275,25,651.0
5835.0,31,441.0,6.7846153846153845,5.2968077697764135,19,446.0,0.2525515655475953,12,207.0,0.3860021362739367,31,653.0
5840.0,31,435.0,6.492537313432836,3.606934943115839,21,506.0,0.11792278562196003,10,176.0,0.34713590432641467,31,682.0
5845.0,35,558.0,8.205882352941176,4.290290606590765,22,558.0,0.1843120176619763,13,218.0,0.30378067085770855,35,776.0
5850.0,32,603.0,8.614285714285714,4.779784172580213,19,606.0,0.2785070659388519,13,231.0,0.25638587010188874,32,837.0
5855.0,26,642.0,8.675675675675675,5.837642555603644,18,652.0,0.2718476285340148,8,190.0,0.36071532907132636,26,842.0
5860.0,25,652.0,9.055555555555555,5.655405037038584,17,695.0,0.24721817172137736,8,198.0,0.3581531110098476,25,893.0
5865.0,33,777.0,10.943661971830986,4.797925482020103,19,728.0,0.2192584456185594,14,242.0,0.2812194235013437,33,970.0
5870.0,36,864.0,12.342857142857143,3.8932210103942078,21,742.0,0.18161199692538488,15,275.0,0.2281822733414889,36,1017.0
5875.0,28,647.0,9.514705882352942,4.178735362308859,20,760.0,0.2131201771472511,8,275.0,0.2529182218040823,28,1035.0
5880.0,27,544.0,8.36923076923077,4.567210970147241,17,700.0,0.15126020568224086,10,278.0,0.3346657876678813,27,978.0
5885.0,29,519.0,7.863636363636363,5.0559710058657945,17,645.0,0.13344033243609985,12,315.0,0.3847059723976667,29,960.0
5890.0,21,339.0,5.059701492537314,4.440304902731123,13,590.0,0.14509610488011515,8,222.0,0.2842089327414779,21,812.0
5895.0,24,381.0,5.521739130434782,5.267052790697729,12,556.0,0.2817759011112035,12,202.0,0.29096544985814343,24,758.0
5900.0,25,305.0,4.485294117647059,5.228234318292134,13,554.0,0.2811879880464897,12,187.0,0.326851367806133,25,741.0
5905.0,31,317.0,4.594202898550725,5.178695345794439,16,574.0,0.30897073381722956,15,170.0,0.32036938321349073,31,744.0
5910.0,33,368.0,5.411764705882353,4.550849223005562,19,574.0,0.31470840082144586,14,204.0,0.25903747833846763,33,778.0
5915.0,29,318.0,4.676470588235294,3.9891258489061947,17,583.0,0.2554968675981413,12,197.0,0.22026897757934988,29,780.0
5920.0,27,385.0,5.746268656716418,4.7548522171283665,18,535.0,0.167038848440898,9,188.0,0.36363706670865603,27,723.0
5925.0,28,406.0,6.059701492537314,4.545123350669808,18,589.0,0.0978186145924445,10,196.0,0.3227677849402123,28,785.0
5930.0,31,446.0,6.656716417910448,4.27848011423562,16,637.0,0.12401031947781817,15,210.0,0.22472819242685438,31,847.0
5935.0,33,363.0,5.584615384615384,3.5572886447355536,17,590.0,0.09568118027908865,16,260.0,0.13733015932880813,33,850.0
5940.0,31,458.0,7.15625,5.020502780584009,20,571.0,0.11133254328328905,11,279.0,0.3147115487796109,31,850.0
5945.0,29,501.0,8.35,4.6352126370841065,17,627.0,0.16369427173072615,12,273.0,0.27174719958069676,29,900.0
5950.0,26,465.0,7.5,4.933951606183617,14,627.0,0.22829890280114876,12,262.0,0.23349896312759466,26,889.0
5955.0,27,473.0,8.155172413793103,4.44305679641298,12,582.0,0.26212323536304377,15,269.0,0.19282533400516377,27,851.0
5960.0,30,497.0,8.283333333333333,4.809372932490841,16,626.0,0.3138183081370157,14,249.0,0.20735080545804477,30,875.0
5965.0,32,552.0,9.35593220338983,4.384495582058822,16,612.0,0.2402224150523775,16,281.0,0.21155836592713276,32,893.0
5970.0,29,410.0,6.721311475409836,3.8712335844619115,15,524.0,0.25158572248844124,14,290.0,0.1913584221892715,29,814.0
5975.0,23,303.0,5.05,4.422450757801714,14,455.0,0.20979577091918988,9,248.0,0.3403715138700726,23,703.0
5980.0,23,246.0,3.9047619047619047,4.713842100336349,15,458.0,0.17250980463126997,8,196.0,0.4386858756754104,23,654.0
5985.0,22,239.0,3.8548387096774195,5.182310687430449,9,409.0,0.2651685857634808,13,238.0,0.3741325964766186,22,647.0
5990.0,27,303.0,4.734375,4.642124617137862,10,369.0,0.354423916042677,17,298.0,0.20815352335925044,27,667.0
5995.0,29,407.0,6.359375,4.117533033745648,10,356.0,0.296571809910492,19,370.0,0.21726539880373547,29,726.0
6000.0,36,465.0,7.5,3.288390331231564,16,383.0,0.21204902239026116,20,405.0,0.2042724913151717,36,788.0
6005.0,31,452.0,6.953846153846154,3.744273921072593,13,395.0,0.2571932699778396,18,407.0,0.1784894340702247,31,802.0
6010.0,32,448.0,6.492753623188406,3.653355930078953,14,390.0,0.25833418009439074,18,414.0,0.14943255095892444,32,804.0
6015.0,27,399.0,5.619718309859155,4.6999777202847275,15,353.0,0.2591093150066608,12,355.0,0.22990689091401806,27,708.0
6020.0,32,379.0,5.263888888888889,4.256433032788535,17,335.0,0.17835222849748367,15,384.0,0.25576220838861213,32,719.0
6025.0,44,549.0,7.8428571428571425,4.192809477940356,22,395.0,0.17810004187387626,22,473.0,0.2519573438419582,44,868.0
6030.0,39,628.0,9.101449275362318,3.5122237073147047,19,439.0,0.16166576647233796,20,514.0,0.1869609041580707,39,953.0
6035.0,30,595.0,8.623188405797102,4.0995853149611206,12,428.0,0.28165404285651324,18,525.0,0.13564898535124315,30,953.0
6040.0,32,504.0,7.2,4.477879462715853,11,318.0,0.332781799493253,21,545.0,0.14696111822379773,32,863.0
6045.0,28,418.0,6.2388059701492535,4.715585469656045,14,291.0,0.23767686757481513,14,499.0,0.24326493435089724,28,790.0
6050.0,28,467.0,7.296875,4.637106404176255,15,295.0,0.195127045703789,13,489.0,0.2999517250095527,28,784.0
6055.0,28,547.0,8.682539682539682,5.008145263183518,17,303.0,0.2084937642128634,11,486.0,0.28665963976371306,28,789.0
6060.0,33,627.0,9.952380952380953,4.501104135831307,16,334.0,0.24190565235699918,17,559.0,0.27222583054819444,33,893.0
6065.0,34,741.0,12.147540983606557,4.317029371793994,17,393.0,0.17989245737115866,17,584.0,0.3145569158265197,34,977.0
6070.0,35,825.0,13.306451612903226,3.728832114237237,17,432.0,0.19308681212280226,18,560.0,0.28577493711615193,35,992.0
6075.0,34,882.0,13.78125,3.5423401822834135,14,451.0,0.2848015748880069,20,612.0,0.22292630036168232,34,1063.0
6080.0,29,803.0,12.166666666666666,4.154095401024683,13,414.0,0.23520297862412876,16,633.0,0.2797285618108813,29,1047.0
6085.0,21,636.0,9.352941176470589,5.204234321541483,6,282.0,0.2507635300288718,15,663.0,0.32110491922411233,21,945.0
6090.0,23,714.0,9.916666666666666,5.752365200741539,7,283.0,0.23068371083812478,16,724.0,0.3106903244817509,23,1007.0
6095.0,25,571.0,8.651515151515152,5.2788467991441035,10,284.0,0.21998626947074812,15,667.0,0.22849625579581317,25,951.0
6100.0,32,327.0,5.109375,4.568257779906945,16,358.0,0.22060550006133148,16,533.0,0.2304737238382258,32,891.0
6105.0,29,337.0,5.265625,4.096239695861971,20,445.0,0.15786464952373447,9,554.0,0.290332945949384,29,999.0
6110.0,25,364.0,5.6875,3.984381889150023,16,429.0,0.2260469125765077,9,530.0,0.2826692118699068,25,959.0
6115.0,21,315.0,4.7727272727272725,4.9499398014525,9,305.0,0.3234329049337513,12,567.0,0.24394854215969133,21,872.0
6120.0,25,427.0,6.569230769230769,5.768000177712964,9,239.0,0.336176762487672,16,640.0,0.20520980794288093,25,879.0
6125.0,27,465.0,6.739130434782608,5.226296029584994,9,230.0,0.24676885138494387,18,727.0,0.1079429572539634,27,957.0
6130.0,33,570.0,8.26086956521739,5.596400703026954,15,248.0,0.2776771518225472,18,711.0,0.168756258267927,33,959.0
6135.0,25,440.0,7.333333333333333,5.077339961149867,13,225.0,0.31084513391391044,12,574.0,0.3141602151843835,25,799.0
6140.0,21,298.0,4.885245901639344,5.10604178733167,14,228.0,0.31327427898604077,7,481.0,0.304833425356188,21,709.0
6145.0,29,317.0,4.953125,4.369706585972096,18,313.0,0.26691888375819667,11,411.0,0.25093026028210186,29,724.0
6150.0,32,356.0,5.313432835820896,3.790631358789275,19,329.0,0.23109038976001778,13,459.0,0.22237940285795268,32,788.0
6155.0,27,307.0,4.873015873015873,4.251127361103017,12,291.0,0.2249675305291043,15,521.0,0.21939302433229943,27,812.0
6160.0,25,297.0,4.569230769230769,4.275475926910299,9,265.0,0.21126783059585816,16,479.0,0.19838079955719234,25,744.0
6165.0,29,325.0,4.779411764705882,4.219516193251191,15,296.0,0.1765483729097173,14,484.0,0.18895056783030323,29,780.0
6170.0,27,295.0,4.402985074626866,4.0010705122914585,17,320.0,0.19810737758048094,10,460.0,0.269674038473377,27,780.0
6175.0,23,363.0,5.854838709677419,4.321706112304991,10,293.0,0.2754276352758295,13,510.0,0.22180091305657024,23,803.0
6180.0,24,357.0,5.852459016393443,4.0790339970344265,9,288.0,0.30773834530915234,15,551.0,0.154687608894083,24,839.0
6185.0,29,395.0,6.370967741935484,3.6728788637115932,11,255.0,0.13260230580648902,18,623.0,0.15733571694162327,29,878.0
6190.0,37,488.0,7.870967741935484,3.1812534788787525,19,310.0,0.05901779074035993,18,632.0,0.1910339141671512,37,942.0
6195.0,34,564.0,8.952380952380953,4.11302775891148,21,410.0,0.12923361342254275,13,643.0,0.31078324740826535,34,1053.0
6200.0,29,546.0,8.806451612903226,4.1806170765306465,19,451.0,0.18927577034209586,10,671.0,0.33317537652948104,29,1122.0
6205.0,25,507.0,8.17741935483871,4.520262424385818,11,423.0,0.29653292989825664,14,728.0,0.199407142819707,25,1151.0
6210.0,26,279.0,4.428571428571429,3.8854157069976623,9,357.0,0.30543405049595124,17,677.0,0.09806951071571629,26,1034.0
6215.0,36,342.0,5.34375,3.995586099620704,15,351.0,0.21342739630293237,21,622.0,0.15058560538239443,36,973.0
6220.0,40,473.0,7.629032258064516,3.1663200825794884,20,440.0,0.1530209475879929,20,629.0,0.1462721552930273,40,1069.0
6225.0,35,510.0,7.846153846153846,3.7471235509456235,18,474.0,0.21238136934072363,17,551.0,0.18360247525730916,35,1025.0
6230.0,23,374.0,5.84375,3.9812957415701424,11,415.0,0.28806423509505974,12,564.0,0.13308001129468372,23,979.0
6235.0,16,247.0,3.742424242424242,5.23873459129532,9,376.0,0.3208909602003414,7,507.0,0.242785258450225,16,883.0
6240.0,22,201.0,3.0,5.154372319986089,13,318.0,0.2470363079683458,9,474.0,0.2760434511422736,22,792.0
6245.0,27,204.0,3.0,4.549712623117689,16,341.0,0.16558349733153682,11,407.0,0.28829586248150196,27,748.0
6250.0,29,268.0,3.9411764705882355,4.080676927528928,20,403.0,0.19844183082568262,9,399.0,0.2625880357548312,29,802.0
6255.0,31,340.0,5.151515151515151,3.620310745839143,18,412.0,0.2339207715084142,13,423.0,0.2354968534545663,31,835.0
6260.0,26,280.0,4.0,4.185750246869178,12,353.0,0.3126365121529445,14,442.0,0.16553665489543448,26,795.0
6265.0,27,313.0,4.347222222222222,4.580522116657379,13,334.0,0.3285053734373491,14,454.0,0.12233457588393386,27,788.0
6270.0,32,390.0,5.342465753424658,4.3946824572705925,16,325.0,0.2283762648139449,16,455.0,0.17948225040227564,32,780.0
6275.0,34,350.0,4.861111111111111,4.373069785483751,19,348.0,0.2130017082218285,15,406.0,0.26836474129431837,34,754.0
6280.0,33,395.0,5.642857142857143,4.349545907540039,23,368.0,0.16528776544514454,10,454.0,0.3718627253228233,33,822.0
6285.0,34,462.0,6.6,3.8172327677841125,22,405.0,0.17137271678499713,12,478.0,0.3442579333012495,34,883.0
6290.0,33,406.0,5.486486486486487,3.993930874636244,17,354.0,0.26957750724451296,16,505.0,0.16316311309383977,33,859.0
6295.0,27,429.0,5.797297297297297,4.367837585098101,12,354.0,0.275488788257562,15,533.0,0.11574278025754524,27,887.0
6300.0,39,528.0,6.6835443037974684,4.1355308403012145,22,377.0,0.20412133397249005,17,543.0,0.1519998460467829,39,920.0
6305.0,41,555.0,7.025316455696203,4.151138356216154,25,434.0,0.20188605742716073,16,499.0,0.22558441407735383,41,933.0
6310.0,35,391.0,5.012820512820513,4.094194900412127,23,497.0,0.23594099425471873,12,430.0,0.2470294425707355,35,927.0
6315.0,35,444.0,5.55,3.720539489425266,21,542.0,0.2123777651941703,14,371.0,0.26682954906977396,35,913.0
6320.0,32,385.0,4.583333333333333,4.040395349319262,18,506.0,0.2154177136759121,14,399.0,0.27305532210182176,32,905.0
6325.0,31,431.0,5.320987654320987,4.479803141131566,19,494.0,0.20441375191104474,12,394.0,0.2546948346471727,31,888.0
6330.0,31,361.0,4.5125,4.3798752353887815,20,499.0,0.16241100006796919,11,354.0,0.2537803496666252,31,853.0
6335.0,36,361.0,4.688311688311688,4.062583700904609,24,455.0,0.1229354650152171,12,284.0,0.18331854493524274,36,739.0
6340.0,41,466.0,6.131578947368421,3.68791834449883,27,534.0,0.10025723679282088,14,323.0,0.2815670489936317,41,857.0
6345.0,38,598.0,7.868421052631579,3.982145982225437,21,579.0,0.16527349195755092,17,403.0,0.24054006118233354,38,982.0
6350.0,38,655.0,8.972602739726028,4.360575849183785,19,602.0,0.23316010104597606,19,440.0,0.18162346397389817,38,1042.0
6355.0,29,520.0,7.222222222222222,4.000535527994994,18,604.0,0.152083483793109,11,407.0,0.17740946436944566,29,1011.0
6360.0,29,317.0,4.594202898550725,3.4412002603454437,19,597.0,0.08026482265980654,10,348.0,0.2762386027531367,29,945.0
6365.0,30,306.0,4.309859154929577,4.148873371944841,20,639.0,0.16532889503853446,10,268.0,0.28551904773275877,30,907.0
6370.0,32,330.0,4.647887323943662,4.151364790666079,21,692.0,0.2275111782597198,11,264.0,0.26704717897324115,32,956.0
6375.0,37,383.0,5.2465753424657535,4.318876802541178,18,696.0,0.2840824424612723,19,329.0,0.18663346135952583,37,1025.0
6380.0,35,441.0,6.125,3.852939265644619,18,717.0,0.22643574856190943,17,354.0,0.17322631701778476,35,1071.0
6385.0,31,400.0,5.633802816901408,4.101237192396055,23,712.0,0.10437890900086147,8,342.0,0.3613707267880814,31,1054.0
6390.0,27,291.0,3.9863013698630136,3.7366989203473944,21,703.0,0.08950644299843113,6,302.0,0.32928763952486656,27,1005.0
6395.0,36,392.0,5.36986301369863,4.361742278110104,24,740.0,0.17245413275962074,12,257.0,0.30353991010325554,36,997.0
6400.0,41,488.0,6.684931506849315,3.969754807965141,25,780.0,0.18932114727071536,16,279.0,0.3192749478571298,41,1059.0
6405.0,34,544.0,7.555555555555555,3.9620410834375894,24,792.0,0.16190348428991144,10,260.0,0.30996117572003173,34,1052.0
6410.0,35,555.0,7.5,3.8206862126629333,26,833.0,0.16681205660732576,9,277.0,0.27489088380848437,35,1110.0
6415.0,33,453.0,5.8076923076923075,4.50430752963298,18,778.0,0.23163478631161785,15,302.0,0.22950865762733827,33,1080.0
6420.0,29,487.0,6.407894736842105,4.729417583260012,13,721.0,0.27360374394501225,16,334.0,0.21658127101048394,29,1055.0
6425.0,23,461.0,5.910256410256411,5.547551671968742,15,663.0,0.24133224113753626,8,332.0,0.32939044720404415,23,995.0
6430.0,24,406.0,5.139240506329114,5.767194786297493,16,579.0,0.15975441341445176,8,321.0,0.4196816908664555,24,900.0
6435.0,26,339.0,4.52,5.407622734647983,16,606.0,0.19110034793172173,10,262.0,0.36241240733930247,26,868.0
6440.0,32,475.0,6.418918918918919,4.936101071008148,18,671.0,0.17249000257004612,14,325.0,0.35655681848515186,32,996.0
6445.0,36,511.0,6.636363636363637,4.231715127509264,22,700.0,0.14700293777083245,14,357.0,0.37128446431212064,36,1057.0
6450.0,32,499.0,6.653333333333333,5.0162737570692615,15,641.0,0.2836372895075254,17,396.0,0.3460637970264885,32,1037.0
6455.0,35,558.0,7.246753246753247,3.9675088923749535,14,598.0,0.30068218651305373,21,439.0,0.1913839724338509,35,1037.0
6460.0,33,564.0,7.139240506329114,4.445084952211172,16,492.0,0.24751429286677146,17,457.0,0.23868359928197144,33,949.0
6465.0,35,581.0,7.545454545454546,3.9524821656455082,18,538.0,0.15842985394133915,17,492.0,0.28747219099220805,35,1030.0
6470.0,42,673.0,8.4125,4.109969117677119,24,595.0,0.14593228139882405,18,533.0,0.2693255183264838,42,1128.0
6475.0,42,475.0,5.7926829268292686,3.9260110553822085,22,660.0,0.1994003177296991,20,405.0,0.2347704316425028,42,1065.0
6480.0,46,597.0,7.192771084337349,4.006482800990373,24,758.0,0.21520176153881512,22,379.0,0.2577878134230087,46,1137.0
6485.0,45,651.0,7.75,3.4635402773844524,22,763.0,0.19809144225899927,23,438.0,0.24025070818860952,45,1201.0
6490.0,35,508.0,6.0476190476190474,3.794481596126561,16,683.0,0.14135109712835547,19,462.0,0.2279707993055209,35,1145.0
6495.0,32,468.0,5.63855421686747,4.570191305231568,12,628.0,0.2669215908493616,20,480.0,0.19609057485953188,32,1108.0
6500.0,35,504.0,6.0,4.627185843359266,13,596.0,0.2746130719933551,22,487.0,0.1659636098115467,35,1083.0
6505.0,43,433.0,5.216867469879518,3.818185287837879,15,528.0,0.24318899851358822,28,532.0,0.14566704791590046,43,1060.0
6510.0,43,503.0,6.2875,3.6036015901020333,17,549.0,0.19130762087089875,26,563.0,0.2163098104717513,43,1112.0
6515.0,37,558.0,6.975,3.89886373370486,13,499.0,0.2391704433683243,24,631.0,0.1858923954085969,37,1130.0
6520.0,33,466.0,5.682926829268292,4.024631097062859,11,462.0,0.2228671827012609,22,645.0,0.16074243066740515,33,1107.0
6525.0,37,471.0,5.607142857142857,3.856412425639747,16,442.0,0.18959968408255312,21,693.0,0.1733340112345541,37,1135.0
6530.0,45,603.0,7.265060240963855,4.072740681875564,18,498.0,0.26696235890688214,27,736.0,0.1483878908935782,45,1234.0
6535.0,48,808.0,9.853658536585366,4.024236361008887,21,598.0,0.3178036372566521,27,815.0,0.17650200368296695,48,1413.0
6540.0,43,903.0,10.879518072289157,3.3504418139656496,22,630.0,0.1842429379429429,21,833.0,0.16977523619939253,43,1463.0
6545.0,39,781.0,9.409638554216867,3.920856608835148,18,616.0,0.20284848035642317,21,833.0,0.14066175015702176,39,1449.0
6550.0,31,565.0,6.807228915662651,4.0971384553463785,10,673.0,0.2347442020446776,21,740.0,0.0540518883408185,31,1413.0
6555.0,36,610.0,7.530864197530864,4.2141451376121415,16,739.0,0.18325424375103339,20,724.0,0.19379472078496474,36,1463.0
6560.0,40,685.0,8.25301204819277,3.701638730912158,21,772.0,0.13771614378321487,19,750.0,0.251175886019872,40,1522.0
6565.0,36,656.0,8.41025641025641,3.6861960030602097,18,782.0,0.17820271609272892,18,715.0,0.24383334301456983,36,1497.0
6570.0,31,566.0,7.256410256410256,3.474412194117356,13,737.0,0.2290213168376973,18,727.0,0.17663144255633137,31,1464.0
6575.0,33,404.0,5.05,3.475081954834019,16,590.0,0.17560562606772928,17,682.0,0.16513704099184556,33,1272.0
6580.0,39,545.0,6.987179487179487,3.7353136718398137,20,620.0,0.12752007260718665,19,691.0,0.24886859190418106,39,1311.0
6585.0,42,622.0,7.585365853658536,3.7209078351484544,21,615.0,0.09862455468798693,21,709.0,0.22593791801457433,42,1324.0
6590.0,31,628.0,7.3882352941176475,4.273894030957807,13,613.0,0.21800470454613907,18,667.0,0.22923735234545034,31,1280.0
6595.0,38,729.0,8.476744186046512,4.65243808583451,17,627.0,0.30634041509684495,21,680.0,0.1987481935215961,38,1307.0
6600.0,44,657.0,7.9156626506024095,3.319709158871046,21,564.0,0.22211899241031013,23,684.0,0.1658723115900671,44,1248.0
6605.0,47,693.0,8.451219512195122,2.994792391544795,28,629.0,0.13405173875160417,19,723.0,0.1771575790022586,47,1352.0
6610.0,46,750.0,9.25925925925926,3.008795187014629,31,695.0,0.06356166352914824,15,707.0,0.2239461860972909,46,1402.0
6615.0,43,556.0,6.780487804878049,3.5098508874361247,26,693.0,0.10262320662292669,17,631.0,0.1289347217558584,43,1324.0
6620.0,34,472.0,5.9,4.176433796546618,14,729.0,0.24888965438561997,20,576.0,0.08646711316671626,34,1305.0
6625.0,39,563.0,6.950617283950617,3.7269764506863563,17,776.0,0.20604944463967073,22,630.0,0.13920969969590635,39,1406.0
6630.0,39,486.0,6.311688311688312,3.061372915669536,21,760.0,0.1645869835893978,18,626.0,0.18359460088502244,39,1386.0
6635.0,42,570.0,7.3076923076923075,3.1348685551445925,24,771.0,0.14658644216336442,18,625.0,0.237297676504506,42,1396.0
6640.0,49,626.0,7.924050632911392,2.770059065613209,29,825.0,0.11730606915869277,20,533.0,0.28454980464331814,49,1358.0
6645.0,44,585.0,7.222222222222222,2.8713652843516417,23,784.0,0.16483430411817843,21,550.0,0.18634823830851865,44,1334.0
6650.0,38,447.0,5.658227848101266,3.557825709104216,21,736.0,0.16664139057105679,17,498.0,0.19840234667342657,38,1234.0
6655.0,28,477.0,5.817073170731708,5.059361375617538,13,689.0,0.26808373539241115,15,460.0,0.21759912525865974,28,1149.0
6660.0,26,382.0,4.775,4.851588195382691,10,575.0,0.28215452191079843,16,460.0,0.16625538597711534,26,1035.0
6665.0,32,373.0,4.548780487804878,4.630921601130547,15,470.0,0.24558191717582933,17,469.0,0.176986707003003,32,939.0
6670.0,29,348.0,4.35,4.57815813849419,16,478.0,0.2756896088202153,13,446.0,0.2565822810791813,29,924.0
6675.0,33,442.0,5.666666666666667,4.331503106326053,14,440.0,0.28329153201692786,19,495.0,0.2401575269417049,33,935.0
6680.0,30,417.0,5.2125,4.276992231009211,11,397.0,0.3475668254724448,19,532.0,0.15450955814883552,30,929.0
6685.0,35,457.0,5.7125,4.193734079362175,18,446.0,0.2751767280949862,17,521.0,0.17211836869693628,35,967.0
6690.0,41,543.0,6.621951219512195,3.439671077399694,24,518.0,0.18177196570977078,17,545.0,0.19431068893961514,41,1063.0
6695.0,40,607.0,7.402439024390244,4.137442515870843,23,596.0,0.23442553593715493,17,554.0,0.226338554515213,40,1150.0
6700.0,39,593.0,7.144578313253012,3.9525419532514556,21,613.0,0.21237982964473417,18,525.0,0.2811533278196922,39,1138.0
6705.0,37,526.0,6.337349397590361,3.664415477025028,18,576.0,0.19730323806006292,19,489.0,0.2015418626543384,37,1065.0
6710.0,44,576.0,6.776470588235294,3.273376204990259,19,552.0,0.19516199663136158,25,521.0,0.16422692435306074,44,1073.0
6715.0,37,620.0,7.209302325581396,4.624379806332697,20,569.0,0.2213348343410978,17,504.0,0.24655644145014688,37,1073.0
6720.0,36,697.0,7.920454545454546,5.09938130470612,19,619.0,0.18407165953001242,17,522.0,0.29495915029304887,36,1141.0
6725.0,44,812.0,9.227272727272727,4.3278107409084985,24,680.0,0.13961310617174452,20,530.0,0.21297141742658077,44,1210.0
6730.0,42,612.0,7.463414634146342,3.9013422988642765,25,621.0,0.09831527316975408,17,502.0,0.25873962380081944,42,1123.0
6735.0,42,704.0,8.691358024691358,4.1246451238951645,26,570.0,0.13455400110728558,16,547.0,0.2961843809266886,42,1117.0
6740.0,42,815.0,10.448717948717949,3.878832489886197,24,641.0,0.15035117761564576,18,577.0,0.24906941339542515,42,1218.0
6745.0,40,813.0,10.697368421052632,3.83564339910466,20,657.0,0.1567446192510953,20,613.0,0.23518742201076068,40,1270.0
6750.0,37,801.0,10.26923076923077,3.607246062238978,18,650.0,0.1574419842192871,19,618.0,0.21798812591366304,37,1268.0
6755.0,30,475.0,6.1688311688311686,3.791275251212781,12,566.0,0.2245075963527124,18,568.0,0.186848904849748,30,1134.0
6760.0,25,376.0,5.013333333333334,4.571581423084115,8,496.0,0.32014655097607425,17,491.0,0.18098954258635044,25,987.0
6765.0,30,432.0,5.684210526315789,4.02189353293628,9,454.0,0.3263310115807904,21,544.0,0.11906311521316652,30,998.0
6770.0,33,466.0,5.825,4.081018098360725,14,459.0,0.22459112089228198,19,580.0,0.19207723420955589,33,1039.0
6775.0,42,650.0,8.227848101265822,4.220727503983249,24,540.0,0.11895958451619482,18,648.0,0.3308692888346633,42,1188.0
6780.0,47,812.0,9.552941176470588,4.118035614426299,28,591.0,0.04953854371282604,19,735.0,0.3298978610874204,47,1326.0
6785.0,39,604.0,7.365853658536586,4.624859548501378,21,551.0,0.12512020128999737,18,663.0,0.3219517900740597,39,1214.0
6790.0,26,485.0,6.217948717948718,4.860226214498062,9,564.0,0.23344783822626147,17,541.0,0.27044825815644796,26,1105.0
6795.0,34,530.0,6.973684210526316,3.8996884563039464,16,617.0,0.2106476208983335,18,540.0,0.1456384133665396,34,1157.0
6800.0,41,496.0,6.794520547945205,3.054995200789307,20,634.0,0.141676184906822,21,513.0,0.16592723082686422,41,1147.0
6805.0,41,482.0,6.788732394366197,3.1596799531463664,22,666.0,0.156558915056745,19,536.0,0.21746736479308387,41,1202.0
6810.0,43,479.0,6.472972972972973,2.5456814083843384,25,676.0,0.11178757348645918,18,517.0,0.18105022769966397,43,1193.0
6815.0,39,498.0,6.72972972972973,3.082598190055243,18,601.0,0.18980399191856123,21,561.0,0.13941934172129447,39,1162.0
6820.0,35,465.0,5.886075949367089,4.025420603114108,13,542.0,0.23008935052813842,22,610.0,0.157121558095236,35,1152.0
6825.0,25,428.0,5.35,5.811290380559564,9,460.0,0.3411805787016717,16,586.0,0.226249506302307,25,1046.0
6830.0,24,424.0,5.367088607594937,5.6330698799912025,7,429.0,0.3781523180460648,17,569.0,0.16839136734752852,24,998.0
6835.0,28,427.0,5.618421052631579,5.013237310769516,11,457.0,0.21338216428069162,17,579.0,0.2627527525427322,28,1036.0
6840.0,33,492.0,6.648648648648648,4.441216487506816,17,488.0,0.19128563960548411,16,581.0,0.29852767616778275,33,1069.0
6845.0,30,471.0,6.633802816901408,3.7033978051480827,13,501.0,0.18976298952921608,17,530.0,0.19687645340663612,30,1031.0
6850.0,28,367.0,5.169014084507042,3.635906066560615,9,468.0,0.19728101329675946,19,549.0,0.17740340096511292,28,1017.0
6855.0,31,395.0,5.197368421052632,4.21997570050695,15,443.0,0.11489359319535805,16,527.0,0.20393862625524858,31,970.0
6860.0,36,369.0,4.792207792207792,4.344146283297205,19,388.0,0.06074031528110667,17,534.0,0.2815739065508759,36,922.0
6865.0,37,367.0,4.766233766233766,4.564883615069389,19,324.0,0.196027815607572,18,529.0,0.2660002640370456,37,853.0
6870.0,33,425.0,5.743243243243243,4.2338941897812425,15,351.0,0.2572728841384709,18,575.0,0.24814787017750586,33,926.0
6875.0,29,365.0,4.9324324324324325,4.2846213169129,12,308.0,0.19903129696443073,17,603.0,0.20740320231828438,29,911.0
6880.0,25,386.0,5.361111111111111,4.350130009893908,7,343.0,0.18709757713339803,18,635.0,0.18733530430744277,25,978.0
6885.0,33,505.0,6.824324324324325,4.041921369253213,13,399.0,0.19698421356317708,20,678.0,0.1536984932478735,33,1077.0
6890.0,42,585.0,7.8,3.9014784246591514,19,423.0,0.21098567891880707,23,681.0,0.1840687130261206,42,1104.0
6895.0,39,540.0,7.2,3.99455474362283,19,448.0,0.23745761764644874,20,628.0,0.2171949162874599,39,1076.0
6900.0,34,412.0,5.35064935064935,4.166350296904742,18,459.0,0.2741211863264163,16,574.0,0.25653429594963695,34,1033.0
6905.0,33,384.0,4.860759493670886,4.345296369960967,12,382.0,0.31191836946367496,21,590.0,0.19874361466842969,33,972.0
6910.0,30,352.0,4.512820512820513,4.63564330042264,8,300.0,0.36217551302012574,22,641.0,0.16192542227143128,30,941.0
6915.0,24,268.0,3.526315789473684,5.021851675560687,6,233.0,0.2999161506174635,18,636.0,0.19215582656120508,24,869.0
6920.0,25,317.0,4.342465753424658,4.594292548701885,8,228.0,0.2211045216483346,17,630.0,0.15258253399252242,25,858.0
6925.0,33,340.0,4.857142857142857,3.7723282289877673,13,239.0,0.10663570609234861,20,602.0,0.1784233206116356,33,841.0
6930.0,40,409.0,5.76056338028169,3.304083819569209,21,329.0,0.15001070965145233,19,633.0,0.16893605350284877,40,962.0
6935.0,37,422.0,5.943661971830986,3.552412690530842,17,351.0,0.24091714760282065,20,622.0,0.1467074166768742,37,973.0
6940.0,30,385.0,5.422535211267606,4.164336452886887,9,281.0,0.32939628200658166,21,641.0,0.13959367188462288,30,922.0
6945.0,22,279.0,3.875,4.846175262359326,6,219.0,0.3283425730949988,16,595.0,0.16196800303821135,22,814.0
6950.0,24,244.0,3.436619718309859,4.922346255613043,10,217.0,0.21501166750406234,14,579.0,0.23501684757916716,24,796.0
6955.0,35,368.0,5.257142857142857,4.1950278873626745,15,236.0,0.16066975328039845,20,617.0,0.22956608006626877,35,853.0
6960.0,25,442.0,6.8,5.17969155175832,8,227.0,0.34247494219408176,17,652.0,0.25091369873298214,25,879.0
6965.0,22,402.0,6.28125,5.170091102873336,8,170.0,0.3276576412725418,14,624.0,0.17899078315460526,22,794.0
6970.0,28,451.0,7.046875,5.00014313001506,11,170.0,0.2220656752290911,17,632.0,0.17935404962069387,28,802.0
6975.0,31,445.0,6.742424242424242,5.272902243738758,14,198.0,0.23083373009686167,17,612.0,0.30314555699245777,31,810.0
6980.0,31,474.0,7.523809523809524,4.754552117018066,14,241.0,0.3075030590872167,17,573.0,0.292087874863343,31,814.0
6985.0,31,405.0,6.532258064516129,4.416918893206338,15,318.0,0.28698482444075596,16,478.0,0.28721959403146446,31,796.0
6990.0,28,374.0,5.666666666666667,3.621271380639297,14,322.0,0.2458816530490519,14,505.0,0.22311263041319193,28,827.0
6995.0,29,354.0,5.446153846153846,4.095527869525299,7,236.0,0.33621697386429195,22,596.0,0.11142096964531055,29,832.0
7000.0,33,391.0,5.835820895522388,3.5855601554094783,10,219.0,0.3282710148768652,23,636.0,0.03865622141416026,33,855.0
7005.0,28,412.0,6.645161290322581,4.848528260464041,11,245.0,0.37909434065845693,17,625.0,0.0936655949588623,28,870.0
7010.0,26,399.0,7.254545454545455,4.131373399940407,11,228.0,0.27554737860409495,15,581.0,0.10765570003214266,26,809.0
7015.0,28,410.0,7.454545454545454,3.3597616510145953,14,241.0,0.17106195285349965,14,509.0,0.10859020912159209,28,750.0
7020.0,27,379.0,6.649122807017544,3.979811122783709,15,258.0,0.20381545629123451,12,507.0,0.19840874504774153,27,765.0
7025.0,19,254.0,4.7924528301886795,4.848978857677192,9,236.0,0.35916937715475034,10,450.0,0.17825297820064673,19,686.0
7030.0,21,252.0,4.581818181818182,4.470773464324936,9,261.0,0.3049944031744333,12,442.0,0.1239785132690329,21,703.0
7035.0,25,293.0,5.528301886792453,4.688457957445694,14,273.0,0.24741247257130994,11,419.0,0.20651307405590513,25,692.0
7040.0,24,224.0,4.392156862745098,4.0123871354016885,14,216.0,0.19433324919176612,10,391.0,0.21685688107629747,24,607.0
7045.0,24,262.0,5.137254901960785,5.082840931783794,17,270.0,0.25801438606270555,7,335.0,0.30171262780712255,24,605.0
7050.0,21,263.0,5.1568627450980395,4.588055410973102,15,285.0,0.2510706414112299,6,316.0,0.2849155389820662,21,601.0
7055.0,20,200.0,3.7037037037037037,5.196097635529022,10,243.0,0.2833824945513276,10,253.0,0.274849677548881,20,496.0
7060.0,16,160.0,3.076923076923077,5.031560107620393,8,237.0,0.30164034357803754,8,243.0,0.2754907264400372,16,480.0
7065.0,21,166.0,3.1320754716981134,5.893486808770686,13,216.0,0.2243044624646715,8,256.0,0.38414025672474816,21,472.0
7070.0,21,213.0,4.096153846153846,4.961761868639386,14,230.0,0.08043070815983384,7,240.0,0.37790432775537103,21,470.0
7075.0,16,257.0,4.9423076923076925,6.08759809971174,8,202.0,0.25536573581819827,8,264.0,0.3365348663128982,16,466.0
7080.0,16,310.0,6.458333333333333,5.54101619797268,7,190.0,0.4127892007964421,9,306.0,0.10391936555641267,16,496.0
7085.0,21,346.0,7.688888888888889,5.5658054748045815,10,236.0,0.42891729048449995,11,288.0,0.11044273503866217,21,524.0
7090.0,21,341.0,7.104166666666667,4.328564226388504,11,253.0,0.26231228463480455,10,203.0,0.22686018734278762,21,456.0
7095.0,24,413.0,8.787234042553191,4.235314956369964,15,265.0,0.2664814116763547,9,194.0,0.3342232834105133,24,459.0
7100.0,23,284.0,5.568627450980392,4.045859628870453,16,240.0,0.22493018781075286,7,186.0,0.3719713255414149,23,426.0
7105.0,20,337.0,6.3584905660377355,5.543830029379208,16,250.0,0.17311328229685463,4,153.0,0.5362969589443205,20,403.0
7110.0,18,197.0,3.6481481481481484,5.783826770641599,15,271.0,0.10041681244882988,3,73.0,0.5558708961388706,18,344.0
7115.0,17,100.0,1.7543859649122806,6.1784527934489235,10,236.0,0.23365747924410976,7,38.0,0.4010155976268175,17,274.0
7120.0,12,109.0,1.981818181818182,5.966392659853966,5,234.0,0.3474578498673056,7,49.0,0.33559052257892846,12,283.0
7125.0,19,172.0,3.1272727272727274,5.800539972798571,12,272.0,0.2502737906292674,7,55.0,0.4324167171663183,19,327.0
7130.0,23,153.0,2.8333333333333335,4.8279230366374675,16,279.0,0.18948597284535318,7,67.0,0.3430000191005793,23,346.0
7135.0,27,277.0,5.12962962962963,5.097812489447402,18,352.0,0.23895820651992483,9,86.0,0.28714038752614796,27,438.0
7140.0,24,308.0,5.811320754716981,4.356747801832343,15,359.0,0.2450116124242285,9,112.0,0.15619542889974966,24,471.0
7145.0,20,255.0,4.722222222222222,5.1760974642913435,10,298.0,0.29450455374252266,10,151.0,0.1254616739608826,20,449.0
7150.0,15,170.0,3.269230769230769,5.184152427891534,7,256.0,0.35013079208473286,8,152.0,0.11522847491941289,15,408.0
7155.0,15,198.0,3.7358490566037736,6.051363628100153,11,256.0,0.22709680799118517,4,127.0,0.4227661352150818,15,383.0
7160.0,23,299.0,6.1020408163265305,5.837048987125627,19,337.0,0.17745911197142625,4,141.0,0.5676571234451333,23,478.0
7165.0,20,233.0,4.66,5.371857051352386,18,355.0,0.1417965110137675,2,74.0,0.5884762867606316,20,429.0
7170.0,16,187.0,3.8958333333333335,5.291416926117132,10,285.0,0.297628793273591,6,49.0,0.3455040450586455,16,334.0
7175.0,15,161.0,3.22,5.8402017884822985,10,285.0,0.33858980657547966,5,62.0,0.3700128865833361,15,347.0
7180.0,18,211.0,4.0576923076923075,5.735406041952439,13,291.0,0.29153339216138074,5,83.0,0.46879010708984437,18,374.0
7185.0,24,292.0,5.509433962264151,5.198586296589549,16,300.0,0.2911228085282376,8,120.0,0.4383835932167498,24,420.0
7190.0,15,272.0,5.037037037037037,5.23920852470236,9,270.0,0.26733667612362566,6,117.0,0.4002792318739427,15,387.0
7195.0,15,215.0,3.9814814814814814,5.167136597508171,10,231.0,0.22417583526187937,5,104.0,0.3956233374685377,15,335.0
7200.0,21,199.0,3.685185185185185,5.32030488609906,17,253.0,0.13208029937767102,4,50.0,0.46610752769000996,21,303.0
