step,system_total_stopped,system_total_waiting_time,system_mean_waiting_time,system_mean_speed,J17_stopped,J17_accumulated_waiting_time,J17_average_speed,J18_stopped,J18_accumulated_waiting_time,J18_average_speed,agents_total_stopped,agents_total_accumulated_waiting_time
5.0,1,0.0,0.0,1.7549601155449635,0,0.0,1.0,1,0.0,0.11920654831360765,1,0.0
10.0,0,0.0,0.0,7.859903587181752,0,0.0,0.46044839820645844,0,0.0,0.6981651955113649,0,0.0
15.0,1,0.0,0.0,9.34909078107296,0,0.0,0.7987137350902965,1,0.0,0.6566869949708277,1,0.0
20.0,0,0.0,0.0,9.603710142527047,0,0.0,0.8127384878480136,0,0.0,0.7529035989032073,0,0.0
25.0,0,0.0,0.0,8.187151279683235,0,0.0,0.570065538167611,0,0.0,0.6924270813200177,0,0.0
30.0,4,5.0,0.25,7.8670150149158316,3,4.0,0.5228211179575862,1,1.0,0.6149670415077092,4,5.0
35.0,5,23.0,1.0,8.080787327346897,2,13.0,0.6340792427907859,3,10.0,0.566991984055681,5,23.0
40.0,10,55.0,2.1153846153846154,5.965144866416269,5,29.0,0.3934676656107044,5,26.0,0.43166534602133794,10,55.0
45.0,15,115.0,3.9655172413793105,5.772511260005107,7,58.0,0.23812680089803714,8,57.0,0.4944172435569619,15,115.0
50.0,11,123.0,3.84375,4.910488247178798,5,69.0,0.25600364754167715,6,60.0,0.42891054409947005,11,129.0
55.0,15,186.0,5.636363636363637,5.708104678879297,5,94.0,0.49469500499922014,10,101.0,0.30412823066073974,15,195.0
60.0,12,199.0,5.852941176470588,6.1922400858040305,3,75.0,0.5462214717034437,9,138.0,0.32217152811295374,12,213.0
65.0,12,258.0,6.972972972972973,6.4839833561024145,4,98.0,0.4809043931640146,8,175.0,0.3426726910622462,12,273.0
70.0,11,116.0,2.8292682926829267,5.730565842564879,4,52.0,0.3570007907007972,7,155.0,0.41607023205332055,11,207.0
75.0,9,122.0,2.9047619047619047,7.594636489276626,2,29.0,0.6169480731600343,7,117.0,0.43296947192510604,9,146.0
80.0,13,174.0,3.8666666666666667,7.343131352294228,4,37.0,0.5577103722873537,9,146.0,0.345791010480213,13,183.0
85.0,12,119.0,2.5319148936170213,7.574949835720248,3,52.0,0.6749797605517676,9,114.0,0.32467801957807035,12,166.0
90.0,12,112.0,2.4347826086956523,6.756322113108461,5,42.0,0.41189635281094844,7,85.0,0.39402870879606217,12,127.0
95.0,14,125.0,2.9761904761904763,5.927417550145839,7,72.0,0.3507597010160296,7,81.0,0.3711504240764114,14,153.0
100.0,13,124.0,2.883720930232558,6.000231401431366,5,72.0,0.39272300128636467,8,93.0,0.38108337319762975,13,165.0
105.0,16,184.0,4.181818181818182,5.790687256571749,8,87.0,0.4343928805120081,8,112.0,0.2907850155948454,16,199.0
110.0,16,199.0,4.23404255319149,5.8198432899414465,7,88.0,0.27807588451786336,9,153.0,0.4076938456663866,16,241.0
115.0,11,173.0,3.9318181818181817,6.08186461341493,4,50.0,0.253739533982875,7,165.0,0.3947083016048242,11,215.0
120.0,15,238.0,5.534883720930233,6.788545274967841,5,64.0,0.4519035739933789,10,180.0,0.2831575825913225,15,244.0
125.0,15,276.0,6.571428571428571,6.490293372213445,5,72.0,0.4774841557732583,10,212.0,0.22520120799949714,15,284.0
130.0,18,353.0,8.609756097560975,5.547027778644609,7,102.0,0.2506259977350974,11,257.0,0.25902989497205825,18,359.0
135.0,17,228.0,5.428571428571429,5.212807568007803,8,104.0,0.23295251434612543,9,211.0,0.23025267586842688,17,315.0
140.0,15,238.0,6.2631578947368425,6.36321572412734,7,133.0,0.42592227267391414,8,147.0,0.3517263640171325,15,280.0
145.0,10,125.0,3.2051282051282053,5.6068740061237445,5,80.0,0.44205983732742704,5,121.0,0.2903142134406972,10,201.0
150.0,13,166.0,4.256410256410256,7.035496946849189,7,115.0,0.4621014811373151,6,99.0,0.40042040964843584,13,214.0
155.0,13,220.0,5.238095238095238,6.473890686697409,7,144.0,0.44604953541955855,6,92.0,0.36823799088890014,13,236.0
160.0,18,298.0,6.7727272727272725,5.753080975447275,9,185.0,0.3731237338120452,9,134.0,0.34600558821427935,18,319.0
165.0,18,181.0,4.022222222222222,5.0646680129048445,9,161.0,0.3280831088825889,9,139.0,0.36439944822564496,18,300.0
170.0,12,155.0,3.522727272727273,5.6135288927647276,3,82.0,0.3923930442542426,9,127.0,0.28361839054627175,12,209.0
175.0,18,234.0,5.2,5.856942638086348,5,76.0,0.46138706107757915,13,181.0,0.22955626116051414,18,257.0
180.0,19,214.0,4.6521739130434785,5.198994373244863,8,99.0,0.3174578573614551,11,177.0,0.26342300394895585,19,276.0
185.0,11,139.0,3.0217391304347827,6.768931396396868,6,106.0,0.3996506348141533,5,110.0,0.43463845908081006,11,216.0
190.0,12,186.0,4.133333333333334,7.482964165243153,5,116.0,0.35282259535526905,7,85.0,0.48006834317926234,12,201.0
195.0,13,108.0,2.4545454545454546,7.117288965674664,7,104.0,0.3101959376302212,6,67.0,0.49952569504118144,13,171.0
200.0,13,135.0,3.292682926829268,7.241304974542639,6,77.0,0.2803127531741776,7,70.0,0.5352799329042227,13,147.0
205.0,15,210.0,5.833333333333333,6.217968130044799,8,117.0,0.4082947845283072,7,99.0,0.35824656031673613,15,216.0
210.0,16,197.0,5.051282051282051,5.209771317485773,8,119.0,0.3583749758581449,8,110.0,0.26853151819244336,16,229.0
215.0,19,263.0,6.414634146341464,5.407379281725403,8,129.0,0.4053776878597855,11,146.0,0.24483235378763352,19,275.0
220.0,17,233.0,5.4186046511627906,5.037338554695563,7,103.0,0.4512385874071066,10,188.0,0.2608156315237064,17,291.0
225.0,13,240.0,5.1063829787234045,6.783373140903918,5,50.0,0.5230945447834061,8,207.0,0.340980121646074,13,257.0
230.0,12,196.0,3.69811320754717,6.523882476641752,4,49.0,0.4504182458859171,8,200.0,0.24604986897231296,12,249.0
235.0,15,127.0,2.2280701754385963,7.154748136889653,8,63.0,0.4163666357397769,7,160.0,0.38173125508788336,15,223.0
240.0,11,137.0,2.5849056603773586,7.176479923070201,7,86.0,0.44089092406671765,4,164.0,0.4803459263064283,11,250.0
245.0,16,182.0,3.5,6.162294119151526,8,86.0,0.405364744560314,8,189.0,0.292730052324648,16,275.0
250.0,20,207.0,3.9056603773584904,5.144829225649376,8,82.0,0.31902846163425475,12,222.0,0.1433685610037651,20,304.0
255.0,26,312.0,5.379310344827586,5.657392699933675,13,116.0,0.31878044691283847,13,286.0,0.20831571759351283,26,402.0
260.0,23,251.0,4.735849056603773,5.067228444202428,13,123.0,0.2988593468371092,10,289.0,0.3188001571737423,23,412.0
265.0,21,306.0,5.464285714285714,5.923602264226375,13,177.0,0.36248155092766643,8,274.0,0.3963148762739629,21,451.0
270.0,21,275.0,4.508196721311475,5.0964384539569165,13,197.0,0.34023508903997884,8,246.0,0.32451817338129874,21,443.0
275.0,20,217.0,3.4444444444444446,6.080621198930015,13,184.0,0.37339052949435125,7,181.0,0.3792731994521257,20,365.0
280.0,24,325.0,5.241935483870968,6.300844167124555,15,230.0,0.36889365682981257,9,160.0,0.4081079880163669,24,390.0
285.0,24,325.0,5.078125,5.359973193211957,14,282.0,0.3772721130166862,10,139.0,0.21853440048818604,24,421.0
290.0,25,409.0,6.492063492063492,5.532689310159089,17,326.0,0.26980494392978827,8,130.0,0.36401218802466695,25,456.0
295.0,26,428.0,6.7936507936507935,4.660432415129856,16,371.0,0.18260835983817678,10,140.0,0.3634788485451486,26,511.0
300.0,29,469.0,7.328125,5.215111348880291,18,413.0,0.23106964956715773,11,190.0,0.39869630180669907,29,603.0
305.0,27,356.0,5.933333333333334,4.156002439480422,16,385.0,0.2501210038548884,11,189.0,0.3013842280633787,27,574.0
310.0,34,393.0,6.661016949152542,3.81980576052726,19,353.0,0.2259064327124173,15,203.0,0.19615921726691396,34,556.0
315.0,34,389.0,6.274193548387097,3.4950359477868145,18,396.0,0.1701054747119336,16,224.0,0.18504348722399222,34,620.0
320.0,27,344.0,5.292307692307692,4.973534468378309,14,385.0,0.24199736073249772,13,247.0,0.26560677837512536,27,632.0
325.0,24,336.0,5.333333333333333,5.2754226895163905,13,380.0,0.32360379470635053,11,225.0,0.24420558968890274,24,605.0
330.0,18,241.0,3.8253968253968256,5.776832846994001,11,352.0,0.2814241368082551,7,180.0,0.24980066114541397,18,532.0
335.0,23,341.0,5.590163934426229,6.052253493014132,14,374.0,0.28467344243704046,9,178.0,0.29919927754024955,23,552.0
340.0,27,385.0,6.416666666666667,5.493691095067045,15,378.0,0.2492438835045901,12,205.0,0.2609137487163548,27,583.0
345.0,27,496.0,8.857142857142858,5.060966330678288,14,400.0,0.22143714973324097,13,266.0,0.3523230599247474,27,666.0
350.0,26,413.0,7.648148148148148,3.753689380436481,15,377.0,0.19253944400668052,11,263.0,0.27876148578734444,26,640.0
355.0,28,386.0,6.892857142857143,4.402656744686361,15,328.0,0.27901714064435335,13,279.0,0.2642117492686421,28,607.0
360.0,25,355.0,5.819672131147541,4.211269595015389,13,338.0,0.30879060951859816,12,289.0,0.2881365803523906,25,627.0
365.0,20,306.0,4.935483870967742,5.900396367708171,12,295.0,0.36580233302456866,8,280.0,0.37677886175814695,20,575.0
370.0,18,236.0,3.806451612903226,6.086945314974949,11,292.0,0.3658932916268915,7,207.0,0.3057647187058892,18,499.0
375.0,20,243.0,3.7384615384615385,6.039978954401849,12,337.0,0.29148611872298613,8,82.0,0.3404485125790736,20,419.0
380.0,26,330.0,5.15625,5.857858979654775,17,402.0,0.30798117450746587,9,98.0,0.30152937698271576,26,500.0
385.0,24,375.0,5.9523809523809526,6.379451887096459,15,377.0,0.33100259434485674,9,110.0,0.34263979601416966,24,487.0
390.0,19,339.0,5.65,5.716395957596984,11,333.0,0.33902963346857196,8,118.0,0.3094041390034254,19,451.0
395.0,19,339.0,5.745762711864407,5.652180847412357,11,338.0,0.29506561977351037,8,134.0,0.40951072895622836,19,472.0
400.0,24,366.0,6.1,5.678567707504891,15,323.0,0.29566391295281574,9,177.0,0.4229448692880151,24,500.0
405.0,22,349.0,5.915254237288136,5.071015785708211,16,381.0,0.2306865243371456,6,143.0,0.4689311935879202,22,524.0
410.0,23,412.0,7.103448275862069,5.3441015922394435,18,430.0,0.24591777458481745,5,98.0,0.45221061329212353,23,528.0
415.0,25,400.0,6.896551724137931,4.975309108274458,17,460.0,0.25006057756542666,8,65.0,0.22722791396506106,25,525.0
420.0,27,444.0,7.52542372881356,5.130500558236496,14,478.0,0.32204755441258465,13,105.0,0.15754922333962076,27,583.0
425.0,25,497.0,8.568965517241379,4.819763718999294,15,500.0,0.20828236980506729,10,147.0,0.37567761949913875,25,647.0
430.0,28,573.0,10.232142857142858,5.004959327453191,18,529.0,0.19059869899803564,10,188.0,0.4462577744800968,28,717.0
435.0,25,599.0,10.696428571428571,3.6477197065195575,16,583.0,0.17410833389289185,9,199.0,0.3032425078207203,25,782.0
440.0,30,662.0,11.614035087719298,3.8668833316322937,15,602.0,0.1715122871148028,15,217.0,0.21855558550904125,30,819.0
445.0,27,323.0,5.666666666666667,4.028804992309374,13,476.0,0.20575898248934177,14,206.0,0.22772242377990004,27,682.0
450.0,17,212.0,3.4754098360655736,5.65545631174492,13,318.0,0.24026924951553222,4,138.0,0.3463894200107402,17,456.0
455.0,22,306.0,5.186440677966102,6.303362471216666,16,391.0,0.20907087073041047,6,98.0,0.48897368570525296,22,489.0
460.0,24,345.0,5.8474576271186445,5.604865167957912,17,432.0,0.09917631595356559,7,100.0,0.40413880411756914,24,532.0
465.0,26,395.0,6.9298245614035086,5.2515437539935,14,441.0,0.1616541182523372,12,135.0,0.33313592158501487,26,576.0
470.0,25,411.0,7.611111111111111,4.359245957718543,14,460.0,0.19751962888521335,11,153.0,0.31018296909749854,25,613.0
475.0,20,436.0,9.083333333333334,5.4143153506565795,9,423.0,0.2847121964164412,11,173.0,0.3198696180447117,20,596.0
480.0,19,332.0,6.509803921568627,5.025817216165545,7,344.0,0.197187750099957,12,178.0,0.27440748738764975,19,522.0
485.0,20,271.0,5.211538461538462,6.172914398124721,8,236.0,0.3956340104329678,12,200.0,0.2776928659406944,20,436.0
490.0,18,199.0,3.826923076923077,5.636509778191266,6,248.0,0.4550636842599385,12,186.0,0.31620610698652496,18,434.0
495.0,15,224.0,4.148148148148148,6.643685071581313,7,272.0,0.4682763193800578,8,132.0,0.35605201061508096,15,404.0
500.0,19,161.0,2.9272727272727272,5.481463734439924,11,255.0,0.3790812560098964,8,127.0,0.27409210464673817,19,382.0
505.0,19,196.0,3.5,6.186936618852813,13,291.0,0.35091285927186694,6,106.0,0.30474534570159123,19,397.0
510.0,21,242.0,4.245614035087719,5.01468044809039,11,332.0,0.20655527991190026,10,118.0,0.32442209810616385,21,450.0
515.0,17,294.0,5.068965517241379,6.603981113688531,8,358.0,0.3626677380782489,9,141.0,0.387688439264532,17,499.0
520.0,19,347.0,6.196428571428571,5.667578422893568,11,390.0,0.414414659929401,8,153.0,0.24557519998932592,19,543.0
525.0,23,342.0,5.896551724137931,6.051115395812172,14,328.0,0.3653468895843386,9,156.0,0.2686860106453218,23,484.0
530.0,17,258.0,4.6909090909090905,5.876525174632294,9,275.0,0.34212014475705843,8,119.0,0.2793178100957967,17,394.0
535.0,25,302.0,5.592592592592593,5.003387287197709,13,251.0,0.2352145923617481,12,136.0,0.2476088528798941,25,387.0
540.0,26,331.0,6.490196078431373,3.9816137572106878,13,240.0,0.1741417619924347,13,201.0,0.2767580325465421,26,441.0
545.0,24,324.0,6.352941176470588,3.3117685820819442,14,277.0,0.12256347260033242,10,211.0,0.2708251242292669,24,488.0
550.0,27,397.0,7.634615384615385,3.9299076586149218,15,301.0,0.1748738877386147,12,195.0,0.2585593202818787,27,496.0
555.0,21,310.0,5.961538461538462,4.7770398511093894,12,290.0,0.2474371213013146,9,196.0,0.2807309385254612,21,486.0
560.0,17,325.0,6.132075471698113,6.559622614732124,12,268.0,0.2627002206304417,5,167.0,0.43097790165184985,17,435.0
565.0,17,204.0,3.7777777777777777,5.4041125242108885,11,280.0,0.19364938462011802,6,98.0,0.38115602920737346,17,378.0
570.0,22,208.0,3.8518518518518516,5.4382934998905785,12,264.0,0.3017754728440256,10,91.0,0.3615593181903195,22,355.0
575.0,19,233.0,4.160714285714286,5.385212904885904,9,285.0,0.3322088809187136,10,107.0,0.4351149002298149,19,392.0
580.0,15,261.0,4.745454545454545,6.3679707319174055,10,304.0,0.407598532695551,5,97.0,0.4352451711429231,15,401.0
585.0,17,229.0,4.017543859649122,5.813786001985962,9,271.0,0.3344998377133852,8,119.0,0.3163260610386155,17,390.0
590.0,21,206.0,3.5517241379310347,5.519710200648822,9,216.0,0.3354729565476179,12,170.0,0.21112956643661052,21,386.0
595.0,24,271.0,4.516666666666667,5.126526009056841,11,250.0,0.2499124258852154,13,218.0,0.29391391620861956,24,468.0
600.0,23,348.0,5.898305084745763,5.866115018592413,13,303.0,0.27913982932687653,10,213.0,0.3285551991076738,23,516.0
605.0,19,323.0,5.47457627118644,5.844942444249349,11,286.0,0.19839416105601593,8,214.0,0.36441879482650696,19,500.0
610.0,17,292.0,4.786885245901639,6.464148955604285,6,230.0,0.3235521848109063,11,235.0,0.3664603093208158,17,465.0
615.0,20,323.0,5.568965517241379,5.755805930183727,8,247.0,0.414387197341633,12,273.0,0.35094510119137434,20,520.0
620.0,19,395.0,7.181818181818182,6.406652780871538,9,248.0,0.39550217761369544,10,295.0,0.42018014457631336,19,543.0
625.0,19,235.0,4.12280701754386,5.4476166208417,9,268.0,0.14327853329223406,10,216.0,0.38158346526042414,19,484.0
630.0,20,247.0,4.333333333333333,6.154040260263855,10,305.0,0.21480787786661992,10,123.0,0.3298932956453835,20,428.0
635.0,19,309.0,5.618181818181818,5.847412412820848,8,343.0,0.3211768340587739,11,163.0,0.2360371328172692,19,506.0
640.0,21,385.0,7.12962962962963,6.288733707361866,8,370.0,0.2580476531230003,13,197.0,0.30637026679815543,21,567.0
645.0,21,359.0,7.03921568627451,5.144210458926478,9,357.0,0.22369384206661727,12,219.0,0.29898389701716327,21,576.0
650.0,18,388.0,7.185185185185185,6.193580728473795,9,316.0,0.3276721393404898,9,219.0,0.39973402617361037,18,535.0
655.0,19,285.0,5.377358490566038,5.2202343203883395,8,262.0,0.40451907977491963,11,225.0,0.31475082189218917,19,487.0
660.0,21,218.0,4.037037037037037,5.355983913404146,6,152.0,0.4609315727015385,15,226.0,0.3197974468961651,21,378.0
665.0,23,201.0,3.5892857142857144,4.285032846835676,6,135.0,0.33965154792910357,17,256.0,0.2685980487644395,23,391.0
670.0,22,248.0,4.350877192982456,4.547053923793839,5,122.0,0.36634528976286407,17,270.0,0.19837519555990465,22,392.0
675.0,25,293.0,4.883333333333334,4.127116478670707,7,146.0,0.33996389977988456,18,316.0,0.11368039574056056,25,462.0
680.0,29,340.0,5.3125,4.505249630465883,15,208.0,0.24580939371563296,14,319.0,0.19987456577637608,29,527.0
685.0,30,333.0,5.285714285714286,3.670418886686076,16,268.0,0.28532634683691793,14,302.0,0.12614293040526675,30,570.0
690.0,23,288.0,4.5,4.9843323139225735,10,296.0,0.3101155508362222,13,274.0,0.20910737447326747,23,570.0
695.0,22,265.0,4.015151515151516,4.730732649959996,9,257.0,0.2111737645024505,13,284.0,0.21528634637171218,22,541.0
700.0,26,310.0,4.5588235294117645,5.791407240395767,13,216.0,0.230604735425433,13,319.0,0.3431913823550144,26,535.0
705.0,31,341.0,5.08955223880597,4.264202606044746,18,256.0,0.1888661758993169,13,321.0,0.3125322042972004,31,577.0
710.0,27,412.0,6.338461538461538,4.663556620228188,11,264.0,0.2763082547302698,16,361.0,0.23572345154616584,27,625.0
715.0,26,490.0,7.205882352941177,5.100548598905569,9,275.0,0.38964747036924735,17,396.0,0.12636350642022312,26,671.0
720.0,23,405.0,6.044776119402985,5.530744559303381,9,215.0,0.35156778142802303,14,395.0,0.14398921904452147,23,610.0
725.0,27,375.0,5.859375,5.004808668590644,16,232.0,0.22385711712779607,11,359.0,0.2512763020812455,27,591.0
730.0,28,256.0,4.063492063492063,4.5419833403741,21,271.0,0.15903170211570275,7,211.0,0.3750050636489418,28,482.0
735.0,33,380.0,6.129032258064516,4.354271308971444,23,334.0,0.23912394613121168,10,221.0,0.2421035296827548,33,555.0
740.0,31,411.0,6.323076923076923,4.489653231357437,20,347.0,0.2060401838684264,11,230.0,0.33523724886244066,31,577.0
745.0,29,478.0,7.029411764705882,4.81518216830733,24,397.0,0.1805078181449462,5,215.0,0.42073867615066224,29,612.0
750.0,29,502.0,7.382352941176471,4.868476519990814,22,452.0,0.22297626233422907,7,177.0,0.4511545885970758,29,629.0
755.0,24,334.0,4.911764705882353,5.414771086465174,15,421.0,0.2771252223122316,9,180.0,0.41883893963834407,24,601.0
760.0,23,367.0,5.6461538461538465,5.62208532073439,11,373.0,0.26088791625634244,12,234.0,0.35164887305406556,23,607.0
765.0,20,342.0,5.428571428571429,5.284669276146861,11,318.0,0.25636292700868024,9,252.0,0.1772035073045469,20,570.0
770.0,25,425.0,6.967213114754099,4.9901144367913,15,343.0,0.0980053008249301,10,251.0,0.29871130116225686,25,594.0
775.0,27,407.0,6.898305084745763,4.736195939286376,17,370.0,0.15147286843107122,10,258.0,0.22222853381841903,27,628.0
780.0,25,486.0,8.379310344827585,5.604462696894238,15,403.0,0.2936904957426331,10,287.0,0.34273521870544316,25,690.0
785.0,26,365.0,5.887096774193548,5.403258199464733,16,429.0,0.27691477145735205,10,242.0,0.4020665922045663,26,671.0
790.0,21,316.0,5.266666666666667,5.808393718720274,13,417.0,0.3317799662405889,8,157.0,0.47172797482623374,21,574.0
795.0,26,281.0,4.60655737704918,4.438395918497012,15,403.0,0.3177319071345078,11,163.0,0.31178942522294606,26,566.0
800.0,20,176.0,2.7936507936507935,4.961342005102188,10,312.0,0.30428952381773977,10,157.0,0.23783248603201396,20,469.0
805.0,22,189.0,2.8208955223880596,5.2719719892337364,11,227.0,0.307759894738218,11,135.0,0.16104055777020237,22,362.0
810.0,28,246.0,3.464788732394366,5.303836367997183,12,230.0,0.2757715010519318,16,182.0,0.1873345883623325,28,412.0
815.0,29,357.0,5.492307692307692,5.61428260055241,16,265.0,0.2853983776949673,13,226.0,0.3346221875781293,29,491.0
820.0,24,357.0,5.409090909090909,5.312603482210546,14,275.0,0.18243736957482207,10,232.0,0.4086277777040979,24,507.0
825.0,28,369.0,5.765625,5.1083907940708,18,271.0,0.09580962419174786,10,212.0,0.3766422762727458,28,483.0
830.0,26,391.0,6.015384615384615,5.35998583948524,15,308.0,0.18690979285480488,11,175.0,0.3260032956287999,26,483.0
835.0,23,394.0,6.459016393442623,5.940626647098481,12,280.0,0.29871147914560503,11,197.0,0.31226339872324443,23,477.0
840.0,25,337.0,5.810344827586207,5.551771480938783,9,212.0,0.3718813713388955,16,242.0,0.16315368957960738,25,454.0
845.0,18,301.0,5.375,6.067215228804257,6,128.0,0.4580876091285184,12,275.0,0.28566100639106773,18,403.0
850.0,18,350.0,6.363636363636363,6.563845396647357,9,146.0,0.3619629201435422,9,267.0,0.4286755732190222,18,413.0
855.0,16,301.0,5.472727272727273,6.0875952290761575,7,122.0,0.25537655625169986,9,284.0,0.4246806877140195,16,406.0
860.0,24,389.0,6.593220338983051,5.1438958727431485,11,137.0,0.31188413258996006,13,323.0,0.24501399004040697,24,460.0
865.0,26,415.0,7.410714285714286,4.485007816617275,10,131.0,0.38471523862362517,16,380.0,0.20302876190672542,26,511.0
870.0,20,406.0,7.518518518518518,4.936527663282209,6,88.0,0.38453367718066,14,411.0,0.2035202445549949,20,499.0
875.0,17,436.0,8.074074074074074,5.532323459527745,6,77.0,0.34135323604873,11,414.0,0.21334435963710244,17,491.0
880.0,19,471.0,8.722222222222221,5.853795605006452,5,70.0,0.3042690741835261,14,460.0,0.21309203099709412,19,530.0
885.0,17,533.0,9.87037037037037,6.587042491011601,6,78.0,0.40106325005378235,11,513.0,0.37422377177192623,17,591.0
890.0,17,598.0,12.72340425531915,6.568160230494846,5,92.0,0.41771823099842903,12,553.0,0.37563548823755205,17,645.0
895.0,18,340.0,7.555555555555555,5.6711579210265315,6,119.0,0.27479312541729745,12,429.0,0.3281069780464901,18,548.0
900.0,17,256.0,5.224489795918367,5.6429385553070395,7,113.0,0.3409715050648737,10,210.0,0.2850807101690913,17,323.0
905.0,23,270.0,5.510204081632653,5.195471441955281,8,152.0,0.41763788793894946,15,214.0,0.26059231928664867,23,366.0
910.0,20,267.0,5.34,5.39565259073598,7,184.0,0.3962646310326758,13,197.0,0.3432271531669182,20,381.0
915.0,19,293.0,5.528301886792453,4.996267636719994,7,209.0,0.3493532310723464,12,222.0,0.33175052012658135,19,431.0
920.0,20,228.0,4.30188679245283,4.902646367920216,10,181.0,0.2474352393570266,10,200.0,0.338559622167499,20,381.0
925.0,17,118.0,2.185185185185185,5.055441446496128,4,105.0,0.3136098340623923,13,210.0,0.20594961634186038,17,315.0
930.0,24,204.0,3.5789473684210527,4.956167143008025,5,120.0,0.3128266512288805,19,245.0,0.09324818362267283,24,365.0
935.0,28,296.0,5.381818181818182,4.816218626542515,9,147.0,0.2883655122985159,19,297.0,0.18359288368431043,28,444.0
940.0,23,317.0,6.096153846153846,4.586884520549303,7,130.0,0.33520614725052633,16,323.0,0.26450148776073723,23,453.0
945.0,19,271.0,5.211538461538462,4.7916290640870995,6,82.0,0.45518146762985934,13,320.0,0.23548159433954052,19,402.0
950.0,23,312.0,5.672727272727273,5.554976831732612,8,107.0,0.4191863291653877,15,308.0,0.24168653887900785,23,415.0
955.0,23,312.0,5.473684210526316,6.223612374033378,8,144.0,0.4694123927579124,15,306.0,0.2091857925054789,23,450.0
960.0,15,214.0,3.8214285714285716,5.969503068862678,6,130.0,0.3782886053527714,9,244.0,0.2017957451542831,15,374.0
965.0,19,265.0,5.196078431372549,5.319129168969927,9,168.0,0.3076772969388925,10,265.0,0.19583727970719464,19,433.0
970.0,24,275.0,5.392156862745098,4.160085458410339,10,164.0,0.2171697055348629,14,256.0,0.16924915167004925,24,420.0
975.0,26,372.0,7.018867924528302,4.176059709209802,14,225.0,0.23783090433604145,12,258.0,0.20924999940044553,26,483.0
980.0,22,346.0,6.784313725490196,5.115056918293882,12,221.0,0.31302488852231297,10,240.0,0.29859810804498965,22,461.0
985.0,19,282.0,5.320754716981132,5.521110640022725,12,196.0,0.28989258801662005,7,218.0,0.32682429102022337,19,414.0
990.0,22,298.0,5.518518518518518,5.194791561834787,10,207.0,0.31614464699979955,12,257.0,0.2784826812570792,22,464.0
995.0,16,202.0,3.672727272727273,6.1256027619451565,6,167.0,0.38386998458771243,10,218.0,0.38099502295007115,16,385.0
1000.0,18,242.0,4.245614035087719,6.405143148747357,7,159.0,0.4442610385775322,11,192.0,0.28371831758581545,18,351.0
1005.0,21,279.0,4.728813559322034,6.629536819955753,10,191.0,0.4451073435358634,11,199.0,0.2691261285663876,21,390.0
1010.0,16,208.0,3.7142857142857144,6.525800544781155,7,169.0,0.3597858024298585,9,190.0,0.27424942569755717,16,359.0
1015.0,21,272.0,4.945454545454545,5.844719458287071,12,180.0,0.2444272858032432,9,216.0,0.29063239596689233,21,396.0
1020.0,22,326.0,5.927272727272728,5.909111956946552,10,208.0,0.3254254971890882,12,259.0,0.21717755812789755,22,467.0
1025.0,26,445.0,8.72549019607843,5.442250880732122,12,250.0,0.3067911522109969,14,323.0,0.26939491870316695,26,573.0
1030.0,22,475.0,9.5,4.707232841295561,11,269.0,0.24919531912127915,11,348.0,0.29731925518793634,22,617.0
1035.0,20,504.0,9.882352941176471,5.515623537595215,11,269.0,0.2141071652631026,9,349.0,0.32094612057544036,20,618.0
1040.0,21,454.0,8.73076923076923,5.504574296188975,9,202.0,0.21946145134065542,12,398.0,0.2556099425125014,21,600.0
1045.0,20,457.0,8.622641509433961,6.800876827719721,7,107.0,0.3983644885994787,13,465.0,0.2659968960825714,20,572.0
1050.0,18,324.0,6.352941176470588,5.905844967267149,6,111.0,0.3497245180486529,12,402.0,0.30413151902795343,18,513.0
1055.0,16,325.0,6.25,6.465038015769835,5,106.0,0.4556623222961617,11,378.0,0.29042555341818904,16,484.0
1060.0,15,190.0,3.5185185185185186,6.149147605886444,4,80.0,0.48925780615435305,11,330.0,0.2518344693754356,15,410.0
1065.0,18,210.0,3.8181818181818183,6.981224205145579,7,112.0,0.5677271721709704,11,244.0,0.2646419533113608,18,356.0
1070.0,19,188.0,3.547169811320755,5.912650272479813,8,146.0,0.3776601207705561,11,228.0,0.3027447112459564,19,374.0
1075.0,18,208.0,3.6491228070175437,6.420309233271085,12,198.0,0.2461015111634964,6,170.0,0.4076736164430264,18,368.0
1080.0,16,198.0,3.6666666666666665,5.914914459149478,12,181.0,0.15139249113816347,4,172.0,0.42233614093112654,16,353.0
1085.0,26,226.0,4.035714285714286,5.2862140834995,12,174.0,0.22590092499286524,14,229.0,0.2887918801898046,26,403.0
1090.0,17,170.0,3.4,5.7069442720643515,7,157.0,0.3434652470578232,10,192.0,0.36328928125197374,17,349.0
1095.0,23,222.0,4.44,5.295263708388045,10,164.0,0.32588215874371507,13,203.0,0.22815865411258468,23,367.0
1100.0,21,194.0,3.730769230769231,4.761763896292397,10,178.0,0.29893180607313113,11,207.0,0.23069196481779852,21,385.0
1105.0,18,212.0,4.076923076923077,5.941183831569825,10,174.0,0.27805864565450106,8,156.0,0.3262891807055164,18,330.0
1110.0,15,232.0,4.377358490566038,6.050376269508479,7,173.0,0.27260024064298516,8,172.0,0.23265770490979143,15,345.0
1115.0,22,247.0,4.490909090909091,6.2536351087690925,9,152.0,0.34876212106899057,13,231.0,0.20130155697669053,22,383.0
1120.0,16,162.0,3.306122448979592,5.309168029738448,6,167.0,0.3550261011170852,10,199.0,0.2746852082889399,16,366.0
1125.0,18,185.0,4.021739130434782,4.995960543198993,9,190.0,0.32291247917604654,9,150.0,0.2124622017912024,18,340.0
1130.0,17,204.0,4.25,4.8749953886909845,11,234.0,0.33089472051354285,6,148.0,0.17017740587562563,17,382.0
1135.0,16,191.0,3.82,6.160978540741771,11,253.0,0.3640287307659437,5,85.0,0.2895729086956349,16,338.0
1140.0,12,190.0,4.523809523809524,6.6837410766151075,9,232.0,0.33621924667142483,3,66.0,0.4838221619307242,12,298.0
1145.0,19,264.0,6.0,5.789027539349813,13,252.0,0.2699454133081343,6,89.0,0.37968653822796694,19,341.0
1150.0,21,272.0,5.787234042553192,4.810663823072534,14,253.0,0.1659920209558922,7,119.0,0.4358210752551313,21,372.0
1155.0,25,303.0,6.183673469387755,4.460262452894207,15,281.0,0.23371289245648608,10,158.0,0.36942104638008333,25,439.0
1160.0,23,291.0,5.388888888888889,4.58730775004512,14,313.0,0.20790794854593805,9,152.0,0.4227236619617694,23,465.0
1165.0,24,324.0,5.684210526315789,5.1492948484557814,12,318.0,0.26374548633466466,12,134.0,0.3879828448994225,24,452.0
1170.0,23,211.0,3.459016393442623,4.637137158104331,11,285.0,0.29231797745918237,12,132.0,0.2796417827289517,23,417.0
1175.0,23,255.0,4.180327868852459,5.846909584254932,13,287.0,0.3303561072464426,10,128.0,0.3386514745613535,23,415.0
1180.0,22,226.0,3.5873015873015874,5.049292744234567,11,281.0,0.21142027031820157,11,145.0,0.2400314159050502,22,426.0
1185.0,26,287.0,4.704918032786885,6.0601258186091655,14,283.0,0.24333185622024345,12,168.0,0.33811469208024897,26,451.0
1190.0,25,314.0,5.814814814814815,4.580802449990833,13,311.0,0.2938029822159244,12,194.0,0.27286929251154374,25,505.0
1195.0,19,337.0,6.2407407407407405,4.93327373261218,9,297.0,0.26055482156840465,10,193.0,0.22095625082517906,19,490.0
1200.0,19,279.0,4.982142857142857,5.117278676398103,7,258.0,0.26149984792103226,12,203.0,0.16371674940506484,19,461.0
1205.0,22,252.0,4.421052631578948,5.941448039808384,10,184.0,0.2944066679265741,12,208.0,0.2531964228951557,22,392.0
1210.0,23,275.0,5.0,4.904636193653281,10,213.0,0.28801198032722425,13,204.0,0.28006522874378353,23,417.0
1215.0,23,347.0,6.3090909090909095,4.957928305474795,7,207.0,0.32650748429220033,16,260.0,0.2625806464128188,23,467.0
1220.0,20,281.0,4.9298245614035086,5.163883851376373,7,162.0,0.3302207277468941,13,289.0,0.2677311561102784,20,451.0
1225.0,20,334.0,5.661016949152542,6.22278785210992,10,165.0,0.38187694086121254,10,278.0,0.2932944406028295,20,443.0
1230.0,24,271.0,4.672413793103448,5.1467054426911565,13,173.0,0.2697099928181255,11,251.0,0.25378447246895663,24,424.0
1235.0,27,299.0,5.339285714285714,4.79827134761788,17,251.0,0.17908144730766132,10,184.0,0.27570623861290583,27,435.0
1240.0,28,325.0,5.803571428571429,4.1773383550746885,18,274.0,0.20655269533768628,10,182.0,0.22849807952303208,28,456.0
1245.0,27,362.0,6.581818181818182,4.024705772153787,14,303.0,0.2464937172781036,13,187.0,0.22033962354647377,27,490.0
1250.0,26,329.0,5.875,4.331799836480484,14,309.0,0.24069228519978347,12,202.0,0.33628104373949824,26,511.0
1255.0,18,201.0,3.4655172413793105,5.394766732277266,9,255.0,0.19823835163171458,9,185.0,0.39329597728807214,18,440.0
1260.0,19,184.0,3.1724137931034484,5.201183893402711,9,276.0,0.2261408537793882,10,157.0,0.23962417967792285,19,433.0
1265.0,23,244.0,4.135593220338983,5.408942546642604,15,338.0,0.14976081014941292,8,135.0,0.3221456414666206,23,473.0
1270.0,29,308.0,4.888888888888889,4.397847267944467,19,381.0,0.21154376391634813,10,160.0,0.15007900782700095,29,541.0
1275.0,29,395.0,6.26984126984127,5.145590561971455,16,403.0,0.330092529874928,13,212.0,0.2840741392686223,29,615.0
1280.0,26,353.0,5.693548387096774,4.723805888234259,14,392.0,0.3146758812797947,12,219.0,0.35495171457900176,26,611.0
1285.0,22,327.0,5.274193548387097,5.6082690784975355,9,310.0,0.3190590685712498,13,232.0,0.38809799406304735,22,542.0
1290.0,26,321.0,5.015625,4.665754903844867,12,239.0,0.2652073948949564,14,230.0,0.2093044887726223,26,469.0
1295.0,25,365.0,5.615384615384615,4.633486971219191,12,277.0,0.16307821186817856,13,205.0,0.2228407957988763,25,482.0
1300.0,30,460.0,7.076923076923077,4.921957144764512,18,331.0,0.17764966897294743,12,245.0,0.2658528364790634,30,576.0
1305.0,36,591.0,8.82089552238806,4.6586096637401315,18,384.0,0.263081345417685,18,302.0,0.21731601182837143,36,686.0
1310.0,26,631.0,9.859375,5.01048765368094,12,397.0,0.2728319577614307,14,349.0,0.26051610274433695,26,746.0
1315.0,26,567.0,8.859375,5.1271067366037215,12,329.0,0.28666340444029537,14,376.0,0.25821892107071437,26,705.0
1320.0,30,596.0,8.764705882352942,5.011146899969277,17,333.0,0.2045840240506185,13,405.0,0.30478389514491466,30,738.0
1325.0,29,704.0,10.666666666666666,5.196370700091863,18,416.0,0.1788853500458276,11,403.0,0.40301051954646205,29,819.0
1330.0,30,612.0,9.272727272727273,4.877486214750471,20,504.0,0.19602882995328555,10,331.0,0.32590818786844966,30,835.0
1335.0,30,451.0,6.632352941176471,5.0956714678987645,19,509.0,0.27011297709248705,11,144.0,0.32393277901859435,30,653.0
1340.0,27,347.0,5.338461538461538,4.751621010059788,15,473.0,0.27041787739364925,12,187.0,0.25856041046726336,27,660.0
1345.0,27,322.0,4.953846153846154,4.491565144531807,16,479.0,0.24181201895494192,11,205.0,0.2533839919334142,27,684.0
1350.0,21,201.0,2.8714285714285714,4.9288162835356575,11,407.0,0.1716705946077946,10,193.0,0.26594560480052143,21,600.0
1355.0,25,243.0,3.573529411764706,5.478270306199157,13,436.0,0.2712255104814765,12,208.0,0.2977552450412547,25,644.0
1360.0,31,342.0,5.181818181818182,5.303355028481515,17,475.0,0.2443044534161782,14,261.0,0.3031244145041346,31,736.0
1365.0,28,368.0,5.841269841269841,4.209278018449372,17,506.0,0.15965821922302123,11,279.0,0.3097751534869555,28,785.0
1370.0,35,480.0,7.5,3.5854142123720103,22,555.0,0.07789875890732488,13,306.0,0.18243086743368997,35,861.0
1375.0,38,605.0,9.029850746268657,4.619466967641886,20,581.0,0.1749250453765066,18,389.0,0.2346292091156911,38,970.0
1380.0,34,515.0,7.803030303030303,4.546914294040871,16,520.0,0.2133249395971018,18,354.0,0.23971240746899533,34,874.0
1385.0,28,405.0,6.136363636363637,4.5782245580220335,15,511.0,0.21804127449556426,13,259.0,0.3173488999307127,28,770.0
1390.0,22,206.0,2.942857142857143,5.328229994272885,10,395.0,0.3239086067439353,12,272.0,0.2553602583558207,22,667.0
1395.0,20,216.0,3.2238805970149254,6.408606861613101,9,327.0,0.39745209165248147,11,251.0,0.2682765175762223,20,578.0
1400.0,23,249.0,3.9523809523809526,5.267644953027324,11,290.0,0.36285734886028737,12,247.0,0.11576094037816134,23,537.0
1405.0,27,267.0,4.45,4.7734343772078285,12,317.0,0.3259428318183784,15,269.0,0.06909920787111376,27,586.0
1410.0,27,366.0,6.203389830508475,4.410139702396752,15,352.0,0.2834597439226342,12,291.0,0.18449781482049135,27,643.0
1415.0,24,378.0,6.631578947368421,4.8269867591568225,13,317.0,0.25091108229095727,11,289.0,0.2964357918728583,24,606.0
1420.0,25,427.0,7.362068965517241,5.391204705456795,11,241.0,0.26688050432913096,14,353.0,0.3318073784662304,25,594.0
1425.0,25,532.0,8.580645161290322,4.938071991078779,11,287.0,0.21775013838500532,14,419.0,0.3380207609328696,25,706.0
1430.0,28,653.0,10.704918032786885,4.596909566642383,14,344.0,0.19599604943820312,14,477.0,0.30742486062015617,28,821.0
1435.0,28,692.0,12.140350877192983,4.5423308573664105,14,353.0,0.22886846977500155,14,534.0,0.29819124590148816,28,887.0
1440.0,28,800.0,14.285714285714286,4.659037211644469,12,342.0,0.1222417815551304,16,608.0,0.2968044908992915,28,950.0
1445.0,31,785.0,13.771929824561404,4.590640496570732,13,294.0,0.13787556351098584,18,689.0,0.18676237505697346,31,983.0
1450.0,28,614.0,10.771929824561404,5.0676783573536826,11,257.0,0.22084489536839014,17,625.0,0.2533598690765907,28,882.0
1455.0,22,488.0,8.872727272727273,5.616385931648857,11,269.0,0.28443401868557394,11,416.0,0.3774905424399191,22,685.0
1460.0,18,389.0,7.203703703703703,5.702541580908112,7,271.0,0.3595094783899803,11,429.0,0.3773825201478531,18,700.0
1465.0,19,414.0,7.527272727272727,6.240503760785804,6,236.0,0.4643919350053624,13,461.0,0.37219289162517105,19,697.0
1470.0,21,413.0,7.0,4.49561853739385,6,209.0,0.30786815956962005,15,445.0,0.27105945927496183,21,654.0
1475.0,29,525.0,8.60655737704918,5.129749749083191,12,251.0,0.3185227712642414,17,460.0,0.30481385451363097,29,711.0
1480.0,29,616.0,9.333333333333334,4.944793735739744,13,278.0,0.3241068419512241,16,513.0,0.27714339418071776,29,791.0
1485.0,32,729.0,10.125,5.0927869456844235,13,275.0,0.3317792719136868,19,584.0,0.24706100369567338,32,859.0
1490.0,33,715.0,10.214285714285714,4.271442338003902,14,277.0,0.31878356825651377,19,635.0,0.22491655550616768,33,912.0
1495.0,24,647.0,9.514705882352942,4.792096136454951,10,259.0,0.3261795837195777,14,642.0,0.2055866490702398,24,901.0
1500.0,26,566.0,8.202898550724637,4.725364491241371,13,260.0,0.2776136414590417,13,585.0,0.19241638537013528,26,845.0
1505.0,32,369.0,4.92,5.222702452117292,16,316.0,0.27636973327755476,16,466.0,0.160919996987972,32,782.0
1510.0,28,364.0,5.2,5.573408562351616,13,251.0,0.3322126765429182,15,493.0,0.22496381702351687,28,744.0
1515.0,23,425.0,6.4393939393939394,6.23563450085636,12,283.0,0.3387789964443573,11,491.0,0.30243015093916215,23,774.0
1520.0,23,317.0,5.112903225806452,4.875378888004345,12,283.0,0.261670732097354,11,477.0,0.2560114022424403,23,760.0
1525.0,24,353.0,5.603174603174603,5.775403195124869,9,270.0,0.3827904021704543,15,461.0,0.2633339927860899,24,731.0
1530.0,27,305.0,5.0,4.902501512761715,10,216.0,0.30336299457175,17,498.0,0.19261506278897988,27,714.0
1535.0,29,350.0,5.932203389830509,4.510702905441313,11,185.0,0.31948611750438294,18,555.0,0.17688210039806018,29,740.0
1540.0,31,352.0,5.587301587301587,3.74622662637765,13,199.0,0.27176501695981137,18,578.0,0.18880362338617668,31,777.0
1545.0,23,313.0,4.815384615384615,5.2405229663883555,12,204.0,0.3294943915222196,11,545.0,0.29419629573552253,23,749.0
1550.0,21,307.0,4.723076923076923,6.371453339565664,13,241.0,0.365530272748675,8,425.0,0.3813136836565406,21,666.0
1555.0,26,307.0,4.651515151515151,5.586137925272317,15,301.0,0.29370087216481505,11,240.0,0.24776924121854976,26,541.0
1560.0,26,333.0,5.123076923076923,4.874602449607791,13,323.0,0.3379957130974308,13,260.0,0.07815825374852359,26,583.0
1565.0,25,410.0,6.9491525423728815,5.79982086015036,14,356.0,0.4098867641207438,11,247.0,0.23635897175630854,25,603.0
1570.0,22,378.0,6.517241379310345,4.612219042897941,14,342.0,0.21702393092592523,8,237.0,0.3250462167260592,22,579.0
1575.0,28,474.0,7.770491803278689,4.78498224551423,16,364.0,0.21676209420350492,12,253.0,0.3495174364291168,28,617.0
1580.0,23,524.0,8.317460317460318,4.8505460067333654,14,422.0,0.23459229364103265,9,224.0,0.3902435495017346,23,646.0
1585.0,28,631.0,10.015873015873016,5.524135459089136,17,489.0,0.24947747341561227,11,206.0,0.3950022760352745,28,695.0
1590.0,31,722.0,11.46031746031746,4.716717803944371,20,583.0,0.23453004315885653,11,215.0,0.21058283605208558,31,798.0
1595.0,31,564.0,8.952380952380953,4.676989171407117,21,537.0,0.1815990809607503,10,193.0,0.16385608327264875,31,730.0
1600.0,25,285.0,4.596774193548387,4.6869448133598715,16,406.0,0.17159106667635915,9,139.0,0.21017963716185276,25,545.0
1605.0,24,227.0,3.661290322580645,5.5244591723681165,13,413.0,0.3056294907063755,11,126.0,0.29156734748359825,24,539.0
1610.0,21,261.0,4.209677419354839,5.855602669796928,14,396.0,0.3701305602364631,7,139.0,0.3647865382161981,21,535.0
1615.0,24,316.0,4.861538461538461,5.858725506538711,14,438.0,0.35965833000010855,10,168.0,0.3874079770599069,24,606.0
1620.0,24,342.0,5.34375,5.795584801339709,16,463.0,0.31578930180690984,8,159.0,0.40369584947604537,24,622.0
1625.0,21,364.0,5.777777777777778,5.001877208983635,14,472.0,0.19226229448687976,7,112.0,0.30988082621878515,21,584.0
1630.0,26,376.0,5.968253968253968,4.665306366949839,18,432.0,0.07328889885564498,8,134.0,0.2989589708314783,26,566.0
1635.0,30,378.0,6.096774193548387,4.86570959390474,17,446.0,0.1612183140181783,13,167.0,0.25573718310806326,30,613.0
1640.0,26,354.0,6.0,4.888019831551899,16,414.0,0.2527539372388435,10,194.0,0.33864773505620027,26,608.0
1645.0,22,369.0,5.857142857142857,5.129014850296374,14,453.0,0.2269218416451544,8,195.0,0.3466175987054872,22,648.0
1650.0,17,237.0,3.8852459016393444,5.712767010849921,12,437.0,0.21279391517483406,5,148.0,0.4206183631578142,17,585.0
1655.0,23,325.0,5.078125,6.189410762868846,14,472.0,0.28011562132468737,9,89.0,0.3187789865058849,23,561.0
1660.0,25,293.0,4.507692307692308,5.305655165127427,13,468.0,0.27403743182779944,12,119.0,0.21668006505894288,25,587.0
1665.0,24,373.0,5.920634920634921,6.014577208893994,15,484.0,0.301964463885867,9,135.0,0.24923389533516183,24,619.0
1670.0,25,399.0,6.65,5.1020914645520286,16,485.0,0.2629894651218403,9,117.0,0.20735213591578497,25,602.0
1675.0,22,364.0,5.967213114754099,5.513539355974164,16,521.0,0.22852777908315983,6,130.0,0.3788696939052562,22,651.0
1680.0,20,249.0,4.016129032258065,4.7330804364464205,15,449.0,0.20330011038396703,5,105.0,0.40053069556626303,20,554.0
1685.0,20,203.0,3.3833333333333333,5.519015122004561,12,363.0,0.33723446359972425,8,124.0,0.3931197847372183,20,487.0
1690.0,26,248.0,4.065573770491803,4.521108226056813,13,397.0,0.24875365625585974,13,165.0,0.33987552919616637,26,562.0
1695.0,30,354.0,5.363636363636363,4.604126720066623,18,438.0,0.2584451217685401,12,203.0,0.3364014936111833,30,641.0
1700.0,33,343.0,4.9,3.897152428307486,19,485.0,0.2128752564533623,14,222.0,0.30705181303087004,33,707.0
1705.0,29,398.0,5.852941176470588,5.165755020466879,19,512.0,0.26701148855846685,10,185.0,0.35316929294840566,29,697.0
1710.0,26,444.0,6.434782608695652,4.404062571683105,16,486.0,0.19754960028521057,10,215.0,0.23372673928437224,26,701.0
1715.0,34,524.0,7.277777777777778,4.541623850096773,16,494.0,0.23721962488331294,18,282.0,0.2096409513673934,34,776.0
1720.0,33,569.0,8.014084507042254,4.799890674762464,14,551.0,0.322808771451703,19,314.0,0.26045641249172646,33,865.0
1725.0,36,658.0,9.267605633802816,4.601400107135884,19,615.0,0.2919769721658886,17,327.0,0.23746157556695546,36,942.0
1730.0,37,764.0,10.76056338028169,3.924858608924096,21,708.0,0.14793660447719134,16,354.0,0.21279228325052302,37,1062.0
1735.0,33,743.0,10.614285714285714,4.6905965467462405,20,761.0,0.15064192536602183,13,328.0,0.2880803382576645,33,1089.0
1740.0,32,773.0,10.887323943661972,4.407647808386217,21,838.0,0.13554124200069312,11,305.0,0.23105480280429627,32,1143.0
1745.0,38,768.0,10.971428571428572,4.4552767736472365,21,847.0,0.21600285882901027,17,299.0,0.17123197450683264,38,1146.0
1750.0,34,571.0,8.27536231884058,4.1964943501158345,16,758.0,0.29056940269461656,18,360.0,0.16348348098552878,34,1118.0
1755.0,33,450.0,6.428571428571429,4.190847146927209,13,736.0,0.2929547716358894,20,414.0,0.18740120431667648,33,1150.0
1760.0,30,361.0,5.013888888888889,4.60946279177354,12,696.0,0.32264752044758094,18,433.0,0.2579067872646257,30,1129.0
1765.0,22,289.0,3.9054054054054053,5.032460702098422,14,728.0,0.25361822666246947,8,369.0,0.35387234750659186,22,1097.0
1770.0,25,278.0,3.861111111111111,5.334066335201104,19,779.0,0.19387603469070352,6,253.0,0.36856196451367795,25,1032.0
1775.0,29,283.0,3.9859154929577465,4.365099651194595,21,782.0,0.13261789577140307,8,194.0,0.25038074196522436,29,976.0
1780.0,36,309.0,4.352112676056338,4.195540499730515,20,706.0,0.1700260124570983,16,226.0,0.15885074669475813,36,932.0
1785.0,34,377.0,5.544117647058823,4.293224785154195,16,716.0,0.249551960878757,18,276.0,0.2299182692299691,34,992.0
1790.0,31,393.0,5.779411764705882,3.6472987825763132,14,686.0,0.20427170459066796,17,307.0,0.23611756795000638,31,993.0
1795.0,28,316.0,4.647058823529412,4.403999389468684,17,697.0,0.17512691457844007,11,278.0,0.34162012040550893,28,975.0
1800.0,31,446.0,6.757575757575758,4.242675662975719,22,749.0,0.043101167584774,9,307.0,0.3818442307391015,31,1056.0
1805.0,40,578.0,8.626865671641792,3.152795482852062,23,757.0,0.07222913756663203,17,368.0,0.20999810689157802,40,1125.0
1810.0,37,560.0,8.115942028985508,3.366418771313618,18,666.0,0.21368367373130245,19,399.0,0.1455507504583426,37,1065.0
1815.0,34,510.0,7.285714285714286,4.26512737627897,13,661.0,0.35919441546780134,21,388.0,0.1917293407536025,34,1049.0
1820.0,31,416.0,5.698630136986301,4.704486457058231,10,572.0,0.3380036371500476,21,421.0,0.18625274383358525,31,993.0
1825.0,27,412.0,5.722222222222222,5.110981833211641,14,539.0,0.23244672507295197,13,393.0,0.2555928531657653,27,932.0
1830.0,25,422.0,5.861111111111111,5.862478957191751,16,589.0,0.24224050250066495,9,342.0,0.3040930328085089,25,931.0
1835.0,29,453.0,6.380281690140845,5.773646704669695,17,667.0,0.23505610017078798,12,270.0,0.2729552036529106,29,937.0
1840.0,31,440.0,6.769230769230769,4.353902934712009,15,658.0,0.2193210953714628,16,289.0,0.16552557490623332,31,947.0
1845.0,34,480.0,7.5,4.943607392484015,14,600.0,0.37937560188642844,20,349.0,0.13366081110633282,34,949.0
1850.0,34,495.0,7.857142857142857,3.5430805450474105,15,604.0,0.27385879434135135,19,390.0,0.16171507810306499,34,994.0
1855.0,29,527.0,7.865671641791045,4.743953690486236,18,665.0,0.25580477740064306,11,362.0,0.29459258990771636,29,1027.0
1860.0,26,451.0,6.442857142857143,5.457021647651685,18,618.0,0.25521254544541655,8,308.0,0.38333594128476284,26,926.0
1865.0,32,430.0,5.8108108108108105,5.496877547554346,17,528.0,0.3028403303218309,15,337.0,0.2938414572460692,32,865.0
1870.0,29,309.0,4.478260869565218,4.34573294058827,13,554.0,0.2846013892591785,16,326.0,0.22995237643765784,29,880.0
1875.0,30,294.0,4.323529411764706,4.237559781222947,14,550.0,0.2111129056908694,16,316.0,0.24955602836258564,30,866.0
1880.0,30,326.0,4.9393939393939394,3.4867960281787287,17,574.0,0.1766137508312355,13,312.0,0.1659605354150768,30,886.0
1885.0,28,308.0,4.597014925373134,4.8154852992858395,18,623.0,0.19675673439387445,10,257.0,0.27604967191499646,28,880.0
1890.0,29,379.0,5.742424242424242,4.559487360925985,18,605.0,0.17730864468097018,11,274.0,0.31839842555659414,29,879.0
1895.0,34,455.0,6.6911764705882355,4.315753800009571,17,625.0,0.17621446845385172,17,335.0,0.2852527831905011,34,960.0
1900.0,34,524.0,7.705882352941177,3.5274003089714534,16,670.0,0.21636491823973222,18,381.0,0.2222098862524011,34,1051.0
1905.0,30,607.0,8.797101449275363,4.152417530092825,15,692.0,0.22209987654903401,15,378.0,0.223238059075179,30,1070.0
1910.0,26,480.0,7.0588235294117645,4.774871660305787,14,613.0,0.1892760580570497,12,367.0,0.28082788240106527,26,980.0
1915.0,29,429.0,5.958333333333333,5.485564960575575,14,524.0,0.2726425425224344,15,361.0,0.2717604839249201,29,885.0
1920.0,32,409.0,5.8428571428571425,4.521466011676161,14,564.0,0.30228345376792554,18,343.0,0.27340992818396886,32,907.0
1925.0,34,411.0,5.788732394366197,4.890445265280263,17,606.0,0.3021040681853934,17,289.0,0.2779699421371007,34,895.0
1930.0,28,390.0,5.6521739130434785,4.021924924685473,12,591.0,0.3086274554198205,16,325.0,0.15227471481289248,28,916.0
1935.0,30,421.0,5.767123287671233,4.83344210173871,16,624.0,0.2572082162590519,14,330.0,0.20562343480310083,30,954.0
1940.0,31,398.0,5.605633802816901,4.111423091129516,16,567.0,0.12391505392032717,15,373.0,0.2395785552275242,31,940.0
1945.0,35,401.0,5.346666666666667,5.125372779579115,14,459.0,0.2292935518042097,21,436.0,0.23759711027203187,35,895.0
1950.0,34,476.0,6.52054794520548,4.541729615679743,12,491.0,0.2768762266529601,22,493.0,0.20304522986845272,34,984.0
1955.0,25,487.0,7.161764705882353,4.85497454595239,9,485.0,0.2793811103523027,16,504.0,0.25418245540170264,25,989.0
1960.0,24,372.0,5.391304347826087,4.477120594104864,9,447.0,0.16515658116516146,15,506.0,0.21479221981676333,24,953.0
1965.0,30,379.0,5.414285714285715,5.112462575794993,12,368.0,0.3013721744459513,18,483.0,0.21662124450281026,30,851.0
1970.0,30,471.0,7.246153846153846,4.243106208148839,11,388.0,0.3702833765378835,19,544.0,0.16136892953390772,30,932.0
1975.0,29,546.0,8.53125,4.126156434393096,11,400.0,0.31723103469567965,18,580.0,0.16644621691440928,29,980.0
1980.0,26,529.0,8.138461538461538,4.838092986530282,12,415.0,0.27329825778915695,14,505.0,0.18534619615435158,26,920.0
1985.0,27,350.0,5.223880597014926,5.048137105922586,11,351.0,0.29912160288648904,16,424.0,0.12966391624382673,27,775.0
1990.0,24,255.0,3.8636363636363638,5.210636504062935,11,305.0,0.2925631026704314,13,441.0,0.18923192754147655,24,746.0
1995.0,27,319.0,5.316666666666666,4.480637529999493,12,340.0,0.26137496985105885,15,441.0,0.21910216013196984,27,781.0
2000.0,25,363.0,6.258620689655173,4.595001532224918,12,356.0,0.3310613995435719,13,471.0,0.19077894690527405,25,827.0
2005.0,25,443.0,7.508474576271187,5.608979302787346,15,420.0,0.341477317106645,10,454.0,0.2539273815763835,25,874.0
2010.0,21,398.0,6.317460317460317,5.753605196720034,11,390.0,0.2823514974506284,10,481.0,0.2671493013216868,21,871.0
2015.0,24,457.0,7.491803278688525,6.154860136175684,12,332.0,0.339107396818578,12,534.0,0.3055904436553783,24,866.0
2020.0,24,366.0,6.421052631578948,5.575390835389978,14,319.0,0.27979018194615946,10,485.0,0.3622966362301822,24,804.0
2025.0,23,350.0,6.140350877192983,4.463274969712933,13,275.0,0.1657511868771506,10,465.0,0.37221002518142365,23,740.0
2030.0,30,339.0,5.745762711864407,3.945228095420806,17,320.0,0.2058312266667954,13,413.0,0.2508273612742355,30,733.0
2035.0,23,228.0,3.8,6.0258583533950345,11,313.0,0.34736224206369115,12,290.0,0.3694907577345436,23,603.0
2040.0,23,339.0,5.844827586206897,6.045372407074654,11,328.0,0.3829010568664613,12,200.0,0.3007070212708039,23,528.0
2045.0,30,476.0,8.350877192982455,4.957064637750563,14,383.0,0.33654708291787955,16,236.0,0.19555796236907017,30,619.0
2050.0,34,529.0,9.120689655172415,4.145741214342424,17,457.0,0.2069657749921093,17,264.0,0.2080294860029724,34,721.0
2055.0,22,396.0,7.2,4.777939877445831,14,449.0,0.23917832133233716,8,213.0,0.26332015994764496,22,662.0
2060.0,23,453.0,8.089285714285714,4.843244584374931,15,497.0,0.19717921386723686,8,225.0,0.24860283982375414,23,722.0
2065.0,23,452.0,8.218181818181819,4.998045690347411,12,461.0,0.25885201586004236,11,240.0,0.2859146894060442,23,701.0
2070.0,23,419.0,7.7592592592592595,4.964209949074543,13,394.0,0.29038336619245436,10,241.0,0.3041640513309242,23,635.0
2075.0,28,409.0,7.865384615384615,4.585388275985081,12,374.0,0.3701047506533441,16,286.0,0.22922484893141576,28,660.0
2080.0,26,285.0,5.277777777777778,4.1867479727609815,10,320.0,0.3634109495948039,16,290.0,0.1695966938478342,26,610.0
2085.0,19,237.0,4.3090909090909095,4.190754704249159,11,348.0,0.1977893232292576,8,209.0,0.2915226236362521,19,557.0
2090.0,23,322.0,5.551724137931035,5.429308065671609,17,410.0,0.1640659062616369,6,181.0,0.37290151310334707,23,591.0
2095.0,21,257.0,4.3559322033898304,5.643234281871767,13,415.0,0.20809461774245944,8,174.0,0.35223571830599276,21,589.0
2100.0,25,286.0,4.688524590163935,5.359028004657629,9,366.0,0.31003985855005173,16,234.0,0.1819858400728244,25,600.0
2105.0,25,269.0,4.637931034482759,4.4959073888888605,8,293.0,0.3128717731382801,17,272.0,0.09398502601947349,25,565.0
2110.0,31,373.0,6.660714285714286,4.7557090493858,11,328.0,0.2946918210726291,20,297.0,0.1578541334830077,31,625.0
2115.0,28,366.0,6.777777777777778,4.524882920834957,12,307.0,0.24039185498477536,16,325.0,0.26079023902724463,28,632.0
2120.0,30,431.0,7.696428571428571,4.469209079999644,13,226.0,0.27329056857426304,17,375.0,0.24876238987903138,30,601.0
2125.0,25,381.0,6.927272727272728,3.857210473441099,10,217.0,0.26864684564163716,15,379.0,0.25520162680567815,25,596.0
2130.0,16,183.0,3.1016949152542375,5.264719961872309,7,161.0,0.3714858525917565,9,289.0,0.21730452757806681,16,450.0
2135.0,14,192.0,3.4285714285714284,6.534712024234615,7,154.0,0.4661006153685213,7,264.0,0.2827448175377314,14,418.0
2140.0,20,236.0,4.140350877192983,6.407663101494774,8,188.0,0.3450678482141101,12,254.0,0.2310469992911659,20,442.0
2145.0,25,351.0,6.882352941176471,5.412625570364079,10,236.0,0.27816336125819685,15,311.0,0.21529128624148552,25,547.0
2150.0,20,338.0,6.76,4.783625916249531,8,218.0,0.32030727886422844,12,301.0,0.1503014779319967,20,519.0
2155.0,16,339.0,6.78,6.534418652666809,8,229.0,0.3824970634811568,8,212.0,0.3249056026006524,16,441.0
2160.0,16,191.0,3.7450980392156863,6.421186487319008,6,180.0,0.3937661504909966,10,178.0,0.30186225576919995,16,358.0
2165.0,17,225.0,4.245283018867925,7.100077190515455,6,187.0,0.4677911971219541,11,154.0,0.360326329883418,17,341.0
2170.0,15,153.0,3.0,6.451362992992737,6,151.0,0.45375909270257936,9,162.0,0.3545468706993711,15,313.0
2175.0,19,177.0,3.2777777777777777,6.655264741676445,9,93.0,0.3777399492711508,10,182.0,0.4138489398378526,19,275.0
2180.0,17,154.0,2.8518518518518516,5.56694328590475,7,105.0,0.31703948089160133,10,168.0,0.3892041941881407,17,273.0
2185.0,22,210.0,3.6842105263157894,5.900049927128689,12,136.0,0.2371387582204104,10,134.0,0.46217486759427845,22,270.0
2190.0,22,190.0,3.2203389830508473,5.110017018471783,10,141.0,0.22052379307850134,12,159.0,0.3276178188424591,22,300.0
2195.0,23,242.0,3.9672131147540983,5.515011042278873,7,141.0,0.39711233797685314,16,189.0,0.21744814135120477,23,330.0
2200.0,25,274.0,4.491803278688525,4.648533633481917,10,131.0,0.3038815583488439,15,238.0,0.1610993511969642,25,369.0
2205.0,27,325.0,5.416666666666667,5.529844093444583,9,148.0,0.3401098093657836,18,292.0,0.24797863272346168,27,440.0
2210.0,24,282.0,4.7,4.734961994009768,7,145.0,0.31926466377782686,17,301.0,0.21441011670331686,24,446.0
2215.0,28,353.0,6.192982456140351,4.571415499270852,11,167.0,0.328268660486083,17,325.0,0.21592590717255267,28,492.0
2220.0,31,336.0,6.0,3.435088265050317,14,191.0,0.2678340724168552,17,346.0,0.13325914165312644,31,537.0
2225.0,21,294.0,5.444444444444445,4.85086909404453,11,193.0,0.29692056203710515,10,291.0,0.17169484739321006,21,484.0
2230.0,25,320.0,5.925925925925926,4.905210184362348,13,237.0,0.2573469627411424,12,277.0,0.12100739573657826,25,514.0
2235.0,23,294.0,5.068965517241379,5.213483729158184,10,262.0,0.2283096109449741,13,275.0,0.21796275841416882,23,537.0
2240.0,24,363.0,6.6,5.98594457658322,12,306.0,0.33802263762787954,12,284.0,0.35290821820670976,24,590.0
2245.0,22,375.0,6.944444444444445,5.80637189256248,9,286.0,0.3632040968195423,13,326.0,0.3317000751318359,22,612.0
2250.0,19,271.0,4.672413793103448,5.236301883021021,6,225.0,0.30368857358494916,13,326.0,0.3315414881067802,19,551.0
2255.0,15,246.0,4.241379310344827,6.23137609876758,7,234.0,0.30226543109724596,8,280.0,0.455658992918141,15,514.0
2260.0,21,286.0,4.931034482758621,5.589105668912051,10,253.0,0.3116952938443297,11,279.0,0.2934574079930523,21,532.0
2265.0,26,305.0,5.083333333333333,4.202348403418245,11,287.0,0.253589830262017,15,257.0,0.11393567345500781,26,544.0
2270.0,33,420.0,7.0,3.724137264123427,14,338.0,0.27831619511204486,19,306.0,0.12614726704032805,33,644.0
2275.0,26,446.0,7.433333333333334,4.649714035944625,12,328.0,0.3061791375551626,14,324.0,0.25424764388590837,26,652.0
2280.0,23,433.0,6.765625,4.652779017743136,11,280.0,0.25211098479650806,12,355.0,0.28912175213456914,23,635.0
2285.0,26,528.0,8.0,5.272959710884914,11,334.0,0.33191405142144853,15,385.0,0.33504879769668494,26,719.0
2290.0,32,636.0,9.784615384615385,4.555343896055389,16,388.0,0.274242633937722,16,429.0,0.3047321191144739,32,817.0
2295.0,26,648.0,10.125,4.823424850151833,13,412.0,0.27862498198539454,13,436.0,0.28497932741185905,26,848.0
2300.0,27,700.0,10.9375,5.401422658714737,12,369.0,0.1688098273621565,15,474.0,0.32028716738231516,27,843.0
2305.0,27,589.0,9.203125,5.261858482509542,11,237.0,0.1538291766224407,16,550.0,0.27342673937886075,27,787.0
2310.0,30,681.0,10.318181818181818,5.590114148226224,12,202.0,0.2549349589895181,18,636.0,0.20773830872676188,30,838.0
2315.0,29,636.0,9.9375,5.187559197263639,11,244.0,0.3676686420529371,18,616.0,0.2020599077015514,29,860.0
2320.0,29,563.0,8.661538461538461,5.504475657390824,12,307.0,0.41602309442465163,17,561.0,0.24191358678015823,29,868.0
2325.0,25,479.0,7.484375,4.618261030386099,14,313.0,0.37869751598521106,11,560.0,0.2019132548366443,25,873.0
2330.0,29,512.0,7.757575757575758,4.6251070507089285,14,271.0,0.2873301803305048,15,529.0,0.2379461123710444,29,800.0
2335.0,31,504.0,7.522388059701493,4.361741740396442,15,270.0,0.2466479749684988,16,573.0,0.2867062768375334,31,843.0
2340.0,28,509.0,7.3768115942028984,5.178111205194076,14,219.0,0.2160333806432797,14,610.0,0.31665660890457964,28,829.0
2345.0,29,568.0,8.352941176470589,4.309400875079543,14,263.0,0.15761302861215298,15,608.0,0.21161075154644027,29,871.0
2350.0,33,626.0,9.072463768115941,5.045508191994253,18,311.0,0.23726318186055892,15,567.0,0.19429489379226797,33,878.0
2355.0,27,512.0,7.314285714285714,4.655174882957672,15,331.0,0.2467358378651385,12,494.0,0.2296972115324225,27,825.0
2360.0,28,451.0,6.938461538461539,5.484681646243887,15,346.0,0.3249191214555459,13,353.0,0.24965128516007973,28,699.0
2365.0,29,353.0,5.1911764705882355,4.697983463136146,15,307.0,0.31981588885773976,14,381.0,0.18785139180254815,29,688.0
2370.0,29,390.0,5.571428571428571,5.22063028973069,15,234.0,0.29207676789862963,14,394.0,0.3021714234210265,29,628.0
2375.0,31,437.0,5.905405405405405,5.247223867101457,17,272.0,0.29776893465610255,14,390.0,0.36801323396903,31,662.0
2380.0,29,482.0,6.513513513513513,5.275146299453181,18,325.0,0.2786134274628215,11,373.0,0.37544755092898324,29,698.0
2385.0,32,379.0,5.263888888888889,3.8564603001139424,19,354.0,0.20017697835705506,13,329.0,0.29270303476170256,32,683.0
2390.0,40,469.0,6.605633802816901,3.6647944527410456,21,362.0,0.18453234379559652,19,339.0,0.22354628781662586,40,701.0
2395.0,41,476.0,6.8,2.74213867884217,22,395.0,0.1648000330745083,19,327.0,0.12431454725554199,41,722.0
2400.0,38,512.0,7.111111111111111,3.58293198885415,19,379.0,0.2293164950233059,19,361.0,0.09659153536904673,38,740.0
2405.0,34,478.0,6.638888888888889,3.7307617389971046,15,370.0,0.23454691766216454,19,406.0,0.10795502018938898,34,776.0
2410.0,28,409.0,5.680555555555555,4.957974256436452,15,334.0,0.18430321676748568,13,385.0,0.2978103799870819,28,719.0
2415.0,32,396.0,5.6571428571428575,4.3762254351484495,21,379.0,0.04957518546961116,11,345.0,0.3217608222915601,32,724.0
2420.0,31,326.0,4.72463768115942,5.0991961259522185,19,416.0,0.16023126986410047,12,285.0,0.36023583063053766,31,701.0
2425.0,31,376.0,5.696969696969697,4.260939895360004,16,450.0,0.2589539165131109,15,318.0,0.24627798288419442,31,768.0
2430.0,33,420.0,6.363636363636363,4.027907029664784,14,455.0,0.265834353522324,19,344.0,0.19281503349849585,33,799.0
2435.0,32,474.0,7.074626865671642,4.154297255623976,12,481.0,0.3490887723335761,20,383.0,0.13141406903861141,32,864.0
2440.0,26,415.0,5.928571428571429,4.715686070334433,13,452.0,0.2668086658696721,13,370.0,0.15982491948596061,26,822.0
2445.0,23,384.0,5.565217391304348,5.197677231759912,14,461.0,0.24116205229205906,9,330.0,0.27101324428341306,23,791.0
2450.0,33,465.0,6.739130434782608,4.946388962890195,17,476.0,0.22622085649961107,16,306.0,0.23515198515015256,33,782.0
2455.0,29,506.0,7.90625,4.872335115761091,15,497.0,0.2854444859550566,14,344.0,0.29872245039946604,29,841.0
2460.0,24,521.0,7.893939393939394,4.940149535562577,14,506.0,0.17639480269865354,10,329.0,0.34916628194981253,24,835.0
2465.0,24,550.0,8.208955223880597,5.320846995216654,13,483.0,0.21614546734401402,11,355.0,0.3676116531534832,24,838.0
2470.0,27,655.0,10.076923076923077,5.204263061485068,11,514.0,0.3204209236087278,16,422.0,0.2258753910458052,27,936.0
2475.0,35,778.0,11.787878787878787,4.73185903255736,15,574.0,0.32310574949449167,20,485.0,0.15742233756089555,35,1059.0
2480.0,36,927.0,14.045454545454545,4.470189761110336,14,604.0,0.2788520693785999,22,592.0,0.22221027785578384,36,1196.0
2485.0,30,919.0,14.587301587301587,4.182868434126976,12,625.0,0.257898897149266,18,576.0,0.19530043875922226,30,1201.0
2490.0,32,819.0,12.6,3.8423177479086656,14,681.0,0.22108495960660593,18,510.0,0.1491040382005373,32,1191.0
2495.0,31,844.0,12.597014925373134,4.831408998062099,15,745.0,0.2392567883920314,16,526.0,0.261117516241247,31,1271.0
2500.0,21,455.0,6.6911764705882355,5.343772597296241,12,643.0,0.2386122046224048,9,462.0,0.33457022539551134,21,1105.0
2505.0,22,271.0,4.1692307692307695,5.028687468385856,12,434.0,0.24246757090008875,10,476.0,0.3169700607545484,22,910.0
2510.0,26,267.0,4.045454545454546,4.600530344488607,11,382.0,0.2841696692044292,15,518.0,0.20991629474819706,26,900.0
2515.0,34,329.0,4.768115942028985,4.224346808363431,12,270.0,0.3244939215144654,22,547.0,0.1500566819431464,34,817.0
2520.0,26,301.0,4.703125,4.551751059488164,10,263.0,0.30770409415686584,16,517.0,0.2033314285760916,26,780.0
2525.0,21,305.0,4.6923076923076925,5.038938716297866,9,217.0,0.37145901828569583,12,568.0,0.16952810859087297,21,785.0
2530.0,26,383.0,5.803030303030303,4.225326252333196,8,181.0,0.2403681068763501,18,635.0,0.09770937004063443,26,816.0
2535.0,32,462.0,6.895522388059701,4.969560403301441,11,153.0,0.3378052811767527,21,684.0,0.12776676055573036,32,837.0
2540.0,25,490.0,7.777777777777778,5.023640709188718,10,169.0,0.3468707189882247,15,681.0,0.20526666310836486,25,850.0
2545.0,25,574.0,9.40983606557377,5.966710951834043,14,213.0,0.22478084592956138,11,698.0,0.4022211959896189,25,911.0
2550.0,25,504.0,7.875,5.365342633029785,13,239.0,0.1940251400038232,12,593.0,0.34403323412512354,25,832.0
2555.0,25,367.0,5.825396825396825,5.128040953816124,13,285.0,0.3040725219428154,12,437.0,0.2766571596329241,25,722.0
2560.0,23,322.0,5.03125,4.772313435773869,10,271.0,0.34086715759187003,13,456.0,0.23550344569728193,23,727.0
2565.0,20,295.0,4.682539682539683,4.792531760516683,9,211.0,0.39709363468560094,11,456.0,0.1593887311300849,20,667.0
2570.0,19,341.0,5.328125,5.189659607374747,9,235.0,0.355881074609851,10,418.0,0.16619203248850822,19,653.0
2575.0,26,418.0,6.430769230769231,5.137897020196211,13,280.0,0.2312353902507933,13,346.0,0.26248987661690876,26,626.0
2580.0,26,495.0,7.983870967741935,4.539305809723623,12,306.0,0.25145051800241774,14,384.0,0.27758442641617126,26,690.0
2585.0,28,585.0,9.59016393442623,4.344347327675056,16,349.0,0.23616711385947564,12,390.0,0.2536317650985221,28,739.0
2590.0,27,667.0,10.421875,5.17522007446094,12,389.0,0.29168183253024255,15,427.0,0.2518880528375112,27,816.0
2595.0,25,578.0,8.757575757575758,5.6875826352331025,13,418.0,0.3477858372226917,12,384.0,0.22940723369415708,25,802.0
2600.0,26,636.0,10.258064516129032,5.106527520565061,12,452.0,0.2996438717920583,14,339.0,0.17856814834769774,26,791.0
2605.0,30,658.0,11.543859649122806,4.917696062103452,17,509.0,0.1664979094633005,13,322.0,0.2995930961096076,30,831.0
2610.0,30,653.0,10.883333333333333,4.394010709013797,17,521.0,0.18116659898328613,13,338.0,0.25471129527256514,30,859.0
2615.0,28,452.0,7.409836065573771,4.501945897795789,14,448.0,0.23483489146653824,14,367.0,0.2733991185095342,28,815.0
2620.0,21,373.0,6.322033898305085,4.939928904534175,10,456.0,0.27864099535501347,11,372.0,0.33464099179256257,21,828.0
2625.0,22,422.0,7.033333333333333,5.504905132524597,11,426.0,0.2563227671995779,11,410.0,0.35975917921184875,22,836.0
2630.0,26,490.0,8.305084745762711,4.759770208536079,15,410.0,0.14909635297598536,11,427.0,0.24892864039706752,26,837.0
2635.0,27,590.0,10.0,4.824634093093304,14,354.0,0.17565972256736345,13,468.0,0.19868169452864348,27,822.0
2640.0,25,452.0,7.661016949152542,4.792981839479011,11,344.0,0.19766317169917036,14,417.0,0.32101962962657876,25,761.0
2645.0,19,230.0,3.8333333333333335,6.111934680913068,12,285.0,0.2771273848351652,7,327.0,0.4794279404127077,19,612.0
2650.0,18,190.0,3.1666666666666665,5.487182749779493,14,330.0,0.31094550088887596,4,282.0,0.4298287905994448,18,612.0
2655.0,30,318.0,4.96875,4.832705702976973,19,417.0,0.2469331858734093,11,294.0,0.3331858060506198,30,711.0
2660.0,33,300.0,4.477611940298507,3.900053717855087,20,434.0,0.25247458136784573,13,322.0,0.1923238238593489,33,756.0
2665.0,25,337.0,4.884057971014493,4.937176939432791,14,407.0,0.2709003575491526,11,332.0,0.21298801033086268,25,739.0
2670.0,23,344.0,4.845070422535211,5.124685345242549,13,391.0,0.2389970887788218,10,358.0,0.19426646233696634,23,749.0
2675.0,29,322.0,4.6,5.252282620017841,16,354.0,0.26475445399870684,13,380.0,0.24925991675654052,29,734.0
2680.0,27,233.0,3.3768115942028984,4.8406111891328205,17,360.0,0.2705028592892306,10,322.0,0.33522496184215383,27,682.0
2685.0,28,241.0,3.3472222222222223,5.276192015141755,20,358.0,0.21222327548989675,8,182.0,0.47936596444421475,28,540.0
2690.0,28,289.0,4.070422535211268,4.950695249169168,21,413.0,0.17839303741505652,7,202.0,0.5041159937293842,28,615.0
2695.0,28,317.0,4.5285714285714285,5.188442342157911,17,426.0,0.24110849198363973,11,242.0,0.3768243897471307,28,668.0
2700.0,29,353.0,4.971830985915493,4.650129548954181,16,441.0,0.30900772852614977,13,240.0,0.15644449930575138,29,681.0
2705.0,24,324.0,4.5,5.360483461260173,15,424.0,0.30099733156717773,9,210.0,0.21856846439317135,24,634.0
2710.0,21,271.0,3.816901408450704,5.374063693870256,14,369.0,0.2389490567383989,7,197.0,0.3475857420194257,21,566.0
2715.0,25,280.0,3.835616438356164,5.429613645626496,15,401.0,0.18589105015911356,10,220.0,0.42773461036949345,25,621.0
2720.0,29,379.0,5.492753623188406,4.863591442551996,18,439.0,0.21988322637658955,11,264.0,0.41208312869110714,29,703.0
2725.0,37,488.0,7.2835820895522385,4.021858102923189,22,497.0,0.19464059934060418,15,330.0,0.32118241652937024,37,827.0
2730.0,29,488.0,7.2835820895522385,3.6907366842296843,15,506.0,0.18382099998577978,14,357.0,0.25599976356514725,29,863.0
2735.0,28,525.0,7.720588235294118,4.173090148645897,15,493.0,0.17020171087423355,13,338.0,0.22964187864438096,28,831.0
2740.0,26,461.0,6.880597014925373,4.720820609477904,15,459.0,0.15621442034904057,11,284.0,0.2982900072036314,26,743.0
2745.0,27,264.0,4.0,4.393859587662753,16,440.0,0.20625818528431966,11,209.0,0.269543383278783,27,649.0
2750.0,31,367.0,5.6461538461538465,3.902948615299924,17,401.0,0.22196206502540444,14,259.0,0.203120892215945,31,660.0
2755.0,34,485.0,7.348484848484849,4.1539138956320985,21,451.0,0.16017895417411845,13,289.0,0.3213697780913906,34,740.0
2760.0,30,501.0,6.958333333333333,4.2193237055344825,19,479.0,0.2043135219777393,11,284.0,0.27662551418571085,30,763.0
2765.0,33,538.0,7.078947368421052,4.713371351377472,18,495.0,0.26838746885053927,15,290.0,0.3377572455160777,33,785.0
2770.0,29,362.0,4.641025641025641,4.703877672407693,13,439.0,0.26986659472814784,16,296.0,0.31780632974473616,29,735.0
2775.0,28,295.0,3.5542168674698793,4.837019510528447,11,383.0,0.2818876961230705,17,306.0,0.27662390528104186,28,689.0
2780.0,38,380.0,4.523809523809524,4.705695819233824,19,381.0,0.2677348954318231,19,363.0,0.2611773378222401,38,744.0
2785.0,39,411.0,5.012195121951219,4.495311736174184,26,457.0,0.18830690921365414,13,355.0,0.2985000551646202,39,812.0
2790.0,37,518.0,6.395061728395062,3.535437391567536,26,573.0,0.13148516190204246,11,385.0,0.24467385984901174,37,958.0
2795.0,44,643.0,7.564705882352941,3.5119389751451235,27,613.0,0.13539896140437663,17,434.0,0.19198221950704644,44,1047.0
2800.0,42,653.0,7.505747126436781,4.0189944445137495,22,562.0,0.19911366414038634,20,482.0,0.20670733483731396,42,1044.0
2805.0,32,688.0,7.818181818181818,5.277643771168815,16,545.0,0.2727855933141117,16,489.0,0.2584948519170008,32,1034.0
2810.0,24,638.0,7.168539325842697,5.758677600071912,15,593.0,0.28744868531598167,9,384.0,0.3270570011691218,24,977.0
2815.0,36,580.0,6.373626373626373,4.951780791244399,22,657.0,0.25707362752849994,14,291.0,0.2361903762382346,36,948.0
2820.0,43,623.0,7.329411764705882,3.8234040482803393,26,682.0,0.25975631129351323,17,351.0,0.19446658583852744,43,1033.0
2825.0,45,589.0,7.182926829268292,3.5945519380284034,24,680.0,0.2475012373121189,21,441.0,0.20637001983672526,45,1121.0
2830.0,46,597.0,7.107142857142857,2.882074298489872,25,726.0,0.17598772094022827,21,503.0,0.18154733108520402,46,1229.0
2835.0,39,503.0,5.91764705882353,3.3506894569325514,22,698.0,0.12069410518431367,17,502.0,0.1990714748529468,39,1200.0
2840.0,33,528.0,6.068965517241379,3.7099929656602644,18,749.0,0.14802959075342276,15,502.0,0.20329252149935034,33,1251.0
2845.0,38,587.0,6.670454545454546,3.7862757688957713,22,803.0,0.15991266349006356,16,488.0,0.20332526119926814,38,1291.0
2850.0,44,518.0,6.166666666666667,3.3451714584773837,26,855.0,0.17786124983107832,18,462.0,0.17826274226001013,44,1317.0
2855.0,43,621.0,7.666666666666667,3.574723812561835,21,867.0,0.1648735763751394,22,412.0,0.14756437248997825,43,1279.0
2860.0,40,532.0,6.409638554216867,3.6270615963986024,19,813.0,0.20018153665135952,21,443.0,0.12709970205535914,40,1256.0
2865.0,37,494.0,6.098765432098766,4.524732967314883,21,783.0,0.11507884524643136,16,401.0,0.305414162650061,37,1184.0
2870.0,38,541.0,6.679012345679013,3.780269663862156,25,861.0,0.060253248511300775,13,413.0,0.33433712535141363,38,1274.0
2875.0,40,629.0,7.4,3.690504293061959,26,952.0,0.16333685458221317,14,448.0,0.22557742814059423,40,1400.0
2880.0,43,700.0,7.954545454545454,3.4856274142070105,24,1004.0,0.21484547732845813,19,467.0,0.18588036035199484,43,1471.0
2885.0,33,667.0,7.755813953488372,4.280370867805644,15,978.0,0.26271726419159164,18,450.0,0.17836458970477748,33,1428.0
2890.0,32,604.0,7.365853658536586,3.995826736424151,16,907.0,0.21503924658744875,16,468.0,0.1782373942641454,32,1375.0
2895.0,39,480.0,5.853658536585366,3.746384789677488,19,776.0,0.16353008295889532,20,534.0,0.1597840319460746,39,1310.0
2900.0,43,474.0,5.925,3.337481771933966,21,824.0,0.19387586414599758,22,586.0,0.16622725876713298,43,1410.0
2905.0,32,528.0,6.857142857142857,3.8083822382003616,15,812.0,0.23839033904373474,17,602.0,0.11695235256928843,32,1414.0
2910.0,31,536.0,7.1466666666666665,4.042523114601538,16,787.0,0.2786382454463598,15,615.0,0.10807627100798638,31,1402.0
2915.0,35,476.0,6.346666666666667,3.8012020298661673,19,824.0,0.2105215270393976,16,572.0,0.12790993779086748,35,1396.0
2920.0,41,494.0,6.861111111111111,2.991003013159509,22,840.0,0.18848650958769028,19,562.0,0.17592492719751834,41,1402.0
2925.0,46,589.0,8.068493150684931,2.625758627476486,26,930.0,0.13250190582183102,20,600.0,0.14554405975755746,46,1530.0
2930.0,50,683.0,9.356164383561644,2.8486912581474026,27,1020.0,0.12893721810532274,23,598.0,0.16474118566345827,50,1618.0
2935.0,41,724.0,9.526315789473685,3.3296882384486786,19,1059.0,0.17922168302781136,22,639.0,0.14333717528137938,41,1698.0
2940.0,33,583.0,7.986301369863014,3.8987929868350006,18,968.0,0.12473256958912066,15,601.0,0.22903112466065806,33,1569.0
2945.0,27,419.0,6.072463768115942,4.0458055594822,18,795.0,0.076592142603305,9,568.0,0.2834615087981037,27,1363.0
2950.0,32,423.0,5.957746478873239,3.7231864390274563,18,681.0,0.12673675064404702,14,630.0,0.22343507507612134,32,1311.0
2955.0,37,443.0,6.328571428571428,2.777789592355369,16,687.0,0.15237120086779263,21,650.0,0.1691829007351779,37,1337.0
2960.0,38,439.0,6.183098591549296,3.3598043079897746,16,665.0,0.19823425357851038,22,617.0,0.1877174223598752,38,1282.0
2965.0,41,492.0,6.648648648648648,3.330366019517584,16,679.0,0.2337108164775527,25,649.0,0.18927308092372316,41,1328.0
2970.0,31,376.0,4.82051282051282,4.108351285213183,13,637.0,0.2556674076277561,18,588.0,0.18529837893395246,31,1225.0
2975.0,28,371.0,4.69620253164557,4.384997605071565,13,591.0,0.26054493768641873,15,653.0,0.20846162030360435,28,1244.0
2980.0,32,412.0,4.963855421686747,4.604810823446889,13,493.0,0.2574041488028436,19,735.0,0.21719381460652992,32,1228.0
2985.0,39,528.0,6.285714285714286,3.669685097089785,16,504.0,0.22871306193794205,23,761.0,0.19023719174139758,39,1265.0
2990.0,35,603.0,7.8311688311688314,4.05214406596452,13,481.0,0.2733448764430733,22,746.0,0.1889654016675291,35,1227.0
2995.0,31,603.0,7.8311688311688314,4.156663402953274,13,514.0,0.2916166871285453,18,747.0,0.15336977193756018,31,1261.0
3000.0,35,465.0,6.038961038961039,3.7008829824930847,14,488.0,0.22084642627572157,21,731.0,0.13975724086390623,35,1219.0
3005.0,39,544.0,7.064935064935065,3.4973296817416224,17,446.0,0.2623392422982158,22,821.0,0.13137210160982088,39,1267.0
3010.0,45,723.0,9.38961038961039,3.6410151872517664,14,513.0,0.3212370730653075,31,949.0,0.1641561144905534,45,1462.0
3015.0,43,835.0,10.986842105263158,3.3516332141591896,13,536.0,0.27466469955021483,30,1006.0,0.135827687551259,43,1542.0
3020.0,39,702.0,9.36,3.3479029355790986,13,500.0,0.17625719601867243,26,992.0,0.1631190840357055,39,1492.0
3025.0,35,739.0,9.853333333333333,3.7212195470463687,17,502.0,0.06316448824133997,18,963.0,0.22310940264052864,35,1465.0
3030.0,34,694.0,9.506849315068493,3.809865793515339,14,447.0,0.20119045443786632,20,950.0,0.21414080858394302,34,1397.0
3035.0,32,657.0,8.878378378378379,3.84923191950011,12,306.0,0.3076067654375111,20,983.0,0.15787315902311777,32,1289.0
3040.0,31,695.0,9.144736842105264,4.186475373045983,9,312.0,0.2729846102597286,22,957.0,0.20336647727469218,31,1269.0
3045.0,31,733.0,9.773333333333333,4.257020603695309,8,282.0,0.29009014899151325,23,1008.0,0.17508702536135035,31,1290.0
3050.0,32,829.0,11.053333333333333,4.079981807685429,7,217.0,0.2709046221507665,25,1045.0,0.15541901953187398,32,1262.0
3055.0,37,873.0,11.64,4.088926076419018,12,207.0,0.3124945001114198,25,1094.0,0.16643666579783117,37,1301.0
3060.0,43,1044.0,14.301369863013699,3.65793093479736,12,225.0,0.3256876486489953,31,1205.0,0.1230369626621768,43,1430.0
3065.0,39,1140.0,16.52173913043478,3.572399303755779,9,233.0,0.3995643490656407,30,1264.0,0.06332403752290296,39,1497.0
3070.0,36,1071.0,14.875,3.8965619900526605,12,220.0,0.25443392026028105,24,1256.0,0.12385626435573276,36,1476.0
3075.0,32,905.0,12.22972972972973,4.336252129626593,15,274.0,0.14690230853593164,17,1145.0,0.23042118083464969,32,1419.0
3080.0,34,383.0,5.319444444444445,4.273670620274454,14,243.0,0.2264019210963322,20,965.0,0.22398818983142332,34,1208.0
3085.0,33,428.0,6.202898550724638,3.9810466290432283,9,186.0,0.34507012276915416,24,848.0,0.1685899168580675,33,1034.0
3090.0,34,473.0,6.569444444444445,3.626985978324346,8,181.0,0.280932300047044,26,905.0,0.19918219811994364,34,1086.0
3095.0,33,510.0,6.8,4.1416918051133,12,174.0,0.24820301817682142,21,888.0,0.20120769617758733,33,1062.0
3100.0,29,485.0,6.466666666666667,4.396586049823936,11,179.0,0.2214677870535053,18,953.0,0.19533612167268266,29,1132.0
3105.0,33,622.0,8.405405405405405,4.557871917937996,11,208.0,0.2721213860417828,22,1041.0,0.1682860589396865,33,1249.0
3110.0,42,583.0,8.097222222222221,3.2784579241751755,14,236.0,0.2117530233823796,28,1046.0,0.12723268551331193,42,1282.0
3115.0,39,525.0,7.5,3.5872917383730654,12,231.0,0.3396937074461125,27,994.0,0.12742135920324704,39,1225.0
3120.0,39,543.0,7.541666666666667,3.4683428491621386,11,249.0,0.29471340016230346,28,1033.0,0.1569944005816067,39,1282.0
3125.0,30,496.0,6.794520547945205,3.888183071307637,7,235.0,0.24378736779207277,23,978.0,0.16208355616715583,30,1213.0
3130.0,24,414.0,5.75,5.021332696212609,6,175.0,0.1822470429591841,18,955.0,0.25227354785617917,24,1130.0
3135.0,31,404.0,5.690140845070423,5.256595194860639,14,160.0,0.06384009242137575,17,825.0,0.29884597399244417,31,985.0
3140.0,32,347.0,5.102941176470588,4.3250803418653625,12,179.0,0.2271164167770894,20,698.0,0.18050178364312114,32,877.0
3145.0,33,496.0,7.402985074626866,4.814790313153601,10,195.0,0.3912756094351298,23,716.0,0.21667668465790063,33,911.0
3150.0,33,485.0,7.461538461538462,4.142043638950033,8,178.0,0.42738996349661684,25,765.0,0.18446290246298114,33,943.0
3155.0,34,605.0,8.642857142857142,4.070981959933595,10,209.0,0.3814136674598823,24,832.0,0.19621230620733487,34,1041.0
3160.0,36,586.0,8.253521126760564,3.861191883699642,11,190.0,0.3410785807677889,25,880.0,0.20376821403910364,36,1070.0
3165.0,25,482.0,6.885714285714286,4.360056761770515,4,100.0,0.3654811812170709,21,855.0,0.17453675249166464,25,955.0
3170.0,27,543.0,7.24,4.232981586157013,3,97.0,0.3027904900195817,24,904.0,0.12200131961969735,27,1001.0
3175.0,38,671.0,8.828947368421053,4.254653854251455,11,131.0,0.3135104310913618,27,991.0,0.09546861446999787,38,1122.0
3180.0,40,702.0,9.486486486486486,3.9559326971293274,12,142.0,0.35134576367669595,28,983.0,0.11410769697983365,40,1125.0
3185.0,34,538.0,7.472222222222222,4.056980811519668,8,125.0,0.36314006707859386,26,890.0,0.1361447965718445,34,1015.0
3190.0,28,390.0,5.27027027027027,3.7378082329220983,7,114.0,0.30422954630043586,21,927.0,0.13597947882694342,28,1041.0
3195.0,33,431.0,5.671052631578948,4.527723076739585,16,150.0,0.14199274920149463,17,886.0,0.259195890103956,33,1036.0
3200.0,34,380.0,5.205479452054795,4.381726423248097,15,194.0,0.12968585145998224,19,854.0,0.23333592852924825,34,1048.0
3205.0,39,419.0,5.819444444444445,3.829793597849854,16,237.0,0.11259654867951406,23,807.0,0.18082649876705922,39,1044.0
3210.0,41,489.0,6.434210526315789,3.812027441160902,15,274.0,0.2356563593232007,26,882.0,0.17181861597529918,41,1156.0
3215.0,38,560.0,7.368421052631579,4.788768289004678,15,319.0,0.31728612780610954,23,936.0,0.25810063749395307,38,1255.0
3220.0,36,559.0,7.166666666666667,3.670191767422149,13,313.0,0.29157415905017714,23,944.0,0.15650788935554244,36,1257.0
3225.0,33,390.0,4.814814814814815,4.366110446839387,7,228.0,0.40178497596426643,26,877.0,0.12493460466492422,33,1105.0
3230.0,33,425.0,5.246913580246914,4.491720849048676,4,165.0,0.45247481952568147,29,850.0,0.10324425289705029,33,1015.0
3235.0,35,459.0,5.4,4.307277043580439,8,192.0,0.3489455933241574,27,885.0,0.127843531369866,35,1077.0
3240.0,35,387.0,4.8375,3.802842836793599,15,249.0,0.19483009593924303,20,859.0,0.20937863638477489,35,1108.0
3245.0,42,433.0,5.154761904761905,3.148002523386021,23,318.0,0.1329069654465297,19,894.0,0.21463413572309947,42,1212.0
3250.0,45,503.0,5.91764705882353,3.8532724501240656,23,412.0,0.21865196160203212,22,910.0,0.2312052867577184,45,1322.0
3255.0,47,618.0,7.186046511627907,3.3686933436970445,22,418.0,0.199196668019902,25,937.0,0.20069659671912324,47,1355.0
3260.0,47,585.0,6.882352941176471,3.0122000101451443,16,388.0,0.1880567808765419,31,933.0,0.11457256517222678,47,1321.0
3265.0,42,592.0,7.0476190476190474,3.398619813217575,14,364.0,0.2749140957254411,28,980.0,0.09352715942114004,42,1344.0
3270.0,31,543.0,6.3882352941176475,4.370421644863782,9,324.0,0.29904998849204445,22,929.0,0.10960033081771488,31,1253.0
3275.0,30,375.0,4.746835443037975,4.762375102326641,16,367.0,0.21687656977567377,14,732.0,0.25902151024580905,30,1099.0
3280.0,35,403.0,5.10126582278481,4.424015514322971,18,406.0,0.21165768878821944,17,642.0,0.27448115703011106,35,1048.0
3285.0,41,531.0,6.8076923076923075,3.7942221472620257,20,418.0,0.2763706629813061,21,668.0,0.19499854692545804,41,1086.0
3290.0,37,631.0,8.302631578947368,3.5612874092868174,20,444.0,0.2171309185339233,17,681.0,0.20513594708791816,37,1125.0
3295.0,31,599.0,8.205479452054794,3.7970248991480515,15,414.0,0.1947286819378512,16,676.0,0.18640294522812728,31,1090.0
3300.0,33,587.0,7.826666666666667,3.8437720493699254,13,388.0,0.27422581161938986,20,636.0,0.08628830881841774,33,1024.0
3305.0,34,477.0,6.36,3.4770908509518925,14,396.0,0.22046596400463475,20,629.0,0.13157533885233016,34,1025.0
3310.0,38,395.0,5.337837837837838,3.9159451063338837,17,377.0,0.2161279870622775,21,584.0,0.20132317396002905,38,961.0
3315.0,39,442.0,6.225352112676056,3.643234580245808,18,427.0,0.21102620579081127,21,627.0,0.22734754890643838,39,1054.0
3320.0,45,561.0,7.1923076923076925,3.310119770705706,20,477.0,0.16034768924677256,25,705.0,0.17126018802238918,45,1182.0
3325.0,45,599.0,7.395061728395062,3.5750599393529296,21,515.0,0.17008623192689226,24,735.0,0.24175242837879735,45,1250.0
3330.0,29,376.0,4.585365853658536,4.875566003138941,15,482.0,0.1553385767842519,14,681.0,0.3198977701783768,29,1163.0
3335.0,24,391.0,5.012820512820513,5.363744898086769,13,447.0,0.29327603259512247,11,611.0,0.27751235765064,24,1058.0
3340.0,30,414.0,5.75,5.213178068924399,13,455.0,0.3644294346588319,17,544.0,0.16986516147293232,30,999.0
3345.0,35,414.0,6.369230769230769,2.9153767745129557,13,413.0,0.3033368953118213,22,548.0,0.05723542455560785,35,961.0
3350.0,36,434.0,6.676923076923077,3.8447356241358412,13,354.0,0.3354241143176106,23,586.0,0.12965873457703728,36,940.0
3355.0,33,396.0,5.823529411764706,3.671851194646018,11,298.0,0.26001152275105455,22,613.0,0.17614652793859675,33,911.0
3360.0,30,406.0,5.884057971014493,4.966430836964247,15,335.0,0.26317822115843337,15,563.0,0.28246959905960284,30,898.0
3365.0,28,373.0,5.485294117647059,4.661334510218495,17,353.0,0.25358588905770174,11,566.0,0.26351417149821144,28,919.0
3370.0,30,360.0,5.373134328358209,4.257366884592662,13,319.0,0.28967427131450524,17,617.0,0.19757420388910651,30,936.0
3375.0,33,413.0,6.073529411764706,3.7890741826498306,13,336.0,0.31035669425061785,20,648.0,0.1643123046657853,33,984.0
3380.0,37,505.0,7.214285714285714,3.5262152788139844,15,375.0,0.22383814577393413,22,720.0,0.18740051612289021,37,1095.0
3385.0,40,506.0,6.931506849315069,3.773342933198362,14,361.0,0.21950826948569357,26,750.0,0.2013056565020165,40,1111.0
3390.0,35,457.0,5.935064935064935,4.122895842765207,11,331.0,0.27191793285460775,24,688.0,0.16140530666154695,35,1019.0
3395.0,34,476.0,6.102564102564102,3.839542609729659,9,355.0,0.339349114815683,25,699.0,0.1152312560579265,34,1054.0
3400.0,34,394.0,4.864197530864198,4.422509006618399,16,401.0,0.2554338214698176,18,626.0,0.1868463291627739,34,1027.0
3405.0,31,401.0,5.075949367088608,5.08213775664334,17,445.0,0.24027000387500122,14,562.0,0.2847137725132983,31,1007.0
3410.0,26,445.0,5.632911392405063,5.285106743457474,13,463.0,0.22912492088981648,13,543.0,0.27265781164062347,26,1006.0
3415.0,29,465.0,5.886075949367089,4.427390536653644,16,479.0,0.20011904067012443,13,516.0,0.16294984417743247,29,995.0
3420.0,40,477.0,6.194805194805195,3.8043088728824785,18,487.0,0.24556603627165427,22,527.0,0.13676002105806306,40,1014.0
3425.0,39,521.0,6.855263157894737,4.035494005410484,15,467.0,0.28608782803043414,24,540.0,0.17532366882849865,39,1007.0
3430.0,40,479.0,6.220779220779221,4.057549875548665,17,395.0,0.25347792439534433,23,554.0,0.20891673656478543,40,949.0
3435.0,36,404.0,5.113924050632911,3.9126640498912946,17,429.0,0.14333059620843816,19,487.0,0.25667717806076745,36,916.0
3440.0,31,472.0,6.12987012987013,4.378078795178512,19,455.0,0.14353986214983552,12,440.0,0.27590153496560693,31,895.0
3445.0,36,534.0,6.675,5.2334179559516,19,480.0,0.1544294845517887,17,418.0,0.35078515901284324,36,898.0
3450.0,28,490.0,6.363636363636363,5.111005270333824,11,427.0,0.13337591975137955,17,425.0,0.3287452685375176,28,852.0
3455.0,31,555.0,7.602739726027397,5.108719857101168,13,410.0,0.2016311856860201,18,433.0,0.24004044199773197,31,843.0
3460.0,40,504.0,6.8108108108108105,4.077510734248377,15,385.0,0.24232351050360296,25,421.0,0.09501716207812791,40,806.0
3465.0,38,577.0,8.242857142857142,3.8588390645660313,9,319.0,0.33485632261647924,29,499.0,0.13706794501020422,38,818.0
3470.0,41,581.0,8.183098591549296,3.602346937718083,14,325.0,0.28427203506376686,27,579.0,0.19425031390211794,41,904.0
3475.0,34,516.0,7.267605633802817,4.1407083119853265,13,300.0,0.27535579600518034,21,635.0,0.2435968091457371,34,935.0
3480.0,38,571.0,7.5131578947368425,3.5999631342063436,16,315.0,0.24431671608711789,22,691.0,0.17551420077182192,38,1006.0
3485.0,37,664.0,8.197530864197532,3.994596109074331,11,319.0,0.2671141814386202,26,754.0,0.15858015884449395,37,1073.0
3490.0,42,707.0,8.518072289156626,4.672931803998452,14,356.0,0.3685714700377454,28,790.0,0.16676870957256637,42,1146.0
3495.0,35,447.0,5.730769230769231,5.136365604506228,11,336.0,0.3506262932238004,24,745.0,0.18957405209982398,35,1081.0
3500.0,34,491.0,6.376623376623376,4.78282276365664,14,364.0,0.22428697254137284,20,707.0,0.2310788811164086,34,1071.0
3505.0,30,485.0,6.381578947368421,4.369171814470914,13,357.0,0.20498542053123134,17,663.0,0.19880160668880073,30,1020.0
3510.0,33,526.0,7.013333333333334,4.5945055744750505,14,375.0,0.28314298782749925,19,636.0,0.17501669490180607,33,1011.0
3515.0,35,477.0,6.625,4.221603981275567,13,375.0,0.2337256362065045,22,669.0,0.21507782182018095,35,1044.0
3520.0,37,459.0,6.287671232876712,3.897261713711567,11,309.0,0.29945882203314206,26,721.0,0.1588087349382254,37,1030.0
3525.0,43,478.0,6.5479452054794525,3.044661882132962,13,311.0,0.2976871217391334,30,756.0,0.13429678629078315,43,1067.0
3530.0,31,414.0,5.376623376623376,4.130610178486334,9,257.0,0.2779660959718044,22,727.0,0.1834246862425405,31,984.0
3535.0,28,390.0,5.064935064935065,5.505335709810251,11,267.0,0.38388808923260304,17,699.0,0.2542804973995184,28,966.0
3540.0,29,383.0,4.974025974025974,5.44440159453225,12,311.0,0.33976645114593085,17,676.0,0.18783662809805893,29,987.0
3545.0,33,359.0,4.917808219178082,3.762672599064985,12,314.0,0.235576901182544,21,683.0,0.1306025215652816,33,997.0
3550.0,34,400.0,5.633802816901408,4.167961123393367,12,318.0,0.29036312161016814,22,679.0,0.16538328178153414,34,997.0
3555.0,37,472.0,6.840579710144928,4.323826138032606,13,348.0,0.4044373841488494,24,702.0,0.1635209575063281,37,1050.0
3560.0,31,478.0,6.828571428571428,4.440274914851397,13,413.0,0.26511904533857755,18,652.0,0.1939374428966738,31,1065.0
3565.0,33,430.0,6.323529411764706,3.0590293771369077,18,401.0,0.15097780720603066,15,644.0,0.10734776066887289,33,1045.0
3570.0,36,439.0,6.552238805970149,3.5219519996670328,15,348.0,0.2344282869459945,21,699.0,0.09084512919413466,36,1047.0
3575.0,35,475.0,7.196969696969697,3.6311584113031374,12,359.0,0.24863708148693328,23,733.0,0.14543121652083432,35,1092.0
3580.0,24,412.0,6.4375,4.212494264039163,9,293.0,0.23550660234538412,15,686.0,0.16696966900996446,24,979.0
3585.0,21,430.0,7.543859649122807,5.365528523233505,11,284.0,0.3652521571934844,10,573.0,0.2298365619721566,21,857.0
3590.0,25,377.0,6.5,5.3670891547307065,12,325.0,0.36783674624259494,13,506.0,0.12381160908855038,25,831.0
3595.0,24,321.0,5.836363636363636,4.554638338615194,8,319.0,0.32340571494227943,16,496.0,0.16871703788820816,24,815.0
3600.0,28,331.0,6.0181818181818185,5.024043951562577,12,325.0,0.28717656710866535,16,431.0,0.27230966366990883,28,756.0
3605.0,25,319.0,5.8,4.389497107685242,11,318.0,0.31441215167616055,14,435.0,0.2963309608988686,25,753.0
3610.0,24,342.0,5.896551724137931,5.48695893309026,12,347.0,0.3490364175509719,12,394.0,0.32356844304609717,24,741.0
3615.0,21,295.0,5.086206896551724,5.308430700681258,10,292.0,0.3017289679759744,11,396.0,0.3013766506296445,21,688.0
3620.0,20,236.0,3.8688524590163933,6.359775915959554,7,205.0,0.3457503484498376,13,417.0,0.38748863819416546,20,622.0
3625.0,19,230.0,3.8333333333333335,5.744514696578299,8,203.0,0.36631934329007226,11,435.0,0.3439305241891265,19,638.0
3630.0,22,299.0,5.339285714285714,6.399446494367349,8,190.0,0.4297277832293826,14,458.0,0.3252980984903643,22,648.0
3635.0,19,340.0,6.8,4.5691864959343125,7,156.0,0.17255341187130066,12,493.0,0.202873821029674,19,649.0
3640.0,25,422.0,8.115384615384615,5.215202816674614,12,132.0,0.18582982634616863,13,529.0,0.27714328533954574,25,661.0
3645.0,24,402.0,8.375,4.459158702883113,9,139.0,0.3210486967636774,15,517.0,0.2317229910003244,24,656.0
3650.0,22,428.0,8.73469387755102,5.213474099621177,9,156.0,0.41055031307017653,13,482.0,0.3121617980434533,22,638.0
3655.0,19,332.0,6.148148148148148,4.485077172356193,6,159.0,0.35411989787573483,13,432.0,0.2513197442355193,19,591.0
3660.0,20,278.0,5.245283018867925,5.63690461841037,4,119.0,0.4749452218304039,16,317.0,0.2597644491090555,20,436.0
3665.0,23,387.0,7.036363636363636,5.889618910126876,5,131.0,0.5416308009942601,18,322.0,0.17406336420805665,23,453.0
3670.0,21,362.0,6.241379310344827,5.731731457550475,4,61.0,0.5295011739518404,17,377.0,0.17637762368257168,21,438.0
3675.0,24,391.0,6.741379310344827,5.478116862533948,6,38.0,0.4387344959742012,18,436.0,0.20357277725045989,24,474.0
3680.0,24,328.0,5.559322033898305,5.220514884897185,8,61.0,0.41239942438692606,16,411.0,0.2649210576294563,24,472.0
3685.0,15,240.0,4.137931034482759,6.057830353023441,7,67.0,0.4392484969121846,8,334.0,0.274409400938842,15,401.0
3690.0,15,106.0,1.8275862068965518,5.500630979658631,8,72.0,0.311362661233587,7,250.0,0.2897335758070158,15,322.0
3695.0,24,195.0,3.305084745762712,5.673717429630054,12,119.0,0.19558630005648958,12,202.0,0.24926995842866903,24,321.0
3700.0,26,229.0,4.017543859649122,5.067861257883004,12,160.0,0.27837519600036614,14,233.0,0.2664350515484154,26,393.0
3705.0,25,315.0,5.431034482758621,5.852162434533612,10,174.0,0.3682067894391769,15,265.0,0.24474543245016153,25,439.0
3710.0,23,306.0,5.368421052631579,5.367193628581462,10,174.0,0.43533510643116463,13,248.0,0.21289772847606495,23,422.0
3715.0,18,258.0,4.526315789473684,6.384181705688536,12,201.0,0.39365005915935564,6,181.0,0.3441630337932205,18,382.0
3720.0,13,142.0,2.730769230769231,6.041235088575716,8,168.0,0.2557544575400875,5,119.0,0.443678301058493,13,287.0
3725.0,21,163.0,3.0185185185185186,4.918876568635586,12,98.0,0.22367150900700153,9,134.0,0.2699025385404911,21,232.0
3730.0,25,174.0,3.2222222222222223,4.64194439390609,9,112.0,0.3351873077957598,16,177.0,0.20083404585864953,25,289.0
3735.0,24,236.0,4.538461538461538,5.385714000103696,9,88.0,0.4025759207657843,15,233.0,0.20783754130404974,24,321.0
3740.0,21,255.0,4.811320754716981,4.603667808081794,8,107.0,0.3201608261710702,13,246.0,0.20881925983867036,21,353.0
3745.0,19,242.0,4.481481481481482,5.696370823451549,13,146.0,0.2275235781243538,6,214.0,0.3669611045613538,19,360.0
3750.0,21,194.0,3.5925925925925926,5.047376975764116,14,182.0,0.16243329313430946,7,201.0,0.37768327306029403,21,383.0
3755.0,23,252.0,4.421052631578948,5.460434639106941,10,195.0,0.33341452013875206,13,211.0,0.27218637653558475,23,406.0
3760.0,20,258.0,4.607142857142857,5.07151771915643,8,193.0,0.3727746553157532,12,227.0,0.3082974790158375,20,420.0
3765.0,17,246.0,4.392857142857143,6.201647659853835,9,156.0,0.3440945065745601,8,193.0,0.37103399125517106,17,349.0
3770.0,19,130.0,2.2413793103448274,4.965993134019207,10,152.0,0.19718942504169554,9,151.0,0.2446181417578469,19,303.0
3775.0,26,203.0,3.440677966101695,5.171388309744908,13,153.0,0.20762954252902147,13,149.0,0.25237610566762453,26,302.0
3780.0,22,223.0,3.8448275862068964,5.129719777137287,9,176.0,0.3145445638498789,13,160.0,0.2816849488543855,22,336.0
3785.0,25,309.0,5.421052631578948,5.995777754585216,10,202.0,0.42690516476591295,15,204.0,0.2709951204492704,25,406.0
3790.0,27,357.0,6.490909090909091,5.14205797661469,10,246.0,0.3999914968858173,17,216.0,0.18678139433964594,27,462.0
3795.0,21,257.0,4.589285714285714,5.146348849667655,12,224.0,0.29123588814162127,9,181.0,0.2624303879593098,21,405.0
3800.0,19,217.0,3.807017543859649,5.650082369636804,9,187.0,0.27114354601931234,10,195.0,0.318339761612922,19,382.0
3805.0,23,274.0,4.807017543859649,5.659522333187114,8,200.0,0.320006098231773,15,261.0,0.33701322113998305,23,461.0
3810.0,27,372.0,6.526315789473684,4.789464705071084,12,236.0,0.3075890662267563,15,293.0,0.25650423783344184,27,529.0
3815.0,24,395.0,6.9298245614035086,4.2181217814643155,13,266.0,0.2441800531758076,11,280.0,0.23608903747894147,24,546.0
3820.0,24,393.0,6.894736842105263,5.199571379183462,10,264.0,0.2855090370152143,14,277.0,0.23942689621753976,24,541.0
3825.0,22,446.0,7.964285714285714,5.576041177593859,8,239.0,0.3299546817745615,14,309.0,0.23722940860385344,22,548.0
3830.0,25,375.0,6.578947368421052,5.172709711318111,11,208.0,0.26520229741722606,14,293.0,0.2720815008943658,25,501.0
3835.0,18,182.0,3.25,5.37247996900056,8,140.0,0.33427094471378715,10,236.0,0.2912925855733686,18,376.0
3840.0,18,204.0,3.709090909090909,6.2316353260243424,8,131.0,0.44311797061562735,10,246.0,0.37271216632511883,18,377.0
3845.0,18,190.0,3.4545454545454546,5.4593345408547265,5,130.0,0.32305967714514366,13,229.0,0.3138034406601637,18,359.0
3850.0,19,237.0,4.3090909090909095,5.391855752007649,6,103.0,0.24500673897552444,13,274.0,0.3021179505256043,19,377.0
3855.0,24,333.0,5.741379310344827,5.944661146688364,8,135.0,0.35499645737477686,16,325.0,0.24521474304484406,24,460.0
3860.0,23,382.0,6.821428571428571,5.279835210760043,6,143.0,0.38895072189991003,17,386.0,0.16975319853032947,23,529.0
3865.0,21,471.0,8.722222222222221,5.68797907628758,6,162.0,0.35992072462604896,15,441.0,0.2745089574381337,21,603.0
3870.0,21,441.0,8.320754716981131,5.1079937045314985,4,128.0,0.35473811884499595,17,434.0,0.2765873447074832,21,562.0
3875.0,21,417.0,8.176470588235293,5.670845835081222,6,145.0,0.39242187851859,15,426.0,0.3292168304849561,21,571.0
3880.0,19,190.0,3.5185185185185186,4.653797369014369,6,107.0,0.40354485849637634,13,365.0,0.25994489145042243,19,472.0
3885.0,25,241.0,4.228070175438597,4.785873616730878,8,99.0,0.4663679082557882,17,310.0,0.1776895812523418,25,409.0
3890.0,29,235.0,4.051724137931035,4.443514302429431,8,95.0,0.49891428930476506,21,368.0,0.12917219755298273,29,463.0
3895.0,22,291.0,4.932203389830509,5.121050549166907,6,76.0,0.4260084156476851,16,400.0,0.15630020180729878,22,476.0
3900.0,25,358.0,5.966666666666667,4.780047266904608,8,100.0,0.23378279658183698,17,431.0,0.17142725461063155,25,531.0
3905.0,29,409.0,6.492063492063492,5.148194575704421,14,151.0,0.2246800492725691,15,427.0,0.23831294077359297,29,578.0
3910.0,26,395.0,6.9298245614035086,4.275755900003728,10,195.0,0.2938754640540529,16,453.0,0.2474493441373461,26,648.0
3915.0,26,395.0,6.583333333333333,4.2938851924413,11,213.0,0.35242818569108925,15,444.0,0.17346508946285355,26,657.0
3920.0,26,318.0,5.213114754098361,4.770459634142343,7,172.0,0.42704612263235475,19,475.0,0.11558531581623878,26,647.0
3925.0,25,341.0,5.412698412698413,6.101935186439474,9,121.0,0.4140856198737498,16,508.0,0.26774448340301576,25,629.0
3930.0,27,396.0,6.387096774193548,5.124441907929282,11,147.0,0.2948739425623329,16,524.0,0.27039805562706315,27,671.0
3935.0,25,399.0,6.435483870967742,4.407096079927061,11,184.0,0.18582189533891863,14,509.0,0.26447270670226586,25,693.0
3940.0,25,233.0,3.5846153846153848,4.429055126826051,11,162.0,0.2588832877698447,14,470.0,0.2568476167075841,25,632.0
3945.0,32,342.0,5.104477611940299,5.2106354565466795,11,173.0,0.3207710325328935,21,473.0,0.28205700724077326,32,646.0
3950.0,32,359.0,5.128571428571429,4.3658331006584215,10,175.0,0.3005910371628771,22,527.0,0.2325794456049497,32,702.0
3955.0,25,339.0,4.581081081081081,5.214043979332753,7,138.0,0.41718726941406253,18,536.0,0.1932635835841517,25,674.0
3960.0,24,334.0,4.575342465753424,5.9169042201997035,7,143.0,0.4901904786127142,17,524.0,0.17077495229257575,24,667.0
3965.0,27,353.0,4.644736842105263,6.316189156873164,9,186.0,0.5114028965762126,18,472.0,0.11224046445199092,27,658.0
3970.0,35,381.0,5.148648648648648,4.925514406102267,11,191.0,0.4125202206052576,24,515.0,0.08249454001945486,35,706.0
3975.0,33,366.0,5.154929577464789,5.08682995602306,11,169.0,0.38284496993299566,22,518.0,0.21549420759452953,33,687.0
3980.0,29,322.0,4.472222222222222,4.355896280355815,10,151.0,0.29510726358120065,19,541.0,0.2538823187325194,29,692.0
3985.0,30,326.0,4.527777777777778,4.851899976432544,15,183.0,0.2699247313927312,15,506.0,0.2830448742250277,30,689.0
3990.0,31,417.0,5.635135135135135,5.0704788737863264,13,221.0,0.2298453840564587,18,490.0,0.2992751358816917,31,711.0
3995.0,26,420.0,5.833333333333333,4.798280718688103,10,223.0,0.25725515235881463,16,502.0,0.23606628511208738,26,725.0
4000.0,28,374.0,5.054054054054054,4.484430055483713,9,210.0,0.2896077678236669,19,514.0,0.10718425372353818,28,724.0
4005.0,36,389.0,5.63768115942029,4.663672021306838,15,244.0,0.2787598137178855,21,514.0,0.1793218649091108,36,758.0
4010.0,37,547.0,8.287878787878787,4.06638580496101,16,318.0,0.190603269868648,21,542.0,0.1740828323620669,37,860.0
4015.0,40,671.0,10.014925373134329,3.5879368352797494,20,409.0,0.21916644419747444,20,596.0,0.14994348268420463,40,1005.0
4020.0,31,655.0,10.234375,4.28811803496492,17,443.0,0.247374889993423,14,602.0,0.2366410830370933,31,1045.0
4025.0,25,606.0,9.46875,4.123144554684686,10,415.0,0.219683933945533,15,588.0,0.1649185274210097,25,1003.0
4030.0,26,401.0,6.075757575757576,4.250756620294154,9,355.0,0.2955184591566384,17,519.0,0.03293020569558405,26,874.0
4035.0,28,266.0,3.970149253731343,4.323746589603769,11,283.0,0.2684870328220418,17,530.0,0.14516958936110366,28,813.0
4040.0,27,279.0,4.164179104477612,4.26475567512869,12,297.0,0.245661157836479,15,518.0,0.25479775242809494,27,815.0
4045.0,25,286.0,4.085714285714285,4.673306474329662,11,285.0,0.31219736505715506,14,520.0,0.22294932792046993,25,805.0
4050.0,23,257.0,3.619718309859155,5.122743987928365,12,300.0,0.3509975980285002,11,450.0,0.15307082747595005,23,750.0
4055.0,29,336.0,4.54054054054054,5.444937037431751,15,331.0,0.3307271023107742,14,446.0,0.16408549390240357,29,777.0
4060.0,37,430.0,5.972222222222222,4.804442959695226,22,366.0,0.2523031805640319,15,386.0,0.25009534613209333,37,752.0
4065.0,31,395.0,5.72463768115942,3.855023786311503,20,357.0,0.1875373028533452,11,365.0,0.2861575106097145,31,722.0
4070.0,34,457.0,6.436619718309859,3.9725582671373196,20,421.0,0.2493024571282029,14,371.0,0.28251462886282164,34,792.0
4075.0,27,424.0,6.057142857142857,4.454262344454771,16,427.0,0.2527950461830426,11,360.0,0.2697033927148933,27,787.0
4080.0,28,464.0,6.444444444444445,4.768182470865538,18,471.0,0.22830121588099753,10,314.0,0.23590442513733034,28,785.0
4085.0,38,532.0,7.1891891891891895,3.664287175948937,24,550.0,0.11523311992834075,14,297.0,0.1781071750910703,38,847.0
4090.0,42,608.0,8.56338028169014,4.066271466185939,29,625.0,0.1037289221146196,13,253.0,0.3458150379896529,42,878.0
4095.0,36,660.0,9.565217391304348,4.092047587330995,26,689.0,0.13709516396919283,10,287.0,0.39730542203063335,36,976.0
4100.0,36,611.0,8.146666666666667,4.459105577350206,23,682.0,0.24432599368344307,13,316.0,0.2556077394637322,36,998.0
4105.0,35,471.0,6.116883116883117,4.258124707279126,20,664.0,0.2712554020565617,15,284.0,0.23714752460726599,35,948.0
4110.0,40,508.0,6.35,4.119499436618868,23,701.0,0.24406549429508442,17,294.0,0.28438702062502413,40,995.0
4115.0,33,426.0,5.2592592592592595,4.076682685166192,19,665.0,0.21860430104217637,14,305.0,0.28310228207199256,33,970.0
4120.0,38,579.0,7.148148148148148,4.149648594668872,20,653.0,0.20479817855357785,18,356.0,0.1999837555605025,38,1009.0
4125.0,40,540.0,6.506024096385542,3.945823780167943,22,692.0,0.19713173960301308,18,349.0,0.19083659955672413,40,1041.0
4130.0,38,497.0,5.916666666666667,4.119083932404665,29,802.0,0.11985235670047859,9,267.0,0.29458319708725395,38,1069.0
4135.0,38,560.0,6.666666666666667,4.068239808201237,31,886.0,0.11916772147893845,7,274.0,0.3662604894720708,38,1160.0
4140.0,46,661.0,7.686046511627907,4.110007984623574,32,931.0,0.12975121279047805,14,308.0,0.3403163298534977,46,1239.0
4145.0,48,763.0,8.976470588235294,3.5256464037578956,30,1010.0,0.13657386806634572,18,319.0,0.27018681480961465,48,1329.0
4150.0,35,720.0,8.88888888888889,4.134456899871072,26,1032.0,0.18604981904799367,9,253.0,0.2131001193740227,35,1285.0
4155.0,32,517.0,6.382716049382716,3.4640566397016586,20,1006.0,0.1504405764167192,12,260.0,0.12859901267195278,32,1266.0
4160.0,34,332.0,4.098765432098766,4.158716116906196,20,894.0,0.16708162260528714,14,265.0,0.23521937987691602,34,1159.0
4165.0,37,314.0,4.131578947368421,3.38260708801388,21,932.0,0.13240417716272218,16,275.0,0.23114764325456016,37,1207.0
4170.0,30,349.0,4.716216216216216,3.8496851653373865,21,923.0,0.11415125752331125,9,235.0,0.2740720116953087,30,1158.0
4175.0,29,398.0,5.4520547945205475,4.300236057267365,19,929.0,0.23140144942490404,10,228.0,0.1565321188875975,29,1157.0
4180.0,38,565.0,7.847222222222222,4.884424635846198,21,952.0,0.2637235319762816,17,288.0,0.14458781873657822,38,1240.0
4185.0,36,539.0,7.811594202898551,3.911524567314464,22,969.0,0.20683700845497602,14,295.0,0.12090921818397932,36,1264.0
4190.0,36,500.0,7.246376811594203,3.904162063313452,25,957.0,0.20003570576300164,11,269.0,0.14526713113187076,36,1226.0
4195.0,39,552.0,7.885714285714286,3.474624356528416,26,1045.0,0.21328038927768775,13,271.0,0.2440689261297642,39,1316.0
4200.0,45,756.0,10.5,3.2286027564801825,33,1187.0,0.15720281477354112,12,300.0,0.3460921491571581,45,1487.0
4205.0,51,882.0,12.082191780821917,2.481449841047494,37,1201.0,0.10053582244129067,14,368.0,0.3226929279937099,51,1569.0
4210.0,44,772.0,10.293333333333333,2.7108462324627904,32,1212.0,0.10440238180240403,12,336.0,0.27181313079029296,44,1548.0
4215.0,40,562.0,7.205128205128205,2.8294336968638305,31,1291.0,0.09015183574345674,9,227.0,0.20950598624356156,40,1518.0
4220.0,31,387.0,4.8375,3.915307761597817,22,1286.0,0.1799631003443568,9,227.0,0.14686248501213056,31,1513.0
4225.0,32,400.0,5.0,4.221520682082766,21,1276.0,0.24143194403779383,11,222.0,0.10080057269006121,32,1498.0
4230.0,40,474.0,5.642857142857143,4.261812998925892,24,1243.0,0.2150395276280377,16,279.0,0.19769140815157835,40,1522.0
4235.0,45,528.0,6.285714285714286,3.6781121973732525,26,1214.0,0.14742330780028892,19,370.0,0.27686300107982326,45,1584.0
4240.0,47,671.0,7.988095238095238,3.169705325089351,27,1317.0,0.14894506618368855,20,467.0,0.25454770139662114,47,1784.0
4245.0,55,850.0,9.883720930232558,2.7765706974126085,33,1469.0,0.11302105761781762,22,467.0,0.22561456614718953,55,1936.0
4250.0,49,849.0,9.758620689655173,2.6992837548100153,34,1557.0,0.060723571925786764,15,437.0,0.23838706550499225,49,1994.0
4255.0,40,700.0,7.777777777777778,3.2270025746420905,30,1564.0,0.07388704716319766,10,359.0,0.2681174815074597,40,1923.0
4260.0,39,771.0,8.202127659574469,4.424172236933281,26,1581.0,0.20276138859255194,13,332.0,0.31087924640235565,39,1913.0
4265.0,47,823.0,8.572916666666666,4.049245207328979,29,1581.0,0.250575801357674,18,365.0,0.24570083415486438,47,1946.0
4270.0,49,945.0,9.84375,3.7839444828805235,24,1634.0,0.2324655053705535,25,417.0,0.23791993667487812,49,2051.0
4275.0,50,1078.0,11.11340206185567,3.5116116750935515,27,1655.0,0.20079879438782203,23,458.0,0.1530740234616359,50,2113.0
4280.0,48,1126.0,11.608247422680412,3.4840204175669482,30,1747.0,0.18193768655069534,18,423.0,0.12649439165505294,48,2170.0
4285.0,48,1237.0,12.494949494949495,3.357556584769406,35,1900.0,0.07671931424117426,13,442.0,0.19245640959198154,48,2342.0
4290.0,60,1436.0,14.653061224489797,3.6245856138884576,41,2020.0,0.07785161071490984,19,459.0,0.28521958396536673,60,2479.0
4295.0,58,1611.0,16.957894736842107,3.342373159138944,37,2108.0,0.11678136106251986,21,543.0,0.2439136888949113,58,2651.0
4300.0,60,1515.0,16.467391304347824,2.7254596643132936,35,2012.0,0.10822708302758417,25,626.0,0.22910360277048783,60,2638.0
4305.0,60,1311.0,13.8,2.466189240469001,35,1733.0,0.11297583250240915,25,664.0,0.13947686975273135,60,2397.0
4310.0,51,926.0,9.851063829787234,3.0207530719078757,30,1814.0,0.1074863682731229,21,614.0,0.1858910997033617,51,2428.0
4315.0,34,411.0,4.326315789473684,4.185325960172073,22,1808.0,0.11732404242223372,12,485.0,0.24108393786892582,34,2293.0
4320.0,28,328.0,3.381443298969072,5.177589021343349,17,1785.0,0.18924022549537828,11,412.0,0.24771806259255455,28,2197.0
4325.0,31,343.0,3.7282608695652173,5.32299017968061,20,1698.0,0.18051490754759472,11,393.0,0.31539968905899807,31,2091.0
4330.0,33,419.0,4.872093023255814,4.19322919656048,22,1517.0,0.14875025627415317,11,344.0,0.21940718763393297,33,1861.0
4335.0,38,513.0,6.2560975609756095,3.345584294160355,25,1571.0,0.14049579994526415,13,374.0,0.23601861046527386,38,1945.0
4340.0,31,554.0,6.925,3.83137281113991,18,1549.0,0.14634463261397093,13,371.0,0.25897205616543795,31,1920.0
4345.0,36,679.0,8.382716049382717,4.045522998782419,23,1508.0,0.1534451528442341,13,379.0,0.26767383455758165,36,1887.0
4350.0,45,830.0,10.121951219512194,3.8581339371715493,27,1392.0,0.1793115635625725,18,395.0,0.22560233846954195,45,1787.0
4355.0,42,864.0,10.536585365853659,3.822251194119054,22,1389.0,0.2663758030305899,20,464.0,0.20463856054763352,42,1853.0
4360.0,44,788.0,9.380952380952381,3.5435838034706952,25,1310.0,0.23901720555587566,19,519.0,0.19631049369981893,44,1829.0
4365.0,40,812.0,9.44186046511628,3.7221569606033214,26,1360.0,0.18562668579390157,14,529.0,0.25337328636598977,40,1889.0
4370.0,36,678.0,7.793103448275862,3.6805309284418666,24,1355.0,0.1062179426790444,12,472.0,0.24195933691773383,36,1827.0
4375.0,45,773.0,9.094117647058823,3.4859375796519703,27,1394.0,0.12204293047431948,18,450.0,0.187990427133388,45,1844.0
4380.0,47,933.0,11.107142857142858,3.610860169967584,28,1367.0,0.11472386155802146,19,503.0,0.21819870771596908,47,1870.0
4385.0,45,895.0,11.049382716049383,3.599873389844446,31,1372.0,0.06103100226976828,14,512.0,0.2956069423789486,45,1884.0
4390.0,42,724.0,9.164556962025317,3.949339804443452,31,1395.0,0.02937806026548952,11,398.0,0.3300490128749741,42,1793.0
4395.0,39,703.0,9.012820512820513,4.121528537713564,30,1470.0,0.10363049279268667,9,253.0,0.33663509934763247,39,1723.0
4400.0,31,699.0,9.077922077922079,4.316097376794328,20,1444.0,0.16991467731934384,11,282.0,0.28941525306017246,31,1726.0
4405.0,33,709.0,9.328947368421053,4.148911068206907,18,1348.0,0.14478572125990333,15,336.0,0.24103389538992537,33,1684.0
4410.0,33,544.0,7.157894736842105,3.9412214449107204,18,1168.0,0.11044841838059291,15,345.0,0.21774517750139166,33,1513.0
4415.0,38,538.0,7.173333333333333,4.440188299455423,20,1037.0,0.19653061269108577,18,390.0,0.238240350758614,38,1427.0
4420.0,36,534.0,7.12,3.990193176934058,20,1057.0,0.18191287184246507,16,372.0,0.2577643808433295,36,1429.0
4425.0,30,521.0,6.766233766233766,4.653448675934023,15,1020.0,0.19385265678513816,15,335.0,0.282026362458254,30,1355.0
4430.0,28,407.0,5.355263157894737,4.792180546694685,14,941.0,0.2317506014453457,14,296.0,0.2768718634066707,28,1237.0
4435.0,34,355.0,4.733333333333333,4.973594789598668,18,883.0,0.20503315573201206,16,242.0,0.2956583648876152,34,1125.0
4440.0,36,411.0,5.63013698630137,4.232151500869817,20,923.0,0.16734306883763814,16,271.0,0.24869980117290869,36,1194.0
4445.0,27,400.0,5.970149253731344,4.001306738105603,15,928.0,0.16467266224854094,12,262.0,0.16179574362963708,27,1190.0
4450.0,30,440.0,6.470588235294118,3.7720504630615608,15,856.0,0.16023345459441057,15,295.0,0.15492243509137554,30,1151.0
4455.0,35,465.0,6.642857142857143,3.7273264045205328,17,688.0,0.21224707395619288,18,353.0,0.17849362870821825,35,1041.0
4460.0,34,522.0,7.565217391304348,3.861896459678331,17,737.0,0.23274147936012707,17,374.0,0.26652103799572724,34,1111.0
4465.0,31,550.0,8.088235294117647,4.547594059459434,14,757.0,0.26136734806942774,17,384.0,0.3139502577524149,31,1141.0
4470.0,30,534.0,7.52112676056338,3.5375169901536525,15,728.0,0.21124855868010503,15,363.0,0.20519641680083614,30,1091.0
4475.0,39,625.0,8.445945945945946,4.496231642711544,20,743.0,0.24611006980588823,19,394.0,0.26317953275736994,39,1137.0
4480.0,40,503.0,6.706666666666667,3.962663039439084,22,637.0,0.2316274655134739,18,402.0,0.27590877966548333,40,1039.0
4485.0,36,390.0,4.936708860759493,4.258910100744669,21,611.0,0.22536015977212817,15,333.0,0.24520741717467961,36,944.0
4490.0,41,470.0,6.103896103896104,3.9913969096095196,26,588.0,0.18027162948783473,15,347.0,0.24711105827808855,41,935.0
4495.0,39,505.0,6.4743589743589745,4.119057892937264,23,611.0,0.1460667141106782,16,386.0,0.24810333771228335,39,997.0
4500.0,39,518.0,6.815789473684211,3.0304439076552367,22,564.0,0.10456292589028025,17,408.0,0.21211530927388272,39,972.0
4505.0,40,440.0,5.945945945945946,3.4444506445335277,19,540.0,0.15210579314835254,21,416.0,0.21412837357779943,40,956.0
4510.0,32,402.0,5.506849315068493,3.577277124891345,12,550.0,0.223566962367331,20,443.0,0.167338714362001,32,993.0
4515.0,30,412.0,5.6438356164383565,3.9109946701112737,16,565.0,0.15194147089788745,14,410.0,0.18177617750551034,30,975.0
4520.0,33,531.0,7.375,4.3210042330809255,19,588.0,0.11640443943051544,14,402.0,0.2684728748877929,33,990.0
4525.0,30,622.0,9.147058823529411,4.874203086053325,15,583.0,0.15452116807342228,15,432.0,0.22851824319861777,30,1015.0
4530.0,26,409.0,5.8428571428571425,4.145268995313311,11,528.0,0.13839134886009252,15,402.0,0.14894869841522929,26,930.0
4535.0,32,495.0,7.173913043478261,4.849945672127732,16,500.0,0.2247945673054095,16,387.0,0.24312063432384118,32,887.0
4540.0,35,582.0,9.09375,4.605040002367241,20,517.0,0.26051674664177976,15,439.0,0.2838869553013779,35,956.0
4545.0,24,638.0,10.126984126984127,4.9203945805706315,10,463.0,0.24812570587791868,14,478.0,0.22557619311504162,24,941.0
4550.0,22,503.0,8.383333333333333,4.526200932820908,8,400.0,0.234440993289082,14,434.0,0.11055987606260666,22,834.0
4555.0,23,392.0,6.222222222222222,5.554584411292442,12,317.0,0.2339973326792237,11,375.0,0.2544228459162052,23,692.0
4560.0,26,373.0,6.431034482758621,4.5803011456718306,16,324.0,0.2518032637624784,10,353.0,0.23690521685101487,26,677.0
4565.0,17,244.0,4.60377358490566,5.182623541560812,9,289.0,0.321489991185035,8,311.0,0.24826827662728554,17,600.0
4570.0,14,259.0,4.980769230769231,5.72842621372372,6,230.0,0.41050119850855404,8,289.0,0.25202378268343034,14,519.0
4575.0,25,345.0,7.040816326530612,3.965176631568548,13,269.0,0.1974050797238522,12,296.0,0.2234753469902684,25,565.0
4580.0,25,414.0,8.28,3.73315094114141,16,315.0,0.15327039895796674,9,285.0,0.3246660100737195,25,600.0
4585.0,19,464.0,8.754716981132075,4.863047135515081,10,333.0,0.2301276584149026,9,245.0,0.3046970225097261,19,578.0
4590.0,18,278.0,4.87719298245614,5.093417961606324,9,247.0,0.298969651478942,9,253.0,0.28882344918012376,18,500.0
4595.0,22,330.0,5.689655172413793,6.026815750093283,12,175.0,0.31573888119510635,10,277.0,0.331597451390149,22,452.0
4600.0,24,392.0,7.0,5.31769050563476,13,211.0,0.24543987050789248,11,323.0,0.28678369863298303,24,534.0
4605.0,18,289.0,5.452830188679245,5.306094076055116,8,205.0,0.2609624072970768,10,275.0,0.24123865727055321,18,480.0
4610.0,19,211.0,4.0576923076923075,4.707545131794093,9,173.0,0.21994608542517885,10,205.0,0.20019748844166457,19,378.0
4615.0,23,212.0,4.1568627450980395,5.101703367748816,14,152.0,0.24799532955538742,9,215.0,0.284353846247306,23,367.0
4620.0,23,283.0,5.549019607843137,5.2560895353245165,13,194.0,0.2493029552997002,10,241.0,0.3780790135799716,23,435.0
4625.0,23,373.0,7.037735849056604,5.98387547686892,14,233.0,0.2494205516038264,9,274.0,0.48859441155571737,23,507.0
4630.0,22,415.0,7.685185185185185,5.091476124405629,11,241.0,0.2123168654660583,11,320.0,0.40688079096264024,22,561.0
4635.0,18,314.0,6.038461538461538,5.522855827565073,7,188.0,0.2877447100199255,11,303.0,0.32146272285898175,18,491.0
4640.0,17,238.0,4.666666666666667,4.7701822732380865,5,205.0,0.30586658447616194,12,257.0,0.18694497716946085,17,462.0
4645.0,24,329.0,6.450980392156863,3.7509397025092914,11,251.0,0.29770773039076476,13,310.0,0.09640230869845752,24,561.0
4650.0,28,427.0,8.211538461538462,3.4247699486661034,12,285.0,0.3108995781524931,16,378.0,0.1280149621676764,28,663.0
4655.0,28,510.0,9.272727272727273,4.215125548871725,13,340.0,0.3110868757313921,15,431.0,0.2552864721062859,28,771.0
4660.0,26,535.0,9.727272727272727,4.438620386513039,14,332.0,0.2754882088735699,12,435.0,0.29693228132845767,26,767.0
4665.0,21,499.0,8.60344827586207,4.972708340243264,9,270.0,0.29659006654076986,12,435.0,0.22648387826236294,21,705.0
4670.0,21,562.0,9.689655172413794,6.071559345921623,9,298.0,0.3761128787763935,12,386.0,0.21317261564138112,21,684.0
4675.0,24,456.0,7.354838709677419,5.083774171876375,15,363.0,0.30510370017655947,9,308.0,0.20702169614836144,24,671.0
4680.0,30,453.0,7.426229508196721,4.973333030768674,22,463.0,0.2577457516561295,8,153.0,0.42335920454547454,30,616.0
4685.0,25,480.0,7.5,4.934855030556612,18,496.0,0.3216723801507317,7,158.0,0.41726599590157226,25,654.0
4690.0,24,521.0,7.776119402985074,5.57927471325013,15,497.0,0.3004846223561265,9,170.0,0.4425519792049424,24,667.0
4695.0,25,594.0,8.865671641791044,5.237772584808667,15,516.0,0.26748544608706504,10,182.0,0.2620236563676892,25,698.0
4700.0,25,589.0,8.661764705882353,4.9620338481488115,15,546.0,0.258583456305519,10,190.0,0.21074080931682754,25,736.0
4705.0,27,547.0,7.814285714285714,4.127840681447412,20,556.0,0.230846548259392,7,222.0,0.28361904250477693,27,778.0
4710.0,33,372.0,5.314285714285714,4.296061990419058,20,429.0,0.24110457047590486,13,273.0,0.32362057512702364,33,702.0
4715.0,35,455.0,6.319444444444445,4.584221207069806,19,372.0,0.24212880085454036,16,345.0,0.3578021930818351,35,717.0
4720.0,40,510.0,6.623376623376624,3.775873519746836,26,434.0,0.14755101090952155,14,326.0,0.3431128735665414,40,760.0
4725.0,42,654.0,8.605263157894736,3.9419245625669967,25,474.0,0.18178398690624092,17,378.0,0.31026797734944017,42,852.0
4730.0,38,682.0,8.973684210526315,3.8398356188546017,20,521.0,0.18861252670081463,18,428.0,0.274173625136565,38,949.0
4735.0,34,575.0,7.2784810126582276,4.066368414166099,16,490.0,0.24271183794452372,18,455.0,0.16590371033482434,34,945.0
4740.0,38,424.0,5.435897435897436,3.185155717351899,19,485.0,0.20941444396706502,19,392.0,0.10370545518788964,38,877.0
4745.0,39,436.0,5.45,4.235423631148905,23,537.0,0.21138885951075487,16,336.0,0.2276776419022269,39,873.0
4750.0,44,437.0,5.602564102564102,3.0998307382749752,28,587.0,0.1789201140816275,16,357.0,0.20257993291951978,44,944.0
4755.0,44,484.0,6.05,3.4552132365668413,30,638.0,0.0716000340104516,14,326.0,0.3019134116223265,44,964.0
4760.0,47,652.0,8.35897435897436,3.437017180787739,36,777.0,0.0017599100920960128,11,284.0,0.3933905790403302,47,1061.0
4765.0,48,863.0,10.273809523809524,4.100007776949894,36,936.0,0.08424981973415267,12,291.0,0.3794033411377718,48,1227.0
4770.0,48,956.0,11.95,3.473810948745971,33,999.0,0.1567185873564842,15,313.0,0.31334161916851716,48,1312.0
4775.0,36,872.0,11.324675324675324,3.5690119454970106,23,936.0,0.1333490059055976,13,344.0,0.23479558241713674,36,1280.0
4780.0,37,767.0,10.226666666666667,3.6744879778277353,20,869.0,0.15202128490822414,17,344.0,0.11340796153850789,37,1213.0
4785.0,32,785.0,9.936708860759493,4.7679894694057925,15,828.0,0.2775962318588387,17,318.0,0.08630535965897446,32,1146.0
4790.0,29,672.0,9.205479452054794,4.75164186097912,13,768.0,0.3101738640560904,16,346.0,0.17100623468903126,29,1114.0
4795.0,32,487.0,7.057971014492754,3.8175031894949085,15,691.0,0.1960179647788527,17,339.0,0.24449048354266117,32,1030.0
4800.0,30,369.0,5.3478260869565215,3.1431508413253573,15,709.0,0.17480332551189556,15,375.0,0.21639983507827504,30,1084.0
4805.0,29,411.0,6.044117647058823,4.048659308133326,14,657.0,0.1681711364254423,15,362.0,0.27478389024974637,29,1019.0
4810.0,22,308.0,4.529411764705882,4.4824536736763765,10,628.0,0.19313416118301993,12,346.0,0.2238338545953825,22,974.0
4815.0,30,326.0,4.591549295774648,5.156936958532921,16,670.0,0.22466144729332968,14,271.0,0.2684929961980399,30,941.0
4820.0,33,414.0,6.0,4.730126059364461,19,676.0,0.18224738491379633,14,312.0,0.3687264580858632,33,988.0
4825.0,36,503.0,7.621212121212121,3.9114259595358476,20,631.0,0.22489255918035675,16,360.0,0.28166103490731625,36,991.0
4830.0,33,490.0,7.424242424242424,3.310750143097198,18,660.0,0.22187305398850216,15,343.0,0.2293331337916581,33,1003.0
4835.0,30,402.0,6.0,3.6945627733462776,16,652.0,0.2032951164889484,14,312.0,0.229607080222758,30,964.0
4840.0,27,476.0,6.898550724637682,4.9570601183852565,12,642.0,0.3366481250549378,15,314.0,0.21646653782263717,27,956.0
4845.0,26,482.0,6.885714285714286,4.988318303182022,14,652.0,0.30351292552043146,12,318.0,0.18166055566531178,26,970.0
4850.0,24,474.0,6.869565217391305,5.330894474825786,13,676.0,0.24127554062890366,11,275.0,0.30236818808691135,24,951.0
4855.0,30,567.0,8.590909090909092,4.495769809205579,18,725.0,0.14376004946448193,12,274.0,0.1490981625580025,30,999.0
4860.0,32,638.0,9.815384615384616,4.414605824878193,20,712.0,0.18899000874782423,12,318.0,0.14537147674225787,32,1030.0
4865.0,29,666.0,10.40625,4.380293678271062,18,614.0,0.24814378720827834,11,344.0,0.2315063737293864,29,958.0
4870.0,29,668.0,10.121212121212121,4.008362021827375,19,653.0,0.2823926318519945,10,338.0,0.28629497542907195,29,991.0
4875.0,25,607.0,8.926470588235293,4.852106483973678,12,632.0,0.36296584874018334,13,357.0,0.2863575692834273,25,989.0
4880.0,25,381.0,5.291666666666667,4.952515045816234,10,479.0,0.3165183995805527,15,423.0,0.22647469471521392,25,902.0
4885.0,28,461.0,6.22972972972973,4.9397687966353185,15,400.0,0.2966381108183575,13,467.0,0.2315947865998986,28,867.0
4890.0,31,483.0,6.616438356164384,4.36239181648056,20,378.0,0.20042301907390986,11,486.0,0.3130857334387553,31,864.0
4895.0,36,609.0,8.577464788732394,3.9580923398563193,25,400.0,0.19242783991777174,11,525.0,0.35175916608430374,36,925.0
4900.0,37,714.0,9.64864864864865,3.777711822104513,25,458.0,0.13183601974213316,12,571.0,0.3404442206915474,37,1029.0
4905.0,36,678.0,9.04,4.197216667418181,22,439.0,0.18226876724074326,14,581.0,0.28510345163063533,36,1020.0
4910.0,31,656.0,8.41025641025641,4.606934520680077,15,471.0,0.2315301812593761,16,565.0,0.265811273961957,31,1036.0
4915.0,33,714.0,9.037974683544304,4.366223466334765,18,467.0,0.22803136930188414,15,628.0,0.25163773375023735,33,1095.0
4920.0,40,776.0,10.210526315789474,3.9659716864285346,23,518.0,0.21816449898011409,17,683.0,0.23050998518775578,40,1201.0
4925.0,41,557.0,6.7926829268292686,4.368084997870986,23,528.0,0.21053671290696493,18,520.0,0.2908062456445344,41,1048.0
4930.0,40,553.0,6.35632183908046,4.704393356245959,27,557.0,0.2010292916530315,13,353.0,0.3648472488029423,40,910.0
4935.0,36,571.0,6.415730337078652,5.451743935036092,20,515.0,0.28381723714280976,16,408.0,0.3655576631991899,36,923.0
4940.0,34,495.0,5.823529411764706,4.436955193457255,18,485.0,0.265560035265116,16,395.0,0.20722272661983687,34,880.0
4945.0,42,460.0,5.348837209302325,3.626508597395652,21,545.0,0.19982512737631689,21,376.0,0.1548468639204421,42,921.0
4950.0,43,507.0,6.035714285714286,2.773643609289909,23,590.0,0.15190393176644237,20,431.0,0.15810371038278714,43,1021.0
4955.0,45,596.0,7.2682926829268295,3.2831981268228536,29,657.0,0.12922010467206682,16,449.0,0.22584540364995323,45,1106.0
4960.0,45,682.0,8.525,3.265961250463396,33,728.0,0.09312639353685857,12,474.0,0.29966501887874114,45,1202.0
4965.0,42,724.0,8.51764705882353,3.856917161284248,25,714.0,0.1812362543712994,17,496.0,0.19484496433129442,42,1210.0
4970.0,38,807.0,9.494117647058824,4.348559573834569,20,718.0,0.2676653766427267,18,549.0,0.11407933523545091,38,1267.0
4975.0,32,866.0,10.069767441860465,5.220521653322088,18,685.0,0.2926295486204084,14,583.0,0.21919922009653783,32,1268.0
4980.0,33,852.0,9.906976744186046,4.393271128722715,20,710.0,0.11641953427895402,13,567.0,0.2808840790412585,33,1277.0
4985.0,46,982.0,11.69047619047619,4.031008912513097,28,778.0,0.14641304441102332,18,562.0,0.2612089186569149,46,1340.0
4990.0,49,940.0,11.325301204819278,3.351178791011692,30,891.0,0.1921817588951277,19,510.0,0.21080269994738263,49,1401.0
4995.0,48,946.0,11.397590361445783,3.1518342871716847,28,966.0,0.17576786807022327,20,352.0,0.22797052551041405,48,1318.0
5000.0,45,958.0,10.764044943820224,3.7202874084358117,24,964.0,0.17599857275223932,21,391.0,0.23527372635672275,45,1355.0
5005.0,38,736.0,7.666666666666667,4.015686530554468,21,904.0,0.10565990273235264,17,374.0,0.2686385757170984,38,1278.0
5010.0,39,585.0,6.157894736842105,4.802598550944474,24,819.0,0.11346137928729319,15,369.0,0.3547807747768981,39,1188.0
5015.0,42,638.0,6.934782608695652,4.088661535658514,25,882.0,0.1227854797449094,17,381.0,0.26821361099442936,42,1263.0
5020.0,44,727.0,8.35632183908046,3.0943662964195573,21,889.0,0.1770411693846579,23,420.0,0.14269277504214725,44,1309.0
5025.0,48,860.0,9.662921348314606,2.812026477097115,20,901.0,0.1727144208501072,28,493.0,0.12387130837684406,48,1394.0
5030.0,49,1003.0,11.021978021978022,3.440822908306903,22,891.0,0.19004890440022407,27,561.0,0.2222229533688499,49,1452.0
5035.0,46,811.0,8.627659574468085,3.385386371436066,26,848.0,0.10281593338532717,20,557.0,0.29274587903726046,46,1405.0
5040.0,47,698.0,7.347368421052631,3.6450526406136317,30,772.0,0.121820714790778,17,498.0,0.2641939274835327,47,1270.0
5045.0,46,776.0,7.76,4.050934220668094,27,849.0,0.17900617385514608,19,481.0,0.24224688997372187,46,1330.0
5050.0,46,814.0,8.391752577319588,3.905647979840137,20,875.0,0.23494731530989135,26,549.0,0.16262692723445518,46,1424.0
5055.0,43,705.0,7.421052631578948,3.695385003546752,17,794.0,0.19243427316570025,26,596.0,0.1292669697203885,43,1390.0
5060.0,45,610.0,6.421052631578948,3.447917311499399,18,697.0,0.14030149934610137,27,635.0,0.10932035422270024,45,1332.0
5065.0,51,672.0,7.225806451612903,3.5449348136846326,23,737.0,0.1729828891703691,28,683.0,0.11241798875013906,51,1420.0
5070.0,46,694.0,7.711111111111111,3.726787060271339,20,725.0,0.21809195447532953,26,732.0,0.1198784933261246,46,1457.0
5075.0,42,590.0,6.704545454545454,3.4287139705750325,15,650.0,0.25199210724178583,27,711.0,0.04985612411400397,42,1361.0
5080.0,43,598.0,6.795454545454546,4.040841772714734,19,576.0,0.25463896577457623,24,747.0,0.13431507848823082,43,1323.0
5085.0,48,602.0,6.919540229885057,4.253695466150842,24,583.0,0.2541506143331563,24,740.0,0.22787933723794362,48,1323.0
5090.0,50,661.0,7.426966292134831,3.3110336254853165,25,583.0,0.19371352602958303,25,770.0,0.16959238981117353,50,1353.0
5095.0,49,584.0,6.712643678160919,3.277258733372202,29,645.0,0.10697963687471684,20,724.0,0.28272305222377514,49,1369.0
5100.0,40,578.0,6.49438202247191,3.6023269035359005,23,656.0,0.12209371834245172,17,733.0,0.2085681304097929,40,1389.0
5105.0,35,499.0,5.670454545454546,3.593250934865111,16,631.0,0.17718973265819693,19,719.0,0.11613311751474181,35,1350.0
5110.0,42,460.0,5.168539325842697,3.3196876336318706,18,562.0,0.17084568750799786,24,761.0,0.11346462670744531,42,1323.0
5115.0,47,528.0,5.802197802197802,3.3378228510076866,22,609.0,0.17622207695663586,25,768.0,0.12166094326850653,47,1377.0
5120.0,45,627.0,7.125,3.8676991810323176,19,615.0,0.2528797167141663,26,809.0,0.14690424405292313,45,1424.0
5125.0,35,496.0,5.7011494252873565,4.154495478106452,15,574.0,0.25766219852595335,20,745.0,0.14204620067688925,35,1319.0
5130.0,37,555.0,6.453488372093023,4.398241010629104,19,552.0,0.17861742352783566,18,723.0,0.21207044365958452,37,1275.0
5135.0,40,580.0,7.160493827160494,4.074626984649768,23,570.0,0.07179402268144656,17,722.0,0.2843966615159083,40,1292.0
5140.0,42,681.0,8.844155844155845,4.266809998026739,27,604.0,0.05479541385389668,15,711.0,0.307668659068709,42,1315.0
5145.0,45,805.0,10.320512820512821,3.829898130964689,27,671.0,0.10112204376362095,18,709.0,0.2413772424354472,45,1380.0
5150.0,45,888.0,12.0,3.4583449696312765,25,675.0,0.179088999880974,20,764.0,0.16936226222536618,45,1439.0
5155.0,43,957.0,12.932432432432432,2.8978941588047578,25,707.0,0.11002040477936796,18,793.0,0.19640282705246306,43,1500.0
5160.0,31,610.0,8.356164383561644,4.007815121629533,17,648.0,0.13109266075450943,14,702.0,0.2190078565769643,31,1350.0
5165.0,28,534.0,7.026315789473684,4.384780415998797,11,673.0,0.22482034111689503,17,613.0,0.14807319091500712,28,1286.0
5170.0,35,632.0,8.207792207792208,4.541204170468594,15,685.0,0.2515341530794103,20,678.0,0.20107331182538746,35,1363.0
5175.0,28,711.0,9.608108108108109,4.459423992482684,16,682.0,0.14285871160217745,12,708.0,0.3315714294774001,28,1390.0
5180.0,28,779.0,10.819444444444445,5.379673670573762,16,615.0,0.1811216442042526,12,744.0,0.3640245451117191,28,1359.0
5185.0,22,627.0,8.957142857142857,4.740978967432425,9,520.0,0.2502231362933384,13,656.0,0.17755479231707505,22,1176.0
5190.0,30,367.0,5.397058823529412,4.656786291640181,12,440.0,0.2898490860889239,18,507.0,0.16622317538321105,30,947.0
5195.0,33,441.0,6.890625,4.439341976221974,19,493.0,0.25593503732239403,14,416.0,0.2869466998391808,33,909.0
5200.0,33,490.0,7.777777777777778,3.5229974546814224,19,509.0,0.17326542139852702,14,405.0,0.2925293782141933,33,914.0
5205.0,31,511.0,7.742424242424242,3.2371882876437215,15,463.0,0.19540080426020012,16,432.0,0.14701421504529522,31,895.0
5210.0,32,560.0,8.0,4.264571659881613,13,439.0,0.3228958712660464,19,471.0,0.1195485967177698,32,910.0
5215.0,26,505.0,6.733333333333333,5.20665693086895,10,418.0,0.3557438769213065,16,458.0,0.2048706670347564,26,876.0
5220.0,31,592.0,7.8933333333333335,4.970289854793776,14,423.0,0.2797650172470019,17,463.0,0.2617207904820909,31,886.0
5225.0,37,635.0,8.14102564102564,4.318572112310528,22,498.0,0.14777552679633488,15,407.0,0.3473405297079825,37,905.0
5230.0,39,629.0,7.962025316455696,4.126023140069757,27,598.0,0.11728207400264168,12,386.0,0.3938193721275173,39,984.0
5235.0,39,737.0,9.448717948717949,3.7882048861641384,24,669.0,0.14010260568001354,15,368.0,0.3378041989718784,39,1037.0
5240.0,37,703.0,9.12987012987013,3.4175463055764737,17,669.0,0.15505302522484798,20,410.0,0.19808573386927142,37,1079.0
5245.0,38,764.0,9.794871794871796,4.022978659684,13,670.0,0.22359158293228504,25,466.0,0.15362999351763926,38,1136.0
5250.0,36,476.0,6.181818181818182,3.6085966690010887,10,512.0,0.2561972920586789,26,510.0,0.060537982273094273,36,1022.0
5255.0,34,437.0,5.531645569620253,4.3961597781884425,13,299.0,0.23332329787348446,21,525.0,0.17880123041783924,34,824.0
5260.0,35,444.0,5.6923076923076925,4.125835096255626,15,311.0,0.19666908636109365,20,576.0,0.18559266890216883,35,887.0
5265.0,41,589.0,7.3625,4.80188257565449,22,373.0,0.20617301386718906,19,622.0,0.2556026721387501,41,995.0
5270.0,37,682.0,9.216216216216216,4.245932973409227,21,408.0,0.2342075705237928,16,664.0,0.24067107814787972,37,1072.0
5275.0,32,664.0,9.222222222222221,4.680497905935237,14,352.0,0.20658792026119374,18,715.0,0.22368365790284253,32,1067.0
5280.0,26,527.0,7.5285714285714285,4.176094918106978,9,353.0,0.17021768119778663,17,668.0,0.15438518746189633,26,1021.0
5285.0,29,431.0,6.246376811594203,4.6160808370196715,14,414.0,0.14500055356202884,15,572.0,0.2281676020763491,29,986.0
5290.0,28,356.0,5.476923076923077,3.8252737248360678,17,428.0,0.15931740629322502,11,618.0,0.24470748266365086,28,1046.0
5295.0,33,429.0,6.402985074626866,4.003322880885901,19,442.0,0.1795135945539888,14,667.0,0.2551669772136751,33,1109.0
5300.0,37,535.0,8.23076923076923,4.226779818634718,17,420.0,0.188486689253137,20,753.0,0.2934471888339447,37,1173.0
5305.0,28,541.0,8.074626865671641,5.167163195972379,9,331.0,0.23517113879504245,19,848.0,0.27296014149501874,28,1179.0
5310.0,20,422.0,6.806451612903226,4.989121328614629,2,243.0,0.3155743866206979,18,855.0,0.1925313212534171,20,1098.0
5315.0,24,438.0,6.9523809523809526,4.546932429019604,9,269.0,0.23676999418267033,15,801.0,0.17580352696310036,24,1070.0
5320.0,30,480.0,7.868852459016393,3.9007347187184114,14,294.0,0.18595376083420628,16,782.0,0.19386292281145398,30,1076.0
5325.0,30,497.0,8.423728813559322,4.714296555092665,18,376.0,0.2112773991814047,12,680.0,0.31076201238273987,30,1056.0
5330.0,26,358.0,5.966666666666667,3.945922789400824,15,363.0,0.17008860218687627,11,604.0,0.2549111196228314,26,967.0
5335.0,22,204.0,3.090909090909091,4.869887317936165,10,264.0,0.25138058851143325,12,498.0,0.2313746060196279,22,762.0
5340.0,17,187.0,2.75,5.316648141480066,3,213.0,0.4068738476568931,14,465.0,0.1710585907138623,17,678.0
5345.0,18,231.0,3.3970588235294117,6.1017409965390295,6,215.0,0.4266601569680768,12,375.0,0.2750569534949831,18,590.0
5350.0,27,351.0,5.4,5.395074131395564,14,261.0,0.35012909556058347,13,362.0,0.34640779007845307,27,623.0
5355.0,31,425.0,6.343283582089552,3.921757976842375,20,274.0,0.2206352373919635,11,373.0,0.29253172148726014,31,647.0
5360.0,30,434.0,6.676923076923077,3.9062922616689937,16,249.0,0.229762105138344,14,400.0,0.19444002251750359,30,649.0
5365.0,28,366.0,5.630769230769231,4.000554779060969,12,246.0,0.275111258102873,16,371.0,0.11080607037898713,28,617.0
5370.0,19,318.0,5.0476190476190474,5.420464925834619,9,205.0,0.2731020065220101,10,319.0,0.22446662674483997,19,524.0
5375.0,24,352.0,6.068965517241379,5.0290818037021285,14,190.0,0.17147216431454293,10,333.0,0.26682717236561687,24,523.0
5380.0,26,380.0,6.551724137931035,4.775717413728024,17,226.0,0.1595806096189842,9,339.0,0.33510379195104156,26,565.0
5385.0,28,300.0,5.660377358490566,4.604063506203319,19,299.0,0.252979074264742,9,227.0,0.3329541420911603,28,526.0
5390.0,24,322.0,6.0754716981132075,4.614832137829612,17,340.0,0.214949855153318,7,157.0,0.37810463808540834,24,497.0
5395.0,18,242.0,4.481481481481482,4.597619270573757,10,304.0,0.24109080128363367,8,162.0,0.3013456474236427,18,466.0
5400.0,18,283.0,5.2407407407407405,5.915468975458202,10,263.0,0.30091842766214066,8,180.0,0.3606213473647047,18,443.0
5405.0,14,298.0,5.518518518518518,5.673153943149714,5,244.0,0.3340554834590571,9,186.0,0.30429941337031274,14,430.0
5410.0,23,389.0,6.706896551724138,6.135069288069126,12,275.0,0.18789881974065326,11,234.0,0.4364596495329484,23,509.0
5415.0,20,434.0,7.890909090909091,6.171277573964366,12,295.0,0.30107986004876996,8,259.0,0.44965744692067544,20,554.0
5420.0,16,475.0,9.313725490196079,6.36167702436949,8,277.0,0.3814497761828065,8,275.0,0.31314779184794744,16,552.0
5425.0,20,416.0,8.0,4.758120639982879,10,271.0,0.16925682185108973,10,260.0,0.24005532592650922,20,531.0
5430.0,22,489.0,8.89090909090909,5.916279520520916,12,289.0,0.23528568605953443,10,271.0,0.38049043884139194,22,560.0
5435.0,21,340.0,6.071428571428571,5.472623984995236,11,197.0,0.31189088026900696,10,291.0,0.39175304042730774,21,488.0
5440.0,21,430.0,7.413793103448276,6.018722081685382,12,194.0,0.3199309072892533,9,323.0,0.4634064195447357,21,517.0
5445.0,20,218.0,3.7586206896551726,5.373323501020648,12,184.0,0.30044249191500744,8,221.0,0.4175381203875693,20,405.0
5450.0,17,220.0,3.6666666666666665,5.910863051362031,7,149.0,0.3843136848529634,10,133.0,0.36364993646451843,17,282.0
5455.0,24,211.0,3.403225806451613,4.684163735691407,10,142.0,0.3535872921092223,14,161.0,0.15383855415835346,24,303.0
5460.0,23,280.0,4.375,6.191840592227701,9,153.0,0.4031200114250859,14,191.0,0.29454156457989733,23,344.0
5465.0,24,243.0,3.796875,5.57995120315693,11,172.0,0.36771425329991664,13,177.0,0.3344595830608262,24,349.0
5470.0,16,230.0,3.7096774193548385,5.860435227997033,8,175.0,0.37237297890445853,8,147.0,0.3042683124411834,16,322.0
5475.0,20,176.0,2.75,4.688584208671854,10,165.0,0.24343629681061288,10,149.0,0.19499796170056605,20,314.0
5480.0,31,283.0,4.223880597014926,4.230425875949703,15,161.0,0.16603666476551446,16,220.0,0.23805740740275458,31,381.0
5485.0,34,352.0,5.176470588235294,4.657910470175244,17,225.0,0.24432012488929342,17,250.0,0.2891150310417143,34,475.0
5490.0,27,421.0,6.682539682539683,5.098595452905513,12,253.0,0.3301957906330882,15,275.0,0.3128152214900268,27,528.0
5495.0,29,389.0,6.174603174603175,3.9048991305121565,15,252.0,0.2766154540747077,14,289.0,0.14610727015464925,29,541.0
5500.0,31,417.0,6.318181818181818,4.8354618725904865,13,274.0,0.3189847160216235,18,321.0,0.19124756039241844,31,595.0
5505.0,27,315.0,4.701492537313433,4.272848661719163,11,261.0,0.3384692801702432,16,317.0,0.243809991146916,27,578.0
5510.0,25,222.0,3.264705882352941,5.451587074847119,17,249.0,0.2770870911470522,8,243.0,0.4023308429768747,25,492.0
5515.0,25,272.0,3.9420289855072466,5.650438835915716,17,280.0,0.2077853631592342,8,185.0,0.48634380259413007,25,465.0
5520.0,21,325.0,4.779411764705882,6.0385539280123695,11,276.0,0.24548025201510895,10,190.0,0.3704090515887133,21,466.0
5525.0,26,370.0,5.4411764705882355,4.8548961436689515,14,303.0,0.2222877886330464,12,205.0,0.16973016894192317,26,508.0
5530.0,34,470.0,7.4603174603174605,4.273268688572727,18,320.0,0.2570457831101146,16,274.0,0.18167162935485856,34,594.0
5535.0,32,499.0,8.180327868852459,3.8265222759636384,18,379.0,0.2512749157832568,14,306.0,0.23140840830423257,32,685.0
5540.0,32,589.0,9.203125,4.021379382297264,19,416.0,0.22136948315181937,13,319.0,0.24431198769847767,32,735.0
5545.0,33,517.0,7.953846153846154,4.14113001639125,22,468.0,0.23915982916667244,11,276.0,0.2781711372813617,33,744.0
5550.0,26,453.0,6.7611940298507465,5.05817037022598,15,468.0,0.24249264732427578,11,165.0,0.3367855473614435,26,633.0
5555.0,26,477.0,7.2272727272727275,4.99322538697336,16,475.0,0.28441635261825804,10,165.0,0.29737505888390187,26,640.0
5560.0,24,434.0,6.2,5.235407094279862,17,480.0,0.16352849005195846,7,105.0,0.3500958713943956,24,585.0
5565.0,29,486.0,6.75,5.358201395169117,18,470.0,0.21083464130150462,11,119.0,0.3439778538851778,29,589.0
5570.0,33,479.0,6.942028985507246,4.9239646488038735,18,475.0,0.2570517330168054,15,186.0,0.2792028712656494,33,661.0
5575.0,29,434.0,6.477611940298507,4.64947853808025,17,421.0,0.3084078231213178,12,221.0,0.32336615809637137,29,642.0
5580.0,27,478.0,7.242424242424242,5.120699370954418,15,441.0,0.2953696360668605,12,220.0,0.37627756233787385,27,661.0
5585.0,25,417.0,6.043478260869565,4.953436167911669,15,416.0,0.18041945732090645,10,211.0,0.3431691694387404,25,627.0
5590.0,28,476.0,6.898550724637682,4.858494314592598,16,454.0,0.1954888038050178,12,208.0,0.24708559189720258,28,662.0
5595.0,34,561.0,8.014285714285714,4.619162605631657,21,505.0,0.1994889676510664,13,248.0,0.26787921594725506,34,753.0
5600.0,36,520.0,7.536231884057971,3.9659894489220946,22,499.0,0.17482048211741957,14,279.0,0.31336276176885747,36,778.0
5605.0,35,603.0,8.867647058823529,4.795454630884204,24,480.0,0.2060044777766149,11,313.0,0.3891199445975718,35,793.0
5610.0,31,659.0,9.984848484848484,4.502644696145777,21,519.0,0.1398983922633107,10,309.0,0.40422635974535504,31,828.0
5615.0,28,648.0,10.125,4.777837751649738,15,512.0,0.1963340271054897,13,357.0,0.32537280089912907,28,869.0
5620.0,24,453.0,6.969230769230769,4.361620085051226,12,531.0,0.20300412748297916,12,285.0,0.1487701562252127,24,816.0
5625.0,27,469.0,7.106060606060606,4.803014726555398,17,603.0,0.22269237976329717,10,146.0,0.19152416992040863,27,749.0
5630.0,30,393.0,6.338709677419355,4.600316076590278,19,544.0,0.2440983076293354,11,152.0,0.2637348289362309,30,696.0
5635.0,31,359.0,6.084745762711864,4.285274330512561,19,482.0,0.1884976028517477,12,203.0,0.31585596708828645,31,685.0
5640.0,32,372.0,6.413793103448276,3.083554256505131,21,510.0,0.14219267962438004,11,224.0,0.1781671659962324,32,734.0
5645.0,25,316.0,5.642857142857143,4.1056101703080214,15,454.0,0.13954617263778898,10,221.0,0.20027786010633702,25,675.0
5650.0,21,245.0,4.083333333333333,4.963291706170513,13,413.0,0.2502526062614536,8,187.0,0.20288700819885888,21,600.0
5655.0,16,253.0,4.015873015873016,7.19393670865421,10,375.0,0.39116268778246344,6,145.0,0.36125242327397644,16,520.0
5660.0,15,312.0,5.114754098360656,7.640494331175634,11,382.0,0.4508129411026425,4,160.0,0.4054224911421132,15,542.0
5665.0,18,323.0,5.383333333333334,6.983800159854508,9,383.0,0.3777267288903642,9,168.0,0.36007766850068396,18,551.0
5670.0,25,413.0,7.375,5.556445191757648,14,410.0,0.21333193266158015,11,214.0,0.27632387526290464,25,624.0
5675.0,27,474.0,8.464285714285714,4.819899231072483,15,398.0,0.1738145342040056,12,272.0,0.2853559969836077,27,670.0
5680.0,22,452.0,8.528301886792454,5.111268751985191,12,309.0,0.22703399612757147,10,292.0,0.36874992609311164,22,601.0
5685.0,17,445.0,9.081632653061224,4.979028807117157,9,330.0,0.30069431777197025,8,275.0,0.3423926087425217,17,605.0
5690.0,20,467.0,8.98076923076923,4.831556267602858,10,323.0,0.2619326343531498,10,315.0,0.23146411010787252,20,638.0
5695.0,27,555.0,10.471698113207546,4.652045980881593,14,362.0,0.19647397713230214,13,371.0,0.1265940192276937,27,733.0
5700.0,28,445.0,7.946428571428571,4.7445408340434865,17,415.0,0.18648268943457305,11,270.0,0.17179417651923576,28,685.0
5705.0,21,259.0,4.886792452830188,6.15232357052325,13,341.0,0.3005894466910827,8,159.0,0.3849817318567654,21,500.0
5710.0,22,305.0,6.1,5.930774684876785,14,307.0,0.3380865612126642,8,181.0,0.4332370054309287,22,488.0
5715.0,24,342.0,6.705882352941177,5.196977774932172,15,318.0,0.2276785023631849,9,180.0,0.46461881034475166,24,498.0
5720.0,20,251.0,4.826923076923077,5.3605694472863075,13,304.0,0.21357808207419368,7,161.0,0.5071145479570306,20,465.0
5725.0,19,191.0,3.6037735849056602,5.067879636522362,11,300.0,0.2635588102275995,8,109.0,0.37567886214189883,19,409.0
5730.0,14,102.0,1.8545454545454545,4.884734779968721,6,217.0,0.31487623433026524,8,117.0,0.20797862120553234,14,334.0
5735.0,16,159.0,2.890909090909091,6.390547845377211,9,210.0,0.38639661622802773,7,109.0,0.2190064222685113,16,319.0
5740.0,20,194.0,3.3448275862068964,5.6620327904905725,11,203.0,0.18897017146003361,9,135.0,0.2258969828611227,20,338.0
5745.0,23,274.0,4.9818181818181815,5.694762617151784,12,181.0,0.1821775175846609,11,180.0,0.3031242929636551,23,361.0
5750.0,21,320.0,6.037735849056604,4.751989497871691,12,220.0,0.2455555523815539,9,205.0,0.31398939925293334,21,425.0
5755.0,19,369.0,7.235294117647059,5.874912754313419,10,233.0,0.30703259237068264,9,216.0,0.3491372668139561,19,449.0
5760.0,20,270.0,5.09433962264151,5.35585105681159,12,202.0,0.23794155022718416,8,170.0,0.2813929574165226,20,372.0
5765.0,27,358.0,5.966666666666667,5.9324463052286385,17,281.0,0.23859345503043491,10,152.0,0.3402550496179285,27,433.0
5770.0,25,358.0,6.172413793103448,5.584226248249602,14,270.0,0.3293576517500258,11,200.0,0.3811466300185656,25,470.0
5775.0,27,460.0,7.931034482758621,5.235666674580774,15,278.0,0.2950979589275725,12,263.0,0.4275404165530732,27,541.0
5780.0,27,375.0,5.9523809523809526,4.1116763279777055,15,303.0,0.2111716400372994,12,231.0,0.3383242310525345,27,534.0
5785.0,24,397.0,6.015151515151516,5.370714106631834,13,306.0,0.3321391669359433,11,183.0,0.2775457223251793,24,489.0
5790.0,28,387.0,6.046875,4.1951994685522624,12,280.0,0.21396591440047533,16,242.0,0.16736415573993255,28,522.0
5795.0,35,386.0,5.848484848484849,4.378187954338125,16,295.0,0.25555801831738195,19,328.0,0.12172554260569134,35,623.0
5800.0,30,321.0,4.863636363636363,3.7874783787650106,13,338.0,0.25307131580296277,17,342.0,0.16320479666980556,30,680.0
5805.0,22,296.0,4.417910447761194,5.331927088312429,11,353.0,0.2955272559024047,11,293.0,0.29249436306759674,22,646.0
5810.0,23,223.0,3.328358208955224,4.9937325497169285,15,361.0,0.22133472668054874,8,262.0,0.2747437517037521,23,623.0
5815.0,31,304.0,4.405797101449275,5.649035963297202,19,405.0,0.28707505486921153,12,228.0,0.23297034136305306,31,633.0
5820.0,29,391.0,5.924242424242424,4.750850527244424,18,478.0,0.25761714891267956,11,237.0,0.274657930505567,29,715.0
5825.0,27,471.0,7.029850746268656,5.392212013349487,19,527.0,0.20487134659392306,8,223.0,0.41931351338843814,27,750.0
5830.0,26,500.0,7.575757575757576,5.374039462350628,18,538.0,0.2387679714736171,8,225.0,0.3077211215231823,26,763.0
5835.0,31,497.0,7.3088235294117645,5.114663004627288,17,500.0,0.23426760267380112,14,286.0,0.2669092400963491,31,786.0
5840.0,29,328.0,4.895522388059701,3.757559347798788,17,555.0,0.15841124100818127,12,234.0,0.2884771791248551,29,789.0
5845.0,25,348.0,5.3538461538461535,4.565729348127082,15,597.0,0.22391150605360477,10,173.0,0.3113872671771681,25,770.0
5850.0,26,284.0,4.176470588235294,4.44888389818937,16,609.0,0.2626419609458752,10,184.0,0.21355881983309744,26,793.0
5855.0,25,317.0,4.342465753424658,5.689103950412988,17,626.0,0.28222660102064984,8,157.0,0.3352875782753069,25,783.0
5860.0,29,374.0,5.420289855072464,5.020107171456668,19,624.0,0.2272201559552358,10,174.0,0.3445264989136632,29,798.0
5865.0,34,458.0,6.735294117647059,4.499300616983161,21,652.0,0.1996538080828867,13,222.0,0.359727785579965,34,874.0
5870.0,31,303.0,4.328571428571428,3.5028567488965616,18,666.0,0.17596518861682225,13,193.0,0.22990929444641153,31,859.0
5875.0,34,329.0,4.633802816901408,4.005558178120661,15,630.0,0.2675114921414241,19,250.0,0.20782210901106712,34,880.0
5880.0,37,407.0,5.652777777777778,3.509541059844736,20,682.0,0.17970368986782553,17,292.0,0.25327869841833384,37,974.0
5885.0,34,455.0,6.232876712328767,3.809900379765909,22,768.0,0.11412239663383371,12,296.0,0.31678299666242393,34,1064.0
5890.0,36,422.0,5.702702702702703,3.1613052295144466,28,843.0,0.03916630929222044,8,274.0,0.3087799497439321,36,1117.0
5895.0,35,394.0,5.116883116883117,3.689382956779458,23,886.0,0.1528379016180109,12,235.0,0.19792352901762877,35,1121.0
5900.0,37,532.0,6.909090909090909,4.230076264027315,23,960.0,0.21628860851281495,14,260.0,0.2123617133539284,37,1220.0
5905.0,36,612.0,7.555555555555555,4.394291209694807,23,1024.0,0.19250614825773846,13,261.0,0.1895429895405242,36,1285.0
5910.0,38,750.0,9.868421052631579,3.96828115791224,28,1150.0,0.17384566784191596,10,272.0,0.20890232580549334,38,1422.0
5915.0,41,835.0,10.844155844155845,3.558780152630792,26,1136.0,0.19568957144439747,15,258.0,0.16223165076741727,41,1394.0
5920.0,40,779.0,10.386666666666667,3.578495768428229,23,1150.0,0.17308686030587106,17,297.0,0.20656796569460412,40,1447.0
5925.0,33,638.0,9.114285714285714,3.737587692806204,20,1231.0,0.16213696890624404,13,307.0,0.28282923079900585,33,1538.0
5930.0,30,456.0,6.162162162162162,3.81338375459231,17,1259.0,0.11858467891576942,13,310.0,0.1628281274114698,30,1569.0
5935.0,34,257.0,3.3815789473684212,3.72594562422553,16,1214.0,0.09056454611053434,18,305.0,0.12073368287489936,34,1519.0
5940.0,41,374.0,5.123287671232877,4.089413055854307,20,1191.0,0.1263448251459965,21,382.0,0.19300292010626557,41,1573.0
5945.0,38,473.0,6.855072463768116,3.9602193316410848,18,1256.0,0.19100568924075434,20,438.0,0.22240626106363312,38,1694.0
5950.0,38,566.0,8.202898550724637,3.7413959147136278,19,1284.0,0.24208648019867815,19,469.0,0.1347824133215699,38,1753.0
5955.0,34,547.0,8.164179104477611,3.9286161400010227,18,1242.0,0.17185238801074235,16,428.0,0.18585739024676037,34,1670.0
5960.0,30,376.0,5.449275362318841,3.91551032399817,18,1081.0,0.1298029687503119,12,399.0,0.2403803038164403,30,1480.0
5965.0,32,403.0,6.014925373134329,4.116964978745966,17,938.0,0.21524165924742086,15,420.0,0.2367093378042003,32,1358.0
5970.0,35,460.0,6.666666666666667,4.008256357687421,14,814.0,0.2853071328207743,21,508.0,0.22098893895104096,35,1322.0
5975.0,32,436.0,6.055555555555555,3.654925076991688,10,826.0,0.29185578865909584,22,537.0,0.23113272397656412,32,1363.0
5980.0,23,400.0,5.47945205479452,4.494394613294707,10,815.0,0.2651678404043143,13,497.0,0.3041556156204671,23,1312.0
5985.0,19,373.0,5.180555555555555,4.873837755069466,9,746.0,0.23285957378276964,10,445.0,0.3088396476327535,19,1191.0
5990.0,27,365.0,4.9324324324324325,4.702254080892557,14,637.0,0.20380380825655423,13,406.0,0.27703941629445455,27,1043.0
5995.0,31,485.0,6.736111111111111,3.9925748609039124,14,554.0,0.26683590149960534,17,475.0,0.22149382493664918,31,1029.0
6000.0,37,605.0,8.642857142857142,3.2997721413140018,14,579.0,0.24390493818683892,23,572.0,0.18996250235825218,37,1151.0
6005.0,40,680.0,9.315068493150685,3.1337097931223505,14,590.0,0.2374414440878294,26,625.0,0.1527202326407314,40,1215.0
6010.0,35,579.0,7.51948051948052,3.6930329354761353,15,547.0,0.20504931110806413,20,664.0,0.17627876242472243,35,1211.0
6015.0,34,456.0,5.7,4.352972241711631,18,571.0,0.21881267030684867,16,551.0,0.20737499477449012,34,1122.0
6020.0,38,517.0,6.4625,4.200604146538763,18,631.0,0.19396280339023864,20,455.0,0.2050829563127266,38,1086.0
6025.0,42,641.0,8.662162162162161,3.929879026291998,18,675.0,0.2737045809185264,24,547.0,0.13477666752724943,42,1222.0
6030.0,43,790.0,11.44927536231884,3.5736124704987544,15,634.0,0.24793466259516422,28,658.0,0.11752303452770796,43,1292.0
6035.0,38,758.0,10.82857142857143,3.7501843669920243,11,600.0,0.3187918413028949,27,704.0,0.13759599745282586,38,1304.0
6040.0,33,675.0,9.642857142857142,3.589018978148036,8,603.0,0.3203514687703261,25,727.0,0.14828723691357248,33,1330.0
6045.0,35,719.0,10.126760563380282,3.8314115875802286,14,638.0,0.27471483432239113,21,738.0,0.17438960495713993,35,1376.0
6050.0,35,426.0,5.835616438356165,4.083536219047886,18,570.0,0.24635724940259407,17,659.0,0.19850077677790115,35,1229.0
6055.0,28,264.0,3.5675675675675675,4.066813421011355,16,538.0,0.22471220622988206,12,640.0,0.15897260251675915,28,1178.0
6060.0,35,341.0,4.4868421052631575,4.018912946987513,17,498.0,0.22546156182526997,18,643.0,0.19287734850882127,35,1141.0
6065.0,36,410.0,5.466666666666667,3.8402897786980383,17,416.0,0.19328865415273064,19,653.0,0.21485184093831577,36,1069.0
6070.0,33,405.0,5.5479452054794525,4.092704636226311,18,451.0,0.1726137176895456,15,584.0,0.2580988617505709,33,1035.0
6075.0,23,376.0,5.222222222222222,4.953906235013112,12,423.0,0.2062705656367812,11,530.0,0.24704634301555448,23,953.0
6080.0,25,365.0,4.9324324324324325,5.178480677070821,14,422.0,0.17901357027241022,11,476.0,0.2744036197441288,25,898.0
6085.0,35,503.0,6.890410958904109,4.558988731398246,19,421.0,0.14508560270096885,16,489.0,0.265823837801438,35,910.0
6090.0,42,616.0,8.67605633802817,4.316222747067338,22,527.0,0.17973038444969175,20,497.0,0.3228440834057444,42,1024.0
6095.0,35,565.0,8.18840579710145,3.7567392038630594,19,549.0,0.2285541975891842,16,421.0,0.23382110821350544,35,970.0
6100.0,35,538.0,7.472222222222222,3.5580444176364705,16,517.0,0.2376227231108477,19,456.0,0.19409937726886792,35,973.0
6105.0,34,459.0,6.287671232876712,3.9217690926363793,17,486.0,0.16462367730336744,17,447.0,0.25240408560810323,34,933.0
6110.0,38,529.0,7.148648648648648,4.512616870456512,21,515.0,0.12113695949469587,17,435.0,0.31537972823661814,38,950.0
6115.0,33,579.0,8.041666666666666,4.9319401771312625,19,554.0,0.15499645207926277,14,437.0,0.36488606986864885,33,991.0
6120.0,33,654.0,9.083333333333334,4.635544729935629,18,567.0,0.2578633246351973,15,411.0,0.2653983670148902,33,978.0
6125.0,35,624.0,8.32,3.685616611724719,17,520.0,0.2549000896743914,18,475.0,0.16484470928202655,35,995.0
6130.0,25,415.0,5.608108108108108,4.979582114019692,9,359.0,0.3158083289570039,16,533.0,0.21832308924368007,25,892.0
6135.0,22,349.0,4.716216216216216,4.800931843263764,9,381.0,0.2759197821818382,13,525.0,0.18869623407691463,22,906.0
6140.0,32,374.0,5.123287671232877,4.042082878608595,16,451.0,0.22062455307375128,16,521.0,0.13136079152242844,32,972.0
6145.0,39,487.0,6.407894736842105,3.8973352585474923,20,444.0,0.23082176914978733,19,580.0,0.15488844168906157,39,1024.0
6150.0,27,522.0,7.25,4.70364156087236,14,372.0,0.20984150860969897,13,603.0,0.2821504954383916,27,975.0
6155.0,26,534.0,7.628571428571429,5.592538915496666,13,321.0,0.307891646954023,13,538.0,0.2565710634222632,26,859.0
6160.0,29,458.0,6.450704225352113,5.6535536255384,14,355.0,0.3009471759403019,15,428.0,0.21626650897726218,29,783.0
6165.0,33,490.0,7.101449275362318,4.052550800983176,17,365.0,0.20516853041097521,16,456.0,0.1415179447008921,33,821.0
6170.0,37,614.0,9.029411764705882,4.137356041722513,20,435.0,0.23958868710134792,17,468.0,0.1955679466266303,37,903.0
6175.0,33,568.0,8.738461538461538,3.647850793164797,20,425.0,0.25074613831978576,13,488.0,0.20351838550021809,33,913.0
6180.0,30,446.0,6.656716417910448,4.234314705461817,18,414.0,0.1893266768559347,12,457.0,0.25035452369635397,30,871.0
6185.0,31,497.0,7.53030303030303,4.274189683851932,16,453.0,0.0990266797616106,15,484.0,0.25613406166198543,31,937.0
6190.0,28,459.0,6.954545454545454,4.531608173020881,13,441.0,0.11007202717633945,15,518.0,0.23174378287262784,28,959.0
6195.0,22,394.0,5.880597014925373,4.897797406386637,11,408.0,0.20386728271167517,11,544.0,0.2163516414246127,22,952.0
6200.0,28,323.0,5.046875,4.982810114133774,16,426.0,0.22575032648674398,12,466.0,0.26708527405400767,28,892.0
6205.0,29,421.0,6.682539682539683,4.901256658911046,16,468.0,0.2765013704823136,13,453.0,0.27112076190129675,29,921.0
6210.0,21,448.0,7.466666666666667,5.046200143662186,9,416.0,0.32901831809049265,12,494.0,0.21207917550455274,21,910.0
6215.0,26,556.0,9.266666666666667,5.676650404796913,12,415.0,0.2636733285905599,14,513.0,0.2242511642845571,26,928.0
6220.0,25,613.0,10.75438596491228,5.153890505366045,14,473.0,0.12019688732960258,11,530.0,0.20881707979043707,25,1003.0
6225.0,29,702.0,11.7,5.287878198720984,19,549.0,0.1446018844926519,10,521.0,0.2670319925366672,29,1070.0
6230.0,26,707.0,12.403508771929825,5.060855607540185,18,639.0,0.26017474481905617,8,441.0,0.3206871463090316,26,1080.0
6235.0,23,500.0,9.090909090909092,4.699437461570742,16,616.0,0.31189081426858045,7,272.0,0.30190934820697934,23,888.0
6240.0,25,348.0,6.327272727272727,4.535092248694574,14,510.0,0.3325128399745542,11,288.0,0.2817210821679603,25,798.0
6245.0,27,421.0,7.258620689655173,4.906360587760469,13,434.0,0.3422348388240739,14,348.0,0.28924501271512604,27,782.0
6250.0,30,427.0,6.887096774193548,4.248123901644444,16,466.0,0.21781886068534445,14,379.0,0.3195795861077876,30,845.0
6255.0,29,473.0,7.754098360655738,3.8665048662836465,17,478.0,0.231850908548382,12,408.0,0.2836470361435325,29,886.0
6260.0,33,433.0,6.462686567164179,3.41269418931055,20,489.0,0.21818724264431974,13,350.0,0.22044958769010764,33,839.0
6265.0,30,365.0,5.140845070422535,4.48676367273662,12,420.0,0.3662155062635575,18,311.0,0.1546825373989545,30,731.0
6270.0,27,338.0,4.506666666666667,5.1300880520301675,10,368.0,0.4489870125823214,17,305.0,0.11599852510888517,27,673.0
6275.0,24,265.0,3.6301369863013697,5.093591163412371,13,341.0,0.2595182467872678,11,265.0,0.23895913411547356,24,606.0
6280.0,26,275.0,3.8732394366197185,5.319523914689513,16,275.0,0.15419814587325303,10,246.0,0.4071457520396645,26,521.0
6285.0,30,373.0,5.328571428571428,5.269208577259822,20,312.0,0.13502418846526437,10,247.0,0.4196007483457662,30,559.0
6290.0,28,449.0,7.015625,4.9394087142194625,15,326.0,0.22010292372598558,13,296.0,0.2516162181771327,28,622.0
6295.0,26,518.0,8.09375,4.5416285783799095,15,363.0,0.2190374087788092,11,305.0,0.13172117982789244,26,668.0
6300.0,34,629.0,9.676923076923076,4.53124921966404,21,400.0,0.2430865523745769,13,363.0,0.18614659589305216,34,763.0
6305.0,27,563.0,8.796875,4.95991704154685,17,421.0,0.28477713213244293,10,358.0,0.34955825106591587,27,779.0
6310.0,26,470.0,7.121212121212121,5.062938933289554,19,404.0,0.28600901656221783,7,278.0,0.363318916712584,26,682.0
6315.0,28,415.0,6.102941176470588,4.412453554797325,22,455.0,0.22356056400569288,6,234.0,0.37263177145226917,28,689.0
6320.0,30,417.0,5.712328767123288,4.718934904154125,19,465.0,0.17260002670555033,11,185.0,0.3664198039635307,30,650.0
6325.0,35,420.0,5.7534246575342465,4.746152662486748,22,478.0,0.1917605543694345,13,240.0,0.31411960010655576,35,718.0
6330.0,35,392.0,5.52112676056338,4.058849725238892,24,465.0,0.15299213100078504,11,240.0,0.29624901563504474,35,705.0
6335.0,35,496.0,7.085714285714285,3.931948327249171,27,537.0,0.09248146458255281,8,230.0,0.3210930684833311,35,767.0
6340.0,32,614.0,8.771428571428572,4.531823646704697,23,606.0,0.08191707251091794,9,253.0,0.35403869274224026,32,859.0
6345.0,30,616.0,8.8,5.263985732465821,22,629.0,0.14976607183888344,8,261.0,0.3460304670530551,30,890.0
6350.0,32,590.0,8.93939393939394,5.077377338087402,21,646.0,0.18403895820980234,11,302.0,0.3350818742652081,32,948.0
6355.0,27,333.0,5.459016393442623,4.175841139178858,16,637.0,0.20953515796843064,11,256.0,0.29836085796030537,27,893.0
6360.0,28,278.0,4.557377049180328,4.043589041890034,21,639.0,0.15392858887280264,7,154.0,0.3635070645695733,28,793.0
6365.0,30,344.0,5.212121212121212,4.031440265029545,23,691.0,0.1683423562533836,7,170.0,0.34341256163907646,30,861.0
6370.0,36,453.0,6.7611940298507465,4.59110717574833,25,761.0,0.24637647314438382,11,218.0,0.32046594374868304,36,979.0
6375.0,36,424.0,6.057142857142857,3.8276012493658795,24,817.0,0.2055606502779039,12,220.0,0.24881290809440007,36,1037.0
6380.0,26,309.0,4.681818181818182,4.374625576361397,19,792.0,0.14984910715602945,7,186.0,0.3515036592391555,26,978.0
6385.0,26,329.0,4.984848484848484,4.2598480668380585,19,791.0,0.08830882878598079,7,211.0,0.34721399310244083,26,1002.0
6390.0,33,337.0,4.955882352941177,3.7245675336587323,21,758.0,0.08934551292560464,12,262.0,0.2346987176970414,33,1020.0
6395.0,31,287.0,4.415384615384616,3.7003417344049367,18,827.0,0.18698352408921576,13,251.0,0.26324957380115727,31,1078.0
6400.0,37,432.0,6.6461538461538465,3.948910847831261,22,918.0,0.2056703093936706,15,266.0,0.3065662879941063,37,1184.0
6405.0,38,525.0,7.608695652173913,3.1628809428340463,25,961.0,0.17168478610371435,13,282.0,0.2555193822146158,38,1243.0
6410.0,35,543.0,7.757142857142857,3.549070953109243,25,942.0,0.1767305249959587,10,238.0,0.2537702587214101,35,1180.0
6415.0,31,635.0,8.466666666666667,4.024392564364046,24,937.0,0.16430902358701963,7,243.0,0.32937848405392817,31,1180.0
6420.0,38,799.0,10.243589743589743,4.387113655917345,27,919.0,0.17284878878146487,11,257.0,0.3163598433280907,38,1176.0
6425.0,40,804.0,10.05,3.978312322945618,26,919.0,0.17634962261088252,14,264.0,0.3282716691738349,40,1183.0
6430.0,29,561.0,6.841463414634147,4.320719712124593,17,801.0,0.1809082942799366,12,233.0,0.28666790894014427,29,1034.0
6435.0,21,262.0,3.234567901234568,4.851174210144667,13,736.0,0.2096281158963257,8,158.0,0.3161188114496077,21,894.0
6440.0,33,288.0,3.388235294117647,4.48745311776505,19,651.0,0.1624200016493572,14,212.0,0.2645760509839562,33,863.0
6445.0,45,391.0,4.546511627906977,3.757733781015832,27,744.0,0.13388457358039635,18,264.0,0.2716412657669292,45,1008.0
6450.0,52,561.0,6.6,3.947826176451208,28,841.0,0.18956245132161537,24,333.0,0.2858615175187432,52,1174.0
6455.0,50,620.0,7.045454545454546,3.414055751481621,27,903.0,0.2071224032347034,23,396.0,0.23656028804263118,50,1299.0
6460.0,49,679.0,7.804597701149425,3.5416611274000727,28,967.0,0.14000631233385985,21,403.0,0.2641852675946358,49,1370.0
6465.0,46,744.0,8.454545454545455,3.4238303264239933,31,1028.0,0.0873403058854762,15,424.0,0.28682992624341586,46,1452.0
6470.0,46,857.0,9.417582417582418,3.549512698501736,30,1118.0,0.12756739788281043,16,435.0,0.252187583905098,46,1553.0
6475.0,48,805.0,8.655913978494624,2.9840969927914163,27,1086.0,0.14725331564050176,21,419.0,0.18587045362540866,48,1505.0
6480.0,49,611.0,6.431578947368421,3.325477693080186,21,910.0,0.19997651952832615,28,500.0,0.15417646718435982,49,1410.0
6485.0,49,568.0,5.916666666666667,3.5212858109518232,17,737.0,0.21497931243901988,32,580.0,0.14569741349189438,49,1317.0
6490.0,35,444.0,4.625,3.8392057560876807,9,675.0,0.20029282076063307,26,587.0,0.1567829955338245,35,1262.0
6495.0,33,402.0,4.231578947368421,4.1117525605597685,14,688.0,0.21715354296092299,19,606.0,0.19608024487759393,33,1294.0
6500.0,38,452.0,4.757894736842105,4.113501301931145,19,729.0,0.17832197113872472,19,598.0,0.2199684257152888,38,1327.0
6505.0,46,584.0,6.488888888888889,2.7075003798758064,23,767.0,0.16224934587064563,23,652.0,0.15701343712687138,46,1419.0
6510.0,50,719.0,7.731182795698925,2.647988973348428,26,758.0,0.05176341514274342,24,662.0,0.17886026959929613,50,1420.0
6515.0,43,746.0,8.197802197802197,3.7439434888237946,22,680.0,0.13412159658526995,21,698.0,0.2028878270925822,43,1378.0
6520.0,36,691.0,7.43010752688172,4.516038615815604,15,600.0,0.24014035343229492,21,713.0,0.194430655232944,36,1313.0
6525.0,37,788.0,8.473118279569892,4.41926690690025,11,504.0,0.3344449519403563,26,771.0,0.11411851868517778,37,1275.0
6530.0,38,723.0,7.945054945054945,4.296427494320479,8,404.0,0.379529692500446,30,849.0,0.07744713595508187,38,1253.0
6535.0,38,803.0,9.229885057471265,4.2992210213038335,13,355.0,0.33404898429243485,25,874.0,0.14368213896197993,38,1229.0
6540.0,40,913.0,10.144444444444444,3.730330219816342,17,372.0,0.17696347236922236,23,957.0,0.19730270426759117,40,1329.0
6545.0,41,1018.0,11.568181818181818,3.784746599779817,14,357.0,0.2455071694186294,27,1047.0,0.10964282101079605,41,1404.0
6550.0,43,1168.0,13.581395348837209,3.7969843389509577,14,348.0,0.3169878475794952,29,1132.0,0.03398242987879264,43,1480.0
6555.0,36,1266.0,15.25301204819277,3.7846582485847167,11,383.0,0.2197755923993446,25,1175.0,0.10392659339168472,36,1558.0
6560.0,38,1110.0,13.214285714285714,3.624127158254546,17,438.0,0.10064133747075706,21,1109.0,0.18806211702881592,38,1547.0
6565.0,42,849.0,10.353658536585366,4.318850595617196,21,446.0,0.15187005502834922,21,967.0,0.25813915512282515,42,1413.0
6570.0,38,643.0,8.0375,4.079728353201874,20,453.0,0.20310816898866138,18,915.0,0.24011661987890365,38,1368.0
6575.0,42,461.0,5.7625,3.5423361248651304,20,466.0,0.22197430845645927,22,760.0,0.17451626959460448,42,1226.0
6580.0,47,605.0,7.658227848101266,3.205353181675263,23,494.0,0.22125040977846946,24,804.0,0.14738681935688222,47,1298.0
6585.0,44,607.0,7.226190476190476,3.0526315630267247,22,517.0,0.07142309366968057,22,801.0,0.2165582801994105,44,1318.0
6590.0,35,512.0,5.885057471264368,4.2633191306747085,17,475.0,0.16175186183981463,18,826.0,0.25509571219631844,35,1301.0
6595.0,30,473.0,5.314606741573034,5.539508175977895,10,418.0,0.3291783132188335,20,868.0,0.21878972445487346,30,1286.0
6600.0,34,525.0,6.104651162790698,4.511981769474274,7,408.0,0.3734614619725824,27,909.0,0.04921992277683021,34,1317.0
6605.0,47,639.0,7.517647058823529,3.5280865466022866,15,416.0,0.1967287140964607,32,934.0,0.09040721933840315,47,1350.0
6610.0,49,772.0,10.025974025974026,2.589289631771392,21,470.0,0.1734589411386775,28,1003.0,0.1372880135200099,49,1473.0
6615.0,54,955.0,12.243589743589743,2.4061656960048112,28,579.0,0.14060037334369457,26,1078.0,0.10825563900003432,54,1657.0
6620.0,46,888.0,11.384615384615385,2.716704994764426,26,614.0,0.10693019156042805,20,1087.0,0.13822263353898093,46,1701.0
6625.0,46,1076.0,13.283950617283951,3.640783320633468,26,680.0,0.1339253191275714,20,1167.0,0.21950295521423902,46,1847.0
6630.0,56,1313.0,16.01219512195122,2.9536062037137767,27,798.0,0.17224844459551003,29,1289.0,0.17292833403056343,56,2087.0
6635.0,58,1556.0,19.209876543209877,1.8785325072728047,28,932.0,0.11195875559430912,30,1369.0,0.0981435342140505,58,2301.0
6640.0,53,1600.0,20.0,2.0482346982671666,28,947.0,0.06344898022839839,25,1390.0,0.13679291248074366,53,2337.0
6645.0,44,1447.0,18.0875,3.218232381904225,21,834.0,0.11830487838812069,23,1464.0,0.17332958463417195,44,2298.0
6650.0,40,1344.0,16.8,3.7515490084085767,13,702.0,0.21134894042596233,27,1581.0,0.11278390289491079,40,2283.0
6655.0,41,1430.0,17.875,4.105089854182728,7,485.0,0.35654629141305194,34,1740.0,0.07442339998316681,41,2225.0
6660.0,44,1277.0,15.9625,3.6792678194855926,9,510.0,0.332211152347931,35,1657.0,0.04741387370276771,44,2167.0
6665.0,43,995.0,12.134146341463415,3.803948763420785,14,573.0,0.23511008600435704,29,1352.0,0.10988262589223818,43,1925.0
6670.0,45,919.0,11.4875,3.970428523437154,20,662.0,0.2760287179991016,25,1353.0,0.17724184844291532,45,2015.0
6675.0,39,752.0,8.952380952380953,3.979906980541002,22,700.0,0.24455243449040992,17,1258.0,0.2351187542879596,39,1958.0
6680.0,35,703.0,8.46987951807229,4.082342642843132,23,798.0,0.25126977643288595,12,1185.0,0.2489903969305237,35,1983.0
6685.0,42,859.0,10.226190476190476,3.479265541405355,24,904.0,0.2029034536702318,18,1145.0,0.19574459208584064,42,2049.0
6690.0,46,1042.0,11.577777777777778,3.8197252714208716,26,1016.0,0.22218173455696244,20,1025.0,0.17974141702677748,46,2041.0
6695.0,41,1055.0,11.988636363636363,3.8338698863643956,22,997.0,0.26561427170163887,19,1084.0,0.19471085469020835,41,2081.0
6700.0,42,933.0,10.252747252747254,3.6112540555075623,18,828.0,0.23674557454340103,24,1161.0,0.1653997007373267,42,1989.0
6705.0,41,937.0,10.52808988764045,3.6145823626212996,17,671.0,0.266469396341282,24,1191.0,0.12335091427908598,41,1862.0
6710.0,38,966.0,10.615384615384615,4.0470914192143965,16,616.0,0.2522929222983604,22,1167.0,0.15257232244913022,38,1783.0
6715.0,41,1075.0,12.07865168539326,4.103666615375125,21,663.0,0.1574544097903357,20,1165.0,0.23792933167752123,41,1828.0
6720.0,42,1145.0,13.011363636363637,4.022012034013655,18,718.0,0.18370464745155465,24,1098.0,0.21238338034473644,42,1816.0
6725.0,43,857.0,9.417582417582418,3.933461620857259,19,762.0,0.20953574862715799,24,997.0,0.19178608125333993,43,1759.0
6730.0,42,748.0,8.597701149425287,3.578916214708276,22,778.0,0.16969503812495557,20,805.0,0.22556972470295997,42,1583.0
6735.0,41,815.0,9.702380952380953,3.115580741803144,16,747.0,0.21378522129110383,25,901.0,0.1272432222585304,41,1648.0
6740.0,46,993.0,11.68235294117647,3.3344052319662296,12,713.0,0.2855562363368018,34,1044.0,0.05877267053636081,46,1757.0
6745.0,45,673.0,8.108433734939759,3.5531687116314514,10,537.0,0.3286783366986038,35,1136.0,0.03513738441390808,45,1673.0
6750.0,39,511.0,6.156626506024097,3.8955877676086894,13,276.0,0.20725049558804026,26,1130.0,0.16738611935163716,39,1406.0
6755.0,43,595.0,7.345679012345679,3.332750745785727,20,358.0,0.10720862757631704,23,1084.0,0.21458785769243777,43,1442.0
6760.0,45,580.0,7.160493827160494,3.55146548988956,21,382.0,0.16828046493530954,24,1113.0,0.1943160811254249,45,1495.0
6765.0,37,475.0,5.7926829268292686,3.4326483177451954,16,424.0,0.25958456529995166,21,1022.0,0.15439794735993131,37,1446.0
6770.0,35,337.0,4.011904761904762,3.7764752784039413,11,396.0,0.308263253713695,24,990.0,0.14325894043253828,35,1386.0
6775.0,36,361.0,4.149425287356322,4.2791010172299995,13,372.0,0.3156294251760546,23,997.0,0.1743132597953786,36,1369.0
6780.0,34,384.0,4.129032258064516,4.962097705850677,14,367.0,0.3035641252745294,20,926.0,0.1780194916345102,34,1293.0
6785.0,28,379.0,4.211111111111111,5.264282132380073,13,376.0,0.2420780421995365,15,881.0,0.25113108783292665,28,1257.0
6790.0,36,424.0,4.873563218390805,4.789915641782317,16,377.0,0.23471679942263715,20,805.0,0.19563737084090613,36,1182.0
6795.0,38,510.0,6.455696202531645,3.4938650290702156,15,429.0,0.2134939999541606,23,864.0,0.14464153846494113,38,1293.0
6800.0,40,627.0,8.25,3.7383194930229577,13,475.0,0.3399955829347811,27,991.0,0.1097307794973893,40,1466.0
6805.0,37,571.0,7.613333333333333,3.540732164015665,11,404.0,0.28885387188262784,26,1035.0,0.08481374694283063,37,1439.0
6810.0,31,572.0,7.526315789473684,4.46924576142574,12,389.0,0.2670829320863074,19,1007.0,0.1406917128207544,31,1396.0
6815.0,30,574.0,7.653333333333333,4.391181480797001,12,427.0,0.2639690141426564,18,1065.0,0.20440262737965653,30,1492.0
6820.0,32,652.0,8.578947368421053,4.325717183500971,9,442.0,0.306888462518535,23,1121.0,0.1622031846170129,32,1563.0
6825.0,38,794.0,10.72972972972973,3.8750254743968533,9,473.0,0.4224894872811735,29,1181.0,0.0957037037777429,38,1654.0
6830.0,37,658.0,8.545454545454545,4.365926524568384,11,342.0,0.35056273343850924,26,1189.0,0.14156661318283717,37,1531.0
6835.0,29,531.0,6.896103896103896,4.821893156177506,8,246.0,0.3711941337854243,21,1182.0,0.17265315558138902,29,1428.0
6840.0,35,441.0,5.802631578947368,4.00398277618942,12,222.0,0.2022146585121359,23,1183.0,0.19000465691937798,35,1405.0
6845.0,39,456.0,6.08,3.691488675991606,15,276.0,0.20474353281279944,24,1126.0,0.2042333667547386,39,1402.0
6850.0,38,418.0,5.887323943661972,2.851833518194076,12,307.0,0.24108863336928707,26,1191.0,0.17077590476735174,38,1498.0
6855.0,36,483.0,6.527027027027027,3.426977553085846,8,315.0,0.29268406568547684,28,1270.0,0.13742940572094436,36,1585.0
6860.0,38,569.0,7.3896103896103895,3.9724251912773134,9,326.0,0.38232501764840204,29,1307.0,0.11889807047924032,38,1633.0
6865.0,35,411.0,5.012195121951219,4.514998043864511,7,276.0,0.3309772299055944,28,1273.0,0.13063046783364504,35,1549.0
6870.0,33,441.0,5.653846153846154,5.625600562141602,10,292.0,0.3701660421604642,23,1272.0,0.23548717446640552,33,1564.0
6875.0,35,543.0,7.0519480519480515,4.574545697018954,11,336.0,0.20815309251291317,24,1222.0,0.22333449818162598,35,1558.0
6880.0,39,601.0,8.347222222222221,3.5573735120958734,14,398.0,0.20494403672595599,25,1181.0,0.1864279266004677,39,1579.0
6885.0,45,696.0,9.666666666666666,2.426126589027614,14,467.0,0.25914548193460096,31,1120.0,0.11010445175115206,45,1587.0
6890.0,39,589.0,7.75,2.977327138517436,10,373.0,0.33756439525361476,29,1201.0,0.14159564139769232,39,1574.0
6895.0,33,563.0,6.950617283950617,3.88309590628418,12,222.0,0.29797024267600375,21,1195.0,0.1996647778007336,33,1417.0
6900.0,30,424.0,5.0476190476190474,4.070315562405073,11,206.0,0.3083835617917364,19,1218.0,0.20574837605862217,30,1424.0
6905.0,30,348.0,4.0,4.648151719548732,7,130.0,0.4206447964124996,23,1207.0,0.14372715956593882,30,1337.0
6910.0,39,438.0,5.093023255813954,4.145801254273618,6,132.0,0.3461949369324337,33,1238.0,0.11018427137809515,39,1370.0
6915.0,45,562.0,6.853658536585366,4.259712496587322,9,148.0,0.3819077344071965,36,1195.0,0.11649209785676434,45,1343.0
6920.0,39,608.0,8.106666666666667,3.2506237047132345,9,156.0,0.3330468391398737,30,1271.0,0.11626708579819063,39,1427.0
6925.0,36,589.0,8.068493150684931,3.274743528856607,12,211.0,0.14578504124950425,24,1272.0,0.16235724097214305,36,1483.0
6930.0,31,572.0,7.72972972972973,3.125359339643279,13,233.0,0.17033810482599848,18,1278.0,0.139499293414736,31,1511.0
6935.0,35,619.0,8.253333333333334,4.009718214905313,8,225.0,0.3469732526212288,27,1311.0,0.12407663395849108,35,1536.0
6940.0,36,671.0,9.191780821917808,3.696056978730149,5,172.0,0.49161123998741607,31,1389.0,0.08149953452477669,36,1561.0
6945.0,36,796.0,10.613333333333333,4.240403903196521,8,193.0,0.3884346852444645,28,1425.0,0.14274813080776408,36,1618.0
6950.0,35,767.0,10.364864864864865,4.120165651118764,9,183.0,0.26213131346796975,26,1396.0,0.1718168376103822,35,1579.0
6955.0,39,796.0,10.904109589041095,3.6683798358760527,11,152.0,0.20875712326702422,28,1316.0,0.14870856965862062,39,1468.0
6960.0,35,485.0,6.830985915492958,3.5681066488634734,11,196.0,0.2953455251430176,24,1276.0,0.14521415575346402,35,1472.0
6965.0,33,424.0,5.72972972972973,3.993354556058325,13,246.0,0.31291888427155373,20,1119.0,0.17177202495856383,33,1365.0
6970.0,35,536.0,7.243243243243243,3.783511121427506,10,279.0,0.3931596190812224,25,1120.0,0.1568023559617899,35,1399.0
6975.0,44,704.0,9.025641025641026,3.6325589006262873,13,316.0,0.2984526251782011,31,1084.0,0.16269563667588835,44,1400.0
6980.0,42,785.0,9.8125,3.4799353392679904,14,376.0,0.28037330557691875,28,1123.0,0.16468862106193632,42,1499.0
6985.0,36,727.0,9.0875,3.6559886380805,16,455.0,0.2517785353323486,20,1060.0,0.16437397403869802,36,1515.0
6990.0,35,572.0,6.891566265060241,3.1606701779706836,15,423.0,0.16386079863394376,20,1093.0,0.14521512964039718,35,1516.0
6995.0,35,365.0,4.5625,3.4026194996287606,7,267.0,0.29525084524160433,28,1109.0,0.09083959044874927,35,1376.0
7000.0,39,472.0,5.7560975609756095,4.097461231975781,8,180.0,0.4165629722894225,31,1163.0,0.07731654744016526,39,1343.0
7005.0,29,494.0,6.5,4.28880423716764,3,118.0,0.4578856053759065,26,1155.0,0.07328794380416428,29,1273.0
7010.0,33,548.0,7.506849315068493,4.356293001981758,8,117.0,0.3126558328837028,25,1135.0,0.12389354578936074,33,1252.0
7015.0,41,602.0,8.6,3.32459522786602,16,175.0,0.22004109013334724,25,1073.0,0.12380161904859743,41,1248.0
7020.0,39,611.0,8.728571428571428,3.197741939413294,13,186.0,0.21529753036456897,26,1138.0,0.15260119304827346,39,1324.0
7025.0,31,595.0,9.296875,3.4916207727360193,7,144.0,0.36535937749897746,24,1184.0,0.12561564414707577,31,1328.0
7030.0,31,461.0,6.880597014925373,3.187892675404601,5,133.0,0.35846393863221143,26,1127.0,0.05830336013354985,31,1260.0
7035.0,38,414.0,6.088235294117647,3.7411178262726614,9,128.0,0.3461913901810316,29,1004.0,0.09363049667662808,38,1132.0
7040.0,40,477.0,7.119402985074627,3.3427068446487542,13,147.0,0.29250884163428764,27,1041.0,0.12022728673400879,40,1188.0
7045.0,24,359.0,5.4393939393939394,4.5121960697444665,6,126.0,0.36726327148448146,18,980.0,0.10552567691016329,24,1106.0
7050.0,23,330.0,5.15625,4.574453606857032,9,117.0,0.2077683869957427,14,850.0,0.198605414733957,23,967.0
7055.0,27,312.0,5.032258064516129,4.203957189869756,14,162.0,0.19068416430243149,13,741.0,0.1736645072963932,27,903.0
7060.0,28,290.0,4.754098360655738,4.684399865699073,12,201.0,0.29189179445381114,16,760.0,0.25359186147572393,28,961.0
7065.0,25,311.0,5.098360655737705,4.9532413425546205,8,187.0,0.29281422771559534,17,737.0,0.25431211974417733,25,924.0
7070.0,27,311.0,5.362068965517241,3.9530297678751545,10,168.0,0.32155366911533545,17,696.0,0.13312092034923176,27,864.0
7075.0,33,463.0,7.590163934426229,3.988375204200632,11,209.0,0.2925834162287442,22,787.0,0.09446443950720401,33,996.0
7080.0,34,468.0,7.548387096774194,3.8170936123481822,11,158.0,0.3757246697904812,23,809.0,0.07856011160795272,34,967.0
7085.0,31,550.0,9.01639344262295,4.101162629695583,12,191.0,0.4303527324348006,19,842.0,0.0974308848816202,31,1033.0
7090.0,29,485.0,7.578125,3.0754054562551407,12,205.0,0.24442635852695688,17,814.0,0.1626916970411772,29,1019.0
7095.0,20,232.0,3.625,4.175985545157344,10,192.0,0.22634531887170473,10,680.0,0.1942799758274815,20,872.0
7100.0,20,203.0,3.123076923076923,4.370239970237552,10,206.0,0.19531582289487492,10,612.0,0.22251690371844868,20,818.0
7105.0,24,238.0,3.5522388059701493,4.429896876185884,13,198.0,0.18079444376845413,11,504.0,0.23683963197114552,24,702.0
7110.0,34,257.0,3.953846153846154,3.7308774575762618,18,247.0,0.16645022677336083,16,482.0,0.2508474384938713,34,729.0
7115.0,32,360.0,5.454545454545454,4.113428683884973,12,258.0,0.24466143132495613,20,538.0,0.21756757759172526,32,796.0
7120.0,29,438.0,6.537313432835821,5.049388941083207,11,266.0,0.35354008760278105,18,533.0,0.2268401638650151,29,799.0
7125.0,21,313.0,4.602941176470588,5.683501059553072,9,232.0,0.3523429930614697,12,435.0,0.2347712461040931,21,667.0
7130.0,23,315.0,4.921875,5.20379924340445,11,195.0,0.2599434334029671,12,405.0,0.29204945464751214,23,600.0
7135.0,27,353.0,5.515625,4.957114810807172,14,246.0,0.2673769869084193,13,351.0,0.21739322859046556,27,597.0
7140.0,31,468.0,7.548387096774194,4.311714045062272,16,318.0,0.286989488471056,15,345.0,0.14552217791872013,31,663.0
7145.0,25,359.0,5.885245901639344,4.471224439738526,12,278.0,0.3156903916344749,13,301.0,0.16331124248622714,25,579.0
7150.0,26,368.0,5.935483870967742,4.821702239830283,14,216.0,0.2823785035260143,12,323.0,0.21981908379503629,26,539.0
7155.0,32,396.0,6.1875,4.580856774852943,14,230.0,0.23829399423146358,18,369.0,0.22344243333001854,32,599.0
7160.0,21,376.0,6.372881355932203,5.003482298752338,7,178.0,0.32543261735390644,14,395.0,0.1949281115134883,21,573.0
7165.0,16,348.0,6.105263157894737,5.35837750202293,7,141.0,0.27096192199317615,9,387.0,0.22801553234959643,16,528.0
7170.0,22,354.0,6.0,5.360426230979847,11,157.0,0.21733886030438127,11,382.0,0.2745645920604742,22,539.0
7175.0,25,375.0,6.578947368421052,5.607260570937471,12,178.0,0.29284526255973026,13,359.0,0.3280332563576034,25,537.0
7180.0,25,485.0,8.818181818181818,6.030741352916106,11,209.0,0.40851564648937,14,395.0,0.3038183463207545,25,604.0
7185.0,22,490.0,8.448275862068966,4.9317893241958215,9,197.0,0.3338688634324741,13,426.0,0.23914317991340117,22,623.0
7190.0,25,555.0,9.25,5.469936626306977,9,170.0,0.36964854636516803,16,471.0,0.23528289641071648,25,641.0
7195.0,25,271.0,4.516666666666667,4.774756809818263,9,129.0,0.33041497604817915,16,384.0,0.243259076920412,25,513.0
7200.0,29,396.0,6.491803278688525,5.300511457651472,12,145.0,0.3343312000884395,17,324.0,0.2962346130888122,29,469.0
