step,system_total_stopped,system_total_waiting_time,system_mean_waiting_time,system_mean_speed,J17_stopped,J17_accumulated_waiting_time,J17_average_speed,J18_stopped,J18_accumulated_waiting_time,J18_average_speed,agents_total_stopped,agents_total_accumulated_waiting_time
5.0,1,0.0,0.0,2.395077066181693,0,0.0,1.0,1,0.0,0.17622049486432695,1,0.0
10.0,0,0.0,0.0,8.217909138870855,0,0.0,0.4612512996079041,0,0.0,0.639354795409394,0,0.0
15.0,1,0.0,0.0,10.800745053179561,0,0.0,0.7820416489763058,1,0.0,0.673948593296125,1,0.0
20.0,0,0.0,0.0,10.910939816210965,0,0.0,0.8267539654692845,0,0.0,0.6698549593994707,0,0.0
25.0,2,2.0,0.13333333333333333,7.388495116941327,2,2.0,0.43659711200786133,0,0.0,0.6145128541374033,2,2.0
30.0,6,19.0,0.95,7.045243303048032,5,15.0,0.44681424114759033,1,4.0,0.5739892465674091,6,19.0
35.0,6,44.0,1.9130434782608696,7.883471804416976,3,30.0,0.6174490444576906,3,14.0,0.5599805309852203,6,44.0
40.0,10,80.0,3.076923076923077,6.396792033380682,4,47.0,0.456998095527817,6,33.0,0.43351396241167006,10,80.0
45.0,13,133.0,4.586206896551724,5.927605566337573,6,71.0,0.2979664303559124,7,62.0,0.4733996625380103,13,133.0
50.0,12,150.0,4.545454545454546,5.2916667590697966,7,101.0,0.24324590823166312,5,60.0,0.3822635154101533,12,161.0
55.0,11,158.0,4.9375,6.190200826707611,4,92.0,0.4561980511405043,7,81.0,0.3393555928619734,11,173.0
60.0,11,202.0,6.121212121212121,7.167629671210623,4,100.0,0.5367516536930897,7,111.0,0.3257307248001935,11,211.0
65.0,14,262.0,7.485714285714286,6.194940958700726,7,132.0,0.4036603765943097,7,136.0,0.25244134620386105,14,268.0
70.0,12,205.0,5.256410256410256,5.767518658642048,5,99.0,0.3738436359812432,7,123.0,0.27105222400692736,12,222.0
75.0,14,266.0,7.0,7.281251540571777,7,113.0,0.35999426616564484,7,159.0,0.4810716573325413,14,272.0
80.0,15,323.0,7.690476190476191,6.328416461323745,6,134.0,0.27153745310883354,9,199.0,0.43585008111304857,15,333.0
85.0,12,226.0,5.380952380952381,6.806997095373773,5,152.0,0.32702102680635153,7,141.0,0.43425031414986937,12,293.0
90.0,12,222.0,5.285714285714286,6.489344164737063,5,159.0,0.45003525010562184,7,84.0,0.35115025288942797,12,243.0
95.0,13,267.0,6.357142857142857,6.318340849641487,5,183.0,0.4873765693264446,8,108.0,0.3350553618061884,13,291.0
100.0,13,198.0,4.714285714285714,6.382425272878968,2,123.0,0.6027065929825192,11,160.0,0.2612253963503654,13,283.0
105.0,15,135.0,3.0,5.74891199605508,3,40.0,0.5228619606559258,12,183.0,0.2272942955548538,15,223.0
110.0,21,183.0,3.7346938775510203,5.576454899091554,9,50.0,0.3126096992214101,12,183.0,0.3397213809802943,21,233.0
115.0,16,172.0,3.739130434782609,4.955108878735098,6,64.0,0.2989297633728199,10,195.0,0.3880628798305064,16,259.0
120.0,12,175.0,3.977272727272727,6.068705672048106,4,55.0,0.47222582016510667,8,178.0,0.31442352613947294,12,233.0
125.0,17,244.0,5.4222222222222225,6.446596209378234,4,59.0,0.41605174335198863,13,214.0,0.15960437079304923,17,273.0
130.0,18,198.0,4.4,5.879323458223112,8,61.0,0.07614363772499785,10,197.0,0.21753584399267892,18,258.0
135.0,16,237.0,5.642857142857143,6.673116892317952,9,107.0,0.36793800195721965,7,162.0,0.30086614430643943,16,269.0
140.0,11,185.0,5.138888888888889,6.710160454318608,5,96.0,0.5818139809387719,6,134.0,0.28730717174201864,11,230.0
145.0,9,189.0,5.4,7.206957503767879,4,97.0,0.56372180294073,5,126.0,0.35216400489945404,9,223.0
150.0,12,173.0,4.552631578947368,5.665351547480964,7,97.0,0.3601655236910961,5,131.0,0.3524638128512594,12,228.0
155.0,13,232.0,5.658536585365853,6.918304821183068,7,107.0,0.49370665316182527,6,151.0,0.37107907503634946,13,258.0
160.0,9,176.0,4.4,6.4431170793921115,4,75.0,0.41907625931900744,5,159.0,0.33483270118335573,9,234.0
165.0,9,210.0,5.0,8.379977443293328,4,48.0,0.5107794053553737,5,187.0,0.5055381291421391,9,235.0
170.0,11,259.0,6.317073170731708,7.847208548665165,6,52.0,0.3293109824729629,5,212.0,0.4953423039747563,11,264.0
175.0,11,296.0,7.219512195121951,6.731104780237869,4,63.0,0.24771697478106167,7,244.0,0.4744569316787735,11,307.0
180.0,14,205.0,5.0,5.437121818042312,6,88.0,0.2217897513461045,8,203.0,0.309944641631177,14,291.0
185.0,16,220.0,5.116279069767442,5.988914676790228,5,89.0,0.3923356203848291,11,162.0,0.2675561078890922,16,251.0
190.0,17,304.0,6.7555555555555555,6.70485698899217,5,114.0,0.4901805072032593,12,215.0,0.28275126448769167,17,329.0
195.0,17,187.0,4.155555555555556,6.0404187586450515,5,91.0,0.49376011521416496,12,182.0,0.3095543884774398,17,273.0
200.0,13,195.0,4.642857142857143,5.731071857541617,3,76.0,0.5023368682011314,10,176.0,0.3113657154026645,13,252.0
205.0,12,127.0,3.0238095238095237,5.816071926166649,2,42.0,0.5450598464812454,10,180.0,0.32685349183134366,12,222.0
210.0,16,125.0,2.9761904761904763,5.4077803581447155,7,42.0,0.3494630549899053,9,143.0,0.29590717232966524,16,185.0
215.0,17,174.0,3.9545454545454546,5.025075061918561,5,45.0,0.2884023544866658,12,173.0,0.285599730447203,17,218.0
220.0,17,205.0,4.456521739130435,5.971874025734417,5,43.0,0.4871653331213359,12,206.0,0.180531670993393,17,249.0
225.0,17,230.0,5.111111111111111,6.004874930864421,4,33.0,0.5087932472473583,13,246.0,0.1407710980553504,17,279.0
230.0,19,273.0,5.352941176470588,6.0279640755317745,5,35.0,0.4559045380803033,14,287.0,0.2576541036684796,19,322.0
235.0,15,246.0,4.730769230769231,6.696276233798305,4,38.0,0.5323390257645246,11,286.0,0.37597524549244826,15,324.0
240.0,17,183.0,3.519230769230769,6.535032259066517,7,53.0,0.5139699203614077,10,246.0,0.388181587062829,17,299.0
245.0,21,220.0,4.0,5.105484609520219,7,62.0,0.4025709622934082,14,252.0,0.2407736194456694,21,314.0
250.0,20,202.0,3.543859649122807,5.5546448000467095,7,69.0,0.50628742350859,13,263.0,0.10904426874342574,20,332.0
255.0,19,214.0,3.566666666666667,6.21760967354374,9,97.0,0.39496140505445393,10,220.0,0.18785880924298345,19,317.0
260.0,18,185.0,3.0833333333333335,6.541351809056018,9,101.0,0.3733978474093831,9,226.0,0.18093488915699896,18,327.0
265.0,23,254.0,4.163934426229508,6.508203419214323,11,115.0,0.37902100725774895,12,253.0,0.2398005018880253,23,368.0
270.0,25,276.0,4.6,5.221476201764786,12,150.0,0.35463344660061924,13,262.0,0.28852252414266844,25,412.0
275.0,22,283.0,4.639344262295082,6.302551485809705,13,181.0,0.41455498816602376,9,226.0,0.4408600988146715,22,407.0
280.0,22,218.0,3.4603174603174605,4.97457560646659,13,174.0,0.2988541006966677,9,204.0,0.379205432965491,22,378.0
285.0,25,246.0,3.84375,5.2511289170052535,15,184.0,0.3231165846020202,10,175.0,0.2791345208253864,25,359.0
290.0,22,195.0,2.91044776119403,4.6599050921090175,15,198.0,0.21761253570844746,7,165.0,0.20685154052458932,22,363.0
295.0,29,277.0,4.073529411764706,5.506686415820326,14,197.0,0.27585127288597294,15,213.0,0.2191785449978494,29,410.0
300.0,28,355.0,5.546875,4.776692360138894,14,231.0,0.2563046278393733,14,254.0,0.2016636813846209,28,485.0
305.0,30,461.0,7.948275862068965,4.675249699416675,18,289.0,0.2317528794443957,12,291.0,0.2952883989186689,30,580.0
310.0,33,579.0,9.982758620689655,4.135576979888035,18,349.0,0.15328218968260998,15,342.0,0.25417650131083586,33,691.0
315.0,24,591.0,10.016949152542374,4.93689482389634,12,370.0,0.16665014395906297,12,334.0,0.28601909599524317,24,704.0
320.0,23,589.0,9.816666666666666,5.265397333608774,10,349.0,0.24248455759169743,13,375.0,0.22330861179041725,23,724.0
325.0,22,376.0,6.482758620689655,5.499190698327077,9,300.0,0.3100785980861913,13,334.0,0.2644512918908392,22,634.0
330.0,20,186.0,3.206896551724138,5.136961003568617,9,260.0,0.24937122000564885,11,282.0,0.31087971716391777,20,542.0
335.0,22,220.0,3.8596491228070176,5.410127074726764,13,275.0,0.37306738160007535,9,292.0,0.29834882597624945,22,567.0
340.0,24,268.0,4.620689655172414,5.208791162685863,10,291.0,0.3857610596432669,14,340.0,0.2584374343903591,24,631.0
345.0,23,247.0,4.258620689655173,4.947381614094894,10,268.0,0.37656174305646645,13,352.0,0.22123839660480724,23,620.0
350.0,18,256.0,4.7407407407407405,5.676511422270119,10,309.0,0.33001628294447527,8,301.0,0.22903803788769175,18,610.0
355.0,18,276.0,5.0181818181818185,5.254302243224338,12,352.0,0.23741596357479866,6,263.0,0.24406348404834244,18,615.0
360.0,24,314.0,5.413793103448276,5.4418252057773495,14,403.0,0.24389584817428245,10,202.0,0.2864955200806679,24,605.0
365.0,21,281.0,5.109090909090909,5.9021117610430345,14,393.0,0.36328725707158355,7,199.0,0.3936924938549189,21,592.0
370.0,21,348.0,6.214285714285714,5.866245660803758,14,420.0,0.2445327211861278,7,186.0,0.46175237025961813,21,606.0
375.0,24,404.0,6.733333333333333,5.7147029196169195,14,462.0,0.18873804380077638,10,219.0,0.4098650169833406,24,681.0
380.0,23,393.0,6.140625,6.404005295564225,13,457.0,0.30223963863949665,10,216.0,0.3728636726499325,23,673.0
385.0,22,364.0,5.967213114754099,6.292087124700559,12,410.0,0.2995126112641242,10,224.0,0.3493673379876498,22,634.0
390.0,22,190.0,3.2203389830508473,5.639970160847991,12,280.0,0.31812052561221577,10,185.0,0.3131269688761023,22,465.0
395.0,15,154.0,2.566666666666667,6.274214087946763,9,313.0,0.3581932316412309,6,115.0,0.4656713768369134,15,428.0
400.0,19,234.0,3.9661016949152543,6.2956702450037385,11,350.0,0.36180566628332,8,131.0,0.45913891778033433,19,481.0
405.0,21,184.0,3.2280701754385963,5.089158677273633,16,383.0,0.26366709451155956,5,83.0,0.4711841245272792,21,466.0
410.0,22,243.0,4.2631578947368425,4.903983932588588,14,389.0,0.2311252438774342,8,93.0,0.39755436007779327,22,482.0
415.0,21,252.0,4.271186440677966,5.020018614871333,13,344.0,0.30312324411175706,8,96.0,0.19755090163977224,21,440.0
420.0,22,271.0,4.516666666666667,4.7647660145698705,13,295.0,0.2783067822027241,9,130.0,0.19297365321937476,22,425.0
425.0,25,285.0,4.672131147540983,4.982377968530481,17,339.0,0.2273673579594745,8,158.0,0.40520192287183904,25,497.0
430.0,29,406.0,7.0,4.722878052396143,22,421.0,0.1685094901491539,7,172.0,0.5043633293916847,29,593.0
435.0,28,354.0,6.0,3.837963076901775,23,492.0,0.1728607467558,5,137.0,0.3441190797235742,28,629.0
440.0,19,236.0,3.933333333333333,4.670028941541275,16,510.0,0.12995500930791443,3,39.0,0.35818783433395723,19,549.0
445.0,17,274.0,4.6440677966101696,6.186900165085943,13,515.0,0.16815873918245466,4,23.0,0.47789435395548197,17,538.0
450.0,15,291.0,4.85,6.3105819055397125,11,485.0,0.24771873538063166,4,28.0,0.3074722108398915,15,513.0
455.0,20,284.0,4.982456140350878,5.714508686476788,12,433.0,0.20022459695840472,8,66.0,0.3891052735275971,20,499.0
460.0,24,352.0,6.901960784313726,4.522976492044278,14,460.0,0.19349516707328018,10,93.0,0.4075471819069429,24,553.0
465.0,22,424.0,8.653061224489797,4.76196958396382,11,451.0,0.23826895765771008,11,143.0,0.3618905182267635,22,594.0
470.0,20,226.0,4.52,4.8151942826063205,10,362.0,0.2704141411852498,10,153.0,0.2678855334705406,20,515.0
475.0,20,289.0,5.8979591836734695,5.5513126100463674,11,308.0,0.21615287608194797,9,142.0,0.34696364218052966,20,450.0
480.0,21,243.0,4.959183673469388,4.747718691022385,13,326.0,0.13673059545232535,8,127.0,0.3851512502562511,21,453.0
485.0,21,287.0,5.627450980392157,6.346946295681771,14,359.0,0.2505484338717266,7,101.0,0.4837717474874938,21,460.0
490.0,18,295.0,5.784313725490196,5.730147407863022,10,371.0,0.34452794369108647,8,109.0,0.3761839572061814,18,480.0
495.0,18,323.0,6.09433962264151,5.891149603327487,8,354.0,0.40101881788520777,10,151.0,0.30557604108672676,18,505.0
500.0,29,430.0,7.962962962962963,4.6004601010017945,11,393.0,0.3203283290915287,18,223.0,0.2062102469180296,29,616.0
505.0,29,537.0,9.589285714285714,3.558203375118731,15,456.0,0.2609646492283606,14,277.0,0.09662213512867067,29,733.0
510.0,33,639.0,11.210526315789474,3.0417406591022162,17,501.0,0.1938659823522561,16,330.0,0.16145865705833398,33,831.0
515.0,30,688.0,11.278688524590164,4.312322615903006,17,572.0,0.28967750375706325,13,353.0,0.28960348636631766,30,925.0
520.0,24,653.0,10.365079365079366,4.95737961497438,15,610.0,0.26883886277981545,9,304.0,0.3867329820314551,24,914.0
525.0,23,492.0,7.6875,5.212723472675533,15,610.0,0.27845752529044304,8,230.0,0.34841247555508187,23,840.0
530.0,22,353.0,5.603174603174603,5.480663458044445,11,493.0,0.336878190390065,11,183.0,0.2187185319707901,22,676.0
535.0,30,269.0,4.409836065573771,4.612463089742186,13,313.0,0.27283869564073326,17,259.0,0.1622475341391752,30,572.0
540.0,25,285.0,4.830508474576271,4.056057873550036,12,354.0,0.20424577876296018,13,280.0,0.23942413218413314,25,634.0
545.0,27,373.0,6.431034482758621,4.400094108443267,15,416.0,0.1386831681510016,12,297.0,0.3515243859098515,27,713.0
550.0,28,373.0,6.322033898305085,3.7179093990827132,17,457.0,0.17017355438900175,11,276.0,0.2777316167995003,28,733.0
555.0,21,322.0,5.649122807017544,5.490159942029231,16,446.0,0.24471289579750313,5,189.0,0.3438443301901719,21,635.0
560.0,22,392.0,6.758620689655173,4.898891127558667,15,421.0,0.1264172472535777,7,216.0,0.34124337860238624,22,637.0
565.0,29,439.0,7.316666666666666,3.92168904001281,14,396.0,0.11955983722126871,15,272.0,0.20561808869271184,29,668.0
570.0,30,398.0,6.745762711864407,3.6725327971058856,14,384.0,0.1857598386531997,16,310.0,0.26687064726289333,30,694.0
575.0,24,429.0,6.919354838709677,4.930125151672058,15,343.0,0.153263588777844,9,297.0,0.40652207832915677,24,640.0
580.0,23,327.0,5.030769230769231,5.570045470546461,16,376.0,0.2057587095400781,7,210.0,0.42519079411091526,23,586.0
585.0,26,385.0,5.746268656716418,6.06330789800193,12,362.0,0.4024351217929552,14,160.0,0.29760123272036726,26,522.0
590.0,27,319.0,4.907692307692308,4.601920219553951,9,345.0,0.3570194355955648,18,184.0,0.20452597246414114,27,529.0
595.0,32,426.0,6.264705882352941,4.842356946868382,12,306.0,0.334692754825504,20,249.0,0.24899496007684338,32,555.0
600.0,34,375.0,5.434782608695652,4.215256091931912,14,276.0,0.2688382589985281,20,299.0,0.21828093411924537,34,575.0
605.0,23,282.0,3.863013698630137,5.199181508053602,9,174.0,0.24673518434997305,14,297.0,0.265206356989211,23,471.0
610.0,18,267.0,3.608108108108108,4.939700865068971,9,180.0,0.19645783204814352,9,315.0,0.2534557038195027,18,495.0
615.0,28,295.0,3.8815789473684212,4.972263479847156,12,160.0,0.291299772650699,16,353.0,0.2067347672211408,28,513.0
620.0,34,400.0,5.714285714285714,4.158778676345354,13,208.0,0.2721340027200813,21,400.0,0.23126398729273698,34,608.0
625.0,26,445.0,6.449275362318841,4.400776687202401,11,225.0,0.2041978215875868,15,388.0,0.24489184812106182,26,613.0
630.0,27,446.0,6.5588235294117645,4.418639161408607,12,226.0,0.10394766922800512,15,380.0,0.24418138691821456,27,606.0
635.0,27,332.0,4.882352941176471,5.169575647261713,12,192.0,0.14772007053932198,15,335.0,0.3056485919731067,27,527.0
640.0,24,312.0,4.7272727272727275,5.00480434422377,8,217.0,0.18851951450026766,16,261.0,0.2761933595105257,24,478.0
645.0,25,329.0,5.306451612903226,4.812397679850139,8,207.0,0.3065188784055993,17,309.0,0.19109118698519925,25,516.0
650.0,24,345.0,5.564516129032258,5.294704119687079,6,185.0,0.4071582849462015,18,339.0,0.20197740247570495,24,524.0
655.0,29,369.0,5.951612903225806,4.594189245040525,10,182.0,0.3764829491399638,19,365.0,0.21455707249084804,29,547.0
660.0,30,448.0,6.892307692307693,4.789544446155976,9,198.0,0.3800002580855616,21,396.0,0.2576200020942993,30,594.0
665.0,32,573.0,8.953125,4.111884293505284,12,232.0,0.3120842585958309,20,482.0,0.231988081818792,32,714.0
670.0,32,657.0,9.954545454545455,4.355420710404812,12,261.0,0.3129812397261646,20,543.0,0.23234065381433244,32,804.0
675.0,26,598.0,9.34375,3.454019329010263,7,258.0,0.3269829978540042,19,554.0,0.11310755819611486,26,812.0
680.0,24,461.0,6.681159420289855,5.130502760528253,8,262.0,0.39638724540075365,16,492.0,0.17523100784768209,24,754.0
685.0,24,487.0,6.859154929577465,5.4204042784350275,10,298.0,0.3381268822987421,14,500.0,0.15572023047298297,24,798.0
690.0,35,543.0,7.757142857142857,4.322367133830711,16,365.0,0.23338802773590808,19,476.0,0.13943769205669523,35,841.0
695.0,37,446.0,6.656716417910448,3.052999266478683,18,353.0,0.1697623224339906,19,508.0,0.191281678632774,37,861.0
700.0,37,492.0,7.235294117647059,4.427064111018053,15,293.0,0.26859398398966194,22,579.0,0.2881370073160168,37,872.0
705.0,36,531.0,7.273972602739726,3.9556217831588523,17,333.0,0.249940696207542,19,575.0,0.23418486721508516,36,908.0
710.0,25,408.0,5.589041095890411,4.694561398955177,10,322.0,0.28607511683764525,15,473.0,0.21575173969109657,25,795.0
715.0,20,315.0,4.144736842105263,4.767031041135939,8,335.0,0.25499316122565185,12,438.0,0.17837234406530506,20,773.0
720.0,27,323.0,4.306666666666667,4.937958821140965,15,397.0,0.2638710945985925,12,339.0,0.18122518758637648,27,736.0
725.0,32,421.0,5.847222222222222,3.9713899903459784,18,435.0,0.24610512611342875,14,354.0,0.13129232515220648,32,789.0
730.0,29,479.0,6.942028985507246,3.811595654737583,17,429.0,0.1893301096702963,12,350.0,0.11472109634294571,29,779.0
735.0,24,503.0,7.397058823529412,4.635387651997778,13,442.0,0.2496614085502263,11,330.0,0.14188425723009973,24,772.0
740.0,29,485.0,6.554054054054054,5.135459671059041,15,499.0,0.2666427499937121,14,288.0,0.1933387489398084,29,787.0
745.0,35,604.0,8.273972602739725,4.416486216128764,21,576.0,0.2127166952209187,14,325.0,0.30986157311361934,35,901.0
750.0,38,763.0,11.057971014492754,3.9709103956447778,22,658.0,0.20226797352340065,16,402.0,0.3725593817618735,38,1060.0
755.0,31,831.0,12.220588235294118,4.187886386997881,18,708.0,0.22745762461778227,13,415.0,0.3140470327252442,31,1123.0
760.0,28,671.0,9.867647058823529,4.0122275984694005,15,623.0,0.15720229763269583,13,425.0,0.2290795988826824,28,1048.0
765.0,35,633.0,9.308823529411764,3.7829672871101354,21,626.0,0.08176675329269989,14,406.0,0.2103874459224594,35,1032.0
770.0,38,486.0,7.147058823529412,4.160266084089913,23,564.0,0.14347573277859224,15,333.0,0.2612452385424506,38,897.0
775.0,33,375.0,5.597014925373134,4.3857590653903635,16,406.0,0.2735468127897843,17,383.0,0.19796420844984855,33,789.0
780.0,29,438.0,6.169014084507042,4.883178735624175,13,420.0,0.23428888152265767,16,429.0,0.2574702883795569,29,849.0
785.0,29,431.0,6.070422535211268,4.7413542401390725,13,384.0,0.21987225664474402,16,454.0,0.2930396512452027,29,838.0
790.0,20,371.0,5.3,5.905974787647841,11,361.0,0.2670430571832769,9,423.0,0.3619310978034251,20,784.0
795.0,27,401.0,5.897058823529412,5.425510789304491,16,365.0,0.2408919703681157,11,410.0,0.3002223861825287,27,775.0
800.0,34,520.0,7.7611940298507465,4.902801145292227,15,406.0,0.3081560019531453,19,459.0,0.18597981297241065,34,865.0
805.0,31,496.0,7.294117647058823,4.617084549825542,13,420.0,0.3279356912815126,18,415.0,0.17774658883813935,31,835.0
810.0,30,373.0,5.405797101449275,5.047426173755874,14,418.0,0.38042480292848324,16,322.0,0.1880752644829244,30,740.0
815.0,24,413.0,5.9855072463768115,5.61868240436122,11,395.0,0.3621912587514825,13,336.0,0.3277240374764997,24,731.0
820.0,22,285.0,4.014084507042254,5.633212460429446,14,352.0,0.24902257247571663,8,275.0,0.40931669244690333,22,627.0
825.0,23,217.0,3.1911764705882355,5.145289429990398,14,256.0,0.18369798988806826,9,293.0,0.36621489215351294,23,549.0
830.0,29,247.0,3.4788732394366195,4.571925420184601,13,288.0,0.20208173721817205,16,298.0,0.23629258964318808,29,586.0
835.0,28,295.0,4.402985074626866,4.2768985995573985,10,290.0,0.21930637000127776,18,332.0,0.16658233596908384,28,622.0
840.0,27,320.0,4.705882352941177,4.430732766000211,11,308.0,0.20166614732321508,16,361.0,0.17480672460796073,27,669.0
845.0,27,369.0,5.3478260869565215,4.699877030264546,15,361.0,0.1740319971998425,12,310.0,0.23640042082474125,27,671.0
850.0,29,394.0,5.794117647058823,4.736916826858322,14,406.0,0.23674403685962797,15,273.0,0.25738802424417867,29,679.0
855.0,26,443.0,6.712121212121212,5.16222325144213,11,405.0,0.2818351468551799,15,313.0,0.25710222337561717,26,718.0
860.0,32,509.0,7.953125,4.39199110209147,12,372.0,0.28533526530034775,20,375.0,0.13531566789960514,32,747.0
865.0,32,521.0,8.140625,4.61636412061587,11,315.0,0.3669606262909676,21,426.0,0.09961237627580731,32,741.0
870.0,25,492.0,7.809523809523809,4.434348336849517,11,337.0,0.2954457326894672,14,410.0,0.1762237128701578,25,747.0
875.0,23,561.0,9.35,5.348903423805351,11,351.0,0.20790417374864223,12,395.0,0.2747356395179271,23,746.0
880.0,23,616.0,10.266666666666667,5.6852758994243,11,369.0,0.13959478429611327,12,403.0,0.3239949933578836,23,772.0
885.0,23,508.0,8.466666666666667,5.916523835472658,14,409.0,0.13452258816833956,9,323.0,0.35476527616367404,23,732.0
890.0,25,591.0,10.553571428571429,6.0786474276208295,12,423.0,0.25868012893674086,13,300.0,0.3801175957692307,25,723.0
895.0,25,621.0,11.5,5.4605812411408445,11,414.0,0.27986582053263126,14,304.0,0.3030465663086581,25,718.0
900.0,22,516.0,9.381818181818181,4.597796520229038,8,422.0,0.28066988081615507,14,270.0,0.22805815399485138,22,692.0
905.0,23,547.0,9.596491228070175,5.0396230189672435,7,394.0,0.3856797525155573,16,324.0,0.24795895832908185,23,718.0
910.0,25,310.0,5.344827586206897,5.0999457226032705,6,221.0,0.4157535100095369,19,404.0,0.18685468117816761,25,625.0
915.0,27,420.0,7.11864406779661,5.24293876574729,7,102.0,0.3432146381287751,20,460.0,0.2210324090237253,27,562.0
920.0,28,534.0,9.206896551724139,4.834103750173474,11,149.0,0.3101060045425816,17,472.0,0.2587484232164016,28,621.0
925.0,29,527.0,9.410714285714286,3.5488495917285547,11,177.0,0.2968942949375788,18,476.0,0.17621171105165714,29,653.0
930.0,29,621.0,11.089285714285714,3.7428595841582086,10,182.0,0.32024076045458594,19,549.0,0.17822472777916631,29,731.0
935.0,30,495.0,8.53448275862069,3.8826532750584843,10,170.0,0.25777327824402907,20,544.0,0.23504558761862623,30,714.0
940.0,19,204.0,3.457627118644068,5.0051882655744855,8,117.0,0.3305488097842864,11,430.0,0.20362309979174234,19,547.0
945.0,16,224.0,3.7333333333333334,5.95806091582839,8,134.0,0.3498311116219993,8,324.0,0.23701415065341416,16,458.0
950.0,18,216.0,3.4285714285714284,6.052276928446136,8,145.0,0.26390387767916734,10,331.0,0.2863825006877124,18,476.0
955.0,18,171.0,2.9482758620689653,5.597541967931028,6,136.0,0.3800521565518693,12,337.0,0.23117638587529715,18,473.0
960.0,21,194.0,3.5272727272727273,4.934930468624543,6,121.0,0.4048031617633104,15,327.0,0.23098415320150673,21,448.0
965.0,18,216.0,4.235294117647059,5.237299915668027,8,146.0,0.39341079168232485,10,268.0,0.24818252836148358,18,414.0
970.0,20,273.0,5.150943396226415,5.70502870486378,8,169.0,0.23663574762486927,12,265.0,0.2943163240275081,20,434.0
975.0,18,319.0,5.5964912280701755,6.010930338818262,8,165.0,0.1977330074765854,10,265.0,0.23270535083947133,18,430.0
980.0,22,357.0,6.490909090909091,5.886394914372722,8,170.0,0.3137568781791864,14,270.0,0.18981301774247802,22,440.0
985.0,21,360.0,6.666666666666667,6.210419110454655,8,150.0,0.43951311499237333,13,289.0,0.26902470149522306,21,439.0
990.0,19,430.0,8.26923076923077,5.5312098333164155,6,160.0,0.45709627612682574,13,339.0,0.24344162163300895,19,499.0
995.0,23,471.0,8.88679245283019,5.664561763453863,12,198.0,0.4158095703109789,11,371.0,0.3615942346867424,23,569.0
1000.0,17,458.0,8.178571428571429,5.792428650830691,9,211.0,0.3516322065169685,8,363.0,0.3760852740858137,17,574.0
1005.0,17,319.0,5.406779661016949,5.654491131427184,7,211.0,0.31065140682711634,10,276.0,0.28168218500991155,17,487.0
1010.0,18,148.0,2.466666666666667,5.86639122289155,7,111.0,0.2827681717032831,11,205.0,0.24531635029439833,18,316.0
1015.0,26,232.0,3.8666666666666667,5.593961533794308,13,123.0,0.30947846830812464,13,202.0,0.2168282710542721,26,325.0
1020.0,23,279.0,4.810344827586207,5.263181805669924,11,154.0,0.3438419085315474,12,225.0,0.22388272452440164,23,379.0
1025.0,15,279.0,5.166666666666667,6.310853265585782,7,155.0,0.4007627818206622,8,204.0,0.29174353494043404,15,359.0
1030.0,12,175.0,3.4313725490196076,6.21689896194323,5,86.0,0.37129144731275626,7,190.0,0.2973282417445253,12,276.0
1035.0,20,230.0,4.181818181818182,6.297983441831778,9,67.0,0.26364698910738094,11,219.0,0.28912817545721187,20,286.0
1040.0,19,266.0,5.32,6.3312094025267776,10,89.0,0.36959660041643905,9,250.0,0.3931966543682059,19,339.0
1045.0,18,347.0,7.081632653061225,6.835389049072175,8,124.0,0.41488332522484367,10,286.0,0.41769304243882127,18,410.0
1050.0,17,298.0,5.8431372549019605,5.367142113907668,8,129.0,0.34768793345093435,9,278.0,0.28239077573476645,17,407.0
1055.0,12,280.0,5.384615384615385,6.054741846273378,5,90.0,0.4057337873697383,7,246.0,0.2236922978476285,12,336.0
1060.0,11,122.0,2.1785714285714284,6.321226391472505,6,102.0,0.3909338170857133,5,147.0,0.2213849997259678,11,249.0
1065.0,20,201.0,3.406779661016949,6.544920739788225,10,146.0,0.3787578978753245,10,112.0,0.2800295586678788,20,258.0
1070.0,18,241.0,4.155172413793103,6.235705166327512,9,171.0,0.3305069354007361,9,126.0,0.41500869810150076,18,297.0
1075.0,16,273.0,5.055555555555555,6.5617414741238145,9,177.0,0.2492229385790038,7,130.0,0.47343343615488526,16,307.0
1080.0,17,223.0,4.2075471698113205,5.91469836040495,9,164.0,0.17878264558804624,8,137.0,0.39037667294079015,17,301.0
1085.0,26,306.0,5.368421052631579,5.850646158879187,13,150.0,0.18812839676477816,13,193.0,0.29394787885371226,26,343.0
1090.0,22,261.0,5.326530612244898,5.510733424378907,10,184.0,0.2811207254802524,12,189.0,0.3437202579324223,22,373.0
1095.0,21,321.0,6.6875,5.640621530756065,9,204.0,0.40246608240755144,12,175.0,0.2916495145257111,21,379.0
1100.0,18,275.0,5.5,4.748720984540284,7,203.0,0.31506958945411123,11,189.0,0.26696447880236807,18,392.0
1105.0,16,268.0,5.36,6.0744400059536865,7,159.0,0.3399064397239629,9,163.0,0.31351326136447233,16,322.0
1110.0,12,200.0,4.0,6.7086748980306785,6,166.0,0.2877422029619308,6,123.0,0.3800310856902268,12,289.0
1115.0,22,274.0,5.48,5.708477700748336,11,195.0,0.327757272448206,11,118.0,0.22092791231777378,22,313.0
1120.0,21,293.0,6.104166666666667,5.795635496034033,11,215.0,0.36720024698999426,10,146.0,0.3130250717320505,21,361.0
1125.0,21,357.0,7.933333333333334,4.653668181752989,11,251.0,0.32002212671324753,10,154.0,0.28450146039450486,21,405.0
1130.0,18,322.0,6.708333333333333,4.296772416448387,10,259.0,0.2902686012913762,8,162.0,0.32145160303437353,18,421.0
1135.0,16,317.0,6.74468085106383,6.099218006067922,9,222.0,0.36857678699875074,7,131.0,0.35081155869803493,16,353.0
1140.0,13,225.0,4.787234042553192,5.3905181513422855,9,239.0,0.31713830829287837,4,79.0,0.1810260413052318,13,318.0
1145.0,22,300.0,6.0,5.680700138636491,12,267.0,0.26670159520185244,10,75.0,0.2303303771524768,22,342.0
1150.0,20,338.0,6.5,5.551105158210384,13,310.0,0.2799862914487988,7,88.0,0.409516720137881,20,398.0
1155.0,16,348.0,6.566037735849057,6.808247902367358,11,309.0,0.33573469919518256,5,71.0,0.4788793851485407,16,380.0
1160.0,13,186.0,3.381818181818182,7.223725740630217,9,191.0,0.2658529024527962,4,88.0,0.5620035944984058,13,279.0
1165.0,19,234.0,4.105263157894737,7.6478732716997335,13,152.0,0.24178426127152625,6,114.0,0.5555703727144992,19,266.0
1170.0,22,294.0,5.345454545454546,6.1359887836319364,13,183.0,0.2401057568733129,9,145.0,0.4105122070863212,22,328.0
1175.0,16,345.0,7.340425531914893,6.42890784998604,7,182.0,0.3286973011076022,9,187.0,0.3718412309226517,16,369.0
1180.0,18,324.0,6.8936170212765955,4.860393704033902,7,165.0,0.2654587624661188,11,202.0,0.21627792382726674,18,367.0
1185.0,17,399.0,9.068181818181818,6.435083482932947,10,213.0,0.33759837972106943,7,219.0,0.3963849994103417,17,432.0
1190.0,18,234.0,5.441860465116279,5.708714031298019,10,169.0,0.36135698927865045,8,190.0,0.345522244098298,18,359.0
1195.0,19,244.0,5.545454545454546,5.0990411198238155,11,148.0,0.3231430531639657,8,128.0,0.29746018599352037,19,276.0
1200.0,18,244.0,5.191489361702128,4.600998181554461,8,151.0,0.3064942064398226,10,153.0,0.3107582093887078,18,304.0
1205.0,13,266.0,5.659574468085107,6.858185689381017,4,128.0,0.43489924124874013,9,176.0,0.38737957356611935,13,304.0
1210.0,15,206.0,4.204081632653061,5.660972604410425,6,81.0,0.33043191398700594,9,193.0,0.28395507283495053,15,274.0
1215.0,19,260.0,4.814814814814815,5.542887850368427,9,72.0,0.17679287400835184,10,224.0,0.28927292314670483,19,296.0
1220.0,22,331.0,6.12962962962963,5.670741973684147,11,103.0,0.18794578916845345,11,271.0,0.37524599477492,22,374.0
1225.0,16,365.0,7.1568627450980395,6.521240797316423,5,88.0,0.39367329684584573,11,326.0,0.29082554495426255,16,414.0
1230.0,16,373.0,7.313725490196078,5.966202771804271,6,94.0,0.31102892254164005,10,352.0,0.258706389773442,16,446.0
1235.0,21,434.0,9.041666666666666,5.787628989194146,8,110.0,0.28965968929216274,13,390.0,0.2158021802708124,21,500.0
1240.0,18,413.0,8.787234042553191,4.760463216769513,8,113.0,0.30252914380740914,10,388.0,0.23456602481390645,18,501.0
1245.0,16,444.0,9.652173913043478,6.252496908697202,7,85.0,0.45043463396389083,9,389.0,0.29683778304601094,16,474.0
1250.0,15,357.0,7.760869565217392,7.214328848695355,7,108.0,0.4482823584348313,8,348.0,0.3548153405002144,15,456.0
1255.0,12,177.0,3.6122448979591835,7.162624836327068,7,146.0,0.4238536957549086,5,223.0,0.3508918242563473,12,369.0
1260.0,13,148.0,3.217391304347826,5.996735494409001,6,113.0,0.36734525835225934,7,227.0,0.2922021062022664,13,340.0
1265.0,20,239.0,5.975,4.5186247342494745,9,155.0,0.31752895802103714,11,276.0,0.24370348316015572,20,431.0
1270.0,19,239.0,4.979166666666667,4.288719326046682,9,167.0,0.2931747818793454,10,292.0,0.24972774502422368,19,459.0
1275.0,23,321.0,6.056603773584905,5.859011935538417,13,226.0,0.36968203097721364,10,297.0,0.33910150736207145,23,523.0
1280.0,19,288.0,5.333333333333333,6.363676426763387,9,213.0,0.49620997275590634,10,305.0,0.3899338957362838,19,518.0
1285.0,19,282.0,5.127272727272727,5.610767224651235,7,175.0,0.4153550112977994,12,367.0,0.317942144743033,19,542.0
1290.0,25,256.0,4.491228070175438,3.9649932857800447,13,175.0,0.18673709937669103,12,323.0,0.3573715311535671,25,498.0
1295.0,20,173.0,2.8833333333333333,4.500678824671736,10,177.0,0.1853315337901978,10,232.0,0.3320245222394672,20,409.0
1300.0,21,174.0,2.8524590163934427,5.2279793690790575,11,210.0,0.3058277442547264,10,234.0,0.27596819794375466,21,444.0
1305.0,27,261.0,4.078125,5.334988299653099,18,283.0,0.26926430173777205,9,231.0,0.21502018723403413,27,514.0
1310.0,27,264.0,4.125,4.398750112899002,15,320.0,0.17958603678766022,12,232.0,0.23994823440416194,27,552.0
1315.0,35,429.0,7.032786885245901,4.5011657627155355,21,379.0,0.16762440973127524,14,301.0,0.319372652438277,35,680.0
1320.0,32,454.0,6.984615384615385,4.636888016027252,20,409.0,0.17070957849043897,12,323.0,0.3450143731941341,32,732.0
1325.0,31,466.0,6.955223880597015,5.031175934915825,17,413.0,0.23054709464977796,14,339.0,0.3545027009662638,31,752.0
1330.0,27,431.0,6.53030303030303,4.571132486810427,14,414.0,0.3224382677941368,13,357.0,0.27126417457378554,27,771.0
1335.0,22,294.0,4.323529411764706,4.947628279305498,12,341.0,0.2614109058374041,10,362.0,0.27386771135729177,22,703.0
1340.0,21,301.0,4.5606060606060606,5.513563654355329,13,331.0,0.29946664769087167,8,308.0,0.20551531836509546,21,639.0
1345.0,27,240.0,3.6923076923076925,5.079625891749728,13,327.0,0.2873012497439786,14,237.0,0.101847177460265,27,564.0
1350.0,26,296.0,4.484848484848484,4.864622603602151,13,340.0,0.24823813094568128,13,282.0,0.22985227802544556,26,622.0
1355.0,25,322.0,5.366666666666666,5.259398530508182,15,345.0,0.2872146727033501,10,287.0,0.359629639765352,25,632.0
1360.0,25,312.0,5.379310344827586,5.471735064192427,14,313.0,0.25509431605530714,11,312.0,0.3798917973337929,25,625.0
1365.0,27,354.0,5.80327868852459,3.837987151417006,13,324.0,0.1299978244571298,14,320.0,0.25750637917350655,27,644.0
1370.0,31,428.0,6.903225806451613,3.97578201387814,14,308.0,0.25609845392957553,17,363.0,0.15264430666215154,31,671.0
1375.0,27,507.0,8.45,4.985403091161287,14,342.0,0.25508595984991195,13,406.0,0.2580427996059436,27,748.0
1380.0,28,453.0,7.078125,4.994865784956553,15,371.0,0.18857128967906742,13,379.0,0.2781587118050754,28,750.0
1385.0,27,343.0,5.276923076923077,5.193079616971781,15,346.0,0.18313127533237158,12,329.0,0.3540536451668913,27,675.0
1390.0,27,340.0,5.3125,5.098841854879957,15,305.0,0.33148310669488334,12,271.0,0.2867203654153626,27,576.0
1395.0,29,347.0,5.338461538461538,5.46773642539748,12,281.0,0.3819611780619255,17,217.0,0.2594032296351581,29,498.0
1400.0,28,400.0,6.0606060606060606,5.386167303995929,11,227.0,0.40420408047945366,17,273.0,0.19761458415815333,28,500.0
1405.0,30,413.0,6.453125,4.435859164030311,13,224.0,0.3351868504431616,17,330.0,0.15072747761359637,30,554.0
1410.0,25,331.0,5.171875,4.275881930838058,11,164.0,0.3034643846467707,14,345.0,0.13614763229261329,25,509.0
1415.0,22,285.0,4.75,4.811131442852967,13,174.0,0.28425520814988936,9,312.0,0.21529350927593727,22,486.0
1420.0,21,220.0,3.5483870967741935,4.247433792992292,13,183.0,0.21015010455146332,8,232.0,0.19871330216560354,21,415.0
1425.0,31,302.0,4.575757575757576,4.752181099106157,18,240.0,0.24680774935261263,13,203.0,0.2548605958833515,31,443.0
1430.0,30,348.0,5.523809523809524,4.996470590759371,16,275.0,0.2846626822450886,14,254.0,0.31438871985449024,30,529.0
1435.0,27,402.0,6.380952380952381,5.333627024217804,13,304.0,0.3301864707798323,14,283.0,0.34689820675631455,27,587.0
1440.0,28,394.0,6.253968253968254,3.9038142761420627,12,326.0,0.2324379606637171,16,269.0,0.2672922888770811,28,595.0
1445.0,23,301.0,4.854838709677419,4.700668774925655,12,304.0,0.23065131433527808,11,208.0,0.2553002640115377,23,512.0
1450.0,21,244.0,3.873015873015873,5.34546087219658,11,249.0,0.1916161056079411,10,176.0,0.32385655999448926,21,425.0
1455.0,22,223.0,3.4307692307692306,5.776340154958096,13,215.0,0.15540257039079797,9,160.0,0.32826977314637096,22,375.0
1460.0,27,317.0,5.372881355932203,5.10599314649478,15,257.0,0.1614810733421474,12,174.0,0.35363623916391446,27,431.0
1465.0,26,294.0,4.9,5.023239700115158,12,271.0,0.2416682411905638,14,190.0,0.33313264874560067,26,461.0
1470.0,25,346.0,5.492063492063492,4.667195153461541,10,272.0,0.24742798197654625,15,238.0,0.28416324098315443,25,510.0
1475.0,27,353.0,5.430769230769231,4.914669464534166,10,222.0,0.36585013345403394,17,270.0,0.20101175972523053,27,492.0
1480.0,19,349.0,5.453125,6.34056949339222,9,248.0,0.48233282129527866,10,256.0,0.26290327824514464,19,504.0
1485.0,16,221.0,3.298507462686567,5.640004501953185,8,188.0,0.3570142451012201,8,245.0,0.2563536721722275,16,433.0
1490.0,20,256.0,3.9384615384615387,5.973989337496051,8,162.0,0.3637523478991844,12,266.0,0.2805167382704323,20,428.0
1495.0,25,202.0,3.3114754098360657,5.001024370068972,10,158.0,0.3991789476856884,15,254.0,0.1976335088720023,25,412.0
1500.0,29,299.0,4.82258064516129,4.700621073197843,12,168.0,0.3108131741108849,17,289.0,0.2380602185561752,29,457.0
1505.0,30,315.0,4.846153846153846,4.125899081441508,15,200.0,0.2942763889360057,15,305.0,0.2005782686001597,30,505.0
1510.0,21,294.0,4.523076923076923,5.833355046968389,13,223.0,0.34507838228545645,8,253.0,0.2901797228560496,21,476.0
1515.0,16,243.0,3.857142857142857,5.510514860349747,12,249.0,0.23697736046741427,4,199.0,0.3255884442748756,16,448.0
1520.0,23,264.0,4.061538461538461,5.109835220440147,16,283.0,0.266097061670075,7,169.0,0.17628487698913137,23,452.0
1525.0,28,252.0,4.131147540983607,4.785849667428444,15,270.0,0.27068266476916164,13,175.0,0.2146596939768331,28,445.0
1530.0,23,303.0,5.135593220338983,5.591509690241245,17,289.0,0.20737235943644453,6,150.0,0.4248685622793616,23,439.0
1535.0,24,280.0,4.745762711864407,4.952809849191996,16,334.0,0.19430495857008254,8,130.0,0.2920252099163119,24,464.0
1540.0,23,296.0,4.852459016393443,5.2378721884635295,12,334.0,0.30887631748906963,11,131.0,0.23222726326719692,23,465.0
1545.0,27,353.0,5.603174603174603,4.893744510033134,12,344.0,0.30742694828589684,15,192.0,0.23742330931041486,27,536.0
1550.0,31,431.0,6.734375,5.252421866920162,16,346.0,0.30290011259285216,15,246.0,0.3281829260137969,31,592.0
1555.0,30,546.0,8.4,4.668878034904472,14,383.0,0.3098488750870927,16,323.0,0.2522179681139952,30,706.0
1560.0,28,562.0,8.78125,3.9121596772707434,13,403.0,0.31384494085601217,15,336.0,0.09205482687761571,28,739.0
1565.0,24,492.0,7.809523809523809,4.775469914471194,15,442.0,0.31001334231273375,9,277.0,0.14611523099701632,24,719.0
1570.0,19,322.0,5.03125,5.529813381834282,16,408.0,0.2216996748665485,3,151.0,0.393927875870119,19,559.0
1575.0,22,273.0,4.265625,4.889666578439218,16,417.0,0.18568292364289818,6,134.0,0.3271265005359491,22,551.0
1580.0,28,356.0,5.650793650793651,5.3022379202942025,20,384.0,0.21912450443511583,8,132.0,0.46686305087364527,28,516.0
1585.0,28,362.0,5.746031746031746,4.880221442166192,19,395.0,0.19074485747641765,9,177.0,0.4528139776365504,28,572.0
1590.0,35,480.0,7.868852459016393,4.274715565447554,22,417.0,0.16442155310246986,13,237.0,0.36313633945955553,35,654.0
1595.0,35,485.0,7.698412698412699,3.2317116360938405,22,470.0,0.09913003864444243,13,224.0,0.28296355297012205,35,694.0
1600.0,26,442.0,7.015873015873016,4.4440975728864975,18,466.0,0.16847300653530817,8,158.0,0.2888821282615595,26,624.0
1605.0,27,433.0,6.5606060606060606,4.637295228951101,17,454.0,0.23095863994519142,10,193.0,0.15774497731558856,27,647.0
1610.0,32,399.0,5.619718309859155,5.008354363068141,17,441.0,0.2477275429037419,15,257.0,0.18060386954174407,32,698.0
1615.0,34,442.0,6.597014925373134,4.401188686604114,19,437.0,0.21607226183496092,15,270.0,0.31393498720410656,34,707.0
1620.0,33,527.0,7.984848484848484,4.784106387075021,19,484.0,0.27683633615628483,14,294.0,0.36073071385962896,33,778.0
1625.0,34,509.0,7.8307692307692305,4.360552994430047,18,486.0,0.2652682834878859,16,330.0,0.31119223190392953,34,816.0
1630.0,37,558.0,8.328358208955224,3.3636388354818854,19,507.0,0.11941555393098881,18,347.0,0.21423112804549624,37,854.0
1635.0,34,514.0,7.5588235294117645,3.5780252226084026,16,470.0,0.12696759346046327,18,350.0,0.12352090323236584,34,820.0
1640.0,27,307.0,4.385714285714286,4.538765625723496,16,467.0,0.15143410955171202,11,276.0,0.1706870528307068,27,743.0
1645.0,25,296.0,4.169014084507042,5.891540306181759,19,467.0,0.16271844436479738,6,199.0,0.3858841954847295,25,666.0
1650.0,21,243.0,3.5217391304347827,5.681758353624159,17,478.0,0.17011724824913177,4,189.0,0.43622910087484434,21,667.0
1655.0,26,316.0,4.647058823529412,5.438741364296044,16,472.0,0.31831929294453826,10,200.0,0.32116968939008184,26,672.0
1660.0,26,339.0,4.913043478260869,4.894388823987042,13,418.0,0.31713829018215217,13,208.0,0.26328822061632345,26,626.0
1665.0,23,339.0,4.913043478260869,6.252375921312266,14,384.0,0.42687916395932046,9,170.0,0.24997477681931302,23,554.0
1670.0,23,380.0,5.588235294117647,5.570839432298155,13,373.0,0.2778385428367801,10,145.0,0.23368335173956956,23,518.0
1675.0,27,491.0,7.115942028985507,6.474277898932206,17,420.0,0.18352563301716115,10,159.0,0.37012842903519144,27,579.0
1680.0,29,466.0,6.955223880597015,5.51568020524063,19,370.0,0.14999407353322708,10,193.0,0.38766357095166565,29,563.0
1685.0,27,413.0,7.120689655172414,5.4287102956584965,16,320.0,0.27187513397377605,11,248.0,0.416998050244473,27,568.0
1690.0,22,359.0,6.410714285714286,4.377659690467159,13,304.0,0.24661714958682815,9,206.0,0.37153216736656747,22,510.0
1695.0,25,353.0,5.883333333333334,4.990252546586343,15,346.0,0.29831641739606435,10,188.0,0.383614398149003,25,534.0
1700.0,27,461.0,7.435483870967742,4.8156039641724755,15,376.0,0.27046853399929294,12,182.0,0.38223833799876894,27,558.0
1705.0,26,451.0,6.731343283582089,4.36233768713426,16,377.0,0.24133308169791326,10,195.0,0.3254535078481033,26,572.0
1710.0,29,555.0,7.928571428571429,4.764219896237258,20,447.0,0.21661293498005862,9,199.0,0.35652898390219384,29,646.0
1715.0,31,448.0,6.222222222222222,4.360763242669204,20,461.0,0.17648084114893375,11,185.0,0.3517319708443505,31,646.0
1720.0,31,444.0,5.842105263157895,4.884525952069543,15,394.0,0.30261054956110384,16,225.0,0.27669800938228445,31,619.0
1725.0,33,424.0,5.653333333333333,4.555317048253391,16,389.0,0.2744413633212342,17,283.0,0.29563751761275825,33,672.0
1730.0,26,354.0,4.783783783783784,5.106561678832942,13,306.0,0.2732165124077386,13,315.0,0.2739632179983181,26,621.0
1735.0,30,405.0,5.625,4.8970467543296285,16,321.0,0.14745767145242797,14,317.0,0.31327765700465054,30,638.0
1740.0,30,431.0,5.904109589041096,4.7052934229779195,16,320.0,0.16262389951478934,14,296.0,0.23163812448103013,30,616.0
1745.0,36,375.0,5.357142857142857,4.159724017675746,18,358.0,0.24895586325401708,18,300.0,0.18423422847943122,36,658.0
1750.0,37,391.0,5.585714285714285,4.5584533182083895,18,369.0,0.3206514897399714,19,275.0,0.20417735940641152,37,644.0
1755.0,37,431.0,5.986111111111111,3.808168868937661,19,380.0,0.3026352584014615,18,314.0,0.1666202585917001,37,694.0
1760.0,27,367.0,5.097222222222222,4.6167695488199865,14,363.0,0.24570667883909655,13,302.0,0.24571891329030296,27,665.0
1765.0,26,362.0,5.027777777777778,5.0973690583453655,15,364.0,0.2025607435232755,11,296.0,0.3516829409302727,26,660.0
1770.0,32,436.0,6.055555555555555,4.7184387699346795,20,369.0,0.11682160473395961,12,301.0,0.263772559743538,32,670.0
1775.0,39,554.0,8.028985507246377,4.238215058084349,21,424.0,0.13796298795698145,18,322.0,0.2714599367755826,39,746.0
1780.0,35,554.0,8.26865671641791,4.1767471311577316,20,472.0,0.17137707098760005,15,324.0,0.25339228847973894,35,796.0
1785.0,32,517.0,7.7164179104477615,4.219336864858853,19,491.0,0.18807220948925127,13,277.0,0.2916682765666395,32,768.0
1790.0,34,500.0,7.352941176470588,4.210436765537816,17,472.0,0.2653507486564191,17,301.0,0.24242355313994018,34,773.0
1795.0,28,480.0,7.164179104477612,4.504253313334545,16,462.0,0.13708486112166426,12,291.0,0.3622089431042267,28,753.0
1800.0,25,387.0,5.953846153846154,5.326370772666588,13,385.0,0.13676029662345246,12,335.0,0.355824980906016,25,720.0
1805.0,28,486.0,7.59375,5.690967423275069,11,319.0,0.1894565871948106,17,399.0,0.180988222902258,28,718.0
1810.0,23,405.0,6.639344262295082,5.2712883908273716,8,251.0,0.2995585126482826,15,360.0,0.09476274697277388,23,611.0
1815.0,24,415.0,6.916666666666667,5.917677630134761,10,274.0,0.3625394510222748,14,327.0,0.16551703176501067,24,601.0
1820.0,21,403.0,7.0701754385964914,5.68738742441104,9,296.0,0.4057437588089447,12,322.0,0.2659993409559484,21,618.0
1825.0,18,409.0,7.175438596491228,6.351416577034178,8,298.0,0.3832586303082859,10,255.0,0.37269481281967426,18,553.0
1830.0,21,397.0,7.089285714285714,6.099543816873463,12,348.0,0.3702127769643344,9,235.0,0.32270970178358693,21,583.0
1835.0,22,431.0,7.305084745762712,6.74563414159456,13,414.0,0.3390077380101238,9,191.0,0.3757270433878445,22,605.0
1840.0,22,473.0,8.298245614035087,5.777233907189899,10,452.0,0.33343491412008053,12,198.0,0.23069502332967576,22,650.0
1845.0,24,557.0,10.127272727272727,5.515761727103178,13,500.0,0.3552309668845623,11,199.0,0.21324080229079334,24,699.0
1850.0,27,394.0,7.035714285714286,4.3599131149447174,15,415.0,0.3035802995789679,12,208.0,0.2114651792631172,27,623.0
1855.0,23,464.0,7.864406779661017,5.893774082613621,13,382.0,0.33943593505425906,10,220.0,0.36818292886903625,23,602.0
1860.0,21,458.0,7.633333333333334,6.108073305925398,13,415.0,0.29891415014543693,8,199.0,0.47266875444218587,21,614.0
1865.0,20,501.0,8.080645161290322,6.637620478087309,11,424.0,0.3623955443377813,9,199.0,0.42017427590018597,20,623.0
1870.0,21,570.0,9.827586206896552,5.34712660995415,12,461.0,0.31904178932834826,9,232.0,0.2556249444407011,21,693.0
1875.0,27,678.0,11.894736842105264,5.902581249832463,15,503.0,0.2581386087847023,12,288.0,0.340572370961994,27,791.0
1880.0,22,461.0,8.381818181818181,4.540624306991458,14,438.0,0.06468739541484542,8,223.0,0.38782703685887016,22,661.0
1885.0,23,357.0,6.375,5.615632908282339,13,318.0,0.23021046805548115,10,217.0,0.4167135748316008,23,535.0
1890.0,23,305.0,5.545454545454546,4.456818578783758,13,334.0,0.259103524783106,10,208.0,0.3274786929008563,23,542.0
1895.0,25,312.0,5.571428571428571,4.997831405662453,16,378.0,0.2892323274679198,9,172.0,0.3899881579160756,25,550.0
1900.0,24,308.0,5.220338983050848,4.63052252733205,14,392.0,0.26874904879316436,10,199.0,0.35576073539098313,24,591.0
1905.0,24,351.0,5.661290322580645,5.074658923135531,10,356.0,0.34994029290598233,14,258.0,0.26387409060430794,24,614.0
1910.0,24,303.0,4.887096774193548,4.889683296689667,10,352.0,0.30724562533106725,14,292.0,0.3166302556016884,24,644.0
1915.0,24,365.0,5.615384615384615,5.39234623903438,14,360.0,0.2154415724177411,10,286.0,0.392968856396687,24,646.0
1920.0,29,465.0,7.045454545454546,4.796608356230977,16,403.0,0.09695833151563223,13,314.0,0.37670896466855375,29,717.0
1925.0,29,544.0,8.36923076923077,5.371443067890472,14,423.0,0.22592566690895652,15,385.0,0.33403990801498573,29,808.0
1930.0,21,422.0,6.918032786885246,4.949108934428672,8,345.0,0.3424607921835852,13,389.0,0.20754086335649183,21,734.0
1935.0,25,345.0,5.75,4.416061182944876,10,241.0,0.2669169465319414,15,339.0,0.2065590354941518,25,580.0
1940.0,29,354.0,5.709677419354839,4.067759831105137,14,271.0,0.21408187135502377,15,341.0,0.24604177844957162,29,612.0
1945.0,29,357.0,5.578125,4.7127315077776535,17,330.0,0.22984602347392788,12,305.0,0.30267569786945714,29,635.0
1950.0,27,312.0,4.875,4.477932525452088,15,361.0,0.2839565971057125,12,299.0,0.2599877058237702,27,660.0
1955.0,20,284.0,4.369230769230769,5.551132875439517,7,322.0,0.34887565826674644,13,294.0,0.33212521044377835,20,616.0
1960.0,22,279.0,4.359375,5.274671884345352,8,290.0,0.4327405636644507,14,307.0,0.23194781997588962,22,597.0
1965.0,25,355.0,5.378787878787879,5.883442596560586,12,304.0,0.36271181404886205,13,294.0,0.24114515872573283,25,598.0
1970.0,24,418.0,6.741935483870968,5.106141437716096,10,344.0,0.25860114995781963,14,304.0,0.11349401564961481,24,648.0
1975.0,29,478.0,7.836065573770492,4.896619111152266,16,394.0,0.25560653035216435,13,282.0,0.1620111103003399,29,676.0
1980.0,25,527.0,8.932203389830509,4.159577492694923,14,450.0,0.2310220062155695,11,306.0,0.2299778162872789,25,756.0
1985.0,24,582.0,10.777777777777779,5.300418592485596,11,477.0,0.378693152497171,13,329.0,0.28594711309231785,24,806.0
1990.0,21,453.0,8.547169811320755,5.159619042981411,9,408.0,0.3782491263361241,12,308.0,0.2274531648539934,21,716.0
1995.0,22,406.0,7.381818181818182,5.0268775153776515,9,308.0,0.2712813040239333,13,286.0,0.2279053776959831,22,594.0
2000.0,22,196.0,3.5636363636363635,4.276901719295296,11,208.0,0.2126980018050225,11,281.0,0.2686340078798005,22,489.0
2005.0,25,270.0,4.655172413793103,5.7110185956813035,17,214.0,0.23791573765161664,8,255.0,0.42245240939801704,25,469.0
2010.0,26,328.0,5.377049180327869,5.113092962488272,15,253.0,0.22632005698702262,11,276.0,0.34827597376117403,26,529.0
2015.0,17,351.0,5.85,6.807817801029874,8,245.0,0.32673424437751825,9,321.0,0.3977844503200435,17,566.0
2020.0,16,362.0,6.135593220338983,6.021410474501932,8,232.0,0.23189499691818605,8,306.0,0.3474040573432025,16,538.0
2025.0,22,445.0,7.672413793103448,5.485056141347757,12,247.0,0.14662475267867137,10,351.0,0.3796913195020029,22,598.0
2030.0,30,450.0,8.181818181818182,4.01830018245416,17,238.0,0.19458021181044527,13,403.0,0.2805236867684195,30,641.0
2035.0,33,565.0,10.089285714285714,4.557727589449238,18,249.0,0.24110814940736985,15,472.0,0.30780297205134755,33,721.0
2040.0,27,505.0,8.859649122807017,3.7322331332236196,14,279.0,0.1912589386972499,13,438.0,0.30425671904117785,27,717.0
2045.0,22,480.0,8.135593220338983,4.741155386581612,8,232.0,0.28324294413530726,14,461.0,0.28800856681188713,22,693.0
2050.0,24,494.0,8.233333333333333,5.373258387515565,11,197.0,0.3624518812506329,13,471.0,0.24664093841436288,24,668.0
2055.0,18,451.0,7.6440677966101696,5.886252079525213,10,187.0,0.3647157666057252,8,437.0,0.2475367648915301,18,624.0
2060.0,21,518.0,9.25,5.353546951419333,12,236.0,0.23889654323723367,9,448.0,0.2896054152854877,21,684.0
2065.0,27,606.0,11.018181818181818,4.893698043823664,15,290.0,0.21514571242876357,12,478.0,0.28918457175090145,27,768.0
2070.0,33,756.0,14.0,3.9703484953985484,20,378.0,0.2085278815350817,13,538.0,0.22317853605367782,33,916.0
2075.0,27,790.0,15.192307692307692,3.6962868811596366,15,397.0,0.27165341540834287,12,549.0,0.15059418518116338,27,946.0
2080.0,15,717.0,14.058823529411764,5.107462048625344,10,384.0,0.2747601052345971,5,517.0,0.260742369081564,15,901.0
2085.0,17,646.0,12.423076923076923,5.140072249914647,9,312.0,0.23878828480285288,8,538.0,0.22913384138870185,17,850.0
2090.0,24,601.0,10.927272727272728,5.088868839747959,12,251.0,0.1669661769112705,12,598.0,0.27988829012642913,24,849.0
2095.0,22,625.0,12.254901960784315,4.472511732892615,13,273.0,0.1973372666784475,9,621.0,0.36207291864563174,22,894.0
2100.0,26,718.0,13.807692307692308,4.615934863300392,16,315.0,0.18253409500315124,10,629.0,0.30187229384122133,26,944.0
2105.0,26,779.0,14.425925925925926,5.01508769244175,14,330.0,0.23314608501825876,12,675.0,0.20475995838781963,26,1005.0
2110.0,20,540.0,9.642857142857142,6.10521665129992,8,297.0,0.28325555662688945,12,580.0,0.2037831157700023,20,877.0
2115.0,14,215.0,4.134615384615385,5.945296570257393,7,261.0,0.22531511932472667,7,332.0,0.33621778556140797,14,593.0
2120.0,21,290.0,5.686274509803922,5.840162640237679,13,294.0,0.23538976733406028,8,189.0,0.34617339605817443,21,483.0
2125.0,21,394.0,8.040816326530612,6.412799127844134,12,354.0,0.34581837903018814,9,209.0,0.36999668796434715,21,563.0
2130.0,19,286.0,5.39622641509434,5.530078814797295,10,349.0,0.385279915495844,9,165.0,0.21600894470717444,19,514.0
2135.0,17,327.0,6.8125,6.294588698304586,7,310.0,0.4396829607362925,10,133.0,0.20008939774656825,17,443.0
2140.0,18,265.0,5.520833333333333,5.724991476437867,10,254.0,0.35598240964651456,8,136.0,0.2972970951155331,18,390.0
2145.0,20,252.0,5.142857142857143,5.57020352198466,12,179.0,0.2422083920212237,8,144.0,0.3606315600354611,20,323.0
2150.0,25,296.0,6.434782608695652,4.112537667866313,19,243.0,0.15994546413801186,6,134.0,0.4156707238083422,25,377.0
2155.0,31,416.0,8.32,3.662934274155214,24,347.0,0.1582484934846781,7,136.0,0.38669758076445204,31,483.0
2160.0,26,454.0,8.254545454545454,3.649327640810223,19,409.0,0.23812878866457848,7,151.0,0.29593981711282646,26,560.0
2165.0,19,417.0,7.067796610169491,5.677813818217769,10,407.0,0.34712410212374073,9,181.0,0.3660412444752554,19,588.0
2170.0,15,170.0,2.8333333333333335,5.854536074158542,8,318.0,0.34174803031812073,7,112.0,0.4119578734064852,15,430.0
2175.0,17,167.0,2.5692307692307694,6.178969740881861,12,305.0,0.22717303084787058,5,69.0,0.4525317621831033,17,374.0
2180.0,29,241.0,3.8870967741935485,4.895029621789325,20,379.0,0.0656402761686444,9,71.0,0.4990016796436265,29,450.0
2185.0,35,401.0,6.1692307692307695,4.965187051487338,26,501.0,0.12930439506375205,9,113.0,0.45906429850534536,35,614.0
2190.0,33,456.0,7.354838709677419,3.5503891665334755,21,552.0,0.19554856875799745,12,137.0,0.2885777913775995,33,689.0
2195.0,28,427.0,6.671875,4.270694251522849,13,505.0,0.31053335771860213,15,179.0,0.17161278992759585,28,684.0
2200.0,28,448.0,7.0,4.0958891514257125,13,445.0,0.25366246689728145,15,244.0,0.15622422162678004,28,689.0
2205.0,37,487.0,7.492307692307692,4.07021491782682,18,418.0,0.1818936726570462,19,330.0,0.23660526869964166,37,748.0
2210.0,30,421.0,6.578125,3.6254424453642704,14,412.0,0.2131797736509802,16,355.0,0.2351631129078749,30,767.0
2215.0,32,485.0,7.698412698412699,4.423533328207943,17,371.0,0.21517585203281295,15,351.0,0.29407988847592575,32,722.0
2220.0,36,588.0,9.046153846153846,4.345348541789495,19,390.0,0.16135041424979477,17,416.0,0.1998944410968775,36,806.0
2225.0,27,469.0,7.106060606060606,4.852440073234067,12,343.0,0.17607335466412796,15,399.0,0.1376943872823758,27,742.0
2230.0,24,339.0,5.380952380952381,4.789615193512925,10,340.0,0.27022718858565714,14,355.0,0.07440784532797057,24,695.0
2235.0,24,301.0,4.777777777777778,5.104589358820297,15,402.0,0.24649034387177474,9,338.0,0.2585099137105546,24,740.0
2240.0,29,341.0,5.683333333333334,5.066029993021113,15,402.0,0.2800733889430077,14,329.0,0.29539928876505095,29,731.0
2245.0,24,262.0,4.295081967213115,4.596598526794003,12,369.0,0.23953989728911051,12,337.0,0.24541893211496205,24,706.0
2250.0,30,358.0,5.424242424242424,4.769215989377811,13,422.0,0.2106620473348054,17,388.0,0.3085749638640565,30,810.0
2255.0,29,470.0,7.014925373134329,4.815392503798409,15,494.0,0.1862712319115936,14,407.0,0.37124387677368986,29,901.0
2260.0,37,554.0,8.26865671641791,4.071217214223183,22,596.0,0.21283006481664224,15,365.0,0.30053942061433186,37,961.0
2265.0,36,437.0,6.522388059701493,2.676217219792442,21,605.0,0.213066813025777,15,359.0,0.1785626458672773,36,964.0
2270.0,27,290.0,4.142857142857143,3.4064381038640015,13,512.0,0.2167330178262729,14,334.0,0.11848748486014399,27,846.0
2275.0,26,294.0,4.027397260273973,4.525070812232085,12,463.0,0.2294033412656948,14,371.0,0.20949672686988088,26,834.0
2280.0,31,293.0,3.8552631578947367,4.779094672909253,13,418.0,0.2866084872495326,18,408.0,0.21716160605965407,31,826.0
2285.0,34,384.0,5.1891891891891895,4.329368557619286,15,420.0,0.2891454677879172,19,462.0,0.2300239859653525,34,882.0
2290.0,28,429.0,5.797297297297297,4.619523962442676,14,397.0,0.2212524424065893,14,487.0,0.27013112375229387,28,884.0
2295.0,28,436.0,5.972602739726027,4.386293370513269,13,417.0,0.196650331691119,15,471.0,0.19128429804001837,28,888.0
2300.0,36,448.0,6.054054054054054,4.281817094995623,18,449.0,0.13820675297565482,18,416.0,0.22408712482689647,36,865.0
2305.0,37,545.0,7.364864864864865,3.640703659923462,18,507.0,0.16423928582029687,19,463.0,0.2142372463318999,37,970.0
2310.0,35,661.0,8.697368421052632,4.535977013701699,14,539.0,0.26902035606059815,21,517.0,0.2082746064093756,35,1056.0
2315.0,32,571.0,7.415584415584416,4.833868527193988,12,463.0,0.3154804657344298,20,569.0,0.16427124040843052,32,1032.0
2320.0,30,538.0,6.725,5.436758245716204,15,437.0,0.32608489464580914,15,547.0,0.17162282623326955,30,984.0
2325.0,29,515.0,6.776315789473684,5.076916648111693,15,483.0,0.26636098928448043,14,514.0,0.2769325566977745,29,997.0
2330.0,29,454.0,6.135135135135135,5.1034434585771375,16,505.0,0.304593956189794,13,462.0,0.23315496678291805,29,967.0
2335.0,34,475.0,6.597222222222222,4.014107911746762,17,533.0,0.2201418319644813,17,450.0,0.21082541677525532,34,983.0
2340.0,39,598.0,7.973333333333334,4.458737405346515,18,591.0,0.24106339865530885,21,417.0,0.23552936804355679,39,1008.0
2345.0,40,678.0,9.287671232876713,4.107455684188163,19,639.0,0.23521288596984535,21,464.0,0.21179355956556514,40,1103.0
2350.0,37,715.0,9.794520547945206,4.468589408558089,22,697.0,0.18906111269015782,15,448.0,0.2481005114082572,37,1145.0
2355.0,33,748.0,10.108108108108109,3.8741624513534196,20,749.0,0.15714303218126163,13,428.0,0.21626647336855653,33,1177.0
2360.0,32,758.0,10.383561643835616,4.860910677104869,17,756.0,0.251632172038948,15,407.0,0.20217817815196482,32,1163.0
2365.0,34,799.0,10.653333333333334,4.538246791437026,17,784.0,0.2870362202822513,17,430.0,0.167584688299861,34,1214.0
2370.0,36,919.0,11.782051282051283,4.912547780374451,15,786.0,0.3100042722831405,21,513.0,0.21709936464163074,36,1299.0
2375.0,37,1019.0,12.426829268292684,4.976162191808549,18,851.0,0.3286972628796051,19,544.0,0.29475695497794363,37,1395.0
2380.0,31,1056.0,13.2,5.13782584651245,20,939.0,0.2556261979313126,11,499.0,0.3501529850172002,31,1438.0
2385.0,34,791.0,10.407894736842104,4.2929982664625355,23,889.0,0.1421413522784178,11,394.0,0.3224706534403592,34,1283.0
2390.0,38,493.0,6.4868421052631575,3.9008474694352757,23,739.0,0.10578120756636492,15,339.0,0.24256144099008253,38,1078.0
2395.0,39,439.0,6.271428571428571,3.2172592319388835,20,772.0,0.1949371221570284,19,407.0,0.15188753059626484,39,1179.0
2400.0,37,511.0,7.097222222222222,3.5599383306960055,15,756.0,0.23304343967331867,22,489.0,0.10180763194529162,37,1245.0
2405.0,41,645.0,8.958333333333334,3.8345194579074544,19,795.0,0.2660878577630281,22,530.0,0.10239823625872195,41,1325.0
2410.0,34,676.0,9.26027397260274,4.5894536269004105,21,755.0,0.15464805276755286,13,513.0,0.24324579558657278,34,1268.0
2415.0,30,729.0,10.414285714285715,4.4182013671313225,18,641.0,0.11075576388438943,12,526.0,0.2864475804833142,30,1167.0
2420.0,37,838.0,12.144927536231885,4.283317766941401,19,712.0,0.1550910195723161,18,556.0,0.27021000025568437,37,1268.0
2425.0,33,796.0,12.4375,3.910735380646313,17,768.0,0.1975705394598825,16,519.0,0.18018303345171377,33,1287.0
2430.0,35,747.0,11.149253731343284,4.535941787923757,20,847.0,0.21164532520840235,15,418.0,0.20418209379408772,35,1265.0
2435.0,29,647.0,9.656716417910447,4.248989169235043,18,847.0,0.22678751241989908,11,414.0,0.20185557692594272,29,1261.0
2440.0,27,659.0,9.835820895522389,4.728928905380398,20,857.0,0.24612100385747096,7,349.0,0.29322734464350514,27,1206.0
2445.0,30,737.0,11.166666666666666,4.975296433645932,19,850.0,0.20977662549009213,11,300.0,0.38246338192916435,30,1150.0
2450.0,27,769.0,11.477611940298507,5.190527321950247,18,784.0,0.27514377880831936,9,236.0,0.3131523980645511,27,1020.0
2455.0,28,639.0,9.681818181818182,4.4291022268639315,17,753.0,0.24836834466347907,11,231.0,0.3134867156172027,28,984.0
2460.0,32,407.0,6.074626865671642,4.102270984291594,15,645.0,0.19504073166304992,17,292.0,0.3075502509617917,32,937.0
2465.0,32,328.0,4.685714285714286,3.994212586300658,15,669.0,0.22405325879272267,17,324.0,0.28280797298879656,32,993.0
2470.0,25,305.0,4.357142857142857,4.764634656836763,14,657.0,0.26298219537009965,11,301.0,0.24603675702631975,25,958.0
2475.0,26,252.0,3.452054794520548,4.729114611167465,15,653.0,0.2674068177361294,11,293.0,0.17867014492804187,26,946.0
2480.0,34,351.0,4.743243243243243,4.4279915617934,19,656.0,0.22281853807917726,15,295.0,0.19238759873719632,34,951.0
2485.0,37,406.0,5.884057971014493,4.417392903178902,20,691.0,0.2530736297357385,17,345.0,0.27397210099765973,37,1036.0
2490.0,26,448.0,6.588235294117647,4.758590433964826,16,703.0,0.2218804657556914,10,335.0,0.3245259191582943,26,1038.0
2495.0,29,424.0,6.057142857142857,4.3262197497611465,19,728.0,0.07919875660822,10,293.0,0.3541665390836612,29,1021.0
2500.0,25,349.0,4.847222222222222,5.216061655071856,14,742.0,0.2278026372595735,11,240.0,0.2997025463142528,25,982.0
2505.0,29,410.0,5.774647887323944,4.569433503512504,12,776.0,0.2674499032677776,17,270.0,0.18452352957084858,29,1046.0
2510.0,32,514.0,7.449275362318841,4.948637643701444,18,830.0,0.22951284628514282,14,292.0,0.2580455778009786,32,1122.0
2515.0,33,535.0,7.753623188405797,3.9011737951378023,20,857.0,0.17786252819784806,13,301.0,0.22961886221545585,33,1158.0
2520.0,37,694.0,10.205882352941176,4.299933888590926,21,959.0,0.22845407762962922,16,335.0,0.2054906533684082,37,1294.0
2525.0,39,785.0,11.716417910447761,3.612366006335672,21,999.0,0.24756659407248796,18,395.0,0.1544087412172838,39,1394.0
2530.0,24,760.0,10.704225352112676,4.92030812226918,13,975.0,0.24110197893742016,11,414.0,0.21420467749809435,24,1389.0
2535.0,24,558.0,8.205882352941176,5.142395207735615,12,833.0,0.3025222408532338,12,378.0,0.1557309831630688,24,1211.0
2540.0,33,387.0,5.450704225352113,5.04409170593522,15,591.0,0.21173123256314647,18,432.0,0.1585271271539978,33,1023.0
2545.0,32,388.0,5.969230769230769,3.925626144606024,14,614.0,0.16942238636030704,18,397.0,0.22434992109806104,32,1011.0
2550.0,32,389.0,5.63768115942029,4.587965688250912,15,618.0,0.21110894939910815,17,352.0,0.2238467402942567,32,970.0
2555.0,30,363.0,5.5,4.647718949796568,17,634.0,0.28724693980325516,13,370.0,0.2327883552740587,30,1004.0
2560.0,26,336.0,5.014925373134329,5.368732904644582,16,651.0,0.22270457431045101,10,325.0,0.32792542297303273,26,976.0
2565.0,25,352.0,5.253731343283582,4.64148588370805,15,669.0,0.2062840968351467,10,314.0,0.3171219413071494,25,983.0
2570.0,32,430.0,6.417910447761194,4.6077387260889475,18,703.0,0.27086707954308314,14,321.0,0.24726344523155702,32,1024.0
2575.0,36,517.0,7.7164179104477615,3.617928657489348,16,600.0,0.2333578195520035,20,408.0,0.2487765292206605,36,1008.0
2580.0,39,581.0,8.544117647058824,3.823185335098723,16,389.0,0.23743923368045164,23,526.0,0.24230133163197268,39,915.0
2585.0,37,567.0,7.767123287671233,3.3295412498584067,13,384.0,0.2211925668044956,24,569.0,0.1812864087570285,37,953.0
2590.0,31,522.0,6.96,4.401030738521582,12,388.0,0.2769807300875311,19,549.0,0.17301268481413773,31,937.0
2595.0,30,554.0,7.386666666666667,4.965638537239854,16,425.0,0.2665583745245009,14,515.0,0.17967864786773022,30,940.0
2600.0,30,638.0,8.621621621621621,5.953123215069357,17,459.0,0.24845609476197839,13,529.0,0.294362600137309,30,988.0
2605.0,34,760.0,11.515151515151516,4.623349325013476,18,459.0,0.15324577667816533,16,581.0,0.23255798697121277,34,1040.0
2610.0,38,859.0,13.015151515151516,3.405161289772485,17,444.0,0.12279851607133001,21,678.0,0.1353433928029657,38,1122.0
2615.0,34,620.0,9.393939393939394,3.6007945973073294,15,467.0,0.21682909560863528,19,592.0,0.20742537264616623,34,1059.0
2620.0,33,557.0,8.313432835820896,4.3678130522656184,17,462.0,0.279810826164664,16,466.0,0.2507081205598246,33,928.0
2625.0,32,574.0,8.441176470588236,4.291232257962629,18,509.0,0.29028188360900237,14,483.0,0.27298437454348173,32,992.0
2630.0,27,557.0,8.569230769230769,4.876110005979419,17,543.0,0.28418198134213485,10,429.0,0.34234960476017545,27,972.0
2635.0,31,539.0,7.811594202898551,4.264723617577709,20,540.0,0.11589919127466337,11,403.0,0.36389873585526145,31,943.0
2640.0,30,393.0,5.383561643835616,4.613761391318882,17,474.0,0.145549287923356,13,373.0,0.30319371024952324,30,847.0
2645.0,32,354.0,4.8493150684931505,4.691885915867683,17,485.0,0.20809403702524534,15,317.0,0.2752539606424433,32,802.0
2650.0,33,416.0,5.698630136986301,4.708494079771953,18,522.0,0.2885235300396339,15,318.0,0.24845987117606969,33,840.0
2655.0,35,493.0,6.7534246575342465,4.128097792673087,18,575.0,0.22958305076816113,17,327.0,0.2400471649383621,35,902.0
2660.0,42,662.0,9.068493150684931,4.053930133909282,24,643.0,0.21458127145241024,18,353.0,0.29184324746092005,42,996.0
2665.0,41,785.0,10.194805194805195,4.3356558574064605,20,664.0,0.25218416175194924,21,419.0,0.2660633516404123,41,1083.0
2670.0,35,716.0,9.2987012987013,3.914342930387976,14,642.0,0.31758905885353167,21,447.0,0.12466129295432703,35,1089.0
2675.0,34,675.0,8.4375,4.812402314232782,16,644.0,0.3186661451716651,18,401.0,0.148630774146787,34,1045.0
2680.0,30,655.0,7.987804878048781,5.008066843030023,18,662.0,0.2659969924482256,12,420.0,0.20234278933491606,30,1082.0
2685.0,38,731.0,8.702380952380953,5.06438644237241,19,703.0,0.2303529283152545,19,439.0,0.2636430081135874,38,1142.0
2690.0,38,536.0,6.871794871794871,4.267523246061694,20,634.0,0.14963406487006636,18,419.0,0.3060978106622165,38,1053.0
2695.0,38,427.0,5.618421052631579,4.43232156147829,22,534.0,0.19642610270180808,16,408.0,0.28265183251583004,38,942.0
2700.0,39,472.0,5.974683544303797,3.8284717809183766,20,581.0,0.2075008649851921,19,403.0,0.19409716459040682,39,984.0
2705.0,29,358.0,4.64935064935065,4.527955152633889,17,589.0,0.24997080794288584,12,319.0,0.18351902264728234,29,908.0
2710.0,27,337.0,4.493333333333333,5.186101539886211,16,568.0,0.28349015477061695,11,264.0,0.29091869066030596,27,832.0
2715.0,29,321.0,4.115384615384615,5.044943805450459,20,570.0,0.1875588246695449,9,243.0,0.3366029808130693,29,813.0
2720.0,37,376.0,5.013333333333334,4.462123623532954,22,599.0,0.15866886195037117,15,265.0,0.330645514292485,37,864.0
2725.0,37,412.0,5.6438356164383565,4.118199233247765,20,604.0,0.16722744123145278,17,302.0,0.2739128384016105,37,906.0
2730.0,40,514.0,6.8533333333333335,3.872760604977205,18,561.0,0.21728503672158977,22,377.0,0.1876432268282049,40,938.0
2735.0,40,555.0,7.4,3.53673929265805,19,467.0,0.2179951713553555,21,418.0,0.16690442569824313,40,885.0
2740.0,39,587.0,7.826666666666667,4.170638086271645,19,491.0,0.25365250692677105,20,460.0,0.21147016706363692,39,951.0
2745.0,36,480.0,6.4,3.815021011585245,14,438.0,0.26356289310218556,22,469.0,0.12177332838465599,36,907.0
2750.0,29,364.0,4.7894736842105265,4.310987919077322,13,389.0,0.25473472826399574,16,407.0,0.15583413520563344,29,796.0
2755.0,25,391.0,5.144736842105263,5.853626969437647,14,414.0,0.27205616697028256,11,352.0,0.28690774590251633,25,766.0
2760.0,24,371.0,4.881578947368421,5.416704786923972,15,423.0,0.2558936147782949,9,337.0,0.2986120773943212,24,760.0
2765.0,30,419.0,5.371794871794871,4.862608063938086,16,436.0,0.25659131483786357,14,372.0,0.278216737828862,30,808.0
2770.0,37,382.0,4.897435897435898,4.177792094397637,17,404.0,0.29396899883547994,20,403.0,0.2625098224375343,37,807.0
2775.0,34,456.0,5.846153846153846,4.344545319514064,19,385.0,0.27205974219528783,15,398.0,0.3004184524212305,34,783.0
2780.0,32,523.0,6.5375,4.956705933464823,20,443.0,0.21871902737888577,12,383.0,0.39710907564990466,32,826.0
2785.0,28,445.0,5.705128205128205,4.624002885560318,15,442.0,0.21449847161148164,13,360.0,0.25843853602834577,28,802.0
2790.0,32,414.0,5.2405063291139244,3.5288884476299813,16,420.0,0.1711149787750179,16,322.0,0.17710640720162285,32,742.0
2795.0,42,372.0,4.536585365853658,3.448846923006591,21,405.0,0.19601392067339954,21,335.0,0.1504310575596801,42,740.0
2800.0,43,477.0,5.678571428571429,3.9246940168864004,20,442.0,0.22426984917906792,23,372.0,0.2096637611344913,43,814.0
2805.0,43,496.0,5.636363636363637,4.182235710725537,19,460.0,0.26395059178884556,24,432.0,0.20715417958928797,43,892.0
2810.0,37,445.0,5.0,4.297918733433634,20,489.0,0.22037572385205542,17,423.0,0.26472778065657776,37,912.0
2815.0,32,422.0,4.637362637362638,5.097342330132495,19,464.0,0.24846310223802587,13,415.0,0.28267317351313825,32,879.0
2820.0,27,426.0,4.786516853932584,5.183732787297831,16,477.0,0.24379467146736195,11,349.0,0.2529116119508915,27,826.0
2825.0,35,485.0,5.511363636363637,4.925211554087898,19,511.0,0.2071168328849764,16,350.0,0.17473739136794536,35,861.0
2830.0,45,552.0,6.814814814814815,3.562301221707034,24,563.0,0.1788709152751223,21,380.0,0.15690061583433332,45,943.0
2835.0,48,669.0,8.158536585365853,3.8070926578791733,25,581.0,0.16686447576901167,23,416.0,0.18741267656311042,48,997.0
2840.0,44,637.0,7.864197530864198,3.6859953971881447,24,580.0,0.2042780059702871,20,459.0,0.21160783581246595,44,1039.0
2845.0,38,679.0,8.180722891566266,4.4210655753903785,26,602.0,0.18326184897758066,12,432.0,0.29581541759540236,38,1034.0
2850.0,41,753.0,9.4125,4.325853483943763,29,660.0,0.10398290976882953,12,416.0,0.37014537201564573,41,1076.0
2855.0,31,488.0,6.177215189873418,4.0687083226600524,20,626.0,0.09558180903006556,11,308.0,0.26099830725801704,31,934.0
2860.0,29,410.0,5.061728395061729,4.363703150412132,17,630.0,0.1748125282827925,12,267.0,0.19334868680311065,29,897.0
2865.0,37,463.0,6.092105263157895,3.9987790196345223,20,648.0,0.1700162510766061,17,312.0,0.2427784622776293,37,960.0
2870.0,40,466.0,5.9743589743589745,3.4402604336765754,23,662.0,0.14117702916986663,17,337.0,0.273730309512407,40,999.0
2875.0,41,451.0,5.567901234567901,3.4474293586072897,20,588.0,0.2154161081283067,21,423.0,0.22474129625451617,41,1011.0
2880.0,43,497.0,5.847058823529411,3.4893857880787245,20,583.0,0.2653657849237008,23,462.0,0.17256508838245738,43,1045.0
2885.0,34,329.0,3.9166666666666665,4.231117945111489,13,506.0,0.2648606716344064,21,471.0,0.17390884448077168,34,977.0
2890.0,28,394.0,4.804878048780488,5.04939234430913,14,471.0,0.2555207824500679,14,464.0,0.235036851445913,28,935.0
2895.0,33,491.0,6.215189873417722,5.1071036082557955,18,484.0,0.21053558557999677,15,451.0,0.20275101799015813,33,935.0
2900.0,37,505.0,6.824324324324325,3.884860864542016,21,520.0,0.13523160577378632,16,430.0,0.12072156979795524,37,950.0
2905.0,40,524.0,7.178082191780822,3.6529626753023177,21,540.0,0.21707116412408156,19,459.0,0.11180862382979138,40,999.0
2910.0,38,573.0,8.070422535211268,3.6912850016839727,18,527.0,0.2535782640605642,20,480.0,0.1327835370838474,38,1007.0
2915.0,40,584.0,8.46376811594203,3.5918705466910015,18,478.0,0.27783811340162523,22,555.0,0.12998576836674328,40,1033.0
2920.0,39,650.0,9.027777777777779,3.359906321600202,15,510.0,0.2541452258177008,24,645.0,0.12298718724764023,39,1155.0
2925.0,36,660.0,9.166666666666666,3.038733044451056,14,506.0,0.1805929512142972,22,667.0,0.11159838229060598,36,1173.0
2930.0,29,328.0,4.895522388059701,3.622468527703855,15,423.0,0.14303438109968541,14,593.0,0.1765982856855774,29,1016.0
2935.0,29,376.0,5.295774647887324,4.770573200514138,21,425.0,0.04393262954678662,8,514.0,0.31052014416634144,29,939.0
2940.0,29,486.0,7.147058823529412,5.883866421251998,21,505.0,0.012807314858770796,8,418.0,0.48039553782542294,29,923.0
2945.0,24,502.0,8.508474576271187,5.784034120736467,16,543.0,0.0945940157599861,8,376.0,0.38818329939509366,24,919.0
2950.0,25,396.0,6.947368421052632,4.200449250359413,17,574.0,0.1306927784766072,8,281.0,0.2011124205092289,25,855.0
2955.0,27,426.0,7.607142857142857,4.064235800767928,14,570.0,0.2544443170496174,13,327.0,0.19510358355486748,27,897.0
2960.0,30,457.0,8.309090909090909,3.9151803833672743,13,525.0,0.2247956028040606,17,390.0,0.2879620001197783,30,915.0
2965.0,31,433.0,7.216666666666667,4.1872573707424205,12,461.0,0.3167138982812333,19,478.0,0.2517468772280094,31,939.0
2970.0,28,377.0,5.8,4.052804773348349,10,457.0,0.3023074143886284,18,497.0,0.23004184300134134,28,954.0
2975.0,24,322.0,4.8059701492537314,4.930397319991597,10,453.0,0.2965335985701184,14,466.0,0.2636498884452041,24,919.0
2980.0,24,350.0,5.303030303030303,5.397257254410207,11,454.0,0.2526332474072539,13,445.0,0.2867271427119902,24,899.0
2985.0,26,387.0,5.5285714285714285,4.948463109669978,15,474.0,0.19254269338178548,11,378.0,0.2599033511554244,26,852.0
2990.0,30,393.0,5.779411764705882,4.823242106971426,17,475.0,0.257326145146978,13,298.0,0.21816317622732698,30,773.0
2995.0,29,437.0,6.723076923076923,4.458032992043792,13,397.0,0.3015638053546097,16,363.0,0.22088611344428352,29,760.0
3000.0,33,521.0,8.015384615384615,3.5354603469274055,12,424.0,0.24011806715438908,21,437.0,0.21098389205246584,33,861.0
3005.0,31,407.0,5.985294117647059,4.0171879221483,13,408.0,0.2994789219754696,18,397.0,0.226124784773401,31,805.0
3010.0,27,339.0,4.985294117647059,5.104971080843175,9,336.0,0.3503470747655876,18,377.0,0.25518695298334654,27,713.0
3015.0,32,372.0,5.470588235294118,4.86948475103874,14,307.0,0.2752279236712392,18,403.0,0.24651231409238544,32,710.0
3020.0,29,360.0,5.142857142857143,4.796291258819163,15,354.0,0.1483545248611992,14,358.0,0.3014920226773497,29,712.0
3025.0,25,388.0,5.705882352941177,4.780955796409656,11,381.0,0.14725206529811075,14,388.0,0.26091298495363213,25,769.0
3030.0,29,441.0,6.7846153846153845,4.918955665410194,11,338.0,0.2853018396724205,18,431.0,0.2044069260677462,29,769.0
3035.0,30,426.0,6.983606557377049,4.114529472324274,10,247.0,0.3397469561932507,20,453.0,0.16522326271358986,30,700.0
3040.0,33,442.0,6.8,3.9238698349974586,11,279.0,0.29605539251766955,22,495.0,0.1930072455174422,33,774.0
3045.0,30,500.0,7.936507936507937,4.266810343892284,8,277.0,0.38275473418440664,22,530.0,0.18421907670387427,30,807.0
3050.0,24,323.0,4.893939393939394,4.576760403423418,8,205.0,0.24436843348905823,16,508.0,0.20635849341379148,24,713.0
3055.0,24,284.0,4.2388059701492535,4.945606050322803,11,179.0,0.22249270240688546,13,489.0,0.22833356833720225,24,668.0
3060.0,30,308.0,4.7384615384615385,4.744969851809614,12,182.0,0.3111824403523514,18,498.0,0.24044475002408622,30,680.0
3065.0,30,372.0,5.8125,4.244050005850487,10,183.0,0.41921231786074353,20,548.0,0.13512509545952275,30,731.0
3070.0,32,422.0,6.492307692307692,3.957452529287637,8,186.0,0.28994211242380363,24,591.0,0.1886941438448756,32,777.0
3075.0,28,406.0,5.970588235294118,4.720114023550479,6,136.0,0.38076506507964925,22,632.0,0.18412531657774814,28,768.0
3080.0,23,369.0,5.590909090909091,5.549534836985039,8,117.0,0.4313833571470809,15,595.0,0.20475375006692562,23,712.0
3085.0,17,269.0,4.203125,5.977067404579207,6,79.0,0.49879179516538097,11,589.0,0.1972040804322541,17,668.0
3090.0,23,332.0,5.1875,5.675722594266633,7,87.0,0.3433507579251419,16,583.0,0.22788731676216287,23,670.0
3095.0,24,400.0,6.557377049180328,4.839554800291601,6,102.0,0.24759594648541902,18,603.0,0.27502040759816243,24,705.0
3100.0,22,458.0,7.896551724137931,5.381922369359762,10,145.0,0.193059342076697,12,579.0,0.31259802587889673,22,724.0
3105.0,20,405.0,7.5,5.213077231075172,8,169.0,0.10430424855518962,12,493.0,0.27078170268664375,20,662.0
3110.0,23,305.0,5.754716981132075,4.9899459096277035,8,187.0,0.1904473911922624,15,346.0,0.13648462296761976,23,533.0
3115.0,25,287.0,5.74,4.009480617723231,8,182.0,0.32757644532096414,17,391.0,0.08668601457073999,25,573.0
3120.0,25,305.0,5.980392156862745,5.21150506907102,4,118.0,0.5367112485144071,21,465.0,0.1913938504660605,25,583.0
3125.0,22,260.0,5.2,4.434282564492548,3,109.0,0.4282957171845821,19,499.0,0.2674616885769988,22,608.0
3130.0,24,332.0,6.384615384615385,5.334196158283827,7,118.0,0.45056297088289937,17,496.0,0.326110437222612,24,614.0
3135.0,23,307.0,5.482142857142857,4.778835285552003,6,122.0,0.3693144835012787,17,500.0,0.31412083822618886,23,622.0
3140.0,17,228.0,4.0,5.747693494553518,5,123.0,0.4450515174515835,12,427.0,0.2630559504094981,17,550.0
3145.0,20,260.0,4.333333333333333,6.087789586612454,5,141.0,0.41554741260628025,15,409.0,0.2359080943648775,20,550.0
3150.0,20,238.0,4.175438596491228,5.2720177718164525,4,102.0,0.44306486530125455,16,376.0,0.13756041553680395,20,478.0
3155.0,25,302.0,5.11864406779661,4.645439035178466,4,90.0,0.43978242457668953,21,405.0,0.16507834055519433,25,495.0
3160.0,25,381.0,6.568965517241379,5.562619066967256,7,116.0,0.4546777056156029,18,394.0,0.2530277829605839,25,510.0
3165.0,27,403.0,6.948275862068965,5.085859533462021,9,152.0,0.3524005466723404,18,430.0,0.22620826316987444,27,582.0
3170.0,27,445.0,7.17741935483871,4.620896664049638,11,204.0,0.30396390768227877,16,417.0,0.17933218085336078,27,621.0
3175.0,29,427.0,7.0,4.472755166575084,12,209.0,0.3814824040943295,17,425.0,0.14234788793516276,29,634.0
3180.0,31,469.0,7.688524590163935,4.45146016868966,12,260.0,0.402073094899703,19,428.0,0.14277325813274833,31,688.0
3185.0,34,470.0,7.580645161290323,3.5192394210328533,14,261.0,0.2713940916381238,20,447.0,0.18218848027906093,34,708.0
3190.0,29,471.0,7.136363636363637,4.548245868527232,12,248.0,0.3289661855383904,17,469.0,0.20654136207603077,29,717.0
3195.0,26,310.0,4.769230769230769,4.270213199545631,10,175.0,0.25433967147435405,16,474.0,0.2308651648913724,26,649.0
3200.0,30,354.0,5.619047619047619,4.5666813965248165,14,172.0,0.20745112865778223,16,442.0,0.22984966565570933,30,614.0
3205.0,30,311.0,4.936507936507937,3.6678067921909863,14,199.0,0.11417011640773594,16,420.0,0.2004672005715033,30,619.0
3210.0,32,398.0,5.940298507462686,4.390368469168139,16,227.0,0.2040858299351822,16,401.0,0.2416171521117018,32,628.0
3215.0,32,428.0,6.294117647058823,4.4336597853297555,15,249.0,0.28723560677275156,17,429.0,0.29276734293076784,32,678.0
3220.0,22,372.0,5.23943661971831,5.06911360987829,6,213.0,0.3881136454579832,16,462.0,0.22578067842789412,22,675.0
3225.0,26,304.0,4.108108108108108,4.917528793152796,6,179.0,0.40644828647261966,20,479.0,0.14960842645304476,26,658.0
3230.0,33,295.0,3.8815789473684212,4.74052295564389,12,164.0,0.36071135567715096,21,473.0,0.12598227500292028,33,637.0
3235.0,37,344.0,4.712328767123288,3.642272151346887,15,185.0,0.2847178663047524,22,526.0,0.16333037256396463,37,711.0
3240.0,27,270.0,3.75,3.7572609160439847,12,183.0,0.17603731575885176,15,514.0,0.18646093693416657,27,697.0
3245.0,30,342.0,4.5,4.838872753646231,12,177.0,0.23924008696231658,18,526.0,0.23196404888910055,30,703.0
3250.0,31,395.0,5.266666666666667,5.6732047120037095,15,203.0,0.2643477664768874,16,499.0,0.2702008158622285,31,702.0
3255.0,29,390.0,5.416666666666667,5.361447907660104,18,254.0,0.19005426377266707,11,455.0,0.3733840339117498,29,709.0
3260.0,28,421.0,6.378787878787879,4.684586742590024,17,299.0,0.20782985355171282,11,456.0,0.3602898476654927,28,755.0
3265.0,29,410.0,6.119402985074627,3.6728872271977564,15,327.0,0.2179468891509904,14,435.0,0.23157306467551153,29,762.0
3270.0,28,422.0,6.205882352941177,3.987263027759617,11,296.0,0.2768828623650619,17,469.0,0.19447751792263,28,765.0
3275.0,31,481.0,6.971014492753623,3.7691928579511114,13,309.0,0.2442318382614152,18,468.0,0.1313477122396695,31,777.0
3280.0,38,574.0,7.972222222222222,3.916291456390348,18,357.0,0.23745398179685312,20,516.0,0.20020695705458205,38,873.0
3285.0,36,639.0,9.26086956521739,3.9315070383877577,20,399.0,0.23140921267495454,16,534.0,0.26823245708595317,36,933.0
3290.0,27,501.0,7.367647058823529,4.302025762669632,13,388.0,0.24020667305526114,14,440.0,0.26272184369138146,27,828.0
3295.0,30,447.0,6.7727272727272725,4.331087235534446,14,380.0,0.2779493992506545,16,375.0,0.11680645581037356,30,755.0
3300.0,37,468.0,6.782608695652174,3.925608991771857,15,339.0,0.2537315530645118,22,424.0,0.11381557467279438,37,763.0
3305.0,33,546.0,8.272727272727273,4.181013779573261,14,357.0,0.27208322000707147,19,480.0,0.22925969276797042,33,837.0
3310.0,37,511.0,7.626865671641791,3.647962769548177,18,342.0,0.1930826748306815,19,515.0,0.21470277191959364,37,857.0
3315.0,36,477.0,7.119402985074627,3.606220877576869,19,392.0,0.16218597492184122,17,492.0,0.24502908857664502,36,884.0
3320.0,36,434.0,6.2898550724637685,2.918742629602926,16,397.0,0.18353349156374316,20,507.0,0.13947284321006162,36,904.0
3325.0,31,357.0,5.028169014084507,4.442088786406889,15,415.0,0.23068455932396323,16,455.0,0.2639830575311353,31,870.0
3330.0,24,390.0,5.571428571428571,5.242676160323218,13,406.0,0.19025808880499087,11,502.0,0.35667354864941897,24,908.0
3335.0,29,409.0,5.602739726027397,4.946350471685826,13,396.0,0.22324485736856167,16,566.0,0.27105308149410473,29,962.0
3340.0,33,438.0,6.257142857142857,4.56788996937093,11,370.0,0.32521488945816024,22,589.0,0.19455419556126194,33,959.0
3345.0,33,530.0,8.153846153846153,3.46153744292765,16,426.0,0.22263318730850218,17,559.0,0.14826949551980179,33,985.0
3350.0,35,499.0,7.676923076923077,3.061312268856467,21,473.0,0.12246022326715204,14,498.0,0.20073276524201195,35,971.0
3355.0,32,558.0,8.205882352941176,3.7435667983350016,17,490.0,0.17274957210799521,15,453.0,0.2083484234675667,32,943.0
3360.0,37,531.0,7.695652173913044,3.823902543229498,16,454.0,0.2509945069822208,21,465.0,0.20585918549998244,37,919.0
3365.0,34,488.0,6.873239436619718,4.33227475358266,14,392.0,0.3264707292774086,20,413.0,0.19321624627198045,34,805.0
3370.0,35,447.0,6.478260869565218,3.3310237908308142,14,385.0,0.28360675206157787,21,443.0,0.17181812065133967,35,828.0
3375.0,31,342.0,4.684931506849315,3.797147075641477,14,318.0,0.20011975534888632,17,417.0,0.1514788755777542,31,735.0
3380.0,33,405.0,5.472972972972973,4.705096565718291,20,328.0,0.10845819966373262,13,406.0,0.2788453962136101,33,734.0
3385.0,32,526.0,6.921052631578948,5.521124698261235,19,413.0,0.14361202848412502,13,407.0,0.35343763086205704,32,820.0
3390.0,34,607.0,8.549295774647888,4.70582176709112,18,436.0,0.2371946220655549,16,429.0,0.2697410888685306,34,865.0
3395.0,37,567.0,8.1,4.278690732923952,15,413.0,0.33217771250728745,22,443.0,0.16155650484360345,37,856.0
3400.0,36,630.0,8.4,4.1530026816167505,15,427.0,0.3011798983549693,21,442.0,0.17160287500809143,36,869.0
3405.0,35,678.0,9.162162162162161,4.845061930155543,14,422.0,0.36363275648078935,21,491.0,0.20186287596979,35,913.0
3410.0,30,643.0,8.68918918918919,4.7864007741872925,16,455.0,0.27936982087644924,14,474.0,0.21681680228588687,30,929.0
3415.0,29,514.0,7.041095890410959,4.6258238793993804,19,507.0,0.16891186388720728,10,363.0,0.2759632574260628,29,870.0
3420.0,32,536.0,7.243243243243243,4.810397334106258,20,575.0,0.1636094463310836,12,248.0,0.2614196209286811,32,823.0
3425.0,31,658.0,9.13888888888889,5.3780863094744165,16,612.0,0.29969646380815373,15,292.0,0.22291195999175287,31,904.0
3430.0,31,653.0,9.19718309859155,5.009864661690452,14,602.0,0.2721539489699286,17,328.0,0.20203125183934154,31,930.0
3435.0,35,699.0,9.845070422535212,4.472578756267969,17,575.0,0.18256220985364874,18,352.0,0.24601508679305417,35,927.0
3440.0,33,750.0,11.029411764705882,4.013981374331747,17,635.0,0.238688394606606,16,359.0,0.26262222177913497,33,994.0
3445.0,32,731.0,10.442857142857143,4.46725558775543,21,718.0,0.19921023629462836,11,286.0,0.3172957628720118,32,1004.0
3450.0,31,598.0,8.191780821917808,4.28718188180669,21,672.0,0.09466514694671872,10,270.0,0.3434079803929768,31,942.0
3455.0,38,457.0,6.260273972602739,4.329233421806508,19,591.0,0.17002695988600525,19,348.0,0.2859839861684791,38,939.0
3460.0,37,457.0,6.260273972602739,3.4170706876626817,14,605.0,0.2355469294512107,23,377.0,0.16650320352067005,37,982.0
3465.0,31,434.0,6.112676056338028,3.73567077629375,12,553.0,0.18552178555315832,19,364.0,0.18593803802446943,31,917.0
3470.0,30,437.0,5.905405405405405,3.9678381137670664,14,501.0,0.140969923531485,16,393.0,0.21561571001749713,30,894.0
3475.0,31,444.0,5.6923076923076925,4.791790400630455,15,435.0,0.18695360748407408,16,416.0,0.25559432484533623,31,851.0
3480.0,36,411.0,5.48,3.9428976546311225,15,445.0,0.2506089801487419,21,448.0,0.22703578640915334,36,893.0
3485.0,39,399.0,5.181818181818182,3.898347583200869,16,463.0,0.24250709912085958,23,467.0,0.21261026592179277,39,930.0
3490.0,42,455.0,5.617283950617284,3.6965868997370266,17,473.0,0.2408503899518791,25,528.0,0.2010701050735281,42,1001.0
3495.0,32,381.0,4.703703703703703,4.641860472038222,12,424.0,0.27369834152642003,20,532.0,0.18113359124605222,32,956.0
3500.0,29,389.0,4.8625,4.6396656315286835,12,413.0,0.25281815392854584,17,541.0,0.16788739568340272,29,954.0
3505.0,30,411.0,5.2025316455696204,4.649006025431445,11,376.0,0.30558339235448395,19,539.0,0.14260881726621447,30,915.0
3510.0,40,452.0,5.794871794871795,4.1576898861198694,14,395.0,0.2870259725417379,26,569.0,0.19429455425873762,40,964.0
3515.0,41,517.0,6.986486486486487,3.699524773828055,16,381.0,0.2355425900354387,25,604.0,0.21644456201801346,41,985.0
3520.0,44,603.0,7.8311688311688314,3.3729758524312508,16,318.0,0.2759292923058528,28,653.0,0.14168919271014396,44,971.0
3525.0,37,551.0,7.064102564102564,3.6269446685756623,15,334.0,0.22372514356895137,22,634.0,0.16641974850689684,37,968.0
3530.0,29,521.0,6.432098765432099,4.901046310725609,12,310.0,0.2325889467064772,17,613.0,0.24967695543940818,29,923.0
3535.0,25,489.0,5.963414634146342,5.172591168648897,8,327.0,0.24397941801841375,17,580.0,0.274743389906634,25,907.0
3540.0,31,489.0,6.1125,4.798653076943317,15,366.0,0.1888509999617454,16,553.0,0.24860669601071267,31,919.0
3545.0,40,541.0,7.213333333333333,3.4065131860615474,18,386.0,0.19546980012892684,22,565.0,0.18100688009187516,40,951.0
3550.0,32,548.0,7.306666666666667,4.04013854696402,9,374.0,0.2820182294068818,23,585.0,0.13837497300389134,32,959.0
3555.0,33,416.0,5.859154929577465,3.908035470943089,7,220.0,0.3781546564545246,26,630.0,0.1005512137608911,33,850.0
3560.0,34,419.0,5.819444444444445,4.1512562691870665,14,236.0,0.23419939627432648,20,606.0,0.1798503054523827,34,842.0
3565.0,30,312.0,4.656716417910448,3.4298407429961384,18,270.0,0.10638688293159602,12,541.0,0.22095797065239176,30,811.0
3570.0,37,401.0,5.897058823529412,4.049074786807211,19,288.0,0.22764035486119047,18,571.0,0.1346781964783749,37,859.0
3575.0,37,490.0,7.424242424242424,3.393710749165521,18,327.0,0.19020536532789353,19,604.0,0.15636852244099952,37,931.0
3580.0,24,438.0,6.84375,3.9233867701997465,11,298.0,0.176363765104365,13,580.0,0.1940261941642006,24,878.0
3585.0,17,341.0,5.590163934426229,5.414109978576757,7,251.0,0.3519182571240302,10,499.0,0.20962871300508568,17,750.0
3590.0,22,259.0,4.17741935483871,5.340700055194389,11,235.0,0.3495014460774062,11,426.0,0.17393583634385304,22,661.0
3595.0,27,282.0,4.779661016949152,4.829678654651115,12,248.0,0.2808235230052805,15,413.0,0.24096909252764342,27,661.0
3600.0,25,294.0,5.157894736842105,4.929768636519352,10,242.0,0.3013888401323356,15,369.0,0.21599076909214104,25,611.0
3605.0,27,273.0,4.627118644067797,4.077109737239332,10,220.0,0.2982262518688289,17,386.0,0.16485004580252144,27,606.0
3610.0,25,303.0,5.05,5.074070882927146,14,256.0,0.2633418860334652,11,355.0,0.2837205117958311,25,611.0
3615.0,21,257.0,4.431034482758621,5.129129997950289,13,257.0,0.24184369905971967,8,325.0,0.32927828142183135,21,582.0
3620.0,25,292.0,4.634920634920635,6.304122521843215,14,233.0,0.2793665400079227,11,334.0,0.4132483645978043,25,567.0
3625.0,24,343.0,5.716666666666667,5.715236219019515,14,298.0,0.3239878781211752,10,310.0,0.374173756472296,24,608.0
3630.0,28,426.0,7.220338983050848,4.991940499843762,14,366.0,0.2434042028407633,14,252.0,0.37688664312634274,28,618.0
3635.0,32,410.0,7.192982456140351,3.2755794904657063,16,363.0,0.18084841485417655,16,261.0,0.27628654217217863,32,624.0
3640.0,28,367.0,6.220338983050848,3.4514615131226125,9,294.0,0.201427730654838,19,320.0,0.19784903340662396,28,614.0
3645.0,26,387.0,6.559322033898305,4.540567907527978,7,230.0,0.3533835404983727,19,342.0,0.11147247541111908,26,572.0
3650.0,23,413.0,6.883333333333334,5.80234380631418,8,212.0,0.3868563869556325,15,332.0,0.15165988675075368,23,544.0
3655.0,20,344.0,5.931034482758621,5.456097221638405,6,169.0,0.32570520375976075,14,330.0,0.1721861609065697,20,499.0
3660.0,22,324.0,6.0,5.696806325391454,11,223.0,0.3364656978583799,11,279.0,0.2769431452506856,22,502.0
3665.0,23,241.0,4.381818181818182,5.057584925642578,9,184.0,0.35553010059356477,14,249.0,0.24389873243338456,23,433.0
3670.0,23,317.0,5.660714285714286,5.392499097951527,8,134.0,0.39312025233358355,15,327.0,0.2427010341864184,23,461.0
3675.0,23,292.0,4.9491525423728815,5.0676273971067,9,142.0,0.36088524478553763,14,338.0,0.24940849243624544,23,480.0
3680.0,16,266.0,4.508474576271187,6.158643924362173,6,101.0,0.35157184950408266,10,295.0,0.3509136631149388,16,396.0
3685.0,20,332.0,5.627118644067797,5.756740493740615,9,114.0,0.32604054487338524,11,337.0,0.2652229518466846,20,451.0
3690.0,31,450.0,7.258064516129032,5.659731164796356,15,165.0,0.28302874812139384,16,411.0,0.26177513873436964,31,576.0
3695.0,25,416.0,7.5636363636363635,4.898306329635228,11,190.0,0.3060888089196173,14,382.0,0.296439553763479,25,572.0
3700.0,27,519.0,8.948275862068966,4.877259672164794,13,227.0,0.18049743163749538,14,345.0,0.25590290335390137,27,572.0
3705.0,27,510.0,8.360655737704919,4.554720258829896,12,248.0,0.2476619155987773,15,358.0,0.2659420807135769,27,606.0
3710.0,15,426.0,6.983606557377049,6.412521602767459,6,204.0,0.46475960034975966,9,330.0,0.289128311978817,15,534.0
3715.0,15,297.0,5.303571428571429,6.4530507718237375,7,187.0,0.4640246792149389,8,230.0,0.305196636447809,15,417.0
3720.0,18,292.0,5.214285714285714,6.497199621830785,8,222.0,0.33547340665998565,10,139.0,0.28272785604198303,18,361.0
3725.0,20,187.0,3.4,5.217060320897834,10,147.0,0.2684218621591475,10,154.0,0.16284706382770708,20,301.0
3730.0,15,176.0,3.52,6.387296484201524,6,99.0,0.4710058283701843,9,145.0,0.1923260820432342,15,244.0
3735.0,17,222.0,4.933333333333334,5.979638061827174,10,119.0,0.3006988735562793,7,159.0,0.3722939076680167,17,278.0
3740.0,17,291.0,6.191489361702128,6.443125690996999,9,167.0,0.3188756411959416,8,173.0,0.4188609241920148,17,340.0
3745.0,20,338.0,7.511111111111111,4.379742902845678,10,193.0,0.3113458229113718,10,209.0,0.25270092322384186,20,402.0
3750.0,22,335.0,7.127659574468085,5.141889344037286,8,196.0,0.4189099875423664,14,229.0,0.28336311181346596,22,425.0
3755.0,17,331.0,6.62,4.8702720003212425,5,169.0,0.40648694194507756,12,228.0,0.2876250782566265,17,397.0
3760.0,20,350.0,6.730769230769231,5.635231528216489,9,184.0,0.44520082837367075,11,230.0,0.3494994823309352,20,414.0
3765.0,19,373.0,6.907407407407407,5.86494006437524,10,217.0,0.33406194996906163,9,205.0,0.39650961239489724,19,422.0
3770.0,19,286.0,4.931034482758621,5.5812199496895945,12,248.0,0.1974416049042667,7,156.0,0.38047706447066054,19,404.0
3775.0,26,246.0,4.315789473684211,4.987237477235371,14,233.0,0.17883837880112197,12,110.0,0.39106098867001693,26,343.0
3780.0,26,272.0,4.689655172413793,5.0585892411880335,13,240.0,0.3189827696693153,13,154.0,0.32177009406100027,26,394.0
3785.0,22,276.0,4.677966101694915,4.574746965030085,9,187.0,0.34735685643507286,13,193.0,0.2752651347112267,22,380.0
3790.0,22,250.0,4.385964912280702,5.054779647527581,7,145.0,0.4293528180322066,15,215.0,0.22963038385107673,22,360.0
3795.0,20,297.0,5.2105263157894735,5.213346810935489,10,151.0,0.3283491367819465,10,211.0,0.25162106401547174,20,362.0
3800.0,20,286.0,4.8474576271186445,5.837216314088382,12,202.0,0.24471692040258133,8,179.0,0.3193774373800066,20,381.0
3805.0,21,313.0,5.491228070175438,6.549306689655038,12,260.0,0.27124689239012145,9,149.0,0.3275678593227374,21,409.0
3810.0,20,295.0,5.462962962962963,5.727523904526386,10,259.0,0.31320714589776244,10,155.0,0.2617345308006601,20,414.0
3815.0,23,382.0,6.945454545454545,5.775296206630557,11,253.0,0.35978549693857054,12,201.0,0.20418503777393365,23,454.0
3820.0,22,368.0,7.215686274509804,5.310450048725002,8,239.0,0.4415466207437259,14,226.0,0.27278175191827186,22,465.0
3825.0,19,363.0,7.117647058823529,6.372155762647055,9,222.0,0.2797552224995268,10,214.0,0.474181485146196,19,436.0
3830.0,17,205.0,3.8679245283018866,5.26978198519462,9,192.0,0.17829555540296377,8,188.0,0.41771057255621175,17,380.0
3835.0,19,209.0,3.8703703703703702,6.1587256992071895,7,118.0,0.39296642268680804,12,213.0,0.317529139735708,19,331.0
3840.0,20,175.0,3.30188679245283,5.617611009206967,6,120.0,0.4109659346908242,14,201.0,0.29662419624246744,20,321.0
3845.0,19,182.0,3.3703703703703702,6.0026016231211505,6,110.0,0.4451364449522143,13,194.0,0.2796771218109886,19,304.0
3850.0,19,174.0,3.1636363636363636,4.96971728120041,6,117.0,0.3261123941155246,13,203.0,0.24068069532544004,19,320.0
3855.0,20,203.0,3.56140350877193,5.962014183870629,10,139.0,0.3042355640487534,10,195.0,0.3313588703356373,20,334.0
3860.0,18,197.0,3.7169811320754715,5.953473266065119,9,146.0,0.2824616556038899,9,174.0,0.3986949314638126,18,320.0
3865.0,22,245.0,4.454545454545454,5.73628464148223,10,192.0,0.2793401226908905,12,174.0,0.3503859952941407,22,366.0
3870.0,23,240.0,4.285714285714286,4.7578795126575555,8,198.0,0.3996952408378765,15,195.0,0.20820290681406645,23,393.0
3875.0,19,224.0,4.148148148148148,5.695727391638576,4,151.0,0.49611397442755006,15,211.0,0.23895691755475215,19,362.0
3880.0,20,252.0,4.421052631578948,4.650045071161753,5,164.0,0.37532766337902074,15,244.0,0.1914513721496249,20,408.0
3885.0,22,294.0,5.068965517241379,5.7111487840485555,9,204.0,0.4218964870378608,13,270.0,0.2590747081569881,22,474.0
3890.0,28,219.0,3.7758620689655173,4.412506811303283,10,165.0,0.3169137149739269,18,274.0,0.2019655163608894,28,439.0
3895.0,30,352.0,5.966101694915254,4.555865494818754,13,174.0,0.2732709753031507,17,321.0,0.272620429694188,30,495.0
3900.0,28,385.0,6.52542372881356,4.436534891517109,11,177.0,0.30090227732432334,17,363.0,0.23787572487907546,28,540.0
3905.0,22,403.0,6.948275862068965,5.075874543283316,9,139.0,0.2688924625592226,13,363.0,0.2573199599708702,22,502.0
3910.0,22,360.0,6.315789473684211,4.658641793293641,7,120.0,0.19090583752702484,15,390.0,0.20368047688373606,22,510.0
3915.0,28,338.0,5.451612903225806,4.779884771121913,10,120.0,0.3193566460396768,18,389.0,0.13489646105844727,28,509.0
3920.0,26,372.0,6.305084745762712,4.764616679846988,7,133.0,0.4183586099197218,19,429.0,0.20236034652317314,26,562.0
3925.0,27,307.0,5.032786885245901,4.955475417385984,9,147.0,0.44134863737322255,18,413.0,0.19439300156586542,27,560.0
3930.0,27,378.0,6.096774193548387,4.457624268167634,11,170.0,0.37978937037795685,16,453.0,0.19202923460408156,27,623.0
3935.0,31,475.0,7.3076923076923075,4.399454802981805,10,208.0,0.277312992163907,21,501.0,0.21911139280617986,31,709.0
3940.0,31,436.0,6.707692307692308,4.042636439209584,12,186.0,0.2462556806194179,19,534.0,0.25324962543889745,31,720.0
3945.0,31,399.0,5.782608695652174,4.655145467861329,17,256.0,0.18359688021471957,14,499.0,0.3130605402259634,31,755.0
3950.0,28,314.0,4.361111111111111,4.375058608043767,16,257.0,0.16994333312740081,12,476.0,0.3206215495377347,28,733.0
3955.0,40,460.0,6.052631578947368,4.273335879651921,20,313.0,0.2537845014837401,20,520.0,0.22070381790874954,40,833.0
3960.0,39,518.0,6.815789473684211,4.041108720584238,16,339.0,0.3069557118800589,23,568.0,0.17839904601678877,39,907.0
3965.0,25,450.0,5.921052631578948,4.881819226440524,9,291.0,0.3643831490683202,16,559.0,0.15327347251428353,25,850.0
3970.0,28,430.0,5.443037974683544,4.476760394012231,10,293.0,0.2759434613491478,18,591.0,0.1365489826828264,28,884.0
3975.0,35,446.0,5.575,4.584230205912379,15,284.0,0.21852238654131279,20,618.0,0.19987471315937835,35,902.0
3980.0,39,499.0,6.397435897435898,4.277289939364646,17,304.0,0.2531101865903343,22,633.0,0.23601616505644488,39,937.0
3985.0,33,381.0,4.884615384615385,4.6185896940083815,13,289.0,0.26678971607799756,20,565.0,0.2606085209194231,33,854.0
3990.0,30,298.0,3.7721518987341773,3.8774395912351953,11,278.0,0.2628755862562028,19,578.0,0.1929049642488032,30,856.0
3995.0,31,294.0,3.769230769230769,3.8909933608461027,17,325.0,0.18406185173682224,14,576.0,0.24637624005659098,31,901.0
4000.0,38,425.0,5.379746835443038,3.919024721349391,22,387.0,0.16052645097180884,16,551.0,0.24829729560020006,38,938.0
4005.0,34,516.0,6.701298701298701,4.601861034662986,17,425.0,0.1486134991043867,17,504.0,0.2657529934488932,34,929.0
4010.0,32,521.0,6.946666666666666,3.939664955750492,14,427.0,0.14979053386267197,18,440.0,0.1477718809288377,32,867.0
4015.0,35,474.0,6.2368421052631575,3.5599325905071204,17,416.0,0.1708934332782165,18,469.0,0.1258625636335437,35,885.0
4020.0,39,615.0,8.661971830985916,3.946247835143573,18,484.0,0.2695325375702477,21,530.0,0.17275360342311483,39,1014.0
4025.0,42,680.0,9.444444444444445,3.7912860007580096,24,581.0,0.26472717293644865,18,553.0,0.2489798295744758,42,1134.0
4030.0,39,699.0,9.445945945945946,3.522071528547542,23,642.0,0.2376762551093662,16,506.0,0.1969620324595106,39,1148.0
4035.0,34,613.0,8.06578947368421,3.5777125653284116,19,639.0,0.22779557724275262,15,508.0,0.11421898805384666,34,1147.0
4040.0,29,557.0,7.141025641025641,4.447505970853933,18,617.0,0.17696677441105138,11,453.0,0.20319451846582937,29,1070.0
4045.0,26,340.0,4.30379746835443,5.1443869978235,17,541.0,0.24798184349699912,9,402.0,0.26692711043690376,26,943.0
4050.0,32,346.0,4.271604938271605,4.724806752822546,19,473.0,0.27367343437563907,13,330.0,0.13675361091024718,32,803.0
4055.0,34,455.0,5.833333333333333,4.190882291248725,23,535.0,0.25401803669567347,11,335.0,0.1976992676869826,34,870.0
4060.0,31,523.0,6.792207792207792,4.6253741024363695,21,570.0,0.2055421424525266,10,305.0,0.27658364825847026,31,875.0
4065.0,31,624.0,8.547945205479452,4.430120857173005,21,611.0,0.18187582442125336,10,292.0,0.2119924472364294,31,903.0
4070.0,37,779.0,9.987179487179487,4.860687491129863,23,703.0,0.19930520824683728,14,315.0,0.26343242941200135,37,1018.0
4075.0,37,800.0,10.95890410958904,4.229162644798991,26,753.0,0.1845565308506552,11,342.0,0.347535846806244,37,1095.0
4080.0,38,912.0,13.028571428571428,4.193216559847396,27,786.0,0.1646650065624634,11,358.0,0.3423035611023555,38,1144.0
4085.0,42,964.0,13.205479452054794,3.5974037529345186,30,922.0,0.07769584448076547,12,333.0,0.3002367280715236,42,1255.0
4090.0,41,1123.0,15.597222222222221,4.998455167336892,33,1067.0,0.10919055139658174,8,304.0,0.47593554464925364,41,1371.0
4095.0,40,1095.0,16.102941176470587,3.8875308562432926,32,1105.0,0.13404505102027514,8,230.0,0.45180099948331837,40,1335.0
4100.0,38,796.0,10.613333333333333,4.044618777596366,29,1151.0,0.1665788297621157,9,141.0,0.3251425957785017,38,1292.0
4105.0,39,763.0,10.039473684210526,4.352122029069693,27,1097.0,0.24022136064853455,12,132.0,0.28203716190564077,39,1229.0
4110.0,33,585.0,7.134146341463414,4.631546342415948,22,1122.0,0.25125649030768094,11,155.0,0.3419368203000295,33,1277.0
4115.0,25,364.0,4.666666666666667,4.67205301680318,19,1048.0,0.19002574280911286,6,152.0,0.40885946934214606,25,1200.0
4120.0,30,396.0,5.012658227848101,4.4528682576012555,21,987.0,0.1381503418257666,9,155.0,0.2920659842137695,30,1142.0
4125.0,37,407.0,5.151898734177215,4.425207047732619,22,947.0,0.18238989289015878,15,218.0,0.20079817979439823,37,1165.0
4130.0,36,486.0,6.394736842105263,4.159185191901988,23,917.0,0.1732452604149523,13,263.0,0.27256281662098475,36,1180.0
4135.0,38,578.0,7.8108108108108105,4.021012321247501,27,1010.0,0.14504523052802476,11,271.0,0.34307026558506054,38,1281.0
4140.0,44,586.0,7.7105263157894735,3.9661951954585644,32,1115.0,0.1296376552292299,12,232.0,0.3841872497727627,44,1347.0
4145.0,41,675.0,8.766233766233766,4.121669585083,32,1247.0,0.1917899222247592,9,135.0,0.35515219766762846,41,1382.0
4150.0,45,849.0,11.171052631578947,3.4032220233732513,34,1405.0,0.1724825628675911,11,157.0,0.24823135932473683,45,1562.0
4155.0,54,960.0,12.151898734177216,2.425831860584806,36,1431.0,0.1277910755045794,18,214.0,0.10454609658362717,54,1645.0
4160.0,48,933.0,11.810126582278482,2.960840072964477,33,1364.0,0.10235189844648193,15,252.0,0.22106812987763846,48,1616.0
4165.0,44,807.0,10.618421052631579,3.2062384280783283,32,1405.0,0.06510556625074626,12,254.0,0.29312923466151236,44,1659.0
4170.0,31,451.0,5.708860759493671,3.742042816334803,21,1341.0,0.10594921100936762,10,240.0,0.21381604520503578,31,1581.0
4175.0,32,417.0,5.346153846153846,4.588937527333316,17,1278.0,0.2223728922571587,15,254.0,0.10907067103240649,32,1532.0
4180.0,29,325.0,4.276315789473684,4.4042751146598516,16,1269.0,0.21513986708260055,13,249.0,0.17186848901929147,29,1518.0
4185.0,29,316.0,4.328767123287672,4.452332586161438,22,1314.0,0.23013623306660205,7,177.0,0.2520131257064721,29,1491.0
4190.0,33,369.0,5.054794520547945,3.596506985159601,27,1355.0,0.18209685797913713,6,161.0,0.29056910556862675,33,1516.0
4195.0,34,438.0,5.918918918918919,3.890758893185691,25,1337.0,0.1291790030355138,9,125.0,0.3109251108300776,34,1462.0
4200.0,29,404.0,5.45945945945946,4.498952239531301,23,1241.0,0.15532762018993376,6,117.0,0.3954319673613772,29,1358.0
4205.0,30,362.0,4.958904109589041,5.028164198768628,21,1092.0,0.1912014578964737,9,150.0,0.4164627904255817,30,1242.0
4210.0,32,403.0,5.840579710144928,4.147637105517392,23,967.0,0.17986741047747476,9,195.0,0.350044904965086,32,1162.0
4215.0,34,419.0,5.662162162162162,3.4101077098484476,25,1002.0,0.14521656752504378,9,216.0,0.2962289739384429,34,1218.0
4220.0,30,446.0,6.194444444444445,4.453438870282457,22,975.0,0.1997424418151592,8,225.0,0.3197072873918941,30,1200.0
4225.0,24,504.0,6.904109589041096,5.528366024963557,17,972.0,0.2616059023272723,7,255.0,0.2684910133599427,24,1227.0
4230.0,24,351.0,4.5,5.359634393920154,18,947.0,0.19662307679274235,6,174.0,0.3152203256754463,24,1121.0
4235.0,29,361.0,4.75,5.428979407469718,23,984.0,0.19161356663921933,6,71.0,0.5446990372186101,29,1055.0
4240.0,34,441.0,5.88,5.053294558397929,29,974.0,0.20355895533497856,5,86.0,0.5491584046177157,34,1060.0
4245.0,38,511.0,7.0,3.9764129366111596,29,902.0,0.18651645021270422,9,123.0,0.4182565253471658,38,1025.0
4250.0,39,528.0,6.947368421052632,3.4082882268717043,28,990.0,0.15558392601714005,11,153.0,0.3396684370873453,39,1143.0
4255.0,34,496.0,6.2,3.742515319096006,24,998.0,0.10326915284767516,10,167.0,0.3721734551367181,34,1165.0
4260.0,28,445.0,5.235294117647059,4.121986834683748,20,1062.0,0.15323051357099848,8,152.0,0.3650576485301799,28,1214.0
4265.0,37,513.0,5.637362637362638,4.70644409536666,25,1135.0,0.22377066231191928,12,151.0,0.33339807960758955,37,1286.0
4270.0,44,662.0,7.5227272727272725,4.0577951361461535,30,1159.0,0.235392302002271,14,204.0,0.3134191229719879,44,1363.0
4275.0,55,831.0,9.551724137931034,3.01949961271886,38,1157.0,0.13083426669023052,17,287.0,0.277845493565877,55,1444.0
4280.0,57,887.0,9.855555555555556,2.2337577504152324,39,1265.0,0.1250065157836962,18,288.0,0.1395537827858481,57,1553.0
4285.0,49,924.0,9.829787234042554,3.2073044588394284,32,1273.0,0.14543951191093363,17,347.0,0.21858210770243713,49,1620.0
4290.0,45,576.0,6.0,3.211029531250201,27,1195.0,0.10165782175019193,18,369.0,0.271735452591906,45,1564.0
4295.0,35,408.0,4.294736842105263,4.006121496514336,25,1106.0,0.08039054059774509,10,326.0,0.3845198189659856,35,1432.0
4300.0,41,565.0,6.01063829787234,3.917528279440222,31,1165.0,0.04515490896528443,10,290.0,0.404020976783368,41,1455.0
4305.0,46,690.0,7.5,3.6867067290095408,31,1173.0,0.06673476836459503,15,317.0,0.26866908918775073,46,1490.0
4310.0,45,812.0,9.227272727272727,3.2968108722092992,26,1196.0,0.13957186824864684,19,374.0,0.15908533963019614,45,1570.0
4315.0,48,869.0,10.345238095238095,2.6147569119270777,24,1151.0,0.1315131047357912,24,440.0,0.14319373568515387,48,1591.0
4320.0,40,767.0,8.816091954022989,2.9519222864320502,23,1166.0,0.11387841630213956,17,486.0,0.22669731360910808,40,1652.0
4325.0,46,625.0,7.1022727272727275,3.4417934641646535,30,1182.0,0.10952713978935785,16,459.0,0.24165361484796458,46,1641.0
4330.0,51,696.0,7.820224719101123,3.6742081603633636,31,1229.0,0.11461820110548232,20,403.0,0.25727964099037626,51,1632.0
4335.0,52,856.0,9.406593406593407,3.5675688930875604,33,1257.0,0.14296118591392867,19,468.0,0.22316920213047425,52,1725.0
4340.0,50,945.0,10.384615384615385,3.345407313091515,34,1306.0,0.06247637070909505,16,496.0,0.2760959373009627,50,1802.0
4345.0,42,702.0,7.8,3.865201745205651,29,1254.0,0.12257253364690968,13,461.0,0.25600041248615607,42,1715.0
4350.0,35,511.0,5.494623655913978,4.351555153344353,20,1285.0,0.21678698939604316,15,340.0,0.17974424553225582,35,1625.0
4355.0,39,492.0,5.290322580645161,3.9409663761201204,19,1212.0,0.25127185537603985,20,405.0,0.1291383856936731,39,1617.0
4360.0,38,538.0,6.044943820224719,3.671414028583045,22,1201.0,0.210251860758323,16,446.0,0.218491531005606,38,1647.0
4365.0,37,496.0,5.7011494252873565,4.099713324331256,24,1113.0,0.17798008361521087,13,400.0,0.23701526298895467,37,1513.0
4370.0,32,414.0,4.813953488372093,3.9338315431149384,19,1056.0,0.14874260336410797,13,326.0,0.21972363889530142,32,1382.0
4375.0,37,486.0,5.926829268292683,3.8413706387124504,22,1049.0,0.15528547484718122,15,377.0,0.2191971872379329,37,1426.0
4380.0,40,633.0,8.220779220779221,3.6531512922115024,26,1077.0,0.04599403445327655,14,399.0,0.34116416802425686,40,1476.0
4385.0,39,759.0,10.12,3.4718758213990712,25,1050.0,0.04780207590442836,14,438.0,0.2558218131306007,39,1488.0
4390.0,37,835.0,11.133333333333333,3.9126737247516963,19,997.0,0.13794878356624807,18,496.0,0.20822459977760086,37,1493.0
4395.0,35,789.0,10.662162162162161,4.068678077068925,18,908.0,0.14029824133128269,17,506.0,0.28941147364487946,35,1414.0
4400.0,38,846.0,11.58904109589041,3.5629886968187616,21,943.0,0.11386101170177533,17,476.0,0.295286880213981,38,1419.0
4405.0,33,900.0,12.162162162162161,3.896557412361537,17,925.0,0.18399252130376162,16,522.0,0.2610231421768472,33,1447.0
4410.0,35,942.0,12.394736842105264,4.263810844372164,16,920.0,0.18847882296761623,19,532.0,0.22300926945395066,35,1452.0
4415.0,37,823.0,10.688311688311689,4.001441464719948,20,943.0,0.14544237870117424,17,462.0,0.19902427197410108,37,1405.0
4420.0,36,743.0,9.64935064935065,4.611019201173495,23,1008.0,0.18686496478764386,13,310.0,0.3180266672034198,36,1318.0
4425.0,31,747.0,10.094594594594595,4.320822357243167,15,1014.0,0.2444449096325319,16,335.0,0.24219169666345988,31,1349.0
4430.0,36,601.0,8.013333333333334,4.463564644832965,15,892.0,0.2314641518926778,21,393.0,0.2303341827357069,36,1285.0
4435.0,35,506.0,6.837837837837838,4.252312667280226,16,683.0,0.17213655627147142,19,465.0,0.22913926152937764,35,1148.0
4440.0,35,527.0,7.422535211267606,4.293813525908292,21,653.0,0.11208392906533028,14,472.0,0.23505111170721601,35,1125.0
4445.0,36,473.0,6.855072463768116,3.6040391036111563,19,524.0,0.11601424179216381,17,454.0,0.15209124622660283,36,978.0
4450.0,35,472.0,6.742857142857143,4.041798157616322,17,547.0,0.18219639742140228,18,459.0,0.21941777605388205,35,1006.0
4455.0,28,357.0,5.1,4.569176108991201,11,494.0,0.2962711161620423,17,414.0,0.20710246842281577,28,908.0
4460.0,24,255.0,3.642857142857143,4.872009318578641,9,477.0,0.3307802131974658,15,299.0,0.257027606170984,24,776.0
4465.0,31,385.0,5.347222222222222,4.77166959556472,15,482.0,0.2605535697058126,16,349.0,0.27316627338116184,31,831.0
4470.0,32,372.0,5.095890410958904,4.456599226137063,16,451.0,0.25137047652783845,16,365.0,0.2723898180239989,32,816.0
4475.0,34,425.0,5.902777777777778,4.96223546967836,19,491.0,0.17975557071943762,15,325.0,0.3676545536696995,34,816.0
4480.0,34,430.0,5.8108108108108105,4.394466054817177,20,507.0,0.15928589907991353,14,341.0,0.28846717855769943,34,848.0
4485.0,28,376.0,5.013333333333334,5.195112448203426,11,441.0,0.2798035532452319,17,371.0,0.21805446741648027,28,812.0
4490.0,27,325.0,4.577464788732394,4.5119285478154065,9,375.0,0.31095117971421676,18,399.0,0.1510896355208127,27,774.0
4495.0,29,294.0,4.140845070422535,4.360822436091945,11,282.0,0.2584504304021989,18,393.0,0.18050417578682568,29,675.0
4500.0,35,351.0,5.086956521739131,3.3374635083563637,16,290.0,0.194897043809139,19,417.0,0.21511552834000272,35,707.0
4505.0,28,333.0,4.970149253731344,4.081163945174861,13,263.0,0.16198793055279784,15,391.0,0.26730108402891334,28,654.0
4510.0,26,395.0,6.076923076923077,4.758330281483919,10,240.0,0.2535323237419452,16,423.0,0.22147526872811985,26,663.0
4515.0,28,474.0,7.292307692307692,4.964869515926796,10,254.0,0.35219711322298836,18,447.0,0.09917461226370806,28,701.0
4520.0,26,496.0,7.873015873015873,4.442448008664715,8,229.0,0.2851261463063198,18,496.0,0.12727123971181137,26,725.0
4525.0,27,585.0,10.263157894736842,5.141781307645029,12,260.0,0.2898077431689481,15,505.0,0.18590680563906833,27,765.0
4530.0,29,614.0,10.40677966101695,4.211336141126329,13,273.0,0.13687790420953433,16,519.0,0.18223206826763072,29,792.0
4535.0,29,635.0,10.76271186440678,4.874836915797354,13,266.0,0.177666071389122,16,514.0,0.27422419196977904,29,780.0
4540.0,24,322.0,5.75,4.777692623909425,12,226.0,0.28394302241256675,12,447.0,0.31897504918569436,24,673.0
4545.0,23,346.0,6.178571428571429,4.806979537629296,10,207.0,0.37011902287410864,13,318.0,0.2223579065142659,23,525.0
4550.0,27,291.0,5.196428571428571,4.264677159705047,10,200.0,0.40986184405883797,17,343.0,0.15654291489339525,27,543.0
4555.0,19,240.0,4.137931034482759,5.1766489577855195,4,119.0,0.36581243686149095,15,349.0,0.1917747833294821,19,468.0
4560.0,19,265.0,4.732142857142857,4.830330646659229,5,119.0,0.27528404256731465,14,365.0,0.1272508682326855,19,484.0
4565.0,22,286.0,5.017543859649122,5.610135845769821,11,165.0,0.2781217183982514,11,363.0,0.1606722719130676,22,528.0
4570.0,22,329.0,6.2075471698113205,4.908740398711849,12,169.0,0.28303984525992215,10,371.0,0.20964325270627174,22,540.0
4575.0,16,336.0,7.148936170212766,4.76152558384584,5,138.0,0.2191226041821172,11,388.0,0.23766608290373756,16,526.0
4580.0,19,269.0,5.604166666666667,4.023498813815505,8,166.0,0.10360580435501882,11,339.0,0.2280267341779786,19,505.0
4585.0,25,289.0,5.666666666666667,4.851487176715357,14,214.0,0.13398199988480833,11,271.0,0.33411240083761123,25,485.0
4590.0,23,360.0,6.923076923076923,4.835103770185131,11,245.0,0.2584507289288586,12,305.0,0.3544308166724155,23,550.0
4595.0,17,396.0,7.471698113207547,6.064994278968062,5,219.0,0.4292259282239422,12,352.0,0.3673028466221202,17,571.0
4600.0,15,374.0,7.48,6.001332742193199,4,191.0,0.5870990127315276,11,331.0,0.20427658018847372,15,522.0
4605.0,17,391.0,7.666666666666667,6.2594950831955085,6,215.0,0.4912690381423477,11,301.0,0.25403496283939686,17,516.0
4610.0,16,142.0,2.84,5.109707547147976,7,126.0,0.38482588649881977,9,258.0,0.27815606111876934,16,384.0
4615.0,20,162.0,3.1153846153846154,5.154224883387067,10,74.0,0.20868153505304426,10,207.0,0.298815967147713,20,281.0
4620.0,21,147.0,2.7222222222222223,5.08016572112732,9,91.0,0.15984269362479292,12,192.0,0.29261484797858844,21,283.0
4625.0,14,149.0,2.6140350877192984,6.766385369966115,4,84.0,0.3551566967877452,10,184.0,0.38567492259803887,14,268.0
4630.0,15,163.0,3.0754716981132075,5.748458900961407,3,73.0,0.37118461609822895,12,179.0,0.30085844289477187,15,252.0
4635.0,23,208.0,3.9245283018867925,6.199927468848279,10,108.0,0.4070877368630307,13,199.0,0.3195334902772866,23,307.0
4640.0,21,202.0,4.208333333333333,4.502046069881685,9,102.0,0.39177615994946197,12,212.0,0.18223311402729492,21,314.0
4645.0,28,311.0,6.479166666666667,4.029019905924215,12,159.0,0.3427836073851865,16,257.0,0.10031345029461736,28,416.0
4650.0,25,269.0,5.173076923076923,4.275565319097169,12,172.0,0.36551285497111613,13,267.0,0.1757142584564715,25,439.0
4655.0,12,155.0,2.980769230769231,5.5390829251539095,5,119.0,0.3394043164968893,7,216.0,0.3014586338163362,12,335.0
4660.0,13,145.0,2.685185185185185,5.647186180973516,6,116.0,0.33396018207981765,7,209.0,0.23810447220475287,13,325.0
4665.0,19,188.0,3.2982456140350878,5.591409322594976,9,129.0,0.31751275859539624,10,203.0,0.28428815845973204,19,332.0
4670.0,19,223.0,4.2075471698113205,4.991223627055675,11,136.0,0.3218967604288863,8,199.0,0.36673689955175404,19,335.0
4675.0,17,235.0,4.433962264150943,5.158131161118613,9,127.0,0.3068553837538702,8,180.0,0.3368071409596645,17,307.0
4680.0,21,202.0,3.4237288135593222,4.738611083171759,13,166.0,0.24962305968619744,8,160.0,0.2924098413151688,21,326.0
4685.0,26,225.0,3.629032258064516,5.234176173468623,17,225.0,0.26127017935383856,9,154.0,0.3891966359137524,26,379.0
4690.0,28,290.0,4.603174603174603,4.769808251163826,20,299.0,0.2550008677008438,8,166.0,0.4049495603210565,28,465.0
4695.0,31,369.0,5.857142857142857,4.307565827132266,21,365.0,0.25535742016120344,10,195.0,0.35228779229804286,31,560.0
4700.0,32,413.0,6.3538461538461535,3.662181109046899,20,411.0,0.24608553803265637,12,218.0,0.28492547133561913,32,629.0
4705.0,34,405.0,5.5479452054794525,3.570831454103704,18,410.0,0.22983630992166848,16,269.0,0.18175657869706754,34,679.0
4710.0,29,281.0,3.7972972972972974,4.434597899328662,15,362.0,0.291733518516839,14,288.0,0.24466922617394019,29,650.0
4715.0,30,341.0,4.428571428571429,5.795779121259235,19,379.0,0.2867385176152663,11,262.0,0.3834747475259569,30,641.0
4720.0,37,412.0,5.215189873417722,4.394971985528736,24,447.0,0.15008578823658386,13,296.0,0.3259806383770346,37,743.0
4725.0,39,495.0,6.265822784810126,4.632923249607004,25,501.0,0.20373995006855342,14,319.0,0.3260888752188824,39,820.0
4730.0,36,494.0,6.586666666666667,3.9243087173962286,21,535.0,0.21834181452270524,15,282.0,0.24803805757189706,36,817.0
4735.0,32,439.0,5.776315789473684,3.9298897426968953,17,492.0,0.23330369390775071,15,253.0,0.1649763421619852,32,745.0
4740.0,33,467.0,6.144736842105263,3.3583579668688803,17,543.0,0.16307359608483427,16,282.0,0.1510032496273723,33,825.0
4745.0,36,565.0,7.243589743589744,4.250081290557174,24,635.0,0.1341300443576313,12,277.0,0.29148055233455067,36,912.0
4750.0,38,473.0,6.306666666666667,3.919809852017419,28,662.0,0.09488428962816926,10,244.0,0.2724472637674436,38,906.0
4755.0,38,483.0,6.527027027027027,4.142932447698551,27,700.0,0.09123759223093993,11,209.0,0.36709733724642724,38,909.0
4760.0,39,579.0,8.154929577464788,3.3065243080313094,29,750.0,0.09604638834027107,10,224.0,0.3483711927111874,39,974.0
4765.0,33,581.0,7.851351351351352,4.459551751707633,22,718.0,0.12431212010659712,11,245.0,0.40201719630320476,33,963.0
4770.0,24,411.0,5.554054054054054,4.652696798029214,14,711.0,0.19960678192013503,10,238.0,0.2829909684813625,24,949.0
4775.0,29,351.0,4.808219178082192,4.626237311414529,15,658.0,0.20319408046860396,14,258.0,0.23916360808048726,29,916.0
4780.0,30,341.0,5.014705882352941,2.9324556948759093,18,687.0,0.16038331698991837,12,269.0,0.154482168284951,30,956.0
4785.0,37,469.0,6.7,3.3477396115448355,25,722.0,0.16637666884129926,12,282.0,0.25446511727597426,37,1004.0
4790.0,40,539.0,7.591549295774648,3.5041636296820515,28,758.0,0.1734790583336802,12,302.0,0.3083314866829537,40,1060.0
4795.0,34,507.0,7.567164179104478,3.9249702711920396,23,712.0,0.12249842429013821,11,323.0,0.38529445720319605,34,1035.0
4800.0,29,440.0,6.567164179104478,3.8389150857078445,18,680.0,0.14431907259709878,11,297.0,0.1969586615453336,29,977.0
4805.0,23,388.0,5.878787878787879,4.904101759362632,13,631.0,0.2639544736360645,10,232.0,0.2218007313675898,23,863.0
4810.0,24,439.0,6.859375,5.205896344341916,13,619.0,0.3633223980766213,11,244.0,0.20557401184300766,24,863.0
4815.0,25,496.0,7.630769230769231,5.001039348003075,12,629.0,0.2686468626467547,13,270.0,0.24050006948111824,25,899.0
4820.0,33,635.0,9.76923076923077,4.451615591619936,18,679.0,0.15147311215550918,15,342.0,0.3199972365797712,33,1021.0
4825.0,40,621.0,9.132352941176471,3.871066121419502,25,703.0,0.16113715636050374,15,345.0,0.27053392192934195,40,1048.0
4830.0,32,512.0,8.0,4.110400645253241,19,649.0,0.266657578130558,13,324.0,0.27744344881897365,32,973.0
4835.0,30,541.0,8.587301587301587,3.620371655643714,18,680.0,0.2108241506961058,12,305.0,0.2886505928787775,30,985.0
4840.0,30,484.0,7.5625,3.407843755347476,15,656.0,0.15401101825491478,15,302.0,0.22273375140503585,30,958.0
4845.0,29,240.0,3.6363636363636362,3.381482150229544,13,589.0,0.18702726522349308,16,290.0,0.1729928259259876,29,879.0
4850.0,29,292.0,4.231884057971015,4.618148164183085,17,596.0,0.14856152315842547,12,223.0,0.3134400090553973,29,819.0
4855.0,36,362.0,5.402985074626866,3.6429231736096885,23,583.0,0.1101649996047932,13,246.0,0.22116434532639265,36,829.0
4860.0,37,431.0,6.246376811594203,3.9714897889499996,23,519.0,0.1691057072469261,14,271.0,0.22774106103469088,37,790.0
4865.0,37,501.0,7.1571428571428575,3.5677232195870894,21,545.0,0.23598992079382683,16,308.0,0.198139190489964,37,853.0
4870.0,30,414.0,5.671232876712328,4.48753731305094,16,482.0,0.28997637733879406,14,337.0,0.252149076926732,30,819.0
4875.0,24,438.0,5.84,5.295049584596522,9,419.0,0.4067324436101487,15,377.0,0.22765953558467283,24,796.0
4880.0,22,466.0,5.89873417721519,5.379493561472382,9,423.0,0.3888896654425718,13,387.0,0.18258945379925884,22,810.0
4885.0,26,502.0,6.435897435897436,5.213622178399852,17,489.0,0.2910450196257443,9,346.0,0.24193529081139534,26,835.0
4890.0,34,444.0,5.766233766233766,4.579055778455603,20,469.0,0.20803155266250425,14,386.0,0.2347041491998526,34,855.0
4895.0,41,522.0,6.868421052631579,3.8285111953542,25,443.0,0.15195009133588058,16,420.0,0.20943951718101017,41,863.0
4900.0,40,513.0,6.576923076923077,3.6953612684372117,24,503.0,0.18389529635612947,16,415.0,0.20729140613429378,40,918.0
4905.0,40,580.0,7.435897435897436,4.092866421069046,21,487.0,0.23129035781815588,19,443.0,0.19372818050551224,40,930.0
4910.0,34,573.0,7.346153846153846,4.049432136871281,15,534.0,0.21359665831249033,19,479.0,0.22553586972229084,34,1013.0
4915.0,33,615.0,7.784810126582278,4.1062113642384,21,606.0,0.1442200530256235,12,466.0,0.3019913629739896,33,1072.0
4920.0,38,505.0,6.3125,3.911812994581551,25,564.0,0.18766744206316757,13,452.0,0.2706224817296808,38,1016.0
4925.0,42,471.0,5.541176470588235,4.019111285461719,25,602.0,0.229027620804429,17,384.0,0.21700319450551156,42,986.0
4930.0,43,576.0,6.329670329670329,4.316304481055026,26,645.0,0.26177179256381783,17,414.0,0.2542603694581372,43,1059.0
4935.0,32,541.0,6.011111111111111,5.079059335224786,20,617.0,0.25760151799413705,12,404.0,0.32138650439577204,32,1021.0
4940.0,30,377.0,4.284090909090909,4.652914385721181,16,556.0,0.24026729257077492,14,386.0,0.2506552573631912,30,942.0
4945.0,41,371.0,4.215909090909091,4.232557655780687,19,490.0,0.23953908200284896,22,387.0,0.1544700614728423,41,877.0
4950.0,47,473.0,5.630952380952381,3.145528726932656,25,541.0,0.142110008425844,22,436.0,0.19738914848906036,47,977.0
4955.0,42,599.0,7.130952380952381,3.7338963577078266,23,548.0,0.21676094919605163,19,477.0,0.14216637969269044,42,1025.0
4960.0,40,616.0,7.7,3.5765054503828635,20,589.0,0.26390540636971643,20,525.0,0.06816227772866791,40,1114.0
4965.0,36,617.0,7.258823529411765,4.1347062336844775,23,611.0,0.15315264996510922,13,514.0,0.2344442647261277,36,1125.0
4970.0,41,612.0,7.285714285714286,4.039590244297942,31,658.0,0.12207082817421414,10,427.0,0.3248861506947455,41,1085.0
4975.0,43,541.0,6.290697674418604,4.326093572997066,29,689.0,0.19296053382823333,14,369.0,0.29135396643434136,43,1058.0
4980.0,41,531.0,6.174418604651163,3.6417812178607876,24,738.0,0.17499341734681811,17,390.0,0.2595030568271028,41,1128.0
4985.0,36,491.0,5.776470588235294,3.598299662224535,23,730.0,0.1415711400040306,13,389.0,0.24425186360249157,36,1119.0
4990.0,30,343.0,3.811111111111111,4.09980962603741,17,732.0,0.1928430778531636,13,374.0,0.24151351395187765,30,1106.0
4995.0,38,379.0,4.075268817204301,4.212077465339567,20,710.0,0.17668065810228717,18,376.0,0.24387598497720792,38,1086.0
5000.0,53,532.0,5.659574468085107,3.2249358184481136,28,770.0,0.13730984616127762,25,410.0,0.22187528048091343,53,1180.0
5005.0,56,655.0,6.968085106382978,2.7538579931987988,31,861.0,0.1012238281525784,25,491.0,0.21163526414354908,56,1352.0
5010.0,54,730.0,7.604166666666667,2.918341553405671,29,932.0,0.12446957964141309,25,549.0,0.22362164350398023,54,1481.0
5015.0,50,659.0,7.086021505376344,2.9929819083342153,26,912.0,0.1107858749235192,24,555.0,0.18380531387506022,50,1467.0
5020.0,42,692.0,7.28421052631579,3.582857462410907,22,891.0,0.12499031826088107,20,571.0,0.18107534859171523,42,1462.0
5025.0,39,755.0,7.864583333333333,4.453269849486239,17,862.0,0.21677227468460963,22,620.0,0.18619151306771414,39,1482.0
5030.0,39,838.0,8.821052631578947,4.8900943874309,17,904.0,0.260617347807755,22,663.0,0.22517217578018783,39,1567.0
5035.0,45,956.0,10.279569892473118,4.022858582459766,20,908.0,0.1865449075665824,25,731.0,0.2622942332611159,45,1639.0
5040.0,48,1090.0,11.847826086956522,3.4531345095379278,26,973.0,0.15114058351440143,22,753.0,0.22965550933310536,48,1726.0
5045.0,45,1242.0,13.073684210526316,3.8965394982921775,20,1002.0,0.20008359093090197,25,845.0,0.2132125010898873,45,1847.0
5050.0,47,1360.0,14.782608695652174,4.050993085521831,17,954.0,0.2744757607631245,30,961.0,0.14874751753951249,47,1915.0
5055.0,50,1372.0,15.244444444444444,3.180513125758104,17,839.0,0.23136378185453443,33,1070.0,0.1133037671022842,50,1909.0
5060.0,47,1202.0,13.816091954022989,2.96176724343915,16,746.0,0.20601271370808438,31,1140.0,0.1274532419009555,47,1886.0
5065.0,47,989.0,11.5,3.185829433598164,17,615.0,0.1997323221033677,30,1106.0,0.12525175521699827,47,1721.0
5070.0,47,706.0,8.022727272727273,3.481293813689884,21,626.0,0.2006810178294693,26,930.0,0.1534939683278111,47,1556.0
5075.0,49,884.0,9.608695652173912,3.568497483280851,24,719.0,0.19934319412158275,25,1003.0,0.1467652221576106,49,1722.0
5080.0,47,1047.0,11.897727272727273,3.303224984779254,24,743.0,0.14989830735258175,23,1058.0,0.1699271614997445,47,1801.0
5085.0,49,983.0,11.170454545454545,3.8439494749241216,25,710.0,0.16875587172281056,24,1033.0,0.2242927521819146,49,1743.0
5090.0,42,818.0,9.295454545454545,3.67870367567199,23,689.0,0.13296067470468018,19,894.0,0.22438129820701982,42,1583.0
5095.0,42,769.0,8.94186046511628,3.877030970720892,21,704.0,0.2197631487012438,21,874.0,0.25209155478959633,42,1578.0
5100.0,34,540.0,6.27906976744186,4.135171114553163,15,609.0,0.2580835630746743,19,740.0,0.2029529934285033,34,1349.0
5105.0,37,507.0,5.964705882352941,3.4626429183575724,13,557.0,0.23580934572926285,24,818.0,0.08179239748620976,37,1375.0
5110.0,42,580.0,6.666666666666667,4.013765474753635,18,510.0,0.2004421637875147,24,885.0,0.18029658159927656,42,1395.0
5115.0,43,701.0,8.151162790697674,3.8167535202442293,22,551.0,0.17652157897321327,21,890.0,0.21831796943272824,43,1441.0
5120.0,42,761.0,9.05952380952381,4.139630847112993,22,623.0,0.20004787978800326,20,846.0,0.2615863409397707,42,1469.0
5125.0,44,667.0,8.134146341463415,3.2012876354004147,26,631.0,0.16422858742866778,18,810.0,0.23105401334396852,44,1441.0
5130.0,41,517.0,6.08235294117647,3.3071270430037796,21,566.0,0.17922073940376881,20,727.0,0.10815446809778029,41,1293.0
5135.0,40,536.0,6.536585365853658,3.724689429742576,17,538.0,0.2165488320538899,23,699.0,0.11199171474999677,40,1237.0
5140.0,42,672.0,8.195121951219512,4.635901302833092,17,557.0,0.2639761668456572,25,655.0,0.11519534878864109,42,1212.0
5145.0,37,684.0,8.444444444444445,4.263817779616079,14,553.0,0.30271255025500793,23,713.0,0.07192924376147507,37,1266.0
5150.0,34,653.0,8.706666666666667,4.448703663677239,17,569.0,0.20392993519287458,17,711.0,0.23003716462804147,34,1280.0
5155.0,39,754.0,9.921052631578947,3.7046781440217664,22,632.0,0.09641539378537713,17,776.0,0.2438319494987361,39,1408.0
5160.0,38,892.0,12.219178082191782,3.727100841348984,17,669.0,0.13140738292058315,21,874.0,0.16169016111097884,38,1543.0
5165.0,35,837.0,11.465753424657533,3.910506671010042,14,668.0,0.19189604610666036,21,846.0,0.1314162878026025,35,1514.0
5170.0,40,774.0,10.602739726027398,3.345140647161169,16,609.0,0.13966501656455912,24,768.0,0.16653823722095165,40,1377.0
5175.0,38,856.0,11.726027397260275,3.540625157454504,19,667.0,0.20261715105141526,19,785.0,0.24043165611532416,38,1452.0
5180.0,28,837.0,11.31081081081081,4.768935307638357,15,687.0,0.21347765830477353,13,721.0,0.28528775990853916,28,1408.0
5185.0,26,472.0,6.293333333333333,4.231430145915922,14,576.0,0.18567930704948352,12,625.0,0.19429189088604143,26,1201.0
5190.0,31,224.0,2.9473684210526314,4.723801344567354,14,425.0,0.26085819722234743,17,544.0,0.14618475432241806,31,969.0
5195.0,35,379.0,5.414285714285715,4.95635683132828,14,380.0,0.33051959804160524,21,544.0,0.24165509647646868,35,924.0
5200.0,33,445.0,6.449275362318841,4.048873854731937,13,382.0,0.24412803498871294,20,574.0,0.20925510840998585,33,956.0
5205.0,29,427.0,6.1,4.1805089512074165,12,348.0,0.19562295700482443,17,526.0,0.16771872804934002,29,874.0
5210.0,25,371.0,5.225352112676056,4.638846277204242,9,272.0,0.3068192102809077,16,504.0,0.15928754311845733,25,776.0
5215.0,31,369.0,4.730769230769231,5.000337058264716,12,201.0,0.3617539592377393,19,476.0,0.1770712735123084,31,677.0
5220.0,34,471.0,6.197368421052632,4.996672559142428,11,232.0,0.3908282510669763,23,531.0,0.2515501565752301,34,763.0
5225.0,32,529.0,6.69620253164557,4.738033993266603,9,245.0,0.355606527022356,23,572.0,0.23959701336553635,32,817.0
5230.0,31,455.0,5.548780487804878,4.371146489936123,9,180.0,0.2325823196546489,22,594.0,0.2606897202339642,31,774.0
5235.0,33,458.0,5.725,4.691244529711784,14,196.0,0.1856922727685764,19,563.0,0.29192922483476136,33,759.0
5240.0,37,313.0,4.064935064935065,3.957517062584611,15,198.0,0.10922444072364723,22,556.0,0.2648330516444815,37,754.0
5245.0,40,408.0,5.1645569620253164,3.7456429294758182,16,200.0,0.18524637843760686,24,548.0,0.1613180534085841,40,748.0
5250.0,41,507.0,6.671052631578948,3.62011429068404,12,222.0,0.2876144360677804,29,614.0,0.14501566745058941,41,836.0
5255.0,29,456.0,5.846153846153846,4.45897163530892,4,173.0,0.3505338954023753,25,647.0,0.1303647983552205,29,820.0
5260.0,28,491.0,6.4605263157894735,5.058628411274593,3,116.0,0.5187497840109337,25,697.0,0.11799841500091632,28,813.0
5265.0,28,507.0,6.851351351351352,5.251744179380952,3,71.0,0.5095308436304159,25,727.0,0.12278015342014752,28,798.0
5270.0,32,577.0,8.611940298507463,4.5990730026531015,6,90.0,0.4475653957674884,26,805.0,0.13549978059109719,32,895.0
5275.0,36,685.0,10.538461538461538,4.345855320760501,10,132.0,0.40512546045521436,26,864.0,0.13100130806361424,36,996.0
5280.0,36,601.0,8.970149253731343,3.43537340482589,9,117.0,0.20057432501750308,27,871.0,0.12447564058907751,36,988.0
5285.0,37,527.0,8.107692307692307,3.9758683387921776,13,161.0,0.2472209808025963,24,816.0,0.1658371799334717,37,977.0
5290.0,32,483.0,7.318181818181818,3.8669328510732366,9,149.0,0.3286858085806771,23,846.0,0.1441538655399396,32,995.0
5295.0,28,357.0,5.25,4.828702367785747,9,119.0,0.3643517190876909,19,810.0,0.21413433064072987,28,929.0
5300.0,24,302.0,4.575757575757576,4.929653378612235,7,107.0,0.24690654300001172,17,806.0,0.29048380968982324,24,913.0
5305.0,20,283.0,4.287878787878788,5.651803373701312,2,62.0,0.4095431935718983,18,798.0,0.22665830793164343,20,860.0
5310.0,28,313.0,4.815384615384615,4.973143677649565,3,62.0,0.4297574223258228,25,833.0,0.12764701318610117,28,895.0
5315.0,35,360.0,5.454545454545454,4.723110039690408,10,99.0,0.31757338056910844,25,830.0,0.12699329121046918,35,929.0
5320.0,30,418.0,6.741935483870968,4.157020022989696,8,99.0,0.33019579959310463,22,846.0,0.1548652727531453,30,945.0
5325.0,21,344.0,5.830508474576271,4.739659231898316,5,72.0,0.29450739954512084,16,764.0,0.20390400218495144,21,836.0
5330.0,15,260.0,4.482758620689655,4.76776368722331,3,72.0,0.17187602603193144,12,640.0,0.20551506151102483,15,712.0
5335.0,27,234.0,3.65625,4.883993625560208,12,102.0,0.2510912919624055,15,531.0,0.2082640034965592,27,633.0
5340.0,25,289.0,4.378787878787879,5.13208855096526,7,116.0,0.42858498972943976,18,536.0,0.2359711512273047,25,652.0
5345.0,22,332.0,5.533333333333333,5.953358501660068,5,110.0,0.5808883202072653,17,549.0,0.2780782886279069,22,659.0
5350.0,24,420.0,6.885245901639344,5.590612261979028,4,100.0,0.5489410008816259,20,607.0,0.1946943423189286,24,707.0
5355.0,31,475.0,7.3076923076923075,5.002191775449606,10,132.0,0.41773995186535196,21,637.0,0.16932022670104896,31,769.0
5360.0,22,350.0,5.833333333333333,4.47679627924906,8,100.0,0.24366853819147502,14,572.0,0.23987241692974579,22,672.0
5365.0,29,430.0,7.413793103448276,4.154569418429309,14,130.0,0.15990486284946553,15,493.0,0.2108952705355742,29,623.0
5370.0,28,431.0,7.696428571428571,4.432778520852852,15,179.0,0.20246351859969974,13,456.0,0.23626787593563545,28,635.0
5375.0,29,360.0,6.428571428571429,4.1697222680590125,15,225.0,0.22040179985930192,14,388.0,0.23441541629436297,29,613.0
5380.0,28,381.0,6.684210526315789,4.1600167208860075,13,241.0,0.26427028268486846,15,373.0,0.22583867457954576,28,614.0
5385.0,20,299.0,5.245614035087719,5.04356919536089,5,180.0,0.4303274013688168,15,378.0,0.1722734844834541,20,558.0
5390.0,15,315.0,5.7272727272727275,6.29039707523991,5,134.0,0.4425705304381295,10,345.0,0.23330157904192014,15,479.0
5395.0,15,174.0,3.3461538461538463,5.958132591538315,6,97.0,0.20970110047687962,9,276.0,0.27008816226990195,15,373.0
5400.0,25,235.0,4.433962264150943,5.271854647788542,12,116.0,0.1970501652068907,13,251.0,0.16808337783173247,25,367.0
5405.0,19,210.0,4.285714285714286,5.359465030697288,7,131.0,0.3962625662644597,12,220.0,0.319747212397428,19,351.0
5410.0,19,258.0,4.867924528301887,6.596829495529552,7,132.0,0.44901263955598264,12,174.0,0.3988007126527861,19,306.0
5415.0,17,215.0,4.056603773584905,6.050847476365653,6,115.0,0.43353978655835934,11,185.0,0.3985088089354957,17,300.0
5420.0,14,197.0,3.7169811320754715,6.970925101728345,5,76.0,0.536149910913681,9,154.0,0.315766704809092,14,230.0
5425.0,12,206.0,3.814814814814815,5.862601692836581,5,89.0,0.2479314754563309,7,151.0,0.28459727255856393,12,240.0
5430.0,25,293.0,5.140350877192983,5.866645515128599,11,126.0,0.19446416040499187,14,189.0,0.2961011888789188,25,315.0
5435.0,20,243.0,4.418181818181818,5.537145972801696,8,151.0,0.3418913157768169,12,168.0,0.3341629548252029,20,319.0
5440.0,16,259.0,4.543859649122807,6.7272373901982885,6,149.0,0.4685037954856335,10,153.0,0.4008055920942099,16,302.0
5445.0,16,231.0,4.052631578947368,6.461222097311765,5,137.0,0.45496824049453316,11,169.0,0.32725886549709254,16,306.0
5450.0,16,254.0,4.456140350877193,6.735273224221923,6,157.0,0.4726777490334012,10,147.0,0.2638590718363109,16,304.0
5455.0,22,278.0,4.87719298245614,5.684402569480434,10,191.0,0.4062331874397527,12,143.0,0.20898943969479775,22,334.0
5460.0,25,327.0,6.169811320754717,4.935549102948282,9,184.0,0.3249194173686859,16,205.0,0.26972423010869323,25,389.0
5465.0,23,366.0,6.654545454545454,5.211106780415834,11,201.0,0.3487989734101965,12,221.0,0.31160614656966,23,422.0
5470.0,23,405.0,7.232142857142857,5.661739311299643,11,246.0,0.47679114167256764,12,204.0,0.29185409262209716,23,450.0
5475.0,24,448.0,7.344262295081967,4.926001200079089,12,298.0,0.3445740309733265,12,219.0,0.26974662882375217,24,517.0
5480.0,21,349.0,5.5396825396825395,5.202513970526927,11,243.0,0.27330240666980765,10,219.0,0.38147807776684267,21,462.0
5485.0,25,326.0,5.344262295081967,5.536620210031478,15,229.0,0.2106193812991424,10,189.0,0.4599955432305664,25,418.0
5490.0,27,295.0,4.609375,5.338929240958717,14,241.0,0.2410949124004427,13,165.0,0.3349579315120984,27,406.0
5495.0,23,214.0,3.6271186440677967,5.314892138911987,9,173.0,0.3567123792946078,14,173.0,0.20456941673626322,23,346.0
5500.0,20,245.0,4.1525423728813555,5.525801023736403,8,185.0,0.37571135550843404,12,185.0,0.20119463193642306,20,370.0
5505.0,33,378.0,6.19672131147541,4.733692412622166,17,247.0,0.3378805217685235,16,248.0,0.20626487088983925,33,495.0
5510.0,28,426.0,6.761904761904762,5.062068466157387,16,266.0,0.33553934887690623,12,278.0,0.35075917096149606,28,544.0
5515.0,19,414.0,6.786885245901639,5.815731071638421,10,236.0,0.28217020803980536,9,254.0,0.4455653838517984,19,490.0
5520.0,22,407.0,6.4603174603174605,4.802496097382645,12,253.0,0.24173046233638112,10,278.0,0.2586127711845318,22,531.0
5525.0,29,436.0,6.507462686567164,4.884867761921814,17,251.0,0.23409168954485296,12,320.0,0.2124536274382162,29,571.0
5530.0,28,467.0,7.412698412698413,4.446522339360418,19,294.0,0.26076484750566853,9,337.0,0.26516763183676256,28,631.0
5535.0,29,557.0,9.131147540983607,5.080049716886964,19,316.0,0.2351967964958727,10,360.0,0.40970377080773995,29,676.0
5540.0,32,634.0,10.39344262295082,4.138694571621109,20,352.0,0.17725449461795553,12,412.0,0.3245640894310396,32,764.0
5545.0,25,358.0,5.682539682539683,4.656310137875773,15,344.0,0.20239736639897574,10,335.0,0.27669352031221656,25,679.0
5550.0,20,208.0,3.3548387096774195,5.377213461370716,14,350.0,0.2357511479772589,6,155.0,0.33199277380567493,20,505.0
5555.0,30,282.0,4.476190476190476,4.739834836547493,21,429.0,0.1740395589388198,9,157.0,0.3417288434429136,30,586.0
5560.0,32,346.0,5.40625,4.527377796885498,20,456.0,0.20460385151708088,12,214.0,0.3311025594408986,32,670.0
5565.0,29,399.0,5.867647058823529,4.981579158982065,20,448.0,0.2658582071304502,9,176.0,0.3645012499846692,29,624.0
5570.0,31,421.0,6.1911764705882355,4.729269601147975,18,471.0,0.27918385331258433,13,195.0,0.30926633184991,31,666.0
5575.0,36,497.0,6.902777777777778,4.750744888275424,22,470.0,0.2737951046455345,14,224.0,0.3107778247113218,36,694.0
5580.0,34,543.0,7.647887323943662,4.388468500106126,22,492.0,0.17079161407683663,12,270.0,0.3735092393394734,34,762.0
5585.0,32,334.0,4.575342465753424,3.635392456867915,20,415.0,0.16955505435551496,12,262.0,0.2634800699332672,32,677.0
5590.0,23,246.0,3.3698630136986303,4.582102111549306,13,353.0,0.23182985191615113,10,176.0,0.20460452872460533,23,529.0
5595.0,22,342.0,4.56,6.156585817067195,12,319.0,0.2513490170424819,10,171.0,0.35242370881317453,22,490.0
5600.0,23,320.0,4.1558441558441555,5.83716957939781,12,306.0,0.2815031503797264,11,194.0,0.22216390907418823,23,500.0
5605.0,31,398.0,5.605633802816901,5.569299644126879,17,309.0,0.20579709878316485,14,227.0,0.30941325246570595,31,536.0
5610.0,31,483.0,7.208955223880597,4.712293466983711,18,350.0,0.17980318531563896,13,264.0,0.2834458422942987,31,614.0
5615.0,22,510.0,8.225806451612904,5.210179296891766,12,350.0,0.23882307555083138,10,267.0,0.26525882014011204,22,617.0
5620.0,17,362.0,6.033333333333333,5.420238198831021,8,293.0,0.24236028738487694,9,220.0,0.18483313633190668,17,513.0
5625.0,22,362.0,6.135593220338983,5.705902490767973,11,240.0,0.27439685834090133,11,245.0,0.14215864195593753,22,485.0
5630.0,24,270.0,4.821428571428571,5.048039530567528,15,275.0,0.23572851247513993,9,180.0,0.27230688044515494,24,455.0
5635.0,16,307.0,5.903846153846154,6.206537596868717,9,288.0,0.29749715546699956,7,126.0,0.4235743247199205,16,414.0
5640.0,16,318.0,6.489795918367347,6.132766749221824,12,314.0,0.3074254766665007,4,107.0,0.2852581898139252,16,421.0
5645.0,16,230.0,4.509803921568627,6.225380918581138,10,248.0,0.2702614525263856,6,91.0,0.14596093766412147,16,339.0
5650.0,16,258.0,5.0588235294117645,6.155656850341231,10,235.0,0.218374559897279,6,90.0,0.38898425845145984,16,325.0
5655.0,15,278.0,5.346153846153846,6.618127211845145,12,236.0,0.2773657229077569,3,92.0,0.6139996449606048,15,328.0
5660.0,18,360.0,7.0588235294117645,6.596689727852732,15,286.0,0.32700303969934363,3,107.0,0.6600234136264275,18,393.0
5665.0,20,199.0,3.826923076923077,5.630912355421353,15,256.0,0.31594677949895345,5,69.0,0.5360425141806041,20,325.0
5670.0,23,216.0,4.0754716981132075,5.064042839623265,14,214.0,0.2734034715708201,9,53.0,0.40015476726830246,23,267.0
5675.0,23,182.0,3.1379310344827585,4.51986430494102,15,231.0,0.20433576338885287,8,67.0,0.37394834240324837,23,298.0
5680.0,19,154.0,2.75,6.031441944126486,11,213.0,0.2489056979065228,8,75.0,0.4304601521200428,19,288.0
5685.0,18,132.0,2.4444444444444446,5.202518106592664,10,238.0,0.24277494527358903,8,84.0,0.23852011381580215,18,322.0
5690.0,26,207.0,3.7636363636363637,4.684012767921362,16,284.0,0.15341490860314766,10,93.0,0.22932860915692868,26,377.0
5695.0,29,310.0,5.849056603773585,4.079304416514323,19,355.0,0.16398948873363078,10,135.0,0.2528854551444387,29,490.0
5700.0,32,454.0,8.566037735849056,3.937215265317212,21,452.0,0.2204842300751841,11,175.0,0.28800979511165387,32,627.0
5705.0,24,409.0,7.716981132075472,3.8706648595773796,17,481.0,0.22537607651913005,7,157.0,0.3107726316878059,24,638.0
5710.0,21,380.0,7.037037037037037,4.862950737380141,11,431.0,0.3242327814359554,10,160.0,0.28392261279014863,21,591.0
5715.0,20,353.0,6.192982456140351,5.1885577803464376,11,371.0,0.300269908398746,9,146.0,0.29667044915893087,20,517.0
5720.0,19,406.0,6.88135593220339,6.853281681463706,14,382.0,0.2981247730910603,5,94.0,0.3840216675676728,19,476.0
5725.0,19,335.0,5.87719298245614,6.0185745168925076,10,318.0,0.19738300264940042,9,120.0,0.28791531307150947,19,438.0
5730.0,22,291.0,5.196428571428571,6.339626549071971,14,263.0,0.18787489747137157,8,163.0,0.3264469773361164,22,426.0
5735.0,19,196.0,3.92,4.923766494028825,14,286.0,0.18693442030645588,5,123.0,0.33973830339266053,19,409.0
5740.0,23,258.0,5.16,5.489225556727372,16,301.0,0.23622506624265177,7,90.0,0.44853906346194106,23,391.0
5745.0,18,267.0,5.5625,5.216316061310951,12,330.0,0.281037166030917,6,109.0,0.4592569662853891,18,439.0
5750.0,20,274.0,5.269230769230769,5.653822282972927,10,307.0,0.3756371079262524,10,127.0,0.31848773369204986,20,434.0
5755.0,15,139.0,2.7254901960784315,5.369312196555117,9,253.0,0.37589523417878906,6,94.0,0.32474593869950097,15,347.0
5760.0,17,175.0,3.1818181818181817,6.350669982458212,13,255.0,0.33159961360071477,4,55.0,0.46327249259854736,17,310.0
5765.0,18,181.0,3.1206896551724137,5.788087466106021,14,298.0,0.22226522582899808,4,48.0,0.4634741960448001,18,346.0
5770.0,22,258.0,4.161290322580645,6.570920989447112,15,343.0,0.2513086345736071,7,66.0,0.5139350054707239,22,409.0
5775.0,19,255.0,4.25,5.843537904653834,13,360.0,0.25773419618202253,6,71.0,0.4815728712830075,19,431.0
5780.0,18,237.0,3.761904761904762,6.210680263859619,10,335.0,0.34700216279234675,8,72.0,0.37165371452945684,18,407.0
5785.0,19,171.0,2.7142857142857144,5.368319540511563,10,281.0,0.2694020020206784,9,81.0,0.27103398455770833,19,362.0
5790.0,30,228.0,3.619047619047619,5.516022784491174,15,206.0,0.2562759631798174,15,111.0,0.2590278304785306,30,317.0
5795.0,28,305.0,4.919354838709677,4.473916081871258,17,264.0,0.19435620577103063,11,156.0,0.27678519210721897,28,420.0
5800.0,25,354.0,6.0,4.39792048668934,15,304.0,0.22792106389988204,10,187.0,0.2770375865062206,25,491.0
5805.0,23,292.0,4.786885245901639,4.519989892487571,14,309.0,0.21068758206374602,9,180.0,0.36061174247879924,23,489.0
5810.0,21,287.0,4.484375,5.283588931945567,10,290.0,0.2671790424404103,11,180.0,0.29982077658810474,21,470.0
5815.0,27,389.0,5.984615384615385,5.483622592558885,14,291.0,0.3845236881582857,13,222.0,0.1783922564098428,27,513.0
5820.0,24,459.0,7.061538461538461,5.414251647338267,14,323.0,0.2614506487479134,10,247.0,0.24143079167284104,24,570.0
5825.0,25,381.0,5.7727272727272725,4.760822638702763,18,350.0,0.15581020418216748,7,204.0,0.34441359672362093,25,554.0
5830.0,27,481.0,7.287878787878788,5.772566839062533,17,420.0,0.2760862769766728,10,187.0,0.38190102878461607,27,607.0
5835.0,23,548.0,8.838709677419354,5.5772531119957955,15,456.0,0.2981920374136862,8,212.0,0.33920657612153376,23,668.0
5840.0,29,573.0,9.095238095238095,4.798768849984345,20,483.0,0.17847692423099923,9,220.0,0.30389334721370687,29,703.0
5845.0,26,480.0,7.5,5.548699505257265,17,481.0,0.1537213511086243,9,179.0,0.3749742485718289,26,660.0
5850.0,25,365.0,5.703125,5.9832026495648805,17,424.0,0.23707816106557456,8,180.0,0.4426976977691573,25,604.0
5855.0,21,334.0,5.387096774193548,5.733499720953159,14,369.0,0.2973506428682916,7,191.0,0.41703792231633563,21,560.0
5860.0,25,381.0,6.145161290322581,5.782841236298744,17,403.0,0.30612613302523395,8,205.0,0.44513220973196077,25,608.0
5865.0,28,395.0,6.171875,4.660132613856236,17,440.0,0.26505881011549515,11,251.0,0.3453678444995236,28,691.0
5870.0,29,256.0,3.8208955223880596,3.557164278004559,17,471.0,0.2560399171162205,12,174.0,0.21475957858370684,29,645.0
5875.0,34,385.0,5.746268656716418,4.051583152783167,19,511.0,0.28751164831541703,15,178.0,0.1827899215514419,34,689.0
5880.0,34,395.0,5.72463768115942,3.5414381363533316,19,527.0,0.20550324415119248,15,204.0,0.19923581731867068,34,731.0
5885.0,33,386.0,5.594202898550725,4.465405190825278,24,569.0,0.16147718427536129,9,187.0,0.3048106054720605,33,756.0
5890.0,29,487.0,7.161764705882353,4.580471200636661,25,672.0,0.062389113171940985,4,154.0,0.44969714086454665,29,826.0
5895.0,29,562.0,7.805555555555555,4.883915955550711,21,753.0,0.132345138305572,8,126.0,0.29316565329166194,29,879.0
5900.0,33,534.0,7.416666666666667,4.935836210301277,20,734.0,0.16966642324153905,13,178.0,0.2926573152130408,33,912.0
5905.0,40,593.0,8.23611111111111,4.179708019271997,20,619.0,0.18184916219485633,20,262.0,0.20914962830370515,40,881.0
5910.0,35,671.0,9.867647058823529,3.8345111240294405,20,687.0,0.20239297578412616,15,269.0,0.2473427843639249,35,956.0
5915.0,31,698.0,10.115942028985508,4.6555175591326,19,761.0,0.24830338134725718,12,257.0,0.21330178205048428,31,1018.0
5920.0,25,564.0,8.294117647058824,4.863425692136906,16,711.0,0.18800094327057115,9,218.0,0.25813146886587657,25,929.0
5925.0,30,441.0,6.681818181818182,4.39867088613439,17,637.0,0.1326009183678324,13,251.0,0.2030880775077898,30,888.0
5930.0,31,319.0,5.063492063492063,3.7880857784279507,13,690.0,0.20923389899255443,18,276.0,0.20347501883050806,31,966.0
5935.0,33,392.0,6.32258064516129,3.976355942579418,14,731.0,0.23464405237523914,19,303.0,0.15231312915802434,33,1034.0
5940.0,33,483.0,8.05,3.713674170327576,15,796.0,0.15393701544740998,18,333.0,0.17422792708055218,33,1129.0
5945.0,26,339.0,5.467741935483871,4.938537320892009,16,767.0,0.20422866631891987,10,265.0,0.21070513522516748,26,1032.0
5950.0,26,375.0,6.048387096774194,4.52132211921115,18,790.0,0.14896764459121659,8,282.0,0.22149131629097485,26,1072.0
5955.0,32,394.0,6.566666666666666,4.012445997099179,16,766.0,0.16434586156851105,16,335.0,0.17910926209908265,32,1101.0
5960.0,32,455.0,7.338709677419355,4.629074722249815,15,763.0,0.26313537295602984,17,381.0,0.2141932610815891,32,1144.0
5965.0,31,473.0,8.155172413793103,4.645544464531753,15,735.0,0.2546144526298622,16,399.0,0.2862041705622908,31,1134.0
5970.0,32,493.0,8.35593220338983,3.628253448820403,13,608.0,0.2726256120798292,19,447.0,0.21932858533384458,32,1055.0
5975.0,31,431.0,6.841269841269841,3.673079946807707,12,660.0,0.29296081996466194,19,482.0,0.23990646955891903,31,1142.0
5980.0,36,584.0,8.588235294117647,3.6879258320496477,15,726.0,0.22193904335301642,21,582.0,0.27668294539345895,36,1308.0
5985.0,37,534.0,7.628571428571429,3.575000409842595,17,744.0,0.22215803296121478,20,573.0,0.25684363519646447,37,1317.0
5990.0,30,326.0,4.465753424657534,4.333315996858229,13,731.0,0.25250574826329525,17,441.0,0.19520316441555582,30,1172.0
5995.0,23,326.0,4.527777777777778,5.1311144652523275,13,757.0,0.20391933383478364,10,338.0,0.25576051230908436,23,1095.0
6000.0,27,357.0,5.1,4.96474653473368,14,699.0,0.11901843453048355,13,353.0,0.24795235101625362,27,1052.0
6005.0,32,355.0,5.220588235294118,4.075854373115782,17,581.0,0.18406238226381894,15,395.0,0.17223150289421554,32,976.0
6010.0,32,341.0,5.08955223880597,3.3320185080135403,13,564.0,0.24855136741835843,19,415.0,0.18805854991419585,32,979.0
6015.0,29,429.0,6.5,4.250283941101783,15,608.0,0.2828748675189618,14,381.0,0.25623976504972046,29,989.0
6020.0,31,408.0,6.0,4.358933006944395,15,637.0,0.22822007588048068,16,402.0,0.2760481412905441,31,1039.0
6025.0,30,362.0,5.402985074626866,4.132414376464733,15,630.0,0.19351834185106498,15,429.0,0.1885607561826171,30,1059.0
6030.0,37,415.0,6.484375,3.6152533747777547,16,619.0,0.2046430208828874,21,458.0,0.1571749162947244,37,1077.0
6035.0,35,516.0,7.818181818181818,3.708137899371269,15,645.0,0.2804183380593882,20,471.0,0.14976606028928457,35,1116.0
6040.0,31,540.0,8.059701492537313,4.299497864657046,16,699.0,0.25746938339128767,15,453.0,0.2519399832675386,31,1152.0
6045.0,31,561.0,8.25,4.429731936251054,17,769.0,0.20553434940009976,14,440.0,0.2686792603601218,31,1209.0
6050.0,33,586.0,8.492753623188406,4.073992496401392,16,709.0,0.2604930947037815,17,447.0,0.14120095576560113,33,1156.0
6055.0,33,543.0,7.869565217391305,4.047411325279589,13,520.0,0.3206304865704979,20,504.0,0.10113559516038222,33,1024.0
6060.0,28,495.0,7.071428571428571,4.5074369629724504,12,515.0,0.23449609884350978,16,524.0,0.23009176867324313,28,1039.0
6065.0,21,441.0,6.485294117647059,5.092045991663327,10,471.0,0.15818719734328385,11,489.0,0.3109954128257164,21,960.0
6070.0,24,421.0,6.790322580645161,5.334771145152912,13,469.0,0.25749955904105354,11,449.0,0.2929175286660197,24,918.0
6075.0,30,522.0,8.03076923076923,4.86687594637035,14,493.0,0.3057430177164736,16,469.0,0.16527658401931566,30,962.0
6080.0,32,436.0,7.032258064516129,4.251388794514225,14,448.0,0.28809977108345736,18,408.0,0.234402400147441,32,856.0
6085.0,29,408.0,6.375,4.774855511325423,14,336.0,0.24847459892111148,15,334.0,0.3725687680251476,29,670.0
6090.0,32,396.0,5.91044776119403,4.256585465806834,17,351.0,0.23991705294093504,15,359.0,0.3228724521919303,32,710.0
6095.0,29,418.0,6.2388059701492535,4.887774132578,17,394.0,0.18908721730610217,12,338.0,0.36383488440915485,29,732.0
6100.0,28,343.0,5.044117647058823,4.048338329356283,17,412.0,0.10950738517763649,11,287.0,0.28312978512745013,28,699.0
6105.0,27,286.0,3.9178082191780823,4.999161767485276,10,369.0,0.22575780375154353,17,300.0,0.22433215547124497,27,669.0
6110.0,27,274.0,3.859154929577465,4.890201925405543,7,320.0,0.35829612462320204,20,361.0,0.16816695774160625,27,681.0
6115.0,26,324.0,4.628571428571429,5.713781967734194,7,273.0,0.4101361625901982,19,428.0,0.23238839303990788,26,701.0
6120.0,30,380.0,5.588235294117647,4.326352066538487,10,279.0,0.295917116228022,20,457.0,0.18951222851804367,30,736.0
6125.0,24,341.0,5.014705882352941,5.190713228290867,8,260.0,0.37417786955477944,16,442.0,0.17168934584907544,24,702.0
6130.0,22,283.0,4.3538461538461535,4.952221865233257,9,202.0,0.3318178251958352,13,356.0,0.20382441339324403,22,558.0
6135.0,29,260.0,3.8805970149253732,4.654553705155874,15,170.0,0.3171081711863656,14,337.0,0.18456025789738717,29,507.0
6140.0,32,355.0,5.461538461538462,3.99780594009419,14,211.0,0.33051383984056004,18,376.0,0.16911061271544642,32,587.0
6145.0,28,417.0,6.223880597014926,4.487769694532474,11,233.0,0.3505611381824026,17,378.0,0.14758910175627607,28,611.0
6150.0,25,463.0,6.91044776119403,5.571446105105697,13,274.0,0.26794223793337946,12,367.0,0.25764260929879285,25,641.0
6155.0,26,441.0,6.485294117647059,5.726033637337669,13,275.0,0.24648684555459383,13,344.0,0.252778945401935,26,619.0
6160.0,26,487.0,7.609375,4.963261280732797,13,287.0,0.28048111716106533,13,386.0,0.22546889125916736,26,673.0
6165.0,28,433.0,6.765625,4.922076705609193,15,253.0,0.175992818580836,13,409.0,0.32153847949905945,28,662.0
6170.0,28,337.0,5.265625,5.090406827731383,16,251.0,0.23944540668397565,12,339.0,0.2708812301581743,28,590.0
6175.0,30,385.0,6.111111111111111,5.3931365507425335,14,252.0,0.31757778117247704,16,302.0,0.17962413596310683,30,554.0
6180.0,31,462.0,7.7,5.0046997333535295,15,265.0,0.2892117565612257,16,346.0,0.20327250522029647,31,611.0
6185.0,30,510.0,8.793103448275861,4.046366337506272,16,296.0,0.20717339537974216,14,374.0,0.23053616503640736,30,670.0
6190.0,30,533.0,9.189655172413794,3.2902651037902584,18,323.0,0.15894937300930698,12,395.0,0.2436789324623015,30,718.0
6195.0,23,470.0,7.833333333333333,4.104506746842338,13,329.0,0.17462402587259857,10,363.0,0.3147612130786311,23,692.0
6200.0,21,414.0,6.786885245901639,5.889472452591168,9,267.0,0.2129533417664422,12,392.0,0.38433479117490454,21,659.0
6205.0,20,273.0,4.265625,6.177893113020368,10,259.0,0.25276775749142466,10,322.0,0.27465985492200035,20,581.0
6210.0,27,294.0,4.819672131147541,5.483696052302002,14,305.0,0.20142823994164272,13,237.0,0.2335228582454951,27,542.0
6215.0,27,345.0,6.388888888888889,4.5536166937114695,14,316.0,0.26562898122348133,13,257.0,0.2612063782415514,27,573.0
6220.0,19,338.0,6.5,5.026110801713164,9,269.0,0.243860088859109,10,234.0,0.29524016436172523,19,503.0
6225.0,23,379.0,6.890909090909091,4.791705304631922,10,267.0,0.2708000406319437,13,246.0,0.20762405734944506,23,513.0
6230.0,23,357.0,6.2631578947368425,5.186753597183547,13,252.0,0.3257566970555467,10,262.0,0.2733618001592448,23,514.0
6235.0,22,305.0,5.350877192982456,5.528062873569965,13,216.0,0.31966868105787427,9,236.0,0.35202722954861115,22,452.0
6240.0,25,266.0,4.666666666666667,5.586651750534749,16,251.0,0.21607173142039757,9,177.0,0.44296682039144697,25,428.0
6245.0,22,313.0,5.396551724137931,6.073024676904498,13,270.0,0.2978048474919171,9,181.0,0.4229425881511665,22,451.0
6250.0,17,282.0,4.7,5.931266418405561,7,217.0,0.3765764645630629,10,213.0,0.2889927576141233,17,430.0
6255.0,16,306.0,5.464285714285714,5.74818160539457,7,195.0,0.33172296345895586,9,247.0,0.2578641170433186,16,442.0
6260.0,22,406.0,7.0,6.086073039115828,12,224.0,0.2685600243299446,10,293.0,0.31235420235942024,22,517.0
6265.0,25,497.0,8.875,5.099146954037301,13,241.0,0.31233361730154374,12,349.0,0.241170305676184,25,590.0
6270.0,19,426.0,7.607142857142857,5.889115083361148,8,214.0,0.3703172889285498,11,296.0,0.27172175267586535,19,510.0
6275.0,16,352.0,6.518518518518518,5.999049716420229,9,151.0,0.3101752682644856,7,271.0,0.38876271573819776,16,422.0
6280.0,24,332.0,6.264150943396227,4.597757579560738,15,171.0,0.22856523950559024,9,268.0,0.32826181840131247,24,439.0
6285.0,23,242.0,4.481481481481482,4.347434557199232,16,216.0,0.23426792867131513,7,215.0,0.3743834830633469,23,431.0
6290.0,22,295.0,5.267857142857143,4.8284245039175895,14,235.0,0.3323060564186416,8,233.0,0.27372909483203645,22,468.0
6295.0,21,281.0,4.844827586206897,5.323907203750853,11,236.0,0.32172123057365276,10,259.0,0.2198070632816394,21,495.0
6300.0,25,248.0,3.9365079365079363,5.453766165823546,15,229.0,0.2919795639741038,10,259.0,0.22811812557981392,25,488.0
6305.0,27,281.0,4.4603174603174605,5.659605594728423,17,244.0,0.280072007771869,10,298.0,0.35999123716130194,27,542.0
6310.0,25,316.0,5.096774193548387,5.541728786946606,15,274.0,0.3323292617643289,10,284.0,0.35133842471865967,25,558.0
6315.0,22,302.0,4.6461538461538465,4.937069327681196,13,305.0,0.2773417357976313,9,212.0,0.3434110923506159,22,517.0
6320.0,21,307.0,4.723076923076923,4.7864353246725715,13,303.0,0.22611860729644717,8,210.0,0.41063265047648717,21,513.0
6325.0,22,341.0,5.166666666666667,5.104956516391947,13,305.0,0.2002563279047757,9,228.0,0.3782276126591876,22,533.0
6330.0,30,428.0,6.6875,4.9003072417144296,22,302.0,0.09304670229115224,8,238.0,0.39152490013951974,30,540.0
6335.0,33,541.0,8.868852459016393,4.300175733688516,23,392.0,0.11722005689884056,10,241.0,0.3115245207236711,33,633.0
6340.0,28,422.0,6.698412698412699,4.095054882391827,18,439.0,0.12657256193964148,10,176.0,0.33460408434278327,28,615.0
6345.0,27,415.0,6.587301587301587,4.411665298332343,14,468.0,0.23347673294592927,13,131.0,0.31820246780706457,27,599.0
6350.0,22,384.0,6.4,5.291634763775917,11,448.0,0.30488867146810844,11,162.0,0.3132003047240389,22,610.0
6355.0,22,448.0,7.593220338983051,4.98428145179816,14,457.0,0.21470119273874574,8,151.0,0.1906898990633513,22,608.0
6360.0,24,479.0,7.852459016393443,4.44699425308224,17,501.0,0.12241356017391515,7,145.0,0.17473296569026775,24,646.0
6365.0,24,518.0,8.491803278688524,4.901145162231163,12,514.0,0.2186487612314304,12,155.0,0.2193758063791172,24,669.0
6370.0,23,407.0,7.017241379310345,5.1839570611020145,12,423.0,0.32586346455012544,11,201.0,0.26178980319062944,23,624.0
6375.0,22,361.0,6.224137931034483,5.26182133418965,10,343.0,0.3503492749048907,12,263.0,0.31728633207940915,22,606.0
6380.0,24,355.0,5.916666666666667,3.9386361293073073,13,371.0,0.1914614420134246,11,271.0,0.30735350548409135,24,642.0
6385.0,23,326.0,5.719298245614035,4.658234765904608,16,410.0,0.1422246251355864,7,219.0,0.344145085805132,23,629.0
6390.0,18,343.0,5.813559322033898,4.916879067163792,12,421.0,0.11380267084036375,6,202.0,0.35448340163476477,18,623.0
6395.0,22,248.0,4.203389830508475,6.155298272443397,17,483.0,0.17906652701433926,5,103.0,0.3856870372085307,22,586.0
6400.0,22,290.0,5.2727272727272725,5.761739674581255,15,494.0,0.2806900170319679,7,55.0,0.42392269809117544,22,549.0
6405.0,23,333.0,5.842105263157895,5.892445167983765,16,494.0,0.2955568977187916,7,72.0,0.38129423839148735,23,566.0
6410.0,26,399.0,6.879310344827586,4.822357557918038,14,515.0,0.2834740020799536,12,123.0,0.2265081432827441,26,638.0
6415.0,24,426.0,7.220338983050848,5.032742241843668,12,512.0,0.30415787487773804,12,170.0,0.2511093884398438,24,682.0
6420.0,25,430.0,7.413793103448276,4.871573832756372,12,487.0,0.26592656404895926,13,213.0,0.29375703365711997,25,700.0
6425.0,26,364.0,5.870967741935484,5.288983710047402,13,405.0,0.2546583490024444,13,281.0,0.3657872731664477,26,686.0
6430.0,22,300.0,4.6875,4.79268438523391,10,430.0,0.27908830748785457,12,273.0,0.3436502491491528,22,703.0
6435.0,16,192.0,3.096774193548387,6.0571698885896845,11,413.0,0.3008877119709653,5,182.0,0.4166037206759187,16,595.0
6440.0,22,278.0,4.34375,5.045410593553083,14,461.0,0.160229856068774,8,208.0,0.31463463793740076,22,669.0
6445.0,31,385.0,5.579710144927536,4.810211472517238,18,459.0,0.15919324047882416,13,259.0,0.3006921028536676,31,718.0
6450.0,26,421.0,6.2835820895522385,5.372157014465037,14,386.0,0.2796343028768705,12,261.0,0.38195641733938923,26,647.0
6455.0,21,354.0,5.205882352941177,5.645379692066241,9,367.0,0.3532435012329124,12,220.0,0.3487354329665171,21,587.0
6460.0,27,362.0,5.65625,5.319714842022232,11,342.0,0.2857783756565861,16,226.0,0.3560208210485237,27,568.0
6465.0,31,481.0,7.073529411764706,5.345857422134402,13,376.0,0.3157547325239566,18,266.0,0.3487844194982947,31,642.0
6470.0,33,493.0,7.042857142857143,5.086064763555461,13,375.0,0.34531738145815805,20,256.0,0.3310317987604548,33,631.0
6475.0,32,411.0,5.788732394366197,4.195450257857915,12,271.0,0.34209218986089784,20,319.0,0.24234813011200076,32,590.0
6480.0,33,368.0,4.906666666666666,3.871989605728095,11,233.0,0.3285012284769856,22,377.0,0.21149220222841583,33,610.0
6485.0,33,346.0,4.4935064935064934,4.0710412096106365,11,251.0,0.2734424170377862,22,383.0,0.24704481146280624,33,634.0
6490.0,34,366.0,4.6923076923076925,4.203674480190173,11,248.0,0.2759566641418137,23,416.0,0.20758379151933534,34,664.0
6495.0,29,266.0,3.325,4.2011279139651165,10,239.0,0.2209708434801373,19,411.0,0.18889480635855144,29,650.0
6500.0,31,307.0,3.8375,4.602016264059057,16,286.0,0.16793134996922196,15,446.0,0.23634500327369729,31,732.0
6505.0,35,417.0,5.415584415584416,4.398262986398488,16,319.0,0.23596604928723852,19,477.0,0.20905879020795817,35,796.0
6510.0,41,498.0,6.552631578947368,3.402524354146194,16,325.0,0.23007656633132145,25,551.0,0.15154432805568774,41,876.0
6515.0,41,549.0,7.223684210526316,3.5713603032487713,14,360.0,0.2524128642368166,27,616.0,0.17386904544018827,41,976.0
6520.0,36,546.0,7.0,3.8869363223889217,10,335.0,0.2988211397874214,26,678.0,0.17755632351072798,36,1013.0
6525.0,31,541.0,6.518072289156627,4.534159601048659,10,297.0,0.3237334155218295,21,661.0,0.1306071696820786,31,958.0
6530.0,31,629.0,7.8625,5.92274063957751,10,316.0,0.44797260525978216,21,655.0,0.17291499744567748,31,971.0
6535.0,28,691.0,8.974025974025974,5.472530293679309,10,330.0,0.3792901081016056,18,673.0,0.15591679906732434,28,1003.0
6540.0,35,788.0,10.233766233766234,4.823829392045591,17,366.0,0.2798214323226549,18,679.0,0.16271698332800102,35,1045.0
6545.0,35,810.0,11.571428571428571,3.7154521480058365,16,425.0,0.2566936928352178,19,708.0,0.1294708428225601,35,1133.0
6550.0,38,953.0,14.223880597014926,4.800167265717628,14,465.0,0.4097583917677468,24,750.0,0.07348181999992996,38,1215.0
6555.0,33,974.0,14.757575757575758,3.943726861844557,13,482.0,0.2904266590568915,20,801.0,0.09745194684792136,33,1283.0
6560.0,32,1034.0,14.771428571428572,4.900676385275575,16,481.0,0.21498372783198103,16,801.0,0.2533387148282198,32,1282.0
6565.0,30,942.0,14.71875,4.838285336414339,16,539.0,0.17502802658909547,14,696.0,0.35008184899755185,30,1235.0
6570.0,24,727.0,10.850746268656716,5.7492561373659,13,585.0,0.2807863159550415,11,590.0,0.28944300605953716,24,1175.0
6575.0,25,427.0,6.569230769230769,4.865195236036771,12,461.0,0.2749176159009697,13,569.0,0.15886018063415416,25,1030.0
6580.0,26,386.0,6.03125,4.964566724976002,13,257.0,0.2712856835813203,13,593.0,0.21229430704444882,26,850.0
6585.0,25,410.0,6.3076923076923075,4.788180710625186,11,276.0,0.19677566690887227,14,573.0,0.3038643948138805,25,849.0
6590.0,32,526.0,7.6231884057971016,5.206524939676262,16,313.0,0.19574468089074565,16,570.0,0.38145621378530964,32,883.0
6595.0,28,604.0,9.014925373134329,5.025086005539066,14,348.0,0.2976765874886108,14,564.0,0.3550014427440937,28,912.0
6600.0,30,709.0,10.426470588235293,4.079081212078011,14,372.0,0.3549580041546908,16,610.0,0.20932653626171363,30,982.0
6605.0,33,725.0,10.661764705882353,3.938279808304879,16,378.0,0.21142988865892698,17,658.0,0.23257119865166415,33,1036.0
6610.0,27,595.0,9.015151515151516,4.471586551428715,10,317.0,0.14584932689248883,17,655.0,0.23859657787270847,27,972.0
6615.0,27,401.0,6.265625,4.102349269256412,9,267.0,0.24777886549020492,18,590.0,0.09703733080537251,27,857.0
6620.0,32,412.0,6.5396825396825395,4.233209696086823,11,172.0,0.31029253368246706,21,608.0,0.11235088612888557,32,780.0
6625.0,30,441.0,7.35,4.0521509068376425,11,180.0,0.3005397676891814,19,593.0,0.1937775272975105,30,773.0
6630.0,23,438.0,7.3,4.443464118363777,8,159.0,0.3374727342272189,15,639.0,0.19643003289531033,23,798.0
6635.0,22,412.0,6.983050847457627,4.285864248421281,7,151.0,0.28236952178497654,15,645.0,0.15860957120066774,22,796.0
6640.0,26,303.0,5.05,4.603073242957079,11,177.0,0.3086924389841495,15,591.0,0.2304504102095345,26,768.0
6645.0,27,336.0,5.508196721311475,5.091281408592901,9,197.0,0.27815038810341786,18,520.0,0.3494658343559966,27,717.0
6650.0,22,387.0,6.241935483870968,5.5958729083961645,6,183.0,0.37121664312446107,16,557.0,0.293012821783188,22,740.0
6655.0,22,469.0,7.688524590163935,5.703761866162533,6,193.0,0.426987507761748,16,587.0,0.17223681099396182,22,780.0
6660.0,24,458.0,7.387096774193548,5.33055360941916,6,161.0,0.3533532230574798,18,559.0,0.14222746818650014,24,720.0
6665.0,32,547.0,8.82258064516129,4.975157609266358,9,203.0,0.33450210094887023,23,546.0,0.15197825343507176,32,749.0
6670.0,25,426.0,7.1,5.067814243790614,5,113.0,0.45130047791954037,20,562.0,0.22227425074646734,25,675.0
6675.0,27,386.0,6.225806451612903,5.271027754128927,8,75.0,0.44915825405525706,19,580.0,0.2591000488980278,27,655.0
6680.0,22,269.0,4.26984126984127,4.768223996790144,10,113.0,0.40358021436904407,12,550.0,0.2596843111511622,22,663.0
6685.0,28,275.0,4.166666666666667,4.701822694955038,15,173.0,0.3123524184283307,13,517.0,0.241900562957276,28,690.0
6690.0,32,336.0,4.8,3.7819736596669333,16,216.0,0.2549753373292168,16,558.0,0.1520228790764911,32,774.0
6695.0,35,459.0,6.464788732394366,4.21705864799471,13,254.0,0.30554215943869245,22,636.0,0.1345781360068954,35,890.0
6700.0,36,457.0,6.347222222222222,4.286755431493209,12,240.0,0.32235933149450086,24,665.0,0.21327260021414288,36,905.0
6705.0,29,416.0,5.777777777777778,4.751470751828241,10,175.0,0.31614912834290687,19,628.0,0.20493455629689225,29,803.0
6710.0,31,445.0,6.180555555555555,4.436249926482566,11,184.0,0.30786707255969026,20,613.0,0.19076157124678889,31,797.0
6715.0,30,469.0,6.424657534246576,4.730948873215292,14,196.0,0.20422717217443168,16,629.0,0.2921992459020529,30,825.0
6720.0,27,400.0,5.47945205479452,5.158965925042858,16,234.0,0.21040679168389545,11,589.0,0.34575655261517446,27,823.0
6725.0,34,525.0,7.094594594594595,4.2763497217954685,17,303.0,0.24139331665589375,17,607.0,0.24613563728328972,34,910.0
6730.0,34,600.0,8.108108108108109,4.165195730658883,14,332.0,0.2084058479763536,20,597.0,0.22573105017547235,34,929.0
6735.0,30,399.0,5.619718309859155,3.9480984520149383,10,302.0,0.27492314731066697,20,537.0,0.15282655588604743,30,839.0
6740.0,30,387.0,5.450704225352113,4.266611948724014,9,305.0,0.3403116178288417,21,478.0,0.12811472102532748,30,783.0
6745.0,34,322.0,4.535211267605634,3.6087038399164735,11,265.0,0.32769574975758287,23,559.0,0.10876335404944087,34,824.0
6750.0,38,458.0,6.273972602739726,3.7097183770893576,12,283.0,0.28641510679570736,26,667.0,0.15955093706489745,38,950.0
6755.0,33,462.0,6.328767123287672,3.5512036749765303,8,268.0,0.25319380477875214,25,696.0,0.1404779882161546,33,964.0
6760.0,29,354.0,4.657894736842105,4.608511360576029,11,278.0,0.26154999715626925,18,616.0,0.15163611888390802,29,894.0
6765.0,27,365.0,4.67948717948718,4.772285435233412,11,281.0,0.27435688782854845,16,625.0,0.13893385885151116,27,906.0
6770.0,37,392.0,5.0256410256410255,4.551782187612882,18,353.0,0.21934230731291668,19,600.0,0.17983712437130034,37,953.0
6775.0,33,403.0,5.302631578947368,4.175732478823205,18,418.0,0.222800161471075,15,597.0,0.25265146308418757,33,1015.0
6780.0,21,366.0,4.945945945945946,4.375757634285773,12,438.0,0.19129091170395116,9,510.0,0.2866760723299035,21,948.0
6785.0,25,374.0,5.123287671232877,4.6763970047596395,13,398.0,0.18432090523151073,12,506.0,0.32114870704205406,25,904.0
6790.0,32,364.0,4.918918918918919,4.530926126183274,12,392.0,0.21013385100401372,20,589.0,0.26768624104222527,32,981.0
6795.0,40,487.0,7.057971014492754,3.128697843543417,13,351.0,0.23202050680142164,27,652.0,0.1424909750918241,40,1003.0
6800.0,37,549.0,8.318181818181818,3.0918503988122623,12,346.0,0.2682333057568544,25,682.0,0.11013820562103323,37,1028.0
6805.0,31,502.0,7.382352941176471,3.2327981007804363,11,338.0,0.26058052952116534,20,748.0,0.10440009216516438,31,1086.0
6810.0,27,524.0,7.380281690140845,4.529724581208906,13,366.0,0.23704027991244497,14,741.0,0.20008372923067455,27,1107.0
6815.0,29,359.0,5.056338028169014,4.431391517394075,14,403.0,0.21229044128701752,15,647.0,0.2228708800236753,29,1050.0
6820.0,27,386.0,5.361111111111111,5.199465368053769,8,406.0,0.3285047722476379,19,555.0,0.2028232722449664,27,961.0
6825.0,30,392.0,5.681159420289855,4.642439094244776,6,319.0,0.4002312879235237,24,637.0,0.13884304990660976,30,956.0
6830.0,39,486.0,6.657534246575342,4.785634410116746,12,227.0,0.3998490723886878,27,724.0,0.1599564884939416,39,951.0
6835.0,37,585.0,8.125,3.8845277795902056,11,257.0,0.2950333572322486,26,777.0,0.16135285124001728,37,1034.0
6840.0,30,576.0,8.112676056338028,4.1208862488694855,7,274.0,0.30413375558603123,23,759.0,0.18493032695511044,30,1033.0
6845.0,28,498.0,6.821917808219178,3.8277988225562134,11,278.0,0.22862346968714609,17,767.0,0.18801907133815937,28,1045.0
6850.0,31,403.0,5.597222222222222,4.226535842150686,16,346.0,0.12716169761542698,15,687.0,0.2507578923242875,31,1033.0
6855.0,31,468.0,6.324324324324325,4.14731941170217,17,402.0,0.05652179520592002,14,638.0,0.2884110886109828,31,1040.0
6860.0,26,522.0,7.1506849315068495,5.164218081439875,9,414.0,0.19441440214671452,17,591.0,0.2674088794156972,26,1005.0
6865.0,27,371.0,5.013513513513513,4.900078604153686,7,323.0,0.3076031216300126,20,541.0,0.17920609692242162,27,864.0
6870.0,29,386.0,5.436619718309859,5.141127030656598,10,228.0,0.37059630190390985,19,586.0,0.21613693298308548,29,814.0
6875.0,32,412.0,6.0588235294117645,4.587180849495049,10,184.0,0.3468192105021177,22,651.0,0.22490392755040264,32,835.0
6880.0,34,458.0,6.735294117647059,3.977099638311803,11,156.0,0.31982077631770434,23,695.0,0.15888202101958188,34,851.0
6885.0,31,399.0,5.7,3.8667423661896936,10,157.0,0.237289182514314,21,691.0,0.1765967842547306,31,848.0
6890.0,24,388.0,5.315068493150685,4.473199047103286,4,112.0,0.35390809574187265,20,716.0,0.1675202068460371,24,828.0
6895.0,26,427.0,5.618421052631579,5.435197288691904,6,82.0,0.4371535483802396,20,689.0,0.20221516449661325,26,771.0
6900.0,25,445.0,6.013513513513513,4.944556788910759,4,69.0,0.46876092021781757,21,743.0,0.17488810466354504,25,812.0
6905.0,33,574.0,7.756756756756757,5.087824201391315,5,77.0,0.5436603326884364,28,821.0,0.1757700701442135,33,898.0
6910.0,36,444.0,6.3428571428571425,3.8302395625029524,7,84.0,0.3793042339313605,29,775.0,0.1780852573141565,36,859.0
6915.0,37,531.0,7.925373134328358,4.381512973266376,8,99.0,0.4426475110117063,29,730.0,0.15738065416108624,37,829.0
6920.0,38,606.0,9.181818181818182,3.8123320156259486,9,140.0,0.38206596526013575,29,776.0,0.0792242942412127,38,916.0
6925.0,33,465.0,7.5,3.846685045772579,9,130.0,0.2671215653674839,24,726.0,0.12084959481154632,33,856.0
6930.0,27,475.0,7.421875,4.817896834036616,11,176.0,0.1853234210363074,16,688.0,0.24317093455629718,27,864.0
6935.0,23,426.0,6.65625,5.09349390004701,9,178.0,0.269309604721183,14,693.0,0.24977157833598235,23,871.0
6940.0,26,481.0,7.515625,5.310784408745565,6,151.0,0.42935431783956124,20,724.0,0.189183099447459,26,875.0
6945.0,31,480.0,7.5,4.811715247268705,6,158.0,0.4391473253448223,25,733.0,0.16370718162128037,31,891.0
6950.0,30,407.0,6.564516129032258,4.908247513900637,6,163.0,0.4747933481398282,24,712.0,0.12986217893504634,30,875.0
6955.0,31,411.0,6.629032258064516,4.614467829255574,7,88.0,0.34317881325910543,24,709.0,0.1775325182242415,31,797.0
6960.0,27,461.0,7.683333333333334,4.947910770476349,7,105.0,0.41518248841110333,20,721.0,0.1758369166944089,27,826.0
6965.0,21,339.0,5.947368421052632,4.9712632481232895,6,113.0,0.3848429905836818,15,640.0,0.23349163617047203,21,753.0
6970.0,21,245.0,4.083333333333333,5.470826598759243,6,128.0,0.4030991944182921,15,604.0,0.23076590714041154,21,732.0
6975.0,23,259.0,4.17741935483871,5.5787784329582895,5,138.0,0.35287188086545224,18,557.0,0.2702657887019552,23,695.0
6980.0,27,339.0,5.380952380952381,5.588687099290777,6,149.0,0.4774725866999019,21,584.0,0.19822749022634567,27,733.0
6985.0,28,416.0,6.819672131147541,5.202444309467925,6,176.0,0.5160833097934994,22,603.0,0.16385585940962732,28,779.0
6990.0,28,480.0,7.5,4.33410914851609,8,208.0,0.3654138286414649,20,603.0,0.16385299954135177,28,811.0
6995.0,25,421.0,6.901639344262295,4.210663641672134,10,225.0,0.33606383002724644,15,484.0,0.17153883010238047,25,709.0
7000.0,30,427.0,6.671875,3.7776271529502,14,284.0,0.26857687447917017,16,510.0,0.1267148397852969,30,794.0
7005.0,29,353.0,5.515625,4.017578763960605,11,254.0,0.3241446274999201,18,512.0,0.06983727152617883,29,766.0
7010.0,32,366.0,6.0,4.170781686141565,11,176.0,0.3617586225292898,21,565.0,0.11066337620231434,32,741.0
7015.0,30,364.0,6.275862068965517,3.065894007895755,10,181.0,0.24960658647746206,20,612.0,0.1361575046901964,30,793.0
7020.0,30,359.0,6.189655172413793,3.2290168116253133,12,146.0,0.25883725745059627,18,593.0,0.09773477779316357,30,739.0
7025.0,24,338.0,6.1454545454545455,4.643445026243097,11,155.0,0.34575766469105573,13,515.0,0.12019443015441142,24,670.0
7030.0,22,366.0,7.176470588235294,4.585559944834285,11,164.0,0.24643708214427829,11,475.0,0.16767032903086934,22,639.0
7035.0,20,386.0,7.568627450980392,5.102387365636826,6,145.0,0.3598868978708546,14,478.0,0.1669783462246433,20,623.0
7040.0,21,371.0,7.729166666666667,4.688655970819188,8,125.0,0.39224489825760694,13,511.0,0.20411875883955477,21,636.0
7045.0,22,407.0,8.659574468085106,5.3273634517464625,9,117.0,0.4180123169231298,13,506.0,0.2594716053095875,22,623.0
7050.0,21,406.0,8.285714285714286,4.250140195314062,9,116.0,0.29423113227134146,12,489.0,0.26402115328124576,21,605.0
7055.0,23,455.0,8.75,4.654771266681464,15,182.0,0.23375009092610277,8,403.0,0.303899163560609,23,585.0
7060.0,16,186.0,3.875,5.436939740943252,12,201.0,0.1899578832829672,4,233.0,0.4642807396988403,16,434.0
7065.0,17,214.0,4.28,6.239042046239738,11,185.0,0.21408597567569354,6,124.0,0.40022082151420263,17,309.0
7070.0,20,175.0,3.6458333333333335,5.0945077476344585,12,182.0,0.19369780673016912,8,108.0,0.23015269385637632,20,290.0
7075.0,19,208.0,4.16,6.644214826954665,8,162.0,0.4055509172402438,11,141.0,0.24532043404336445,19,303.0
7080.0,18,240.0,4.8979591836734695,5.146738763665863,10,204.0,0.35617123578387244,8,154.0,0.23114970472084548,18,358.0
7085.0,20,285.0,6.333333333333333,6.028320227855342,15,270.0,0.3555071179633779,5,124.0,0.3666261966497486,20,394.0
7090.0,22,271.0,5.645833333333333,3.888808756740169,15,288.0,0.1861445987857239,7,113.0,0.2751321114317811,22,401.0
7095.0,18,299.0,6.229166666666667,4.801138976914965,10,290.0,0.2506429795435464,8,148.0,0.279245519676314,18,438.0
7100.0,20,171.0,3.6382978723404253,4.390771557302465,11,240.0,0.25365588616704254,9,123.0,0.2721209478240664,20,363.0
7105.0,22,256.0,5.12,5.188539520376697,12,227.0,0.25054675592896075,10,154.0,0.31455181491326933,22,381.0
7110.0,23,255.0,5.1,5.027008399458226,14,267.0,0.18487395763411207,9,137.0,0.40893301424877204,23,404.0
7115.0,20,297.0,5.60377358490566,5.977526278495556,16,332.0,0.12630404976911377,4,94.0,0.5058862946472461,20,426.0
7120.0,21,295.0,5.462962962962963,5.116509078848238,14,353.0,0.14503144998641626,7,102.0,0.39516940051883065,21,455.0
7125.0,17,280.0,5.185185185185185,6.550145549753068,6,307.0,0.36514170932594947,11,138.0,0.37870217562149894,17,445.0
7130.0,18,213.0,4.346938775510204,5.344431643577999,7,245.0,0.389762188193333,11,146.0,0.19736744058652755,18,391.0
7135.0,22,250.0,4.901960784313726,5.439378871338359,8,172.0,0.4206005772698329,14,206.0,0.17894020131671512,22,378.0
7140.0,20,252.0,5.04,4.52364274203417,10,168.0,0.32138663663016814,10,208.0,0.19689464844438329,20,376.0
7145.0,15,257.0,4.9423076923076925,6.128674284558177,9,148.0,0.3271173751309828,6,158.0,0.3285266668570213,15,306.0
7150.0,14,203.0,3.9038461538461537,6.748627963219439,10,180.0,0.3668069229315114,4,117.0,0.24520140800629173,14,297.0
7155.0,16,139.0,2.574074074074074,6.763186996202878,12,185.0,0.27984343774146925,4,54.0,0.3203235629039299,16,239.0
7160.0,17,172.0,3.6595744680851063,6.277426766739961,15,182.0,0.29800153606497537,2,53.0,0.45685100211004587,17,235.0
7165.0,15,170.0,3.6956521739130435,6.864836251661144,13,194.0,0.28601470418138725,2,36.0,0.6860314826479046,15,230.0
7170.0,16,212.0,4.711111111111111,5.793621961495701,12,192.0,0.19154416813843883,4,50.0,0.5116222043334603,16,242.0
7175.0,18,223.0,4.645833333333333,6.198020369345721,13,193.0,0.24546476346307894,5,69.0,0.46537904113001594,18,262.0
7180.0,18,250.0,5.0,6.567063580952558,12,180.0,0.27172824988363337,6,103.0,0.5011234626209344,18,283.0
7185.0,17,223.0,4.551020408163265,5.749314871783864,9,177.0,0.27204714039840333,8,139.0,0.46004155873498837,17,316.0
7190.0,15,153.0,3.122448979591837,5.6989710236942335,6,104.0,0.3532385746246339,9,133.0,0.3762948537847393,15,237.0
7195.0,17,173.0,3.392156862745098,5.508515260227723,9,111.0,0.3027299257965403,8,136.0,0.33948790324117345,17,247.0
7200.0,19,164.0,3.1538461538461537,5.777833683147095,8,122.0,0.37481142598049555,11,108.0,0.3394617071254637,19,230.0
