step,system_total_stopped,system_total_waiting_time,system_mean_waiting_time,system_mean_speed,J17_stopped,J17_accumulated_waiting_time,J17_average_speed,J18_stopped,J18_accumulated_waiting_time,J18_average_speed,agents_total_stopped,agents_total_accumulated_waiting_time
5.0,1,0.0,0.0,1.9321229427820072,0,0.0,1.0,1,0.0,0.136494675441473,1,0.0
10.0,0,0.0,0.0,7.3894936705280365,0,0.0,0.45754532438802675,0,0.0,0.6385224859791127,0,0.0
15.0,1,0.0,0.0,9.889277244126177,0,0.0,0.7870913983630976,1,0.0,0.6746792244393042,1,0.0
20.0,1,0.0,0.0,9.567840075284387,1,0.0,0.6708698220074897,0,0.0,0.7181473395590677,1,0.0
25.0,1,2.0,0.13333333333333333,8.098574601773752,0,0.0,0.6585561101041876,1,2.0,0.545984683837093,1,2.0
30.0,7,18.0,0.9,6.231682531523753,5,8.0,0.36607961573434117,2,10.0,0.5212639819185955,7,18.0
35.0,6,47.0,2.0434782608695654,7.476292979374549,3,23.0,0.5487925145875673,3,24.0,0.5173278366788253,6,47.0
40.0,7,58.0,2.230769230769231,6.75683844489516,3,25.0,0.48789904194347267,4,33.0,0.5062580177871567,7,58.0
45.0,10,101.0,3.4827586206896552,6.605530757296586,3,46.0,0.4418624735317825,7,64.0,0.4735996271386002,10,110.0
50.0,11,122.0,3.8125,5.461448810365279,5,66.0,0.3554450840806562,6,67.0,0.45142890379234246,11,133.0
55.0,12,144.0,4.5,6.120703846055896,4,57.0,0.5598145328043228,8,99.0,0.3468893520438991,12,156.0
60.0,10,122.0,3.588235294117647,5.780291323772009,4,71.0,0.47633614679442804,6,86.0,0.25943239031051113,10,157.0
65.0,10,127.0,3.4324324324324325,6.783108000037785,3,46.0,0.5343460724305454,7,90.0,0.2676723234687045,10,136.0
70.0,11,105.0,2.5609756097560976,6.64705049003064,6,64.0,0.4362941133220068,5,74.0,0.3946041428696593,11,138.0
75.0,13,163.0,4.075,7.09043648991257,6,93.0,0.38866628414840154,7,79.0,0.4697972695229093,13,172.0
80.0,12,184.0,4.487804878048781,5.95473153661818,7,106.0,0.253260356587796,5,93.0,0.49305423820382355,12,199.0
85.0,15,242.0,5.5,6.467196451801155,5,123.0,0.4140309436928943,10,125.0,0.3358572324143846,15,248.0
90.0,15,207.0,4.704545454545454,6.369132951519512,6,131.0,0.44365241299657704,9,107.0,0.31485141347559337,15,238.0
95.0,14,243.0,5.5227272727272725,7.658736351164152,5,148.0,0.5006110286060885,9,116.0,0.3558214886801583,14,264.0
100.0,12,115.0,2.6136363636363638,6.227277037492734,3,70.0,0.5073792163926137,9,133.0,0.26219978951398726,12,203.0
105.0,12,130.0,2.9545454545454546,7.2112331534299905,3,39.0,0.6642689420853545,9,125.0,0.33319338634029355,12,164.0
110.0,17,132.0,2.869565217391304,5.228382550263615,7,60.0,0.35122421275121657,10,125.0,0.3714406509563902,17,185.0
115.0,14,124.0,2.7555555555555555,6.099464224079616,7,61.0,0.31238673978454584,7,120.0,0.4738210231016973,14,181.0
120.0,10,87.0,2.0232558139534884,6.312249273995554,3,36.0,0.37076668368821475,7,107.0,0.38452601722083035,10,143.0
125.0,15,129.0,2.8666666666666667,6.018668369855375,3,45.0,0.48840268992603186,12,115.0,0.15065562373566888,15,160.0
130.0,16,178.0,3.9555555555555557,6.099262066338509,4,58.0,0.29939197404678636,12,153.0,0.19433747929817652,16,211.0
135.0,16,218.0,5.069767441860465,6.754726667061258,5,60.0,0.43423770435446385,11,179.0,0.17005084636268622,16,239.0
140.0,12,195.0,5.27027027027027,6.886216308709363,4,73.0,0.5276496191164117,8,162.0,0.2048736746049465,12,235.0
145.0,12,225.0,6.25,7.282747031795807,5,97.0,0.4829785644619508,7,150.0,0.23015615467190315,12,247.0
150.0,11,184.0,5.411764705882353,6.813969354450031,6,122.0,0.44047949701648764,5,99.0,0.40455042824680043,11,221.0
155.0,10,171.0,4.75,7.326539266003972,7,157.0,0.4652600335912132,3,57.0,0.43137394189612566,10,214.0
160.0,10,104.0,2.810810810810811,6.343032449190108,6,105.0,0.459594149339002,4,65.0,0.33837525713914807,10,170.0
165.0,14,113.0,2.825,6.406894011856788,7,71.0,0.4646388098824798,7,100.0,0.3451920258256095,14,171.0
170.0,16,189.0,4.846153846153846,5.1498022426174765,8,86.0,0.3019741333361107,8,139.0,0.39604688944054556,16,225.0
175.0,15,156.0,3.627906976744186,4.804132106125224,10,113.0,0.21427337749360054,5,124.0,0.4521003808872215,15,237.0
180.0,17,191.0,4.441860465116279,5.773749157490017,10,118.0,0.23247404365323257,7,109.0,0.4300031984970223,17,227.0
185.0,13,117.0,2.6,5.986739421373188,6,93.0,0.26202593025146886,7,90.0,0.3772853753520844,13,183.0
190.0,13,134.0,2.7916666666666665,7.064420959926348,6,73.0,0.3580094434600883,7,89.0,0.43250487079200717,13,162.0
195.0,16,189.0,4.2,6.96628817369504,7,92.0,0.4090005927571685,9,129.0,0.5102885982463354,16,221.0
200.0,14,238.0,5.409090909090909,5.998843660906744,7,123.0,0.4421591174576743,7,158.0,0.41350810072319355,14,281.0
205.0,17,256.0,6.095238095238095,5.438323853366059,7,121.0,0.3486271932820209,10,174.0,0.3861432246889001,17,295.0
210.0,15,222.0,5.285714285714286,5.482293418947523,7,110.0,0.276526996308811,8,158.0,0.28363218520789996,15,268.0
215.0,14,278.0,6.465116279069767,6.280137778611155,6,140.0,0.2808579912640732,8,165.0,0.2257202936524872,14,305.0
220.0,15,288.0,6.545454545454546,6.597519165755522,6,112.0,0.4776357452561964,9,199.0,0.14108802229045822,15,311.0
225.0,16,322.0,7.318181818181818,6.664183164884729,7,133.0,0.5172084607523622,9,228.0,0.2751836923639537,16,361.0
230.0,14,373.0,8.28888888888889,6.249142416874917,6,162.0,0.4874951335022669,8,236.0,0.37344884631439373,14,398.0
235.0,15,241.0,4.82,6.166967879545002,8,200.0,0.4597001870166735,7,144.0,0.3987678815087593,15,344.0
240.0,17,318.0,6.235294117647059,7.055412121797785,12,259.0,0.4507522514564266,5,97.0,0.5341885263447745,17,356.0
245.0,17,294.0,5.345454545454546,4.952469457732289,13,305.0,0.29164553235819385,4,69.0,0.3462648171398039,17,374.0
250.0,18,349.0,6.345454545454546,5.389137534619341,12,328.0,0.3139009014223125,6,63.0,0.2014069939730284,18,391.0
255.0,21,249.0,4.15,5.069193811104679,13,263.0,0.2580150839264501,8,85.0,0.19025757912623245,21,348.0
260.0,26,332.0,5.533333333333333,5.810143148874393,19,249.0,0.27701836435279176,7,114.0,0.3682065879949014,26,363.0
265.0,24,302.0,5.033333333333333,5.589857407641636,18,244.0,0.30708000551741454,6,141.0,0.41633258823585617,24,385.0
270.0,26,364.0,5.777777777777778,5.464132471511126,19,241.0,0.27749343986249775,7,170.0,0.40478227096353286,26,411.0
275.0,22,304.0,4.537313432835821,5.2547184363578765,15,278.0,0.21425832009236118,7,130.0,0.45225358895314116,22,408.0
280.0,20,232.0,3.462686567164179,6.004523402940275,14,271.0,0.25674855058511414,6,98.0,0.48522447817474745,20,369.0
285.0,26,261.0,3.838235294117647,5.264022160215667,16,314.0,0.310484410930417,10,113.0,0.2893703252772975,26,427.0
290.0,33,394.0,5.628571428571429,5.090544664849943,21,373.0,0.23673198533127474,12,165.0,0.2830783059190648,33,538.0
295.0,33,469.0,6.897058823529412,4.66489982867315,22,428.0,0.18656172574759722,11,189.0,0.37144869846697637,33,617.0
300.0,24,504.0,7.875,5.2771610226886985,17,436.0,0.20074283407073776,7,176.0,0.43866749902921515,24,612.0
305.0,23,382.0,6.063492063492063,4.578410788188664,16,452.0,0.16749787376165315,7,130.0,0.23812532439442252,23,582.0
310.0,30,408.0,6.375,4.706892060643716,20,444.0,0.21299102551018018,10,132.0,0.14027458404781212,30,576.0
315.0,32,499.0,7.920634920634921,3.994993421605817,22,510.0,0.21580693478730284,10,155.0,0.22356190923259497,32,665.0
320.0,25,574.0,9.566666666666666,5.052478130251769,17,542.0,0.20285364173599715,8,169.0,0.3731766801927415,25,711.0
325.0,22,543.0,9.203389830508474,5.301247187173237,14,511.0,0.2197164753827617,8,209.0,0.4140270742508438,22,720.0
330.0,26,423.0,6.714285714285714,5.219251658026424,17,478.0,0.19218164468924956,9,254.0,0.34129168100647955,26,732.0
335.0,23,337.0,5.524590163934426,4.760446447499635,15,485.0,0.2109614682421294,8,267.0,0.29253620644744277,23,752.0
340.0,29,439.0,7.701754385964913,5.016574550966265,20,525.0,0.24073150859447448,9,261.0,0.36483517270659,29,786.0
345.0,24,321.0,5.631578947368421,4.617754086002872,18,576.0,0.2241045526504503,6,163.0,0.4199720206929573,24,739.0
350.0,19,301.0,5.574074074074074,5.358198466259667,13,570.0,0.20790264599138436,6,105.0,0.4647011365586282,19,675.0
355.0,19,209.0,3.732142857142857,4.456341643969908,14,525.0,0.22875064033294884,5,71.0,0.24335216777340846,19,596.0
360.0,23,243.0,4.05,5.166855736652812,15,522.0,0.2727584603680889,8,76.0,0.36213934000436854,23,598.0
365.0,23,275.0,4.583333333333333,4.87132216018483,17,559.0,0.3071049193942221,6,81.0,0.4538031463732754,23,640.0
370.0,18,305.0,5.083333333333333,5.266518564760668,14,559.0,0.22221854366825156,4,47.0,0.5184356412615627,18,606.0
375.0,22,393.0,6.140625,5.301954190146219,16,613.0,0.21587607393801736,6,62.0,0.36759086455016693,22,675.0
380.0,30,428.0,6.294117647058823,5.646282054375969,20,606.0,0.24563710442008443,10,101.0,0.3484877251018083,30,707.0
385.0,28,308.0,4.7384615384615385,4.5675353172225694,21,522.0,0.19559944827916764,7,99.0,0.3745665670329947,28,621.0
390.0,26,266.0,3.8550724637681157,4.645622881718513,18,546.0,0.2147049889615475,8,105.0,0.4309422567337772,26,651.0
395.0,29,344.0,4.9855072463768115,4.672574597527873,24,609.0,0.24651290941754786,5,89.0,0.3906555574055864,29,698.0
400.0,31,388.0,5.388888888888889,4.858594849535257,26,695.0,0.20637066685567337,5,64.0,0.47539893320494386,31,759.0
405.0,29,373.0,5.405797101449275,4.797525258751807,24,735.0,0.12902800911918913,5,67.0,0.47294071388102843,29,802.0
410.0,26,373.0,5.828125,4.703640695660804,19,739.0,0.17955924985948496,7,97.0,0.381681751281042,26,836.0
415.0,25,351.0,5.571428571428571,4.280638435159974,19,721.0,0.18113537377911257,6,125.0,0.1613737653935068,25,846.0
420.0,31,457.0,7.253968253968254,3.910200088345307,22,784.0,0.18209545567573374,9,158.0,0.24643834597207004,31,942.0
425.0,25,504.0,8.0,4.829195637019469,19,802.0,0.18678781808875888,6,162.0,0.3978224439148538,25,964.0
430.0,23,484.0,7.806451612903226,5.35717449745268,18,736.0,0.1663664614077095,5,159.0,0.5201031612679261,23,895.0
435.0,25,424.0,6.950819672131147,5.0149646587704035,20,635.0,0.11475245517100295,5,187.0,0.4276311061126278,25,822.0
440.0,27,373.0,6.431034482758621,4.192198419089549,21,696.0,0.0679567781857518,6,168.0,0.4323217413711844,27,864.0
445.0,22,421.0,7.258620689655173,5.001862003133397,16,726.0,0.11701954965772801,6,193.0,0.5094939538230879,22,919.0
450.0,19,280.0,5.185185185185185,5.3337438864654665,17,719.0,0.21920829280956033,2,72.0,0.49091057155857887,19,791.0
455.0,21,230.0,4.2592592592592595,5.243242270221776,17,696.0,0.24072273163578733,4,27.0,0.45193821847641613,21,723.0
460.0,26,332.0,6.264150943396227,5.1374733872678995,20,710.0,0.2247628070910278,6,56.0,0.5084259315100528,26,766.0
465.0,25,369.0,6.833333333333333,4.3163900467386815,21,723.0,0.13083415989816463,4,55.0,0.5177692181157506,25,778.0
470.0,28,383.0,6.839285714285714,3.97678783429382,21,680.0,0.13429348803236102,7,62.0,0.37578053667828887,28,742.0
475.0,27,327.0,5.7368421052631575,4.5440852895259125,19,664.0,0.17664868112517834,8,81.0,0.41762849182091233,27,745.0
480.0,29,428.0,7.016393442622951,5.031404291103643,22,712.0,0.0765428627279213,7,105.0,0.46388261962129024,29,817.0
485.0,29,380.0,6.129032258064516,4.654713347894952,21,746.0,0.14862340871875288,8,94.0,0.3631829168251221,29,840.0
490.0,25,272.0,4.25,5.707692783067177,13,679.0,0.27286386391538686,12,101.0,0.309532033109603,25,780.0
495.0,21,261.0,4.209677419354839,5.479335081703418,10,588.0,0.3224604552269969,11,138.0,0.2900775734995197,21,726.0
500.0,24,302.0,4.870967741935484,5.318762260175106,11,481.0,0.3354357022017713,13,187.0,0.30314421872994274,24,668.0
505.0,22,315.0,5.163934426229508,4.851404640806083,11,460.0,0.34087351978477765,11,207.0,0.2648824212758265,22,667.0
510.0,20,328.0,5.2063492063492065,5.2593080437319735,11,407.0,0.24351517421316504,9,191.0,0.325377361106462,20,598.0
515.0,19,195.0,3.0,5.0225068083292825,12,388.0,0.2520133597221167,7,155.0,0.2666734457471199,19,543.0
520.0,29,260.0,3.823529411764706,5.239108630374578,17,333.0,0.2691732501728756,12,130.0,0.2826455097066636,29,463.0
525.0,31,347.0,5.17910447761194,4.843954508564721,22,391.0,0.26434731522437377,9,143.0,0.3433691258368386,31,534.0
530.0,23,389.0,6.274193548387097,5.089984522590829,15,412.0,0.23746967948702136,8,135.0,0.36822335148384355,23,547.0
535.0,23,343.0,5.716666666666667,4.777783366336962,15,410.0,0.21148215831849237,8,131.0,0.23882464824856983,23,541.0
540.0,24,368.0,6.237288135593221,4.601647029812917,17,401.0,0.14872977483329153,7,135.0,0.30135924418055615,24,536.0
545.0,26,405.0,7.5,4.425403695857317,21,394.0,0.12899309591376623,5,150.0,0.47361130587488776,26,544.0
550.0,25,386.0,7.0181818181818185,5.128087285459394,19,377.0,0.15719397122445097,6,173.0,0.5101542431856637,25,550.0
555.0,21,366.0,6.535714285714286,5.025402231606159,18,420.0,0.12830817069052713,3,169.0,0.5275853963977116,21,589.0
560.0,26,425.0,8.018867924528301,4.63884834558514,19,466.0,0.17104516372098108,7,178.0,0.4969485961503966,26,644.0
565.0,26,435.0,7.767857142857143,3.8982636697134723,19,503.0,0.19766399765750944,7,203.0,0.3651959488405078,26,706.0
570.0,20,396.0,6.711864406779661,5.419054942254273,14,463.0,0.21776453485975794,6,215.0,0.4111773340023808,20,678.0
575.0,20,458.0,7.762711864406779,6.369614465727908,12,414.0,0.22921357547913726,8,245.0,0.4855205646496487,20,659.0
580.0,23,488.0,7.870967741935484,6.078262424070269,14,380.0,0.24632148161200018,9,291.0,0.37302493578717016,23,671.0
585.0,22,525.0,8.898305084745763,5.633071506699972,12,391.0,0.269309570166017,10,322.0,0.3615300988906483,22,713.0
590.0,26,645.0,11.517857142857142,5.035321452699294,15,423.0,0.2853758139687184,11,379.0,0.3126936775280941,26,802.0
595.0,27,383.0,6.383333333333334,4.6945621506672754,16,389.0,0.20191426467187626,11,264.0,0.3517371968628541,27,653.0
600.0,21,369.0,6.15,6.078507539964554,12,342.0,0.32286172092128274,9,205.0,0.3807469247823208,21,547.0
605.0,27,387.0,6.142857142857143,4.901177729141727,12,329.0,0.24026210163926318,15,240.0,0.32693687841613817,27,569.0
610.0,22,280.0,4.242424242424242,5.239871387637859,10,261.0,0.27282165207924797,12,216.0,0.33416290108933133,22,477.0
615.0,26,312.0,4.656716417910448,5.009387449571714,11,243.0,0.32854020955967767,15,189.0,0.23847147259790902,26,432.0
620.0,28,247.0,3.742424242424242,5.093586764048956,11,198.0,0.3259678556005723,17,217.0,0.25383464464190897,28,415.0
625.0,25,248.0,3.8153846153846156,4.600169829348636,14,230.0,0.15354045176503864,11,202.0,0.33493571373351677,25,432.0
630.0,27,343.0,5.622950819672131,5.072326291821045,13,266.0,0.1838180896817485,14,208.0,0.3296124923407027,27,474.0
635.0,25,320.0,5.161290322580645,4.793912317310873,11,294.0,0.18843947275192788,14,208.0,0.19603325623048035,25,502.0
640.0,28,397.0,6.508196721311475,5.02154032868083,15,347.0,0.24297999415510166,13,212.0,0.26181981039471225,28,559.0
645.0,25,309.0,5.237288135593221,4.732261506221221,9,317.0,0.33628882950216893,16,252.0,0.2828107771304172,25,569.0
650.0,24,350.0,5.932203389830509,4.894888075816286,8,260.0,0.4393733491872829,16,288.0,0.26769950589499003,24,548.0
655.0,32,346.0,5.492063492063492,3.94347074547403,10,244.0,0.26446815166590193,22,323.0,0.24113036808816216,32,567.0
660.0,37,457.0,6.720588235294118,3.9651116177594083,15,206.0,0.22510972649982686,22,370.0,0.24823526389032816,37,576.0
665.0,36,431.0,6.246376811594203,3.9541978876781725,13,223.0,0.3126788410944932,23,413.0,0.22516109552187075,36,636.0
670.0,23,317.0,4.594202898550725,4.196777946961645,6,199.0,0.2799547523186731,17,396.0,0.18745626634632126,23,595.0
675.0,23,283.0,3.9859154929577465,4.161056959957764,6,196.0,0.2320653240658458,17,404.0,0.1611449755617971,23,600.0
680.0,26,230.0,3.026315789473684,4.794806240691099,12,239.0,0.23952012663332925,14,370.0,0.21448774642501073,26,609.0
685.0,29,293.0,3.9594594594594597,4.7255113297805265,15,269.0,0.2826919156101494,14,370.0,0.23507084429931405,29,639.0
690.0,27,317.0,4.594202898550725,4.571262154687662,10,263.0,0.24726045155500034,17,350.0,0.2059032628832194,27,613.0
695.0,22,379.0,5.656716417910448,4.99852303388375,8,259.0,0.2927951858623958,14,362.0,0.21242438247418838,22,621.0
700.0,21,286.0,4.144927536231884,5.77708279448636,8,198.0,0.3330192755410702,13,325.0,0.2804891904320974,21,523.0
705.0,30,310.0,4.492753623188406,4.862120451438805,15,143.0,0.2779794795214742,15,350.0,0.2722001680895986,30,493.0
710.0,30,387.0,5.776119402985074,4.660863912945329,13,186.0,0.29834197645732924,17,385.0,0.2999759439538396,30,571.0
715.0,27,316.0,4.450704225352113,4.177047211029529,10,189.0,0.3408158132677052,17,373.0,0.1254110251378604,27,562.0
720.0,26,343.0,4.9,4.600807910743106,6,178.0,0.3718401295851938,20,381.0,0.11114543325797926,26,559.0
725.0,31,410.0,5.694444444444445,4.464285058889021,11,194.0,0.30121790738317133,20,410.0,0.10093305683283907,31,604.0
730.0,37,490.0,6.901408450704225,3.7063429456836787,19,239.0,0.22184003652429615,18,417.0,0.11154631311854452,37,656.0
735.0,31,476.0,6.8,4.330285065353077,15,268.0,0.2978373190199074,16,424.0,0.10613649051814723,31,692.0
740.0,24,353.0,4.902777777777778,5.086718843123281,12,287.0,0.28253146679112434,12,344.0,0.21593465106934376,24,631.0
745.0,15,236.0,3.232876712328767,6.396166438972033,10,240.0,0.29660321384288285,5,249.0,0.4062853296375444,15,489.0
750.0,22,275.0,3.8732394366197185,6.565204367604856,15,222.0,0.21136590628651641,7,217.0,0.4629273762806084,22,439.0
755.0,27,298.0,4.447761194029851,5.500611356873522,19,279.0,0.14841220317852719,8,204.0,0.41983707439577006,27,483.0
760.0,26,356.0,5.836065573770492,4.533766568596829,13,304.0,0.17063231076457008,13,192.0,0.2774156089444745,26,496.0
765.0,30,417.0,7.067796610169491,3.7834390585828164,17,352.0,0.21049099620100645,13,213.0,0.1657353900249482,30,565.0
770.0,34,535.0,8.916666666666666,4.211988956678139,19,414.0,0.17690869645736904,15,253.0,0.18498938857819608,34,667.0
775.0,32,509.0,8.627118644067796,3.685403120757601,18,411.0,0.17119295007931237,14,277.0,0.19626724459545522,32,688.0
780.0,29,552.0,8.903225806451612,4.9726760715413745,19,433.0,0.1699344937781115,10,260.0,0.30862772527128923,29,693.0
785.0,25,357.0,5.492307692307692,5.4869931885789365,20,421.0,0.1585549739587675,5,187.0,0.46809680778219237,25,608.0
790.0,23,346.0,5.323076923076923,6.632028106785034,16,416.0,0.2987276326509535,7,114.0,0.5058699610082276,23,530.0
795.0,23,327.0,5.274193548387097,5.437215392575531,14,422.0,0.3823482008436002,9,125.0,0.3422609744208909,23,547.0
800.0,20,239.0,3.734375,5.417468445430955,10,335.0,0.3413715328433423,10,125.0,0.25708074254168267,20,460.0
805.0,26,332.0,4.811594202898551,5.115886593092886,14,284.0,0.2704167701565576,12,168.0,0.15908744238302583,26,452.0
810.0,31,471.0,6.541666666666667,5.740080898708161,15,334.0,0.30004540803226226,16,232.0,0.1915626495066541,31,566.0
815.0,26,461.0,6.984848484848484,6.047574590724293,13,327.0,0.35485125256018657,13,285.0,0.2794040811082835,26,612.0
820.0,25,541.0,8.453125,6.013993466588397,13,303.0,0.2846991056693007,12,322.0,0.35003577941483904,25,625.0
825.0,24,418.0,6.852459016393443,5.216495426532276,14,291.0,0.15337555512074583,10,287.0,0.3159417250821887,24,578.0
830.0,26,448.0,7.466666666666667,5.601013393647557,14,296.0,0.21962967929106902,12,222.0,0.3079975872213452,26,518.0
835.0,26,408.0,6.915254237288136,5.227494756188209,13,243.0,0.23467325743472203,13,272.0,0.29943805552866726,26,515.0
840.0,23,275.0,4.661016949152542,5.753882649481114,9,162.0,0.3503418355611798,14,238.0,0.3162803375980144,23,400.0
845.0,20,195.0,3.25,5.096898216713317,10,150.0,0.3261864980029981,10,170.0,0.29730709485749085,20,320.0
850.0,18,178.0,2.918032786885246,6.1778559430753885,7,131.0,0.3809758644274797,11,174.0,0.344162025510717,18,305.0
855.0,17,214.0,3.5081967213114753,7.0106698137991685,9,160.0,0.4054710334334608,8,157.0,0.33021655688899976,17,317.0
860.0,14,217.0,3.557377049180328,5.902390485340403,6,148.0,0.3250225002816033,8,155.0,0.20101757198955303,14,303.0
865.0,22,304.0,5.333333333333333,6.123241284250646,9,168.0,0.41929711167221867,13,184.0,0.20726174707228204,22,352.0
870.0,25,323.0,5.767857142857143,5.538797382651552,10,160.0,0.3806068261234384,15,215.0,0.22163465712133892,25,375.0
875.0,19,373.0,7.173076923076923,5.1323177570235705,12,212.0,0.21124422116134928,7,220.0,0.27995186308080755,19,432.0
880.0,19,219.0,4.294117647058823,4.861442796701183,13,186.0,0.10987752441729659,6,150.0,0.3744668481918747,19,336.0
885.0,23,320.0,6.4,5.389689304244898,13,201.0,0.209819210562653,10,157.0,0.3806382931251619,23,358.0
890.0,22,304.0,5.846153846153846,5.312990805427649,10,209.0,0.24533178618228277,12,190.0,0.3348545654784958,22,399.0
895.0,11,187.0,3.816326530612245,6.48201755070797,2,111.0,0.34135443758472445,9,191.0,0.36047742028615803,11,302.0
900.0,12,142.0,3.021276595744681,6.207710095097029,4,75.0,0.3282705734755483,8,160.0,0.2416737260569252,12,235.0
905.0,16,131.0,2.62,6.7352736246228995,5,72.0,0.43534123268267827,11,119.0,0.22195035662372986,16,191.0
910.0,15,123.0,2.617021276595745,6.300808753587072,6,87.0,0.4121478762009182,9,137.0,0.3014569457353095,15,224.0
915.0,16,185.0,3.9361702127659575,6.3398009159152755,4,88.0,0.4231137373062396,12,166.0,0.32825343437291127,16,254.0
920.0,16,196.0,4.558139534883721,5.479681586382206,6,106.0,0.33401973036262433,10,189.0,0.3850549007711955,16,295.0
925.0,17,230.0,5.2272727272727275,5.836846271536288,7,135.0,0.37246670424104217,10,180.0,0.3270642078116188,17,315.0
930.0,19,244.0,5.4222222222222225,4.507280382099518,7,140.0,0.23772448191165965,12,187.0,0.24403018755209693,19,327.0
935.0,20,268.0,5.702127659574468,5.532461369360921,7,149.0,0.3081340181116941,13,198.0,0.2827050075985722,20,347.0
940.0,19,248.0,5.276595744680851,4.980151046844963,7,175.0,0.38293590003107447,12,192.0,0.2094480977393753,19,367.0
945.0,18,286.0,5.72,5.733671872016565,6,191.0,0.5003342079608655,12,192.0,0.21302629505872428,18,383.0
950.0,20,310.0,5.961538461538462,6.20502147171533,7,216.0,0.4082663549692844,13,206.0,0.34565675325760997,20,422.0
955.0,16,319.0,6.254901960784314,6.574612211834247,9,255.0,0.35879173007198684,7,165.0,0.4197304482928805,16,420.0
960.0,18,334.0,6.549019607843137,5.224398982508269,9,272.0,0.32717344376825214,9,173.0,0.24109402177711467,18,445.0
965.0,22,386.0,7.877551020408164,4.8864672574578645,8,291.0,0.3565469441827958,14,178.0,0.0798517415683487,22,469.0
970.0,25,469.0,9.770833333333334,4.19959037299805,10,329.0,0.31607998966454837,15,211.0,0.026776907987114868,25,540.0
975.0,16,262.0,5.24,5.549672168003401,7,200.0,0.28931564005161287,9,211.0,0.20777002813924464,16,411.0
980.0,14,198.0,3.96,6.417966304917529,5,117.0,0.4337291964595281,9,178.0,0.3202287474193303,14,295.0
985.0,17,254.0,5.08,7.188983171330798,7,133.0,0.44753908086295824,10,180.0,0.4289570200568081,17,313.0
990.0,13,153.0,3.06,6.464137547059635,5,69.0,0.4772378724000659,8,162.0,0.390927884351397,13,231.0
995.0,18,228.0,4.56,6.509779374343567,8,105.0,0.47714358622058045,10,185.0,0.334165053530219,18,290.0
1000.0,17,176.0,3.3846153846153846,5.117232638650416,7,102.0,0.3705565605396897,10,185.0,0.3036725224794599,17,287.0
1005.0,11,172.0,3.185185185185185,6.426054724233887,5,80.0,0.4037313016400582,6,148.0,0.3555327448588489,11,228.0
1010.0,14,156.0,2.943396226415094,6.369662709186668,6,95.0,0.35790473817850244,8,130.0,0.26602813730161134,14,225.0
1015.0,22,224.0,4.0,6.513830167301955,8,130.0,0.3646422832542324,14,122.0,0.17878992366212906,22,252.0
1020.0,19,204.0,3.923076923076923,6.108202859349252,6,103.0,0.46464915038721033,13,153.0,0.1377138713472811,19,256.0
1025.0,19,283.0,5.66,6.715650064654267,6,105.0,0.4737965137940037,13,212.0,0.22724084492415988,19,317.0
1030.0,16,264.0,5.5,6.4818620013340125,6,103.0,0.4556341439847073,10,218.0,0.37000260401468427,16,321.0
1035.0,20,351.0,7.3125,6.310958388157467,9,145.0,0.43319065736670465,11,249.0,0.3508913502777908,20,394.0
1040.0,14,281.0,5.854166666666667,5.73859560261118,5,150.0,0.3986857491476211,9,231.0,0.3544048626883539,14,381.0
1045.0,9,169.0,3.5208333333333335,7.1114342750491515,7,163.0,0.4286440340096094,2,124.0,0.38768810329438996,9,287.0
1050.0,11,221.0,4.604166666666667,7.256846654923197,7,194.0,0.30489919802487575,4,48.0,0.4673309165896163,11,242.0
1055.0,12,230.0,4.509803921568627,6.646965723631424,7,215.0,0.33533173507157965,5,51.0,0.19917086669760875,12,266.0
1060.0,16,297.0,5.711538461538462,7.11625344189393,6,228.0,0.4943552323038027,10,87.0,0.23199980343235177,16,315.0
1065.0,14,269.0,5.38,6.6763210326629965,6,225.0,0.4818853221861481,8,92.0,0.3355173258231238,14,317.0
1070.0,16,340.0,7.083333333333333,6.816409860173029,7,244.0,0.4616524101613829,9,114.0,0.405759855116001,16,358.0
1075.0,16,148.0,2.96,5.5446816152012275,8,121.0,0.19938862507561314,8,118.0,0.4425774288289232,16,239.0
1080.0,18,190.0,3.8,6.035510163727533,13,121.0,0.10532526963298176,5,99.0,0.5208005488033257,18,220.0
1085.0,17,153.0,3.0,5.047480152637005,12,138.0,0.1420711593341327,5,73.0,0.3246274448270425,17,211.0
1090.0,20,219.0,4.38,6.396071659836864,8,132.0,0.29804309624343706,12,118.0,0.2748623772150525,20,250.0
1095.0,21,252.0,5.361702127659575,5.279849197012814,8,153.0,0.3144542482694632,13,153.0,0.1303917565420246,21,306.0
1100.0,18,305.0,6.354166666666667,5.745098854562404,6,153.0,0.3776330668283705,12,208.0,0.19743706663253563,18,361.0
1105.0,16,192.0,4.085106382978723,5.275479993315144,7,116.0,0.3270301455616614,9,195.0,0.33026154500741917,16,311.0
1110.0,17,228.0,5.066666666666666,5.931574130644732,9,134.0,0.3658528444639158,8,185.0,0.4488076951254608,17,319.0
1115.0,18,151.0,3.0816326530612246,4.955792853938968,10,144.0,0.3524562727058312,8,151.0,0.2525097737530343,18,295.0
1120.0,12,115.0,2.3469387755102042,6.972727603820048,9,147.0,0.38591779045668473,3,60.0,0.3773474591676427,12,207.0
1125.0,15,178.0,3.869565217391304,7.433828043486837,11,178.0,0.29607567269318974,4,50.0,0.40054914343931686,15,228.0
1130.0,13,162.0,3.5217391304347827,6.594482557428371,11,192.0,0.2753435832043315,2,41.0,0.2048013425142448,13,233.0
1135.0,13,168.0,4.097560975609756,6.43505009471194,8,185.0,0.3357751517967903,5,48.0,0.37352193450611004,13,233.0
1140.0,11,135.0,3.75,6.680137112823128,9,176.0,0.38112157620057524,2,20.0,0.6522375884216682,11,196.0
1145.0,12,147.0,4.2,6.340070554284137,10,177.0,0.36868737721522354,2,33.0,0.5843298027866387,12,210.0
1150.0,14,129.0,3.225,4.626994971748397,9,163.0,0.2555359433351956,5,49.0,0.38591314493266143,14,212.0
1155.0,23,218.0,4.638297872340425,5.153872974633713,15,205.0,0.2314724616863196,8,79.0,0.42342761670404927,23,284.0
1160.0,18,159.0,3.1176470588235294,5.527831139078661,13,225.0,0.2430740655935095,5,53.0,0.48010944152572,18,278.0
1165.0,12,168.0,3.169811320754717,6.622547830845543,8,215.0,0.26626482907985755,4,40.0,0.5356816311277979,12,255.0
1170.0,15,180.0,3.3333333333333335,6.623371328217456,10,221.0,0.2513342415587961,5,44.0,0.5146296230732841,15,265.0
1175.0,21,260.0,4.7272727272727275,6.530303503873887,14,257.0,0.31561171618319894,7,74.0,0.4084999549814843,21,331.0
1180.0,19,230.0,4.423076923076923,5.7023951528316665,11,241.0,0.3996383412878906,8,95.0,0.36907686983854143,19,336.0
1185.0,17,214.0,4.553191489361702,6.214342682622313,10,190.0,0.31627649864534985,7,106.0,0.49608397857941827,17,296.0
1190.0,20,186.0,3.795918367346939,4.873568858081864,13,200.0,0.07332440305348706,7,116.0,0.42514525443543055,20,316.0
1195.0,16,178.0,3.423076923076923,5.489219264583851,7,170.0,0.20666809307159362,9,120.0,0.2703138118968234,16,290.0
1200.0,17,124.0,2.4313725490196076,5.267454968102383,4,143.0,0.3985321904500221,13,107.0,0.15528547691490552,17,250.0
1205.0,22,206.0,4.204081632653061,5.801835993040234,9,148.0,0.3826061524765125,13,172.0,0.24324234596700184,22,320.0
1210.0,20,230.0,4.509803921568627,5.402501975716012,9,158.0,0.3585246524315914,11,200.0,0.25928366354364385,20,358.0
1215.0,15,227.0,4.365384615384615,5.728595938138925,4,132.0,0.2802632790364448,11,193.0,0.2815406464592337,15,325.0
1220.0,13,174.0,3.2222222222222223,6.215271610019257,5,145.0,0.27260490417967914,8,173.0,0.3291333732062899,13,318.0
1225.0,17,188.0,3.418181818181818,7.071277503121376,11,189.0,0.3695482870042568,6,126.0,0.3771793773914638,17,315.0
1230.0,15,221.0,4.333333333333333,6.391946317926297,8,204.0,0.4145961272538198,7,129.0,0.389240395233882,15,333.0
1235.0,15,256.0,5.565217391304348,6.919341453510389,5,186.0,0.41686683666343194,10,168.0,0.33599453825380876,15,354.0
1240.0,13,292.0,6.3478260869565215,5.425952626776414,6,201.0,0.19315375806411328,7,173.0,0.2979138009569399,13,374.0
1245.0,19,373.0,7.9361702127659575,5.963305174604099,12,252.0,0.21353108618172423,7,200.0,0.28698001651163835,19,452.0
1250.0,18,333.0,7.568181818181818,6.0039563495066295,11,263.0,0.2960101878555359,7,181.0,0.4201469192178988,18,444.0
1255.0,17,376.0,8.173913043478262,6.371198774792129,11,321.0,0.2773572335502779,6,134.0,0.5211980571914624,17,455.0
1260.0,20,394.0,8.755555555555556,5.253393223212504,11,328.0,0.3193535285534329,9,162.0,0.36966414968276406,20,490.0
1265.0,13,344.0,7.644444444444445,6.058971014495404,5,281.0,0.4288915909861705,8,167.0,0.34404175449118723,13,448.0
1270.0,17,408.0,8.0,5.373936109315603,8,291.0,0.2738719217524748,9,193.0,0.2315806409261587,17,484.0
1275.0,25,405.0,6.982758620689655,5.459016044358944,14,344.0,0.28176009971463845,11,185.0,0.19880636137191698,25,529.0
1280.0,24,278.0,4.87719298245614,6.099250686038179,14,276.0,0.3568656601168262,10,137.0,0.35273880109876365,24,413.0
1285.0,20,315.0,6.0576923076923075,5.7159736368488865,12,199.0,0.3594806082545157,8,164.0,0.4019171742665259,20,363.0
1290.0,27,367.0,6.796296296296297,3.9692515464988065,15,221.0,0.15044106812560198,12,212.0,0.3291552558803227,27,433.0
1295.0,29,462.0,8.105263157894736,4.207042279369304,20,293.0,0.09560436514819158,9,243.0,0.40839580390384606,29,536.0
1300.0,27,486.0,8.379310344827585,5.113670714663384,17,316.0,0.22659191186801556,10,258.0,0.44788080942722164,27,574.0
1305.0,24,423.0,6.934426229508197,4.811569496467819,10,263.0,0.3462285879831973,14,309.0,0.20966657992759824,24,572.0
1310.0,22,416.0,6.709677419354839,4.782130146235646,8,244.0,0.35132227531859683,14,347.0,0.18482045588021415,22,591.0
1315.0,29,513.0,8.142857142857142,4.7639572184697645,14,258.0,0.22772746513060976,15,389.0,0.24702759189468326,29,647.0
1320.0,31,543.0,8.484375,4.283452161251901,19,301.0,0.18644611746089948,12,429.0,0.3119654587145841,31,730.0
1325.0,31,663.0,10.2,5.182288402302823,20,357.0,0.2154138814312719,11,448.0,0.36702111655203323,31,805.0
1330.0,27,461.0,6.984848484848484,5.098421219048048,18,410.0,0.23009156921364157,9,353.0,0.34987127428233983,27,763.0
1335.0,31,396.0,5.823529411764706,4.988831612119301,21,465.0,0.2527985190217521,10,147.0,0.2938623380241756,31,612.0
1340.0,30,414.0,6.2727272727272725,4.609868319060497,19,458.0,0.26242438063735235,11,190.0,0.227104717292999,30,648.0
1345.0,24,280.0,4.3076923076923075,4.6613112756503,12,354.0,0.2118208984382103,12,208.0,0.19711914434076963,24,562.0
1350.0,22,372.0,5.723076923076923,5.835765134214958,10,284.0,0.27963041536474836,12,248.0,0.2718302541596744,22,532.0
1355.0,23,342.0,5.181818181818182,5.94269998510304,12,285.0,0.223422202076448,11,277.0,0.3371587435968056,23,562.0
1360.0,26,308.0,5.5,4.884394058688414,15,287.0,0.19822515389892714,11,286.0,0.3474071539564184,26,573.0
1365.0,25,311.0,5.654545454545454,4.070952374686571,16,341.0,0.17929446727806017,9,242.0,0.3526864106409061,25,583.0
1370.0,29,381.0,6.684210526315789,4.292611650799698,21,423.0,0.19733535111132913,8,178.0,0.36431150689057495,29,601.0
1375.0,25,399.0,6.762711864406779,4.454603998470513,18,439.0,0.19588832623805844,7,190.0,0.33666432841137667,25,629.0
1380.0,23,371.0,5.983870967741935,5.391141064250106,12,399.0,0.2301713874046974,11,209.0,0.3317033372367492,23,608.0
1385.0,18,290.0,4.754098360655738,5.354497772331355,9,378.0,0.23662833873323133,9,215.0,0.33087402278292266,18,593.0
1390.0,27,400.0,6.0606060606060606,5.653659400437997,16,379.0,0.22603424915170775,11,249.0,0.34781668034695234,27,628.0
1395.0,26,440.0,6.984126984126984,5.900773257247113,17,446.0,0.346037926230834,9,250.0,0.3763497531057632,26,696.0
1400.0,26,543.0,9.05,5.757394709391544,18,537.0,0.35413378978509785,8,227.0,0.35938791382676094,26,764.0
1405.0,27,567.0,9.610169491525424,4.063960883934799,17,536.0,0.3073410456491714,10,239.0,0.15667298562320553,27,775.0
1410.0,24,549.0,9.15,4.370125034485233,13,469.0,0.1896761080140612,11,290.0,0.1931705859143322,24,759.0
1415.0,19,476.0,8.206896551724139,5.113477887617883,12,386.0,0.281791735459053,7,300.0,0.24237912268634304,19,686.0
1420.0,18,360.0,6.101694915254237,5.525183739457997,12,302.0,0.2575095018690318,6,283.0,0.36450854306969904,18,585.0
1425.0,24,392.0,6.426229508196721,4.993781617111108,16,331.0,0.23869499401603403,8,310.0,0.4244507933250277,24,641.0
1430.0,29,523.0,8.716666666666667,5.184469792661756,22,414.0,0.17092342008252182,7,347.0,0.480877650548841,29,761.0
1435.0,31,614.0,10.40677966101695,4.61002414623872,22,458.0,0.15192071568747723,9,387.0,0.39949727149110437,31,845.0
1440.0,25,611.0,10.183333333333334,4.654339195376271,15,442.0,0.10659930033729685,10,436.0,0.3416294814889256,25,878.0
1445.0,24,329.0,6.2075471698113205,4.597491303585628,14,409.0,0.22182151712724366,10,250.0,0.2442163858089493,24,659.0
1450.0,21,312.0,5.777777777777778,4.955638018234993,13,438.0,0.21977516885724693,8,179.0,0.32802578319454273,21,617.0
1455.0,22,273.0,4.963636363636364,4.690092187592766,14,414.0,0.21449421681131975,8,178.0,0.34551614523209373,22,592.0
1460.0,24,272.0,4.771929824561403,5.135975629159457,14,356.0,0.24827493717340016,10,170.0,0.4210891014769663,24,526.0
1465.0,22,236.0,4.0,5.282678487835657,14,384.0,0.27767116829535227,8,132.0,0.4570387654759204,22,516.0
1470.0,23,294.0,4.9,5.396309584581153,15,394.0,0.2830275518051397,8,117.0,0.42789140124443564,23,511.0
1475.0,28,266.0,4.092307692307692,3.8700505364699507,17,394.0,0.20407328193233393,11,119.0,0.26266170988481446,28,513.0
1480.0,18,256.0,3.8208955223880596,6.03128550566939,10,321.0,0.34710204869016764,8,143.0,0.36318204699514384,18,464.0
1485.0,21,317.0,4.661764705882353,5.7368806114663435,12,324.0,0.27424921765747706,9,178.0,0.3440578452848866,21,502.0
1490.0,28,384.0,5.647058823529412,5.613786008988335,17,307.0,0.27505696674964397,11,229.0,0.32440916339423775,28,536.0
1495.0,26,334.0,5.21875,5.020789144478874,18,343.0,0.32891507220982935,8,192.0,0.2910862348533724,26,535.0
1500.0,28,353.0,5.603174603174603,4.3915391621890105,20,402.0,0.2049405082749761,8,118.0,0.4055356973514935,28,520.0
1505.0,32,368.0,5.333333333333333,3.826697034399553,26,449.0,0.17019269136886994,6,118.0,0.30153974668757355,32,567.0
1510.0,27,366.0,5.382352941176471,5.095730845039936,20,462.0,0.18294311942111732,7,118.0,0.4560973038816436,27,580.0
1515.0,19,226.0,3.476923076923077,5.0138588115660285,14,416.0,0.23464097834205208,5,94.0,0.380685784311075,19,510.0
1520.0,29,336.0,5.014925373134329,4.841271864039673,21,467.0,0.1688971241824656,8,128.0,0.3513990043283399,29,595.0
1525.0,37,431.0,6.53030303030303,4.371557377985028,26,530.0,0.15511794301396828,11,178.0,0.3464478555032835,37,708.0
1530.0,32,444.0,7.0476190476190474,4.238276689451342,24,569.0,0.15866301502179653,8,210.0,0.3853002722606987,32,779.0
1535.0,28,496.0,7.873015873015873,4.222290770211504,20,598.0,0.16976968059522562,8,213.0,0.3140469739062799,28,811.0
1540.0,25,451.0,6.632352941176471,5.3038234287726045,16,556.0,0.20032198312011026,9,250.0,0.32135293982384233,25,806.0
1545.0,21,339.0,5.059701492537314,5.915620001203412,12,504.0,0.28184314305327635,9,233.0,0.3902655131773533,21,737.0
1550.0,24,327.0,5.030769230769231,5.365644141414805,17,476.0,0.2381214841702779,7,208.0,0.42561978501648967,24,684.0
1555.0,28,378.0,5.90625,4.259652046265964,21,533.0,0.2173267382037514,7,227.0,0.38220285915640284,28,760.0
1560.0,36,530.0,8.688524590163935,4.176132588766365,26,627.0,0.2255076958976363,10,261.0,0.3118159625308809,36,888.0
1565.0,33,610.0,9.53125,4.128008678279314,24,667.0,0.22729618547889535,9,281.0,0.29464586504752976,33,948.0
1570.0,28,616.0,9.476923076923077,4.922545163287993,18,616.0,0.24841348948422246,10,309.0,0.3066643929192307,28,925.0
1575.0,26,432.0,6.447761194029851,4.23017290445274,18,656.0,0.19226746508147263,8,200.0,0.32799921831557066,26,856.0
1580.0,32,508.0,7.154929577464789,4.7496393278276585,23,729.0,0.15935831214523383,9,103.0,0.4173815059926967,32,832.0
1585.0,33,595.0,8.623188405797102,4.461544334658736,27,781.0,0.14899084675286814,6,110.0,0.4628697470663973,33,891.0
1590.0,30,669.0,10.453125,4.455831303941688,21,780.0,0.15353724998365548,9,113.0,0.3773077598755782,30,893.0
1595.0,29,515.0,7.803030303030303,3.6930290431192256,21,735.0,0.11382504855344762,8,88.0,0.2159962045495595,29,823.0
1600.0,33,391.0,5.835820895522388,4.194517480274698,23,651.0,0.13568354103656055,10,99.0,0.25304043338713433,33,750.0
1605.0,28,275.0,4.044117647058823,4.836997086461927,19,686.0,0.21218888960823787,9,129.0,0.31902287377565564,28,815.0
1610.0,32,384.0,5.731343283582089,5.22651942385843,22,713.0,0.2199024939470779,10,168.0,0.38664518154129285,32,881.0
1615.0,30,389.0,5.8059701492537314,4.544865908791445,24,790.0,0.16141728876683262,6,140.0,0.43769037994919113,30,930.0
1620.0,33,514.0,7.787878787878788,5.416625713937942,27,861.0,0.23359616715008513,6,129.0,0.5264245951991726,33,990.0
1625.0,33,451.0,6.833333333333333,3.715279832701223,25,891.0,0.18249266485835663,8,99.0,0.329658106864711,33,990.0
1630.0,33,376.0,5.7846153846153845,3.8584473393311187,21,846.0,0.1535060545119797,12,103.0,0.31834010407357305,33,949.0
1635.0,29,360.0,5.538461538461538,3.570667041114528,17,821.0,0.19416067979151472,12,137.0,0.1873552915041763,29,958.0
1640.0,23,303.0,4.391304347826087,4.622897830851834,15,711.0,0.16696506004978073,8,141.0,0.3004080606562556,23,852.0
1645.0,25,238.0,3.26027397260274,4.814565802955211,19,749.0,0.16375504883649114,6,137.0,0.3319336141884943,25,886.0
1650.0,37,403.0,5.597222222222222,5.138985703699431,26,839.0,0.18222339823290215,11,170.0,0.4269421068883829,37,1009.0
1655.0,34,475.0,6.597222222222222,4.6574371863709825,25,868.0,0.2361300113230203,9,193.0,0.37150191802514615,34,1061.0
1660.0,23,428.0,5.863013698630137,4.8374906100603186,16,788.0,0.2672453162200317,7,204.0,0.2611737816252119,23,992.0
1665.0,25,393.0,5.383561643835616,4.373070521837726,16,796.0,0.25223507151675245,9,222.0,0.15431211083893837,25,1018.0
1670.0,35,501.0,6.5064935064935066,4.505363036658553,22,864.0,0.21154220446706315,13,277.0,0.2075955859204703,35,1141.0
1675.0,37,441.0,5.802631578947368,3.847470328223212,29,976.0,0.1697632993094939,8,196.0,0.3118457494901926,37,1172.0
1680.0,40,577.0,7.4935064935064934,4.408901130240326,30,1092.0,0.16260972158052422,10,136.0,0.3859124580785126,40,1228.0
1685.0,41,586.0,7.7105263157894735,4.09478358256047,32,1088.0,0.15014817993459748,9,143.0,0.401112192880174,41,1231.0
1690.0,34,546.0,7.184210526315789,5.006259345079523,26,1008.0,0.1605989423488384,8,118.0,0.49257926975219274,34,1126.0
1695.0,39,594.0,7.92,3.494750608169528,29,1102.0,0.14277566132885589,10,143.0,0.30352991923932554,39,1245.0
1700.0,40,681.0,8.73076923076923,3.628193902610942,28,1176.0,0.1460580684973371,12,165.0,0.31544136746159984,40,1341.0
1705.0,41,698.0,8.835443037974683,3.299777669902427,28,1170.0,0.18243010679178176,13,205.0,0.28549102890368383,41,1375.0
1710.0,36,499.0,6.2375,3.952951824556498,27,1055.0,0.1522406583374214,9,219.0,0.33302061126492866,36,1274.0
1715.0,35,441.0,5.313253012048193,3.6965951540515527,23,1147.0,0.12823639233875786,12,175.0,0.24824904545475338,35,1322.0
1720.0,44,587.0,6.747126436781609,4.312775848232984,28,1228.0,0.1837068578124362,16,193.0,0.2579027975869461,44,1421.0
1725.0,48,611.0,7.36144578313253,3.5054185331110777,34,1234.0,0.16429042857898074,14,218.0,0.31918715628027494,48,1452.0
1730.0,43,599.0,7.216867469879518,3.910008007125341,30,1131.0,0.16472999758254647,13,212.0,0.36711826016470633,43,1343.0
1735.0,46,660.0,7.764705882352941,3.7571282938302373,33,1148.0,0.13087685841713784,13,231.0,0.33250628233978974,46,1379.0
1740.0,41,676.0,7.7701149425287355,4.554984302330533,31,1100.0,0.14434212471154503,10,201.0,0.4138655458265503,41,1301.0
1745.0,36,635.0,7.470588235294118,4.640609628082272,25,956.0,0.1597334145998677,11,209.0,0.3382996317091877,36,1165.0
1750.0,33,669.0,8.3625,4.833084648286125,19,867.0,0.20838341968242885,14,267.0,0.20600085607843438,33,1134.0
1755.0,34,559.0,6.901234567901234,4.487111211697029,18,815.0,0.24990886248041816,16,304.0,0.1230853861300861,34,1119.0
1760.0,37,604.0,7.743589743589744,4.356411955507037,21,758.0,0.20205975429321538,16,340.0,0.31324008074593856,37,1098.0
1765.0,41,601.0,8.121621621621621,3.8134036231088184,30,833.0,0.18248228513925518,11,343.0,0.3844427483980347,41,1176.0
1770.0,40,676.0,8.894736842105264,4.33954111692138,30,895.0,0.14735684775720426,10,310.0,0.4773904007569367,40,1205.0
1775.0,39,644.0,8.363636363636363,3.597829944481512,29,929.0,0.13516044992813667,10,249.0,0.33471333177992546,39,1178.0
1780.0,39,587.0,7.826666666666667,3.723901482752158,25,895.0,0.1450935162180625,14,204.0,0.2636166710870134,39,1099.0
1785.0,34,617.0,8.012987012987013,4.0859359509981195,21,875.0,0.20535521207086233,13,233.0,0.15474685512694888,34,1108.0
1790.0,29,539.0,7.0,4.578154241789804,18,824.0,0.19246007852774097,11,211.0,0.21928465302136638,29,1035.0
1795.0,29,398.0,5.378378378378378,4.534765680284816,19,755.0,0.11515300742847318,10,233.0,0.3112957741872781,29,988.0
1800.0,34,372.0,5.23943661971831,4.418061298046644,21,760.0,0.1654038131690054,13,249.0,0.3082771959899343,34,1009.0
1805.0,37,483.0,6.9,4.215102203606047,26,786.0,0.10627338246154022,11,274.0,0.3336127147715969,37,1060.0
1810.0,37,571.0,8.157142857142857,4.071986058164001,25,819.0,0.1374789408072017,12,277.0,0.2954712963690124,37,1096.0
1815.0,30,568.0,7.780821917808219,5.250295236029405,16,778.0,0.22373388133382754,14,337.0,0.2593671086387304,30,1115.0
1820.0,24,494.0,6.957746478873239,5.45609413114986,11,701.0,0.28613387434412446,13,320.0,0.24590042137289708,24,1021.0
1825.0,25,420.0,6.268656716417911,5.038317494877653,14,687.0,0.18514756945357402,11,309.0,0.32785424269068103,25,996.0
1830.0,30,342.0,5.2615384615384615,4.132886818524025,20,685.0,0.18315888306135925,10,234.0,0.3091063103496857,30,919.0
1835.0,32,317.0,4.731343283582089,4.362873401274427,21,623.0,0.21202348621302813,11,220.0,0.34106504327681963,32,843.0
1840.0,31,344.0,5.134328358208955,4.00936754712237,19,647.0,0.23567721073248774,12,250.0,0.3322290526252997,31,897.0
1845.0,29,342.0,5.029411764705882,4.362691497625971,17,592.0,0.1931582577656014,12,272.0,0.24897027336320296,29,864.0
1850.0,25,347.0,4.957142857142857,4.631393617645296,12,546.0,0.25435451286618577,13,272.0,0.12546132727072384,25,818.0
1855.0,30,399.0,5.465753424657534,4.723447912046811,16,559.0,0.21358283237387435,14,285.0,0.20339951780311905,30,844.0
1860.0,32,505.0,7.013888888888889,4.51013787340389,20,585.0,0.24925435007054128,12,332.0,0.3385642436538486,32,917.0
1865.0,29,592.0,8.222222222222221,5.213601996762881,17,589.0,0.28010742928005744,12,362.0,0.303575967038724,29,951.0
1870.0,28,532.0,7.6,4.5780382481160915,17,617.0,0.20211870784362929,11,335.0,0.28212186813958917,28,952.0
1875.0,30,559.0,7.873239436619718,4.718551790911892,20,630.0,0.14833332737224234,10,331.0,0.3197154658838259,30,961.0
1880.0,35,638.0,9.522388059701493,4.386899366384041,25,626.0,0.132775800824658,10,344.0,0.41885834574388475,35,970.0
1885.0,32,397.0,5.925373134328358,4.228344836774373,24,568.0,0.1683847167707865,8,248.0,0.36168817187755126,32,816.0
1890.0,36,541.0,8.196969696969697,4.37342816789987,27,595.0,0.18568848372849714,9,132.0,0.4075279468717317,36,727.0
1895.0,40,726.0,10.521739130434783,4.48195153408358,30,714.0,0.21726912556679703,10,177.0,0.4320001354362419,40,891.0
1900.0,36,757.0,10.661971830985916,3.3922402524190236,29,773.0,0.11455290282793255,7,193.0,0.4170090497146751,36,966.0
1905.0,33,674.0,8.986666666666666,3.8627348073640504,24,746.0,0.11574124810535995,9,217.0,0.3552373069589069,33,963.0
1910.0,28,739.0,9.986486486486486,5.144320648422766,17,716.0,0.18223518214488674,11,268.0,0.3770062118249675,28,984.0
1915.0,28,589.0,7.64935064935065,5.08492632191389,13,657.0,0.18726375574539533,15,268.0,0.25794260676668446,28,925.0
1920.0,30,529.0,7.053333333333334,5.013070336542741,16,590.0,0.17659279348036847,14,291.0,0.27497249118301537,30,881.0
1925.0,36,521.0,7.338028169014085,4.1979295088388175,21,579.0,0.16996408940270952,15,278.0,0.31413648504892805,36,857.0
1930.0,32,411.0,5.788732394366197,4.1709083934776,18,488.0,0.25146995531740907,14,280.0,0.2822230469743181,32,768.0
1935.0,32,443.0,6.068493150684931,4.132686347098538,18,506.0,0.21978117846730705,14,282.0,0.3312727524183968,32,788.0
1940.0,31,352.0,4.693333333333333,3.970938544196775,16,456.0,0.20291231694269027,15,311.0,0.245714237030452,31,767.0
1945.0,25,407.0,5.355263157894737,4.775506370905458,11,413.0,0.21951633232643536,14,319.0,0.21907410999065716,25,732.0
1950.0,21,297.0,4.125,5.330724365519525,7,315.0,0.3525972633030014,14,293.0,0.22387580382002503,21,608.0
1955.0,25,333.0,4.757142857142857,5.5208445441105365,12,337.0,0.32884596498367374,13,237.0,0.29486144034302203,25,574.0
1960.0,30,421.0,6.2835820895522385,3.8462061546951523,15,366.0,0.28178635658284307,15,286.0,0.22864861476663362,30,652.0
1965.0,28,492.0,7.0285714285714285,4.396529625128209,13,369.0,0.21899536964767954,15,322.0,0.238122549993424,28,691.0
1970.0,21,413.0,6.164179104477612,5.180586126887979,9,282.0,0.2769794147558077,12,325.0,0.19057987441404373,21,607.0
1975.0,30,437.0,6.333333333333333,5.146345142488812,15,237.0,0.22807322248831335,15,325.0,0.23511317604887372,30,562.0
1980.0,34,490.0,7.424242424242424,3.8509335046930686,19,299.0,0.18889636471789903,15,342.0,0.23193303636138715,34,641.0
1985.0,34,606.0,9.619047619047619,4.277466284535738,21,372.0,0.24454792733863068,13,367.0,0.31869991549004434,34,739.0
1990.0,30,639.0,9.984375,3.862539336863026,19,423.0,0.2608349478545932,11,387.0,0.22652117454777057,30,810.0
1995.0,26,615.0,9.609375,4.184985743159922,14,411.0,0.14471363744423715,12,421.0,0.25871089065962566,26,832.0
2000.0,23,455.0,6.893939393939394,4.96433830793448,12,401.0,0.19971967850503528,11,345.0,0.2410797163713793,23,746.0
2005.0,21,247.0,3.6865671641791047,5.957324203877338,8,272.0,0.3348328861657683,13,256.0,0.20916388129947577,21,528.0
2010.0,25,234.0,3.4925373134328357,5.719965660116482,11,185.0,0.3297601631742239,14,268.0,0.2621232542561235,25,453.0
2015.0,29,343.0,5.276923076923077,5.64248530574034,15,242.0,0.31047194881844903,14,272.0,0.33058743666416895,29,514.0
2020.0,27,366.0,6.0,4.399503645153334,15,271.0,0.25615898782370194,12,299.0,0.3093100498773887,27,570.0
2025.0,21,349.0,5.629032258064516,4.1849357370119336,11,252.0,0.15296192049249835,10,283.0,0.2591460881651416,21,535.0
2030.0,20,373.0,5.651515151515151,5.313471906885552,11,251.0,0.25995383160069063,9,259.0,0.19015295580383582,20,510.0
2035.0,23,389.0,5.8059701492537314,6.126850594992993,8,246.0,0.34500715360407164,15,294.0,0.21511850330607596,23,540.0
2040.0,26,438.0,6.84375,5.7077297331231645,14,221.0,0.25124159807228885,12,341.0,0.30424476575360415,26,562.0
2045.0,21,479.0,8.11864406779661,5.40287624077955,13,252.0,0.1659941589401112,8,343.0,0.36871422315281027,21,595.0
2050.0,22,525.0,9.375,5.316676855575538,11,251.0,0.16133567609860658,11,372.0,0.3263029003065794,22,623.0
2055.0,23,628.0,11.62962962962963,5.931080794725085,11,271.0,0.2952239349916154,12,424.0,0.2114256875450023,23,695.0
2060.0,24,477.0,9.0,5.799796401553784,12,317.0,0.3170748196978784,12,334.0,0.20451721955645652,24,651.0
2065.0,22,457.0,9.326530612244898,5.2525483059706035,14,389.0,0.32155707243081344,8,188.0,0.24615657858419215,22,577.0
2070.0,26,413.0,8.428571428571429,3.968256578694375,14,345.0,0.29448367660670105,12,237.0,0.17412179681945578,26,582.0
2075.0,25,512.0,10.893617021276595,4.7713080361983025,13,344.0,0.38169753184408883,12,300.0,0.24559783197061696,25,644.0
2080.0,22,381.0,7.62,4.1268101360288085,12,320.0,0.26736385236850385,10,288.0,0.2731003703549257,22,608.0
2085.0,19,247.0,4.8431372549019605,5.383343603863998,13,272.0,0.21926380149299166,6,229.0,0.45546343920992394,19,501.0
2090.0,21,249.0,4.69811320754717,5.215342763685557,15,280.0,0.16003572927638812,6,215.0,0.47126174041640934,21,495.0
2095.0,16,235.0,4.2727272727272725,6.8759980846379944,9,251.0,0.25918755491275147,7,243.0,0.47121974549752665,16,494.0
2100.0,16,167.0,2.982142857142857,6.419578188594042,10,251.0,0.24841744942839714,6,142.0,0.34673160618280685,16,393.0
2105.0,20,221.0,4.169811320754717,5.8203256422917145,15,318.0,0.28298907716473065,5,71.0,0.19138230003715997,20,389.0
2110.0,22,231.0,4.714285714285714,5.453279714665102,13,327.0,0.3384231552736614,9,99.0,0.2569634967813554,22,426.0
2115.0,21,329.0,7.0,5.616618936091672,13,348.0,0.2748379026940316,8,139.0,0.4160093286671089,21,487.0
2120.0,24,308.0,6.416666666666667,3.779449203844942,18,342.0,0.08441374099288301,6,104.0,0.40431749340312473,24,446.0
2125.0,26,353.0,7.06,4.795250035654562,19,346.0,0.18508815226084188,7,107.0,0.4508419739360247,26,453.0
2130.0,22,274.0,5.074074074074074,4.358157729004618,17,356.0,0.26586309874956515,5,80.0,0.3267181079362722,22,436.0
2135.0,14,172.0,3.2452830188679247,5.98967444032782,7,274.0,0.3846630515846465,7,84.0,0.32448093152919694,14,358.0
2140.0,16,235.0,4.351851851851852,6.311355276005344,7,215.0,0.32320109843785516,9,125.0,0.30178885435201463,16,340.0
2145.0,16,262.0,4.943396226415095,5.960818769399096,8,186.0,0.18948366726026852,8,132.0,0.29349663364062345,16,318.0
2150.0,22,348.0,7.1020408163265305,5.190109668516179,13,240.0,0.13987947785089352,9,151.0,0.28498661757749266,22,391.0
2155.0,20,273.0,5.6875,5.008069975206088,13,232.0,0.23568656275076155,7,139.0,0.3221945686285994,20,371.0
2160.0,22,341.0,6.959183673469388,5.360923076598432,13,242.0,0.30182512610140716,9,151.0,0.35308665402209966,22,393.0
2165.0,22,362.0,6.703703703703703,5.280791296794349,11,244.0,0.35912366834833337,11,185.0,0.3317007731374303,22,429.0
2170.0,24,438.0,7.684210526315789,6.057333046341562,11,248.0,0.37534828353020694,13,243.0,0.38712898030371756,24,491.0
2175.0,22,402.0,6.813559322033898,4.859445977361456,11,221.0,0.27483253941643204,11,267.0,0.38869974226212267,22,488.0
2180.0,20,345.0,5.655737704918033,5.693971125292674,6,136.0,0.23445119012937252,14,315.0,0.3855817725123624,20,451.0
2185.0,20,212.0,3.4754098360655736,5.29970997399695,6,104.0,0.26578745959708766,14,255.0,0.25045363931316933,20,359.0
2190.0,23,197.0,3.2295081967213113,5.605752452398107,11,143.0,0.28650680674951584,12,187.0,0.27873200616030985,23,330.0
2195.0,27,236.0,3.933333333333333,4.454859573862359,12,193.0,0.3641393698717525,15,217.0,0.18823352221526354,27,410.0
2200.0,25,308.0,5.133333333333334,4.888251874314839,11,229.0,0.389586158959077,14,248.0,0.255054949755241,25,477.0
2205.0,30,411.0,6.966101694915254,4.1732516984370145,14,286.0,0.29552413018955287,16,274.0,0.2985446362963215,30,560.0
2210.0,27,413.0,6.770491803278689,4.822457232577559,13,283.0,0.3103071739779501,14,289.0,0.35996408194749696,27,572.0
2215.0,33,452.0,7.290322580645161,4.043047446250873,18,318.0,0.26184621935156493,15,310.0,0.24819816380882606,33,628.0
2220.0,32,467.0,7.412698412698413,4.21547135748642,16,312.0,0.1949529351629095,16,300.0,0.19301572516041474,32,612.0
2225.0,23,280.0,4.516129032258065,4.655528458752945,9,238.0,0.21628378159942488,14,283.0,0.10394570075883683,23,521.0
2230.0,25,335.0,5.403225806451613,5.41603067189493,7,181.0,0.366046151367052,18,298.0,0.05740277021062399,25,479.0
2235.0,26,334.0,5.387096774193548,4.572122240578592,8,176.0,0.24320593073025593,18,345.0,0.1546708637022248,26,521.0
2240.0,27,327.0,5.190476190476191,5.4927201179676475,13,184.0,0.26717169088533915,14,347.0,0.3121938603498752,27,531.0
2245.0,22,340.0,5.483870967741935,5.17901997503897,11,198.0,0.32845746222171307,11,364.0,0.32814152418806847,22,562.0
2250.0,19,340.0,5.666666666666667,5.819106180576995,7,170.0,0.3488983518773091,12,341.0,0.34436192649430053,19,511.0
2255.0,17,179.0,2.9344262295081966,5.458770567340833,6,125.0,0.22604489402609876,11,310.0,0.35674583392477693,17,435.0
2260.0,24,199.0,3.2096774193548385,5.869380226126238,10,101.0,0.3586682449296395,14,289.0,0.25123062624229575,24,390.0
2265.0,23,257.0,4.283333333333333,4.806415082795321,8,108.0,0.35671971666500635,15,336.0,0.18263912138468538,23,444.0
2270.0,23,314.0,5.233333333333333,5.527307511129609,9,100.0,0.3549827820420045,14,384.0,0.2385157493092504,23,484.0
2275.0,27,337.0,5.524590163934426,4.825777169976924,10,124.0,0.24321281176630874,17,385.0,0.18549003951961213,27,509.0
2280.0,30,406.0,6.246153846153846,5.238980099685385,12,153.0,0.31650255915165026,18,409.0,0.24755753855643256,30,562.0
2285.0,26,379.0,6.112903225806452,4.990259375555999,9,146.0,0.3598156587062199,17,424.0,0.2602594332491868,26,570.0
2290.0,30,347.0,5.783333333333333,4.8030772109051485,13,155.0,0.3846899870979162,17,383.0,0.2821831600573086,30,538.0
2295.0,30,350.0,5.645161290322581,3.5093797213389175,12,171.0,0.28485767382655663,18,425.0,0.20677941632224736,30,596.0
2300.0,26,350.0,5.555555555555555,4.939274116718454,9,152.0,0.2908301835632489,17,422.0,0.2593341169844507,26,574.0
2305.0,26,304.0,4.606060606060606,4.6486628225850755,10,164.0,0.1947712511327065,16,422.0,0.20981393660046618,26,586.0
2310.0,28,314.0,4.485714285714286,5.503428536379079,13,179.0,0.24617805778915705,15,387.0,0.24222100188425497,28,566.0
2315.0,30,296.0,4.417910447761194,4.878669608460105,11,173.0,0.39327013899795055,19,431.0,0.1784443957855278,30,604.0
2320.0,30,353.0,5.115942028985507,5.304102185203219,10,153.0,0.4703762894069234,20,461.0,0.20086849728655695,30,614.0
2325.0,30,356.0,5.014084507042254,4.577615031971695,11,149.0,0.38887065203689336,19,503.0,0.23560092733365282,30,652.0
2330.0,20,293.0,4.4393939393939394,4.715291685656267,6,104.0,0.35240197870538265,14,491.0,0.26021781441381525,20,595.0
2335.0,22,292.0,4.294117647058823,4.556935925169303,11,131.0,0.2660801675652149,11,468.0,0.2717495077860397,22,599.0
2340.0,29,377.0,5.164383561643835,4.861672387650664,14,174.0,0.21665201445455176,15,452.0,0.243215789959991,29,626.0
2345.0,36,486.0,7.043478260869565,4.592105954123498,17,236.0,0.24068309741616115,19,497.0,0.22873895745920336,36,733.0
2350.0,32,587.0,8.507246376811594,4.543101670268432,19,294.0,0.1960097064616388,13,535.0,0.20984656547843392,32,829.0
2355.0,30,493.0,7.144927536231884,3.9961568801619287,18,336.0,0.1587090955767511,12,461.0,0.26295344321461844,30,797.0
2360.0,37,527.0,7.75,4.5798394354223095,20,389.0,0.2311924226413801,17,333.0,0.25615835265527626,37,722.0
2365.0,33,524.0,7.081081081081081,4.662831191848894,17,445.0,0.3014624344522999,16,338.0,0.21582892109536478,33,783.0
2370.0,34,555.0,6.9375,4.698961741600482,17,473.0,0.28918152459923996,17,329.0,0.21490464849024932,34,802.0
2375.0,34,497.0,6.060975609756097,4.979213583290933,16,441.0,0.3374156510232259,18,376.0,0.29494106798358266,34,817.0
2380.0,23,210.0,2.5609756097560976,5.562714805666777,12,326.0,0.32037504343418655,11,357.0,0.30933442353682045,23,683.0
2385.0,22,210.0,2.8,4.692402269737014,11,316.0,0.23745608134594787,11,290.0,0.27421644222095937,22,606.0
2390.0,33,318.0,4.184210526315789,3.8091227555442337,18,370.0,0.10310510813221908,15,309.0,0.11850184302255488,33,679.0
2395.0,41,445.0,6.180555555555555,3.7119875037283805,21,388.0,0.13440515598544386,20,353.0,0.14624659790319397,41,741.0
2400.0,35,534.0,7.852941176470588,3.9648534925391896,16,355.0,0.20279307188559337,19,374.0,0.11656011986841606,35,729.0
2405.0,33,618.0,9.65625,3.8142198900402575,15,367.0,0.26234566667340165,18,408.0,0.10025915170742845,33,775.0
2410.0,27,653.0,9.893939393939394,5.6791510095150155,15,414.0,0.29254140955945224,12,385.0,0.25543489747961184,27,799.0
2415.0,21,509.0,7.953125,5.208203678007614,13,437.0,0.18424017912677002,8,304.0,0.278795774226591,21,741.0
2420.0,26,395.0,6.370967741935484,5.036062896378393,14,425.0,0.18939873380413338,12,255.0,0.2828255915354932,26,680.0
2425.0,29,470.0,7.966101694915254,5.191840386194985,15,461.0,0.2958895954858977,14,291.0,0.2993154267381552,29,752.0
2430.0,27,537.0,8.95,4.527836293273421,14,464.0,0.23741243062279643,13,317.0,0.3184390031041097,27,781.0
2435.0,25,527.0,8.639344262295081,4.368458021588539,11,461.0,0.3197470394105922,14,312.0,0.19390787423526532,25,773.0
2440.0,24,380.0,5.9375,5.074593376802898,14,370.0,0.27576722314506263,10,278.0,0.24609679018871666,24,648.0
2445.0,26,447.0,6.6716417910447765,6.349962849082577,15,328.0,0.2232671970922987,11,298.0,0.3633250268531462,26,626.0
2450.0,28,364.0,5.515151515151516,5.468389995251857,17,322.0,0.22255621387161362,11,288.0,0.2616118340894817,28,610.0
2455.0,28,417.0,6.836065573770492,5.350000275572022,16,365.0,0.24662603193612828,12,236.0,0.3603647422037749,28,601.0
2460.0,28,361.0,6.016666666666667,4.4965204214617005,16,362.0,0.25016737610510226,12,202.0,0.3114778727812349,28,564.0
2465.0,29,412.0,6.645161290322581,4.877090624423347,15,300.0,0.21655838710884237,14,202.0,0.3197585238567405,29,502.0
2470.0,28,361.0,5.640625,4.961668155067997,13,301.0,0.30415614920791206,15,216.0,0.2775879338951733,28,517.0
2475.0,24,301.0,4.492537313432836,5.277197653250976,9,236.0,0.34217018334807353,15,219.0,0.1974693104772358,24,455.0
2480.0,26,326.0,5.015384615384615,5.0162599508000705,11,209.0,0.3374002988382435,15,245.0,0.15868633395441134,26,454.0
2485.0,17,220.0,3.4375,6.296861076281182,10,215.0,0.3071773264664856,7,209.0,0.3166070384148572,17,424.0
2490.0,19,231.0,3.9152542372881354,5.142667339904854,12,219.0,0.19471089478642545,7,179.0,0.32916649060109926,19,398.0
2495.0,30,329.0,5.39344262295082,4.7809146333556996,15,249.0,0.1522959276553079,15,238.0,0.32716072921838585,30,487.0
2500.0,23,386.0,6.5423728813559325,5.043608023820023,10,267.0,0.2400086750062324,13,265.0,0.3441120013761659,23,532.0
2505.0,19,302.0,5.11864406779661,5.476630343549356,8,216.0,0.26139480785608055,11,242.0,0.30811541214584515,19,458.0
2510.0,24,290.0,4.833333333333333,5.577628647278426,13,216.0,0.25262982505103443,11,228.0,0.25084956998930924,24,444.0
2515.0,26,291.0,4.85,5.120331796300202,11,194.0,0.2525754248470693,15,207.0,0.1932818183188548,26,401.0
2520.0,27,393.0,6.894736842105263,5.093725632659234,13,233.0,0.32388369896814245,14,235.0,0.18522587256240997,27,468.0
2525.0,22,390.0,7.090909090909091,5.395567015583778,13,242.0,0.31922815676923516,9,246.0,0.22272531388027025,22,488.0
2530.0,18,306.0,5.368421052631579,5.214878469860822,9,216.0,0.2947316171383019,9,220.0,0.15981689282008033,18,436.0
2535.0,22,349.0,6.232142857142857,6.171522811431024,11,228.0,0.3971634711510816,11,183.0,0.14801893878835687,22,411.0
2540.0,24,393.0,7.017857142857143,5.409266974896766,10,259.0,0.3523230135680544,14,207.0,0.14029010154685767,24,466.0
2545.0,19,433.0,7.872727272727273,5.715122669178286,12,276.0,0.26316385959797556,7,228.0,0.3382233836755198,19,504.0
2550.0,20,244.0,4.4363636363636365,4.6010809953801814,11,219.0,0.1891353739992081,9,217.0,0.34475975591277863,20,436.0
2555.0,23,271.0,4.839285714285714,5.863351312633664,12,142.0,0.30794885055228827,11,232.0,0.3933844172187336,23,374.0
2560.0,22,233.0,4.160714285714286,5.166241026013629,11,167.0,0.2522607297183643,11,218.0,0.41643333654693504,22,385.0
2565.0,26,304.0,5.1525423728813555,4.943744611050925,13,217.0,0.3064092084873603,13,191.0,0.3069043392353223,26,408.0
2570.0,28,350.0,5.833333333333333,4.54967159805546,13,255.0,0.3754731819899296,15,226.0,0.17323102541843674,28,481.0
2575.0,22,362.0,5.838709677419355,5.311660060558215,12,275.0,0.2659885783099778,10,229.0,0.3210938493497419,22,504.0
2580.0,19,222.0,3.7,4.781021545999696,12,268.0,0.17397153756582265,7,181.0,0.34261021936204994,19,449.0
2585.0,25,257.0,4.283333333333333,4.565058610357232,15,239.0,0.20688033481096432,10,162.0,0.24791209758621427,25,401.0
2590.0,30,251.0,3.984126984126984,4.129106690952948,12,219.0,0.29069094810537327,18,209.0,0.1257098092448528,30,428.0
2595.0,30,349.0,5.287878787878788,5.407530301079264,9,175.0,0.46184189111711826,21,309.0,0.1906314880722724,30,484.0
2600.0,29,389.0,6.174603174603175,5.211877163495835,11,192.0,0.417622585067653,18,349.0,0.2198987119757454,29,541.0
2605.0,24,345.0,5.655737704918033,4.881957158977233,14,216.0,0.21540325796852883,10,324.0,0.2775018055459535,24,540.0
2610.0,22,234.0,3.774193548387097,3.8130410289842085,15,229.0,0.08103053905099158,7,280.0,0.30770231618573934,22,509.0
2615.0,30,307.0,4.723076923076923,4.03535725682051,17,234.0,0.2078238019719632,13,308.0,0.211917993844628,30,542.0
2620.0,30,325.0,5.0,4.349843065571926,14,250.0,0.3239752452571864,16,325.0,0.22520065713840332,30,575.0
2625.0,20,303.0,4.809523809523809,5.350803845638852,10,222.0,0.3503274784338752,10,284.0,0.26410093837481474,20,506.0
2630.0,16,238.0,3.966666666666667,5.2014206020302485,8,198.0,0.2396472083362178,8,264.0,0.2986054131704301,16,462.0
2635.0,24,279.0,4.359375,5.179201065999704,12,174.0,0.23602694363358767,12,318.0,0.2435235972186976,24,492.0
2640.0,27,265.0,4.274193548387097,4.449407021326723,10,183.0,0.2668576097335603,17,321.0,0.2809488000447469,27,504.0
2645.0,28,317.0,4.953125,5.312943785289114,13,187.0,0.30361643092139684,15,300.0,0.3246675438481826,28,487.0
2650.0,24,312.0,4.875,4.994508155011599,9,189.0,0.3857693002589457,15,319.0,0.22954186652553074,24,508.0
2655.0,23,268.0,4.0,5.243539863228397,11,195.0,0.32705807584571234,12,274.0,0.2462623659694991,23,469.0
2660.0,24,187.0,2.710144927536232,4.872505805715533,14,175.0,0.2116006903628017,10,266.0,0.29144792016929116,24,441.0
2665.0,30,293.0,4.246376811594203,4.840079819187082,19,254.0,0.23031552180154272,11,254.0,0.2755798557932662,30,508.0
2670.0,31,307.0,4.449275362318841,4.446916996486701,15,261.0,0.35360772452629424,16,287.0,0.17817486021471343,31,548.0
2675.0,36,436.0,6.318840579710145,4.6488610050836545,14,248.0,0.369534267858675,22,365.0,0.1699255669819135,36,613.0
2680.0,36,442.0,6.138888888888889,4.20620149928422,18,271.0,0.24952543353944504,18,384.0,0.2419458091398886,36,655.0
2685.0,23,301.0,4.013333333333334,4.959645106667775,12,235.0,0.25097170967109733,11,317.0,0.29420569642697963,23,552.0
2690.0,20,217.0,3.013888888888889,4.978764827992526,14,242.0,0.21187936289897563,6,259.0,0.3416755256402068,20,501.0
2695.0,26,240.0,3.287671232876712,5.124188179478422,15,250.0,0.20511602774654136,11,278.0,0.2994844377459989,26,528.0
2700.0,32,328.0,4.493150684931507,4.634088180476728,15,266.0,0.2691292945329232,17,294.0,0.21244107984760574,32,560.0
2705.0,25,355.0,5.071428571428571,5.224454269038246,12,265.0,0.3316601956601731,13,271.0,0.21686024434126172,25,536.0
2710.0,20,292.0,4.294117647058823,5.781503011251938,12,276.0,0.3271791181369809,8,199.0,0.29245549783124963,20,475.0
2715.0,23,260.0,3.7681159420289854,5.6521125722081065,13,274.0,0.21535506042963515,10,143.0,0.3106656238820988,23,417.0
2720.0,25,305.0,4.621212121212121,5.553170958488078,12,248.0,0.3215697165953938,13,173.0,0.2934971367963056,25,421.0
2725.0,28,361.0,5.82258064516129,5.329671654679286,12,254.0,0.27926360711257414,16,243.0,0.3318844337092273,28,497.0
2730.0,28,396.0,6.285714285714286,4.452490132786705,13,229.0,0.24746722380328148,15,270.0,0.24914253972871805,28,499.0
2735.0,25,385.0,5.923076923076923,4.387969884049882,13,266.0,0.15914339549281586,12,247.0,0.2756851843588895,25,513.0
2740.0,19,414.0,6.786885245901639,5.75873520338321,11,286.0,0.24186052456990614,8,219.0,0.3437402592701107,19,505.0
2745.0,20,317.0,5.283333333333333,5.481960438064246,8,233.0,0.35710990382268054,12,247.0,0.20456351154698818,20,480.0
2750.0,25,386.0,6.433333333333334,5.3274421782478365,11,158.0,0.38326001187475645,14,293.0,0.20915535605633476,25,451.0
2755.0,20,440.0,7.213114754098361,5.913283471070363,10,191.0,0.37038819834194586,10,309.0,0.3070951571870054,20,500.0
2760.0,19,378.0,6.3,6.495302123350833,11,230.0,0.4027936122965911,8,245.0,0.37229686907791887,19,475.0
2765.0,19,393.0,6.442622950819672,6.3741864254197145,12,286.0,0.3754831230979565,7,176.0,0.35718291009207864,19,462.0
2770.0,18,232.0,3.625,6.356600313283643,9,251.0,0.41596277541367765,9,145.0,0.3877245226375271,18,396.0
2775.0,25,293.0,4.507692307692308,6.14276369584431,12,241.0,0.4145632071168713,13,123.0,0.38337442680080813,25,364.0
2780.0,23,278.0,4.212121212121212,5.881924465310383,13,253.0,0.35361098041329553,10,145.0,0.4037957333757461,23,398.0
2785.0,21,213.0,3.227272727272727,6.125472270223483,13,222.0,0.3191302326345745,8,140.0,0.4121302177157185,21,362.0
2790.0,22,191.0,2.8088235294117645,4.497934030016262,12,236.0,0.20510119116325934,10,149.0,0.2950540452739967,22,385.0
2795.0,31,302.0,4.314285714285714,4.386845339135372,17,278.0,0.16786201986993418,14,191.0,0.2847077945414427,31,469.0
2800.0,33,332.0,4.5479452054794525,4.498941234730272,19,316.0,0.23577219110949918,14,239.0,0.2799012670704217,33,555.0
2805.0,24,328.0,4.4324324324324325,5.606615657516071,14,300.0,0.2977847548736063,10,254.0,0.3011140050611308,24,554.0
2810.0,23,376.0,5.222222222222222,5.845714696131144,13,285.0,0.25351676814898455,10,279.0,0.42891072525511303,23,564.0
2815.0,26,339.0,4.4605263157894735,5.41385039598877,17,273.0,0.2857709048638322,9,279.0,0.2771616992915395,26,552.0
2820.0,33,436.0,5.891891891891892,5.292184814888445,16,329.0,0.29384052861500376,17,309.0,0.2712749891438161,33,638.0
2825.0,35,414.0,5.914285714285715,4.9300246043984375,21,375.0,0.22957451355228728,14,265.0,0.29659968417917615,35,640.0
2830.0,35,395.0,5.642857142857143,3.7387457457700237,22,416.0,0.1523497423224694,13,217.0,0.2481227217027047,35,633.0
2835.0,30,377.0,5.309859154929577,4.536545325043542,19,414.0,0.2172339270944853,11,234.0,0.24859515699102733,30,648.0
2840.0,25,388.0,5.6231884057971016,5.155008472281035,16,410.0,0.22477956598285706,9,213.0,0.2856003529665659,25,623.0
2845.0,24,321.0,4.720588235294118,4.904478758187343,14,387.0,0.20562343528134003,10,199.0,0.2560491035420131,24,586.0
2850.0,30,295.0,4.609375,4.68155528637559,12,357.0,0.29191466757805107,18,216.0,0.2369479823657747,30,573.0
2855.0,33,381.0,6.145161290322581,4.3079957014795225,15,330.0,0.24513492414219443,18,255.0,0.2843510135379297,33,585.0
2860.0,29,337.0,5.184615384615385,3.99014369448071,14,335.0,0.21777910108018475,15,277.0,0.29302060149809056,29,612.0
2865.0,26,349.0,5.453125,4.583154196747705,12,303.0,0.24462348062728348,14,327.0,0.3271398041955457,26,630.0
2870.0,29,308.0,4.4,4.079030733173053,12,300.0,0.2219868883773719,17,353.0,0.24541386548361296,29,653.0
2875.0,23,255.0,3.591549295774648,4.512212186164022,9,264.0,0.282940334134204,14,321.0,0.18092952739767107,23,585.0
2880.0,26,301.0,4.0675675675675675,5.079257314408892,11,251.0,0.283109666323276,15,323.0,0.2086215851990273,26,574.0
2885.0,31,321.0,4.337837837837838,5.381292548523133,13,220.0,0.3129199253737655,18,361.0,0.23156868339097952,31,581.0
2890.0,32,374.0,5.420289855072464,4.198375836090111,14,251.0,0.23051210180987433,18,384.0,0.20019579384455174,32,635.0
2895.0,34,456.0,6.909090909090909,3.246368544208856,14,265.0,0.21065318470959904,20,446.0,0.1736608093391444,34,711.0
2900.0,29,473.0,6.855072463768116,3.722897787516538,13,281.0,0.20293023883943068,16,474.0,0.18298650070439848,29,755.0
2905.0,28,513.0,7.544117647058823,4.331575979382492,12,258.0,0.26015140384004165,16,495.0,0.17847744030061435,28,753.0
2910.0,27,544.0,8.36923076923077,4.801130926247112,11,234.0,0.3243357742104826,16,533.0,0.15376421571342866,27,767.0
2915.0,32,570.0,9.193548387096774,4.196348184991157,16,291.0,0.2666241913338458,16,540.0,0.11480020577838657,32,831.0
2920.0,35,548.0,9.133333333333333,3.2521639201556027,17,308.0,0.19264714590667442,18,525.0,0.13314636197019425,35,833.0
2925.0,34,474.0,7.770491803278689,3.4523758402644433,18,310.0,0.20029123936762983,16,507.0,0.17391551279250103,34,817.0
2930.0,32,476.0,8.067796610169491,4.382323206614566,16,344.0,0.20174744227045538,16,431.0,0.30141286672103973,32,775.0
2935.0,30,422.0,6.918032786885246,3.8144184104126464,16,354.0,0.17734123456190837,14,453.0,0.2282329694739702,30,807.0
2940.0,23,331.0,5.253968253968254,4.3399471722701355,15,360.0,0.11778265780528509,8,403.0,0.30917578089899483,23,763.0
2945.0,18,232.0,4.0,5.619261912401274,11,316.0,0.1358817762202441,7,362.0,0.38430674929445174,18,678.0
2950.0,20,258.0,4.448275862068965,5.961301041443741,11,305.0,0.26828908086453274,9,294.0,0.28679294414822737,20,599.0
2955.0,25,264.0,4.714285714285714,4.436155653041907,12,310.0,0.2624653917256261,13,279.0,0.14741828396290685,25,589.0
2960.0,27,303.0,5.509090909090909,5.001533590127937,12,323.0,0.31188123525793876,15,277.0,0.26342481940086127,27,600.0
2965.0,25,332.0,5.824561403508772,3.9898977871274566,12,344.0,0.30207960256429184,13,283.0,0.2693668118929963,25,627.0
2970.0,19,306.0,5.016393442622951,5.41027530392804,11,341.0,0.3278779511324192,8,242.0,0.3454646592818635,19,583.0
2975.0,19,260.0,4.126984126984127,5.915011830419212,10,320.0,0.30364119416869034,9,176.0,0.33177398776858996,19,496.0
2980.0,24,277.0,4.134328358208955,5.880888473113706,11,255.0,0.2996798345889574,13,223.0,0.27827429000957776,24,478.0
2985.0,28,332.0,5.107692307692307,5.0675692405003145,12,289.0,0.3127587593312793,16,243.0,0.26994225978328834,28,532.0
2990.0,26,397.0,6.616666666666666,5.554818759179998,11,308.0,0.3638505017499506,15,275.0,0.31585424449229543,26,583.0
2995.0,25,329.0,5.306451612903226,4.296582096393256,9,274.0,0.3069178269827011,16,311.0,0.18817464196410247,25,585.0
3000.0,33,375.0,5.859375,4.297660062098552,14,257.0,0.2817206885954314,19,335.0,0.19715556607819879,33,592.0
3005.0,29,392.0,6.030769230769231,3.9191803100631697,14,302.0,0.28540306331362497,15,345.0,0.22722028955625242,29,647.0
3010.0,20,296.0,4.553846153846154,5.256411460794855,8,320.0,0.3108895655904943,12,285.0,0.27044189751883047,20,605.0
3015.0,22,262.0,4.158730158730159,4.39859392376255,9,252.0,0.15311472191270686,13,308.0,0.24161174125947477,22,560.0
3020.0,32,362.0,5.323529411764706,4.55318756101128,15,288.0,0.11173722739390983,17,337.0,0.21036514556341895,32,625.0
3025.0,30,448.0,6.892307692307693,4.525292433085282,14,329.0,0.19993454615095113,16,360.0,0.2623771386739933,30,689.0
3030.0,21,463.0,7.590163934426229,5.4773960668196136,7,316.0,0.33438195850933455,14,324.0,0.2778691462651026,21,640.0
3035.0,22,339.0,5.380952380952381,4.920195873316643,8,203.0,0.2312433819500065,14,317.0,0.17185824887164788,22,520.0
3040.0,29,323.0,4.969230769230769,5.2405285504334485,10,184.0,0.321674680370496,19,330.0,0.16897231277694508,29,514.0
3045.0,24,394.0,6.566666666666666,4.780400129657111,7,148.0,0.33142555521068556,17,390.0,0.24870497865299257,24,538.0
3050.0,20,430.0,7.288135593220339,5.577966772876734,6,128.0,0.31661206809878467,14,411.0,0.2857412733782799,20,539.0
3055.0,17,366.0,6.1,5.859403932224992,4,76.0,0.33568421484091204,13,427.0,0.23454749527348856,17,503.0
3060.0,25,366.0,6.203389830508475,5.93739804712957,10,97.0,0.3415328109233778,15,430.0,0.18412585745695906,25,527.0
3065.0,22,261.0,4.660714285714286,5.390660102344751,7,87.0,0.42286192120276844,15,388.0,0.17970886244706638,22,475.0
3070.0,23,274.0,5.074074074074074,5.126068714927684,7,99.0,0.3727304509608217,16,323.0,0.22651412073455288,23,422.0
3075.0,23,250.0,4.545454545454546,4.200537880040649,7,98.0,0.3212344403700075,16,347.0,0.23427357136255508,23,445.0
3080.0,17,214.0,3.8214285714285716,6.125975396886731,7,55.0,0.3530787008493243,10,317.0,0.3470809875655532,17,372.0
3085.0,16,156.0,3.0588235294117645,5.789797074244945,7,82.0,0.34388570254207323,9,276.0,0.2680106450153305,16,358.0
3090.0,19,218.0,4.113207547169812,5.9678437285989965,8,106.0,0.3126104025010866,11,259.0,0.2899538179099681,19,365.0
3095.0,22,245.0,4.803921568627451,5.374792791523111,10,131.0,0.2599014427885302,12,263.0,0.37462543182585684,22,394.0
3100.0,22,299.0,5.98,5.418098445441486,12,191.0,0.28494024050682887,10,209.0,0.35409392880099366,22,400.0
3105.0,22,308.0,6.416666666666667,3.9410821066706085,10,209.0,0.2869368204407392,12,223.0,0.19247765299911676,22,432.0
3110.0,25,347.0,7.081632653061225,4.324285145106574,8,198.0,0.32388814750898653,17,256.0,0.10992894173023439,25,454.0
3115.0,25,324.0,6.48,4.300351664033502,8,141.0,0.3291221435910827,17,304.0,0.10468452112848552,25,445.0
3120.0,24,372.0,7.294117647058823,5.238427274006533,7,117.0,0.3916611065406913,17,368.0,0.22425852570848,24,485.0
3125.0,23,338.0,6.377358490566038,4.794127418229459,7,136.0,0.35041012203412203,16,361.0,0.28944949619192706,23,497.0
3130.0,15,254.0,4.7924528301886795,6.482556769899598,6,138.0,0.4101368511290873,9,277.0,0.3874704671570281,15,415.0
3135.0,15,143.0,2.5535714285714284,5.382768403608628,7,121.0,0.13571922684982118,8,256.0,0.30001786308248407,15,377.0
3140.0,22,188.0,3.1864406779661016,6.457416873577873,11,141.0,0.2791700279665572,11,216.0,0.3502417051837192,22,357.0
3145.0,19,223.0,4.054545454545455,6.033293315261484,7,157.0,0.4600112608252721,12,201.0,0.3289192621353522,19,358.0
3150.0,18,262.0,5.137254901960785,6.985242631260817,5,140.0,0.6040997652139255,13,198.0,0.2930907983307701,18,338.0
3155.0,21,324.0,5.890909090909091,5.109414292886065,7,162.0,0.3017417977211972,14,244.0,0.2080648865084062,21,406.0
3160.0,26,417.0,7.446428571428571,5.752936437447494,12,208.0,0.3093469978964027,14,277.0,0.250942730868877,26,485.0
3165.0,22,339.0,6.277777777777778,5.7553380560397,8,169.0,0.35944288223663706,14,286.0,0.2793018872237446,22,455.0
3170.0,21,362.0,6.581818181818182,5.575557450389762,9,166.0,0.3819409108425622,12,275.0,0.23600097726220734,21,441.0
3175.0,21,307.0,5.685185185185185,5.317008134716638,8,164.0,0.4287623299948811,13,266.0,0.23759580930181703,21,430.0
3180.0,18,299.0,5.4363636363636365,5.66601217485393,4,128.0,0.5286864103849706,14,267.0,0.17016289688788144,18,395.0
3185.0,18,240.0,4.285714285714286,5.085526365285481,5,46.0,0.38069409600588167,13,302.0,0.21136760128750626,18,348.0
3190.0,27,344.0,5.931034482758621,5.160938695752367,11,62.0,0.3138956646354319,16,350.0,0.27379562348190384,27,412.0
3195.0,28,435.0,7.5,4.6079101451060485,11,98.0,0.26108323858676313,17,408.0,0.31688129602471543,28,506.0
3200.0,25,510.0,9.272727272727273,4.638919381507711,8,108.0,0.3436880627183609,17,469.0,0.23108958756513212,25,577.0
3205.0,26,443.0,7.637931034482759,4.49075530333968,8,136.0,0.31297964555037056,18,448.0,0.1221660497065584,26,584.0
3210.0,22,437.0,7.048387096774194,5.798893502999925,10,181.0,0.29999404890760606,12,371.0,0.2001319386143936,22,552.0
3215.0,20,285.0,4.672131147540983,5.909743259472523,9,180.0,0.2993845985551766,11,327.0,0.277786055930261,20,507.0
3220.0,22,321.0,5.35,6.281151098933263,6,180.0,0.47575296870000794,16,263.0,0.21555191129846143,22,443.0
3225.0,22,271.0,4.593220338983051,5.757099603730137,5,126.0,0.5604939330399529,17,311.0,0.19563330473685595,22,437.0
3230.0,21,265.0,4.491525423728813,6.012813387638861,6,85.0,0.5902630495378398,15,366.0,0.23478084275052447,21,451.0
3235.0,23,282.0,4.7,4.77653375075756,9,100.0,0.39580069536154283,14,362.0,0.2407546106608684,23,462.0
3240.0,21,269.0,4.559322033898305,5.1849687360875345,11,138.0,0.26079718755903725,10,315.0,0.2894129620435161,21,453.0
3245.0,24,205.0,3.306451612903226,4.846401705875825,13,138.0,0.23819249342620977,11,304.0,0.21500374092919705,24,442.0
3250.0,25,271.0,4.234375,6.052390838039551,9,150.0,0.4125776879418509,16,312.0,0.2722978401348461,25,462.0
3255.0,26,285.0,4.672131147540983,5.242950332757034,10,157.0,0.36265435101107996,16,335.0,0.32185499103689513,26,492.0
3260.0,21,266.0,4.666666666666667,5.361189759113026,6,146.0,0.3893063168690357,15,337.0,0.32905876296402603,21,483.0
3265.0,27,295.0,5.175438596491228,3.9615915372991064,7,157.0,0.35234444960474914,20,352.0,0.18428899296229992,27,509.0
3270.0,25,309.0,5.421052631578948,3.9517896439994806,10,199.0,0.2886530397718818,15,335.0,0.14329510153499428,25,534.0
3275.0,25,313.0,5.90566037735849,3.9487178037227144,12,212.0,0.19879188682908716,13,322.0,0.21127149988267035,25,534.0
3280.0,23,370.0,6.491228070175438,5.0053028588991255,11,241.0,0.30227448161979803,12,345.0,0.2542525506174151,23,586.0
3285.0,25,377.0,6.732142857142857,4.324192885815078,10,242.0,0.36955146898477165,15,382.0,0.2347807217463859,25,624.0
3290.0,22,404.0,7.087719298245614,5.519935958753615,9,193.0,0.4060169649170464,13,403.0,0.31129592693686486,22,596.0
3295.0,21,302.0,5.298245614035087,4.300274722716295,10,189.0,0.24936103973326249,11,370.0,0.23926561384787653,21,559.0
3300.0,30,314.0,5.233333333333333,4.123619331452409,12,174.0,0.2542112105782682,18,370.0,0.1755635154975973,30,544.0
3305.0,29,405.0,6.75,4.036083975617218,13,215.0,0.2651525207550999,16,410.0,0.18055720693674152,29,625.0
3310.0,23,453.0,7.426229508196721,5.146178763587124,12,258.0,0.17292189869384866,11,426.0,0.32444956400477304,23,684.0
3315.0,19,293.0,5.051724137931035,5.479048654218269,13,254.0,0.12599956294916925,6,323.0,0.4062758307715862,19,577.0
3320.0,21,252.0,4.131147540983607,5.2572428620275495,10,225.0,0.21457985245938543,11,199.0,0.26131629100056064,21,424.0
3325.0,24,321.0,5.440677966101695,5.375920873125258,10,208.0,0.266243900046767,14,243.0,0.30125282932812253,24,451.0
3330.0,24,311.0,5.183333333333334,5.9555709121218054,9,201.0,0.37070500329394884,15,263.0,0.37283141947415094,24,464.0
3335.0,25,348.0,5.898305084745763,5.209077381222303,9,220.0,0.3857138202936166,16,231.0,0.3519393461290583,25,451.0
3340.0,24,356.0,6.472727272727273,4.58838246409047,7,201.0,0.45030718957299126,17,277.0,0.2501138789055148,24,478.0
3345.0,23,315.0,5.431034482758621,4.050996959171861,8,212.0,0.391031774636944,15,261.0,0.14742589436590914,23,473.0
3350.0,22,362.0,6.135593220338983,4.704766634847679,11,248.0,0.2314977299045042,11,256.0,0.21128416431740002,22,504.0
3355.0,26,411.0,6.523809523809524,5.275693767266064,11,263.0,0.24633297053344957,15,267.0,0.19974624682316072,26,530.0
3360.0,27,384.0,6.095238095238095,5.464025046538938,11,267.0,0.31981890628800735,16,262.0,0.21026156240927713,27,529.0
3365.0,23,286.0,4.8474576271186445,5.855802603634546,9,188.0,0.4049551892190392,14,241.0,0.2941151603121242,23,429.0
3370.0,27,331.0,5.910714285714286,5.299547621436998,12,178.0,0.41133248862743127,15,251.0,0.2581694079488495,27,429.0
3375.0,21,270.0,4.821428571428571,4.999008252046877,12,191.0,0.2876684320778428,9,217.0,0.2912522924187236,21,408.0
3380.0,24,301.0,5.101694915254237,4.813799422025729,15,191.0,0.1183948385581777,9,200.0,0.36632331094432863,24,391.0
3385.0,23,322.0,5.4576271186440675,5.353003399190229,14,228.0,0.16824567227483606,9,193.0,0.4318481933096168,23,421.0
3390.0,27,408.0,6.580645161290323,5.622138804861776,12,239.0,0.25490957044549073,15,246.0,0.36772074735744054,27,485.0
3395.0,23,403.0,6.716666666666667,5.025525843655332,11,247.0,0.3518360780070574,12,290.0,0.2766943959051344,23,537.0
3400.0,20,411.0,6.523809523809524,5.766520790554782,9,209.0,0.34313077017992283,11,317.0,0.284305404667008,20,526.0
3405.0,17,294.0,4.819672131147541,6.121164333429678,8,204.0,0.30711134705491083,9,306.0,0.30926604334039,17,510.0
3410.0,22,278.0,4.557377049180328,5.977366829559577,11,198.0,0.34669231528811234,11,252.0,0.2715208026576342,22,450.0
3415.0,23,163.0,2.9107142857142856,4.860165988070368,11,187.0,0.31744907965086366,12,224.0,0.2907752615613083,23,411.0
3420.0,29,277.0,4.694915254237288,5.163733457050493,14,204.0,0.3533771280031176,15,207.0,0.2585805336352941,29,411.0
3425.0,25,307.0,5.116666666666666,4.69987823983806,10,202.0,0.3788445153684226,15,250.0,0.26968749615757176,25,452.0
3430.0,29,414.0,6.571428571428571,4.704740986111436,12,233.0,0.3412379671978203,17,312.0,0.2610895618749522,29,545.0
3435.0,28,334.0,5.0606060606060606,4.004203248689519,13,224.0,0.23704157158658443,15,320.0,0.275119654562264,28,544.0
3440.0,19,222.0,3.264705882352941,5.3438717548827475,9,161.0,0.25555613933095533,10,268.0,0.30696478865093846,19,429.0
3445.0,21,150.0,2.142857142857143,5.0674165565693405,9,152.0,0.23276106136704725,12,257.0,0.2548956304456051,21,409.0
3450.0,26,167.0,2.287671232876712,5.27132859734827,13,133.0,0.1568405360830572,13,240.0,0.2901358803911839,26,373.0
3455.0,31,246.0,3.6176470588235294,4.871426668470567,13,171.0,0.18641122869226895,18,295.0,0.3129855951042535,31,466.0
3460.0,27,310.0,4.920634920634921,4.813686170697614,8,175.0,0.34132678271253447,19,346.0,0.19532754644823858,27,521.0
3465.0,31,384.0,6.095238095238095,4.7528931837797,9,184.0,0.359552129105159,22,373.0,0.11916050516923468,31,557.0
3470.0,23,342.0,5.34375,5.747245150881032,10,206.0,0.28568283343116696,13,326.0,0.24447165679977903,23,532.0
3475.0,18,301.0,4.703125,5.660934642292395,8,216.0,0.28544775702896324,10,336.0,0.25771804109059804,18,552.0
3480.0,22,280.0,4.516129032258065,5.439662374916811,8,188.0,0.3817157636974163,14,343.0,0.24601186752917323,22,531.0
3485.0,25,364.0,6.066666666666666,5.200700843688812,8,191.0,0.42103930988284133,17,368.0,0.2892665576931337,25,559.0
3490.0,25,423.0,6.82258064516129,4.551083067690381,13,237.0,0.26832907447842724,12,352.0,0.31460074574631836,25,589.0
3495.0,23,293.0,4.725806451612903,4.1112734501781345,10,214.0,0.3114652063145843,13,347.0,0.22759726623863202,23,561.0
3500.0,28,360.0,5.538461538461538,4.673577110713521,10,163.0,0.3903374826434915,18,373.0,0.1840860768067903,28,536.0
3505.0,29,402.0,6.0,4.4498366501609015,7,164.0,0.41660144601117216,22,418.0,0.15993519853199695,29,582.0
3510.0,25,411.0,5.956521739130435,5.167531920600361,8,152.0,0.4269494568433852,17,414.0,0.17998249646619546,25,566.0
3515.0,21,368.0,5.661538461538462,5.686696814528303,8,164.0,0.38025962557460224,13,396.0,0.24934677984656603,21,560.0
3520.0,22,350.0,5.46875,4.39928142383252,8,174.0,0.1835869380135299,14,364.0,0.16437095592920611,22,538.0
3525.0,33,412.0,6.645161290322581,3.736473444669101,11,206.0,0.2682129515478823,22,398.0,0.10219340657218105,33,604.0
3530.0,31,435.0,6.492537313432836,4.865197433919091,9,243.0,0.34944679178365473,22,416.0,0.20140056938839312,31,659.0
3535.0,26,472.0,7.151515151515151,5.498986767403831,6,233.0,0.4598207900807716,20,453.0,0.2447294380641223,26,686.0
3540.0,20,411.0,6.737704918032787,5.7463169436242,7,254.0,0.5001847934859457,13,425.0,0.23499425519830844,20,679.0
3545.0,22,429.0,7.15,5.118420113455187,9,283.0,0.2987500686497711,13,410.0,0.2207890444663244,22,693.0
3550.0,23,314.0,5.233333333333333,4.878575285543264,5,148.0,0.3513997510999626,18,428.0,0.1474313685994063,23,576.0
3555.0,29,399.0,7.254545454545455,5.295526662613521,7,151.0,0.5028015604807109,22,466.0,0.197736268796041,29,617.0
3560.0,25,366.0,6.90566037735849,5.209900697623296,6,134.0,0.48110148203042846,19,501.0,0.22453051509750344,25,635.0
3565.0,22,365.0,6.886792452830188,4.133174755799998,5,79.0,0.4022317266536983,17,517.0,0.1656219154072895,22,596.0
3570.0,20,298.0,5.8431372549019605,4.7775541307686,6,67.0,0.4032914536117755,14,447.0,0.19710052635632463,20,514.0
3575.0,18,190.0,3.877551020408163,5.235680118505962,8,81.0,0.20984852488813882,10,311.0,0.3083164053117515,18,392.0
3580.0,22,227.0,4.283018867924528,5.21981442039178,11,135.0,0.23295338263443993,11,236.0,0.256021920992028,22,371.0
3585.0,22,223.0,4.372549019607843,5.38804900248812,8,148.0,0.41547106533017814,14,267.0,0.21667684762026815,22,415.0
3590.0,24,301.0,6.02,5.276951721037243,6,124.0,0.5528508281881223,18,317.0,0.08793618670786485,24,441.0
3595.0,22,306.0,6.244897959183674,4.798515135926062,6,114.0,0.37257758854899203,16,349.0,0.1702998716808544,22,463.0
3600.0,19,299.0,6.361702127659575,5.269313391256393,10,100.0,0.2001173831470723,9,319.0,0.34428262725478126,19,419.0
3605.0,19,201.0,4.1020408163265305,4.886771624705617,10,87.0,0.21516608656066627,9,274.0,0.3507512851369263,19,361.0
3610.0,22,218.0,4.1923076923076925,5.876894583657393,10,112.0,0.3531267267634193,12,221.0,0.33392340345988725,22,333.0
3615.0,21,205.0,3.9423076923076925,5.272226547796783,7,132.0,0.4198699647051348,14,220.0,0.2813565568987642,21,352.0
3620.0,20,270.0,4.821428571428571,5.862792338304145,9,175.0,0.43691984208628637,11,219.0,0.33919359841240404,20,394.0
3625.0,19,178.0,3.2363636363636363,5.291316230805776,10,160.0,0.37639068525277664,9,201.0,0.3505473257669466,19,361.0
3630.0,15,129.0,2.388888888888889,5.832184756559071,6,103.0,0.3391720419196498,9,135.0,0.35023867986918,15,238.0
3635.0,18,177.0,3.6875,5.007200974652291,11,142.0,0.15696536034801833,7,124.0,0.32238561432307705,18,266.0
3640.0,22,245.0,4.9,5.437202390424162,16,216.0,0.16097984361102521,6,120.0,0.3503053730803548,22,336.0
3645.0,19,263.0,5.595744680851064,4.716323505015704,12,241.0,0.23032656156618925,7,119.0,0.2579688177822015,19,360.0
3650.0,16,268.0,5.955555555555556,5.95526179216425,8,232.0,0.4027947559007079,8,134.0,0.24318129626968907,16,366.0
3655.0,11,180.0,4.0,5.6841244037226115,4,172.0,0.4127576198985798,7,87.0,0.21328936920763045,11,259.0
3660.0,18,259.0,5.7555555555555555,6.196673634955438,9,186.0,0.38532917137014794,9,133.0,0.3259516509911952,18,319.0
3665.0,20,294.0,6.533333333333333,4.479297800585816,15,249.0,0.23403161060029565,5,121.0,0.36562849217664767,20,370.0
3670.0,20,201.0,4.02,4.873075159441324,13,179.0,0.27309059332612207,7,95.0,0.3438514174244015,20,274.0
3675.0,23,265.0,5.096153846153846,5.345273706995591,17,224.0,0.30496168586834227,6,91.0,0.40819876103628006,23,315.0
3680.0,20,282.0,5.127272727272727,5.858458337326885,14,241.0,0.28192917734671735,6,114.0,0.5161122118240755,20,355.0
3685.0,15,222.0,4.036363636363636,5.86304997594922,8,199.0,0.2652809567455692,7,147.0,0.44620200104512037,15,346.0
3690.0,14,207.0,3.6964285714285716,6.039473908505992,8,175.0,0.3345647015804483,6,144.0,0.31458023354647635,14,319.0
3695.0,21,293.0,5.327272727272727,5.926527291090108,13,221.0,0.2376131700927477,8,165.0,0.31506154149687726,21,386.0
3700.0,23,190.0,3.6538461538461537,5.106335541430007,15,248.0,0.2272806052906806,8,113.0,0.38921336336281004,23,361.0
3705.0,23,254.0,4.618181818181818,5.496582215589645,13,238.0,0.27313077486114906,10,102.0,0.36656257422959704,23,340.0
3710.0,19,234.0,4.254545454545455,5.131566034617335,12,245.0,0.32923819730950626,7,106.0,0.3109029491165886,19,351.0
3715.0,14,206.0,3.5517241379310347,6.528958505153261,6,184.0,0.3578737401086077,8,103.0,0.39890442978023,14,287.0
3720.0,11,151.0,2.849056603773585,6.915642185214889,5,138.0,0.29086126709733234,6,121.0,0.5171253547534789,11,259.0
3725.0,21,207.0,3.8333333333333335,6.185477651073631,13,142.0,0.21574562731617145,8,152.0,0.39872845101820514,21,294.0
3730.0,20,248.0,4.96,5.629992766678279,11,145.0,0.3378287481703651,9,178.0,0.2848662440467355,20,323.0
3735.0,17,282.0,6.130434782608695,6.101367496246394,9,125.0,0.3647621512322791,8,197.0,0.4052574749381004,17,322.0
3740.0,14,165.0,3.4375,5.093063389752468,7,117.0,0.3169773123698566,7,129.0,0.2794846871431911,14,246.0
3745.0,23,208.0,4.078431372549019,5.337739963174448,14,155.0,0.30600015621766713,9,103.0,0.36784685299814024,23,258.0
3750.0,21,215.0,4.215686274509804,5.180443332833652,13,190.0,0.2657290202977048,8,104.0,0.38119976948612366,21,294.0
3755.0,16,225.0,4.326923076923077,6.118411042837171,11,213.0,0.3177358753069259,5,66.0,0.37909005408516105,16,279.0
3760.0,15,221.0,4.42,6.054966781514893,10,232.0,0.2695411773407734,5,74.0,0.3250950094071436,15,306.0
3765.0,19,223.0,4.372549019607843,6.3908534450408965,9,223.0,0.2385466423557526,10,117.0,0.3829059048296301,19,340.0
3770.0,19,268.0,5.254901960784314,5.154049282378454,10,231.0,0.21632310128442192,9,126.0,0.3605789125475628,19,357.0
3775.0,20,242.0,4.938775510204081,4.532579609247812,10,208.0,0.25250693069904445,10,156.0,0.36368611801819206,20,364.0
3780.0,21,271.0,5.313725490196078,5.022890116020285,12,217.0,0.3399666963671235,9,156.0,0.37965215634119176,21,373.0
3785.0,17,256.0,4.654545454545454,5.5030980976733215,9,224.0,0.40223075880379183,8,167.0,0.3394895007068904,17,391.0
3790.0,20,311.0,5.654545454545454,5.677361388855304,8,212.0,0.44500951685077705,12,207.0,0.24534509662569862,20,419.0
3795.0,27,371.0,6.396551724137931,4.711630892455304,10,221.0,0.30166199844861963,17,247.0,0.14875000500489036,27,468.0
3800.0,27,384.0,6.295081967213115,4.774040218446947,12,235.0,0.3149840668631347,15,264.0,0.22831205468392163,27,499.0
3805.0,18,314.0,5.233333333333333,5.940232208411533,10,267.0,0.32534508006508395,8,199.0,0.3781748760700815,18,466.0
3810.0,16,336.0,6.222222222222222,5.852485690542922,10,290.0,0.3041873026691973,6,145.0,0.37894927599854167,16,435.0
3815.0,18,197.0,3.517857142857143,5.380454971739204,10,213.0,0.2620013326152812,8,122.0,0.23999256110179115,18,335.0
3820.0,21,146.0,2.6545454545454548,5.856660348036061,9,104.0,0.4047089403421751,12,124.0,0.24463068157622303,21,228.0
3825.0,21,191.0,3.673076923076923,6.0685793725589665,8,116.0,0.4326439265663568,13,175.0,0.3473788787549983,21,291.0
3830.0,20,233.0,4.160714285714286,5.605969683052021,11,143.0,0.29427794465219437,9,182.0,0.3846617303571278,20,325.0
3835.0,17,230.0,4.2592592592592595,5.9917417147107965,10,156.0,0.264365500310166,7,144.0,0.45769624378596896,17,300.0
3840.0,20,282.0,5.222222222222222,5.885451162284544,12,204.0,0.18388022964867068,8,149.0,0.425999190024224,20,353.0
3845.0,22,277.0,5.036363636363636,4.92923869012913,10,213.0,0.22662802452633446,12,173.0,0.291984313644113,22,386.0
3850.0,18,250.0,4.464285714285714,5.756968378273916,4,154.0,0.3879687400565444,14,215.0,0.2828290052179579,18,369.0
3855.0,18,306.0,5.5636363636363635,5.9775644993788175,6,120.0,0.42248516616358495,12,243.0,0.24094591895210765,18,363.0
3860.0,16,211.0,3.8363636363636364,6.086245809885808,6,120.0,0.23043775493824534,10,188.0,0.2685208496536833,16,308.0
3865.0,19,246.0,4.392857142857143,5.855909387249263,9,164.0,0.2657492188108594,10,177.0,0.2723881260912754,19,341.0
3870.0,21,211.0,3.8363636363636364,5.726298732447953,7,127.0,0.4312399370138159,14,221.0,0.26639794095673125,21,348.0
3875.0,20,282.0,5.64,5.438182932039775,7,107.0,0.43591645097176224,13,256.0,0.31644619617805664,20,363.0
3880.0,19,257.0,4.7592592592592595,4.504630237588437,5,88.0,0.3835353584028519,14,286.0,0.27696962492714233,19,374.0
3885.0,18,266.0,4.75,5.864427660854836,4,44.0,0.4736678498151877,14,302.0,0.2537988486711598,18,346.0
3890.0,21,280.0,5.0,5.707955347929035,5,32.0,0.4110580064973799,16,337.0,0.1664384782983433,21,369.0
3895.0,22,318.0,5.482758620689655,5.864562457028372,7,38.0,0.3224831772972142,15,369.0,0.25673124902939587,22,407.0
3900.0,23,231.0,4.4423076923076925,4.94215766051154,10,72.0,0.35647612363250214,13,323.0,0.3003198135363404,23,395.0
3905.0,24,266.0,5.018867924528302,5.489653713030305,10,114.0,0.44546849345580386,14,269.0,0.32827267184598946,24,383.0
3910.0,22,240.0,4.363636363636363,4.462092081599182,8,119.0,0.3541050171897061,14,287.0,0.23284841616160767,22,406.0
3915.0,19,264.0,4.551724137931035,5.191574161398543,8,98.0,0.3714294240318318,11,274.0,0.20123913859641113,19,372.0
3920.0,22,267.0,4.52542372881356,4.833403551873977,8,117.0,0.3239463335497578,14,296.0,0.152336282701244,22,413.0
3925.0,25,274.0,4.491803278688525,5.6928233963847905,10,125.0,0.40743427080684497,15,296.0,0.23389385578761945,25,421.0
3930.0,26,254.0,4.379310344827586,4.818345955713628,10,118.0,0.37819146616457294,16,310.0,0.24242120265790562,26,428.0
3935.0,30,331.0,5.516666666666667,4.425930487454726,14,160.0,0.2369335043960094,16,315.0,0.28333856291474463,30,475.0
3940.0,27,330.0,5.238095238095238,4.33686556187657,13,174.0,0.23385339212504205,14,348.0,0.32101085842951543,27,522.0
3945.0,19,275.0,4.104477611940299,5.982082849946324,7,149.0,0.31750254809086165,12,319.0,0.34861537461794073,19,468.0
3950.0,18,208.0,3.0144927536231885,5.7099225096937545,5,149.0,0.3484023446429048,13,289.0,0.24949993535661716,18,438.0
3955.0,26,262.0,3.6901408450704225,5.686185399183461,9,134.0,0.3851929917917926,17,329.0,0.18528368024587033,26,463.0
3960.0,26,347.0,5.028985507246377,5.241384778557511,7,143.0,0.4297709799905393,19,377.0,0.18278539089588597,26,520.0
3965.0,22,386.0,5.938461538461539,5.8275112261714925,7,126.0,0.44227095968472413,15,402.0,0.22713355034192903,22,528.0
3970.0,25,285.0,4.1911764705882355,4.867269014353347,7,85.0,0.352471692260583,18,402.0,0.15947546671456972,25,487.0
3975.0,33,351.0,4.943661971830986,5.153482677012501,17,116.0,0.26257361385595895,16,400.0,0.25720401402629817,33,516.0
3980.0,31,432.0,6.260869565217392,4.946429556997836,14,163.0,0.30356171833756396,17,446.0,0.3165358222499075,31,609.0
3985.0,22,471.0,6.728571428571429,5.815329232933247,10,172.0,0.32104512598275753,12,436.0,0.33578004451289795,22,608.0
3990.0,22,385.0,5.422535211267606,4.904734256684033,6,160.0,0.27886106865980365,16,415.0,0.2025030350524423,22,575.0
3995.0,28,273.0,3.7916666666666665,5.113220455466864,12,160.0,0.2843562714376878,16,349.0,0.2113294821611979,28,509.0
4000.0,29,261.0,3.7285714285714286,4.5454089002831015,12,161.0,0.29824431570086074,17,392.0,0.2138791622334295,29,553.0
4005.0,33,373.0,5.828125,4.5532306913497305,15,206.0,0.2898401968970256,18,430.0,0.20967201491449663,33,636.0
4010.0,33,406.0,6.34375,3.6128847580159134,13,231.0,0.2150740759305971,20,480.0,0.14100750315571162,33,711.0
4015.0,24,317.0,4.803030303030303,4.511842425440279,11,212.0,0.24124140307444697,13,479.0,0.14263966231154362,24,691.0
4020.0,27,402.0,6.7,4.662066018417182,10,195.0,0.3165229593499231,17,475.0,0.10947376849466307,27,670.0
4025.0,25,381.0,5.953125,4.922694656486034,8,187.0,0.2883117856796494,17,457.0,0.12586997698283123,25,644.0
4030.0,26,351.0,5.85,4.861010381832818,10,198.0,0.38278998191063063,16,462.0,0.18405009216969623,26,660.0
4035.0,25,351.0,6.051724137931035,5.1375726962580135,9,187.0,0.440560616883528,16,455.0,0.2643908379522945,25,642.0
4040.0,28,346.0,5.672131147540983,4.334855664981788,14,168.0,0.32990440533501436,14,459.0,0.29255725533631277,28,627.0
4045.0,23,329.0,4.984848484848484,4.568926907433121,13,184.0,0.27254029315122724,10,390.0,0.3098418066887389,23,574.0
4050.0,21,325.0,4.577464788732394,4.974676556841923,11,184.0,0.34314360286120416,10,355.0,0.19334483253667514,21,539.0
4055.0,26,369.0,4.986486486486487,5.440156104015163,11,210.0,0.38113903592796355,15,333.0,0.18246220342505454,26,543.0
4060.0,31,458.0,6.361111111111111,4.778090096972751,16,252.0,0.3001777432138322,15,360.0,0.19413887315937975,31,612.0
4065.0,37,599.0,8.557142857142857,4.201652828001447,21,316.0,0.23481089189582902,16,428.0,0.2778252696162132,37,744.0
4070.0,36,663.0,9.208333333333334,4.1371186862855005,23,393.0,0.21038687942419979,13,450.0,0.3269591129028861,36,843.0
4075.0,30,663.0,9.471428571428572,4.4538134504558045,21,440.0,0.15932541305653244,9,421.0,0.3970595156399288,30,861.0
4080.0,27,631.0,8.887323943661972,4.6188001514034,17,435.0,0.2048880403616286,10,440.0,0.2635216825705183,27,875.0
4085.0,34,633.0,8.915492957746478,4.281471646845443,15,394.0,0.20874629041561346,19,512.0,0.1660068458235971,34,906.0
4090.0,34,441.0,6.485294117647059,4.189620399730789,17,392.0,0.17375741778265083,17,434.0,0.2556101956618242,34,826.0
4095.0,34,357.0,5.25,4.0442065924452,21,448.0,0.17297793064277844,13,330.0,0.31760430248602284,34,778.0
4100.0,37,435.0,6.041666666666667,3.732603951553223,24,504.0,0.21069913618509928,13,359.0,0.20084813767268817,37,863.0
4105.0,36,549.0,7.32,4.394944131938722,21,570.0,0.27125634971608303,15,387.0,0.2098824885988908,36,957.0
4110.0,36,492.0,6.227848101265823,4.557170645944602,19,599.0,0.2784085856959662,17,389.0,0.2642006917719203,36,988.0
4115.0,28,370.0,4.743589743589744,4.954821932127843,20,616.0,0.2120299342559359,8,317.0,0.3956920875598799,28,933.0
4120.0,28,295.0,4.041095890410959,4.615115942285914,19,556.0,0.11958919280481327,9,272.0,0.367923356270742,28,828.0
4125.0,27,389.0,5.328767123287672,4.910577738226859,18,534.0,0.1903932969464796,9,293.0,0.2781786167861835,27,827.0
4130.0,35,472.0,6.293333333333333,4.719505242268047,19,552.0,0.1934414126178182,16,352.0,0.20422593093345434,35,904.0
4135.0,36,380.0,5.352112676056338,4.055716168489484,20,541.0,0.2240152198865483,16,311.0,0.2513463768851752,36,852.0
4140.0,36,483.0,6.616438356164384,4.265678609265371,23,568.0,0.22211606152157598,13,231.0,0.33510370211864526,36,799.0
4145.0,37,498.0,6.72972972972973,3.682477072637737,23,597.0,0.23073237254368875,14,241.0,0.2958229069232822,37,838.0
4150.0,33,551.0,7.346666666666667,4.54108446324124,21,596.0,0.23952396328817918,12,274.0,0.2982856919631682,33,870.0
4155.0,41,532.0,6.909090909090909,3.530176793511181,24,625.0,0.2006404778870066,17,274.0,0.19000652658774536,41,899.0
4160.0,29,377.0,4.896103896103896,4.35556483764821,20,609.0,0.16299284626683339,9,210.0,0.22392205171343046,29,819.0
4165.0,28,392.0,5.444444444444445,4.533421415296699,18,593.0,0.16389331770176999,10,205.0,0.23350570797522477,28,798.0
4170.0,33,529.0,7.347222222222222,4.923539002890234,18,603.0,0.229114503775095,15,256.0,0.13459327136289229,33,859.0
4175.0,32,665.0,9.925373134328359,4.874127236879554,18,656.0,0.3147335034758096,14,266.0,0.13773704418409838,32,922.0
4180.0,27,535.0,8.492063492063492,4.578139680925933,17,619.0,0.22393417590455175,10,269.0,0.23998561903120952,27,888.0
4185.0,30,546.0,8.950819672131148,4.458886067769128,22,577.0,0.2071209477372454,8,247.0,0.23815571879573275,30,824.0
4190.0,32,595.0,9.754098360655737,4.685862789295753,24,629.0,0.21866286814195468,8,227.0,0.30607794997371923,32,856.0
4195.0,27,423.0,6.714285714285714,5.055615984750894,20,616.0,0.2965091618386317,7,160.0,0.3918608481324052,27,776.0
4200.0,25,457.0,7.030769230769231,4.917492046975617,19,666.0,0.2495166656277945,6,87.0,0.4546282898750702,25,753.0
4205.0,20,400.0,6.25,5.222072343649749,15,677.0,0.23314195344494335,5,65.0,0.47970127784506267,20,742.0
4210.0,22,482.0,7.415384615384616,5.779382438726239,18,697.0,0.23430809015519188,4,38.0,0.3547458198318894,22,735.0
4215.0,24,421.0,6.378787878787879,4.592360344897082,16,629.0,0.15884893199939676,8,68.0,0.15378191814969483,24,697.0
4220.0,27,284.0,4.4375,4.957715696420765,16,492.0,0.23128801653564363,11,122.0,0.1537825812676896,27,614.0
4225.0,30,323.0,5.295081967213115,4.134648716722366,19,519.0,0.23833290279136707,11,146.0,0.20902787654649002,30,665.0
4230.0,29,363.0,5.671875,4.08854751458124,20,517.0,0.19649228836202426,9,165.0,0.35582311436507924,29,682.0
4235.0,32,366.0,5.228571428571429,4.223355654275554,21,569.0,0.21278662537343448,11,168.0,0.3887619473333386,32,737.0
4240.0,21,290.0,4.142857142857143,5.320070975526449,18,598.0,0.20796196675931677,3,120.0,0.5289021707447453,21,718.0
4245.0,23,254.0,3.5774647887323945,5.062754215250851,18,570.0,0.208317307804827,5,89.0,0.39501865446401124,23,659.0
4250.0,30,288.0,3.891891891891892,4.380645306335035,20,511.0,0.16725477316765025,10,94.0,0.3251229245022866,30,605.0
4255.0,34,383.0,5.0394736842105265,3.855574801037637,22,566.0,0.1699958259572678,12,111.0,0.3454477436028647,34,677.0
4260.0,26,415.0,5.32051282051282,5.222359183162129,19,578.0,0.21668990194666155,7,109.0,0.45406372365772296,26,687.0
4265.0,27,389.0,4.8625,4.8098209952064135,20,584.0,0.2612186153032523,7,100.0,0.31666248482285453,27,684.0
4270.0,37,422.0,5.0843373493975905,4.955045174363185,20,577.0,0.2610490288077788,17,140.0,0.2454522410700738,37,717.0
4275.0,40,535.0,6.772151898734177,4.610995198832891,25,631.0,0.24283212720740466,15,192.0,0.2887336517365036,40,823.0
4280.0,44,519.0,6.407407407407407,3.5416263044734952,27,645.0,0.19522567448912007,17,252.0,0.2216147698232141,44,897.0
4285.0,43,619.0,7.548780487804878,4.053558539465846,27,666.0,0.23674117952999527,16,287.0,0.2833485331535202,43,953.0
4290.0,42,627.0,7.646341463414634,3.8369113638311974,31,743.0,0.0808680952447448,11,250.0,0.3637093150194516,42,993.0
4295.0,37,556.0,6.780487804878049,3.942152592740182,27,767.0,0.03854899348151463,10,256.0,0.326345240662701,37,1023.0
4300.0,37,627.0,7.7407407407407405,4.0781581073233255,22,795.0,0.11838439453509395,15,257.0,0.1972412557731775,37,1052.0
4305.0,41,738.0,9.341772151898734,3.424348390222734,22,838.0,0.1667050644834778,19,286.0,0.1272307697546762,41,1124.0
4310.0,37,792.0,10.421052631578947,3.847743123474244,23,859.0,0.14715048950049392,14,303.0,0.21865867811963782,37,1162.0
4315.0,36,769.0,10.118421052631579,3.6062616193229995,23,920.0,0.10684018021441793,13,320.0,0.22564922133856538,36,1240.0
4320.0,43,861.0,11.038461538461538,3.9532663321260704,26,972.0,0.12640349242990276,17,312.0,0.24776898807699466,43,1284.0
4325.0,43,872.0,11.473684210526315,3.920329200744243,23,940.0,0.19454361086400623,20,359.0,0.21664311676636752,43,1299.0
4330.0,40,704.0,9.513513513513514,3.831598786852954,18,864.0,0.21046367395826648,22,401.0,0.1969504487585721,40,1265.0
4335.0,36,505.0,6.733333333333333,2.8583336774106467,15,855.0,0.17695091875058072,21,448.0,0.1822956191881732,36,1303.0
4340.0,29,318.0,4.12987012987013,3.722087428001348,11,785.0,0.1579076500080431,18,435.0,0.20376964850912818,29,1220.0
4345.0,25,381.0,5.0131578947368425,5.430708159412315,14,753.0,0.2389716904464214,11,410.0,0.3150889747715015,25,1163.0
4350.0,26,350.0,4.487179487179487,5.8167106684258085,14,725.0,0.26529718571045247,12,378.0,0.28694678868940415,26,1103.0
4355.0,31,440.0,5.866666666666666,4.682045330786231,12,620.0,0.3201138099497436,19,414.0,0.14321827733948053,31,1034.0
4360.0,33,407.0,5.575342465753424,4.530428373999121,12,562.0,0.3820334966331829,21,466.0,0.1804569939834691,33,1028.0
4365.0,29,446.0,6.28169014084507,4.738271270923401,16,519.0,0.3045211745859777,13,468.0,0.2518961375685338,29,987.0
4370.0,29,476.0,6.611111111111111,3.9857363923122935,19,525.0,0.10782261291257318,10,447.0,0.30507448075085414,29,972.0
4375.0,38,584.0,8.11111111111111,3.8982147325078835,23,498.0,0.11479395505492308,15,424.0,0.24746665833269513,38,922.0
4380.0,37,648.0,9.671641791044776,2.9887542957860043,20,531.0,0.1397094161270068,17,462.0,0.2184011965408002,37,993.0
4385.0,27,618.0,8.956521739130435,4.34552631000684,15,488.0,0.13984247350261056,12,466.0,0.2693476235628294,27,954.0
4390.0,27,392.0,5.850746268656716,4.469900144654777,13,466.0,0.14447216332590912,14,368.0,0.2638852089028728,27,834.0
4395.0,31,359.0,5.128571428571429,5.218820945178489,15,443.0,0.13764137957748754,16,295.0,0.28313620835506426,31,738.0
4400.0,32,410.0,6.119402985074627,5.25923360318941,13,440.0,0.2311117358620083,19,306.0,0.3030741568771462,32,746.0
4405.0,32,460.0,6.96969696969697,4.611221193350736,12,393.0,0.2654559703828183,20,361.0,0.2410812564976304,32,754.0
4410.0,25,439.0,6.859375,4.572121271111724,10,377.0,0.2463403876867413,15,369.0,0.26544519776343817,25,746.0
4415.0,20,483.0,7.546875,5.885597855551049,4,309.0,0.3389194530368169,16,386.0,0.2742539437153587,20,695.0
4420.0,20,332.0,4.955223880597015,5.265680981956643,5,222.0,0.2850910046508974,15,365.0,0.19847221154230385,20,587.0
4425.0,28,304.0,4.75,4.916160976353827,8,120.0,0.3380653226024276,20,335.0,0.19292333017783475,28,455.0
4430.0,32,303.0,4.967213114754099,4.783324786594521,11,137.0,0.33282384955259997,21,324.0,0.25482863837162406,32,461.0
4435.0,25,336.0,5.694915254237288,5.094421457117643,7,131.0,0.32561083254980855,18,304.0,0.2839411617544194,25,435.0
4440.0,26,354.0,6.0,4.561224039300054,7,88.0,0.33756921883815105,19,361.0,0.1324350422911417,26,449.0
4445.0,22,340.0,5.862068965517241,5.0559487105339445,6,104.0,0.33742860443307,16,368.0,0.10811250796841983,22,472.0
4450.0,19,275.0,4.824561403508772,5.789645059465227,5,101.0,0.33815527881846563,14,330.0,0.1960091562101016,19,431.0
4455.0,22,293.0,5.051724137931035,6.117838620715384,7,137.0,0.39170934262568274,15,308.0,0.1979016058514196,22,445.0
4460.0,14,225.0,4.090909090909091,6.232969405389801,3,92.0,0.46757000847678665,11,315.0,0.2694816305207243,14,407.0
4465.0,20,281.0,5.30188679245283,6.160254763156281,6,59.0,0.40002803314952057,14,320.0,0.31907325489038385,20,379.0
4470.0,21,239.0,4.425925925925926,5.138149586685049,8,63.0,0.2699378014859873,13,286.0,0.3012102538339158,21,349.0
4475.0,22,299.0,5.339285714285714,6.210991219651054,10,115.0,0.34143881564712486,12,271.0,0.3972666611890252,22,386.0
4480.0,22,273.0,4.7894736842105265,5.198856780532109,9,132.0,0.41435816530958725,13,278.0,0.2803492933344583,22,410.0
4485.0,23,287.0,5.035087719298246,5.577692274815732,10,148.0,0.45405505897695203,13,273.0,0.2865305351499451,23,421.0
4490.0,22,275.0,4.910714285714286,5.257836258101917,8,129.0,0.38531826000362807,14,323.0,0.2956039883325567,22,452.0
4495.0,16,246.0,4.472727272727273,5.044480248633962,4,70.0,0.39475568265762695,12,330.0,0.21346336596868515,16,400.0
4500.0,21,318.0,5.678571428571429,4.7910557693869835,7,93.0,0.28574152673948683,14,360.0,0.22239010556200733,21,453.0
4505.0,26,323.0,5.767857142857143,4.445816902222271,12,142.0,0.15832163993446768,14,342.0,0.2184593440415059,26,484.0
4510.0,25,293.0,5.327272727272727,4.765762296847887,13,172.0,0.19807880480744292,12,279.0,0.22952601392312752,25,451.0
4515.0,28,408.0,7.69811320754717,4.0413884302621605,15,232.0,0.22699147826792335,13,325.0,0.1447813421126461,28,557.0
4520.0,26,466.0,8.62962962962963,4.5688477195074135,11,237.0,0.22852882598574986,15,381.0,0.19305891814581666,26,618.0
4525.0,20,438.0,8.264150943396226,5.3313933996167,4,190.0,0.25592638159676784,16,459.0,0.19662619039975462,20,649.0
4530.0,18,280.0,5.185185185185185,4.889668830185842,5,159.0,0.20126138045666112,13,424.0,0.16710031793985813,18,583.0
4535.0,23,346.0,6.407407407407407,5.385192442213848,10,173.0,0.23677741209436723,13,400.0,0.280667185577204,23,573.0
4540.0,24,314.0,6.541666666666667,5.064946995437292,11,182.0,0.35864191510629884,13,373.0,0.3201924093313703,24,555.0
4545.0,13,253.0,5.270833333333333,5.520079048486252,3,118.0,0.5008781346607606,10,328.0,0.23847175606475157,13,446.0
4550.0,15,194.0,3.9591836734693877,4.568722294930752,3,87.0,0.3528360182868027,12,314.0,0.1271186560894169,15,401.0
4555.0,19,138.0,2.6538461538461537,5.4744331013520995,10,111.0,0.3319156691677162,9,276.0,0.2260964574911269,19,387.0
4560.0,15,147.0,2.94,5.473807711493976,9,117.0,0.38164454606411646,6,261.0,0.2254417879210707,15,378.0
4565.0,14,153.0,3.3260869565217392,5.362645996719436,4,89.0,0.4046383050245682,10,276.0,0.17104682838124013,14,365.0
4570.0,13,127.0,2.953488372093023,4.7267435318557105,3,54.0,0.4341549226672172,10,283.0,0.11964735678005965,13,337.0
4575.0,19,190.0,4.318181818181818,4.678772372166516,9,81.0,0.19870551307456324,10,301.0,0.28449711525066723,19,382.0
4580.0,21,229.0,4.978260869565218,4.006768485682573,12,124.0,0.04466009608817984,9,292.0,0.30100793958253347,21,416.0
4585.0,21,251.0,5.02,5.379691134068938,14,177.0,0.16340240582642016,7,233.0,0.3740135497603457,21,410.0
4590.0,16,169.0,3.3137254901960786,5.8386156338461745,10,189.0,0.331535730950918,6,191.0,0.4284464849682577,16,380.0
4595.0,10,112.0,2.2857142857142856,6.674129707925375,2,136.0,0.44897116113050756,8,176.0,0.3802578722924744,10,312.0
4600.0,13,173.0,3.6041666666666665,7.1343392927902345,2,107.0,0.5594586922261788,11,224.0,0.25804511194533586,13,331.0
4605.0,13,174.0,3.625,6.352007764993679,3,72.0,0.37128405050245705,10,225.0,0.20230154537178044,13,297.0
4610.0,20,257.0,5.840909090909091,5.565062427516643,9,108.0,0.3206534899819533,11,259.0,0.2667772694812898,20,367.0
4615.0,17,290.0,6.744186046511628,5.224133607717284,9,152.0,0.34893435885039015,8,272.0,0.3174125187537661,17,424.0
4620.0,17,272.0,6.181818181818182,5.875693707254658,7,130.0,0.42399087037174427,10,293.0,0.4219363501776842,17,423.0
4625.0,18,288.0,6.0,5.120755464071667,9,133.0,0.3174007332371897,9,267.0,0.3877448023417061,18,400.0
4630.0,16,194.0,3.803921568627451,5.516281120472963,10,156.0,0.3095360640617757,6,171.0,0.411059320240303,16,327.0
4635.0,22,242.0,4.745098039215686,4.6891805278332335,16,218.0,0.2760851293725914,6,174.0,0.31661188174363436,22,392.0
4640.0,23,229.0,4.673469387755102,3.822541972414406,13,225.0,0.18230411497847776,10,201.0,0.19978505770555313,23,426.0
4645.0,20,191.0,4.1521739130434785,4.345004239658779,7,162.0,0.2236387744080512,13,254.0,0.08403483475347576,20,416.0
4650.0,15,130.0,2.6530612244897958,5.067484748640008,6,158.0,0.27785780311271746,9,256.0,0.08870850431785735,15,414.0
4655.0,18,194.0,3.730769230769231,5.898075249224702,10,189.0,0.31776073588356196,8,254.0,0.24524300660629836,18,443.0
4660.0,17,196.0,4.0,5.540976711392338,11,182.0,0.36944834153253925,6,262.0,0.3791821517776533,17,444.0
4665.0,11,196.0,3.92,6.256012906325437,5,137.0,0.43665645466169534,6,266.0,0.3531327463450789,11,403.0
4670.0,14,173.0,3.5306122448979593,5.85020074495654,7,126.0,0.37353938218734395,7,238.0,0.32248797515859623,14,364.0
4675.0,17,142.0,2.5357142857142856,5.13412768068909,13,178.0,0.2930458424248259,4,139.0,0.2893756659714644,17,317.0
4680.0,27,200.0,3.3333333333333335,4.733916231447782,22,243.0,0.2326374463047176,5,137.0,0.4256953979378685,27,380.0
4685.0,28,282.0,4.7,4.374245920878151,20,307.0,0.24693404135771976,8,175.0,0.4155827387312143,28,482.0
4690.0,31,370.0,5.78125,3.9046727300280217,20,350.0,0.2126436982269585,11,227.0,0.38913634636927524,31,577.0
4695.0,32,311.0,4.641791044776119,3.544380356478718,19,352.0,0.21286192692362865,13,249.0,0.20799366065061126,32,601.0
4700.0,25,293.0,4.246376811594203,4.73244661982131,11,319.0,0.2450883237454584,14,276.0,0.1983895579167672,25,595.0
4705.0,33,374.0,4.986666666666666,4.418308575974674,18,360.0,0.19949962299676682,15,307.0,0.2280667809837108,33,667.0
4710.0,37,444.0,5.766233766233766,5.138794561566429,22,414.0,0.22193535417073337,15,356.0,0.34605881694937385,37,770.0
4715.0,39,603.0,7.8311688311688314,5.384006039242049,23,468.0,0.27574917459708265,16,434.0,0.3758082870805105,39,902.0
4720.0,41,722.0,9.376623376623376,3.664681946990805,25,530.0,0.18994537313915302,16,511.0,0.26071153214368725,41,1041.0
4725.0,42,767.0,9.708860759493671,3.3870694796898753,22,552.0,0.18236203750560628,20,582.0,0.22518505377894774,42,1134.0
4730.0,41,834.0,10.831168831168831,3.4855527545161165,20,570.0,0.16936833570499277,21,647.0,0.24271644618098376,41,1217.0
4735.0,39,690.0,8.625,3.548129721431709,17,493.0,0.21002732267002308,22,696.0,0.14963302356706967,39,1189.0
4740.0,32,715.0,9.285714285714286,4.145827565552112,16,389.0,0.17959944122411634,16,709.0,0.1593274726674682,32,1098.0
4745.0,33,671.0,8.828947368421053,4.387991556618665,17,433.0,0.21076515792249959,16,646.0,0.1706678862688993,33,1079.0
4750.0,41,546.0,7.28,3.8240001622217314,23,518.0,0.14783709966845368,18,570.0,0.195341509696234,41,1088.0
4755.0,44,556.0,7.722222222222222,3.233907409238251,26,603.0,0.1154562621919939,18,526.0,0.2440545427890737,44,1129.0
4760.0,42,620.0,8.732394366197184,3.179385285367004,27,672.0,0.12218344105164332,15,552.0,0.2957306410060249,42,1224.0
4765.0,45,741.0,9.623376623376624,3.0830365910523945,26,718.0,0.1237898046930339,19,573.0,0.2696665125393079,45,1291.0
4770.0,38,695.0,9.144736842105264,3.873150902900997,19,697.0,0.2539538232657632,19,599.0,0.24189521949469528,38,1296.0
4775.0,31,697.0,9.547945205479452,4.199797238550034,15,695.0,0.22748064492722478,16,552.0,0.18805999168750898,31,1247.0
4780.0,34,587.0,7.9324324324324325,3.6033980314672918,16,645.0,0.17057028370443947,18,590.0,0.11948177223351412,34,1235.0
4785.0,40,511.0,6.905405405405405,3.1444926696796496,17,620.0,0.1755761380455811,23,627.0,0.09923993395099272,40,1247.0
4790.0,36,502.0,6.972222222222222,3.142437475867536,16,659.0,0.1774452094861798,20,674.0,0.18773239184849658,36,1333.0
4795.0,30,547.0,7.597222222222222,4.34470226401652,13,640.0,0.17279793531750554,17,689.0,0.28695444104537426,30,1329.0
4800.0,29,556.0,7.942857142857143,4.133526747992483,13,605.0,0.1887970346753456,16,716.0,0.1277158695318804,29,1321.0
4805.0,33,630.0,8.63013698630137,4.700408235419133,15,543.0,0.20191626200373086,18,725.0,0.19518768997469305,33,1268.0
4810.0,35,547.0,7.814285714285714,3.9604884067114257,18,544.0,0.19624834993769233,17,660.0,0.2111603194354769,35,1204.0
4815.0,36,454.0,6.579710144927536,3.8055525088033444,21,595.0,0.16017558469664173,15,516.0,0.2571388543910758,36,1111.0
4820.0,35,462.0,6.416666666666667,4.3116419048210695,22,651.0,0.2145558470873767,13,404.0,0.3315889704723543,35,1055.0
4825.0,29,371.0,5.082191780821918,4.102807133112951,16,639.0,0.23477324432178587,13,402.0,0.23446457566660162,29,1041.0
4830.0,22,392.0,5.6,5.049409379724267,12,631.0,0.3085601909358852,10,360.0,0.18961515601033627,22,991.0
4835.0,26,388.0,5.6231884057971016,4.747480379069198,14,589.0,0.24130747464768196,12,365.0,0.1554025502073901,26,954.0
4840.0,34,418.0,6.057971014492754,4.2310139321841,15,507.0,0.14332913730390714,19,393.0,0.19164031916295185,34,900.0
4845.0,37,491.0,7.553846153846154,3.386598355940555,21,557.0,0.10982803184215811,16,411.0,0.2604549495716783,37,968.0
4850.0,36,581.0,8.938461538461539,3.665748283563931,22,638.0,0.1631478562809909,14,422.0,0.2742718286107753,36,1060.0
4855.0,36,638.0,9.522388059701493,3.782467724364393,21,678.0,0.22739152373601101,15,346.0,0.2056617014965136,36,1024.0
4860.0,26,541.0,7.955882352941177,4.254480302069865,12,647.0,0.27433140473510587,14,358.0,0.17593579480493973,26,1005.0
4865.0,23,562.0,8.264705882352942,4.813393114835191,8,624.0,0.29745809560246617,15,351.0,0.15233983527138298,23,975.0
4870.0,29,646.0,8.72972972972973,6.0306961974661615,12,601.0,0.3870950606564512,17,400.0,0.13046328673826554,29,1001.0
4875.0,21,368.0,4.972972972972973,6.341000053406081,7,435.0,0.37946705189386215,14,434.0,0.2168785890479319,21,869.0
4880.0,24,426.0,6.085714285714285,5.789317891747861,13,364.0,0.4040522426107846,11,460.0,0.24014678984426382,24,824.0
4885.0,26,453.0,6.863636363636363,5.045731290660194,15,417.0,0.37554874328566373,11,445.0,0.28792590765977577,26,862.0
4890.0,26,501.0,7.590909090909091,4.58604101341922,14,446.0,0.3378533718019607,12,447.0,0.2319956469356354,26,893.0
4895.0,30,511.0,7.626865671641791,4.270920722524746,13,361.0,0.1844614997511576,17,478.0,0.17825280308243457,30,839.0
4900.0,27,327.0,4.671428571428572,4.915032612438677,13,219.0,0.19582630188931602,14,396.0,0.21141146792104368,27,615.0
4905.0,35,415.0,5.845070422535211,4.911698625681907,17,258.0,0.210201629541665,18,402.0,0.23347386475785897,35,660.0
4910.0,32,522.0,7.791044776119403,4.86733365636559,17,293.0,0.22862642991171359,15,463.0,0.3231096202797785,32,756.0
4915.0,30,551.0,7.871428571428571,4.856491245176653,16,314.0,0.19398379857879028,14,506.0,0.3649474726414154,30,820.0
4920.0,29,552.0,7.774647887323944,5.536940490098909,14,283.0,0.2738734714560446,15,521.0,0.3380262349366769,29,804.0
4925.0,30,534.0,6.935064935064935,5.488982952345924,13,307.0,0.3335789817022864,17,490.0,0.2707297742681577,30,797.0
4930.0,30,492.0,6.3896103896103895,5.55752977035292,13,284.0,0.36410691593759276,17,480.0,0.30115485179867374,30,764.0
4935.0,33,369.0,4.670886075949367,4.82641707140387,18,282.0,0.29716530020335075,15,431.0,0.25851191795733575,33,713.0
4940.0,35,388.0,5.105263157894737,4.596484531262185,18,331.0,0.3126552046319046,17,402.0,0.2413307894925232,35,733.0
4945.0,39,485.0,6.381578947368421,3.6462961767919486,19,357.0,0.2719188293325522,20,451.0,0.17979347675034732,39,808.0
4950.0,44,556.0,7.220779220779221,2.8853734238802904,22,395.0,0.20210257777241666,22,510.0,0.16859073658101373,44,905.0
4955.0,46,666.0,8.430379746835444,3.4594663380927364,24,430.0,0.23869917190819806,22,567.0,0.19396380129585777,46,997.0
4960.0,50,788.0,9.85,3.3553571726184708,26,485.0,0.19168967994973082,24,621.0,0.21987181013094878,50,1106.0
4965.0,45,726.0,8.74698795180723,2.8874304718606574,22,513.0,0.1932458825157637,23,658.0,0.08161705579611178,45,1171.0
4970.0,36,616.0,7.512195121951219,4.102337294495332,18,543.0,0.2445223572330935,18,602.0,0.1627317047010843,36,1145.0
4975.0,30,551.0,6.406976744186046,5.092983504638593,18,522.0,0.2676952834271548,12,565.0,0.26843536594564044,30,1087.0
4980.0,29,543.0,6.241379310344827,5.382597886140404,20,502.0,0.13368439382445585,9,509.0,0.4127186949011072,29,1011.0
4985.0,35,595.0,6.761363636363637,4.756169919791737,24,574.0,0.12649372545988968,11,450.0,0.32749832574181637,35,1024.0
4990.0,30,590.0,6.9411764705882355,4.55502209137207,17,619.0,0.23496203990439285,13,346.0,0.23017504874439745,30,965.0
4995.0,38,639.0,7.888888888888889,4.305681041665216,18,588.0,0.2389669095531578,20,362.0,0.20533726433391702,38,950.0
5000.0,41,579.0,7.148148148148148,3.987866501843857,18,571.0,0.20769434165930306,23,410.0,0.2448567005502235,41,981.0
5005.0,37,600.0,7.228915662650603,3.626515298407927,19,596.0,0.14163273594229756,18,409.0,0.2840440971723126,37,1005.0
5010.0,34,565.0,6.647058823529412,4.111730462325937,21,627.0,0.16398568594140606,13,402.0,0.3058781047190176,34,1029.0
5015.0,42,522.0,6.214285714285714,3.625970231357684,24,624.0,0.17095025928033608,18,374.0,0.25294840998419593,42,998.0
5020.0,52,583.0,6.77906976744186,2.8329884639419673,26,613.0,0.14752363679166577,26,408.0,0.15630111147756018,52,1021.0
5025.0,54,648.0,7.280898876404494,2.9483041587102896,25,676.0,0.11828492029231921,29,473.0,0.17233383027857138,54,1149.0
5030.0,46,630.0,7.0,4.047581169363722,17,666.0,0.2304725530232027,29,544.0,0.20385041520825117,46,1210.0
5035.0,36,627.0,6.741935483870968,4.785431722712538,12,640.0,0.2545021246136426,24,557.0,0.2326709915629653,36,1197.0
5040.0,35,581.0,6.180851063829787,4.686486719386118,15,574.0,0.25158707850713746,20,634.0,0.1942773359451963,35,1208.0
5045.0,40,567.0,6.031914893617022,4.538955105338487,14,492.0,0.25287927503086377,26,705.0,0.19120510075590494,40,1197.0
5050.0,42,567.0,6.370786516853933,3.787708404931452,14,523.0,0.29971548671886217,28,751.0,0.1719830741417581,42,1274.0
5055.0,48,567.0,6.517241379310345,3.809088594097522,15,529.0,0.29619074954024593,33,745.0,0.13867589102671793,48,1274.0
5060.0,43,585.0,6.724137931034483,3.302493429019503,13,500.0,0.25949864459416266,30,814.0,0.08612751215802791,43,1314.0
5065.0,43,580.0,6.590909090909091,3.8111446289639432,17,456.0,0.22345919192832245,26,814.0,0.09662891102794999,43,1270.0
5070.0,40,491.0,5.776470588235294,4.080079296577127,20,467.0,0.16111899328055002,20,770.0,0.20056702851223815,40,1237.0
5075.0,44,503.0,5.91764705882353,4.16869407808784,22,518.0,0.1945501386795042,22,713.0,0.19302921300015263,44,1231.0
5080.0,44,634.0,7.7317073170731705,4.152254863243284,19,565.0,0.2749967048206475,25,751.0,0.210160311319254,44,1316.0
5085.0,42,682.0,8.119047619047619,3.862783252009507,15,566.0,0.33117764554411705,27,799.0,0.11573616719050532,42,1365.0
5090.0,37,696.0,8.093023255813954,3.948965812637865,14,525.0,0.19660061706482043,23,776.0,0.1645270142925565,37,1301.0
5095.0,35,488.0,5.809523809523809,4.271545041406825,19,442.0,0.14875833587904305,16,769.0,0.23442095191184764,35,1211.0
5100.0,39,552.0,6.571428571428571,4.073488308974782,17,483.0,0.210988938589783,22,750.0,0.19307521535018565,39,1233.0
5105.0,37,541.0,6.7625,3.425602661385897,11,458.0,0.2469334822646692,26,752.0,0.10100442258692041,37,1210.0
5110.0,41,420.0,5.3164556962025316,3.409810177264398,15,451.0,0.2644009776296087,26,788.0,0.06707650320107947,41,1239.0
5115.0,41,515.0,6.0588235294117645,3.8610996059936076,16,458.0,0.26498639846793814,25,853.0,0.11636287955687975,41,1311.0
5120.0,46,659.0,7.9397590361445785,4.011114454829116,20,523.0,0.25200543990503815,26,907.0,0.18443061120943297,46,1430.0
5125.0,41,731.0,9.024691358024691,3.929791807611642,15,559.0,0.3119169010411612,26,923.0,0.12246966039272844,41,1482.0
5130.0,34,649.0,8.1125,4.166559297725715,16,627.0,0.2697847802589009,18,853.0,0.12355754302290196,34,1480.0
5135.0,31,560.0,7.466666666666667,4.184501268550906,17,577.0,0.14465048829446503,14,767.0,0.19603330837578567,31,1344.0
5140.0,28,446.0,6.28169014084507,4.182076849730089,18,523.0,0.11766254458737681,10,643.0,0.2702878125520498,28,1166.0
5145.0,32,527.0,7.422535211267606,3.723552565308714,17,596.0,0.1901578101860642,15,566.0,0.21823412776084658,32,1162.0
5150.0,33,613.0,9.430769230769231,3.591245057821848,16,632.0,0.2871376093518892,17,568.0,0.1275298530112977,33,1200.0
5155.0,29,444.0,6.626865671641791,4.105260524771899,15,569.0,0.21517050734197693,14,500.0,0.17226931269443438,29,1069.0
5160.0,23,297.0,4.5,4.777789284181262,14,462.0,0.19427346473300752,9,475.0,0.24426917360676362,23,937.0
5165.0,35,414.0,6.17910447761194,4.364128087107583,18,477.0,0.15440204971811777,17,472.0,0.24672107927589576,35,949.0
5170.0,33,489.0,7.1911764705882355,4.029106558012896,15,421.0,0.1968228872905398,18,482.0,0.24026757349348787,33,903.0
5175.0,27,468.0,7.090909090909091,4.221563132814545,15,432.0,0.15553470631142005,12,425.0,0.3147044752334564,27,857.0
5180.0,26,532.0,7.940298507462686,5.267173170692304,16,420.0,0.18258769073461856,10,420.0,0.39630282662631766,26,840.0
5185.0,27,483.0,7.0,5.292847081374236,15,430.0,0.1794050161852346,12,397.0,0.3219573492411575,27,827.0
5190.0,26,389.0,5.893939393939394,5.253733851171133,10,369.0,0.3438613935743233,16,365.0,0.1730449973434282,26,734.0
5195.0,26,283.0,4.716666666666667,4.2376532242615434,9,308.0,0.3941348795232975,17,321.0,0.11761739274517385,26,629.0
5200.0,30,383.0,6.278688524590164,5.130034991676869,9,274.0,0.4420680107719986,21,341.0,0.1727253109394193,30,615.0
5205.0,27,412.0,6.5396825396825395,4.704656109894827,7,273.0,0.329487190820057,20,404.0,0.21107765112308546,27,677.0
5210.0,25,400.0,5.970149253731344,5.475397976153788,11,305.0,0.377824976406703,14,399.0,0.2344850178985069,25,704.0
5215.0,23,428.0,6.294117647058823,5.440480735037319,9,306.0,0.34584508942038267,14,370.0,0.30060155388114196,23,676.0
5220.0,20,433.0,6.185714285714286,5.769847185762631,6,307.0,0.38670740754913446,14,328.0,0.3112477890742622,20,635.0
5225.0,21,208.0,2.8493150684931505,4.988949980865758,6,178.0,0.3196049683770161,15,322.0,0.28198523581944973,21,500.0
5230.0,30,210.0,2.8767123287671232,5.289919474048737,12,78.0,0.2938550703021266,18,320.0,0.3311414347509568,30,398.0
5235.0,31,267.0,3.7083333333333335,4.677098096832138,11,115.0,0.22425418898432495,20,351.0,0.328789199734495,31,466.0
5240.0,24,244.0,3.536231884057971,4.306345902723454,5,109.0,0.20933832491772034,19,336.0,0.23462794275216117,24,445.0
5245.0,30,263.0,3.757142857142857,4.021751108649589,7,106.0,0.1898998418854362,23,393.0,0.15251675535774026,30,499.0
5250.0,35,382.0,5.380281690140845,4.116438134725745,11,155.0,0.21975812286786828,24,458.0,0.1373345781452855,35,613.0
5255.0,37,468.0,6.685714285714286,3.6986190394719594,10,182.0,0.3205184649882702,27,531.0,0.08194330991958734,37,713.0
5260.0,33,477.0,7.2272727272727275,4.322476988912731,6,172.0,0.5005982756119735,27,574.0,0.08673445073408179,33,746.0
5265.0,29,458.0,6.735294117647059,4.115971428412055,7,152.0,0.3588628277959363,22,615.0,0.1502600076213612,29,767.0
5270.0,32,532.0,7.823529411764706,5.267634983518171,10,196.0,0.4138091487385874,22,633.0,0.2237859957352438,32,829.0
5275.0,33,429.0,6.402985074626866,4.196368302765652,10,156.0,0.322454706921995,23,667.0,0.17190176191089374,33,823.0
5280.0,29,340.0,5.074626865671642,3.957076445733884,14,150.0,0.15592034017137463,15,614.0,0.20207444871490338,29,764.0
5285.0,33,384.0,5.818181818181818,3.9032843119270497,16,174.0,0.09749789703083164,17,648.0,0.22041601516203446,33,822.0
5290.0,24,349.0,5.369230769230769,4.557485093817645,5,146.0,0.33401267229065007,19,687.0,0.13694933401270545,24,833.0
5295.0,29,447.0,6.984375,4.102878513871186,6,126.0,0.41562604594973535,23,710.0,0.0998911781453894,29,836.0
5300.0,25,455.0,7.0,5.051665091001286,5,98.0,0.33107095210132664,20,677.0,0.18379390986097757,25,775.0
5305.0,28,397.0,6.203125,4.930330767396063,11,125.0,0.2223608200798742,17,660.0,0.23023903914331675,28,785.0
5310.0,30,355.0,5.725806451612903,4.627265129381567,13,191.0,0.2144991880112653,17,568.0,0.21545931897258433,30,759.0
5315.0,27,401.0,6.573770491803279,4.00960227677354,10,206.0,0.25868328275759445,17,582.0,0.16989613128395573,27,788.0
5320.0,28,427.0,7.116666666666666,5.021675329499638,7,176.0,0.33281374550172765,21,571.0,0.17534548849443052,28,747.0
5325.0,25,327.0,5.637931034482759,4.9108846750725395,6,120.0,0.3570516560288922,19,568.0,0.1580344749477094,25,688.0
5330.0,29,426.0,7.1,4.934632941456624,8,125.0,0.30197136876637576,21,574.0,0.17590331943043402,29,699.0
5335.0,30,406.0,6.548387096774194,4.225685731550724,10,135.0,0.31108704447527863,20,573.0,0.1638160506861207,30,708.0
5340.0,24,333.0,5.203125,5.346852085356038,9,165.0,0.41911266950400927,15,512.0,0.23481613240580299,24,677.0
5345.0,21,325.0,5.158730158730159,5.591958268660774,9,147.0,0.39214712260277257,12,455.0,0.3222710297309986,21,602.0
5350.0,18,328.0,5.466666666666667,6.8309257313188185,4,93.0,0.5200230339193302,14,487.0,0.290798262627379,18,580.0
5355.0,19,213.0,3.8035714285714284,5.145664228280446,5,63.0,0.4265245039486674,14,423.0,0.1385716909826766,19,486.0
5360.0,25,227.0,4.053571428571429,5.429506022857474,10,63.0,0.35026077872444306,15,306.0,0.16982802456611384,25,369.0
5365.0,26,260.0,4.7272727272727275,4.428992709664425,11,94.0,0.2533727537729514,15,316.0,0.200365246253814,26,410.0
5370.0,24,329.0,6.326923076923077,5.408873869397291,13,133.0,0.21382550173555082,11,263.0,0.339589095194603,24,396.0
5375.0,23,342.0,6.576923076923077,4.6870767514389735,12,156.0,0.1067096291825493,11,278.0,0.28877511686833757,23,434.0
5380.0,20,324.0,5.890909090909091,5.649530042892497,7,135.0,0.31779628906127044,13,281.0,0.2607988341532359,20,416.0
5385.0,20,243.0,4.673076923076923,5.376882894342495,7,95.0,0.4184020410892359,13,269.0,0.17690355780310074,20,364.0
5390.0,21,244.0,4.88,6.108887036516251,9,132.0,0.37456309415936156,12,236.0,0.31326510784841,21,368.0
5395.0,21,219.0,4.469387755102041,4.756057651097508,9,148.0,0.2845961743709459,12,248.0,0.2557996200555087,21,396.0
5400.0,24,275.0,5.5,5.323734252642465,10,146.0,0.34748724672652165,14,272.0,0.24754076825593477,24,418.0
5405.0,18,198.0,3.7358490566037736,5.2025205399238565,7,134.0,0.407580009879892,11,258.0,0.26673316712775036,18,392.0
5410.0,7,67.0,1.2181818181818183,6.865040490449871,3,66.0,0.34653923877564863,4,195.0,0.4418307473931693,7,261.0
5415.0,6,59.0,1.1568627450980393,8.087239855776511,4,57.0,0.4515229165676394,2,138.0,0.5342666864661655,6,195.0
5420.0,14,106.0,2.0784313725490198,7.351429224343021,5,75.0,0.45277697114110566,9,151.0,0.3078086660868783,14,226.0
5425.0,16,122.0,2.3461538461538463,5.870603982066436,4,78.0,0.40729711191286944,12,161.0,0.19657771676012398,16,239.0
5430.0,14,153.0,3.122448979591837,6.689888859222362,5,79.0,0.42950504999250544,9,157.0,0.3708617228384321,14,236.0
5435.0,13,116.0,2.2745098039215685,6.446930156768357,5,42.0,0.38200515861944767,8,164.0,0.419759545999289,13,206.0
5440.0,15,167.0,3.2745098039215685,6.775559601548672,6,47.0,0.4271197652491801,9,185.0,0.45028289483922024,15,232.0
5445.0,14,177.0,3.4705882352941178,6.979249894245772,5,63.0,0.47084891221856523,9,197.0,0.48118232746769407,14,260.0
5450.0,15,228.0,4.384615384615385,6.79465704932637,4,65.0,0.5204063058449979,11,234.0,0.3528444423731895,15,299.0
5455.0,17,152.0,2.814814814814815,5.447871542609299,5,55.0,0.4033176299012576,12,161.0,0.2237390229781057,17,216.0
5460.0,22,225.0,3.9473684210526314,6.295276644306774,7,71.0,0.45130248365384035,15,191.0,0.2763752239153942,22,262.0
5465.0,21,238.0,4.175438596491228,5.518737287842463,8,110.0,0.3825765709998511,13,203.0,0.30741235339276285,21,313.0
5470.0,19,260.0,4.814814814814815,5.690148737049138,11,162.0,0.36738883439880143,8,166.0,0.3473083849296403,19,328.0
5475.0,22,269.0,4.637931034482759,4.317802801331473,11,158.0,0.25466043549525597,11,194.0,0.25429480495771045,22,352.0
5480.0,30,402.0,6.380952380952381,4.4960686585844085,14,213.0,0.23653199029281083,16,255.0,0.266223062466701,30,468.0
5485.0,30,412.0,6.645161290322581,4.951869713426639,13,222.0,0.3277892118284565,17,295.0,0.2946996029248291,30,517.0
5490.0,19,369.0,5.951612903225806,5.756061554204503,7,164.0,0.3828767200899364,12,303.0,0.2624468309283141,19,467.0
5495.0,19,236.0,4.0,4.882447004504515,8,134.0,0.29376432761461124,11,270.0,0.16628175212124396,19,404.0
5500.0,25,240.0,3.9344262295081966,4.920621056786902,13,188.0,0.25543245730927017,12,192.0,0.18705015075381579,25,380.0
5505.0,27,273.0,4.265625,4.833587843898222,14,233.0,0.32233364918029894,13,223.0,0.23323274466825542,27,456.0
5510.0,28,333.0,5.285714285714286,5.32182602598426,12,245.0,0.3587289259257748,16,286.0,0.335344986841287,28,531.0
5515.0,28,329.0,5.140625,4.204144519517731,12,240.0,0.2574142471288635,16,310.0,0.3054357048732284,28,550.0
5520.0,26,386.0,5.848484848484849,4.813076478628675,10,203.0,0.3128205116598317,16,362.0,0.2735197790851516,26,565.0
5525.0,30,416.0,6.028985507246377,4.8111924653065,13,228.0,0.35009393959376145,17,375.0,0.12104898098704085,30,603.0
5530.0,23,294.0,4.388059701492537,5.5176416881074815,11,226.0,0.33507319648281864,12,316.0,0.1837916513369116,23,542.0
5535.0,23,331.0,5.171875,5.183667284168077,12,218.0,0.27492255047843134,11,364.0,0.2508967904661946,23,582.0
5540.0,35,420.0,6.666666666666667,4.150329900729994,17,263.0,0.17827360452721144,18,428.0,0.2335372242523338,35,691.0
5545.0,35,567.0,9.14516129032258,3.382822642487897,21,334.0,0.14867891040707773,14,444.0,0.2196681573852131,35,778.0
5550.0,30,590.0,9.672131147540984,4.1763532113759325,19,365.0,0.16504336622053023,11,416.0,0.33776717129032113,30,781.0
5555.0,23,453.0,7.306451612903226,4.861617405470449,14,320.0,0.1748117873496312,9,326.0,0.3974422236369524,23,646.0
5560.0,25,384.0,5.818181818181818,5.0361003663306745,15,345.0,0.2176534199238303,10,175.0,0.3739010295999732,25,520.0
5565.0,31,429.0,6.217391304347826,5.317147522851222,17,360.0,0.3098602593659065,14,203.0,0.3648000485767153,31,563.0
5570.0,31,425.0,6.071428571428571,4.585730699300204,12,355.0,0.3343648295948616,19,248.0,0.27092402521218173,31,603.0
5575.0,26,299.0,4.211267605633803,4.255757820597525,8,247.0,0.3650316511331121,18,293.0,0.18978075920252088,26,540.0
5580.0,22,232.0,3.36231884057971,4.890705376750664,6,180.0,0.3324656175467753,16,293.0,0.20040648831869073,22,473.0
5585.0,23,229.0,3.136986301369863,4.672236733527244,12,159.0,0.20048118600638112,11,300.0,0.23328636930889682,23,459.0
5590.0,32,331.0,4.534246575342466,4.433656249520729,14,183.0,0.2581372385219101,18,318.0,0.19106441270260377,32,501.0
5595.0,31,400.0,5.555555555555555,4.5794244609140415,10,184.0,0.3422871977180222,21,387.0,0.18552193256322777,31,571.0
5600.0,30,409.0,5.602739726027397,4.209194262973055,10,182.0,0.2934793155929409,20,445.0,0.15257220838767727,30,627.0
5605.0,33,436.0,5.972602739726027,4.6208616090920795,13,184.0,0.2518191112011453,20,481.0,0.18373008820664777,33,665.0
5610.0,30,410.0,5.857142857142857,4.333892151530821,16,231.0,0.14429406034236653,14,446.0,0.22646969487605,30,677.0
5615.0,24,433.0,6.5606060606060606,4.400479857941836,11,256.0,0.18572754523298052,13,476.0,0.19587351907576303,24,732.0
5620.0,29,460.0,7.076923076923077,4.1487960134026025,9,229.0,0.2668340249364142,20,516.0,0.07252429956797936,29,745.0
5625.0,35,384.0,6.0,3.577576623235067,14,288.0,0.24607833124230666,21,490.0,0.11413022653609695,35,778.0
5630.0,35,394.0,6.253968253968254,3.861583556878864,17,304.0,0.23034394993327034,18,450.0,0.2092853565350578,35,754.0
5635.0,33,462.0,7.451612903225806,3.732244118415401,18,321.0,0.20839160368337883,15,449.0,0.19594286836242547,33,770.0
5640.0,28,396.0,6.285714285714286,4.32449279251916,19,364.0,0.15681451209283667,9,364.0,0.23430081517861898,28,728.0
5645.0,20,343.0,5.622950819672131,5.032116809645406,9,324.0,0.150024054483185,11,303.0,0.23230059944010573,20,627.0
5650.0,21,393.0,6.140625,6.312729395711267,9,258.0,0.30066491195324,12,302.0,0.22754875208814815,21,560.0
5655.0,15,214.0,3.34375,6.6254558214966845,8,213.0,0.35675759270830654,7,234.0,0.3017297191541122,15,447.0
5660.0,21,286.0,4.688524590163935,6.511576900666064,12,183.0,0.3389823474033704,9,217.0,0.3997445678498054,21,400.0
5665.0,24,287.0,4.864406779661017,5.714818536761103,13,217.0,0.35144835374622624,11,216.0,0.37811029812591757,24,433.0
5670.0,22,327.0,5.637931034482759,5.6205621025128885,14,259.0,0.3064755433133306,8,188.0,0.4033351960407061,22,447.0
5675.0,23,302.0,5.033333333333333,4.563977778668108,16,271.0,0.21295469793352217,7,183.0,0.3595819489317875,23,454.0
5680.0,20,283.0,4.639344262295082,5.850696223198421,10,221.0,0.2795811749459386,10,196.0,0.3482185754542316,20,417.0
5685.0,18,254.0,4.305084745762712,5.44474245326286,8,186.0,0.25633291492035076,10,213.0,0.22462848067547664,18,399.0
5690.0,29,350.0,5.833333333333333,4.762137747852262,17,240.0,0.1442607597032241,12,239.0,0.19712116998105694,29,479.0
5695.0,29,321.0,5.944444444444445,3.7995008518110405,18,271.0,0.19183527419438942,11,214.0,0.19414311528594938,29,485.0
5700.0,23,372.0,6.763636363636364,4.700125152813859,11,260.0,0.2944641869431886,12,191.0,0.1916763218264564,23,451.0
5705.0,18,263.0,4.87037037037037,5.165778059540184,9,238.0,0.3511491511908628,9,179.0,0.2209694512389519,18,417.0
5710.0,24,289.0,5.254545454545455,5.280873704498068,13,230.0,0.314019106353759,11,191.0,0.28827966727575943,24,421.0
5715.0,22,262.0,4.763636363636364,4.533856706833462,15,263.0,0.22117690572897497,7,177.0,0.38151070527115105,22,440.0
5720.0,18,278.0,5.054545454545455,5.37191231166358,11,262.0,0.18778800879804006,7,139.0,0.41823767605561385,18,401.0
5725.0,18,230.0,4.107142857142857,5.339692059678368,11,277.0,0.21066663648131012,7,112.0,0.2267535721318132,18,389.0
5730.0,25,313.0,5.305084745762712,5.892524111348723,17,339.0,0.21667263267582518,8,96.0,0.33675147969694297,25,435.0
5735.0,23,346.0,6.528301886792453,5.066779774939628,16,391.0,0.26559334204899093,7,89.0,0.40306843422623345,23,480.0
5740.0,17,369.0,6.709090909090909,6.434429689172267,10,390.0,0.29810862420405276,7,102.0,0.5042999940437225,17,492.0
5745.0,17,367.0,6.796296296296297,5.4259611471396445,11,385.0,0.24235762296548782,6,120.0,0.32397803976707773,17,505.0
5750.0,27,424.0,7.310344827586207,5.118543174167848,15,377.0,0.23537994388346895,12,147.0,0.2450385886850826,27,524.0
5755.0,25,428.0,7.781818181818182,4.396255515807707,17,422.0,0.27509218055340423,8,130.0,0.32812492083115374,25,552.0
5760.0,18,422.0,7.814814814814815,5.471587432904089,12,423.0,0.28134797184854327,6,94.0,0.3746758121221426,18,517.0
5765.0,16,210.0,3.442622950819672,5.186538948385433,11,341.0,0.2015567027118752,5,69.0,0.3585157232392067,16,410.0
5770.0,25,180.0,2.727272727272727,5.878567742696006,17,258.0,0.22849934334927186,8,73.0,0.44323654262673656,25,331.0
5775.0,27,225.0,3.5714285714285716,5.31269262208867,18,307.0,0.25686332394754424,9,89.0,0.47001716371554925,27,396.0
5780.0,27,290.0,4.393939393939394,4.8887523693128525,17,348.0,0.25234282195119734,10,127.0,0.3697330344685335,27,475.0
5785.0,27,279.0,4.164179104477612,4.385250670376964,14,369.0,0.28505875995454216,13,132.0,0.27779039854462545,27,501.0
5790.0,22,224.0,3.343283582089552,4.956160071136882,11,325.0,0.2337279273515354,11,112.0,0.2866709333944887,22,437.0
5795.0,26,266.0,3.911764705882353,4.423231798286896,15,359.0,0.1680926573482243,11,132.0,0.20512300135058847,26,491.0
5800.0,31,365.0,5.069444444444445,4.640320524488083,17,400.0,0.17435282028753238,14,169.0,0.17787060278801425,31,569.0
5805.0,30,451.0,6.536231884057971,4.72473554443677,18,436.0,0.24479637709716592,12,213.0,0.2911727472246939,30,649.0
5810.0,22,478.0,7.242424242424242,5.007347891499584,14,426.0,0.21808502144559744,8,228.0,0.359574114136174,22,654.0
5815.0,23,317.0,4.803030303030303,5.106046052009312,16,394.0,0.2577294040487592,7,195.0,0.2602562091304698,23,589.0
5820.0,33,458.0,6.63768115942029,4.870341500625825,21,441.0,0.17209295454830187,12,196.0,0.24090391462150443,33,637.0
5825.0,32,457.0,6.436619718309859,4.737835891172231,22,510.0,0.1764615870804158,10,178.0,0.39053111313346395,32,688.0
5830.0,27,525.0,7.608695652173913,5.489297009903993,16,543.0,0.26813995702596943,11,148.0,0.3891885657435769,27,691.0
5835.0,24,586.0,8.746268656716419,5.841755619279408,16,591.0,0.37971396863484563,8,149.0,0.28011990167255013,24,740.0
5840.0,24,455.0,6.408450704225352,5.022476809079945,19,489.0,0.1575091869216183,5,108.0,0.3130407629797317,24,597.0
5845.0,25,387.0,5.5285714285714285,5.424937064813176,18,473.0,0.1832124463555456,7,122.0,0.34817692728587807,25,595.0
5850.0,32,442.0,6.314285714285714,5.459359933561793,21,519.0,0.2473370283815301,11,158.0,0.358555066502174,32,677.0
5855.0,28,362.0,5.246376811594203,5.157573988314502,18,559.0,0.2572085729519523,10,201.0,0.4090665788827305,28,760.0
5860.0,30,416.0,6.117647058823529,4.074386404088421,16,596.0,0.2730202320014431,14,244.0,0.25827508781898584,30,840.0
5865.0,32,476.0,6.8,3.8239258769147226,18,597.0,0.21573637991447164,14,263.0,0.27340439309095016,32,860.0
5870.0,29,445.0,6.180555555555555,4.001299724083662,22,646.0,0.13192682456712443,7,218.0,0.36532208571788866,29,864.0
5875.0,26,452.0,6.026666666666666,5.1188873881547945,20,634.0,0.18548413182699344,6,199.0,0.3560669874217393,26,833.0
5880.0,26,394.0,5.549295774647887,4.890710090909157,20,632.0,0.12235660125162987,6,196.0,0.360591099622508,26,828.0
5885.0,34,491.0,7.014285714285714,4.50188698672774,22,649.0,0.14319485646386845,12,217.0,0.24960207968951054,34,866.0
5890.0,36,407.0,5.985294117647059,3.709412936438019,23,668.0,0.12020106204835254,13,142.0,0.29810576919527887,36,810.0
5895.0,32,413.0,6.164179104477612,4.164647272764469,20,703.0,0.21586543736510325,12,135.0,0.3433167253380891,32,838.0
5900.0,28,314.0,4.617647058823529,3.9720710295997796,16,659.0,0.25585777656811315,12,153.0,0.3100276799446584,28,812.0
5905.0,18,184.0,2.5555555555555554,4.9379507563563445,10,627.0,0.27155532453171016,8,123.0,0.3029833259261221,18,750.0
5910.0,19,247.0,3.3835616438356166,5.889115711027055,14,667.0,0.2886381817554875,5,107.0,0.3230955568188206,19,774.0
5915.0,29,319.0,4.3108108108108105,5.167935902047135,19,658.0,0.20387953186228633,10,121.0,0.2129280443788498,29,779.0
5920.0,33,397.0,5.838235294117647,4.330546686273512,21,681.0,0.12617770623770128,12,150.0,0.236378705237583,33,831.0
5925.0,32,346.0,5.580645161290323,3.745268462450691,16,599.0,0.09431517731088096,16,207.0,0.25076965708049,32,806.0
5930.0,33,430.0,6.935483870967742,3.762095111159876,17,602.0,0.15192918286509774,16,255.0,0.2385295029782089,33,857.0
5935.0,29,431.0,6.841269841269841,3.5487281922069673,16,642.0,0.16629912775092665,13,269.0,0.24077796668748613,29,911.0
5940.0,24,390.0,6.290322580645161,4.871281788715667,16,663.0,0.21112413027456725,8,225.0,0.297048851533575,24,888.0
5945.0,22,379.0,6.423728813559322,4.993216954307524,17,671.0,0.1794774132102713,5,188.0,0.31817646338352623,22,859.0
5950.0,27,417.0,6.619047619047619,4.2152944022370455,15,681.0,0.16695041585271564,12,222.0,0.2103100969489873,27,903.0
5955.0,26,228.0,3.9310344827586206,3.680481404842289,12,606.0,0.2256832788924104,14,266.0,0.24302526938894028,26,872.0
5960.0,31,320.0,5.245901639344262,4.0929775637543795,15,543.0,0.24823170949313084,16,307.0,0.26730395134378954,31,850.0
5965.0,33,338.0,5.540983606557377,3.708874666885873,18,574.0,0.24043475125053235,15,313.0,0.24246005631863482,33,887.0
5970.0,22,272.0,4.25,4.691300794290798,13,560.0,0.2572177065673746,9,243.0,0.21912590791718148,22,803.0
5975.0,20,297.0,4.432835820895522,5.161857404538782,14,549.0,0.16715289977081485,6,264.0,0.3095254756656351,20,813.0
5980.0,28,321.0,4.720588235294118,4.737266359179539,14,470.0,0.18502225219862936,14,315.0,0.29241809211976505,28,785.0
5985.0,28,345.0,5.390625,4.767075742332391,11,496.0,0.27026791692065577,17,327.0,0.34651375998987216,28,823.0
5990.0,19,351.0,5.484375,4.745747914450251,9,501.0,0.2714196357686247,10,283.0,0.26603356023224667,19,784.0
5995.0,24,312.0,4.875,4.243758674126768,13,477.0,0.15646673492515686,11,220.0,0.22537353202871602,24,697.0
6000.0,31,394.0,6.253968253968254,4.7868871515652165,14,412.0,0.24083674061790492,17,250.0,0.21805230077840698,31,662.0
6005.0,32,350.0,5.384615384615385,4.171863505899364,13,381.0,0.2472294262047828,19,304.0,0.2112230534577875,32,685.0
6010.0,31,376.0,5.875,4.008809959600664,13,381.0,0.3068631878050494,18,340.0,0.21558272387160377,31,721.0
6015.0,31,399.0,6.045454545454546,3.8815021350893493,14,407.0,0.29481591641541266,17,367.0,0.25055526409728585,31,774.0
6020.0,25,388.0,5.705882352941177,4.598323549310633,11,400.0,0.27226414441346647,14,328.0,0.249516221840882,25,728.0
6025.0,25,413.0,6.257575757575758,4.342138688601333,13,386.0,0.16543281188874276,12,359.0,0.21498293893489515,25,745.0
6030.0,29,409.0,6.104477611940299,4.205932415330826,13,336.0,0.17483261875931452,16,377.0,0.16346444910150645,29,713.0
6035.0,33,351.0,5.484375,3.4889592601906054,13,275.0,0.2530238705447218,20,412.0,0.16076554855071667,33,687.0
6040.0,34,395.0,6.076923076923077,4.093676774120691,12,241.0,0.3398460387735349,22,448.0,0.20404984854406372,34,689.0
6045.0,34,436.0,6.411764705882353,4.349486050494904,12,252.0,0.3135321951108226,22,489.0,0.20707351656437026,34,741.0
6050.0,29,425.0,6.159420289855072,4.620885775046782,15,271.0,0.29153719519798,14,461.0,0.194448875527001,29,732.0
6055.0,27,413.0,6.164179104477612,4.110781373213825,15,290.0,0.20733803109927107,12,460.0,0.2139703742994145,27,750.0
6060.0,26,403.0,5.840579710144928,4.649197481889624,10,257.0,0.28827798654097686,16,457.0,0.18508412484460404,26,714.0
6065.0,29,276.0,4.3125,4.2032498731892876,9,192.0,0.2990105793180931,20,432.0,0.17860303331659516,29,624.0
6070.0,36,369.0,5.676923076923077,4.644529900172778,15,175.0,0.28444105480506915,21,426.0,0.19578260781280682,36,601.0
6075.0,34,448.0,6.787878787878788,4.0494171617724914,13,222.0,0.26128515274682124,21,463.0,0.1747553815564135,34,685.0
6080.0,25,405.0,6.136363636363637,4.966387039149124,11,237.0,0.2792761223419765,14,413.0,0.19917867112629914,25,650.0
6085.0,17,247.0,3.8,5.318713755724502,9,212.0,0.16481838320610515,8,351.0,0.33704367311802047,17,563.0
6090.0,25,311.0,4.573529411764706,5.895422148354193,12,190.0,0.2501716652123893,13,350.0,0.35773683344948976,25,540.0
6095.0,25,310.0,5.0,5.079272226110514,8,184.0,0.34800576785108694,17,378.0,0.29951628846731126,25,562.0
6100.0,24,319.0,5.145161290322581,4.619984573243437,8,141.0,0.324464778429527,16,366.0,0.2384955149684948,24,507.0
6105.0,21,248.0,3.9365079365079363,4.503228687110977,6,133.0,0.15910134529155226,15,308.0,0.2599384008687774,21,441.0
6110.0,21,243.0,3.626865671641791,5.96596669547256,6,106.0,0.35723709989570857,15,284.0,0.26108739666932473,21,390.0
6115.0,23,295.0,4.682539682539683,5.170888967878936,6,88.0,0.41729189667068467,17,332.0,0.19984740802741902,23,420.0
6120.0,22,358.0,5.59375,5.326399424247664,7,97.0,0.33862005774697973,15,370.0,0.20926543538544756,22,467.0
6125.0,23,269.0,4.338709677419355,4.992733005605055,9,108.0,0.2718285278953112,14,344.0,0.27096186725618837,23,452.0
6130.0,22,279.0,4.428571428571429,6.0343292438509275,6,117.0,0.43243461132781247,16,294.0,0.23053574063825794,22,411.0
6135.0,28,371.0,6.183333333333334,5.761015479901805,7,151.0,0.5425172519123116,21,353.0,0.13304054955386027,28,504.0
6140.0,25,347.0,5.783333333333333,5.2703508858450885,6,129.0,0.47473026784007266,19,394.0,0.10746688719922495,25,523.0
6145.0,28,390.0,6.39344262295082,4.162541635644475,9,103.0,0.3830180425128715,19,443.0,0.14885012119188337,28,546.0
6150.0,23,330.0,5.32258064516129,5.206483787056699,11,112.0,0.3022042702537002,12,426.0,0.31700448402027354,23,538.0
6155.0,22,271.0,4.442622950819672,5.373480684594882,13,152.0,0.2718992210516641,9,354.0,0.3333558010770505,22,506.0
6160.0,27,274.0,4.349206349206349,4.515075664536369,13,194.0,0.20742476050766395,14,341.0,0.30922397153684356,27,535.0
6165.0,26,310.0,5.166666666666667,4.402963717761531,11,189.0,0.33019011103845514,15,365.0,0.20633765960529293,26,554.0
6170.0,24,298.0,4.73015873015873,4.954617069014572,12,169.0,0.2873471289452453,12,356.0,0.21403735848302513,24,525.0
6175.0,25,329.0,5.306451612903226,5.171022369156134,13,180.0,0.2633079556912417,12,365.0,0.2457433566500017,25,545.0
6180.0,28,301.0,5.016666666666667,4.6597051589772285,15,211.0,0.22975534715000437,13,340.0,0.26116055652505793,28,551.0
6185.0,27,396.0,7.071428571428571,4.105571689820436,17,276.0,0.2075064926533615,10,363.0,0.2609799388791672,27,639.0
6190.0,27,426.0,7.473684210526316,3.804036635430848,17,297.0,0.12034431608685088,10,371.0,0.27878479530615585,27,668.0
6195.0,22,402.0,6.590163934426229,5.0377659119536125,8,272.0,0.20541835050132942,14,396.0,0.21040859722859348,22,668.0
6200.0,20,437.0,7.163934426229508,5.479376319699562,8,276.0,0.28241794436120093,12,412.0,0.23300835107140133,20,688.0
6205.0,29,498.0,8.440677966101696,4.953643788040483,15,324.0,0.2930942116052746,14,417.0,0.22731245872731673,29,741.0
6210.0,31,559.0,10.163636363636364,3.66795716738185,13,340.0,0.2658371593281108,18,476.0,0.18084599194719975,31,816.0
6215.0,31,528.0,9.6,3.566954736012356,14,317.0,0.2779608730732611,17,521.0,0.19974690185992755,31,838.0
6220.0,26,522.0,9.321428571428571,3.81409558167856,14,318.0,0.13699269450227047,12,501.0,0.2951354543160184,26,819.0
6225.0,24,448.0,7.344262295081967,4.47536313614786,10,240.0,0.1640290844628488,14,506.0,0.22181766597921437,24,746.0
6230.0,19,453.0,6.969230769230769,5.5557003602165755,8,260.0,0.29692965687694395,11,493.0,0.20543749468842323,19,753.0
6235.0,25,247.0,3.9838709677419355,5.6295589158387385,15,304.0,0.34561830069703386,10,318.0,0.2780666151012287,25,622.0
6240.0,25,237.0,3.8852459016393444,5.188290305586884,14,307.0,0.32032347028735825,11,175.0,0.2901081249052259,25,482.0
6245.0,27,268.0,4.5423728813559325,5.020098405613716,15,294.0,0.3258055201603032,12,180.0,0.28431962785819087,27,474.0
6250.0,26,278.0,4.557377049180328,4.9540813631955665,16,291.0,0.1830986503507193,10,160.0,0.34867891553614466,26,451.0
6255.0,19,226.0,3.7666666666666666,5.569910799935202,9,228.0,0.26235212406427655,10,163.0,0.32068923696337337,19,391.0
6260.0,16,127.0,2.0483870967741935,5.4279526683920825,7,203.0,0.3201648755158203,9,162.0,0.22821413068096477,16,365.0
6265.0,25,182.0,2.84375,4.8918623225061095,12,186.0,0.34689022394927216,13,201.0,0.1399306373511866,25,387.0
6270.0,32,297.0,4.714285714285714,4.895115185640769,16,241.0,0.3704302148889906,16,271.0,0.21764319205335037,32,512.0
6275.0,31,382.0,5.96875,4.388814650661486,19,314.0,0.27088130703330626,12,296.0,0.29236292388027574,31,610.0
6280.0,31,385.0,6.015625,3.928490741383195,23,341.0,0.11424350590427132,8,264.0,0.3945015605629775,31,605.0
6285.0,27,377.0,5.890625,4.300286961308753,18,323.0,0.12429272602112865,9,267.0,0.33531611654812576,27,590.0
6290.0,25,414.0,6.2727272727272725,5.60050584994986,14,312.0,0.2886856944844089,11,271.0,0.1928505782917091,25,583.0
6295.0,22,385.0,5.833333333333333,5.317176651549363,13,337.0,0.2720080048470231,9,245.0,0.12525859519832178,22,582.0
6300.0,32,326.0,4.9393939393939394,4.558714118914265,22,362.0,0.24721979398720012,10,185.0,0.20002917062656397,32,547.0
6305.0,28,347.0,5.688524590163935,4.644403863722695,19,398.0,0.2717081340913629,9,154.0,0.3678237775844738,28,552.0
6310.0,29,348.0,5.2727272727272725,5.002586294572778,22,394.0,0.30506007412324354,7,166.0,0.3674103384779679,29,560.0
6315.0,29,396.0,5.739130434782608,5.317265068913815,23,441.0,0.24566636834003355,6,139.0,0.4225064259301689,29,580.0
6320.0,26,358.0,5.042253521126761,5.181790890682719,21,432.0,0.12664617349286417,5,111.0,0.4863514583734016,26,543.0
6325.0,28,445.0,6.267605633802817,5.98344479988525,21,448.0,0.2258617316883963,7,77.0,0.3821403009467672,28,525.0
6330.0,27,369.0,5.590909090909091,5.131495204917164,20,444.0,0.19762842710353962,7,62.0,0.31272295724894517,27,506.0
6335.0,32,374.0,5.84375,4.432904371896262,22,455.0,0.15565776036592818,10,108.0,0.22681546535907532,32,563.0
6340.0,31,412.0,6.5396825396825395,3.9138367260581854,21,500.0,0.12742662618381034,10,130.0,0.3498520674001798,31,630.0
6345.0,26,427.0,6.46969696969697,5.396381709914687,19,523.0,0.21432798814732434,7,118.0,0.4592995665881101,26,641.0
6350.0,18,383.0,6.491525423728813,5.8107154854093634,14,529.0,0.1879691359200764,4,92.0,0.5155445057382517,18,621.0
6355.0,21,317.0,5.283333333333333,5.838951435588844,14,487.0,0.23609130429686773,7,76.0,0.2654447936995782,21,563.0
6360.0,30,405.0,7.105263157894737,4.085813697793785,22,482.0,0.13631688276888354,8,105.0,0.22585996497984226,30,587.0
6365.0,30,514.0,8.566666666666666,4.334317399117481,19,538.0,0.1781547839785376,11,152.0,0.2972841586907809,30,690.0
6370.0,24,511.0,8.661016949152541,5.210155219190836,17,555.0,0.2685194380092482,7,159.0,0.4046733710460031,24,714.0
6375.0,19,499.0,8.457627118644067,5.153860168559242,15,572.0,0.24119121860981804,4,132.0,0.4183371449686285,19,704.0
6380.0,18,485.0,8.660714285714286,5.429843349080469,13,556.0,0.19633388141747138,5,133.0,0.43872717534712125,18,689.0
6385.0,18,196.0,3.5,5.222729151852343,15,475.0,0.0796630684565035,3,50.0,0.4918091257792376,18,525.0
6390.0,21,155.0,2.5833333333333335,5.39170573797245,15,407.0,0.1567248050942357,6,39.0,0.33069595455624323,21,446.0
6395.0,19,201.0,3.6545454545454548,5.5568992263007635,14,439.0,0.26533792586695665,5,55.0,0.4065337535336356,19,494.0
6400.0,15,230.0,4.181818181818182,6.606829397739047,11,442.0,0.315610306733552,4,46.0,0.413686740626415,15,488.0
6405.0,12,202.0,3.811320754716981,6.30072359451613,8,443.0,0.28383794860035444,4,49.0,0.377822684790868,12,492.0
6410.0,22,294.0,5.547169811320755,5.642539636143531,13,467.0,0.28107609663443794,9,90.0,0.3557465460645863,22,557.0
6415.0,21,301.0,5.788461538461538,5.148660266922968,14,462.0,0.2636206269461183,7,105.0,0.4403955979273886,21,567.0
6420.0,20,276.0,5.3076923076923075,6.212328471674722,12,387.0,0.24742744454912666,8,132.0,0.5281237883782636,20,519.0
6425.0,18,223.0,3.8448275862068964,5.644000243671516,12,355.0,0.1942034923770675,6,117.0,0.47222196561481966,18,472.0
6430.0,23,288.0,4.8,5.789450540861693,16,365.0,0.2529052286316847,7,105.0,0.4319135003278756,23,470.0
6435.0,22,221.0,3.7457627118644066,5.535483420996914,15,376.0,0.3215478741365201,7,63.0,0.41141936122662176,22,439.0
6440.0,19,189.0,3.0483870967741935,5.789285842580848,11,319.0,0.2852214359199394,8,102.0,0.38726869847390766,19,421.0
6445.0,25,187.0,2.8333333333333335,4.753061845842301,15,296.0,0.18556249798351468,10,108.0,0.3790230223994651,25,404.0
6450.0,22,170.0,2.5757575757575757,5.643751727992039,15,282.0,0.21600613543291874,7,92.0,0.45486522819299197,22,374.0
6455.0,24,238.0,3.606060606060606,4.865153481071302,14,296.0,0.24159626234970075,10,122.0,0.37801466049758614,24,418.0
6460.0,26,317.0,4.731343283582089,5.575117923333859,13,280.0,0.2760434349514052,13,161.0,0.35535706558259467,26,441.0
6465.0,29,295.0,4.402985074626866,4.6727263090672775,11,271.0,0.28545260276785156,18,204.0,0.2185713510781536,29,475.0
6470.0,31,390.0,5.6521739130434785,5.048326064410887,14,257.0,0.29110750246382716,17,275.0,0.28117183030149007,31,532.0
6475.0,30,355.0,5.144927536231884,4.636728960700253,13,286.0,0.29817766743107704,17,285.0,0.32525627869611656,30,571.0
6480.0,32,433.0,6.185714285714286,4.746485404606847,15,302.0,0.33254008093207627,17,294.0,0.31941331999054373,32,596.0
6485.0,35,411.0,5.708333333333333,3.7604529812195975,16,311.0,0.27335104606736177,19,316.0,0.22313434685364864,35,627.0
6490.0,33,410.0,5.394736842105263,4.137088788099523,18,301.0,0.16568359726003765,15,290.0,0.2787137481834008,33,591.0
6495.0,34,373.0,4.782051282051282,3.97555014385582,18,332.0,0.13375179244681445,16,311.0,0.2839379145431008,34,643.0
6500.0,31,327.0,4.1923076923076925,4.434556353237901,10,294.0,0.25794343338205655,21,359.0,0.1991914066222916,31,653.0
6505.0,35,445.0,5.779220779220779,4.128926668344983,9,263.0,0.31947702105161546,26,427.0,0.10790523327966607,35,690.0
6510.0,33,541.0,6.935897435897436,4.879742952361747,11,271.0,0.2874050290143539,22,483.0,0.15147357510038173,33,754.0
6515.0,25,474.0,6.493150684931507,5.584633412147148,9,266.0,0.23472052460038917,16,467.0,0.22645224949873358,25,733.0
6520.0,26,455.0,6.594202898550725,5.33726739026105,11,260.0,0.24022831171408518,15,412.0,0.2626706114507412,26,672.0
6525.0,28,369.0,5.3478260869565215,4.500471039245036,11,213.0,0.3317215898147779,17,432.0,0.20598639944775715,28,645.0
6530.0,28,373.0,5.7384615384615385,5.693574979993128,8,228.0,0.5632328840504816,20,440.0,0.2466406640380121,28,668.0
6535.0,21,297.0,4.5,5.426878503536718,5,156.0,0.5432836191330385,16,481.0,0.22890495454980544,21,637.0
6540.0,28,359.0,5.056338028169014,4.739014735669224,13,133.0,0.274530647209957,15,484.0,0.22164013048116785,28,617.0
6545.0,34,330.0,4.782608695652174,3.961857228388281,13,132.0,0.2623605667711074,21,514.0,0.14412090130019634,34,646.0
6550.0,27,288.0,4.235294117647059,4.419613423927735,8,110.0,0.3430311743080212,19,504.0,0.0999701553629911,27,614.0
6555.0,25,275.0,4.104477611940299,4.174696367021866,6,120.0,0.3316599258458189,19,508.0,0.11765400065835968,25,628.0
6560.0,34,374.0,5.5,3.923649066120395,13,160.0,0.20198747788979987,21,489.0,0.18183789858147645,34,649.0
6565.0,37,442.0,6.597014925373134,4.512177979638033,16,202.0,0.2775134386036639,21,534.0,0.27147894834066155,37,736.0
6570.0,33,494.0,7.373134328358209,4.073060192526839,15,250.0,0.2572951366554637,18,533.0,0.2665640389312158,33,783.0
6575.0,36,485.0,7.028985507246377,2.8973955875637682,17,283.0,0.20086525886341006,19,552.0,0.1804549995242743,36,835.0
6580.0,28,315.0,4.632352941176471,4.002322480678845,12,251.0,0.21405358930674515,16,512.0,0.179063274536238,28,763.0
6585.0,21,289.0,3.9054054054054053,4.615708622860637,7,218.0,0.2075734647148928,14,503.0,0.20803652254520041,21,721.0
6590.0,24,287.0,3.776315789473684,5.7769974563876785,8,192.0,0.3666500971093775,16,480.0,0.20786674392522414,24,672.0
6595.0,26,289.0,3.9054054054054053,5.53401264587205,7,178.0,0.3779512630285225,19,499.0,0.20007527698791494,26,677.0
6600.0,25,326.0,4.527777777777778,5.346004162317964,11,158.0,0.4096894639424289,14,461.0,0.18043782728138869,25,619.0
6605.0,25,385.0,5.746268656716418,4.379795431652759,12,179.0,0.22375779498878642,13,485.0,0.2343028519037246,25,664.0
6610.0,24,430.0,6.515151515151516,4.864019470259449,10,174.0,0.23270929065150056,14,484.0,0.2183627422066704,24,658.0
6615.0,28,356.0,5.5625,3.799456251605892,9,134.0,0.2659819097151075,19,495.0,0.060200008829719494,28,629.0
6620.0,35,432.0,6.967741935483871,3.9340794292068346,13,137.0,0.25965564751410375,22,465.0,0.17513540978917094,35,602.0
6625.0,32,505.0,8.14516129032258,3.4723695134442485,12,176.0,0.28895198716441234,20,517.0,0.20774041555940462,32,693.0
6630.0,20,425.0,6.967213114754099,4.234032361744095,8,170.0,0.2586288630616005,12,490.0,0.257585294614255,20,660.0
6635.0,20,237.0,3.8852459016393444,4.528090286200158,8,150.0,0.2797288669983907,12,392.0,0.2163492826284663,20,542.0
6640.0,27,294.0,4.666666666666667,4.902221269733742,14,194.0,0.26089249963440897,13,299.0,0.22880313609576228,27,493.0
6645.0,30,350.0,5.737704918032787,4.423022337494633,14,232.0,0.23379094005430154,16,336.0,0.22535915965833608,30,568.0
6650.0,23,350.0,5.737704918032787,5.150711193920359,9,232.0,0.2857722789379549,14,344.0,0.23915241115687225,23,576.0
6655.0,23,400.0,6.451612903225806,5.409202894934774,9,252.0,0.402337200099009,14,352.0,0.1567875398225749,23,604.0
6660.0,19,246.0,4.032786885245901,5.47846666575913,8,181.0,0.34453144880391895,11,302.0,0.20830288102708816,19,483.0
6665.0,25,349.0,5.721311475409836,5.532415698348624,11,189.0,0.24072996188544357,14,303.0,0.2701521307669047,25,492.0
6670.0,25,420.0,6.774193548387097,5.345920232572163,12,230.0,0.23672624751863172,13,321.0,0.3050791134551776,25,551.0
6675.0,25,476.0,7.67741935483871,5.915695923231448,14,290.0,0.29351206618765846,11,333.0,0.3545196713150786,25,623.0
6680.0,21,281.0,4.60655737704918,4.896498457796569,9,248.0,0.3897912648499257,12,292.0,0.20842490522577647,21,540.0
6685.0,30,365.0,5.887096774193548,4.656383444340537,14,215.0,0.3528237522304781,16,278.0,0.2191552183821675,30,493.0
6690.0,33,439.0,6.651515151515151,4.111211811431545,16,284.0,0.3378081748024506,17,296.0,0.23856177067318143,33,580.0
6695.0,33,558.0,8.454545454545455,4.365846610250953,19,363.0,0.262289764131474,14,303.0,0.2958160041500894,33,666.0
6700.0,31,607.0,8.549295774647888,4.411402794290561,18,425.0,0.19642492127878475,13,318.0,0.32828421419295656,31,743.0
6705.0,31,643.0,8.808219178082192,4.836494055903734,18,481.0,0.21496281246330173,13,317.0,0.28987403308286125,31,798.0
6710.0,31,580.0,7.532467532467533,4.224614478314079,16,460.0,0.18307885597326246,15,365.0,0.27412816003183416,31,825.0
6715.0,23,364.0,4.7894736842105265,4.412316645341471,11,330.0,0.1595178674551362,12,392.0,0.27765656321187254,23,722.0
6720.0,24,228.0,2.961038961038961,4.815273697888925,11,359.0,0.22249844337382887,13,320.0,0.261334512987728,24,679.0
6725.0,33,320.0,4.050632911392405,4.905559141491734,13,386.0,0.29726567696112544,20,306.0,0.23592036467246041,33,692.0
6730.0,36,413.0,5.581081081081081,3.825923435416194,15,370.0,0.2389529822434994,21,358.0,0.24119718556522252,36,728.0
6735.0,33,446.0,6.109589041095891,3.565759256472676,13,339.0,0.19567009963371815,20,367.0,0.18296560852843316,33,706.0
6740.0,29,505.0,6.824324324324325,3.9379121194314144,10,306.0,0.2484271478367964,19,409.0,0.10451846168812175,29,715.0
6745.0,25,509.0,6.878378378378378,5.542565440560006,11,321.0,0.34860879951634544,14,392.0,0.13594087083427467,25,713.0
6750.0,26,367.0,5.097222222222222,4.763678727137811,12,320.0,0.21056372273496957,14,350.0,0.1771941318407809,26,670.0
6755.0,36,489.0,6.887323943661972,4.6599347801928035,19,364.0,0.1676938175762993,17,319.0,0.18314570804599523,36,683.0
6760.0,38,592.0,8.835820895522389,3.988365507696655,20,441.0,0.21941876633825821,18,359.0,0.1852103595449041,38,800.0
6765.0,25,581.0,8.544117647058824,5.099592886907509,10,456.0,0.3162510336366539,15,371.0,0.2101939237773256,25,827.0
6770.0,22,466.0,6.852941176470588,4.5249783142124835,11,441.0,0.291987885686088,11,354.0,0.1921853974408707,22,795.0
6775.0,30,486.0,6.942857142857143,4.392264323690228,14,418.0,0.241997558131096,16,388.0,0.22910806031221048,30,806.0
6780.0,36,516.0,7.166666666666667,3.6780460176285135,18,467.0,0.19521458278830206,18,386.0,0.2751641820094562,36,853.0
6785.0,23,444.0,6.434782608695652,4.703285836941832,15,475.0,0.19201925441286125,8,316.0,0.35121420145189586,23,791.0
6790.0,20,227.0,3.338235294117647,4.79599484229736,9,340.0,0.23197709705853525,11,328.0,0.29593098112527816,20,668.0
6795.0,31,314.0,4.617647058823529,4.1369217575512955,13,265.0,0.2257256989365848,18,396.0,0.17562744290963392,31,661.0
6800.0,42,417.0,6.415384615384616,3.156296385337966,20,314.0,0.17969459724598272,22,439.0,0.17055714763831306,42,753.0
6805.0,34,524.0,8.061538461538461,3.465413934096204,18,360.0,0.14388639545697557,16,438.0,0.20592293479427057,34,798.0
6810.0,34,631.0,9.417910447761194,4.351993738687914,18,400.0,0.13155947458332687,16,476.0,0.25906680006986976,34,876.0
6815.0,27,524.0,7.594202898550725,4.947150492666362,10,370.0,0.24458559620733605,17,473.0,0.1766241936723226,27,843.0
6820.0,23,413.0,5.9855072463768115,5.673476315134329,7,337.0,0.36122163625536136,16,434.0,0.17820728250344647,23,771.0
6825.0,21,262.0,3.7971014492753623,5.628248754531651,6,254.0,0.3694177351058457,15,449.0,0.2151251608713101,21,703.0
6830.0,31,341.0,5.014705882352941,4.9300634217847445,11,179.0,0.3742740833459759,20,494.0,0.1600425584850922,31,673.0
6835.0,31,381.0,5.602941176470588,4.537026906974561,11,189.0,0.34351825272892,20,535.0,0.2415753575267877,31,724.0
6840.0,21,350.0,5.555555555555555,5.261015449779889,8,169.0,0.2810710571419802,13,525.0,0.3096875746214399,21,694.0
6845.0,19,205.0,3.0597014925373136,4.914909774719923,8,124.0,0.18232356214425335,11,524.0,0.23372282629085758,19,648.0
6850.0,28,268.0,4.1875,4.859734076824987,13,116.0,0.12714809526648901,15,520.0,0.2623234840794151,28,636.0
6855.0,31,362.0,5.65625,4.184611864805365,13,155.0,0.2051129407185647,18,561.0,0.2593434504296777,31,716.0
6860.0,20,372.0,5.8125,5.218438087818919,6,145.0,0.2530078741582684,14,563.0,0.28072812615560194,20,708.0
6865.0,23,370.0,5.4411764705882355,5.5529106772458485,7,142.0,0.35409716688565696,16,519.0,0.21671515691639703,23,661.0
6870.0,21,218.0,3.303030303030303,5.7771122494154294,5,112.0,0.4411753697708834,16,426.0,0.19649920565842727,21,538.0
6875.0,28,266.0,4.222222222222222,4.910749908972311,10,127.0,0.3842975244259864,18,489.0,0.19354810948469853,28,616.0
6880.0,27,336.0,5.508196721311475,4.597906774901265,13,177.0,0.24925039204988908,14,510.0,0.21620952809706048,27,687.0
6885.0,31,398.0,6.419354838709677,3.698835179389398,13,238.0,0.1531439333787097,18,533.0,0.17427574057706915,31,771.0
6890.0,31,384.0,6.0,4.223666754032138,11,261.0,0.29185333544907643,20,550.0,0.1853853276379174,31,811.0
6895.0,28,430.0,6.417910447761194,5.008962603816711,7,229.0,0.38715308537804116,21,563.0,0.19648207877961116,28,792.0
6900.0,26,330.0,5.0,5.49640242425702,6,160.0,0.45798797875456904,20,501.0,0.20803063554999235,26,661.0
6905.0,24,342.0,5.181818181818182,5.796280260131269,3,104.0,0.5571390470245798,21,504.0,0.1958155120831145,24,608.0
6910.0,23,355.0,5.725806451612903,5.680945479658947,4,51.0,0.5515420740466646,19,539.0,0.2527512000494977,23,590.0
6915.0,26,444.0,7.278688524590164,4.811004961785457,4,46.0,0.4820515654574458,22,597.0,0.18332142588946573,26,643.0
6920.0,34,473.0,7.754098360655738,3.960157433363753,10,84.0,0.31897736121827386,24,641.0,0.1461888896981475,34,725.0
6925.0,27,323.0,5.47457627118644,3.694371625789267,8,102.0,0.16168323841681356,19,595.0,0.16305976288018065,27,697.0
6930.0,23,362.0,6.033333333333333,4.22533504488179,9,104.0,0.19863634267051056,14,610.0,0.165292408836712,23,714.0
6935.0,24,353.0,5.786885245901639,4.629064563745852,6,104.0,0.34992059836840816,18,616.0,0.12431622223764507,24,720.0
6940.0,26,318.0,5.3,5.05429257916344,5,80.0,0.5278476103599014,21,626.0,0.15356780449095467,26,706.0
6945.0,26,244.0,4.135593220338983,4.9509259432408514,5,57.0,0.4839272705117676,21,584.0,0.2100868843418466,26,641.0
6950.0,28,296.0,5.016949152542373,4.760784601355295,9,93.0,0.42951892674056685,19,582.0,0.21507248457629347,28,675.0
6955.0,23,193.0,3.216666666666667,4.266728242025419,9,100.0,0.2400184120743179,14,487.0,0.19902143714941894,23,587.0
6960.0,21,259.0,4.389830508474576,5.35170790307924,6,99.0,0.27045695243019574,15,441.0,0.24996616262562185,21,540.0
6965.0,22,239.0,3.918032786885246,5.26851574318486,8,88.0,0.25470752276265757,14,443.0,0.14837079755236576,22,531.0
6970.0,30,355.0,5.819672131147541,5.519564923215164,9,115.0,0.35888991755920263,21,501.0,0.16643042775180145,30,616.0
6975.0,27,395.0,6.583333333333333,5.338921116478826,9,116.0,0.36413191317338345,18,538.0,0.2560413944416325,27,654.0
6980.0,20,457.0,8.017543859649123,5.8556634590184515,8,130.0,0.374108541429739,12,524.0,0.33368755645953185,20,654.0
6985.0,20,410.0,7.321428571428571,5.580860649147657,6,115.0,0.31663765004657835,14,509.0,0.30962552879977595,20,624.0
6990.0,22,389.0,6.946428571428571,5.130771025097336,10,117.0,0.2899713025247881,12,453.0,0.2628155825424734,22,570.0
6995.0,20,258.0,4.867924528301887,4.515476189010379,8,100.0,0.37737086078745685,12,399.0,0.226627281959475,20,499.0
7000.0,21,161.0,2.9272727272727272,4.77374860589352,8,70.0,0.44940819211378447,13,339.0,0.11881066969953334,21,409.0
7005.0,21,208.0,4.0,5.41930722186169,4,67.0,0.5796306968026235,17,331.0,0.12218724137563507,21,398.0
7010.0,21,252.0,5.04,4.970833500069125,5,62.0,0.5210698656684796,16,350.0,0.09662629814084796,21,412.0
7015.0,23,240.0,4.8979591836734695,4.0517010177723085,8,47.0,0.3433053583073227,15,346.0,0.1380160711686399,23,393.0
7020.0,23,239.0,4.686274509803922,4.0002446486068575,10,72.0,0.27135000101143936,13,355.0,0.17711145973321465,23,427.0
7025.0,21,202.0,4.122448979591836,4.677104007789348,10,97.0,0.26862826884848545,11,294.0,0.26511177950252574,21,391.0
7030.0,17,218.0,4.448979591836735,5.709144638909553,7,90.0,0.341456694019951,10,294.0,0.23251727659437985,17,384.0
7035.0,14,182.0,3.7142857142857144,5.598000464300324,4,67.0,0.39578620525121133,10,283.0,0.12429074129809474,14,350.0
7040.0,18,224.0,4.76595744680851,5.2519674163888705,7,75.0,0.4087345419333828,11,306.0,0.1557148842987385,18,381.0
7045.0,19,261.0,5.931818181818182,5.170172084360934,7,97.0,0.4445371127386365,12,299.0,0.24483871807608415,19,396.0
7050.0,16,256.0,5.688888888888889,5.789839736821094,8,98.0,0.4251703267270834,8,276.0,0.26527838991068914,16,374.0
7055.0,12,265.0,6.309523809523809,6.112562596931667,6,117.0,0.3600958086960851,6,242.0,0.28968461105348176,12,359.0
7060.0,16,215.0,5.119047619047619,6.025933454125765,11,157.0,0.20346510255391764,5,149.0,0.3564305820806047,16,306.0
7065.0,17,219.0,5.093023255813954,6.269327454422292,10,147.0,0.29904160946330566,7,179.0,0.40245229373114316,17,326.0
7070.0,19,265.0,6.625,4.877040606359573,13,181.0,0.23964231216701598,6,172.0,0.39237693014890923,19,353.0
7075.0,16,294.0,6.837209302325581,5.276461997156284,8,200.0,0.331829221986002,8,192.0,0.3500341777237479,16,392.0
7080.0,14,279.0,6.065217391304348,5.646891166425903,6,187.0,0.4368866573932701,8,184.0,0.1788622052453479,14,371.0
7085.0,11,155.0,3.369565217391304,7.104977619057488,5,125.0,0.5002546471044033,6,159.0,0.2391214148971659,11,284.0
7090.0,15,210.0,4.375,7.002268896578518,9,83.0,0.29030930049965625,6,181.0,0.33319262686430057,15,264.0
7095.0,13,152.0,3.3043478260869565,6.128362545123093,9,116.0,0.18826070151370589,4,129.0,0.44326519795356273,13,245.0
7100.0,12,160.0,3.6363636363636362,7.435479769707834,8,118.0,0.3260766800071497,4,59.0,0.5600984509152741,12,177.0
7105.0,10,138.0,3.2857142857142856,6.349881385631557,6,120.0,0.3475179117797649,4,53.0,0.4406999232689242,10,173.0
7110.0,18,209.0,4.976190476190476,6.358669993696409,9,144.0,0.3551998175619699,9,91.0,0.42104780737603126,18,235.0
7115.0,16,241.0,5.4772727272727275,5.659370492922693,8,162.0,0.24251520798365314,8,124.0,0.44108100092842417,16,286.0
7120.0,15,302.0,7.023255813953488,6.356607317757792,6,158.0,0.3785953183319821,9,164.0,0.34146709224879335,15,322.0
7125.0,18,272.0,6.181818181818182,6.333476678805076,7,136.0,0.41319981985344323,11,159.0,0.3248650228371947,18,295.0
7130.0,18,286.0,6.809523809523809,5.849557447828624,7,117.0,0.4980648024533603,11,198.0,0.2412287210810653,18,315.0
7135.0,18,225.0,5.357142857142857,3.5859771198435233,7,126.0,0.3503257809696621,11,189.0,0.17728822369008881,18,315.0
7140.0,15,194.0,4.409090909090909,5.826543726119843,9,150.0,0.43836783399527446,6,117.0,0.22272052145749605,15,267.0
7145.0,11,101.0,2.1041666666666665,6.647304856674,7,104.0,0.4951712365601793,4,93.0,0.14406029012453112,11,197.0
7150.0,17,138.0,2.76,6.704059498387024,9,88.0,0.39918060949295864,8,107.0,0.23553330626218777,17,195.0
7155.0,14,176.0,3.5918367346938775,6.4855481737363005,10,128.0,0.31050158605564293,4,92.0,0.4596815604592818,14,220.0
7160.0,12,215.0,5.2439024390243905,7.010429753109011,10,166.0,0.35072680482209123,2,71.0,0.5232379197014979,12,237.0
7165.0,13,207.0,5.048780487804878,6.2205159817487985,10,160.0,0.2175092964936761,3,79.0,0.4584734988715761,13,239.0
7170.0,17,247.0,5.613636363636363,6.3046865014821885,10,161.0,0.29596417669567127,7,108.0,0.40545875375857127,17,269.0
7175.0,12,102.0,2.3181818181818183,7.2664376582426655,8,127.0,0.3837191519902518,4,91.0,0.5902241159961026,12,218.0
7180.0,9,104.0,2.4761904761904763,7.74362113141312,4,64.0,0.5162873648580767,5,74.0,0.49233639849722854,9,138.0
7185.0,8,81.0,1.7608695652173914,6.785335688650387,5,70.0,0.4304518158735765,3,56.0,0.4188326722002067,8,126.0
7190.0,11,107.0,2.2291666666666665,7.070978984862165,8,105.0,0.3240614389104946,3,29.0,0.42742950864996093,11,134.0
7195.0,11,71.0,1.5777777777777777,6.514297171580115,8,110.0,0.28306315298793616,3,19.0,0.4194086381940198,11,129.0
7200.0,15,132.0,2.8085106382978724,7.257959758656144,9,122.0,0.2949355679930175,6,34.0,0.48905682516774085,15,156.0
