step,system_total_stopped,system_total_waiting_time,system_mean_waiting_time,system_mean_speed,J17_stopped,J17_accumulated_waiting_time,J17_average_speed,J18_stopped,J18_accumulated_waiting_time,J18_average_speed,agents_total_stopped,agents_total_accumulated_waiting_time
5.0,1,0.0,0.0,1.6455646780086681,0,0.0,1.0,1,0.0,0.11227367240551017,1,0.0
10.0,0,0.0,0.0,6.998501010153753,0,0.0,0.4057301065800174,0,0.0,0.5774005806203374,0,0.0
15.0,1,0.0,0.0,9.489249208786331,0,0.0,0.7430400546071667,1,0.0,0.6414812609072669,1,0.0
20.0,0,0.0,0.0,10.176473004509164,0,0.0,0.8084960376048562,0,0.0,0.7159404406669673,0,0.0
25.0,0,0.0,0.0,7.393227437417793,0,0.0,0.5043346894660125,0,0.0,0.610805353139799,0,0.0
30.0,5,10.0,0.5,7.545728676133221,4,8.0,0.49563830363328537,1,2.0,0.633408254248021,5,10.0
35.0,3,25.0,1.0869565217391304,8.109163607419022,2,18.0,0.6580615802438475,1,7.0,0.5227791518311846,3,25.0
40.0,8,52.0,2.0,7.374820540844174,3,30.0,0.5981639242005412,5,22.0,0.45031157683545925,8,52.0
45.0,10,78.0,2.7857142857142856,5.758685879822971,3,27.0,0.29311861744825024,7,51.0,0.443101264220988,10,78.0
50.0,14,132.0,4.125,5.2144390704083685,6,46.0,0.2315174823063742,8,89.0,0.40496127315520686,14,135.0
55.0,13,154.0,4.8125,5.230495738119663,4,40.0,0.40685538522391135,9,123.0,0.3497008523292997,13,163.0
60.0,14,221.0,6.90625,5.8064359180355405,4,60.0,0.36180005956696204,10,167.0,0.33596548181608593,14,227.0
65.0,11,178.0,5.085714285714285,5.460770749222419,2,52.0,0.5002379847097606,9,161.0,0.265373636049,11,213.0
70.0,15,242.0,6.05,5.920919858233834,4,69.0,0.48793419336908495,11,185.0,0.3214292710326326,15,254.0
75.0,13,174.0,4.35,5.83607198798383,4,88.0,0.4841455907353106,9,158.0,0.37093573127897017,13,246.0
80.0,14,195.0,4.431818181818182,6.49582026150107,7,117.0,0.4664131517819693,7,118.0,0.3995862011183653,14,235.0
85.0,11,124.0,2.6956521739130435,5.462970614901809,4,59.0,0.4717943833656495,7,135.0,0.30884520292218515,11,194.0
90.0,17,186.0,3.72,6.265499893873406,3,39.0,0.4713867282341488,14,189.0,0.3112843946849359,17,228.0
95.0,17,255.0,5.204081632653061,6.06405414066011,3,47.0,0.5095474163092444,14,240.0,0.237226561840977,17,287.0
100.0,20,318.0,6.115384615384615,5.455125057180194,4,54.0,0.45155642326292805,16,289.0,0.15302416643137157,20,343.0
105.0,24,369.0,7.235294117647059,4.724231197978908,8,86.0,0.43448320731599177,16,334.0,0.1114878970256832,24,420.0
110.0,28,491.0,9.264150943396226,4.470539031818516,12,140.0,0.34789302389037957,16,382.0,0.18255135272057463,28,522.0
115.0,24,382.0,7.346153846153846,4.839806217088662,11,162.0,0.30006313147636154,13,348.0,0.3269598513084328,24,510.0
120.0,17,294.0,6.0,5.511874924175465,12,209.0,0.252064669379632,5,225.0,0.4327653039419416,17,434.0
125.0,22,225.0,4.411764705882353,4.138514185579599,12,227.0,0.1497102302485541,10,200.0,0.2673529556835611,22,427.0
130.0,19,196.0,3.843137254901961,4.731842053597781,4,182.0,0.2063489794586524,15,216.0,0.2294838608697169,19,398.0
135.0,20,242.0,4.938775510204081,4.6136903297629495,7,197.0,0.3345322929148101,13,211.0,0.1455036539848215,20,408.0
140.0,22,303.0,6.3125,5.503994142933077,12,232.0,0.3189724395755498,10,172.0,0.1970864564798853,22,404.0
145.0,19,289.0,6.148936170212766,4.57567971073597,9,241.0,0.2471339772569646,10,157.0,0.19240688821253055,19,398.0
150.0,15,274.0,5.708333333333333,6.185896643366376,6,199.0,0.2972533339124224,9,158.0,0.32838113477350134,15,357.0
155.0,15,307.0,6.395833333333333,5.531277614093568,9,230.0,0.3695693077285527,6,169.0,0.2028510022017436,15,399.0
160.0,20,403.0,8.574468085106384,5.9778540366057245,12,286.0,0.30737725304978464,8,187.0,0.29668755163436167,20,473.0
165.0,20,310.0,6.595744680851064,5.009043675303033,11,199.0,0.2197857968256068,9,228.0,0.2580137604998812,20,427.0
170.0,20,375.0,7.9787234042553195,5.736170229735297,11,178.0,0.277162024566456,9,278.0,0.355809830154517,20,456.0
175.0,16,343.0,7.456521739130435,5.123688449569634,10,174.0,0.2693934635683314,6,261.0,0.4486806861405057,16,435.0
180.0,16,352.0,7.6521739130434785,6.172404547840398,8,138.0,0.3100137870206063,8,273.0,0.48822674379490144,16,411.0
185.0,15,208.0,4.425531914893617,5.76387381744948,8,142.0,0.3870336763237124,7,192.0,0.3798639239460916,15,334.0
190.0,17,220.0,4.4,5.978705365022123,10,188.0,0.38250733325578146,7,73.0,0.3619954388752439,17,261.0
195.0,21,236.0,4.627450980392157,5.119831220991575,11,194.0,0.349962505517005,10,104.0,0.3862619791886899,21,298.0
200.0,22,339.0,6.519230769230769,5.874982006789084,11,213.0,0.3608485230118425,11,151.0,0.39540285142667914,22,364.0
205.0,27,364.0,7.137254901960785,4.388584190086149,12,217.0,0.2519211040699337,15,216.0,0.2833090977609274,27,433.0
210.0,27,348.0,6.444444444444445,4.051209163176697,15,205.0,0.14427485105787544,12,217.0,0.29807288328692233,27,422.0
215.0,21,280.0,5.090909090909091,4.64620518695728,14,222.0,0.18820102866633895,7,159.0,0.3228499997260193,21,381.0
220.0,15,161.0,2.824561403508772,5.373953998184266,7,165.0,0.3374948838650912,8,154.0,0.1956644258591666,15,319.0
225.0,16,153.0,2.6379310344827585,6.204308321982638,5,134.0,0.4411806501121048,11,154.0,0.17609240580009716,16,288.0
230.0,13,150.0,2.5,6.168738952538021,2,75.0,0.49564191309774897,11,179.0,0.20029321657055119,13,254.0
235.0,17,183.0,3.1016949152542375,6.8318681920410285,9,89.0,0.4259922200695012,8,196.0,0.34813450872564333,17,285.0
240.0,17,203.0,3.5,6.5897127339852934,9,106.0,0.3272022239306585,8,210.0,0.429489885351063,17,316.0
245.0,19,270.0,4.821428571428571,6.223713128224352,8,109.0,0.3756823473609856,11,237.0,0.2856983061430332,19,346.0
250.0,20,262.0,4.678571428571429,5.321807389241599,7,87.0,0.3645972687240597,13,287.0,0.1920859246193476,20,374.0
255.0,23,323.0,5.383333333333334,5.850408400830261,11,79.0,0.356888805428132,12,311.0,0.2290243891483729,23,390.0
260.0,20,241.0,4.155172413793103,5.976237329543693,11,112.0,0.35312953837993405,9,245.0,0.29002665587880966,20,357.0
265.0,24,345.0,5.75,5.827592681648203,14,177.0,0.31810945049614936,10,241.0,0.34223697780596235,24,418.0
270.0,25,319.0,4.984375,5.25133095626825,15,209.0,0.30577964122087103,10,232.0,0.3108570035849911,25,441.0
275.0,18,263.0,4.241935483870968,6.294967062649953,11,209.0,0.3515340231602576,7,181.0,0.44931696263457205,18,390.0
280.0,20,312.0,4.9523809523809526,5.405934167884213,14,265.0,0.294168845766145,6,178.0,0.3946443037631712,20,443.0
285.0,27,396.0,6.092307692307692,5.163322563782384,18,343.0,0.2928234874218593,9,176.0,0.2999703640087397,27,519.0
290.0,30,480.0,7.164179104477612,3.93322566865646,22,399.0,0.1215607460117098,8,180.0,0.32608180043299334,30,579.0
295.0,29,563.0,8.530303030303031,4.878300401526048,19,442.0,0.17902695296844298,10,178.0,0.3668963197925601,29,620.0
300.0,26,416.0,6.5,4.6821267536204445,18,424.0,0.22277057770369382,8,166.0,0.295996770149307,26,590.0
305.0,31,394.0,6.15625,4.4111884042098275,18,374.0,0.21562490918846833,13,172.0,0.11932411777582819,31,546.0
310.0,32,443.0,7.031746031746032,3.8392532586449413,20,426.0,0.1847439810491607,12,199.0,0.04908203651165535,32,625.0
315.0,32,539.0,8.421875,4.765817551200303,21,485.0,0.18170980038514897,11,204.0,0.2269817400125977,32,689.0
320.0,31,590.0,9.672131147540984,4.619236355150835,22,545.0,0.09718962166799198,9,224.0,0.38029473098603594,31,769.0
325.0,20,559.0,9.316666666666666,6.206265333469163,14,540.0,0.2372023308310047,6,221.0,0.48835197597208946,20,761.0
330.0,24,490.0,8.448275862068966,5.319936440898324,16,503.0,0.2707864722388826,8,227.0,0.2958311864041832,24,730.0
335.0,22,304.0,5.241379310344827,5.462646988596779,15,440.0,0.32902017662879696,7,159.0,0.2516057360850329,22,599.0
340.0,20,248.0,4.509090909090909,4.973745639867028,16,412.0,0.2813919474228288,4,66.0,0.3937966651200069,20,478.0
345.0,23,231.0,4.052631578947368,5.392336589997228,18,344.0,0.3010831536173347,5,83.0,0.48859488562617187,23,427.0
350.0,25,276.0,4.842105263157895,4.689130347718163,20,365.0,0.14266034796039362,5,92.0,0.5443449099149242,25,457.0
355.0,23,206.0,3.433333333333333,4.652717659977444,18,358.0,0.13938588352691364,5,76.0,0.3798326373108226,23,434.0
360.0,21,274.0,4.28125,5.221134457102701,11,370.0,0.24943494853860498,10,92.0,0.22182395973647737,21,462.0
365.0,26,309.0,4.904761904761905,5.1207692492081875,15,376.0,0.3043054964954263,11,116.0,0.25301877126144917,26,492.0
370.0,29,381.0,6.0476190476190474,4.6370466822558525,17,398.0,0.23838944374475948,12,170.0,0.30172066092370897,29,568.0
375.0,33,385.0,5.923076923076923,3.6797085617996608,23,439.0,0.1555433004062913,10,190.0,0.3502611806615912,33,629.0
380.0,34,482.0,6.885714285714286,4.824932160617194,25,508.0,0.19483185759158989,9,170.0,0.40961190169470585,34,678.0
385.0,31,528.0,7.436619718309859,4.98193209111093,24,573.0,0.2091996207749741,7,167.0,0.440903116399593,31,740.0
390.0,29,498.0,7.014084507042254,5.069496945854484,18,562.0,0.22826598855343216,11,197.0,0.3221393584416653,29,759.0
395.0,28,570.0,8.26086956521739,4.419880251127121,17,556.0,0.24912983803374017,11,227.0,0.19783530870436286,28,783.0
400.0,34,695.0,9.391891891891891,4.569190220765686,18,627.0,0.2608073917137588,16,287.0,0.19666678070637592,34,914.0
405.0,35,627.0,8.957142857142857,4.206978253167081,23,696.0,0.20845497153437406,12,240.0,0.34010712657941927,35,936.0
410.0,38,682.0,9.884057971014492,3.66995846652642,26,759.0,0.16527106373981656,12,180.0,0.3396081357969483,38,939.0
415.0,37,673.0,9.614285714285714,3.6221665404025196,27,801.0,0.1977838855689818,10,181.0,0.24654493021560436,37,982.0
420.0,32,669.0,9.164383561643836,3.5329134541718523,25,853.0,0.1220940750202395,7,127.0,0.26070960556698675,32,980.0
425.0,27,605.0,8.175675675675675,4.675684256984229,23,853.0,0.10822113099581078,4,89.0,0.4170689218621243,27,942.0
430.0,29,668.0,9.150684931506849,5.844884466699662,20,887.0,0.210166169978835,9,101.0,0.37472251143566393,29,988.0
435.0,27,451.0,6.632352941176471,5.284626312368709,15,718.0,0.2367362681232193,12,152.0,0.22960159590540824,27,870.0
440.0,28,352.0,5.415384615384616,4.411488165039571,16,484.0,0.1582082920910845,12,167.0,0.260325024071914,28,651.0
445.0,26,395.0,6.370967741935484,4.718798596025495,20,535.0,0.07750916713364095,6,148.0,0.47900875219498973,26,683.0
450.0,23,375.0,6.147540983606557,5.036497075393842,16,562.0,0.15747785079096968,7,106.0,0.36966661187949557,23,668.0
455.0,26,407.0,6.564516129032258,5.239697497388379,16,579.0,0.20620273215269264,10,98.0,0.332871850811757,26,677.0
460.0,28,363.0,6.258620689655173,4.629366564446002,20,567.0,0.1951937157508487,8,108.0,0.3818593053633678,28,675.0
465.0,25,420.0,7.241379310344827,4.631294662899147,17,611.0,0.11587974410860778,8,87.0,0.42903746708061724,25,698.0
470.0,21,423.0,7.6909090909090905,4.77640588647269,15,610.0,0.09460233014924353,6,73.0,0.40393321928686493,21,683.0
475.0,20,425.0,7.7272727272727275,5.613848385446093,12,563.0,0.2243658597269489,8,98.0,0.3548637472159299,20,661.0
480.0,26,537.0,9.421052631578947,5.5205380145549166,17,611.0,0.22617482133451014,9,135.0,0.3788363384364663,26,746.0
485.0,25,630.0,11.666666666666666,4.927141910734509,14,645.0,0.25931701899830584,11,178.0,0.3282885131266761,25,823.0
490.0,18,617.0,11.425925925925926,5.501588359027396,10,630.0,0.26341819598950433,8,168.0,0.36491153261833903,18,798.0
495.0,16,622.0,10.724137931034482,5.980031074608648,10,609.0,0.2882433308999002,6,159.0,0.3505812398313908,16,768.0
500.0,24,654.0,11.678571428571429,5.608581203942663,17,558.0,0.3022292425467733,7,187.0,0.3617458639561894,24,745.0
505.0,27,753.0,13.690909090909091,5.416170110793172,17,621.0,0.2600433584550895,10,225.0,0.35976482119296427,27,846.0
510.0,29,848.0,14.620689655172415,4.874922689682783,19,690.0,0.17872052012874332,10,250.0,0.3984975026161046,29,940.0
515.0,29,647.0,10.783333333333333,4.509357332882332,17,573.0,0.17916247453212505,12,307.0,0.36367766471493523,29,880.0
520.0,26,543.0,9.05,5.064339669067911,14,371.0,0.2734735905016855,12,362.0,0.34927213674618857,26,733.0
525.0,25,560.0,9.180327868852459,4.878403605761268,12,370.0,0.2805934739296691,13,411.0,0.3064245050948849,25,781.0
530.0,21,472.0,7.612903225806452,5.525299154615828,9,314.0,0.31537399970140595,12,430.0,0.27497049199964735,21,744.0
535.0,23,506.0,8.295081967213115,5.838503306848242,12,268.0,0.30038597978979714,11,422.0,0.2631513627973741,23,690.0
540.0,23,586.0,10.10344827586207,5.364404316675957,13,283.0,0.2558496254354945,10,469.0,0.2722865034435733,23,752.0
545.0,25,655.0,12.596153846153847,4.6302249117102585,14,311.0,0.1842940327755143,11,523.0,0.3027590714833095,25,834.0
550.0,28,776.0,14.923076923076923,4.346429870216645,16,359.0,0.10334947531540414,12,585.0,0.3452871819255622,28,944.0
555.0,23,518.0,9.773584905660377,4.7986416237384555,15,389.0,0.12559367575168032,8,448.0,0.4150201115334681,23,837.0
560.0,19,405.0,7.788461538461538,5.743135623572957,12,352.0,0.22425945367667072,7,213.0,0.4395670860556565,19,565.0
565.0,20,316.0,6.076923076923077,5.223759575163694,11,282.0,0.30928046867130615,9,200.0,0.31943013065700093,20,482.0
570.0,19,273.0,4.875,5.982277552321016,9,246.0,0.3666962006985153,10,209.0,0.3240897255223088,19,455.0
575.0,20,192.0,3.2542372881355934,5.72036218989891,10,250.0,0.29007730560303846,10,193.0,0.4029325469109842,20,443.0
580.0,22,215.0,3.5833333333333335,6.51078843490482,11,236.0,0.430363010116083,11,197.0,0.4334705449473495,22,433.0
585.0,23,219.0,3.7758620689655173,5.412287669518416,12,238.0,0.4206617959821686,11,210.0,0.32521938647994175,23,448.0
590.0,22,237.0,3.95,4.692144948626474,14,226.0,0.24982559732937762,8,185.0,0.2933596467961251,22,411.0
595.0,25,198.0,3.046153846153846,4.7249343469905005,17,244.0,0.18214507646675362,8,141.0,0.3545315418778653,25,385.0
600.0,22,175.0,2.734375,5.294946623840229,10,214.0,0.25782605616920057,12,144.0,0.313813035335813,22,358.0
605.0,24,211.0,3.1029411764705883,5.474969086831802,10,201.0,0.3054865046133135,14,167.0,0.2929558572676236,24,368.0
610.0,21,225.0,3.409090909090909,5.336080670634294,12,193.0,0.22053104057243722,9,175.0,0.3402246929532637,21,368.0
615.0,25,260.0,4.193548387096774,4.194396275723788,14,228.0,0.18045833233861516,11,183.0,0.32385571912512023,25,411.0
620.0,25,332.0,5.1875,5.019627639345301,10,232.0,0.2640964269669999,15,208.0,0.29103252469431135,25,440.0
625.0,26,325.0,4.924242424242424,4.5461288812305245,11,224.0,0.19714114443617514,15,249.0,0.24686938815507425,26,473.0
630.0,34,429.0,6.6,4.597693803354642,11,210.0,0.2799991425402481,23,324.0,0.22013188876375864,34,534.0
635.0,35,563.0,8.936507936507937,3.832353223991643,11,231.0,0.2621216971257189,24,439.0,0.20954334230467744,35,670.0
640.0,40,671.0,10.323076923076924,3.022125469816798,15,268.0,0.1950776782914115,25,512.0,0.19142811917420496,40,780.0
645.0,32,648.0,10.125,3.643891578441507,15,282.0,0.15485951744398732,17,519.0,0.27011981280053815,32,801.0
650.0,28,680.0,10.0,3.714308982709419,8,236.0,0.2637569240941761,20,608.0,0.165633832448402,28,844.0
655.0,37,704.0,9.777777777777779,3.7305366156615616,7,169.0,0.2865340839310154,30,737.0,0.12870349736071388,37,906.0
660.0,42,621.0,8.506849315068493,3.70998368667219,12,161.0,0.2758984044980074,30,756.0,0.14408217468942774,42,917.0
665.0,37,494.0,7.159420289855072,3.799020502545021,16,236.0,0.2604600334629649,21,726.0,0.19152418213126404,37,962.0
670.0,34,505.0,7.214285714285714,3.082584271127155,18,319.0,0.2514856533420518,16,692.0,0.15875637420423247,34,1011.0
675.0,30,463.0,6.256756756756757,3.399193063151951,16,341.0,0.20971326898730724,14,642.0,0.15727784896300165,30,983.0
680.0,28,315.0,4.2,3.644771995532459,11,308.0,0.22349652168968986,17,616.0,0.12724359581905953,28,924.0
685.0,35,412.0,5.421052631578948,4.907691043135685,10,292.0,0.3808494655068825,25,641.0,0.08137380804580428,35,933.0
690.0,38,519.0,6.828947368421052,4.928690095572978,12,329.0,0.37973390734471907,26,662.0,0.11400586315295709,38,991.0
695.0,33,525.0,7.094594594594595,4.614523959374984,17,405.0,0.27750645417572584,16,565.0,0.21692936603339633,33,970.0
700.0,33,568.0,7.675675675675675,4.1734856350072,21,502.0,0.2244221468812985,12,548.0,0.28761589677834165,33,1050.0
705.0,38,546.0,7.378378378378378,3.6238171978966642,22,534.0,0.16245998161618605,16,520.0,0.2706232388882418,38,1054.0
710.0,43,672.0,8.96,3.4948865777802096,24,575.0,0.15904627769874247,19,565.0,0.1924694206149517,43,1140.0
715.0,47,781.0,10.142857142857142,3.0678661584202005,22,633.0,0.1662855890607238,25,638.0,0.1117441706040919,47,1271.0
720.0,39,783.0,10.168831168831169,4.0051768733649356,14,617.0,0.3137080966018766,25,706.0,0.09094620324962786,39,1323.0
725.0,31,864.0,11.52,5.054603146377172,11,588.0,0.3293628710928334,20,752.0,0.11273871963091225,31,1340.0
730.0,33,688.0,9.173333333333334,4.545858599682904,13,448.0,0.2343931164620769,20,828.0,0.10297594089805107,33,1276.0
735.0,39,737.0,9.826666666666666,4.385071025937864,16,301.0,0.21424258352070416,23,941.0,0.14153797144039468,39,1242.0
740.0,44,736.0,9.813333333333333,3.8178568671251982,21,302.0,0.22469789125179573,23,900.0,0.2205458828568922,44,1202.0
745.0,35,537.0,7.16,4.498713102549312,24,396.0,0.23894237259965057,11,700.0,0.37783920530796916,35,1096.0
750.0,32,526.0,6.921052631578948,5.279033722098134,22,451.0,0.2686294857727609,10,516.0,0.47792486084006425,32,967.0
755.0,35,614.0,7.871794871794871,4.206047987428002,22,494.0,0.21240158652594168,13,543.0,0.303722231853491,35,1037.0
760.0,38,595.0,7.828947368421052,3.648785893527762,22,516.0,0.11951652834802974,16,555.0,0.27380361738605496,38,1071.0
765.0,32,346.0,4.4935064935064934,4.038898909035938,18,453.0,0.10466375589018902,14,532.0,0.23489554850121325,32,985.0
770.0,30,350.0,4.605263157894737,4.821717776193246,13,407.0,0.22906939803942994,17,472.0,0.12444922256975952,30,879.0
775.0,31,370.0,4.805194805194805,4.975344232146,11,399.0,0.32272896523226,20,436.0,0.058032906461072606,31,835.0
780.0,31,404.0,5.45945945945946,4.659712498105124,16,443.0,0.24330326364886845,15,337.0,0.2025732792656381,31,780.0
785.0,37,506.0,6.657894736842105,4.718754193177556,23,536.0,0.23615415176422236,14,354.0,0.33020749275758937,37,890.0
790.0,34,594.0,8.136986301369863,4.523222891692918,24,653.0,0.1805288709433956,10,322.0,0.397913489074524,34,975.0
795.0,38,543.0,7.24,3.944064973034445,26,661.0,0.18386742849792656,12,347.0,0.22569215251961763,38,1008.0
800.0,42,613.0,8.06578947368421,3.860269127277251,24,647.0,0.19501594305887412,18,381.0,0.15088658785008682,42,1028.0
805.0,45,627.0,7.8375,3.502155635999702,26,666.0,0.17196100329951242,19,405.0,0.2038030144147941,45,1071.0
810.0,35,525.0,6.5625,4.555029826420835,19,611.0,0.23245733041894087,16,426.0,0.27733835402332896,35,1037.0
815.0,33,453.0,5.8076923076923075,4.3205486521464005,14,607.0,0.2407101908365133,19,509.0,0.23312110395631067,33,1116.0
820.0,36,498.0,6.0,4.1324151837030545,16,571.0,0.17120477358002043,20,534.0,0.22349312139969682,36,1105.0
825.0,34,514.0,6.589743589743589,4.0160888357161175,19,568.0,0.09733407992613738,15,513.0,0.2996183945274801,34,1081.0
830.0,33,602.0,7.620253164556962,4.904365261085979,18,499.0,0.11970332069236346,15,523.0,0.30082101074999573,33,1022.0
835.0,27,528.0,7.04,5.001439880914827,14,433.0,0.1728373776511535,13,536.0,0.2275046108777582,27,969.0
840.0,34,620.0,8.732394366197184,4.80163334498732,14,405.0,0.19620085839580595,20,589.0,0.20768837927376518,34,994.0
845.0,34,417.0,6.043478260869565,3.8399215041376613,17,407.0,0.21414410585685129,17,501.0,0.22149445537700965,34,908.0
850.0,32,421.0,6.101449275362318,5.055044371630764,18,437.0,0.20789449183584746,14,385.0,0.3401326251970969,32,822.0
855.0,33,416.0,5.942857142857143,4.377961100284727,17,429.0,0.24139713600247287,16,403.0,0.27962405735387386,33,832.0
860.0,27,391.0,5.283783783783784,4.63280495780607,9,329.0,0.30331639095500523,18,418.0,0.17882170048403673,27,747.0
865.0,26,314.0,4.361111111111111,4.073570590567409,7,303.0,0.2963036069906221,19,438.0,0.05250702298721688,26,741.0
870.0,26,260.0,3.6619718309859155,4.249533721530932,14,278.0,0.21492858826394923,12,388.0,0.1609619606474596,26,666.0
875.0,27,303.0,4.328571428571428,4.2643065548755645,17,291.0,0.12074671194503009,10,389.0,0.2939038232604465,27,680.0
880.0,25,344.0,5.292307692307692,4.374739952474387,12,255.0,0.18873188510981095,13,412.0,0.2872923549038917,25,667.0
885.0,25,410.0,6.40625,4.9979980557034205,9,255.0,0.3372492685013269,16,467.0,0.25407721678638806,25,722.0
890.0,24,386.0,6.126984126984127,4.956457900091356,6,177.0,0.3740343896468392,18,538.0,0.18883493780705662,24,715.0
895.0,27,387.0,6.241935483870968,4.489089201891331,7,94.0,0.2939180193130143,20,567.0,0.2158796254215848,27,661.0
900.0,24,356.0,5.741935483870968,4.2951083433550155,13,115.0,0.14804553844805735,11,522.0,0.2845476374695845,24,637.0
905.0,30,441.0,6.7846153846153845,4.4850522836005675,15,178.0,0.20828088932114197,15,567.0,0.27048720236218504,30,745.0
910.0,34,529.0,7.895522388059701,4.313230347608934,14,212.0,0.21139119914332358,20,634.0,0.24033909073618945,34,846.0
915.0,26,520.0,7.878787878787879,4.953481631448376,6,179.0,0.34249301715585356,20,683.0,0.24547001259955478,26,862.0
920.0,22,558.0,9.0,5.4596580207842145,8,147.0,0.3279388590280001,14,679.0,0.22424659040481743,22,826.0
925.0,23,363.0,5.854838709677419,4.753030445725285,8,156.0,0.26061122665740755,15,530.0,0.14362730152963635,23,686.0
930.0,29,272.0,4.387096774193548,4.990104159168853,10,194.0,0.30995256907749946,19,313.0,0.1745663937688628,29,507.0
935.0,28,331.0,5.807017543859649,4.221709847561486,9,212.0,0.31833277763772655,19,368.0,0.20028499009501918,28,580.0
940.0,26,391.0,6.982142857142857,5.1185363109994455,11,207.0,0.29131200861366924,15,392.0,0.3172489943917712,26,599.0
945.0,23,340.0,5.666666666666667,4.269146830860908,10,212.0,0.23050068983426938,13,384.0,0.22301373682380704,23,596.0
950.0,23,346.0,5.492063492063492,5.567992061152601,9,182.0,0.3306549864914024,14,374.0,0.27279477719266004,23,556.0
955.0,25,364.0,5.967213114754099,5.44333122759063,8,200.0,0.3640484625481943,17,356.0,0.21773763975580862,25,556.0
960.0,29,451.0,7.516666666666667,5.504242303889513,8,204.0,0.4603962984224674,21,389.0,0.14703381790102377,29,593.0
965.0,26,371.0,6.625,4.280721784058291,6,118.0,0.301018962335905,20,446.0,0.15134911473687193,26,564.0
970.0,29,382.0,6.945454545454545,3.815425089544123,11,139.0,0.2940697698757887,18,450.0,0.14720538061009222,29,589.0
975.0,30,400.0,6.779661016949152,3.8569043145347752,12,171.0,0.26012694826216476,18,460.0,0.20795073940626008,30,631.0
980.0,25,312.0,5.2,4.79278286195978,13,205.0,0.2677635172366941,12,403.0,0.2884149155809503,25,608.0
985.0,20,205.0,3.360655737704918,4.891008026964496,13,194.0,0.26623173691292307,7,341.0,0.31574705388001717,20,535.0
990.0,17,147.0,2.3333333333333335,5.601765930468226,4,145.0,0.4053748004450322,13,345.0,0.2345906042244435,17,490.0
995.0,19,204.0,3.238095238095238,5.400264759291036,4,111.0,0.4661327966379386,15,358.0,0.18970557538184626,19,469.0
1000.0,17,237.0,3.761904761904762,6.225025551413307,6,97.0,0.44360421441287823,11,314.0,0.25842649040338256,17,411.0
1005.0,19,262.0,4.09375,6.456350870628641,8,90.0,0.2799510439651954,11,298.0,0.3191067074866039,19,388.0
1010.0,22,285.0,4.523809523809524,5.73187845579617,12,134.0,0.2145215154332857,10,296.0,0.2204601896293686,22,430.0
1015.0,27,315.0,5.25,5.584318144636571,12,139.0,0.3207585781488238,15,317.0,0.22413317616838974,27,456.0
1020.0,25,411.0,7.339285714285714,5.398795672358591,12,181.0,0.3978883433631648,13,353.0,0.21926185756419844,25,534.0
1025.0,19,416.0,7.5636363636363635,5.40745227449419,10,190.0,0.29318489505278894,9,357.0,0.3086510695598973,19,547.0
1030.0,16,289.0,5.0701754385964914,5.9115057904847115,8,156.0,0.2559304994846912,8,282.0,0.2980088117488775,16,438.0
1035.0,20,273.0,4.706896551724138,6.448538220349251,10,157.0,0.3173020552949909,10,189.0,0.26202577409404015,20,346.0
1040.0,20,237.0,4.232142857142857,6.206863528025349,10,176.0,0.3398057369618346,10,170.0,0.29871001828700416,20,346.0
1045.0,20,307.0,5.903846153846154,6.294730702344233,10,220.0,0.3827463723792889,10,165.0,0.2878130842280957,20,385.0
1050.0,17,226.0,4.431372549019608,5.916377960143788,9,181.0,0.32741304611725036,8,192.0,0.4188437657379307,17,373.0
1055.0,20,263.0,4.87037037037037,6.273684086100413,11,122.0,0.4042929058151951,9,225.0,0.2856696020405467,20,347.0
1060.0,16,171.0,3.0,6.1973378293169175,9,126.0,0.400651193700062,7,207.0,0.3376835699454352,16,333.0
1065.0,11,129.0,2.263157894736842,7.071464023123794,6,89.0,0.44094323131163754,5,115.0,0.37292970997541564,11,204.0
1070.0,13,134.0,2.4363636363636365,6.879146820064884,8,112.0,0.36523987258798,5,50.0,0.377734236667906,13,162.0
1075.0,21,221.0,4.0181818181818185,6.582661522996278,12,167.0,0.2170567442964192,9,70.0,0.3582388830501452,21,237.0
1080.0,23,256.0,5.12,5.314629027858498,12,188.0,0.20664220323208665,11,95.0,0.3212645206656147,23,283.0
1085.0,22,326.0,6.269230769230769,5.506520673533957,10,215.0,0.29467752693000826,12,156.0,0.3128683457539585,22,371.0
1090.0,16,224.0,4.666666666666667,5.130829608137605,6,177.0,0.35286759011859625,10,171.0,0.3151903666357666,16,348.0
1095.0,18,180.0,3.75,5.838605109657865,7,116.0,0.33176010613929824,11,170.0,0.3208359543891411,18,286.0
1100.0,16,166.0,3.32,4.9248425018507485,8,126.0,0.1824868394865871,8,180.0,0.2940484554689362,16,306.0
1105.0,22,249.0,4.788461538461538,5.875612837063031,9,134.0,0.27189103095283557,13,221.0,0.21671929549653618,22,355.0
1110.0,19,281.0,5.73469387755102,5.814828272832021,7,140.0,0.3439900066745619,12,267.0,0.21512119174169717,19,407.0
1115.0,20,332.0,6.775510204081633,6.028327129185088,6,121.0,0.4462083233689805,14,319.0,0.19560162351993332,20,440.0
1120.0,18,212.0,4.51063829787234,4.999847884501665,7,106.0,0.3741942922944073,11,283.0,0.22714401264272605,18,389.0
1125.0,20,228.0,4.956521739130435,5.081455408089024,10,98.0,0.37930560458266366,10,237.0,0.2604257369173436,20,335.0
1130.0,18,176.0,3.5918367346938775,4.648557078078592,8,110.0,0.32989919832644543,10,212.0,0.2628694913795668,18,322.0
1135.0,15,145.0,3.0851063829787235,6.021035570725874,10,153.0,0.35673259586740363,5,125.0,0.3326296768107282,15,278.0
1140.0,15,185.0,4.021739130434782,5.754494854143507,11,196.0,0.2601796977673431,4,101.0,0.2850604709366933,15,297.0
1145.0,24,278.0,6.043478260869565,4.9693409889283435,15,257.0,0.2167535199631066,9,114.0,0.2261567813102717,24,371.0
1150.0,19,321.0,7.133333333333334,3.858922095256441,11,303.0,0.24185114546048112,8,103.0,0.31903352085417763,19,406.0
1155.0,19,373.0,7.46,6.268331962473798,14,346.0,0.3268475404305237,5,72.0,0.47326337636637267,19,418.0
1160.0,14,275.0,4.910714285714286,6.856612237882958,10,319.0,0.3306696308993905,4,35.0,0.485936421596211,14,354.0
1165.0,14,200.0,3.389830508474576,7.462186516975097,7,262.0,0.3035654871879044,7,56.0,0.500241534506101,14,318.0
1170.0,20,287.0,5.218181818181818,6.713046516653454,11,236.0,0.3826481466360357,9,91.0,0.4715956509756741,20,327.0
1175.0,21,204.0,3.709090909090909,5.716505075667487,9,182.0,0.38377943434693484,12,133.0,0.3965503532361583,21,315.0
1180.0,27,311.0,5.654545454545454,4.1595163468311425,12,161.0,0.31832113626819014,15,196.0,0.2315277193611888,27,357.0
1185.0,28,302.0,5.392857142857143,3.9642207544558548,12,183.0,0.20227673721594616,16,220.0,0.24401547622973838,28,403.0
1190.0,15,224.0,3.8620689655172415,5.297781325514137,7,169.0,0.23497197744815226,8,201.0,0.2311075371209523,15,370.0
1195.0,16,183.0,3.1551724137931036,4.741219585461353,8,146.0,0.14910629228090716,8,210.0,0.16842898824141375,16,356.0
1200.0,24,260.0,4.262295081967213,5.067004396798541,11,181.0,0.25521018121826916,13,229.0,0.20403720403176465,24,410.0
1205.0,23,316.0,5.543859649122807,5.380965034885121,10,210.0,0.36016430039791675,13,246.0,0.2557902750274285,23,456.0
1210.0,14,297.0,5.60377358490566,5.990627019864218,6,194.0,0.3764620931010988,8,210.0,0.31785250460210307,14,404.0
1215.0,13,242.0,4.653846153846154,6.158311283511965,6,108.0,0.26078114288122556,7,191.0,0.3464124201134771,13,299.0
1220.0,20,324.0,5.785714285714286,6.584736630130595,10,136.0,0.2422247402653861,10,228.0,0.3389391233015772,20,364.0
1225.0,18,287.0,5.519230769230769,6.454591301853555,9,144.0,0.33365292234998944,9,240.0,0.36638038933683087,18,384.0
1230.0,21,358.0,7.019607843137255,6.111139268167776,9,139.0,0.38599704738611224,12,259.0,0.2946917180982348,21,398.0
1235.0,19,228.0,4.851063829787234,5.060431950934499,7,138.0,0.37231761800230856,12,191.0,0.24633720146130456,19,329.0
1240.0,17,214.0,4.458333333333333,5.447731210630372,6,85.0,0.3832818362464324,11,192.0,0.22169032975538921,17,277.0
1245.0,18,253.0,5.163265306122449,5.19416879267186,5,81.0,0.3916637900260693,13,234.0,0.1629066660108609,18,315.0
1250.0,19,173.0,3.392156862745098,5.736319923222607,8,79.0,0.42772240194932626,11,219.0,0.2827642718127615,19,298.0
1255.0,14,162.0,3.176470588235294,6.065019712242827,8,112.0,0.3393620631731829,6,142.0,0.4416403019764436,14,254.0
1260.0,20,152.0,3.04,5.378374600225953,15,171.0,0.2658523306346916,5,116.0,0.4099488290135243,20,287.0
1265.0,21,172.0,3.44,5.075142199374216,13,184.0,0.22701762320327742,8,92.0,0.3544151562558978,21,276.0
1270.0,19,163.0,2.963636363636364,5.084788511694087,7,142.0,0.28094635293444925,12,140.0,0.1482145342125588,19,282.0
1275.0,17,181.0,3.0677966101694913,6.036087400688959,8,159.0,0.3402493973776854,9,133.0,0.21103628810141045,17,292.0
1280.0,16,209.0,3.603448275862069,7.35562389944838,12,207.0,0.3530709690057619,4,97.0,0.5028763584403046,16,304.0
1285.0,16,210.0,4.038461538461538,6.6004423337388936,12,230.0,0.41701722292130156,4,81.0,0.43644803150890543,16,311.0
1290.0,14,205.0,3.9423076923076925,6.181810301012784,9,222.0,0.3198832028977187,5,63.0,0.4212819622639657,14,285.0
1295.0,17,166.0,3.1923076923076925,5.411098987606584,12,186.0,0.26444321840644724,5,77.0,0.3192365798165517,17,263.0
1300.0,19,184.0,3.4074074074074074,6.362819170996246,12,176.0,0.2790287281672175,7,113.0,0.4559528568675396,19,289.0
1305.0,20,193.0,3.4464285714285716,5.585082788259673,13,191.0,0.278687331721976,7,127.0,0.3400830267787944,20,318.0
1310.0,25,308.0,5.703703703703703,5.2048699753054795,17,255.0,0.22441154347324274,8,171.0,0.4004492088775356,25,426.0
1315.0,24,281.0,5.203703703703703,4.014945181102142,18,301.0,0.12865066616812398,6,141.0,0.38479385087965057,24,442.0
1320.0,28,402.0,6.931034482758621,4.939086894367971,20,376.0,0.20345143098095472,8,128.0,0.4219231727251445,28,504.0
1325.0,22,401.0,6.683333333333334,4.937540894765383,16,391.0,0.23296725510418562,6,155.0,0.38882199923146293,22,546.0
1330.0,19,321.0,5.015625,6.429787886648723,10,342.0,0.30084572001929766,9,183.0,0.39474566703420616,19,525.0
1335.0,23,345.0,5.476190476190476,5.647287532428446,12,319.0,0.22672899808111602,11,225.0,0.29620190678370517,23,544.0
1340.0,25,369.0,6.049180327868853,5.920986688178573,14,308.0,0.23617198917180734,11,283.0,0.23039421839837854,25,591.0
1345.0,26,366.0,6.310344827586207,4.54455889943914,15,313.0,0.16489128014532817,11,265.0,0.21109818237933534,26,578.0
1350.0,20,372.0,6.098360655737705,6.051689011069217,11,255.0,0.28109732782424784,9,269.0,0.32265527644091246,20,524.0
1355.0,21,338.0,5.9298245614035086,6.079416164657187,13,257.0,0.3151637785389072,8,273.0,0.3636406981924032,21,530.0
1360.0,22,408.0,7.555555555555555,6.753412440807562,12,273.0,0.3579958366111977,10,304.0,0.416307075212465,22,577.0
1365.0,21,234.0,4.333333333333333,4.504019828061247,11,273.0,0.18900484418012414,10,217.0,0.30669504401407577,21,490.0
1370.0,28,314.0,5.607142857142857,4.624230871849817,17,302.0,0.19434003063995417,11,168.0,0.23252461492275836,28,470.0
1375.0,26,346.0,6.290909090909091,5.011405410191048,13,326.0,0.2794667261200278,13,193.0,0.2854921262238989,26,519.0
1380.0,23,397.0,7.089285714285714,5.592894830086105,8,312.0,0.34651631750950007,15,211.0,0.24350268933786132,23,523.0
1385.0,18,279.0,5.264150943396227,5.185635443608945,7,246.0,0.373557039315574,11,203.0,0.23455774007761027,18,449.0
1390.0,15,176.0,3.142857142857143,6.636001076501053,9,165.0,0.36071365963472884,6,145.0,0.38167516508764926,15,310.0
1395.0,16,113.0,2.0925925925925926,6.049081610356911,9,164.0,0.35304635281738844,7,127.0,0.33309727913610143,16,291.0
1400.0,24,175.0,3.0701754385964914,6.0144624492408845,13,164.0,0.3487926049685633,11,135.0,0.30305771282831473,24,299.0
1405.0,25,192.0,3.6923076923076925,4.3498259640518615,12,185.0,0.37764039780787945,13,143.0,0.1882411886089627,25,328.0
1410.0,19,230.0,4.2592592592592595,5.978503966188599,10,171.0,0.36749076935106256,9,122.0,0.27151689422844916,19,293.0
1415.0,19,240.0,4.615384615384615,6.388455864968634,13,215.0,0.26953160577364804,6,108.0,0.3095545322987637,19,323.0
1420.0,18,209.0,3.8703703703703702,6.435181759976806,12,205.0,0.2671660150378536,6,74.0,0.2848704376413318,18,279.0
1425.0,14,220.0,4.230769230769231,5.896371956189987,10,231.0,0.29628605519048007,4,83.0,0.33748523165190536,14,314.0
1430.0,16,172.0,3.6595744680851063,6.1870335332529605,10,192.0,0.3040543741165878,6,96.0,0.4691915914500172,16,288.0
1435.0,17,170.0,3.617021276595745,6.6910169830366675,12,183.0,0.29684526815877,5,102.0,0.5569399935377018,17,285.0
1440.0,21,246.0,5.020408163265306,4.923637253292959,14,221.0,0.1122584675100485,7,128.0,0.42777176737702666,21,349.0
1445.0,24,331.0,6.895833333333333,4.663053311606642,13,263.0,0.17704612346625914,11,179.0,0.37953515560332,24,442.0
1450.0,20,292.0,5.84,3.8865475710321333,9,236.0,0.24513364389594142,11,212.0,0.24019214211159698,20,448.0
1455.0,19,324.0,6.48,5.175531030201658,8,173.0,0.22402263833695166,11,247.0,0.3546398284609944,19,420.0
1460.0,22,298.0,5.321428571428571,5.137150297384638,11,167.0,0.1475861216872603,11,239.0,0.3592406340717487,22,406.0
1465.0,23,387.0,6.672413793103448,5.927919555403765,12,228.0,0.22141320025156475,11,258.0,0.40019264139704114,23,486.0
1470.0,24,431.0,7.56140350877193,5.039328322704451,11,248.0,0.276969815430271,13,299.0,0.3285314014514502,24,547.0
1475.0,23,486.0,8.379310344827585,4.655517175714822,9,264.0,0.29336937773569577,14,334.0,0.2163086271038499,23,598.0
1480.0,22,394.0,6.459016393442623,4.793278111520349,10,222.0,0.30717313610992475,12,371.0,0.2644701330488985,22,593.0
1485.0,26,442.0,7.015873015873016,5.443284893885051,8,150.0,0.4030818158952143,18,406.0,0.206540122625021,26,556.0
1490.0,26,413.0,6.770491803278689,4.742665823842336,9,152.0,0.36540076107667757,17,424.0,0.18022804818044466,26,576.0
1495.0,27,509.0,8.344262295081966,5.46651928350456,10,156.0,0.4383461832753583,17,471.0,0.17146573396401052,27,627.0
1500.0,26,504.0,7.875,4.650875308268946,12,153.0,0.3039588575108699,14,508.0,0.24367887196153573,26,661.0
1505.0,25,484.0,7.446153846153846,5.225104495526383,15,152.0,0.31663411915554857,10,491.0,0.282925793590636,25,643.0
1510.0,23,324.0,4.909090909090909,5.277966937848363,15,176.0,0.230274712522762,8,393.0,0.3925439393147957,23,569.0
1515.0,22,201.0,3.0454545454545454,6.217796086977216,11,177.0,0.31792511368953785,11,236.0,0.37685139946280727,22,413.0
1520.0,26,292.0,4.634920634920635,4.9991009998605165,14,216.0,0.31167972662561105,12,253.0,0.14647344298504925,26,469.0
1525.0,24,382.0,6.262295081967213,6.08396034124822,14,278.0,0.2933143155673797,10,257.0,0.18282513885194046,24,535.0
1530.0,21,334.0,5.758620689655173,5.638353919040396,13,292.0,0.2073777793478994,8,258.0,0.16002386158904008,21,550.0
1535.0,19,353.0,6.418181818181818,5.965529019956572,10,276.0,0.30735171188997223,9,266.0,0.17869375843888333,19,542.0
1540.0,22,245.0,4.537037037037037,5.345834569652215,11,259.0,0.3182638086813279,11,261.0,0.2993910506584227,22,520.0
1545.0,20,291.0,5.017241379310345,6.255488860609083,12,236.0,0.32411619222731775,8,251.0,0.4735992394824475,20,487.0
1550.0,22,311.0,5.456140350877193,5.534840518932813,16,252.0,0.2928505698865317,6,248.0,0.5033725893565663,22,500.0
1555.0,23,400.0,7.017543859649122,5.796283163860626,16,284.0,0.29625169404366464,7,249.0,0.47083584395128825,23,533.0
1560.0,22,309.0,5.421052631578948,4.626587744167197,14,308.0,0.25280373425164077,8,145.0,0.29647586224410877,22,453.0
1565.0,21,306.0,5.1,6.212859342039238,11,292.0,0.3680909807303699,10,88.0,0.28955183197627044,21,380.0
1570.0,20,247.0,4.258620689655173,5.421865176391466,12,248.0,0.32735799373323526,8,117.0,0.26730573208280706,20,365.0
1575.0,20,256.0,4.129032258064516,5.9130510813675015,12,241.0,0.2654994672641705,8,141.0,0.34817302271399736,20,382.0
1580.0,19,169.0,2.725806451612903,5.688047125746718,15,255.0,0.17377099574554178,4,105.0,0.4812111317075494,19,360.0
1585.0,25,274.0,4.566666666666666,6.080991467837266,19,318.0,0.17144179921682992,6,85.0,0.570193007216923,25,403.0
1590.0,25,303.0,5.224137931034483,5.227016274235866,17,368.0,0.21410117277545115,8,88.0,0.4300522274561993,25,456.0
1595.0,26,369.0,6.473684210526316,4.945228768553539,16,374.0,0.2164307389486154,10,125.0,0.29995401386620807,26,499.0
1600.0,31,465.0,8.017241379310345,3.6860791576988077,17,374.0,0.17861056664162134,14,189.0,0.10304981472826179,31,563.0
1605.0,30,446.0,7.311475409836065,4.342232590480647,16,386.0,0.2663040663576481,14,196.0,0.17189767863313857,30,582.0
1610.0,29,443.0,7.145161290322581,4.5706705027787935,16,389.0,0.3275907974830951,13,218.0,0.28294268781851545,29,607.0
1615.0,25,307.0,4.723076923076923,5.085048209665699,15,366.0,0.33246476149713855,10,219.0,0.36751919880762,25,585.0
1620.0,20,255.0,4.0476190476190474,6.0250211351936205,15,383.0,0.31417969976459026,5,156.0,0.5018216542780953,20,539.0
1625.0,23,290.0,4.603174603174603,5.903036708245533,14,368.0,0.17968510399310575,9,144.0,0.4097442493852509,23,512.0
1630.0,22,202.0,3.2063492063492065,5.014377992859792,17,395.0,0.04912772856072488,5,107.0,0.33149748303296955,22,502.0
1635.0,32,329.0,5.306451612903226,5.3850961572726685,21,462.0,0.13891560633817784,11,95.0,0.27474815760926075,32,557.0
1640.0,24,340.0,5.964912280701754,4.99456845314899,17,480.0,0.22965925009727992,7,107.0,0.3352186095622357,24,587.0
1645.0,25,402.0,6.7,5.47531286916966,16,439.0,0.2786591120733067,9,115.0,0.34175299091230854,25,554.0
1650.0,23,335.0,5.583333333333333,5.9580115224525,16,425.0,0.29851881636541916,7,123.0,0.46620491012022747,23,548.0
1655.0,16,300.0,4.838709677419355,6.342685495904883,12,357.0,0.30764214284299257,4,113.0,0.4875489854184284,16,470.0
1660.0,22,188.0,2.9375,5.041292656735601,14,337.0,0.25633386374607847,8,78.0,0.3320828734608982,22,415.0
1665.0,24,151.0,2.359375,5.884333528270679,11,272.0,0.35334936672969475,13,99.0,0.24019029676037332,24,371.0
1670.0,24,209.0,3.265625,5.208513187214016,13,260.0,0.3305389902706265,11,131.0,0.16341637943893209,24,391.0
1675.0,23,248.0,4.065573770491803,5.13008645113973,15,275.0,0.2236109387220246,8,125.0,0.34898924000388715,23,400.0
1680.0,25,224.0,3.5,4.388292073235492,17,311.0,0.1649696193070505,8,114.0,0.3571441827763491,25,425.0
1685.0,27,262.0,4.158730158730159,5.466814646231902,20,352.0,0.2022332591494978,7,111.0,0.4534663708054039,27,463.0
1690.0,25,270.0,4.285714285714286,4.718790918929561,19,359.0,0.21200047269362113,6,118.0,0.3931407596072188,25,477.0
1695.0,30,347.0,5.102941176470588,5.199167932847224,19,379.0,0.19716788536016755,11,137.0,0.3852461715579022,30,516.0
1700.0,30,362.0,5.323529411764706,4.656742164430614,19,388.0,0.1985877919858739,11,173.0,0.3383108799123468,30,561.0
1705.0,30,379.0,5.414285714285715,5.535148616600108,14,337.0,0.2939901967746893,16,225.0,0.2844294551117772,30,562.0
1710.0,27,402.0,5.911764705882353,5.230900587476846,14,372.0,0.2993835827394158,13,217.0,0.20577264111781104,27,589.0
1715.0,30,524.0,7.705882352941177,5.382359390897875,14,427.0,0.2874546409989657,16,261.0,0.23482374296102337,30,688.0
1720.0,31,537.0,8.014925373134329,5.162067402927806,16,451.0,0.31147871033555696,15,309.0,0.3101983286589166,31,760.0
1725.0,26,432.0,6.545454545454546,5.077515141287955,16,443.0,0.23371554903395303,10,298.0,0.370875075834504,26,741.0
1730.0,30,338.0,5.121212121212121,3.7561795511935707,18,437.0,0.115867026071894,12,255.0,0.3187015508550512,30,692.0
1735.0,34,346.0,5.0144927536231885,4.349699129792698,20,467.0,0.12030905327707003,14,225.0,0.34367942845278404,34,692.0
1740.0,34,335.0,4.785714285714286,3.988826766879214,20,490.0,0.180342787349457,14,241.0,0.30093198496832296,34,731.0
1745.0,32,345.0,4.928571428571429,4.415846365069489,13,423.0,0.27824542587568035,19,282.0,0.1592567418586629,32,705.0
1750.0,33,398.0,5.852941176470588,4.464796658168997,12,400.0,0.3658655497209253,21,322.0,0.08564115488346487,33,722.0
1755.0,26,360.0,5.0,4.859642329373522,14,357.0,0.26908676781695673,12,312.0,0.20465759013287219,26,669.0
1760.0,28,308.0,4.4,4.701538039956917,17,390.0,0.19774925957301143,11,281.0,0.3405563248690163,28,671.0
1765.0,31,337.0,4.814285714285714,5.142658960704903,20,410.0,0.20789320231087982,11,256.0,0.3935700909687501,31,666.0
1770.0,32,337.0,4.955882352941177,4.543265918792049,20,451.0,0.2048007668809406,12,220.0,0.3833236879232526,32,671.0
1775.0,37,447.0,6.6716417910447765,4.377056469518719,23,526.0,0.19057470662538445,14,208.0,0.3195281497392989,37,734.0
1780.0,37,522.0,7.791044776119403,3.257977380700257,22,576.0,0.13612705804419248,15,234.0,0.2249309480250959,37,810.0
1785.0,34,554.0,7.914285714285715,3.862987584291955,24,604.0,0.1128466207917703,10,205.0,0.2768903348028628,34,809.0
1790.0,33,551.0,7.76056338028169,4.127347541522425,22,608.0,0.08780366136990238,11,204.0,0.3020769462630917,33,812.0
1795.0,27,390.0,5.492957746478873,4.799162436474515,13,509.0,0.19424008141888452,14,246.0,0.2661973791881046,27,755.0
1800.0,26,431.0,6.53030303030303,5.231496647655451,9,421.0,0.3492764600019357,17,291.0,0.20231961594689743,26,712.0
1805.0,25,502.0,8.096774193548388,5.34645200379081,11,376.0,0.2805986525086186,14,313.0,0.19326623475345575,25,689.0
1810.0,25,373.0,5.920634920634921,4.898788555768454,12,303.0,0.23043793131168794,13,299.0,0.1422693479511312,25,602.0
1815.0,28,369.0,5.765625,5.688288663727649,13,270.0,0.376028771917964,15,256.0,0.1788418384999081,28,526.0
1820.0,28,360.0,5.901639344262295,5.868409681442096,14,309.0,0.3981970899145933,14,212.0,0.2960936863237241,28,521.0
1825.0,25,395.0,6.475409836065574,5.087712224113745,12,316.0,0.2613804568586348,13,223.0,0.36123665405010347,25,539.0
1830.0,25,394.0,6.566666666666666,4.816856164334164,11,296.0,0.30259660942731087,14,238.0,0.2897588051964091,25,534.0
1835.0,22,337.0,5.524590163934426,4.984338715264711,11,257.0,0.23953108269384848,11,207.0,0.2881007633176714,22,464.0
1840.0,25,397.0,6.403225806451613,5.5797452950132795,13,220.0,0.23133810597191187,12,252.0,0.2862195490865528,25,472.0
1845.0,23,449.0,7.483333333333333,4.8209307764098215,10,243.0,0.23991027509001206,13,280.0,0.22055500533900343,23,523.0
1850.0,27,530.0,8.688524590163935,5.1020265336915465,10,241.0,0.33560821567655313,17,339.0,0.16075257180553076,27,580.0
1855.0,22,331.0,5.426229508196721,4.846971753461676,9,178.0,0.3483661584745714,13,320.0,0.19158642095519368,22,498.0
1860.0,25,374.0,5.753846153846154,5.89573266870064,12,164.0,0.39091433624415084,13,291.0,0.32464942643081424,25,455.0
1865.0,25,383.0,5.892307692307693,5.377268776653432,13,192.0,0.36474805962977896,12,315.0,0.31605543089378346,25,507.0
1870.0,23,400.0,6.557377049180328,5.330336159479578,15,220.0,0.26901501523040283,8,284.0,0.4154560373594825,23,504.0
1875.0,31,488.0,8.0,3.9447046962665855,21,291.0,0.10351410427699982,10,303.0,0.33976531442907637,31,594.0
1880.0,30,606.0,10.1,4.383918774009762,19,359.0,0.12757137498865248,11,344.0,0.397886207141564,30,703.0
1885.0,29,589.0,9.655737704918034,3.671305510378314,16,379.0,0.1806120456381466,13,376.0,0.2973505894410503,29,755.0
1890.0,28,565.0,8.968253968253968,4.643641185402941,12,324.0,0.2486857131123511,16,415.0,0.30032709954017694,28,739.0
1895.0,27,290.0,4.393939393939394,4.281604341247792,11,285.0,0.27450876734568946,16,336.0,0.19082719993820965,27,621.0
1900.0,30,352.0,5.176470588235294,4.914467988995334,15,311.0,0.2786593274794816,15,232.0,0.2441841204440453,30,543.0
1905.0,31,376.0,5.449275362318841,4.175873657333303,17,335.0,0.2745625508229497,14,249.0,0.2685188103500205,31,584.0
1910.0,21,315.0,4.701492537313433,5.324867492192942,11,307.0,0.26059748007130507,10,209.0,0.33774101529315953,21,516.0
1915.0,23,369.0,5.3478260869565215,5.190778816675913,12,336.0,0.2509065827753321,11,217.0,0.2678239482510504,23,553.0
1920.0,28,462.0,6.507042253521127,5.276857184686514,11,359.0,0.2576161487760921,17,274.0,0.21704563139510022,28,633.0
1925.0,35,585.0,8.478260869565217,4.715031072842695,16,419.0,0.23663260588579493,19,320.0,0.23654747088582398,35,739.0
1930.0,26,486.0,7.967213114754099,5.035537499935593,12,366.0,0.37211933960025423,14,308.0,0.22653982152875982,26,674.0
1935.0,26,512.0,8.533333333333333,4.447425618788505,12,313.0,0.3190849177169521,14,315.0,0.15632292428272673,26,628.0
1940.0,29,429.0,6.809523809523809,4.3807044550536025,11,264.0,0.19816256416144495,18,363.0,0.21279421441027274,29,627.0
1945.0,28,343.0,5.196969696969697,5.4141406642019385,11,155.0,0.2969023580116414,17,367.0,0.29877259558537544,28,522.0
1950.0,24,338.0,5.121212121212121,6.215857519500838,11,211.0,0.406536497761528,13,292.0,0.3610741086273803,24,503.0
1955.0,27,398.0,6.123076923076923,4.777725171988048,15,280.0,0.31939405685036865,12,296.0,0.3002189197643814,27,576.0
1960.0,26,340.0,5.151515151515151,4.16024457656314,15,292.0,0.2001798671867522,11,256.0,0.26576091423595416,26,548.0
1965.0,26,196.0,2.8823529411764706,4.2835479104635015,13,241.0,0.19210171200958398,13,232.0,0.18390228235734665,26,473.0
1970.0,26,269.0,4.014925373134329,5.213190785819444,7,216.0,0.3643362324190209,19,258.0,0.09989074217314471,26,474.0
1975.0,29,323.0,4.893939393939394,4.368927805210429,8,194.0,0.3747756384736741,21,318.0,0.046789480816231174,29,512.0
1980.0,26,375.0,5.769230769230769,4.8215360312406546,12,204.0,0.2376023602340135,14,340.0,0.19403392221210308,26,544.0
1985.0,28,340.0,5.230769230769231,4.633620533791833,15,249.0,0.18700097260190016,13,298.0,0.2218815578353546,28,547.0
1990.0,27,359.0,5.983333333333333,5.6453587379680386,18,334.0,0.2820754566832744,9,223.0,0.32546629744371947,27,557.0
1995.0,27,387.0,6.672413793103448,4.004581122627243,17,367.0,0.2420876184087941,10,236.0,0.22088948595083222,27,603.0
2000.0,21,333.0,5.741379310344827,4.46881091540123,11,336.0,0.19861038556644212,10,244.0,0.23204577446722907,21,580.0
2005.0,20,390.0,6.724137931034483,5.234929610629419,9,328.0,0.2516056122212863,11,293.0,0.24454416353900832,20,621.0
2010.0,22,387.0,5.953846153846154,5.3066582929036015,13,356.0,0.2372425660003528,9,281.0,0.2766786181477176,22,637.0
2015.0,25,446.0,7.433333333333334,5.000475259755456,17,379.0,0.28498418946174986,8,257.0,0.3468563452112859,25,636.0
2020.0,19,325.0,5.803571428571429,4.749910237782195,11,354.0,0.286285914372694,8,185.0,0.31727355211356284,19,539.0
2025.0,20,390.0,6.724137931034483,5.553656902060008,11,352.0,0.2714950042226677,9,152.0,0.35585354026211746,20,504.0
2030.0,19,383.0,6.17741935483871,5.588766608062269,12,356.0,0.2731960611326596,7,161.0,0.2623005066729952,19,517.0
2035.0,21,449.0,7.241935483870968,6.433446715454392,14,399.0,0.22308132714367293,7,172.0,0.41801854839092634,21,571.0
2040.0,22,421.0,7.517857142857143,5.683194408245758,16,454.0,0.15781094341523647,6,136.0,0.5000929314526315,22,590.0
2045.0,20,463.0,8.574074074074074,5.545919411423701,12,472.0,0.18697637457709176,8,122.0,0.3838144096448896,20,594.0
2050.0,24,267.0,5.134615384615385,3.822217803928792,13,313.0,0.17304480668356167,11,151.0,0.24941477071311202,24,464.0
2055.0,28,368.0,6.943396226415095,4.483209597527083,17,303.0,0.23480312940432457,11,191.0,0.27061389679475245,28,494.0
2060.0,28,472.0,8.74074074074074,4.456452510593467,16,353.0,0.2611790546379125,12,239.0,0.28777664623455845,28,592.0
2065.0,19,476.0,9.153846153846153,5.755292776804212,10,350.0,0.36826303807015315,9,252.0,0.3294220745377671,19,602.0
2070.0,18,466.0,8.961538461538462,4.949644953230853,11,341.0,0.19712325111722326,7,244.0,0.29720849938289384,18,585.0
2075.0,23,360.0,7.0588235294117645,4.696004352614316,17,353.0,0.16178311014462918,6,160.0,0.25809252571933344,23,513.0
2080.0,23,389.0,7.480769230769231,5.348044930997309,15,398.0,0.25880820103554997,8,85.0,0.30482812107289015,23,483.0
2085.0,20,460.0,9.019607843137255,5.413043311317677,14,445.0,0.30644112481418523,6,105.0,0.4269970010641013,20,550.0
2090.0,17,473.0,9.096153846153847,5.898997342626236,12,457.0,0.30464521603628997,5,106.0,0.4436219868882358,17,563.0
2095.0,14,396.0,7.333333333333333,6.4853097608736014,9,412.0,0.27925692172078626,5,98.0,0.37126498003101227,14,510.0
2100.0,20,175.0,3.0701754385964914,5.658249124628894,9,286.0,0.2598691993093457,11,110.0,0.2305125093311696,20,396.0
2105.0,21,214.0,4.037735849056604,5.2814730401895105,12,144.0,0.3126116688546081,9,146.0,0.2322214600379863,21,290.0
2110.0,22,273.0,5.352941176470588,5.386098359489244,12,158.0,0.2548879729186158,10,172.0,0.30257516391075207,22,330.0
2115.0,14,243.0,4.959183673469388,6.129153737964315,7,145.0,0.20826256898188458,7,154.0,0.3977536970244988,14,299.0
2120.0,15,274.0,5.591836734693878,5.538865944462032,9,169.0,0.19529853267585964,6,159.0,0.3415442326664237,15,328.0
2125.0,18,228.0,4.956521739130435,5.723518411148762,12,218.0,0.2594685739589405,6,120.0,0.3767260923391763,18,338.0
2130.0,17,205.0,4.361702127659575,5.740161594014523,9,205.0,0.41064689006986893,8,91.0,0.2644186246575544,17,296.0
2135.0,18,250.0,5.208333333333333,6.085274807001315,11,220.0,0.4034189792860708,7,104.0,0.31845826983099046,18,324.0
2140.0,18,264.0,5.28,5.7897177945400164,10,226.0,0.29139556134155553,8,123.0,0.391178905225373,18,349.0
2145.0,10,192.0,4.085106382978723,5.849953300002322,5,177.0,0.2920670716356811,5,111.0,0.40253702041710204,10,288.0
2150.0,12,242.0,5.627906976744186,6.743182518539795,7,168.0,0.3844363977017574,5,102.0,0.36286321046483694,12,270.0
2155.0,17,316.0,7.022222222222222,5.936801409349965,8,197.0,0.3386416891716076,9,141.0,0.20662336404254159,17,338.0
2160.0,14,240.0,4.8979591836734695,6.507370419265551,6,160.0,0.4204416833692902,8,167.0,0.2873790323542315,14,327.0
2165.0,15,268.0,5.469387755102041,7.753909110093145,6,105.0,0.5345109264229809,9,200.0,0.3956077449293097,15,305.0
2170.0,14,326.0,6.9361702127659575,6.931904093843303,6,126.0,0.3863432559180504,8,240.0,0.5075102354533401,14,366.0
2175.0,18,379.0,7.431372549019608,6.056751894802771,10,161.0,0.35669775655589525,8,252.0,0.4010385111165565,18,413.0
2180.0,20,375.0,7.211538461538462,5.362956839097854,8,146.0,0.25078354463651314,12,301.0,0.37633360471585625,20,447.0
2185.0,21,243.0,4.418181818181818,5.845120694148314,10,139.0,0.2785671368717846,11,220.0,0.3636141765834317,21,359.0
2190.0,16,202.0,3.607142857142857,6.0067860019729915,8,169.0,0.3011279609385061,8,99.0,0.38671009036611387,16,268.0
2195.0,22,270.0,4.821428571428571,5.924129135673744,9,200.0,0.3152615032682555,13,133.0,0.271841639332404,22,333.0
2200.0,24,279.0,4.894736842105263,5.149901552834346,9,187.0,0.26456439619826727,15,181.0,0.19346314522640018,24,368.0
2205.0,25,345.0,6.388888888888889,4.90554476218152,11,185.0,0.2564870874776701,14,221.0,0.24627325950776702,25,406.0
2210.0,22,434.0,8.509803921568627,5.48195722819424,11,240.0,0.3086619357121908,11,239.0,0.3350173956544616,22,479.0
2215.0,24,499.0,10.183673469387756,5.224246069502405,12,293.0,0.2582305961256279,12,261.0,0.3251376115438685,24,554.0
2220.0,26,625.0,13.020833333333334,5.029845170578338,13,361.0,0.2690406478152569,13,295.0,0.2522110342255033,26,656.0
2225.0,24,608.0,13.217391304347826,3.9282775535320447,11,342.0,0.26860583277489897,13,332.0,0.08680817502213467,24,674.0
2230.0,24,551.0,11.479166666666666,4.394723615015334,8,303.0,0.35515428562225,16,400.0,0.11885872175248266,24,703.0
2235.0,20,425.0,8.333333333333334,4.685235526761107,7,327.0,0.3194912822454312,13,361.0,0.30353466164187065,20,688.0
2240.0,18,299.0,5.537037037037037,5.712459956150233,10,367.0,0.3195797439199744,8,304.0,0.393293290634471,18,671.0
2245.0,20,247.0,4.410714285714286,4.5656884879728254,13,379.0,0.3102114249123818,7,281.0,0.29507764498751565,20,660.0
2250.0,18,276.0,4.6,5.479562260533401,11,350.0,0.23330698366984234,7,242.0,0.38675584793374995,18,592.0
2255.0,20,274.0,4.566666666666666,5.431838749723595,10,354.0,0.26526408771436527,10,225.0,0.40424253295736445,20,579.0
2260.0,23,327.0,5.360655737704918,5.942308701234958,10,352.0,0.3317962426253937,13,180.0,0.33996225573523275,23,532.0
2265.0,26,406.0,6.88135593220339,4.223726102315313,14,410.0,0.2656804152767136,12,218.0,0.13411398650009718,26,628.0
2270.0,31,515.0,8.442622950819672,4.2217090881151424,18,488.0,0.2238757833951928,13,250.0,0.14372525368661493,31,738.0
2275.0,30,558.0,9.147540983606557,4.121013849083854,15,500.0,0.22436918006891773,15,289.0,0.18986321122360603,30,789.0
2280.0,28,598.0,9.34375,5.3324417036637035,13,470.0,0.32407171167593984,15,318.0,0.29290003287304,28,788.0
2285.0,24,381.0,6.245901639344262,5.066072303754099,11,345.0,0.3465569788581316,13,330.0,0.31339983870474175,24,675.0
2290.0,29,475.0,7.786885245901639,5.036754474445615,15,326.0,0.30961616819365,14,353.0,0.2909773949053586,29,679.0
2295.0,29,437.0,6.936507936507937,3.630233100506409,15,343.0,0.19037574606630853,14,378.0,0.2259003450778556,29,721.0
2300.0,28,381.0,5.953125,4.6904234454398885,14,323.0,0.1974468046637016,14,372.0,0.30524087590308435,28,695.0
2305.0,29,413.0,6.3538461538461535,4.222780329160152,15,341.0,0.16144785736170675,14,405.0,0.2931451997134127,29,746.0
2310.0,30,477.0,6.71830985915493,5.206994182253817,11,323.0,0.28646076318582353,19,469.0,0.27381535533870094,30,792.0
2315.0,28,470.0,6.714285714285714,4.624673596949164,11,332.0,0.3695643775395665,17,499.0,0.15946916020878762,28,831.0
2320.0,34,560.0,7.671232876712328,4.905708854254342,16,316.0,0.35115963042620063,18,517.0,0.18307977140261492,34,833.0
2325.0,34,623.0,8.41891891891892,4.363010512603454,17,350.0,0.33635514725402405,17,561.0,0.15708137191800053,34,911.0
2330.0,31,670.0,9.054054054054054,4.998541487347058,18,339.0,0.24568680979001425,13,563.0,0.3115019815617326,31,902.0
2335.0,31,597.0,8.178082191780822,4.610395240283705,19,379.0,0.11837335374966176,12,494.0,0.3430027318633899,31,873.0
2340.0,30,410.0,5.54054054054054,5.0425177244069594,17,383.0,0.18995973468860405,13,378.0,0.3058058781600033,30,761.0
2345.0,33,338.0,4.76056338028169,4.249633730384919,17,371.0,0.22545815240100328,16,428.0,0.18980450628502515,33,799.0
2350.0,39,443.0,6.420289855072464,4.335674642622308,19,336.0,0.27695989764755125,20,497.0,0.2207525519933246,39,833.0
2355.0,38,484.0,6.722222222222222,3.357555782772177,19,359.0,0.18636128770562443,19,532.0,0.2388741127774881,38,891.0
2360.0,28,437.0,6.069444444444445,4.584393264972192,16,383.0,0.2420316740459697,12,512.0,0.27351731834507603,28,895.0
2365.0,30,459.0,6.12,4.432422250195846,19,405.0,0.20457254466271022,11,431.0,0.2825508096968795,30,836.0
2370.0,28,451.0,5.6375,5.109159827932203,15,374.0,0.28209788418140413,13,335.0,0.26082327957130597,28,709.0
2375.0,34,490.0,5.833333333333333,4.961713534172712,18,405.0,0.31797801747987675,16,381.0,0.26407945475679756,34,786.0
2380.0,32,563.0,6.865853658536586,5.301763310585255,21,411.0,0.25558582545842673,11,394.0,0.34705286359100074,32,805.0
2385.0,37,562.0,7.394736842105263,3.744189266768877,23,441.0,0.11199507221965385,14,402.0,0.3296315905397782,37,843.0
2390.0,47,722.0,9.5,3.1605896883021543,26,503.0,0.07998330887154285,21,457.0,0.1786977113011777,47,960.0
2395.0,50,700.0,9.58904109589041,2.518255906680599,27,617.0,0.09603131855319667,23,425.0,0.10929426887936833,50,1042.0
2400.0,48,837.0,11.013157894736842,3.2056368267433837,28,742.0,0.14876934312765144,20,373.0,0.13615925425327746,48,1115.0
2405.0,44,872.0,11.626666666666667,3.246436059373158,26,767.0,0.19039017097227068,18,409.0,0.18645740211214307,44,1176.0
2410.0,38,758.0,10.383561643835616,3.8815362806856912,25,793.0,0.11863112022167542,13,393.0,0.3136928364922652,38,1186.0
2415.0,31,562.0,7.698630136986301,3.7748636501431228,21,794.0,0.0834117939209003,10,336.0,0.350552430476252,31,1130.0
2420.0,28,337.0,4.616438356164384,4.242388362193164,16,689.0,0.16473530761336191,12,300.0,0.2553240068669752,28,989.0
2425.0,32,322.0,4.410958904109589,4.656617990488302,13,625.0,0.30693345300527347,19,325.0,0.15427837636447458,32,950.0
2430.0,32,428.0,5.706666666666667,4.307730492374624,14,630.0,0.22320930019307428,18,380.0,0.17236093007890865,32,1010.0
2435.0,33,473.0,6.306666666666667,4.30456416022569,16,606.0,0.22691961491580556,17,418.0,0.18811678373770385,33,1024.0
2440.0,31,475.0,6.418918918918919,4.28783837464263,19,628.0,0.20373850019219372,12,401.0,0.2563647991864768,31,1029.0
2445.0,26,533.0,7.1066666666666665,4.670254779614833,12,589.0,0.22182995015801218,14,455.0,0.22161903708799255,26,1044.0
2450.0,34,466.0,6.131578947368421,4.417913222647895,15,544.0,0.2548219436943666,19,511.0,0.1371218197285031,34,1055.0
2455.0,36,378.0,4.973684210526316,4.646016031506116,17,447.0,0.24864115838810494,19,501.0,0.19872396711044632,36,948.0
2460.0,36,439.0,6.013698630136986,4.190525573749334,21,527.0,0.15045699594872183,15,403.0,0.30790273671952045,36,930.0
2465.0,41,560.0,7.466666666666667,4.2026390750288245,26,649.0,0.15253622587544732,15,413.0,0.31013772301270703,41,1062.0
2470.0,35,527.0,6.934210526315789,4.397127827468614,23,697.0,0.1919874695732408,12,362.0,0.22850334553159338,35,1059.0
2475.0,27,386.0,5.1466666666666665,4.576499985865872,17,670.0,0.20628776818918815,10,327.0,0.20718440149932657,27,997.0
2480.0,29,381.0,5.0131578947368425,4.247639468740098,13,678.0,0.2318607659099651,16,277.0,0.1539046003227472,29,955.0
2485.0,32,482.0,6.513513513513513,4.642276837529601,15,697.0,0.2521184502591008,17,302.0,0.2543539846777695,32,999.0
2490.0,34,503.0,7.084507042253521,4.1929080278621385,22,657.0,0.17081257366458208,12,277.0,0.300281166058154,34,934.0
2495.0,31,369.0,5.197183098591549,4.196685681571402,21,672.0,0.08616687622093183,10,285.0,0.3479558699164171,31,957.0
2500.0,36,461.0,6.22972972972973,4.137091615799397,20,704.0,0.16697847453089867,16,335.0,0.24657905157604365,36,1039.0
2505.0,33,436.0,6.055555555555555,4.087721577574197,14,629.0,0.24685614061275943,19,385.0,0.1695318597621853,33,1014.0
2510.0,26,481.0,6.871428571428571,5.15693750148818,11,570.0,0.335294542829911,15,406.0,0.15220308585870604,26,976.0
2515.0,27,386.0,5.287671232876712,4.637102736952455,14,601.0,0.19899771837588032,13,350.0,0.16873389030925268,27,951.0
2520.0,34,358.0,4.972222222222222,4.930261068109896,21,692.0,0.226066465458374,13,245.0,0.18277513785323488,34,937.0
2525.0,37,473.0,7.276923076923077,4.521601153706607,22,671.0,0.2749935182418121,15,223.0,0.22337008879476716,37,894.0
2530.0,33,512.0,7.529411764705882,4.0098421108677496,20,552.0,0.25485044227938214,13,248.0,0.1762147997568033,33,800.0
2535.0,26,491.0,7.220588235294118,4.5070742680278,19,578.0,0.20278461362306224,7,214.0,0.3119465464860464,26,792.0
2540.0,25,395.0,5.8088235294117645,4.929558252684514,17,542.0,0.22736304922305994,8,193.0,0.288928492236868,25,735.0
2545.0,26,268.0,3.8840579710144927,4.347754132341044,15,493.0,0.15686594751076527,11,208.0,0.21447967956575534,26,701.0
2550.0,31,288.0,4.114285714285714,4.439182003016398,16,396.0,0.16189561777709655,15,234.0,0.2739256947077198,31,630.0
2555.0,27,349.0,5.057971014492754,5.145811602871221,20,419.0,0.18672958299161074,7,217.0,0.3994002267666488,27,636.0
2560.0,20,306.0,4.636363636363637,5.274138769881434,14,401.0,0.19227536756572,6,152.0,0.38529832894519056,20,553.0
2565.0,28,426.0,6.173913043478261,5.635963372920327,17,427.0,0.2924247684328793,11,174.0,0.21351343487802207,28,601.0
2570.0,29,360.0,5.294117647058823,5.199801740948772,17,441.0,0.29551815069583204,12,151.0,0.11583009494883469,29,592.0
2575.0,31,450.0,6.923076923076923,5.6149027809820184,18,480.0,0.28582955387039755,13,152.0,0.3101803461839641,31,632.0
2580.0,27,409.0,6.816666666666666,4.096768395978096,17,431.0,0.17880071762653635,10,164.0,0.37304766001059253,27,595.0
2585.0,23,287.0,4.555555555555555,4.770215379462875,18,399.0,0.20306220446094103,5,121.0,0.3519357301614046,23,520.0
2590.0,25,267.0,4.107692307692307,4.369298313381979,16,389.0,0.24936550370204927,9,139.0,0.25039396941641845,25,528.0
2595.0,28,272.0,3.9420289855072466,5.084489930320675,16,363.0,0.3097165121998359,12,187.0,0.28828064672801496,28,550.0
2600.0,30,348.0,5.1940298507462686,4.503758638792728,18,418.0,0.2777471627266335,12,202.0,0.2586681027854643,30,620.0
2605.0,34,450.0,7.377049180327869,3.697972912599543,23,490.0,0.10644170416338207,11,180.0,0.35540555100263155,34,670.0
2610.0,29,363.0,5.671875,3.1200995537595846,24,532.0,0.03746893043195175,5,144.0,0.32342214683977455,29,676.0
2615.0,24,304.0,4.470588235294118,4.705553605915269,17,530.0,0.20918445309444655,7,119.0,0.25627217035734084,24,649.0
2620.0,26,350.0,5.072463768115942,4.9264494972404735,14,535.0,0.30674576077624494,12,164.0,0.17925000863242568,26,699.0
2625.0,34,433.0,6.185714285714286,5.121075438034156,18,534.0,0.27807314907333774,16,238.0,0.21633385040436603,34,772.0
2630.0,32,440.0,6.666666666666667,4.075966726733393,18,515.0,0.15998265279657445,14,279.0,0.28605652647159147,32,794.0
2635.0,28,328.0,4.895522388059701,4.697802864314532,21,489.0,0.1610019187816493,7,244.0,0.37023910123532366,28,733.0
2640.0,30,307.0,4.323943661971831,4.65758095847266,20,561.0,0.13632996231171574,10,199.0,0.3532229893767216,30,760.0
2645.0,35,424.0,5.808219178082192,5.247987583891615,24,648.0,0.1882806459580283,11,176.0,0.3770992744902857,35,824.0
2650.0,32,425.0,5.985915492957746,4.636723778711788,19,634.0,0.20443765072884165,13,193.0,0.33515266186445897,32,827.0
2655.0,21,271.0,3.816901408450704,5.280169740623645,13,532.0,0.24013731668191451,8,163.0,0.31461715808307805,21,695.0
2660.0,21,213.0,2.9178082191780823,5.177867050122244,12,512.0,0.22169272222367903,9,175.0,0.27098804458242964,21,687.0
2665.0,36,312.0,4.273972602739726,5.005721746992765,17,506.0,0.23450640960930835,19,236.0,0.2674287310854783,36,742.0
2670.0,37,423.0,5.794520547945205,4.732515460582863,20,573.0,0.2924293884975281,17,277.0,0.27198846343453453,37,850.0
2675.0,35,524.0,7.594202898550725,4.414490508610334,21,648.0,0.2504828114251274,14,286.0,0.28035098360801514,35,934.0
2680.0,33,474.0,6.771428571428571,4.064208452884535,20,644.0,0.20533680097511606,13,249.0,0.2955152039359312,33,893.0
2685.0,32,462.0,6.328767123287672,4.45374266536466,15,549.0,0.18680384555776552,17,260.0,0.31170864729949954,32,809.0
2690.0,29,458.0,6.361111111111111,4.370844083932655,15,609.0,0.22992583641755518,14,264.0,0.23589318892640415,29,873.0
2695.0,37,546.0,7.583333333333333,4.442723686440841,21,688.0,0.23997491387338854,16,240.0,0.236412282150954,37,928.0
2700.0,39,639.0,8.635135135135135,3.7032424059876963,23,732.0,0.1998041392100494,16,267.0,0.18900006895024996,39,999.0
2705.0,26,621.0,8.391891891891891,4.509698997384388,14,711.0,0.22417602289583904,12,250.0,0.2204534131587213,26,961.0
2710.0,27,513.0,6.84,5.194316327683892,15,657.0,0.29435487832955015,12,221.0,0.2343572004771728,27,878.0
2715.0,28,506.0,6.657894736842105,5.487177328765551,15,591.0,0.23940538061066402,13,252.0,0.31889474420928304,28,843.0
2720.0,33,547.0,7.597222222222222,4.337561375385521,19,635.0,0.17228885673419192,14,275.0,0.3369489646594807,33,910.0
2725.0,33,669.0,9.838235294117647,4.897700323248359,17,677.0,0.25302032068898145,16,303.0,0.2747946459280539,33,980.0
2730.0,33,544.0,7.771428571428571,3.5418487681080144,15,599.0,0.19328845612832624,18,319.0,0.1275044332626813,33,918.0
2735.0,32,409.0,5.8428571428571425,4.224339419450419,19,411.0,0.1466559317386828,13,295.0,0.23757269170114861,32,706.0
2740.0,30,334.0,5.0606060606060606,4.163745523352773,19,452.0,0.14205590862753678,11,241.0,0.3109389300910106,30,693.0
2745.0,34,432.0,6.447761194029851,4.578693897137222,21,510.0,0.19670692237114834,13,197.0,0.2771465333344072,34,707.0
2750.0,33,475.0,6.884057971014493,4.269669068276532,18,558.0,0.24260860199423961,15,235.0,0.24700361462686243,33,793.0
2755.0,30,480.0,6.76056338028169,4.544249513674127,12,541.0,0.278827027437134,18,278.0,0.21442037095338612,30,819.0
2760.0,29,521.0,7.04054054054054,4.686593103776868,12,490.0,0.3209514736903996,17,305.0,0.20760341940223537,29,795.0
2765.0,25,509.0,6.878378378378378,5.018632702197284,15,484.0,0.27295042781379675,10,295.0,0.3065174395566597,25,779.0
2770.0,31,323.0,4.364864864864865,4.1812163468617625,20,443.0,0.20443486768514024,11,221.0,0.356914910483169,31,664.0
2775.0,34,343.0,4.397435897435898,4.7202810535915205,21,340.0,0.25341472309686697,13,235.0,0.3631710012767525,34,575.0
2780.0,40,444.0,5.620253164556962,4.550151790378772,24,421.0,0.25831935623954017,16,232.0,0.35266977418646644,40,653.0
2785.0,39,538.0,6.6419753086419755,4.222555401513368,22,464.0,0.2387002294024768,17,269.0,0.29313692567163924,39,733.0
2790.0,37,480.0,5.853658536585366,3.5819605495693634,17,450.0,0.23324027533503597,20,304.0,0.15929067292431676,37,754.0
2795.0,32,409.0,4.7011494252873565,3.932722190765931,15,434.0,0.1839234400706774,17,301.0,0.15429712928576594,32,735.0
2800.0,30,443.0,5.034090909090909,4.907991405413236,18,462.0,0.19228836885113773,12,300.0,0.2679208976312869,30,762.0
2805.0,29,426.0,4.840909090909091,4.807948654977816,19,505.0,0.1666563224022867,10,258.0,0.3287983941073281,29,763.0
2810.0,33,504.0,5.7272727272727275,4.6749351682927855,20,503.0,0.22129242435454616,13,234.0,0.2513452262389233,33,737.0
2815.0,37,604.0,6.786516853932584,4.523119810303748,18,546.0,0.2906907430698779,19,285.0,0.15680601867600164,37,831.0
2820.0,33,684.0,7.6,5.108147010142889,20,588.0,0.25814534686045865,13,307.0,0.22611289954365868,33,895.0
2825.0,37,563.0,6.783132530120482,4.70148781349592,26,603.0,0.12906481050271265,11,278.0,0.3437316715220702,37,881.0
2830.0,43,474.0,5.710843373493976,4.64869520117069,29,586.0,0.13952643966486894,14,257.0,0.26943427621770677,43,843.0
2835.0,44,625.0,7.716049382716049,3.833896018024732,25,675.0,0.1853236309870835,19,327.0,0.2022794840256336,44,1002.0
2840.0,42,776.0,9.580246913580247,3.9327486947837884,24,736.0,0.15643672823147892,18,388.0,0.2640646450699994,42,1124.0
2845.0,40,810.0,10.0,3.726349290173036,28,772.0,0.11855637367787471,12,395.0,0.2795468611686159,40,1167.0
2850.0,32,526.0,6.658227848101266,4.401936800029131,20,743.0,0.17047866073858828,12,319.0,0.21604266173766634,32,1062.0
2855.0,31,458.0,5.871794871794871,4.807339768640794,15,702.0,0.2256068456033637,16,298.0,0.15111369011678671,31,1000.0
2860.0,31,405.0,5.4,4.511268356841734,16,569.0,0.18774971230853382,15,317.0,0.19995128311323163,31,886.0
2865.0,30,477.0,6.814285714285714,4.947993216445037,16,549.0,0.21520867734223306,14,349.0,0.31932454643275493,30,898.0
2870.0,26,481.0,7.287878787878788,4.549827588549311,17,590.0,0.1913612604757956,9,328.0,0.37072491380704325,26,918.0
2875.0,29,543.0,7.757142857142857,4.222590203692764,16,643.0,0.18567831786807837,13,348.0,0.29293349647247624,29,991.0
2880.0,33,616.0,8.105263157894736,4.365691090459629,18,667.0,0.27708167331669137,15,367.0,0.23076715588913685,33,1034.0
2885.0,32,527.0,7.319444444444445,4.373362532834047,11,641.0,0.33843649708686013,21,329.0,0.18250739860383722,32,970.0
2890.0,38,622.0,8.76056338028169,3.627668252160973,16,679.0,0.24864671186738466,22,362.0,0.125851201915435,38,1041.0
2895.0,41,744.0,10.47887323943662,3.191318987453196,19,727.0,0.20102468614546043,22,434.0,0.13169321412103124,41,1161.0
2900.0,43,904.0,12.383561643835616,3.596871084936848,19,767.0,0.21659418454617943,24,524.0,0.1595148476248475,43,1291.0
2905.0,37,955.0,13.082191780821917,3.593190440471861,17,798.0,0.2624155169561683,20,557.0,0.09796947383997245,37,1355.0
2910.0,30,886.0,12.47887323943662,4.417644465869398,17,867.0,0.27914247679715487,13,490.0,0.10760990487467874,30,1357.0
2915.0,30,886.0,12.47887323943662,4.379394689383579,20,939.0,0.1954451321859163,10,503.0,0.18947835507208868,30,1442.0
2920.0,34,915.0,13.26086956521739,3.126476023006401,22,1019.0,0.1297130746794689,12,471.0,0.17559725195574374,34,1490.0
2925.0,35,1023.0,15.5,2.68782846869072,20,1084.0,0.14794512363775375,15,474.0,0.13477312900283772,35,1558.0
2930.0,33,1130.0,17.936507936507937,3.911056545548101,22,1179.0,0.14723672636384938,11,418.0,0.20696689960412776,33,1597.0
2935.0,28,1140.0,17.01492537313433,3.7996124856111084,20,1204.0,0.03920192630499955,8,414.0,0.24095678566173023,28,1618.0
2940.0,36,1278.0,19.074626865671643,4.2185920905405325,22,1276.0,0.0759734724611316,14,415.0,0.2744040094687713,36,1691.0
2945.0,35,1165.0,19.098360655737704,3.556634974670541,20,1178.0,0.1283986148264365,15,435.0,0.22739578513391517,35,1613.0
2950.0,25,717.0,11.380952380952381,4.367044458031304,16,962.0,0.17695618942114785,9,381.0,0.22735681789705656,25,1343.0
2955.0,24,561.0,9.048387096774194,5.506970680247506,13,774.0,0.22099352354069826,11,356.0,0.36199774134980556,24,1130.0
2960.0,23,609.0,10.15,6.217938258536213,12,620.0,0.24703895187876265,11,376.0,0.43615707705237183,23,996.0
2965.0,22,490.0,8.032786885245901,4.832704192942098,11,618.0,0.19932897936413468,11,339.0,0.36732649525630484,22,957.0
2970.0,26,386.0,6.126984126984127,4.88440108024648,15,600.0,0.26801904004596855,11,244.0,0.29730247023560546,26,844.0
2975.0,25,453.0,6.969230769230769,4.980829326598235,12,558.0,0.35049694476676146,13,278.0,0.23215254687132997,25,836.0
2980.0,24,506.0,7.7846153846153845,5.660672894441434,11,459.0,0.3743169408586819,13,302.0,0.27614863698251146,24,761.0
2985.0,26,416.0,6.4,4.934113197289131,12,390.0,0.22008947666546688,14,326.0,0.3083879645147703,26,716.0
2990.0,27,416.0,6.5,5.581474666334263,14,296.0,0.3066488673678951,13,331.0,0.35231985189064435,27,627.0
2995.0,26,506.0,8.031746031746032,4.564546548103862,14,303.0,0.28794482216159684,12,384.0,0.29655776222353325,26,687.0
3000.0,33,647.0,10.109375,4.094068331346651,16,282.0,0.21150449235300406,17,458.0,0.23651800084787675,33,740.0
3005.0,35,718.0,10.558823529411764,4.069430841674089,17,308.0,0.17500051553959392,18,514.0,0.23867560060436796,35,822.0
3010.0,23,711.0,10.938461538461539,5.221827220432264,7,273.0,0.31131638292354447,16,569.0,0.28828377863266624,23,842.0
3015.0,23,521.0,8.140625,4.828804121616164,6,221.0,0.2969745473595546,17,529.0,0.23859288034764972,23,750.0
3020.0,33,553.0,8.378787878787879,4.367985905583049,13,218.0,0.21027535840024783,20,531.0,0.2011324084603037,33,749.0
3025.0,33,649.0,10.140625,4.086109316155431,13,260.0,0.18079441476738126,20,606.0,0.23972536752955242,33,866.0
3030.0,33,785.0,12.076923076923077,4.8974864765121975,14,320.0,0.20648664518345475,19,671.0,0.27369194005296005,33,991.0
3035.0,33,836.0,12.861538461538462,4.405086015394222,13,321.0,0.22883497542665715,20,739.0,0.19731747329886815,33,1060.0
3040.0,25,782.0,11.848484848484848,4.836453578635621,5,244.0,0.3421627567696817,20,792.0,0.16356378070908184,25,1036.0
3045.0,23,865.0,13.307692307692308,5.48064741676821,5,194.0,0.4846649673088959,18,862.0,0.1689842325428834,23,1056.0
3050.0,26,967.0,15.109375,5.984105172927544,6,190.0,0.3894871240586563,20,920.0,0.2069095093891147,26,1110.0
3055.0,23,943.0,15.716666666666667,5.712757048584707,2,122.0,0.43653792776726097,21,996.0,0.1453723592466664,23,1118.0
3060.0,26,1006.0,17.344827586206897,5.754914786347761,5,33.0,0.5002917597041489,21,1060.0,0.14115361635008583,26,1093.0
3065.0,24,681.0,12.381818181818181,5.496858507129681,5,54.0,0.5707804863526857,19,901.0,0.1468628734035434,24,955.0
3070.0,19,296.0,5.584905660377358,5.530629943802426,7,88.0,0.4733402078664748,12,632.0,0.2797315075107784,19,720.0
3075.0,20,358.0,6.754716981132075,5.593116672140901,8,124.0,0.4435919043954915,12,447.0,0.3357536038340072,20,571.0
3080.0,25,472.0,8.428571428571429,5.586963067476115,11,172.0,0.4091370198301782,14,413.0,0.2688379369836045,25,585.0
3085.0,22,393.0,7.017857142857143,5.029259632311869,8,151.0,0.4264984997539788,14,390.0,0.1981172035551397,22,541.0
3090.0,27,475.0,8.189655172413794,4.988973821841997,11,195.0,0.34392172442908964,16,343.0,0.2706062531967769,27,538.0
3095.0,28,462.0,7.9655172413793105,3.793894414409312,14,259.0,0.1786974702367021,14,332.0,0.2866510956649839,28,591.0
3100.0,30,515.0,8.879310344827585,4.254965050999233,18,343.0,0.10623046367158469,12,271.0,0.33784871197442873,30,614.0
3105.0,32,440.0,7.586206896551724,3.483927423708713,18,375.0,0.07476736915583192,14,245.0,0.25912192763676906,32,620.0
3110.0,27,433.0,7.5964912280701755,3.659338179361516,10,339.0,0.18272874453469876,17,278.0,0.1482512665792636,27,617.0
3115.0,29,443.0,7.637931034482759,3.6605408938537054,11,382.0,0.27774074539084986,18,283.0,0.08067739118190008,29,665.0
3120.0,32,537.0,9.101694915254237,4.315835642365049,15,447.0,0.24730376481229804,17,284.0,0.18223751838015012,32,731.0
3125.0,30,581.0,9.683333333333334,3.636680210998186,15,476.0,0.20299250293018672,15,293.0,0.2009313142437139,30,769.0
3130.0,20,557.0,9.440677966101696,5.41074771461896,9,453.0,0.2188702501543787,11,254.0,0.33882777152362875,20,707.0
3135.0,22,483.0,8.05,4.768860185567354,11,430.0,0.12985193723418806,11,272.0,0.2805313338474529,22,702.0
3140.0,24,348.0,5.612903225806452,5.332491619325661,12,353.0,0.2090832208069358,12,289.0,0.3367008492098622,24,642.0
3145.0,26,411.0,7.086206896551724,4.450896972732323,14,402.0,0.2826442367978194,12,307.0,0.31208702020765255,26,709.0
3150.0,29,507.0,8.741379310344827,5.0096233393918235,17,481.0,0.3247730181094278,12,327.0,0.3518447981493697,29,808.0
3155.0,30,388.0,6.0625,4.368602045358205,17,506.0,0.2568070150362015,13,285.0,0.2835433403428824,30,791.0
3160.0,38,465.0,7.045454545454546,3.8358569477071094,23,555.0,0.16229725481387297,15,295.0,0.28543121112087544,38,850.0
3165.0,37,493.0,7.358208955223881,3.6967511083839653,21,588.0,0.18771841499410055,16,334.0,0.22353115407519547,37,922.0
3170.0,30,432.0,6.352941176470588,3.905353417607522,12,523.0,0.24894190684527354,18,394.0,0.12278700186820844,30,917.0
3175.0,28,335.0,4.926470588235294,4.468104034704986,10,435.0,0.3512183598331244,18,406.0,0.09659766390913044,28,841.0
3180.0,27,334.0,4.840579710144928,4.99127550362821,11,324.0,0.30461788273284157,16,383.0,0.18495099213388866,27,707.0
3185.0,28,313.0,4.815384615384615,4.148278286878004,15,357.0,0.15153791133105327,13,368.0,0.28496601351802775,28,725.0
3190.0,33,395.0,5.8088235294117645,5.27690313109142,24,460.0,0.1850268419477228,9,302.0,0.4144907870958354,33,762.0
3195.0,31,437.0,6.522388059701493,5.005754174345926,21,528.0,0.23461910268577688,10,258.0,0.40110287913705117,31,786.0
3200.0,31,445.0,6.953125,3.799757506842534,22,621.0,0.143217821008976,9,258.0,0.34658295063049943,31,879.0
3205.0,38,572.0,8.8,2.6180738596978927,27,743.0,0.08318404996012257,11,288.0,0.23785781220561084,38,1031.0
3210.0,40,747.0,10.67142857142857,3.085133780080039,29,882.0,0.07044029479423386,11,299.0,0.26878254769425597,40,1181.0
3215.0,43,748.0,10.535211267605634,3.40681478114071,30,900.0,0.09676055172125214,13,322.0,0.31095267394756126,43,1222.0
3220.0,35,564.0,7.52,4.63668872171642,18,782.0,0.2581144030200873,17,365.0,0.23608360061538083,35,1147.0
3225.0,30,541.0,7.118421052631579,4.801482834503675,11,670.0,0.35770164092171863,19,456.0,0.1258720221189822,30,1126.0
3230.0,26,428.0,5.487179487179487,4.7357379191306945,8,550.0,0.335485601507185,18,522.0,0.14113436425674822,26,1072.0
3235.0,30,428.0,5.558441558441558,4.919877285573948,13,463.0,0.263765514603906,17,568.0,0.2081435574631386,30,1031.0
3240.0,34,450.0,6.081081081081081,3.8664664464296252,19,527.0,0.14454462334697746,15,535.0,0.22287234615657395,34,1062.0
3245.0,38,446.0,5.717948717948718,4.23954001151614,27,637.0,0.1676375171143344,11,460.0,0.3233875338354394,38,1097.0
3250.0,32,434.0,5.7105263157894735,4.416554193606417,26,653.0,0.2160273111318341,6,484.0,0.4032743542313967,32,1137.0
3255.0,29,423.0,5.64,4.587722577121898,19,569.0,0.21268941709569966,10,528.0,0.3713871076888702,29,1097.0
3260.0,27,451.0,6.178082191780822,4.895746197800767,14,480.0,0.2281288832779966,13,514.0,0.29711919991372293,27,994.0
3265.0,30,564.0,7.943661971830986,4.670052887425539,18,462.0,0.24843262252176532,12,459.0,0.17107425066145587,30,921.0
3270.0,30,631.0,8.887323943661972,4.398647550501451,14,425.0,0.29956283304999004,16,527.0,0.12296997348480158,30,952.0
3275.0,36,664.0,9.764705882352942,3.5816777339086325,17,407.0,0.22374123922257608,19,612.0,0.17403112913381588,36,1019.0
3280.0,35,462.0,6.695652173913044,3.686365711542857,19,443.0,0.23900148598346704,16,543.0,0.23906708141828123,35,986.0
3285.0,37,539.0,7.486111111111111,3.759912086373307,23,469.0,0.22263537560042831,14,469.0,0.2747065654586557,37,938.0
3290.0,43,605.0,8.287671232876713,3.6890128753456533,30,597.0,0.22321441107116782,13,458.0,0.2710782783681399,43,1055.0
3295.0,38,610.0,8.356164383561644,3.615467814591766,29,671.0,0.15951044999975558,9,381.0,0.2927958758515694,38,1052.0
3300.0,33,500.0,6.756756756756757,3.521775833459546,23,681.0,0.14069987232978504,10,328.0,0.2121461106383731,33,1009.0
3305.0,30,491.0,6.546666666666667,4.274627440220452,20,709.0,0.18513019021309626,10,233.0,0.21542797586558404,30,942.0
3310.0,33,437.0,5.986301369863014,4.974076232160256,17,642.0,0.26182051033128634,16,240.0,0.24155988609631213,33,882.0
3315.0,32,474.0,6.869565217391305,4.633094082771487,20,591.0,0.19593926782986765,12,211.0,0.34837929195441464,32,802.0
3320.0,32,490.0,7.0,4.16125623373715,25,619.0,0.10184769695481702,7,189.0,0.40690921348463277,32,808.0
3325.0,31,440.0,6.197183098591549,4.327093517204956,23,665.0,0.08019448010296149,8,206.0,0.41488159714020084,31,871.0
3330.0,31,469.0,6.253333333333333,4.668191091926833,19,713.0,0.14377375152902577,12,251.0,0.4021718360200205,31,964.0
3335.0,27,435.0,5.878378378378378,4.653385308199137,13,684.0,0.24108921014815632,14,286.0,0.30369627368798996,27,970.0
3340.0,24,384.0,5.565217391304348,4.438762161320616,13,666.0,0.25632293259431377,11,294.0,0.2438888161018698,24,960.0
3345.0,31,252.0,3.5,4.019161284460074,18,664.0,0.17460181070363404,13,232.0,0.172188039721632,31,896.0
3350.0,36,348.0,4.901408450704225,4.394191153447022,23,738.0,0.1827553642071065,13,146.0,0.24623261945964223,36,884.0
3355.0,39,461.0,6.402777777777778,3.904791006026798,23,764.0,0.17998025416921737,16,194.0,0.24479255351616552,39,958.0
3360.0,31,486.0,6.942857142857143,4.210231754004591,21,716.0,0.1903051782806438,10,213.0,0.30978127957586127,31,929.0
3365.0,30,471.0,6.541666666666667,4.187884849082811,18,715.0,0.18173987556597196,12,241.0,0.3014748391072426,30,956.0
3370.0,30,434.0,6.2898550724637685,4.132150965654866,12,614.0,0.24888411896455856,18,293.0,0.15033197936995185,30,907.0
3375.0,34,541.0,7.955882352941177,3.5210404806315148,14,566.0,0.22481166841530212,20,358.0,0.12401584100826478,34,924.0
3380.0,32,610.0,9.104477611940299,4.018483913260369,19,533.0,0.1474001064025858,13,386.0,0.25530590008740084,32,919.0
3385.0,28,396.0,5.823529411764706,4.378768392974809,15,478.0,0.1774656995433304,13,359.0,0.3073201689603941,28,837.0
3390.0,33,463.0,6.52112676056338,4.997364558163565,18,491.0,0.20926863061628515,15,304.0,0.3113570273702241,33,795.0
3395.0,37,523.0,7.366197183098592,4.345024320547657,21,550.0,0.2540423076651676,16,346.0,0.2433654426047502,37,896.0
3400.0,35,624.0,8.32,4.783575934193602,23,584.0,0.18582298000507383,12,354.0,0.326345662279004,35,938.0
3405.0,32,569.0,8.014084507042254,4.406001290066036,22,651.0,0.1712102434190236,10,300.0,0.35809154206768656,32,951.0
3410.0,38,574.0,7.756756756756757,4.454867328110518,23,696.0,0.2469318219352529,15,191.0,0.26350362070545974,38,887.0
3415.0,36,623.0,8.41891891891892,3.9586801657917463,20,749.0,0.2569246568493903,16,215.0,0.23377981872932008,36,964.0
3420.0,41,778.0,10.236842105263158,4.06815354793581,20,779.0,0.23757900911767052,21,291.0,0.22123405910332244,41,1070.0
3425.0,46,741.0,9.2625,3.7080163674723834,25,728.0,0.20603574517280435,21,348.0,0.19269999583227682,46,1076.0
3430.0,43,523.0,6.5375,4.180053304546272,18,567.0,0.21219693407553372,25,405.0,0.19670823242938984,43,972.0
3435.0,35,492.0,6.3076923076923075,3.5591533331166647,12,531.0,0.22090129161842928,23,455.0,0.16693091276369068,35,986.0
3440.0,30,348.0,4.51948051948052,4.220968921494879,16,541.0,0.19059882355950755,14,428.0,0.25567199994667394,30,969.0
3445.0,33,408.0,5.1645569620253164,4.497006986529656,20,520.0,0.13726010069193653,13,374.0,0.3486506693462355,33,894.0
3450.0,30,458.0,5.725,4.80605698850522,18,431.0,0.10721069336270636,12,359.0,0.329707995701642,30,790.0
3455.0,29,542.0,7.038961038961039,5.418743533473025,15,430.0,0.2059936305233487,14,377.0,0.31882527054669935,29,807.0
3460.0,35,574.0,7.653333333333333,4.826002359434379,14,403.0,0.2871381378826735,21,449.0,0.11657454389470792,35,852.0
3465.0,36,659.0,8.905405405405405,4.940760267831984,16,380.0,0.25428060301283223,20,493.0,0.23127857838546984,36,873.0
3470.0,31,707.0,10.1,4.898034815965983,17,423.0,0.19822359962454963,14,468.0,0.3234521381925025,31,891.0
3475.0,26,698.0,9.830985915492958,4.968046886912319,14,443.0,0.22452830065256404,12,467.0,0.2809830684777914,26,910.0
3480.0,28,573.0,7.8493150684931505,5.047406496626598,12,378.0,0.26655118123281035,16,446.0,0.19481097938223382,28,824.0
3485.0,33,340.0,4.657534246575342,5.215219841128727,14,327.0,0.30052072678208264,19,380.0,0.22749955380510184,33,707.0
3490.0,32,410.0,5.774647887323944,4.857277807089,14,372.0,0.3062551674280492,18,312.0,0.29612670640362515,32,684.0
3495.0,30,474.0,7.074626865671642,4.7719757276994805,13,405.0,0.38064643026003514,17,339.0,0.24206641120237063,30,744.0
3500.0,24,334.0,4.911764705882353,4.558267112847724,11,370.0,0.29763518332838435,13,302.0,0.1940162384755386,24,672.0
3505.0,29,354.0,5.057142857142857,5.3147663576412985,15,280.0,0.203571960635063,14,302.0,0.25717157274303115,29,582.0
3510.0,32,425.0,5.902777777777778,5.128631200098232,17,340.0,0.211776225544904,15,309.0,0.20576102372054533,32,649.0
3515.0,29,465.0,7.045454545454546,4.93699864598076,12,368.0,0.2073546392122557,17,325.0,0.2605463933199449,29,693.0
3520.0,28,466.0,7.396825396825397,4.192030754730371,13,360.0,0.17545689440684872,15,352.0,0.24654641003485692,28,712.0
3525.0,33,537.0,8.523809523809524,4.718196354203467,15,339.0,0.3407166990987064,18,382.0,0.24950617372175254,33,721.0
3530.0,30,571.0,8.522388059701493,4.088020022668229,13,327.0,0.29471938105704437,17,425.0,0.2595526355293763,30,752.0
3535.0,27,608.0,8.941176470588236,5.139861543268714,13,314.0,0.2726878104715339,14,452.0,0.35413405892494026,27,766.0
3540.0,30,623.0,8.9,4.515304933758066,17,342.0,0.15864989230799736,13,458.0,0.3175118997152719,30,800.0
3545.0,31,667.0,9.666666666666666,4.773763824970367,13,332.0,0.21685391383203007,18,491.0,0.21523093192931006,31,823.0
3550.0,28,370.0,5.522388059701493,4.12895707386985,10,226.0,0.34617111299593745,18,440.0,0.10258534502651448,28,666.0
3555.0,33,336.0,5.1692307692307695,4.580499512695468,15,258.0,0.2950060712658787,18,346.0,0.215120055413006,33,604.0
3560.0,34,377.0,5.984126984126984,4.078116281585063,18,295.0,0.2656284244044553,16,376.0,0.2312560041848885,34,671.0
3565.0,29,369.0,5.857142857142857,4.239563007550972,16,302.0,0.19366944251773438,13,354.0,0.22973016565950297,29,656.0
3570.0,30,410.0,6.721311475409836,3.8431343430081917,18,335.0,0.15269235870936873,12,376.0,0.1991689394020486,30,711.0
3575.0,26,398.0,6.862068965517241,4.17363850382088,10,316.0,0.20627329177634254,16,410.0,0.1900710854723002,26,726.0
3580.0,25,356.0,6.137931034482759,3.6747498223323745,9,269.0,0.2891052460255852,16,454.0,0.10305022615062143,25,723.0
3585.0,23,406.0,7.12280701754386,5.270163470599465,12,230.0,0.3106618268282816,11,455.0,0.21924703180419308,23,685.0
3590.0,24,409.0,7.4363636363636365,4.529537584967261,12,238.0,0.24121288457439918,12,396.0,0.23585626489380457,24,634.0
3595.0,20,412.0,7.490909090909091,5.918152918034545,8,207.0,0.3069582419328826,12,340.0,0.29759761123905853,20,547.0
3600.0,23,242.0,4.481481481481482,4.766864091067071,12,214.0,0.21940187097208746,11,274.0,0.27183103173831735,23,488.0
3605.0,22,254.0,4.535714285714286,5.734654581779557,14,219.0,0.27003941962468914,8,172.0,0.39092182260701663,22,391.0
3610.0,25,258.0,4.526315789473684,4.790372981515818,14,217.0,0.30109503900509677,11,174.0,0.32558206959635383,25,391.0
3615.0,27,375.0,6.4655172413793105,5.3537995825230755,14,254.0,0.3440341041357287,13,231.0,0.3310005693997934,27,485.0
3620.0,27,325.0,5.327868852459017,4.572777881507256,14,258.0,0.24893350635681052,13,219.0,0.332835075447201,27,477.0
3625.0,19,269.0,4.483333333333333,5.3683984493217345,8,211.0,0.21887758385328704,11,169.0,0.36275601494753007,19,380.0
3630.0,19,251.0,4.114754098360656,5.055044705202642,7,195.0,0.2650671276577286,12,175.0,0.237268303258269,19,370.0
3635.0,24,254.0,4.233333333333333,5.282361900141569,15,252.0,0.1815309476145296,9,150.0,0.27333425042774634,24,402.0
3640.0,23,306.0,5.464285714285714,4.523071900231268,14,270.0,0.25206210428171383,9,169.0,0.2814830228154536,23,439.0
3645.0,20,336.0,6.72,5.403719883483607,8,252.0,0.33350646570356896,12,190.0,0.19152102449215744,20,442.0
3650.0,23,279.0,5.58,4.261612728486651,7,172.0,0.2527402779291873,16,256.0,0.11845941305622727,23,428.0
3655.0,24,322.0,6.313725490196078,4.472070296760046,11,148.0,0.21751237175024324,13,278.0,0.20312026839690406,24,426.0
3660.0,18,285.0,5.7,6.342846112480561,10,138.0,0.3430907952586586,8,243.0,0.39130500096482645,18,381.0
3665.0,18,295.0,5.9,5.368814096124913,12,182.0,0.29953972324763994,6,233.0,0.3615366903806178,18,415.0
3670.0,17,266.0,5.115384615384615,5.571083519987843,9,182.0,0.33011777262331643,8,206.0,0.39690269303825626,17,388.0
3675.0,11,83.0,1.537037037037037,6.559293102603662,5,126.0,0.4273774168014433,6,120.0,0.3825183102194346,11,246.0
3680.0,13,136.0,2.4727272727272727,7.857509917368249,6,85.0,0.5025205236726091,7,135.0,0.42065506894558286,13,220.0
3685.0,14,124.0,2.2545454545454544,6.327795787587457,9,86.0,0.37407739984355415,5,146.0,0.28559431241586836,14,232.0
3690.0,22,200.0,3.6363636363636362,6.357261671413765,14,106.0,0.2941302389910468,8,166.0,0.35334668937692365,22,272.0
3695.0,20,261.0,5.019230769230769,6.004160884408498,13,149.0,0.19222335247037153,7,193.0,0.4272034913855978,20,342.0
3700.0,18,309.0,5.9423076923076925,6.229499214359147,10,164.0,0.2265071019710033,8,230.0,0.38853863886736595,18,394.0
3705.0,18,157.0,3.019230769230769,5.018119169166586,10,146.0,0.270836844081335,8,161.0,0.2056917111348295,18,307.0
3710.0,19,211.0,3.981132075471698,6.258408562129056,12,152.0,0.3671344166921337,7,103.0,0.2893133762915641,19,255.0
3715.0,17,180.0,3.4615384615384617,6.4485759860731,11,151.0,0.3944063093927528,6,76.0,0.38621389335980977,17,227.0
3720.0,17,243.0,5.0625,6.801963678140609,10,173.0,0.4130576906666222,7,99.0,0.5036957250500776,17,272.0
3725.0,18,250.0,5.319148936170213,4.555861205920697,11,174.0,0.24364610364118167,7,128.0,0.40677053007628605,18,302.0
3730.0,20,280.0,5.714285714285714,5.107816413284061,7,140.0,0.38673928719200834,13,180.0,0.21675929613171235,20,320.0
3735.0,19,192.0,3.84,4.53090398934574,9,98.0,0.2872614845174702,10,192.0,0.18445226424699154,19,290.0
3740.0,17,177.0,3.4705882352941178,5.539493537874441,12,125.0,0.17263937788637734,5,151.0,0.36619023900877096,17,276.0
3745.0,19,192.0,3.6226415094339623,5.0300833062052215,15,160.0,0.1265036872413138,4,140.0,0.3784679827410044,19,300.0
3750.0,21,240.0,4.444444444444445,6.105824317113281,10,170.0,0.306300006628451,11,166.0,0.34183164819130785,21,336.0
3755.0,20,192.0,3.4909090909090907,5.173839883471728,10,187.0,0.31796028276115407,10,169.0,0.24400938908695655,20,356.0
3760.0,20,229.0,4.089285714285714,6.514005514533194,8,188.0,0.43629659041102087,12,181.0,0.31380454235369704,20,369.0
3765.0,18,221.0,4.169811320754717,5.288302516501552,7,192.0,0.31248332532210893,11,175.0,0.36722974380602,18,367.0
3770.0,17,223.0,4.2075471698113205,5.6532595313333855,11,206.0,0.2396187627669603,6,111.0,0.392170166094513,17,317.0
3775.0,22,270.0,5.09433962264151,5.1011159001245545,14,265.0,0.11901910779374944,8,102.0,0.29571858741555657,22,367.0
3780.0,21,223.0,3.8448275862068964,5.719897900487864,10,234.0,0.2727671919322176,11,138.0,0.24706263783641016,21,372.0
3785.0,21,285.0,5.181818181818182,6.223032277223404,10,220.0,0.4416163746600203,11,152.0,0.29641224526894416,21,372.0
3790.0,18,277.0,5.653061224489796,6.079784955400367,8,196.0,0.38762585143052697,10,149.0,0.3344725200975741,18,345.0
3795.0,19,292.0,5.7254901960784315,5.770999171275081,9,160.0,0.2600155974967453,10,191.0,0.3815063411193184,19,351.0
3800.0,17,246.0,4.472727272727273,5.623744419138588,9,184.0,0.23774492275469056,8,163.0,0.40785592162898804,17,347.0
3805.0,20,259.0,4.886792452830188,6.156979532680539,12,227.0,0.28824102829496534,8,130.0,0.37604765432591314,20,357.0
3810.0,16,149.0,2.8653846153846154,5.492528662646533,8,182.0,0.35487267782304704,8,130.0,0.2376388855716333,16,312.0
3815.0,22,214.0,3.962962962962963,5.9635409555096945,8,135.0,0.3941053909203318,14,180.0,0.21600059309131495,22,315.0
3820.0,19,193.0,3.7115384615384617,5.864144902423789,5,111.0,0.46120990661363437,14,202.0,0.2618580829606919,19,313.0
3825.0,19,243.0,4.584905660377358,6.627529818879778,5,61.0,0.4912616202003864,14,263.0,0.32708907867242165,19,324.0
3830.0,22,264.0,4.888888888888889,5.130785173870322,8,62.0,0.3333740649711493,14,274.0,0.3270265164064841,22,336.0
3835.0,23,349.0,6.345454545454546,5.276061402247157,10,111.0,0.3741255796511646,13,298.0,0.30112260731259444,23,409.0
3840.0,25,279.0,5.072727272727272,4.746717829369016,9,128.0,0.3486289672548136,16,299.0,0.2832238524053058,25,427.0
3845.0,13,140.0,2.5925925925925926,5.489853816413572,4,110.0,0.4002279286077886,9,216.0,0.24760855885663632,13,326.0
3850.0,16,205.0,3.7962962962962963,6.369094320119785,6,120.0,0.3156404281790278,10,171.0,0.33989936082120276,16,291.0
3855.0,20,264.0,4.551724137931035,6.144006310621749,8,149.0,0.24325297546993155,12,187.0,0.22413143318848866,20,336.0
3860.0,22,323.0,5.872727272727273,6.061737134500081,6,161.0,0.37667382235281216,16,227.0,0.23557783097040758,22,388.0
3865.0,21,397.0,7.490566037735849,5.097303444652343,6,188.0,0.3859882871595662,15,277.0,0.22700157994392542,21,465.0
3870.0,18,377.0,7.854166666666667,5.423585227179191,4,158.0,0.489227384378348,14,290.0,0.2853335696905444,18,448.0
3875.0,20,373.0,7.612244897959184,5.2191188114262035,6,172.0,0.35289723832449943,14,289.0,0.30371575049928523,20,461.0
3880.0,23,460.0,8.679245283018869,4.908274882621599,5,192.0,0.4090242310214379,18,335.0,0.21069221797431487,23,527.0
3885.0,23,546.0,10.5,5.465159405338009,6,219.0,0.5221042003196344,17,399.0,0.2554939393392349,23,618.0
3890.0,22,601.0,11.339622641509434,5.822007774106372,5,228.0,0.5353186676611577,17,427.0,0.26400222888660124,22,655.0
3895.0,20,537.0,9.944444444444445,5.28824337557004,5,236.0,0.31377908760751605,15,394.0,0.24569044818106006,20,630.0
3900.0,20,451.0,8.2,5.6667254441588675,8,271.0,0.32640975209968076,12,337.0,0.22756878571853045,20,608.0
3905.0,26,473.0,8.6,5.045712191918017,11,317.0,0.31653371879283276,15,363.0,0.19837132576049615,26,680.0
3910.0,21,213.0,4.096153846153846,4.396016438465941,7,189.0,0.36633287318891095,14,362.0,0.16864961560729919,21,551.0
3915.0,24,290.0,5.37037037037037,4.2401521649433525,9,115.0,0.3951246748017023,15,393.0,0.16121015493829505,24,508.0
3920.0,22,294.0,5.25,5.25550659301292,8,110.0,0.42490516862766387,14,383.0,0.255951627055817,22,493.0
3925.0,23,264.0,4.4,4.92674445309911,7,94.0,0.3963045393150076,16,411.0,0.22355711470918074,23,505.0
3930.0,23,287.0,4.783333333333333,5.482788639298565,9,125.0,0.3743651907018034,14,409.0,0.28056488796895035,23,534.0
3935.0,25,298.0,4.73015873015873,4.1660023102172055,9,134.0,0.19951451631508021,16,426.0,0.2438820279012373,25,560.0
3940.0,26,328.0,5.125,4.706896875267444,10,131.0,0.2399620139331129,16,421.0,0.254826931279737,26,552.0
3945.0,29,391.0,6.015384615384615,4.202235667703303,10,162.0,0.2887166748014996,19,452.0,0.21643411136781318,29,614.0
3950.0,32,486.0,6.942857142857143,4.854925818282018,11,188.0,0.3332384475131817,21,479.0,0.24754304168319158,32,667.0
3955.0,31,530.0,7.260273972602739,4.618908851002499,11,207.0,0.34823226636156,20,523.0,0.22286971586406842,31,730.0
3960.0,23,514.0,7.138888888888889,6.053576681779615,10,226.0,0.46403939652544207,13,484.0,0.26013266408623253,23,710.0
3965.0,24,303.0,4.267605633802817,5.601690905034552,9,197.0,0.3695629550926927,15,392.0,0.19488939237275046,24,589.0
3970.0,32,366.0,4.88,5.1054766751467495,14,208.0,0.29667016160778104,18,335.0,0.16313392220146836,32,543.0
3975.0,37,337.0,4.746478873239437,4.699067943371736,17,177.0,0.26119789766426865,20,371.0,0.2621290731894221,37,548.0
3980.0,33,418.0,5.887323943661972,5.050753065751192,16,215.0,0.30624943170426644,17,377.0,0.3205145301308606,33,592.0
3985.0,32,429.0,5.876712328767123,4.228523026066791,15,264.0,0.26184095036829114,17,396.0,0.2987474335482801,32,660.0
3990.0,32,421.0,5.767123287671233,4.128452307668843,9,272.0,0.31931515883370815,23,440.0,0.20590334202960894,32,712.0
3995.0,31,353.0,4.77027027027027,3.8513787583970918,10,256.0,0.3226468321774457,21,457.0,0.1548476455277199,31,713.0
4000.0,31,231.0,2.9615384615384617,4.07402201675268,13,219.0,0.22371433378859018,18,412.0,0.15970878361674837,31,631.0
4005.0,28,284.0,3.8378378378378377,5.001268623965257,15,243.0,0.1632022044680571,13,384.0,0.3224274610684933,28,627.0
4010.0,26,299.0,4.04054054054054,4.88466161084413,12,227.0,0.14154750213189496,14,406.0,0.22920527814282304,26,633.0
4015.0,27,328.0,4.493150684931507,4.34822825001906,10,231.0,0.21827900900693895,17,446.0,0.09105657875868979,27,677.0
4020.0,37,461.0,6.779411764705882,4.2120060389170755,16,299.0,0.2537008067705536,21,496.0,0.10028872200425368,37,795.0
4025.0,29,530.0,8.030303030303031,4.196667454046696,16,339.0,0.236190799118088,13,491.0,0.18037889884804412,29,830.0
4030.0,25,523.0,7.924242424242424,4.737844144668733,11,329.0,0.29902188163117593,14,480.0,0.09595706788839148,25,809.0
4035.0,25,459.0,7.061538461538461,4.530294966762121,10,327.0,0.3021727535539716,15,441.0,0.10253309312317072,25,768.0
4040.0,32,398.0,5.940298507462686,4.5611884705998245,18,361.0,0.23462299838889267,14,406.0,0.2774620357202567,32,767.0
4045.0,31,373.0,5.651515151515151,5.169788190616674,19,364.0,0.28541863972837844,12,328.0,0.3768041099040233,31,692.0
4050.0,27,318.0,4.542857142857143,4.615096364514214,17,352.0,0.3575799546302232,10,315.0,0.22752328779045605,27,667.0
4055.0,25,310.0,4.2465753424657535,5.307830284631006,16,361.0,0.31826323418893554,9,257.0,0.325781834406368,25,618.0
4060.0,25,263.0,3.6027397260273974,4.733063324227111,15,333.0,0.21093667487850656,10,237.0,0.284557408884388,25,570.0
4065.0,30,366.0,4.88,4.8722632482747805,17,340.0,0.22222282628868156,13,258.0,0.25045440398216734,30,598.0
4070.0,36,472.0,6.293333333333333,4.269756620699206,19,394.0,0.2283743450326393,17,335.0,0.18314174952914858,36,729.0
4075.0,36,566.0,7.861111111111111,4.225834697468795,23,461.0,0.17575596249797532,13,364.0,0.3109428189347975,36,825.0
4080.0,41,675.0,9.375,3.8456082257528235,28,550.0,0.14323846217152933,13,392.0,0.3359215048879113,41,942.0
4085.0,43,824.0,11.287671232876713,3.7493096515303095,27,633.0,0.1816696531480306,16,461.0,0.26336111791262745,43,1094.0
4090.0,41,845.0,11.575342465753424,3.459575390256032,26,712.0,0.12972578045958402,15,460.0,0.27247461094411024,41,1172.0
4095.0,32,738.0,10.25,3.9856309001939585,24,729.0,0.10466367535919283,8,397.0,0.3608928805996546,32,1126.0
4100.0,30,690.0,9.452054794520548,4.673687430947211,23,752.0,0.2318896486837957,7,292.0,0.2570764741759342,30,1044.0
4105.0,30,561.0,7.48,5.279905541886331,19,674.0,0.29252673101721305,11,186.0,0.21111741191765274,30,860.0
4110.0,27,438.0,5.84,5.684671334018801,16,669.0,0.3429715076420672,11,198.0,0.27135443701710665,27,867.0
4115.0,20,319.0,4.430555555555555,6.037385454107944,13,705.0,0.23598450384274294,7,197.0,0.48896021221702995,20,902.0
4120.0,28,302.0,4.4411764705882355,4.114436505922744,20,725.0,0.07951667992799698,8,183.0,0.3734526092795089,28,908.0
4125.0,34,300.0,4.3478260869565215,4.183954224934562,22,749.0,0.13400267432966378,12,191.0,0.3557684793985569,34,940.0
4130.0,37,423.0,6.130434782608695,4.184565446785085,26,776.0,0.15620025092178486,11,227.0,0.3651366629044288,37,1003.0
4135.0,35,486.0,6.75,4.438619415436422,25,838.0,0.16754461562886996,10,247.0,0.3596813248676676,35,1085.0
4140.0,30,451.0,6.263888888888889,5.015492487290903,20,837.0,0.19275228101908906,10,245.0,0.3747451086787571,30,1082.0
4145.0,29,453.0,6.205479452054795,4.9837529710557735,18,818.0,0.2384113505451812,11,254.0,0.2766642078598593,29,1072.0
4150.0,33,398.0,5.605633802816901,4.42982572320024,19,734.0,0.22077610182116458,14,229.0,0.18441212419135186,33,963.0
4155.0,34,387.0,5.450704225352113,4.269540877424353,18,780.0,0.23866642269040342,16,216.0,0.20292292883724225,34,996.0
4160.0,26,389.0,5.893939393939394,4.614898044109273,14,777.0,0.25813702228259283,12,245.0,0.24757441363448757,26,1022.0
4165.0,30,434.0,7.114754098360656,4.013085507310002,17,790.0,0.1630386401646578,13,258.0,0.23294317901676298,30,1048.0
4170.0,34,375.0,5.769230769230769,3.2945192505928578,23,810.0,0.07565987591924098,11,246.0,0.21070742959654643,34,1056.0
4175.0,32,422.0,6.492307692307692,4.362494156862583,25,828.0,0.16923999340661713,7,191.0,0.354167877666574,32,1019.0
4180.0,29,449.0,6.907692307692308,4.507857005247227,22,764.0,0.20513154292119948,7,180.0,0.41531869718053144,29,944.0
4185.0,32,546.0,8.272727272727273,4.534484406930814,22,718.0,0.26161163986544356,10,226.0,0.31733570423623164,32,944.0
4190.0,38,713.0,10.803030303030303,3.7899789610020664,26,710.0,0.2001914023941917,12,283.0,0.29715820712508567,38,993.0
4195.0,38,720.0,10.285714285714286,2.7418021130428536,26,766.0,0.14062600793007182,12,293.0,0.24148599450149089,38,1059.0
4200.0,32,626.0,8.942857142857143,4.232488952662706,23,758.0,0.16170503836386724,9,298.0,0.3687858013770731,32,1056.0
4205.0,25,563.0,8.042857142857143,5.219977780554383,16,703.0,0.2063982273328226,9,271.0,0.3714362816259602,25,974.0
4210.0,32,617.0,8.569444444444445,4.81949449579027,18,735.0,0.2202411290362345,14,204.0,0.2347837060007254,32,939.0
4215.0,34,608.0,8.444444444444445,3.927922518255573,22,754.0,0.17908029565796274,12,185.0,0.18741363029146152,34,939.0
4220.0,39,721.0,10.44927536231884,3.7526725962474536,24,813.0,0.22280803053672332,15,159.0,0.21336071094592687,39,972.0
4225.0,31,757.0,10.661971830985916,4.105284689292705,20,840.0,0.2934733721571469,11,184.0,0.14710046964924514,31,1024.0
4230.0,25,661.0,9.054794520547945,4.574950817114625,19,780.0,0.22068346894566793,6,151.0,0.3277908970257569,25,931.0
4235.0,27,574.0,7.358974358974359,5.645814378108609,20,747.0,0.18717812856387936,7,143.0,0.47602104693206415,27,890.0
4240.0,28,546.0,6.825,5.687058899670358,24,792.0,0.17133862209742132,4,103.0,0.5426368495194545,28,895.0
4245.0,35,654.0,8.605263157894736,4.877781723772919,27,864.0,0.17514994615305127,8,94.0,0.4126933171616499,35,958.0
4250.0,39,448.0,5.818181818181818,3.8281030141264667,28,770.0,0.16335931432356618,11,114.0,0.3326841830097918,39,884.0
4255.0,40,531.0,6.7215189873417724,3.872282837385924,31,705.0,0.10287139883915353,9,148.0,0.37370391410219594,40,853.0
4260.0,41,597.0,7.192771084337349,3.976232238671807,31,770.0,0.1100069362305194,10,145.0,0.4017833858197835,41,915.0
4265.0,41,685.0,7.784090909090909,4.90065340494109,30,795.0,0.2227124177446131,11,148.0,0.40229195770334975,41,943.0
4270.0,41,655.0,7.443181818181818,4.206145787704507,23,814.0,0.2859830429812195,18,189.0,0.2505879947755884,41,1003.0
4275.0,31,453.0,5.1477272727272725,4.228528145749369,18,744.0,0.19446693966610054,13,219.0,0.2650458961716834,31,963.0
4280.0,39,395.0,4.438202247191011,4.168299780086908,23,669.0,0.19535348452156995,16,200.0,0.14675471406464283,39,869.0
4285.0,39,502.0,5.5777777777777775,4.471884010538372,21,709.0,0.21913933324106083,18,256.0,0.1949606020054987,39,965.0
4290.0,44,483.0,5.682352941176471,3.5262460106906226,25,790.0,0.15459013708826783,19,283.0,0.2582789755670525,44,1073.0
4295.0,43,551.0,6.559523809523809,3.558105518172849,27,828.0,0.09432460479811382,16,299.0,0.3420277727385757,43,1127.0
4300.0,46,599.0,7.304878048780488,3.0950705691290743,30,882.0,0.09950430810375968,16,336.0,0.27681325186021827,46,1218.0
4305.0,44,640.0,7.619047619047619,3.134550875342839,31,942.0,0.10283341056812248,13,329.0,0.2356300878495848,44,1271.0
4310.0,41,666.0,7.928571428571429,3.734574220034637,25,904.0,0.1102693959172409,16,371.0,0.2210293579346943,41,1275.0
4315.0,41,770.0,9.390243902439025,4.095666875268025,20,900.0,0.2152465089492647,21,416.0,0.15119366040197843,41,1316.0
4320.0,40,591.0,6.952941176470588,3.978022538611091,18,847.0,0.22762987860986092,22,425.0,0.13281531722397769,40,1272.0
4325.0,40,584.0,7.3,4.274005278861241,18,747.0,0.25299550683468885,22,412.0,0.18824377787688515,40,1159.0
4330.0,42,667.0,8.662337662337663,3.7126181549228754,22,781.0,0.22685412805858593,20,460.0,0.21357445639814063,42,1241.0
4335.0,35,641.0,8.113924050632912,3.9473483187124287,23,778.0,0.13620929131552206,12,428.0,0.267025957574185,35,1206.0
4340.0,37,595.0,7.345679012345679,3.4810627092573756,25,843.0,0.06776693531906669,12,395.0,0.2852700884773436,37,1238.0
4345.0,33,565.0,6.9753086419753085,4.662655021161258,21,844.0,0.1965782866602869,12,309.0,0.2934767699885537,33,1153.0
4350.0,32,592.0,7.589743589743589,4.613689675123952,15,843.0,0.3225925129032702,17,319.0,0.18233321059179614,32,1162.0
4355.0,37,645.0,7.865853658536586,4.7217653713056995,15,821.0,0.3376016187169082,22,384.0,0.09009055062905034,37,1205.0
4360.0,36,471.0,5.8875,4.276404076322147,17,737.0,0.2719262063688318,19,404.0,0.15090869202274404,36,1141.0
4365.0,30,452.0,5.794871794871795,4.307728082664217,20,799.0,0.21063460919515417,10,332.0,0.26132649611037445,30,1131.0
4370.0,28,516.0,6.701298701298701,4.9337385717785525,19,828.0,0.15900760361347235,9,283.0,0.3433241326469096,28,1111.0
4375.0,27,463.0,6.52112676056338,4.870159000405918,20,831.0,0.10050914474107107,7,196.0,0.3466240520987973,27,1027.0
4380.0,30,481.0,6.971014492753623,5.042785271813378,22,831.0,0.10714364932189634,8,154.0,0.28956053754952327,30,985.0
4385.0,33,417.0,6.415384615384616,4.5931814836349005,22,797.0,0.1078565454235953,11,183.0,0.3558264951374077,33,980.0
4390.0,32,449.0,7.015625,4.878084183052571,19,704.0,0.15407281389457878,13,247.0,0.36654097824024257,32,951.0
4395.0,31,432.0,6.967741935483871,4.102029424678328,21,741.0,0.08734859727507166,10,242.0,0.34769666681270733,31,983.0
4400.0,26,439.0,7.080645161290323,5.080367036491431,13,718.0,0.17120850582674685,13,214.0,0.336118257468615,26,932.0
4405.0,32,506.0,7.90625,4.567174190986531,13,673.0,0.2078208848160687,19,292.0,0.22427204668921918,32,965.0
4410.0,31,399.0,6.234375,4.259582313234219,15,637.0,0.269238835905467,16,305.0,0.16799294792912656,31,942.0
4415.0,28,377.0,5.890625,4.304201896039824,16,665.0,0.200598435724921,12,251.0,0.2898374729527773,28,916.0
4420.0,23,352.0,5.5,4.58040032866183,14,667.0,0.20324030975298327,9,231.0,0.29134470043866556,23,898.0
4425.0,25,317.0,4.803030303030303,5.283196940198738,11,617.0,0.2775941468850918,14,220.0,0.25666943334486825,25,837.0
4430.0,28,364.0,5.6875,5.294546202985671,12,567.0,0.2827960687220045,16,234.0,0.2687274656949658,28,801.0
4435.0,22,407.0,6.783333333333333,5.620435022072827,13,601.0,0.15490782716876847,9,220.0,0.4241630650908394,22,821.0
4440.0,22,359.0,6.527272727272727,5.291195422278484,13,623.0,0.16433231010650365,9,184.0,0.3010285069404323,22,807.0
4445.0,22,375.0,6.944444444444445,4.416465848102629,11,541.0,0.17387184277564283,11,154.0,0.10565553671367453,22,695.0
4450.0,25,396.0,7.071428571428571,4.670967964569887,10,401.0,0.25696522427172364,15,197.0,0.18389668107623272,25,598.0
4455.0,21,287.0,5.125,5.780788480193073,9,283.0,0.3672533125249828,12,210.0,0.3054421301654344,21,493.0
4460.0,18,344.0,6.37037037037037,6.479407440503554,8,208.0,0.35617956622636027,10,248.0,0.42016336594448894,18,456.0
4465.0,22,270.0,4.7368421052631575,5.165691543173472,11,183.0,0.22337187940189604,11,205.0,0.3272952304082277,22,388.0
4470.0,24,335.0,5.775862068965517,5.493108250182945,13,222.0,0.294604772258443,11,172.0,0.35002078909039497,24,394.0
4475.0,23,410.0,7.192982456140351,5.258635974951718,11,264.0,0.35056907778466484,12,215.0,0.32679636035819737,23,479.0
4480.0,27,534.0,9.05084745762712,5.078389092382026,11,305.0,0.32454225085279154,16,284.0,0.30747898747952696,27,589.0
4485.0,25,426.0,6.870967741935484,4.6231044221853335,10,267.0,0.24398114740688162,15,301.0,0.2586356629405368,25,568.0
4490.0,28,481.0,7.634920634920635,5.719082447326137,11,240.0,0.39965877370363356,17,299.0,0.22830511687162214,28,539.0
4495.0,25,332.0,5.442622950819672,5.288305940773931,9,193.0,0.39123309751898033,16,307.0,0.22836126162909223,25,500.0
4500.0,13,173.0,2.9322033898305087,6.341960025840972,3,91.0,0.37794666293708323,10,272.0,0.32304304852180904,13,363.0
4505.0,17,146.0,2.607142857142857,5.734510736621032,6,65.0,0.35600537018142137,11,255.0,0.2543278427299613,17,320.0
4510.0,21,215.0,3.8392857142857144,6.267229658560962,6,93.0,0.41850887877288234,15,255.0,0.16006357659706663,21,348.0
4515.0,24,285.0,5.277777777777778,5.209660019073306,6,92.0,0.34506969737884774,18,335.0,0.13724499534283943,24,427.0
4520.0,27,334.0,6.423076923076923,4.608466564588202,12,126.0,0.29054689163626957,15,380.0,0.22033173821939106,27,506.0
4525.0,24,347.0,6.94,4.553079330489651,12,168.0,0.19256561769476177,12,370.0,0.2935752962301633,24,538.0
4530.0,18,334.0,6.68,4.796289096078056,7,175.0,0.2115398209236105,11,353.0,0.25513970611650094,18,528.0
4535.0,15,254.0,4.980392156862745,5.9131386404331545,4,150.0,0.30715671761543445,11,313.0,0.29786609024747823,15,463.0
4540.0,19,299.0,6.229166666666667,5.830588726652446,8,118.0,0.39398075047991316,11,335.0,0.23847522281694378,19,453.0
4545.0,18,370.0,8.043478260869565,6.3051478974334785,5,140.0,0.4664546883557374,13,343.0,0.2543730907388395,18,483.0
4550.0,19,407.0,9.25,5.754363386408677,5,163.0,0.37708821004153165,14,380.0,0.18169150662754796,19,543.0
4555.0,19,442.0,9.608695652173912,5.651449051307783,9,204.0,0.29575384994423354,10,388.0,0.2356351379991615,19,592.0
4560.0,16,429.0,10.463414634146341,4.4438854271284685,6,204.0,0.3896695595696258,10,369.0,0.14991025442783923,16,573.0
4565.0,16,442.0,10.78048780487805,5.796584350520671,5,169.0,0.5384600574754597,11,353.0,0.13841063790742006,16,522.0
4570.0,17,501.0,11.928571428571429,5.042047220690112,7,191.0,0.38747771511250956,10,379.0,0.11911178259471739,17,570.0
4575.0,22,594.0,13.813953488372093,5.325434905251387,12,242.0,0.28791001747974154,10,396.0,0.23576555436723895,22,638.0
4580.0,17,284.0,6.761904761904762,4.380923666182851,11,149.0,0.2095882207870263,6,253.0,0.29130289329785786,17,402.0
4585.0,16,210.0,4.666666666666667,5.896861817554136,11,180.0,0.3154649421789414,5,145.0,0.4005374076777148,16,325.0
4590.0,15,187.0,3.978723404255319,5.466940879412116,10,186.0,0.3142975167700428,5,135.0,0.43285501169015994,15,321.0
4595.0,10,184.0,3.8333333333333335,7.179396186495334,4,146.0,0.44129110196896887,6,152.0,0.5179917103083356,10,298.0
4600.0,15,245.0,5.104166666666667,6.121635173906399,5,156.0,0.4712066770372451,10,192.0,0.2866614972319656,15,348.0
4605.0,20,315.0,6.428571428571429,5.060814688695754,11,195.0,0.34570249352615634,9,228.0,0.2941477850378817,20,423.0
4610.0,24,277.0,5.653061224489796,3.810272634254954,15,230.0,0.2865518509902987,9,186.0,0.2517867163176733,24,416.0
4615.0,16,300.0,6.122448979591836,4.903970536980343,8,238.0,0.27254505398775236,8,181.0,0.2845225682717473,16,419.0
4620.0,14,251.0,5.02,5.804295542909937,7,215.0,0.2549304322439989,7,134.0,0.3404501258685394,14,349.0
4625.0,15,280.0,5.090909090909091,6.672064350168125,11,261.0,0.21976924343809226,4,62.0,0.4923451667687512,15,323.0
4630.0,14,293.0,5.634615384615385,6.409431854965776,12,304.0,0.3000052281335535,2,51.0,0.5516578361996877,14,355.0
4635.0,15,328.0,7.130434782608695,6.711452417211863,9,315.0,0.373852418242721,6,59.0,0.4905407689853672,15,374.0
4640.0,16,335.0,7.282608695652174,4.875666639696122,6,299.0,0.29512009355120267,10,98.0,0.17875412333540838,16,397.0
4645.0,27,445.0,9.46808510638298,3.7849646574064644,13,333.0,0.2349563969133362,14,161.0,0.06533842579607099,27,494.0
4650.0,23,469.0,9.97872340425532,4.074275270714834,13,371.0,0.2920698360901635,10,171.0,0.19247460311964418,23,542.0
4655.0,14,478.0,9.958333333333334,6.38992792799942,7,367.0,0.36160418126951865,7,154.0,0.34858064523290877,14,521.0
4660.0,14,437.0,8.918367346938776,6.3209296005851385,11,393.0,0.25759163197315704,3,111.0,0.4269900156952676,14,504.0
4665.0,20,496.0,9.72549019607843,6.474269002731327,17,474.0,0.32281878239596634,3,52.0,0.38607551813484003,20,526.0
4670.0,19,565.0,12.282608695652174,5.902121703937663,16,540.0,0.38647796738759893,3,67.0,0.5090983066806715,19,607.0
4675.0,19,619.0,12.38,5.071741422533469,15,604.0,0.34414496651331283,4,85.0,0.3883897820174124,19,689.0
4680.0,25,577.0,10.303571428571429,3.9336629947812187,22,641.0,0.17173879162962835,3,63.0,0.5233627799117915,25,704.0
4685.0,22,616.0,10.440677966101696,4.887932887139032,18,657.0,0.23002782125123614,4,49.0,0.4954327938881592,22,706.0
4690.0,20,224.0,3.7333333333333334,5.349615102854858,17,463.0,0.2843771669452498,3,32.0,0.5323094765861593,20,495.0
4695.0,25,242.0,3.8412698412698414,5.4796145596382075,19,284.0,0.256304170215693,6,37.0,0.3795524167998913,25,321.0
4700.0,33,385.0,6.209677419354839,4.7727966531528105,24,377.0,0.1583363926798339,9,75.0,0.3831825871815522,33,452.0
4705.0,30,480.0,6.857142857142857,4.875493108694339,21,457.0,0.18454609172473363,9,109.0,0.4172048122323831,30,566.0
4710.0,27,549.0,8.318181818181818,5.518609123904676,20,491.0,0.25470751554933396,7,133.0,0.45433366451468354,27,624.0
4715.0,29,545.0,8.384615384615385,4.773009903818745,19,516.0,0.28077568354926635,10,144.0,0.27835103734131844,29,660.0
4720.0,26,425.0,6.159420289855072,4.955539076718879,18,511.0,0.2361265103270259,8,133.0,0.35259881797893317,26,644.0
4725.0,25,304.0,4.470588235294118,4.6827906336546,16,507.0,0.2677779108060145,9,134.0,0.34326043472368556,25,641.0
4730.0,27,242.0,3.5588235294117645,4.827688167240274,17,464.0,0.2584646641242479,10,160.0,0.34246175170275206,27,624.0
4735.0,25,218.0,3.1142857142857143,4.09475253698773,16,486.0,0.22344144985641148,9,175.0,0.286875409915042,25,661.0
4740.0,28,285.0,4.130434782608695,4.9744571171221645,19,499.0,0.18585961150809038,9,169.0,0.36901793666519916,28,668.0
4745.0,31,359.0,5.523076923076923,5.321242991512662,21,556.0,0.20771722078756397,10,204.0,0.36165301421352425,31,760.0
4750.0,35,520.0,7.878787878787879,4.573423951909956,24,636.0,0.11538061657725877,11,260.0,0.25109467823820053,35,896.0
4755.0,36,513.0,8.274193548387096,3.4053899987413576,25,668.0,0.011711220785643375,11,234.0,0.3220924345382424,36,902.0
4760.0,30,485.0,8.083333333333334,4.404122944430666,22,652.0,0.08570321313507039,8,181.0,0.461376539610097,30,833.0
4765.0,23,364.0,5.6,4.3078366865789315,16,669.0,0.1848735106148444,7,170.0,0.38817997396409093,23,839.0
4770.0,25,365.0,5.7936507936507935,5.6534161012007464,15,627.0,0.32507754276641176,10,165.0,0.47179071220247965,25,792.0
4775.0,28,460.0,7.301587301587301,3.7499130858406295,18,652.0,0.21985921589669633,10,175.0,0.30913964916022213,28,827.0
4780.0,36,575.0,8.984375,3.089254148862521,23,666.0,0.16199413083719233,13,216.0,0.24716027345872427,36,882.0
4785.0,32,522.0,7.565217391304348,3.0667754058113226,19,664.0,0.18231641984520272,13,240.0,0.20107926864653625,32,904.0
4790.0,26,379.0,5.573529411764706,4.045392761975187,15,601.0,0.1557225636694248,11,246.0,0.2951273936783132,26,847.0
4795.0,25,324.0,4.835820895522388,4.74985297140705,15,539.0,0.16648063014081738,10,235.0,0.28156436489697123,25,774.0
4800.0,29,393.0,5.779411764705882,5.119995889146817,15,560.0,0.2484771887334739,14,192.0,0.1407301135747835,29,752.0
4805.0,24,361.0,5.82258064516129,5.066496264777585,13,517.0,0.289295374311095,11,203.0,0.17115112370463492,24,720.0
4810.0,28,388.0,6.466666666666667,4.711146630331905,15,476.0,0.2510779719279658,13,184.0,0.2664400841301819,28,660.0
4815.0,27,432.0,7.2,4.339126189860421,17,535.0,0.18765317610050145,10,194.0,0.35891598951714837,27,729.0
4820.0,21,466.0,7.639344262295082,5.527763220399693,14,564.0,0.18261553683304194,7,162.0,0.45611150963239977,21,726.0
4825.0,25,539.0,8.693548387096774,5.7483545812336,16,613.0,0.2594812675302634,9,165.0,0.2513079216910302,25,778.0
4830.0,26,565.0,9.262295081967213,5.651599011137384,15,613.0,0.2703076776895595,11,183.0,0.16314046232213406,26,796.0
4835.0,25,470.0,8.24561403508772,5.02180653778382,14,539.0,0.2611584981073877,11,219.0,0.24270372066258378,25,758.0
4840.0,26,563.0,10.425925925925926,4.34635963904029,14,586.0,0.15556306230417186,12,261.0,0.2973822025696968,26,847.0
4845.0,25,648.0,12.0,4.712488349384366,14,621.0,0.09674781406285189,11,306.0,0.3337936085241696,25,927.0
4850.0,24,669.0,12.163636363636364,4.924570419880515,12,604.0,0.12352808859428983,12,351.0,0.2382951779971187,24,955.0
4855.0,30,747.0,14.09433962264151,4.7715470271832245,14,551.0,0.2218706121632143,16,427.0,0.19031569104359705,30,978.0
4860.0,25,578.0,11.115384615384615,4.277122474638681,9,453.0,0.26245498485142443,16,488.0,0.19725948458581602,25,941.0
4865.0,25,663.0,12.50943396226415,4.934710717091671,12,412.0,0.31829956661478975,13,540.0,0.3043478903617487,25,952.0
4870.0,22,467.0,7.783333333333333,4.71941348589286,9,424.0,0.38913944209158097,13,445.0,0.2530955635314375,22,869.0
4875.0,22,320.0,5.079365079365079,6.049930340956222,9,422.0,0.4987045927860502,13,371.0,0.26303676052565383,22,793.0
4880.0,20,212.0,3.3125,5.6198269373331655,8,347.0,0.44617356344332487,12,382.0,0.2108180972655982,20,729.0
4885.0,26,208.0,3.1044776119402986,5.796471317479247,12,195.0,0.4063034593355847,14,408.0,0.17028445885664997,26,603.0
4890.0,25,243.0,3.857142857142857,4.657461664005415,10,230.0,0.263936446297383,15,433.0,0.22377851753662398,25,663.0
4895.0,28,282.0,4.2727272727272725,4.776520362523783,13,276.0,0.20055534858053142,15,452.0,0.2789361425284135,28,728.0
4900.0,28,332.0,5.107692307692307,4.375967326589397,16,334.0,0.2438415155499063,12,443.0,0.32284159175689,28,777.0
4905.0,30,378.0,5.641791044776119,4.823443202673151,17,384.0,0.3338860846183012,13,377.0,0.28833622087490246,30,761.0
4910.0,30,314.0,4.686567164179104,4.201035617689348,14,357.0,0.3011463747227256,16,391.0,0.2360284798654899,30,748.0
4915.0,23,285.0,4.014084507042254,5.0938691280810335,12,325.0,0.29892563016059986,11,389.0,0.26554192560434337,23,714.0
4920.0,25,312.0,4.333333333333333,4.916252178759218,13,259.0,0.27277193377947506,12,373.0,0.25876416863092977,25,632.0
4925.0,33,371.0,4.69620253164557,5.365197312212361,16,259.0,0.32671616893550404,17,336.0,0.25577626067444653,33,595.0
4930.0,36,454.0,5.82051282051282,4.707790774358289,17,283.0,0.33589670900217705,19,393.0,0.274068621229888,36,676.0
4935.0,40,622.0,7.493975903614458,4.402747524357792,20,364.0,0.28770350957390745,20,471.0,0.26283355348343873,40,835.0
4940.0,44,634.0,7.63855421686747,4.078239227702107,24,398.0,0.2712291117177458,20,483.0,0.2560514764801558,44,881.0
4945.0,45,657.0,7.821428571428571,3.5581746189367953,21,434.0,0.24320672965957021,24,484.0,0.1893217960347023,45,918.0
4950.0,51,714.0,8.4,2.5867730484021423,24,449.0,0.13029072532959962,27,574.0,0.15988553509236397,51,1023.0
4955.0,54,773.0,9.094117647058823,2.6298973747656116,22,445.0,0.16492710022249288,32,675.0,0.06001492230965495,54,1120.0
4960.0,51,968.0,11.804878048780488,2.8657664473067945,17,463.0,0.23311457744939462,34,784.0,0.036570204656814265,51,1247.0
4965.0,51,1147.0,13.183908045977011,3.1630749366853177,17,513.0,0.23872701110481606,34,881.0,0.046866998190855914,51,1394.0
4970.0,51,1196.0,13.906976744186046,2.922612463945462,21,566.0,0.21976920419728652,30,933.0,0.13239221270540003,51,1499.0
4975.0,48,989.0,10.988888888888889,3.3240032216916386,26,643.0,0.17821006106988113,22,852.0,0.16465596770883403,48,1495.0
4980.0,36,884.0,9.608695652173912,4.2273441872504245,21,672.0,0.14184599093793887,15,763.0,0.2472376082895303,36,1435.0
4985.0,32,903.0,9.606382978723405,5.5405299421384155,22,716.0,0.1898674538147124,10,634.0,0.33092953080734255,32,1350.0
4990.0,30,719.0,7.648936170212766,5.323082454995313,21,730.0,0.21712821690839182,9,590.0,0.3179991531347251,30,1320.0
4995.0,40,771.0,8.472527472527473,4.631344047126459,23,758.0,0.15740061058078275,17,523.0,0.2488422532248969,40,1281.0
5000.0,47,773.0,8.588888888888889,3.773227091521154,25,746.0,0.18819021935043345,22,543.0,0.22061741880144348,47,1289.0
5005.0,43,580.0,6.373626373626373,3.8778000023432373,23,780.0,0.14480923004028992,20,494.0,0.26679792018082893,43,1274.0
5010.0,36,602.0,6.688888888888889,4.742258853635139,23,757.0,0.126075638346857,13,431.0,0.3642841523991051,36,1188.0
5015.0,35,562.0,6.2444444444444445,4.295192127888647,22,805.0,0.10677503683296398,13,396.0,0.27988408637256074,35,1201.0
5020.0,36,456.0,5.123595505617978,3.6189037589820776,16,770.0,0.14199934310998236,20,416.0,0.1524578982530606,36,1186.0
5025.0,41,477.0,5.546511627906977,3.683277194387921,15,745.0,0.26343504695895803,26,452.0,0.12089116859502337,41,1197.0
5030.0,42,570.0,6.627906976744186,4.310536502926085,14,720.0,0.25444774960861516,28,503.0,0.20401582301196383,42,1223.0
5035.0,41,646.0,7.177777777777778,4.01385331224832,16,640.0,0.19816595231328338,25,560.0,0.25213936152385663,41,1200.0
5040.0,37,640.0,7.032967032967033,4.130970060578564,18,677.0,0.19870590050518613,19,558.0,0.2475346608089237,37,1235.0
5045.0,34,571.0,6.344444444444444,4.236905403588193,14,672.0,0.22392480036061424,20,524.0,0.21104420211847807,34,1196.0
5050.0,38,548.0,6.2272727272727275,4.1572718942037685,15,660.0,0.21931354595852234,23,536.0,0.19035918201821395,38,1196.0
5055.0,49,684.0,7.862068965517241,3.505874697640536,21,635.0,0.20456548577752803,28,609.0,0.11812082690547988,49,1244.0
5060.0,49,840.0,9.882352941176471,3.4049550593700064,23,663.0,0.17889521069108266,26,643.0,0.15173755414490286,49,1306.0
5065.0,47,992.0,11.80952380952381,3.8565721636236465,21,652.0,0.18135555741188245,26,698.0,0.18283208496261602,47,1350.0
5070.0,44,1011.0,12.180722891566266,3.64510329755685,21,697.0,0.1587559125239303,23,723.0,0.17072568564810156,44,1420.0
5075.0,39,913.0,11.134146341463415,3.9423505180137086,16,694.0,0.22734241204342753,23,683.0,0.1270709011837411,39,1377.0
5080.0,39,673.0,8.4125,3.810013268333774,17,573.0,0.2595511425987486,22,715.0,0.13392953143426217,39,1288.0
5085.0,41,511.0,6.2317073170731705,4.67549192051493,19,456.0,0.29623826653822605,22,718.0,0.1974893193311012,41,1174.0
5090.0,39,538.0,6.725,4.456658377723622,20,474.0,0.20808812886621283,19,711.0,0.29627028314828674,39,1185.0
5095.0,39,530.0,6.54320987654321,4.48299021682299,20,517.0,0.244597180640586,19,640.0,0.29677920750480197,39,1157.0
5100.0,44,619.0,7.8354430379746836,3.3649594452318903,23,586.0,0.24376678014943529,21,667.0,0.1727980741801443,44,1253.0
5105.0,41,607.0,7.6835443037974684,3.5387451116089093,22,598.0,0.15478339039482458,19,639.0,0.2026491285856731,41,1237.0
5110.0,42,642.0,7.925925925925926,3.8897789782195145,24,587.0,0.13455121842837742,18,655.0,0.23109375447108524,42,1242.0
5115.0,34,604.0,7.365853658536586,4.382627458214249,19,598.0,0.21570404296892604,15,645.0,0.24226737398564585,34,1243.0
5120.0,30,398.0,4.91358024691358,4.71578700536385,15,507.0,0.22876414252466595,15,598.0,0.2166317964676673,30,1105.0
5125.0,33,464.0,5.948717948717949,4.738795615114135,12,464.0,0.29209810661353774,21,619.0,0.17274589437089735,33,1083.0
5130.0,33,553.0,7.0,3.9201286321103064,11,435.0,0.2583740194883347,22,695.0,0.0600477755360601,33,1130.0
5135.0,30,586.0,7.8133333333333335,4.218130019470547,14,418.0,0.17211089263592624,16,739.0,0.2035296264596294,30,1157.0
5140.0,34,545.0,7.676056338028169,3.5119727578984765,19,437.0,0.0689998511493156,15,725.0,0.24003311699943058,34,1162.0
5145.0,41,477.0,6.625,3.5457384741298017,24,503.0,0.12925567972009971,17,635.0,0.2449993353486841,41,1138.0
5150.0,36,531.0,7.695652173913044,3.264384672600401,22,537.0,0.17119631184414263,14,672.0,0.22328557632582177,36,1209.0
5155.0,28,479.0,6.942028985507246,3.8935367344402088,15,481.0,0.1869996998673351,13,665.0,0.1985727020877875,28,1146.0
5160.0,24,503.0,7.397058823529412,4.842890094105144,9,425.0,0.256876158755376,15,640.0,0.1573864669958924,24,1065.0
5165.0,27,600.0,9.090909090909092,5.317483353966403,11,405.0,0.35204269294401036,16,577.0,0.156064459257158,27,982.0
5170.0,26,404.0,6.2153846153846155,4.413627225615776,9,365.0,0.295566611488429,17,491.0,0.1718380447202833,26,856.0
5175.0,32,482.0,7.415384615384616,4.757973269601126,12,355.0,0.33195392574069754,20,473.0,0.23631561789854252,32,828.0
5180.0,31,489.0,7.523076923076923,4.794207151103362,14,338.0,0.31524347407907377,17,511.0,0.2894992852429514,31,849.0
5185.0,25,435.0,6.492537313432836,4.979332730011653,13,282.0,0.26619362640435146,12,481.0,0.2808445642752605,25,763.0
5190.0,24,315.0,5.0,4.683412262523473,12,286.0,0.24406609175943866,12,385.0,0.2512691100127906,24,671.0
5195.0,21,297.0,4.714285714285714,5.411007014890426,7,236.0,0.35653646639667924,14,360.0,0.19698048549078792,21,596.0
5200.0,26,360.0,5.806451612903226,5.458924704617571,8,229.0,0.392098623295655,18,365.0,0.12815281150449992,26,594.0
5205.0,24,245.0,4.083333333333333,5.107732176149872,7,147.0,0.37844910428206074,17,353.0,0.16007757975750153,24,500.0
5210.0,24,289.0,4.816666666666666,5.04878668797689,9,162.0,0.40210139974402564,15,390.0,0.22656349347071528,24,552.0
5215.0,28,342.0,5.428571428571429,5.077128179005652,9,150.0,0.416067426776051,19,445.0,0.25337669019265247,28,595.0
5220.0,30,369.0,5.507462686567164,4.963918758951936,12,163.0,0.3843253794696605,18,467.0,0.2810468067106003,30,630.0
5225.0,25,302.0,4.253521126760563,4.9069853980246565,13,189.0,0.22159340004133096,12,396.0,0.36311337253647313,25,585.0
5230.0,25,320.0,4.383561643835616,5.035257464871086,7,188.0,0.19548190544264418,18,418.0,0.33511484228239224,25,606.0
5235.0,27,360.0,4.864864864864865,5.235958563953135,8,194.0,0.28178798368562397,19,421.0,0.26638107896363183,27,615.0
5240.0,26,297.0,4.183098591549296,4.79404709364983,5,114.0,0.3204262829471216,21,441.0,0.1968646465781543,26,555.0
5245.0,32,387.0,5.608695652173913,4.590462694388638,10,99.0,0.2098536467894903,22,453.0,0.195174815228287,32,552.0
5250.0,34,435.0,6.590909090909091,3.972924007784963,10,108.0,0.19905457075210425,24,526.0,0.1416654247358571,34,634.0
5255.0,37,563.0,8.402985074626866,4.330047055334536,13,168.0,0.2592664033625526,24,592.0,0.13259939457209433,37,760.0
5260.0,34,521.0,7.893939393939394,4.187612696315992,9,181.0,0.36743799379177267,25,624.0,0.11684690949045314,34,805.0
5265.0,27,406.0,6.151515151515151,5.346736191400165,4,136.0,0.47248208603001013,23,610.0,0.14563662348490572,27,746.0
5270.0,26,358.0,5.966666666666667,4.810666205443645,5,66.0,0.4672701921616137,21,635.0,0.13562319303304918,26,701.0
5275.0,26,351.0,5.85,5.425284470676632,6,64.0,0.47806095305628526,20,654.0,0.18725724592816334,26,718.0
5280.0,27,338.0,5.540983606557377,4.131003670929634,9,88.0,0.24916502892502773,18,681.0,0.22310315593865307,27,769.0
5285.0,30,316.0,5.266666666666667,4.407488184625707,14,142.0,0.16209370175698112,16,630.0,0.2799573560045569,30,772.0
5290.0,28,396.0,6.491803278688525,4.600949460045278,11,152.0,0.21204630768947474,17,638.0,0.24749998639899368,28,790.0
5295.0,24,458.0,7.387096774193548,5.319177383263055,5,123.0,0.31230675053031626,19,693.0,0.1668055986053713,24,816.0
5300.0,22,375.0,6.25,5.539438557849157,4,76.0,0.3148838100195075,18,698.0,0.18536835945994795,22,774.0
5305.0,21,359.0,6.298245614035087,6.166836514260229,8,109.0,0.3336562565567285,13,638.0,0.29184480742382923,21,747.0
5310.0,23,353.0,6.921568627450981,5.460327076328524,7,93.0,0.37710070689615754,16,631.0,0.24787115484163647,23,724.0
5315.0,22,382.0,7.074074074074074,5.9977727309550195,8,130.0,0.3577179409206858,14,578.0,0.27954595337644705,22,708.0
5320.0,19,287.0,5.519230769230769,5.2458308641548665,6,116.0,0.36462744696084964,13,517.0,0.251649500222945,19,633.0
5325.0,17,197.0,3.94,6.659100855006062,3,53.0,0.5029438374655387,14,425.0,0.25904015293395427,17,478.0
5330.0,16,170.0,3.4,4.808930680460439,4,55.0,0.35383515733624066,12,440.0,0.14713565323511238,16,495.0
5335.0,26,254.0,4.884615384615385,4.7687755731914105,11,81.0,0.2843963315653951,15,455.0,0.20817340955223715,26,536.0
5340.0,25,317.0,5.87037037037037,4.654959259187866,8,85.0,0.3486098252467779,17,450.0,0.2505086147646525,25,535.0
5345.0,15,340.0,5.964912280701754,6.8654970019194765,3,69.0,0.5043226925755403,12,469.0,0.35550649883164764,15,538.0
5350.0,14,343.0,6.351851851851852,6.579657474968861,4,64.0,0.5995170864964539,10,431.0,0.23661024416517404,14,495.0
5355.0,19,344.0,6.142857142857143,6.4075630341082705,8,89.0,0.4787896051661432,11,386.0,0.17358505374259253,19,475.0
5360.0,18,191.0,3.6037735849056602,5.638575560152879,7,86.0,0.3893690188301279,11,306.0,0.14567076115517932,18,392.0
5365.0,25,228.0,4.30188679245283,5.694887678619338,11,113.0,0.34995885455893744,14,189.0,0.1880536740452233,25,302.0
5370.0,21,249.0,5.1875,5.214834884934987,11,133.0,0.29846673709006294,10,212.0,0.2920421769924896,21,345.0
5375.0,22,325.0,6.63265306122449,5.925551576800047,12,169.0,0.28224947206682965,10,223.0,0.3761632094126829,22,392.0
5380.0,20,334.0,6.816326530612245,4.847546212704266,11,195.0,0.28169883893234987,9,227.0,0.3310137526567423,20,422.0
5385.0,18,338.0,7.041666666666667,5.377007233642606,6,176.0,0.41221997132763744,12,213.0,0.2419397173907075,18,389.0
5390.0,18,278.0,6.177777777777778,5.628817834007704,7,189.0,0.4593032268356532,11,171.0,0.2268537415553155,18,360.0
5395.0,13,267.0,5.804347826086956,5.819901080404262,9,225.0,0.28526324795145763,4,106.0,0.2228123322611083,13,331.0
5400.0,15,305.0,6.630434782608695,6.263169969651986,8,237.0,0.2053053248281086,7,105.0,0.34117146335954057,15,342.0
5405.0,12,296.0,6.434782608695652,6.852080718354993,8,255.0,0.28883403431450994,4,91.0,0.3794755376495443,12,346.0
5410.0,14,345.0,7.340425531914893,7.534144855772353,7,281.0,0.3726873873808275,7,94.0,0.561497266219957,14,375.0
5415.0,13,371.0,8.431818181818182,7.240994586282448,8,318.0,0.41545045536991904,5,74.0,0.539060169021071,13,392.0
5420.0,16,439.0,10.209302325581396,6.533924904961853,9,363.0,0.4265163477129265,7,89.0,0.39423779018452676,16,452.0
5425.0,18,250.0,5.681818181818182,4.578035608769806,8,247.0,0.3273330011041871,10,132.0,0.25485464578765493,18,379.0
5430.0,20,336.0,7.0,5.072426411613847,11,181.0,0.2688095002971248,9,173.0,0.3616875654505096,20,354.0
5435.0,21,337.0,6.3584905660377355,5.656905755400001,11,174.0,0.31721064525795134,10,213.0,0.3783236325115951,21,387.0
5440.0,18,258.0,4.526315789473684,6.145153634247454,11,163.0,0.3413761179521382,7,198.0,0.44677550184184944,18,361.0
5445.0,18,229.0,4.2407407407407405,6.01178801770752,11,174.0,0.22511177243453503,7,128.0,0.5364393091188796,18,302.0
5450.0,14,147.0,2.7222222222222223,6.127227385402272,8,171.0,0.3348553517263372,6,80.0,0.3747981601728,14,251.0
5455.0,17,141.0,2.4310344827586206,5.466552942577484,7,134.0,0.3092062487808514,10,85.0,0.1996825433825673,17,219.0
5460.0,22,180.0,3.1578947368421053,5.978118647944909,11,144.0,0.3370852600485936,11,121.0,0.2989688705216465,22,265.0
5465.0,18,232.0,4.0701754385964914,6.597739403004305,9,176.0,0.41247308287027934,9,135.0,0.44492776040793575,18,311.0
5470.0,15,246.0,4.315789473684211,6.8246226414917475,8,177.0,0.4723827100609153,7,145.0,0.3550770093680282,15,322.0
5475.0,21,309.0,5.517857142857143,5.998684145767942,13,213.0,0.319896367339249,8,137.0,0.2942504424813652,21,350.0
5480.0,19,362.0,6.135593220338983,5.304704623491162,12,242.0,0.2089449754803887,7,166.0,0.27649364872949533,19,408.0
5485.0,26,466.0,8.175438596491228,5.897717547154236,13,290.0,0.3014604264529234,13,220.0,0.38513049717478565,26,510.0
5490.0,20,363.0,6.258620689655173,5.4085072668368275,10,297.0,0.3373126947114355,10,186.0,0.364516776933278,20,483.0
5495.0,27,442.0,8.185185185185185,4.742213654861776,14,331.0,0.288149910813167,13,158.0,0.2946217823615729,27,489.0
5500.0,26,444.0,7.655172413793103,4.228078433565393,14,369.0,0.23479130794305186,12,186.0,0.2739448851576829,26,555.0
5505.0,29,541.0,8.587301587301587,4.884032351273693,15,393.0,0.27736051503952847,14,199.0,0.21807235728455163,29,592.0
5510.0,28,332.0,5.26984126984127,4.985267480284467,14,325.0,0.31418968521955165,14,205.0,0.24376563903627396,28,530.0
5515.0,16,231.0,3.6666666666666665,6.922364615397281,10,214.0,0.37992163772850424,6,149.0,0.4196050705448214,16,363.0
5520.0,18,280.0,4.666666666666667,6.020804247681552,10,246.0,0.30010557139893185,8,140.0,0.36569246060683436,18,386.0
5525.0,23,338.0,5.633333333333334,5.676064235252477,15,285.0,0.2748984996397325,8,158.0,0.3257942179203595,23,443.0
5530.0,22,363.0,6.482142857142857,5.844638835357549,14,315.0,0.2825871650904552,8,171.0,0.410265533050565,22,486.0
5535.0,20,238.0,4.25,5.990075192249765,13,297.0,0.3636000853305937,7,135.0,0.36094404063777313,20,432.0
5540.0,26,312.0,5.473684210526316,4.880215665114312,14,330.0,0.3463817707067777,12,135.0,0.24945171756566822,26,465.0
5545.0,26,360.0,6.206896551724138,4.489194680016626,16,342.0,0.3409545510727024,10,159.0,0.2283475472331612,26,501.0
5550.0,24,315.0,5.431034482758621,4.50750853043352,17,354.0,0.1977222651338921,7,158.0,0.3990705999967199,24,512.0
5555.0,19,202.0,3.3114754098360657,4.908622530512174,15,338.0,0.16242312280286805,4,102.0,0.37995151174636105,19,440.0
5560.0,27,301.0,4.5606060606060606,5.685618395781861,17,361.0,0.21179629129592353,10,91.0,0.3492587158118705,27,452.0
5565.0,25,300.0,4.411764705882353,5.399647705930599,17,356.0,0.251425783577719,8,104.0,0.2902909355628598,25,460.0
5570.0,22,313.0,4.815384615384615,6.327257693022207,14,325.0,0.3399029629451775,8,93.0,0.30671109136463964,22,418.0
5575.0,22,231.0,3.5538461538461537,5.9647197899766855,13,320.0,0.32180014932693224,9,100.0,0.3415755818788072,22,420.0
5580.0,25,317.0,5.283333333333333,5.970512146518359,17,307.0,0.21462894042275665,8,130.0,0.48297353819422634,25,437.0
5585.0,29,375.0,6.3559322033898304,4.476579115663234,19,341.0,0.18092896226858501,10,170.0,0.4074354168209351,29,511.0
5590.0,23,375.0,6.147540983606557,5.337192470678881,13,334.0,0.2641981761526941,10,183.0,0.39234269739066313,23,517.0
5595.0,20,330.0,5.409836065573771,5.556350251339188,10,278.0,0.2772325011095597,10,190.0,0.3469550894548879,20,468.0
5600.0,23,358.0,5.507692307692308,5.942423561799513,13,253.0,0.2630214992285647,10,230.0,0.35358523278832676,23,483.0
5605.0,21,437.0,7.283333333333333,6.1187792363572004,11,275.0,0.22988769904230158,10,279.0,0.3802703857353978,21,554.0
5610.0,19,325.0,5.803571428571429,6.02217701880581,10,275.0,0.20521923801083797,9,235.0,0.3830528571655836,19,510.0
5615.0,20,298.0,5.622641509433962,5.513670089710508,10,268.0,0.2775147268909675,10,161.0,0.2783668290668611,20,429.0
5620.0,24,319.0,6.134615384615385,5.293376910892111,12,226.0,0.31497847428855086,12,211.0,0.1673576706759321,24,437.0
5625.0,23,394.0,7.88,4.9606828821949485,9,246.0,0.31196536232540906,14,267.0,0.18879045752905263,23,513.0
5630.0,16,326.0,6.392156862745098,5.737276989476964,7,238.0,0.24364303262063003,9,217.0,0.3269752529102156,16,455.0
5635.0,17,371.0,7.571428571428571,6.776846071781569,9,272.0,0.3250166889512215,8,207.0,0.30372208730367767,17,479.0
5640.0,17,223.0,4.8478260869565215,5.855990739213874,10,245.0,0.34198130533979976,7,158.0,0.0930102812494153,17,403.0
5645.0,18,278.0,6.177777777777778,6.108397985562069,8,278.0,0.36033236471710484,10,114.0,0.21875069921321197,18,392.0
5650.0,20,323.0,6.872340425531915,5.717087172544121,10,271.0,0.33904008434934046,10,159.0,0.300809013158571,20,430.0
5655.0,16,319.0,6.510204081632653,6.133087206901946,9,263.0,0.381462854547566,7,140.0,0.4582299189261055,16,403.0
5660.0,19,300.0,5.882352941176471,5.999206209117586,10,244.0,0.412502580348599,9,181.0,0.4436729954841332,19,425.0
5665.0,22,217.0,4.018518518518518,5.434579872417629,12,163.0,0.3857026257671985,10,178.0,0.40902368801394196,22,341.0
5670.0,18,214.0,3.962962962962963,4.642505833309532,11,179.0,0.2273295728702576,7,135.0,0.38785973137378016,18,314.0
5675.0,18,143.0,2.5535714285714284,5.173325464653487,11,177.0,0.22239689485660652,7,113.0,0.3471063753508252,18,290.0
5680.0,20,161.0,2.7758620689655173,6.212880434813757,12,191.0,0.3391996406179186,8,82.0,0.2737786607914321,20,273.0
5685.0,17,194.0,3.5272727272727273,5.6573323197459695,11,198.0,0.30011485716125214,6,104.0,0.22369425205883778,17,302.0
5690.0,22,234.0,4.415094339622642,5.174596453203593,12,228.0,0.23906944216974182,10,109.0,0.18846613051717612,22,337.0
5695.0,22,276.0,5.3076923076923075,4.94729603457044,14,256.0,0.11190436123973789,8,114.0,0.31754491676816904,22,370.0
5700.0,23,249.0,4.69811320754717,5.273534443009611,13,254.0,0.2891114389907362,10,135.0,0.3160857325624147,23,389.0
5705.0,18,248.0,4.96,5.893401558762549,11,214.0,0.3994659999095964,7,145.0,0.35820377700762607,18,359.0
5710.0,17,217.0,4.428571428571429,5.189485558257013,10,212.0,0.30126966846755415,7,123.0,0.393625393124763,17,335.0
5715.0,18,230.0,4.339622641509434,5.790611206649852,9,160.0,0.2966031578152168,9,149.0,0.40818526013854717,18,309.0
5720.0,19,178.0,3.2962962962962963,5.308504936047906,10,155.0,0.2963751501514376,9,162.0,0.2687504449910739,19,317.0
5725.0,25,259.0,4.886792452830188,5.480327140454468,14,197.0,0.27983207420663714,11,159.0,0.33521349294454517,25,356.0
5730.0,19,231.0,4.3584905660377355,5.1225988469675885,11,216.0,0.26571966956135856,8,137.0,0.3633820555064313,19,353.0
5735.0,12,182.0,3.5,6.530891950958444,7,207.0,0.319463549718779,5,77.0,0.44140269535384785,12,284.0
5740.0,16,248.0,4.679245283018868,6.999320780915387,10,228.0,0.2821977857468562,6,62.0,0.4030931473577852,16,290.0
5745.0,14,228.0,4.470588235294118,6.832022431629498,10,236.0,0.16056521257193138,4,75.0,0.3997327704741201,14,311.0
5750.0,21,301.0,6.02,5.961739437402361,13,258.0,0.19075939306608578,8,104.0,0.3198562806116755,21,362.0
5755.0,17,233.0,4.957446808510638,5.58015771407883,12,217.0,0.23995031005340178,5,106.0,0.37356433894355423,17,323.0
5760.0,19,284.0,6.454545454545454,5.78455042607442,12,189.0,0.34969649574664907,7,121.0,0.4435547901614816,19,310.0
5765.0,18,273.0,5.46,5.443665928622364,12,224.0,0.31499188972322845,6,92.0,0.47141548102722697,18,316.0
5770.0,17,335.0,6.090909090909091,6.66297364398423,10,270.0,0.3941199174779093,7,95.0,0.49617709969170615,17,365.0
5775.0,18,230.0,4.035087719298246,5.9183576489687635,10,249.0,0.31612484523016665,8,85.0,0.462302419766552,18,334.0
5780.0,22,240.0,3.9344262295081966,5.314090326442382,10,180.0,0.35526646881186125,12,105.0,0.30506679323912894,22,285.0
5785.0,23,269.0,4.26984126984127,4.914502274778983,10,212.0,0.3532701460372007,13,129.0,0.1905362887878257,23,341.0
5790.0,25,331.0,5.426229508196721,5.302246509425862,13,253.0,0.2874450073175153,12,146.0,0.2673894606918306,25,399.0
5795.0,27,400.0,6.666666666666667,3.819554568548526,15,299.0,0.1379758746961871,12,176.0,0.25060791632459123,27,475.0
5800.0,29,491.0,7.919354838709677,4.408769420308742,14,330.0,0.1819170290482376,15,228.0,0.16815857526323028,29,558.0
5805.0,29,497.0,7.765625,4.609011396968217,14,360.0,0.25817494942524627,15,253.0,0.17734441403628,29,613.0
5810.0,31,609.0,9.36923076923077,5.537468757651319,16,418.0,0.3220761614978159,15,264.0,0.24283906626038534,31,682.0
5815.0,29,691.0,10.968253968253968,4.751064257637615,17,501.0,0.315275584340002,12,276.0,0.26106498241491116,29,777.0
5820.0,25,690.0,10.615384615384615,5.1555881129309675,17,551.0,0.25278863601270496,8,248.0,0.3647289136520787,25,799.0
5825.0,22,606.0,9.044776119402986,5.097159034561387,17,578.0,0.18590934118130362,5,182.0,0.36676979986482183,22,760.0
5830.0,24,475.0,6.985294117647059,5.688400759507277,15,470.0,0.28404998023886185,9,159.0,0.28775212226479335,24,629.0
5835.0,26,352.0,5.176470588235294,5.977805014535009,14,305.0,0.329907455759325,12,184.0,0.3047300201870947,26,489.0
5840.0,32,398.0,5.940298507462686,4.040188386257585,18,337.0,0.15916703096373977,14,226.0,0.3318257314938312,32,563.0
5845.0,31,312.0,4.656716417910448,4.068199752219392,19,341.0,0.21538621807069275,12,240.0,0.33719153767241083,31,581.0
5850.0,24,263.0,3.8115942028985508,4.454672380810015,16,373.0,0.24918361238760742,8,183.0,0.36151704841241816,24,556.0
5855.0,21,227.0,3.026666666666667,4.750332189018525,13,358.0,0.24370785545740906,8,186.0,0.28068432148067224,21,544.0
5860.0,29,271.0,3.5657894736842106,4.947089397883268,15,359.0,0.25698026904062277,14,219.0,0.2596240132348816,29,578.0
5865.0,36,373.0,4.907894736842105,4.615264582296961,19,389.0,0.25197285397309976,17,262.0,0.2474118669081444,36,651.0
5870.0,29,440.0,6.111111111111111,4.294165477641089,20,451.0,0.1803400824151813,9,253.0,0.3175212087963807,29,704.0
5875.0,29,409.0,5.527027027027027,4.141914071390542,21,501.0,0.19267130980262562,8,170.0,0.22001404752637674,29,671.0
5880.0,33,504.0,7.0,4.344032127487128,19,521.0,0.20784437071223266,14,202.0,0.19184031722447956,33,723.0
5885.0,39,521.0,7.338028169014085,4.008760519890363,20,552.0,0.2140549814848604,19,245.0,0.17664614044452204,39,797.0
5890.0,26,522.0,7.791044776119403,3.8576430693729167,16,624.0,0.17885529227332161,10,243.0,0.26267993729919037,26,867.0
5895.0,26,622.0,9.014492753623188,4.551711101151801,18,693.0,0.1388887247765338,8,244.0,0.3158590446147625,26,937.0
5900.0,26,632.0,8.901408450704226,5.706866831656528,18,699.0,0.1616924497899023,8,260.0,0.41942853849477657,26,959.0
5905.0,33,743.0,10.464788732394366,5.17232706102075,22,711.0,0.12503033817607745,11,299.0,0.3567048300729876,33,1010.0
5910.0,33,767.0,11.447761194029852,4.6196676180395935,23,811.0,0.16647227020063846,10,270.0,0.3291779589052621,33,1081.0
5915.0,33,854.0,13.138461538461538,4.753454334812082,21,899.0,0.24344824542073645,12,244.0,0.29433711708604626,33,1143.0
5920.0,26,555.0,8.80952380952381,4.06920865499936,16,836.0,0.21648717938136197,10,162.0,0.24329135977941846,26,998.0
5925.0,33,531.0,8.704918032786885,4.414316534062035,17,673.0,0.22679183862558472,16,210.0,0.18906581133949663,33,883.0
5930.0,30,544.0,9.066666666666666,3.912035002473196,16,656.0,0.20109936501737125,14,252.0,0.18635344306177773,30,908.0
5935.0,26,438.0,6.9523809523809526,4.122553579302366,16,651.0,0.1363404252464707,10,243.0,0.22469139425519066,26,894.0
5940.0,26,393.0,6.442622950819672,4.6020784124061445,16,592.0,0.14851403879128408,10,267.0,0.3362719256123931,26,859.0
5945.0,23,372.0,6.098360655737705,4.867328511490548,12,626.0,0.23897458265799873,11,276.0,0.3130611083193175,23,902.0
5950.0,23,387.0,6.45,3.991292273146111,12,611.0,0.2633630905978289,11,299.0,0.1876560502563176,23,910.0
5955.0,22,383.0,6.719298245614035,4.560379351533324,10,550.0,0.22147339972252236,12,302.0,0.23081395233237859,22,852.0
5960.0,27,479.0,7.983333333333333,4.794243109212668,15,565.0,0.15177705734189814,12,329.0,0.2598329624901905,27,894.0
5965.0,30,563.0,9.383333333333333,5.102611978256933,17,565.0,0.18254182597611412,13,343.0,0.32880753888831654,30,908.0
5970.0,27,578.0,9.796610169491526,4.796504034302981,13,482.0,0.26330717608291143,14,389.0,0.29169916721019745,27,871.0
5975.0,23,638.0,10.813559322033898,5.419188728845035,12,413.0,0.24275387457648692,11,421.0,0.3584649759837756,23,834.0
5980.0,25,603.0,9.725806451612904,4.947032577393714,13,428.0,0.14051779062287545,12,433.0,0.37195046819862215,25,861.0
5985.0,22,602.0,9.555555555555555,6.069617263853421,8,391.0,0.28824821698201314,14,448.0,0.36410835696919414,22,839.0
5990.0,27,558.0,9.3,4.789983395976162,7,313.0,0.41182029828594857,20,518.0,0.16653310112205683,27,831.0
5995.0,30,438.0,7.064516129032258,4.374757594640309,11,283.0,0.31008469146981404,19,478.0,0.19630135907064744,30,761.0
6000.0,30,358.0,6.172413793103448,4.523436954572187,12,273.0,0.2834512868985275,18,338.0,0.24344778613996568,30,611.0
6005.0,27,360.0,5.901639344262295,4.175898976552079,12,208.0,0.2692866465362735,15,379.0,0.21058236002143244,27,587.0
6010.0,24,350.0,5.303030303030303,4.52883911592104,10,216.0,0.24145864185834998,14,367.0,0.2568609294965557,24,583.0
6015.0,22,330.0,5.15625,5.797371116258677,8,188.0,0.3643211083853285,14,388.0,0.2746558112219078,22,576.0
6020.0,18,205.0,3.306451612903226,6.475301110191734,5,163.0,0.4082657797148349,13,377.0,0.3038223287330723,18,540.0
6025.0,21,226.0,4.035714285714286,5.427707603417512,9,166.0,0.332835858365335,12,329.0,0.27626574172458807,21,495.0
6030.0,25,310.0,5.7407407407407405,4.6376389954143376,9,185.0,0.3212437718304778,16,360.0,0.2533672078962847,25,545.0
6035.0,26,382.0,6.821428571428571,4.715207507745576,11,232.0,0.3726808839521655,15,396.0,0.18343364621778838,26,628.0
6040.0,22,399.0,6.879310344827586,5.275848902543706,9,214.0,0.29764823849164157,13,395.0,0.2742454027525852,22,609.0
6045.0,22,426.0,7.473684210526316,5.394124570418212,10,182.0,0.23935638625576755,12,411.0,0.2987809504977565,22,593.0
6050.0,25,394.0,6.912280701754386,4.982546398100727,12,181.0,0.29974051153602216,13,377.0,0.2247740057421892,25,558.0
6055.0,21,313.0,5.6909090909090905,4.856910128836719,6,120.0,0.4236666088459396,15,392.0,0.11789908408901938,21,512.0
6060.0,22,202.0,3.607142857142857,4.890581397304662,7,133.0,0.4117734096010332,15,353.0,0.1572473245551941,22,486.0
6065.0,27,323.0,5.767857142857143,5.2359829331171515,12,179.0,0.2880864579103271,15,346.0,0.34988036478236184,27,525.0
6070.0,25,337.0,5.912280701754386,4.6669844004250045,13,206.0,0.28012775907437304,12,357.0,0.3070532635384303,25,563.0
6075.0,17,268.0,4.785714285714286,5.081010694749297,7,195.0,0.3140050737129177,10,320.0,0.22232717810687908,17,515.0
6080.0,18,196.0,3.3220338983050848,4.972250641735869,7,174.0,0.2682413487702564,11,307.0,0.19748578607326042,18,481.0
6085.0,26,234.0,3.7142857142857144,5.756233063712866,11,164.0,0.2474321628998918,15,359.0,0.3246297632176903,26,523.0
6090.0,24,292.0,4.786885245901639,5.281597966363888,11,184.0,0.24125699328544314,13,378.0,0.36269276102013864,24,562.0
6095.0,19,307.0,5.685185185185185,6.210526021768682,7,172.0,0.38503149190512714,12,365.0,0.3328104757528137,19,537.0
6100.0,20,279.0,5.166666666666667,4.605442136681235,5,157.0,0.26994609565378946,15,349.0,0.17519347697226786,20,506.0
6105.0,27,345.0,6.052631578947368,4.798294039670377,10,194.0,0.21553646125427178,17,347.0,0.20131608803681897,27,541.0
6110.0,21,374.0,6.56140350877193,5.096909233438528,8,198.0,0.3072198949581313,13,384.0,0.28116338146734055,21,582.0
6115.0,22,440.0,7.719298245614035,6.317731079125091,6,164.0,0.5031638165124457,16,438.0,0.27210735549692555,22,602.0
6120.0,25,416.0,7.298245614035087,5.352344820048899,9,114.0,0.403835086536559,16,458.0,0.26856338902469595,25,572.0
6125.0,24,474.0,8.31578947368421,4.99460193698991,12,158.0,0.31641237447739334,12,438.0,0.28046952061691166,24,596.0
6130.0,24,312.0,5.379310344827586,4.265636624581758,12,156.0,0.28456298413839326,12,349.0,0.22222703137888808,24,505.0
6135.0,18,201.0,3.406779661016949,5.321391562896697,6,112.0,0.3416607199031149,12,266.0,0.2381213312391021,18,378.0
6140.0,20,236.0,4.140350877192983,5.42279475160866,7,108.0,0.47313358381533566,13,287.0,0.13896316021606872,20,395.0
6145.0,24,186.0,3.0,4.991188860167258,7,100.0,0.37433301236002264,17,288.0,0.10536322375571229,24,388.0
6150.0,27,260.0,4.126984126984127,4.774798566161804,12,117.0,0.2674449414843993,15,313.0,0.2264001189755128,27,430.0
6155.0,27,343.0,5.716666666666667,4.696577413242256,13,161.0,0.26873030856316543,14,338.0,0.30304637733173984,27,499.0
6160.0,24,323.0,5.209677419354839,4.686481841491699,11,183.0,0.28018312468340656,13,343.0,0.26404373010728743,24,526.0
6165.0,21,166.0,2.634920634920635,4.869980389542528,11,160.0,0.24493114715775685,10,281.0,0.23554130712610308,21,441.0
6170.0,27,234.0,3.5454545454545454,4.848991099399416,17,200.0,0.1748498460810168,10,284.0,0.24408885584455361,27,484.0
6175.0,28,272.0,4.317460317460317,4.547840087847317,17,256.0,0.21180884314025525,11,255.0,0.24538177031697458,28,511.0
6180.0,19,287.0,4.783333333333333,5.1309640428968235,9,275.0,0.3319632113186582,10,252.0,0.2392166842247083,19,527.0
6185.0,17,218.0,3.824561403508772,4.778584755238432,9,249.0,0.2050784540075494,8,207.0,0.22834139587299376,17,456.0
6190.0,26,289.0,4.816666666666666,4.728304001343128,16,254.0,0.07042625060213964,10,230.0,0.2037541379962731,26,484.0
6195.0,26,361.0,6.016666666666667,5.296473547945326,15,299.0,0.18147897002756438,11,246.0,0.2995801885575696,26,545.0
6200.0,18,384.0,6.9818181818181815,5.821357376453003,9,289.0,0.34826942579796416,9,246.0,0.2983293981599396,18,535.0
6205.0,21,359.0,6.648148148148148,5.4784231089494675,11,264.0,0.2925111308989927,10,239.0,0.24272476305498994,21,503.0
6210.0,22,211.0,3.767857142857143,5.029530009615392,11,210.0,0.19208486011213463,11,223.0,0.21597075627642956,22,433.0
6215.0,27,300.0,5.454545454545454,5.116804918950241,12,258.0,0.1917260938166006,15,259.0,0.25845573219677964,27,517.0
6220.0,26,374.0,7.48,4.158038401829276,15,323.0,0.16915816200126085,11,279.0,0.299242788863574,26,602.0
6225.0,25,431.0,8.132075471698114,4.191062073814213,15,348.0,0.2229566033822582,10,262.0,0.25260915061696404,25,610.0
6230.0,24,414.0,7.527272727272727,4.704486776979936,14,347.0,0.293095607903314,10,227.0,0.2720560121655435,24,574.0
6235.0,24,402.0,7.052631578947368,5.157366379107065,11,335.0,0.3777341270835754,13,213.0,0.2688617573865833,24,548.0
6240.0,20,267.0,4.684210526315789,5.3482371875839965,8,237.0,0.3749532632433686,12,213.0,0.29506869767811256,20,450.0
6245.0,19,169.0,2.913793103448276,5.059624651779048,10,212.0,0.2146670426701048,9,160.0,0.273173564619808,19,372.0
6250.0,25,244.0,3.935483870967742,5.686727442939249,14,239.0,0.14524116351865385,11,160.0,0.3456278906706794,25,399.0
6255.0,26,338.0,5.633333333333334,4.938917948483626,16,223.0,0.16173356202160263,10,199.0,0.2812084517236648,26,422.0
6260.0,25,429.0,7.271186440677966,5.500370274178719,11,236.0,0.2783052580197427,14,266.0,0.2784073374374958,25,502.0
6265.0,24,389.0,6.706896551724138,4.6883224007171025,11,234.0,0.3646177766772035,13,281.0,0.13679614666129394,24,515.0
6270.0,28,359.0,6.084745762711864,4.988219088841911,14,239.0,0.38707473048516317,14,279.0,0.22939783150576587,28,518.0
6275.0,24,353.0,5.883333333333334,4.803450979398554,11,215.0,0.3324411714746152,13,282.0,0.31388930035383994,24,497.0
6280.0,24,351.0,5.754098360655738,4.727998076669838,15,199.0,0.2997697699095429,9,295.0,0.3237395135776278,24,494.0
6285.0,23,336.0,5.6,4.665630873453974,14,220.0,0.18555013235693485,9,260.0,0.37119109817917084,23,480.0
6290.0,24,334.0,5.387096774193548,4.866447334228165,12,206.0,0.25832589474810835,12,278.0,0.2103572129047292,24,484.0
6295.0,26,399.0,6.333333333333333,4.694835870654859,11,232.0,0.28056597088431506,15,327.0,0.09315973720132453,26,559.0
6300.0,31,349.0,5.208955223880597,4.959886625654154,15,250.0,0.2730712899857678,16,294.0,0.17122282411730005,31,544.0
6305.0,29,442.0,6.90625,5.359336857099288,16,304.0,0.3068140124362358,13,284.0,0.31706960835916953,29,588.0
6310.0,27,457.0,6.924242424242424,5.016086080035942,17,351.0,0.3347193321170875,10,293.0,0.28517662470815797,27,644.0
6315.0,22,374.0,5.5,5.09886403774361,16,370.0,0.2293596046203236,6,233.0,0.42386726112870177,22,603.0
6320.0,25,408.0,6.0,5.173365044218344,18,355.0,0.13235421558060462,7,221.0,0.5001415842491467,25,576.0
6325.0,29,341.0,4.942028985507246,4.852017315282171,22,383.0,0.10316266805155477,7,167.0,0.4383914036212976,29,550.0
6330.0,23,200.0,3.0303030303030303,5.313266825485193,17,361.0,0.17324770233347048,6,93.0,0.401476048194959,23,454.0
6335.0,27,269.0,4.409836065573771,4.663961268480054,17,412.0,0.1977856414015831,10,94.0,0.31897617090218044,27,506.0
6340.0,28,290.0,4.393939393939394,4.337860437254384,19,447.0,0.15085079585218272,9,129.0,0.31206812378089355,28,576.0
6345.0,25,310.0,4.920634920634921,4.413218116740438,18,482.0,0.15594055957314099,7,136.0,0.41112528352065003,25,618.0
6350.0,19,311.0,5.362068965517241,5.050538803107546,12,456.0,0.19574610377505622,7,115.0,0.4369667535743378,19,571.0
6355.0,26,381.0,6.568965517241379,4.766433319205081,14,471.0,0.22962884446040124,12,152.0,0.16586714313781084,26,623.0
6360.0,26,453.0,7.426229508196721,4.2622422687718,17,494.0,0.12401066771911042,9,190.0,0.1947628734017092,26,684.0
6365.0,26,494.0,8.821428571428571,4.121173056539638,17,524.0,0.14443512701981434,9,214.0,0.3334357335415356,26,738.0
6370.0,28,557.0,9.946428571428571,4.88803242651738,19,562.0,0.2123865147377118,9,259.0,0.3823253436465068,28,821.0
6375.0,24,503.0,8.672413793103448,4.792418006519992,17,595.0,0.22173051739382083,7,223.0,0.39289542937795147,24,818.0
6380.0,23,486.0,8.678571428571429,4.92574186530044,15,576.0,0.20441359655731114,8,159.0,0.37942507214923055,23,735.0
6385.0,27,397.0,7.089285714285714,4.959659702977288,16,493.0,0.20343919608878958,11,204.0,0.2951478259175976,27,697.0
6390.0,23,301.0,5.016666666666667,4.827820029110561,14,434.0,0.22149982825008643,9,147.0,0.29324524931848267,23,581.0
6395.0,28,366.0,6.421052631578948,4.9643163008538576,19,470.0,0.20101403586654704,9,140.0,0.4517332808262867,28,610.0
6400.0,27,386.0,6.655172413793103,5.442099819182136,17,458.0,0.3009373724423247,10,188.0,0.4145243579950459,27,646.0
6405.0,21,349.0,5.721311475409836,4.492548685454193,15,486.0,0.26009626446372086,6,177.0,0.34625962342198957,21,663.0
6410.0,18,293.0,4.725806451612903,5.1198448200292175,14,476.0,0.23738700904912818,4,111.0,0.34537437135883153,18,587.0
6415.0,17,236.0,3.6875,6.226369239230454,11,433.0,0.2656136442825531,6,106.0,0.46184894322349773,17,539.0
6420.0,20,263.0,4.046153846153846,6.331506176811683,16,350.0,0.15516559597619417,4,107.0,0.49435383468444266,20,457.0
6425.0,26,330.0,5.15625,5.970444660135582,21,369.0,0.12984545531411823,5,129.0,0.5608248639149971,26,498.0
6430.0,24,396.0,6.285714285714286,6.008590188132407,17,358.0,0.27728518227857274,7,158.0,0.4593225941725926,24,516.0
6435.0,23,370.0,5.873015873015873,5.81252758702486,16,359.0,0.30495446014173444,7,167.0,0.4571839423546034,23,526.0
6440.0,29,478.0,7.587301587301587,4.679500244200842,20,392.0,0.16137422819895425,9,207.0,0.42691411250828765,29,599.0
6445.0,32,380.0,5.588235294117647,4.038804314833057,23,424.0,0.13903393768981567,9,166.0,0.4069130024779798,32,590.0
6450.0,28,305.0,4.357142857142857,5.301193866089612,13,365.0,0.25751540686737096,15,177.0,0.4069365820516818,28,542.0
6455.0,27,275.0,3.7162162162162162,4.73290780418275,12,394.0,0.30157436699291856,15,174.0,0.25486091627644236,27,568.0
6460.0,27,280.0,3.7837837837837838,4.54564099254208,15,432.0,0.21145674694458014,12,159.0,0.3004871796149591,27,591.0
6465.0,35,334.0,4.394736842105263,3.929231169059976,21,440.0,0.12815643038478397,14,187.0,0.29933450887206337,35,627.0
6470.0,31,373.0,4.907894736842105,4.508887461413186,16,394.0,0.19714591851918142,15,212.0,0.2777734121168846,31,606.0
6475.0,31,479.0,6.220779220779221,4.638433863858451,12,393.0,0.315671372704064,19,254.0,0.16477312403844038,31,647.0
6480.0,29,476.0,6.025316455696203,5.2820678949914255,11,371.0,0.2970909384470776,18,285.0,0.20198083024596283,29,656.0
6485.0,30,398.0,5.527777777777778,4.924069803890031,14,324.0,0.1636603006824552,16,285.0,0.2873696300198995,30,609.0
6490.0,31,369.0,5.125,4.619117850913452,16,330.0,0.14978557208989224,15,303.0,0.3183227762929603,31,633.0
6495.0,37,516.0,7.371428571428571,4.486153391966341,18,349.0,0.23897242088955278,19,380.0,0.2930518396935917,37,729.0
6500.0,34,617.0,8.814285714285715,4.887685798486694,14,383.0,0.2513067245910129,20,447.0,0.2978581133472283,34,830.0
6505.0,27,570.0,8.26086956521739,4.758562120067018,9,356.0,0.16097805828797548,18,461.0,0.2645464333697343,27,817.0
6510.0,28,463.0,6.430555555555555,4.361605718922133,8,315.0,0.18313339627635344,20,455.0,0.1799927782610094,28,770.0
6515.0,33,499.0,7.028169014084507,4.794514218542007,13,288.0,0.29453738065524454,20,515.0,0.18688779774981326,33,803.0
6520.0,35,601.0,8.710144927536232,4.788148911067727,11,301.0,0.29759617436740105,24,559.0,0.23322364854736347,35,860.0
6525.0,30,583.0,8.211267605633802,4.5430334557098,8,283.0,0.33300393386105315,22,602.0,0.1514622444866465,30,885.0
6530.0,31,504.0,7.304347826086956,5.841248823183241,9,311.0,0.5409414376744522,22,587.0,0.10509050897115302,31,898.0
6535.0,22,408.0,5.828571428571428,5.646930108074709,5,227.0,0.5125007285285275,17,640.0,0.11670206297618041,22,867.0
6540.0,31,443.0,6.420289855072464,5.039130006263056,12,113.0,0.40199820400537734,19,651.0,0.1502305770946237,31,764.0
6545.0,31,416.0,6.303030303030303,3.8128782668651726,11,117.0,0.3005740417830351,20,661.0,0.17128546607966424,31,778.0
6550.0,30,329.0,4.984848484848484,4.191802036678938,15,182.0,0.2573448161621499,15,590.0,0.18160421140129188,30,772.0
6555.0,33,392.0,5.9393939393939394,4.126290707311384,18,233.0,0.174194875148082,15,558.0,0.2566518589116271,33,791.0
6560.0,28,383.0,5.319444444444445,4.390339439963991,13,247.0,0.1843902603589673,15,515.0,0.2038808845783422,28,762.0
6565.0,27,332.0,5.107692307692307,5.002818795056221,9,220.0,0.3520557813249403,18,554.0,0.22754668054891064,27,774.0
6570.0,25,319.0,4.833333333333333,5.2229106764836315,7,148.0,0.3728611684934801,18,603.0,0.22938770534351796,25,751.0
6575.0,31,426.0,6.553846153846154,3.6635877325835793,9,168.0,0.2645545881555973,22,645.0,0.16968183716759833,31,813.0
6580.0,30,526.0,7.96969696969697,4.6257141103112325,9,177.0,0.3493564409208529,21,665.0,0.18181354485048543,30,842.0
6585.0,32,573.0,8.304347826086957,4.416107179006218,9,192.0,0.3612120608606851,23,666.0,0.14536894385017782,32,858.0
6590.0,26,521.0,7.338028169014085,5.654803919405089,11,236.0,0.33721416538888854,15,575.0,0.2583366957687532,26,811.0
6595.0,21,314.0,4.550724637681159,5.643484325633914,8,229.0,0.3852166817193709,13,514.0,0.2574036944783834,21,743.0
6600.0,27,367.0,5.242857142857143,5.846215915659952,10,222.0,0.5118836305673751,17,454.0,0.14870262694796987,27,676.0
6605.0,31,426.0,6.454545454545454,4.785943323827409,12,226.0,0.33936607195544455,19,476.0,0.17146166495190124,31,702.0
6610.0,30,512.0,8.258064516129032,3.995151054835208,17,293.0,0.13846782973374208,13,440.0,0.2470280189092143,30,733.0
6615.0,28,367.0,5.919354838709677,3.5781385183018752,17,276.0,0.10005234820929389,11,402.0,0.1891459549727378,28,678.0
6620.0,27,359.0,5.698412698412699,4.924900500373748,14,224.0,0.23975331271213945,13,357.0,0.23507961494976223,27,581.0
6625.0,28,325.0,5.158730158730159,4.637488511627902,11,234.0,0.2852809053428094,17,358.0,0.2683032416708105,28,592.0
6630.0,25,263.0,4.174603174603175,4.394280640656214,6,185.0,0.3337735685336149,19,343.0,0.17935854065515466,25,528.0
6635.0,33,335.0,5.317460317460317,3.546318817956241,8,217.0,0.31543897104486546,25,388.0,0.08156692611853325,33,605.0
6640.0,32,342.0,5.34375,3.9415711963716626,16,280.0,0.2271791855151638,16,375.0,0.14358273565420465,32,655.0
6645.0,26,398.0,6.524590163934426,3.985262585931387,15,304.0,0.11748137877576358,11,364.0,0.30351799627477793,26,668.0
6650.0,24,428.0,7.133333333333334,4.637844234419522,12,281.0,0.17262851274214686,12,365.0,0.2898123741841578,24,646.0
6655.0,24,383.0,6.383333333333334,3.9544710585502445,11,276.0,0.2915830886183305,13,354.0,0.13146270608757646,24,630.0
6660.0,28,304.0,4.825396825396825,4.563133589131382,14,256.0,0.2925552282115882,14,334.0,0.24105121741443494,28,590.0
6665.0,29,399.0,6.138461538461539,4.5702194489810894,12,279.0,0.3180164082040169,17,353.0,0.2750315763197252,29,632.0
6670.0,24,413.0,6.3538461538461535,4.778015504607314,9,277.0,0.37064379974971867,15,371.0,0.24964207409134806,24,648.0
6675.0,23,393.0,5.695652173913044,5.204067066382518,10,288.0,0.3394018486405102,13,322.0,0.24393365317274832,23,610.0
6680.0,20,433.0,6.185714285714286,5.734161305861693,9,317.0,0.33757217554694374,11,320.0,0.24032937001097848,20,637.0
6685.0,27,227.0,3.242857142857143,5.113048665001278,12,221.0,0.29079662237318554,15,312.0,0.181905434999899,27,533.0
6690.0,28,274.0,3.914285714285714,4.89966592509459,14,170.0,0.32262179909379546,14,321.0,0.21831760756082497,28,491.0
6695.0,20,279.0,4.043478260869565,4.938069578313634,11,180.0,0.25852622368203537,9,303.0,0.28548859127373855,20,483.0
6700.0,26,324.0,4.563380281690141,5.689496707724943,13,157.0,0.2705183692486024,13,335.0,0.31751581248163535,26,492.0
6705.0,27,401.0,5.569444444444445,5.593977436523062,14,202.0,0.20158880188159656,13,360.0,0.27588773459276783,27,562.0
6710.0,32,486.0,6.75,5.207598984021899,18,268.0,0.18798631603935148,14,360.0,0.24971937949649106,32,628.0
6715.0,33,428.0,6.388059701492537,4.738399980665209,19,308.0,0.1443059921792116,14,339.0,0.3660552963623934,33,647.0
6720.0,31,391.0,5.924242424242424,4.634602727040745,14,331.0,0.26816567738491803,17,313.0,0.31229471977888346,31,644.0
6725.0,33,423.0,6.042857142857143,3.834527192198113,11,318.0,0.3077554094617913,22,371.0,0.2113362621351012,33,689.0
6730.0,28,455.0,6.5,4.823777798891466,9,271.0,0.31696244530623874,19,405.0,0.25422137308579357,28,676.0
6735.0,30,473.0,6.757142857142857,4.393319011426773,11,287.0,0.27863108405591824,19,440.0,0.19383244343535233,30,727.0
6740.0,29,437.0,6.069444444444445,4.463931493457467,12,279.0,0.1997799909437419,17,416.0,0.19194437612086343,29,695.0
6745.0,37,549.0,7.956521739130435,3.924584162226802,17,317.0,0.19014809266698446,20,486.0,0.17895401945628842,37,803.0
6750.0,32,631.0,9.144927536231885,4.159435199403464,12,335.0,0.2517562049094113,20,554.0,0.16409650072810378,32,889.0
6755.0,32,490.0,7.205882352941177,3.6744726894449293,13,334.0,0.25629403259204764,19,502.0,0.15644622680187992,32,836.0
6760.0,39,563.0,8.159420289855072,4.11770624830716,19,402.0,0.28555033995539486,20,445.0,0.18577110628051785,39,847.0
6765.0,39,645.0,9.214285714285714,3.6857832168908673,19,441.0,0.2965750720055534,20,466.0,0.17109965791780354,39,907.0
6770.0,31,602.0,8.246575342465754,4.56978178068044,17,486.0,0.2774249038840222,14,418.0,0.25172936239334537,31,904.0
6775.0,30,536.0,7.444444444444445,4.030346368897368,19,527.0,0.13301641856368804,11,319.0,0.3234347895137131,30,846.0
6780.0,34,511.0,6.551282051282051,4.398303121654308,18,527.0,0.16669887441614825,16,303.0,0.25836421317405006,34,830.0
6785.0,33,310.0,4.133333333333334,4.2360686058724975,13,406.0,0.24730117446904634,20,337.0,0.25924431349893606,33,743.0
6790.0,32,331.0,4.413333333333333,4.735505300596455,14,369.0,0.23907285112882481,18,366.0,0.3322680352177585,32,735.0
6795.0,33,398.0,5.527777777777778,3.7333907532382034,17,392.0,0.18179899446295916,16,395.0,0.26163556796284854,33,787.0
6800.0,27,354.0,4.916666666666667,3.7401095092290415,15,391.0,0.1601223862201938,12,361.0,0.15328659047616983,27,752.0
6805.0,26,446.0,6.027027027027027,5.198791831876511,10,388.0,0.25127702864033574,16,403.0,0.14795072076360938,26,791.0
6810.0,29,476.0,6.704225352112676,5.037247670523373,10,370.0,0.2758125827981962,19,418.0,0.10404182803921538,29,788.0
6815.0,32,455.0,6.791044776119403,4.291462775765277,12,358.0,0.28494176884725303,20,404.0,0.14015331720345425,32,762.0
6820.0,32,467.0,7.184615384615385,4.082947958711007,12,313.0,0.2642328889109261,20,439.0,0.24656353237939344,32,752.0
6825.0,31,471.0,7.246153846153846,4.593446349595444,14,250.0,0.35196149842029384,17,469.0,0.25033962865407955,31,719.0
6830.0,30,413.0,5.816901408450704,4.304728151648328,15,278.0,0.27543255840880126,15,414.0,0.2125179311268115,30,692.0
6835.0,20,321.0,4.397260273972603,5.406684888922242,8,251.0,0.27674668510583683,12,400.0,0.28072761934744495,20,651.0
6840.0,20,276.0,3.887323943661972,5.939214082993026,8,243.0,0.33366892392002234,12,352.0,0.27788595605593813,20,595.0
6845.0,27,333.0,4.757142857142857,5.364565684336009,9,261.0,0.29367942618992915,18,391.0,0.2213036894828657,27,652.0
6850.0,35,439.0,6.968253968253968,4.050115360589751,14,319.0,0.1906885835902984,21,416.0,0.18445562289827985,35,735.0
6855.0,35,575.0,8.846153846153847,3.543610326855073,13,373.0,0.1874079508059581,22,476.0,0.1820757660960427,35,849.0
6860.0,31,668.0,10.276923076923078,4.0754348163214615,9,389.0,0.3139032243566381,22,527.0,0.15630288058223177,31,916.0
6865.0,30,636.0,9.492537313432836,4.270504457262478,9,331.0,0.3287275185527908,21,527.0,0.19366143366638439,30,858.0
6870.0,24,474.0,7.292307692307692,5.7590346621906425,9,310.0,0.42142635337798257,15,448.0,0.27919615882252913,24,758.0
6875.0,26,547.0,8.546875,5.353334111571684,13,362.0,0.20138074195810748,13,404.0,0.3394754579761283,26,766.0
6880.0,31,691.0,10.796875,5.330125928971441,16,433.0,0.16780977070294595,15,366.0,0.2900721333781754,31,799.0
6885.0,29,725.0,11.153846153846153,4.477443889128655,14,469.0,0.14070682522219605,15,378.0,0.21103125899835334,29,847.0
6890.0,22,716.0,11.365079365079366,5.454423630806406,8,452.0,0.3088654729669833,14,386.0,0.24938450881578822,22,838.0
6895.0,24,421.0,6.378787878787879,5.542499034464381,9,311.0,0.3426269747768644,15,407.0,0.25994093113593053,24,718.0
6900.0,26,376.0,5.696969696969697,5.844618567637115,10,133.0,0.39919448334690893,16,416.0,0.3236943690207748,26,549.0
6905.0,25,404.0,6.2153846153846155,5.143468316018135,10,156.0,0.37728606548810556,15,454.0,0.3320010998864149,25,610.0
6910.0,24,463.0,7.349206349206349,5.225942055353511,10,184.0,0.3087755480677696,14,481.0,0.3531413756913932,24,665.0
6915.0,26,553.0,8.640625,5.200475878961926,12,238.0,0.23772949983397892,14,514.0,0.28285107326203895,26,752.0
6920.0,32,626.0,9.78125,4.703702507511462,13,269.0,0.19485094167713207,19,549.0,0.19503227434096193,32,818.0
6925.0,34,770.0,12.62295081967213,3.696440211786614,14,338.0,0.16349121755286622,20,624.0,0.1785130835718024,34,962.0
6930.0,29,752.0,12.129032258064516,3.744611194395905,14,319.0,0.18075000394485422,15,666.0,0.19860581461414475,29,985.0
6935.0,19,624.0,10.4,4.749662652793845,5,194.0,0.2962458669705958,14,667.0,0.18962966181963992,19,861.0
6940.0,23,670.0,11.35593220338983,5.831479548309573,5,144.0,0.4695940633776471,18,659.0,0.16769264887679652,23,803.0
6945.0,27,430.0,7.166666666666667,4.944885308591111,8,177.0,0.36214207068807014,19,511.0,0.18069012725738803,27,688.0
6950.0,29,367.0,6.672727272727273,4.695964700112403,13,238.0,0.31753209256626824,16,336.0,0.24052864391739712,29,574.0
6955.0,32,416.0,7.428571428571429,3.3800814611356,14,233.0,0.2788393918514796,18,380.0,0.19443353475385233,32,613.0
6960.0,31,559.0,9.807017543859649,4.4406711469257125,13,289.0,0.3320490058168394,18,453.0,0.21019774432470978,31,742.0
6965.0,32,531.0,8.85,4.0263405642408925,16,295.0,0.2449849391293099,16,470.0,0.21670910044963668,32,765.0
6970.0,20,430.0,6.935483870967742,5.284168958603794,7,251.0,0.302608543576148,13,417.0,0.24494025314230103,20,668.0
6975.0,20,430.0,6.935483870967742,4.715767380271016,8,273.0,0.22727429968911436,12,343.0,0.2572737340525204,20,616.0
6980.0,26,497.0,7.53030303030303,5.617945674434664,14,333.0,0.19490011662503212,12,307.0,0.34927572214577346,26,640.0
6985.0,29,343.0,5.532258064516129,5.015152077303508,16,293.0,0.2902317605399951,13,298.0,0.2686975030569016,29,591.0
6990.0,30,336.0,5.508196721311475,4.211282587774842,17,275.0,0.2665855844946475,13,258.0,0.18596310388979562,30,533.0
6995.0,25,328.0,5.466666666666667,3.7756440780556777,14,285.0,0.23755938390481282,11,242.0,0.21569155921331443,25,527.0
7000.0,22,257.0,4.079365079365079,4.63389543761566,11,240.0,0.26365310014725946,11,228.0,0.19789627437279533,22,468.0
7005.0,23,311.0,5.183333333333334,5.730408922368787,9,204.0,0.38769590153197586,14,258.0,0.13976600129681757,23,462.0
7010.0,20,330.0,5.892857142857143,6.415044913614801,7,173.0,0.46228328207704766,13,284.0,0.10307135169275915,20,457.0
7015.0,24,358.0,7.019607843137255,4.541661381795304,12,216.0,0.2474995075407667,12,279.0,0.12727825128971992,24,495.0
7020.0,27,429.0,8.755102040816327,4.1328146570975335,13,246.0,0.2462658454840843,14,326.0,0.1901864491288466,27,572.0
7025.0,25,512.0,10.666666666666666,4.6915252682461555,13,264.0,0.29134450718129995,12,369.0,0.2645316236973671,25,633.0
7030.0,24,563.0,11.489795918367347,4.1991216844633765,12,293.0,0.24180969215736822,12,403.0,0.2654567506436918,24,696.0
7035.0,21,557.0,11.851063829787234,4.597941777830801,9,280.0,0.3405522024078603,12,385.0,0.15366114117180907,21,665.0
7040.0,21,514.0,11.173913043478262,5.27950588066107,10,319.0,0.4135921253138363,11,345.0,0.11056208103509524,21,664.0
7045.0,20,439.0,9.340425531914894,5.149188139300502,9,346.0,0.4074994678712462,11,301.0,0.08592383073543466,20,647.0
7050.0,17,399.0,9.279069767441861,6.033850075069173,12,373.0,0.3120783667594859,5,203.0,0.33857183581613287,17,576.0
7055.0,15,178.0,4.045454545454546,5.011498431565554,10,264.0,0.1931102363905986,5,195.0,0.3517243716654933,15,459.0
7060.0,20,220.0,5.0,5.703761624806359,11,161.0,0.21388614554681953,9,237.0,0.39291063728571685,20,398.0
7065.0,17,228.0,5.3023255813953485,5.076839937379168,10,177.0,0.15070137711582368,7,241.0,0.418109758576127,17,418.0
7070.0,16,268.0,6.232558139534884,5.5991492354467605,10,165.0,0.10278410641540761,6,227.0,0.3722813878771333,16,392.0
7075.0,16,287.0,6.674418604651163,5.872343769987342,9,210.0,0.2657748169551101,7,191.0,0.2349658388233254,16,401.0
7080.0,11,146.0,3.1739130434782608,7.142664193545431,5,166.0,0.458989984346454,6,88.0,0.19638193392506054,11,254.0
7085.0,12,150.0,3.5714285714285716,7.71549984697882,5,124.0,0.590429106869074,7,83.0,0.2520185573175928,12,207.0
7090.0,15,153.0,3.825,6.548504828758743,6,96.0,0.4964155175747713,9,107.0,0.2822840275083463,15,203.0
7095.0,12,121.0,2.951219512195122,6.101656979110574,7,103.0,0.35993221641041606,5,113.0,0.4193893679292365,12,216.0
7100.0,16,98.0,2.3902439024390243,5.6684101264226525,11,97.0,0.253291068702227,5,93.0,0.4712119271563444,16,190.0
7105.0,15,143.0,3.1777777777777776,6.366249470532346,11,122.0,0.16426401880814126,4,95.0,0.49190780914001886,15,217.0
7110.0,21,236.0,5.2444444444444445,6.348428241287157,14,192.0,0.21603113030530294,7,121.0,0.4894106684881187,21,313.0
7115.0,18,240.0,5.1063829787234045,5.280151768139029,11,214.0,0.2170196905376453,7,138.0,0.3950243897078981,18,352.0
7120.0,14,221.0,4.804347826086956,6.3445201938016025,6,174.0,0.2791325961125251,8,146.0,0.41731684439734923,14,320.0
7125.0,15,174.0,3.5510204081632653,6.745308176046165,6,151.0,0.30723507338025435,9,150.0,0.38881157266312205,15,301.0
7130.0,18,234.0,4.875,6.676246380621762,8,144.0,0.41837858170467535,10,197.0,0.30188350359140875,18,341.0
7135.0,15,168.0,3.8181818181818183,5.043601155500915,6,121.0,0.35391780928472727,9,170.0,0.2599661707834172,15,291.0
7140.0,18,238.0,5.409090909090909,5.613273500650524,9,147.0,0.43863444664280815,9,155.0,0.2300071852538838,18,302.0
7145.0,15,207.0,4.404255319148936,5.259230286474163,8,175.0,0.4149269835192921,7,144.0,0.23888995397428275,15,319.0
7150.0,19,251.0,5.02,6.478514076777312,11,221.0,0.43126713944988027,8,119.0,0.39640006775583914,19,340.0
7155.0,17,137.0,2.6862745098039214,5.611253950172899,11,191.0,0.32779742843753606,6,95.0,0.41313927054596,17,286.0
7160.0,6,50.0,1.0638297872340425,6.423996165364713,5,116.0,0.33469862635538344,1,48.0,0.4327778764547951,6,164.0
7165.0,9,81.0,1.7608695652173914,7.545814404277324,7,96.0,0.32460987393404706,2,36.0,0.495743918251837,9,132.0
7170.0,14,134.0,2.7916666666666665,7.393683885924401,9,110.0,0.3216382393370405,5,47.0,0.27957084163747353,14,157.0
7175.0,14,157.0,3.4130434782608696,7.26082317837392,9,116.0,0.296519731517087,5,71.0,0.36374881791075264,14,187.0
7180.0,12,185.0,4.3023255813953485,6.913986956728189,8,137.0,0.3473712358939217,4,55.0,0.3862289292791978,12,192.0
7185.0,12,167.0,4.282051282051282,6.570408407897235,8,114.0,0.36239296900527784,4,75.0,0.4277466926008476,12,189.0
7190.0,12,154.0,3.6666666666666665,6.282783123798431,9,142.0,0.2882066346690073,3,46.0,0.4759408023304761,12,188.0
7195.0,9,114.0,2.590909090909091,7.025583452756539,8,154.0,0.33098285932866517,1,10.0,0.616493305121939,9,164.0
7200.0,11,157.0,3.8292682926829267,7.533516730460156,9,162.0,0.345324431295825,2,9.0,0.6138397325114768,11,171.0
