step,system_total_stopped,system_total_waiting_time,system_mean_waiting_time,system_mean_speed,J17_stopped,J17_accumulated_waiting_time,J17_average_speed,J18_stopped,J18_accumulated_waiting_time,J18_average_speed,agents_total_stopped,agents_total_accumulated_waiting_time
5.0,1,0.0,0.0,1.4803103869897312,0,0.0,1.0,1,0.0,0.097496863925994,1,0.0
10.0,0,0.0,0.0,5.949217997021818,0,0.0,0.34315913987090796,0,0.0,0.4957479662657671,0,0.0
15.0,1,0.0,0.0,9.017342817717685,0,0.0,0.7383712779121082,1,0.0,0.5909984238874106,1,0.0
20.0,0,0.0,0.0,10.122235465463033,0,0.0,0.7659184393679458,0,0.0,0.7160572368147048,0,0.0
25.0,1,1.0,0.06666666666666667,8.448220351202133,1,1.0,0.5849771842974851,0,0.0,0.6516378902755503,1,1.0
30.0,5,9.0,0.45,7.973411508978854,4,8.0,0.4601110647940148,1,1.0,0.6525903063641437,5,9.0
35.0,4,29.0,1.2608695652173914,8.255142069691328,3,23.0,0.5814026381907587,1,6.0,0.6038661088625521,4,29.0
40.0,8,54.0,2.076923076923077,6.289218732346873,4,39.0,0.45162273994336155,4,15.0,0.42120419227933004,8,54.0
45.0,11,98.0,3.3793103448275863,6.412857152742678,6,67.0,0.3902703396285767,5,31.0,0.5364229295739957,11,98.0
50.0,10,113.0,3.4242424242424243,5.168067344823274,4,65.0,0.3177651091217491,6,55.0,0.36337838073340534,10,120.0
55.0,13,172.0,5.212121212121212,6.656305629086066,5,82.0,0.4188219324048651,8,90.0,0.3316723320967267,13,172.0
60.0,10,172.0,5.0588235294117645,7.358766440954492,3,65.0,0.55024548904869,7,107.0,0.3127451492866196,10,172.0
65.0,13,230.0,6.571428571428571,7.0081103794084285,4,83.0,0.47215046468924526,9,150.0,0.29575125494147336,13,233.0
70.0,13,179.0,4.837837837837838,5.935640902860571,6,106.0,0.2631556922877438,7,126.0,0.3600228950232112,13,232.0
75.0,10,201.0,5.2894736842105265,7.508500657807922,5,134.0,0.35495220276958056,5,87.0,0.5147072455700967,10,221.0
80.0,9,138.0,3.5384615384615383,6.596977038844946,5,131.0,0.4723499374239596,4,55.0,0.4259987045224184,9,186.0
85.0,11,188.0,4.585365853658536,7.655253755315587,4,137.0,0.5930366328780358,7,77.0,0.4455649678601155,11,214.0
90.0,14,215.0,5.2439024390243905,6.441880076466514,6,161.0,0.47998481015093986,8,94.0,0.4388642366405529,14,255.0
95.0,14,159.0,3.8780487804878048,6.080845951659381,5,121.0,0.4559073736419108,9,121.0,0.4396173816149272,14,242.0
100.0,16,134.0,3.0454545454545454,5.00728303615771,8,67.0,0.39083311204766297,8,128.0,0.2610152568225069,16,195.0
105.0,21,214.0,4.553191489361702,5.760626682879814,11,95.0,0.32791761081792115,10,145.0,0.3404225418706736,21,240.0
110.0,17,200.0,4.0,5.774983796667581,11,110.0,0.21231485620140592,6,148.0,0.418296689888278,17,258.0
115.0,12,198.0,4.212765957446808,6.336550940456969,3,85.0,0.3313268165005537,9,177.0,0.39351946267797877,12,262.0
120.0,15,195.0,4.239130434782608,6.877264466289771,5,75.0,0.5011801576878315,10,181.0,0.2861738973058773,15,256.0
125.0,16,185.0,4.404761904761905,6.079532537666366,5,93.0,0.4992995753839205,11,144.0,0.1623291623620581,16,237.0
130.0,14,177.0,4.214285714285714,5.118837788486089,6,99.0,0.2546482992008812,8,159.0,0.25471875679270317,14,258.0
135.0,18,234.0,6.0,5.906019166219029,9,138.0,0.35022793724020135,9,151.0,0.2668973227713417,18,289.0
140.0,15,202.0,5.315789473684211,5.504593748827573,8,103.0,0.3101531105214771,7,170.0,0.23251506210175482,15,273.0
145.0,18,280.0,7.0,6.256356690199479,10,151.0,0.328648448998644,8,190.0,0.24272334881450078,18,341.0
150.0,17,279.0,7.342105263157895,5.8446723872569155,11,202.0,0.35359703859293323,6,176.0,0.3010209354082363,17,378.0
155.0,16,292.0,7.3,5.65461563552682,9,206.0,0.40659894162086213,7,169.0,0.27295181685897246,16,375.0
160.0,16,294.0,7.35,5.340574679714149,10,199.0,0.34870255014679963,6,138.0,0.3022233743024856,16,337.0
165.0,13,155.0,3.6904761904761907,6.021563703751722,9,150.0,0.35055136245619156,4,96.0,0.36516246581373796,13,246.0
170.0,9,84.0,1.9090909090909092,6.589695893337657,7,111.0,0.4367162357421199,2,79.0,0.40020679071833815,9,190.0
175.0,9,57.0,1.3255813953488371,6.3641529472109255,5,101.0,0.3083196407200418,4,70.0,0.5416179821099366,9,171.0
180.0,18,94.0,2.088888888888889,6.191542062137263,11,87.0,0.2320901884566284,7,99.0,0.5252552137683937,18,186.0
185.0,16,99.0,2.0625,5.984983271685217,9,107.0,0.223274502652967,7,86.0,0.5066801273300267,16,193.0
190.0,14,134.0,2.9130434782608696,6.312255710714107,6,114.0,0.3357187651418329,8,77.0,0.42995772287192596,14,191.0
195.0,17,155.0,3.369565217391304,5.312159508330389,7,136.0,0.4472385464817047,10,84.0,0.2663557682875222,17,220.0
200.0,22,198.0,4.125,5.568656495233157,7,127.0,0.425507650380851,15,118.0,0.22701142484474807,22,245.0
205.0,19,218.0,4.638297872340425,4.9015269426049555,8,107.0,0.33582847776126407,11,152.0,0.22178664226383846,19,259.0
210.0,22,266.0,5.911111111111111,5.051876467020851,12,159.0,0.28656941503012495,10,151.0,0.29130472268014596,22,310.0
215.0,18,266.0,6.045454545454546,4.328356350764985,9,186.0,0.2845828144426398,9,136.0,0.2277133628884383,18,322.0
220.0,22,356.0,7.574468085106383,5.568605740895073,10,211.0,0.43970478579993716,12,170.0,0.14728745443403954,22,381.0
225.0,22,379.0,8.063829787234043,5.367538602360701,8,204.0,0.45368891005272594,14,234.0,0.11319629707995023,22,438.0
230.0,18,373.0,7.037735849056604,5.954020894617208,7,181.0,0.4191603069822275,11,256.0,0.28444940563785664,18,437.0
235.0,21,441.0,8.018181818181818,5.616162797195599,10,222.0,0.3254568061167318,11,277.0,0.3815591871541943,21,499.0
240.0,20,452.0,8.218181818181819,6.356384558952052,10,255.0,0.3928348426177091,10,286.0,0.4008761461246139,20,541.0
245.0,20,351.0,5.9491525423728815,5.443118574894937,11,266.0,0.3663441530569654,9,245.0,0.23701959012988186,20,511.0
250.0,24,444.0,7.278688524590164,5.137529028042595,13,292.0,0.3312705755489064,11,292.0,0.21156731008350385,24,584.0
255.0,29,381.0,6.145161290322581,4.794562912779238,14,239.0,0.3248420986023678,15,357.0,0.18300266226734002,29,596.0
260.0,29,453.0,7.190476190476191,5.291525879688164,15,211.0,0.32619839897585073,14,393.0,0.30989912600944836,29,604.0
265.0,31,500.0,7.246376811594203,5.230123956922921,15,209.0,0.3268008532344585,16,460.0,0.25587781409396954,31,669.0
270.0,33,437.0,6.154929577464789,4.512885673720918,18,221.0,0.28104433047459043,15,424.0,0.20897295785198514,33,645.0
275.0,27,330.0,4.52054794520548,5.335559366363131,17,252.0,0.20920366000269341,10,326.0,0.3880849605859527,27,578.0
280.0,16,227.0,3.1527777777777777,5.383652026468929,10,236.0,0.2182964177160558,6,284.0,0.34397171309029456,16,520.0
285.0,25,231.0,3.2083333333333335,6.193468327435732,15,231.0,0.3329366819963671,10,209.0,0.2768909007954393,25,440.0
290.0,29,261.0,3.676056338028169,4.78829719217,17,271.0,0.2532272905478138,12,219.0,0.20721303110563355,29,490.0
295.0,27,329.0,4.91044776119403,5.2769016166522755,17,302.0,0.2334498324219318,10,198.0,0.30742588619865663,27,500.0
300.0,29,350.0,5.223880597014926,4.66812992756082,20,345.0,0.10873747540760288,9,204.0,0.3199389860479449,29,549.0
305.0,33,436.0,6.507462686567164,4.725648102442373,21,370.0,0.17126100710538655,12,208.0,0.2638470634669414,33,578.0
310.0,35,436.0,7.147540983606557,3.116515702043656,21,401.0,0.21856620413026118,14,219.0,0.1551757797995001,35,620.0
315.0,33,446.0,6.96875,3.457933870126384,15,428.0,0.2618891692544837,18,272.0,0.16490954563221633,33,700.0
320.0,36,568.0,8.606060606060606,4.183582853382349,17,451.0,0.30318924719841955,19,337.0,0.2598078929688148,36,788.0
325.0,37,618.0,8.956521739130435,3.561130646398681,18,459.0,0.1989615444668288,19,419.0,0.2466817727650857,37,878.0
330.0,36,553.0,7.9,3.5405988952124834,16,402.0,0.19098200909443028,20,496.0,0.16247331022094444,36,898.0
335.0,31,531.0,7.375,3.82504908967216,10,393.0,0.27515529448525744,21,545.0,0.1066536305625408,31,938.0
340.0,36,545.0,7.676056338028169,3.8055517038387654,16,406.0,0.28308778265993984,20,563.0,0.1406506757190765,36,969.0
345.0,32,365.0,5.069444444444445,3.9583785617696896,20,449.0,0.1538112768027999,12,506.0,0.28422381544450553,32,955.0
350.0,32,374.0,5.267605633802817,4.102029311904462,26,482.0,0.09449521057763083,6,344.0,0.3097702188468463,32,826.0
355.0,33,444.0,6.082191780821918,4.611273274240235,26,520.0,0.10596334746769648,7,308.0,0.3829944290041433,33,828.0
360.0,29,426.0,5.68,4.381410832826753,16,465.0,0.18565672526178692,13,363.0,0.21511972314943986,29,828.0
365.0,26,323.0,4.424657534246576,4.70627906943432,10,409.0,0.32910137737846773,16,382.0,0.17985808334413653,26,791.0
370.0,23,329.0,4.569444444444445,5.4941446389723865,13,394.0,0.2667247879216638,10,342.0,0.33826570249400106,23,736.0
375.0,26,283.0,3.9859154929577465,4.217906357521639,18,409.0,0.14900581420989598,8,275.0,0.3488666749415051,26,684.0
380.0,32,361.0,5.013888888888889,4.646032170499628,17,396.0,0.2946939878372505,15,274.0,0.24373101644734715,32,670.0
385.0,30,374.0,5.123287671232877,5.103591793098104,15,379.0,0.3632233042162749,15,266.0,0.24913507881448158,30,645.0
390.0,33,379.0,4.9868421052631575,4.625357358240415,16,378.0,0.2774585867363852,17,222.0,0.18271244199393152,33,600.0
395.0,31,409.0,5.243589743589744,4.72470840084357,17,410.0,0.27152896915797203,14,232.0,0.20227119678943137,31,642.0
400.0,30,401.0,5.276315789473684,4.9500707034184295,20,453.0,0.22556108731692412,10,200.0,0.3420159997039616,30,653.0
405.0,34,414.0,5.671232876712328,4.263998159920038,26,496.0,0.12616653512366352,8,190.0,0.3822368234025519,34,686.0
410.0,38,509.0,6.972602739726027,3.5729365808477653,25,560.0,0.11266448323069334,13,196.0,0.26741831194654536,38,756.0
415.0,38,509.0,7.169014084507042,3.5724151479069453,20,568.0,0.20408912599502382,18,244.0,0.12136105468522214,38,812.0
420.0,34,579.0,7.931506849315069,3.7567629191798013,16,611.0,0.2376977679590864,18,296.0,0.08732199460740828,34,907.0
425.0,34,649.0,9.01388888888889,3.7254585322492417,18,675.0,0.19162790209461705,16,313.0,0.20965321804238693,34,988.0
430.0,32,606.0,8.657142857142857,3.739823148377122,25,734.0,0.10178899385395396,7,259.0,0.32407517356468324,32,993.0
435.0,35,651.0,9.3,3.81880864990629,30,801.0,0.08314764579988497,5,243.0,0.34457289599227553,35,1044.0
440.0,40,523.0,7.366197183098592,3.4586081584365567,28,776.0,0.08595829799219212,12,266.0,0.26865191194541277,40,1042.0
445.0,43,645.0,8.958333333333334,3.710136481493132,28,719.0,0.11973677630333418,15,288.0,0.28488528364964183,43,1007.0
450.0,36,746.0,10.219178082191782,3.961718799769026,29,824.0,0.08221731012598789,7,251.0,0.32912660105855035,36,1075.0
455.0,35,742.0,9.893333333333333,4.528065453043893,27,916.0,0.09954190179793866,8,177.0,0.3724419241894413,35,1093.0
460.0,41,784.0,10.73972602739726,3.776889877909955,26,941.0,0.10790320467770881,15,222.0,0.30518048965949024,41,1163.0
465.0,35,580.0,8.169014084507042,3.5569818766492403,18,836.0,0.15107863052902165,17,267.0,0.260434086155132,35,1103.0
470.0,26,334.0,4.704225352112676,3.604258954456201,12,845.0,0.11709707535026814,14,274.0,0.22457890258926108,26,1119.0
475.0,25,258.0,3.5833333333333335,4.193536278177571,12,822.0,0.12722937564398593,13,271.0,0.24026241044071475,25,1093.0
480.0,34,300.0,4.054054054054054,4.367119004686019,18,786.0,0.13614803715811322,16,236.0,0.2700330925695545,34,1022.0
485.0,26,298.0,4.138888888888889,4.939329671013351,12,633.0,0.2530399120173191,14,263.0,0.262764056751746,26,896.0
490.0,28,357.0,5.028169014084507,4.753485486566762,8,461.0,0.3025960389376264,20,303.0,0.16548569653097964,28,764.0
495.0,25,309.0,4.291666666666667,4.697786926729732,5,374.0,0.33868420238097463,20,346.0,0.16550993556919016,25,720.0
500.0,24,288.0,4.235294117647059,5.0971581175914915,10,385.0,0.2914727260636365,14,330.0,0.28785590244332376,24,715.0
505.0,25,325.0,5.0,4.146377096127955,15,362.0,0.19941876879053602,10,312.0,0.2577565570583642,25,674.0
510.0,25,334.0,5.0606060606060606,4.038613427620453,12,301.0,0.2144570162955964,13,328.0,0.18694567646756813,25,629.0
515.0,21,262.0,4.030769230769231,4.487015782707288,6,275.0,0.3658990418104935,15,333.0,0.17801533693965965,21,608.0
520.0,29,378.0,5.5588235294117645,4.8536844015623295,10,317.0,0.36872381369615337,19,339.0,0.21635250499820838,29,656.0
525.0,31,413.0,5.9855072463768115,4.43013739453593,15,349.0,0.31043130764526644,16,360.0,0.2756105566375999,31,709.0
530.0,28,428.0,6.202898550724638,4.727041845746438,18,397.0,0.30180555212891763,10,320.0,0.28030217677982916,28,717.0
535.0,31,473.0,6.855072463768116,3.776226304666777,19,437.0,0.17251770377754477,12,328.0,0.2230612918307919,31,765.0
540.0,30,466.0,6.852941176470588,4.288583223195788,15,427.0,0.16083467042274566,15,328.0,0.21206042292917002,30,755.0
545.0,28,373.0,5.828125,4.462095908711538,13,363.0,0.25221588715614246,15,349.0,0.1482663962448254,28,712.0
550.0,22,352.0,5.587301587301587,4.806117917770688,13,302.0,0.15889235699085766,9,324.0,0.28072860938572247,22,626.0
555.0,23,367.0,6.116666666666666,4.843091327961359,15,341.0,0.1405807912736624,8,323.0,0.3552946562697946,23,664.0
560.0,34,502.0,8.096774193548388,4.699052854375402,21,410.0,0.1614563117877271,13,358.0,0.33664484571008585,34,768.0
565.0,33,570.0,9.344262295081966,3.8933187770025732,20,475.0,0.19805824658436147,13,399.0,0.3205831288675499,33,874.0
570.0,31,659.0,10.629032258064516,4.339128201123872,21,509.0,0.16585625870627024,10,405.0,0.37908876928038654,31,914.0
575.0,29,437.0,6.621212121212121,4.4428070974454705,20,523.0,0.13644435721226064,9,292.0,0.4296016356190165,29,815.0
580.0,26,323.0,4.681159420289855,4.741855474097782,11,471.0,0.2683661458909764,15,225.0,0.29273519673585935,26,696.0
585.0,23,305.0,4.485294117647059,5.009194140841927,7,369.0,0.40746261087922947,16,278.0,0.17640785628723335,23,647.0
590.0,22,305.0,4.357142857142857,5.472591665273216,9,352.0,0.2955328692247209,13,316.0,0.26916448276602567,22,668.0
595.0,28,241.0,3.3943661971830985,4.128221837239747,15,339.0,0.13042075354610855,13,275.0,0.2463791776122801,28,614.0
600.0,28,285.0,4.014084507042254,5.459537047724169,12,283.0,0.2687743994374844,16,225.0,0.273672458583021,28,508.0
605.0,28,262.0,3.7971014492753623,4.881289476583475,11,281.0,0.2812172696616485,17,251.0,0.23932493822245882,28,532.0
610.0,27,330.0,4.714285714285714,5.549962641798237,9,286.0,0.359813191158648,18,294.0,0.27546660416669766,27,580.0
615.0,33,362.0,5.569230769230769,4.618782646053004,14,300.0,0.3856276635891949,19,334.0,0.25191126621985366,33,634.0
620.0,31,489.0,7.409090909090909,4.90024299835295,11,309.0,0.36947722318560977,20,373.0,0.23029790350001952,31,682.0
625.0,32,478.0,7.029411764705882,3.773280934808691,12,321.0,0.2065246295189821,20,399.0,0.1913554008454309,32,720.0
630.0,28,362.0,5.171428571428572,4.834737198768189,13,304.0,0.17872908543736893,15,359.0,0.27907655254871133,28,663.0
635.0,27,367.0,5.397058823529412,5.342919602941012,12,255.0,0.12274904484547589,15,309.0,0.34128786605465905,27,564.0
640.0,27,385.0,5.833333333333333,4.958690305711893,15,222.0,0.10135436800186744,12,324.0,0.3033937427869932,27,546.0
645.0,26,402.0,6.380952380952381,4.984379437441858,12,239.0,0.2385698659594526,14,332.0,0.2950722766219702,26,571.0
650.0,21,276.0,4.3125,5.182746631134781,6,194.0,0.41239482791477794,15,327.0,0.2540009529001108,21,521.0
655.0,27,288.0,4.430769230769231,5.616860453145907,8,169.0,0.45434990295722333,19,309.0,0.19527953785997895,27,478.0
660.0,29,361.0,5.553846153846154,5.876012986267656,8,188.0,0.5181787541953516,21,377.0,0.173403004723741,29,565.0
665.0,31,466.0,7.766666666666667,4.4100399646712924,8,192.0,0.4049864140234565,23,445.0,0.14199255927608195,31,637.0
670.0,33,503.0,8.245901639344263,3.7189171262250813,11,203.0,0.29887516497789884,22,492.0,0.16642730147390652,33,695.0
675.0,27,464.0,7.483870967741935,3.8393763352326182,11,244.0,0.21727870655321121,16,454.0,0.21512453885773317,27,698.0
680.0,26,460.0,6.96969696969697,4.844240000014271,9,263.0,0.27857910305357597,17,472.0,0.21347831831033848,26,735.0
685.0,22,408.0,6.181818181818182,6.237758865307172,10,288.0,0.40954285348468344,12,440.0,0.20866459938761975,22,728.0
690.0,24,329.0,4.91044776119403,5.785163850201848,7,231.0,0.4045201352793092,17,431.0,0.16032000322875725,24,662.0
695.0,24,378.0,6.19672131147541,5.8681654487686306,8,154.0,0.32077661695919185,16,419.0,0.29272479934401413,24,573.0
700.0,23,366.0,6.203389830508475,5.793494862002261,8,102.0,0.37170687612945336,15,432.0,0.35102929764020346,23,534.0
705.0,24,441.0,7.112903225806452,5.975747494640861,11,132.0,0.3382594229863293,13,404.0,0.4241752593427374,24,536.0
710.0,23,355.0,5.916666666666667,5.074649171409947,8,154.0,0.41636953683337247,15,348.0,0.28329008818524276,23,502.0
715.0,22,345.0,5.390625,5.461991612211742,6,166.0,0.4786215552760258,16,281.0,0.1857904402999314,22,447.0
720.0,22,257.0,4.079365079365079,5.244177606124799,4,104.0,0.5481102220739519,18,330.0,0.07931069771487491,22,434.0
725.0,18,268.0,4.32258064516129,6.254030261485591,4,38.0,0.4809376445222605,14,355.0,0.1860388738519357,18,393.0
730.0,20,260.0,4.262295081967213,4.60414400806979,9,56.0,0.23784934864571844,11,368.0,0.1456704125896027,20,424.0
735.0,23,320.0,5.245901639344262,5.355379383134871,8,73.0,0.3645788823616624,15,377.0,0.11557708862765952,23,450.0
740.0,28,372.0,5.8125,5.337157180719945,10,83.0,0.4065769624332889,18,419.0,0.1575253339152815,28,502.0
745.0,21,442.0,7.245901639344262,5.933845345358349,12,136.0,0.32012088661283217,9,425.0,0.33472373331805577,21,561.0
750.0,22,434.0,7.482758620689655,5.415037413207937,13,157.0,0.22270837558203194,9,398.0,0.4032528492582553,22,555.0
755.0,24,498.0,8.586206896551724,5.915150385382928,14,191.0,0.2394131218753025,10,376.0,0.4221293726628151,24,567.0
760.0,26,527.0,9.75925925925926,4.635882106873517,14,223.0,0.22677436586548616,12,401.0,0.34269937999023,26,624.0
765.0,26,619.0,11.254545454545454,5.162866154460891,12,236.0,0.30945760368743286,14,456.0,0.307766854195266,26,692.0
770.0,28,466.0,8.472727272727273,3.496960083108649,13,241.0,0.200449616988064,15,432.0,0.20321393304531774,28,673.0
775.0,24,286.0,5.107142857142857,4.541221289088528,9,188.0,0.3551907626652441,15,346.0,0.16318959390381657,24,534.0
780.0,25,404.0,6.8474576271186445,5.351168640348022,9,175.0,0.42338838676051654,16,345.0,0.17548740382014277,25,520.0
785.0,29,535.0,8.359375,5.844621045403602,12,219.0,0.3581432558268111,17,379.0,0.2659709915523536,29,598.0
790.0,24,441.0,7.229508196721311,5.669508418610132,10,211.0,0.3730833461469382,14,377.0,0.3136005915354915,24,588.0
795.0,20,346.0,5.766666666666667,5.854659727197594,10,216.0,0.37756095229639275,10,301.0,0.33752114891635276,20,517.0
800.0,20,236.0,3.933333333333333,4.954837680589143,10,223.0,0.23309198382845447,10,256.0,0.2775357532569857,20,479.0
805.0,27,319.0,5.063492063492063,5.467829786973441,14,216.0,0.2898530227889339,13,276.0,0.27506258937434425,27,492.0
810.0,27,271.0,4.1692307692307695,5.070363235870501,11,208.0,0.3104304119744241,16,295.0,0.2383652381326057,27,503.0
815.0,29,336.0,5.25,5.689062139979101,11,162.0,0.42545991545370365,18,354.0,0.2731828367696513,29,516.0
820.0,26,293.0,4.507692307692308,4.895982556333997,10,159.0,0.3502253652761204,16,388.0,0.3069687356369933,26,547.0
825.0,28,365.0,5.703125,4.909371889100518,9,120.0,0.31352832692364657,19,442.0,0.24881430975644483,28,562.0
830.0,30,344.0,5.212121212121212,4.344900262702694,9,128.0,0.2806816701835287,21,432.0,0.157562136218383,30,560.0
835.0,25,247.0,3.742424242424242,5.275254338014022,12,150.0,0.22945382710168633,13,332.0,0.2712199298028697,25,482.0
840.0,22,208.0,3.25,5.1450661523028165,13,190.0,0.17151353004385184,9,309.0,0.31832929958410106,22,499.0
845.0,16,246.0,3.84375,5.582530754078844,7,201.0,0.37282970173374,9,303.0,0.192135710800422,16,504.0
850.0,25,323.0,5.126984126984127,5.774667391472952,9,227.0,0.3748904792694089,16,344.0,0.21445029117061995,25,571.0
855.0,26,324.0,5.684210526315789,5.055962790046317,6,195.0,0.40247952742686144,20,427.0,0.22631084221581263,26,622.0
860.0,26,357.0,5.95,4.362075835233942,7,145.0,0.37274033590891925,19,436.0,0.15594083400158787,26,581.0
865.0,22,301.0,5.375,4.284352632202262,8,147.0,0.34739270760151536,14,368.0,0.16964547826247267,22,515.0
870.0,23,350.0,5.833333333333333,5.384839947831105,11,193.0,0.30599198121486704,12,314.0,0.25207695562116694,23,507.0
875.0,19,353.0,5.983050847457627,5.879571837692647,9,210.0,0.24706551828281936,10,288.0,0.3269954040713913,19,498.0
880.0,16,367.0,6.553571428571429,5.8502631804841245,5,189.0,0.35409368424458,11,306.0,0.30028287358415345,16,495.0
885.0,17,424.0,7.851851851851852,5.490063735783686,5,205.0,0.4128759333451864,12,320.0,0.2786023563872341,17,525.0
890.0,18,483.0,8.781818181818181,5.43938085432607,9,244.0,0.3113754215649846,9,296.0,0.2400171114168554,18,540.0
895.0,17,208.0,3.9245283018867925,4.981995690702903,7,132.0,0.25150235122715525,10,233.0,0.25539535772683764,17,365.0
900.0,27,310.0,5.636363636363637,4.744253442631514,12,142.0,0.21305695812780148,15,227.0,0.14989904713635924,27,369.0
905.0,26,349.0,6.232142857142857,4.767527365739762,8,148.0,0.314136863111065,18,288.0,0.18900283920368038,26,436.0
910.0,24,426.0,7.745454545454545,5.886839054298673,7,136.0,0.41234417405548973,17,354.0,0.26437057304493866,24,490.0
915.0,20,380.0,7.3076923076923075,4.854542620301062,5,102.0,0.31585231325334123,15,383.0,0.2574144221760332,20,485.0
920.0,15,286.0,5.607843137254902,6.144704898440329,7,94.0,0.3431008705368409,8,345.0,0.3432723716437873,15,439.0
925.0,18,141.0,2.9375,4.666945245891994,9,111.0,0.22788618480180625,9,233.0,0.26950754354704987,18,344.0
930.0,23,215.0,4.3,4.901841967984596,10,155.0,0.21149035425973128,13,176.0,0.29504261354746136,23,331.0
935.0,21,245.0,5.104166666666667,4.310561217685243,10,179.0,0.24249252826104384,11,181.0,0.2476556463782023,21,360.0
940.0,16,265.0,5.3,6.061958270423297,7,188.0,0.3479389615688736,9,165.0,0.3304010930628572,16,353.0
945.0,17,184.0,3.4716981132075473,4.8360753884901655,7,145.0,0.2564163024854218,10,182.0,0.2633778561672099,17,327.0
950.0,22,204.0,3.642857142857143,5.562693366455489,9,92.0,0.30859469520859606,13,194.0,0.2889655661579055,22,286.0
955.0,22,238.0,4.327272727272727,5.553111325255733,8,88.0,0.4249198798551085,14,229.0,0.22330346460058495,22,317.0
960.0,18,304.0,5.62962962962963,6.209375131645095,8,128.0,0.40923901778044186,10,255.0,0.28502458059701286,18,383.0
965.0,19,264.0,5.176470588235294,5.302621966151465,7,118.0,0.31897182673232927,12,233.0,0.19951909340384896,19,351.0
970.0,23,308.0,6.03921568627451,5.034311904840981,7,106.0,0.34960523067687094,16,312.0,0.13805767505049304,23,418.0
975.0,22,228.0,4.384615384615385,4.423612244842742,7,112.0,0.28050199586341173,15,313.0,0.23050817763231157,22,425.0
980.0,19,225.0,4.326923076923077,6.132049101137785,6,103.0,0.45825908264488346,13,268.0,0.2841220171511926,19,371.0
985.0,15,213.0,3.8727272727272726,5.54170634375488,6,109.0,0.4023026903185446,9,274.0,0.19352851577926022,15,383.0
990.0,16,199.0,3.618181818181818,6.505789107719708,9,147.0,0.41563140374648605,7,238.0,0.2592373434453453,16,385.0
995.0,20,243.0,4.418181818181818,5.441398475639197,11,154.0,0.2546064001508484,9,270.0,0.314110025449687,20,424.0
1000.0,27,342.0,6.107142857142857,5.119595064929172,14,160.0,0.27781875984843885,13,328.0,0.3160791684396685,27,488.0
1005.0,28,315.0,5.833333333333333,4.2569641825860645,14,192.0,0.3146727964287862,14,325.0,0.3011508987269881,28,517.0
1010.0,19,270.0,4.821428571428571,4.6584819771259385,6,166.0,0.30674323028042805,13,335.0,0.2784809709073986,19,501.0
1015.0,22,218.0,3.6333333333333333,4.390345989748505,7,134.0,0.31793242022160056,15,338.0,0.12664771899960933,22,472.0
1020.0,22,249.0,4.016129032258065,5.19431849214778,12,155.0,0.29329928375953934,10,301.0,0.16701745074610017,22,456.0
1025.0,27,285.0,4.596774193548387,4.904275777513478,18,235.0,0.1844355822121407,9,272.0,0.25758645471282376,27,507.0
1030.0,29,317.0,5.19672131147541,5.122770218750537,17,274.0,0.2296875337269983,12,237.0,0.3272899035211962,29,511.0
1035.0,20,293.0,5.232142857142857,4.654803846100987,10,249.0,0.3069314723873583,10,252.0,0.25241691528624605,20,501.0
1040.0,17,243.0,4.2631578947368425,5.507206638929811,8,210.0,0.2826682263121586,9,247.0,0.32227179722171084,17,457.0
1045.0,21,229.0,3.9482758620689653,5.621683545886587,13,212.0,0.217825484807532,8,221.0,0.2958843276449364,21,433.0
1050.0,27,352.0,6.175438596491228,5.77722102941843,17,281.0,0.20984568966316278,10,254.0,0.3446033019179616,27,535.0
1055.0,26,371.0,6.396551724137931,4.311953578886789,15,314.0,0.2505201882667378,11,254.0,0.20023881428073456,26,568.0
1060.0,23,426.0,7.1,5.818996805531071,12,279.0,0.3981882177717872,11,269.0,0.23157545271105567,23,548.0
1065.0,20,360.0,5.806451612903226,5.889564351147689,11,284.0,0.427382325218833,9,266.0,0.2265646144722418,20,550.0
1070.0,19,355.0,5.546875,6.401918670323455,12,252.0,0.295141593972435,7,254.0,0.4170481316951681,19,506.0
1075.0,23,387.0,6.142857142857143,5.239158986370961,17,281.0,0.10871201022644524,6,255.0,0.44754090842492733,23,536.0
1080.0,22,455.0,7.583333333333333,6.047977800802382,13,308.0,0.20412815002031282,9,288.0,0.434679332694527,22,596.0
1085.0,22,326.0,5.52542372881356,4.5902538360667124,14,324.0,0.1914099467858844,8,192.0,0.25728963522750803,22,516.0
1090.0,25,358.0,6.509090909090909,5.287559910150827,14,362.0,0.24251376494708068,11,117.0,0.30371728704999335,25,479.0
1095.0,27,449.0,8.163636363636364,4.39654267962723,14,403.0,0.23824263875458526,13,174.0,0.24257835616981094,27,577.0
1100.0,21,452.0,7.9298245614035086,4.469063890910968,11,410.0,0.26607235320015943,10,179.0,0.17668027878058495,21,589.0
1105.0,20,403.0,7.0701754385964914,5.137337544060913,12,391.0,0.22857163937648298,8,143.0,0.24944809089697387,20,534.0
1110.0,22,373.0,6.322033898305085,5.9481380953135705,15,413.0,0.20976118041807706,7,125.0,0.3242514185163016,22,538.0
1115.0,25,436.0,7.389830508474576,5.380052601840035,16,467.0,0.24582349824906125,9,126.0,0.24144396193677423,25,593.0
1120.0,23,438.0,8.11111111111111,5.137854949236888,15,491.0,0.287221480492662,8,122.0,0.2034736813236234,23,613.0
1125.0,25,295.0,5.784313725490196,4.918752804652326,16,333.0,0.3005745676894347,9,128.0,0.10115387298137453,25,461.0
1130.0,25,350.0,6.481481481481482,4.919375125070163,19,394.0,0.2441683615305759,6,111.0,0.21763414763803857,25,505.0
1135.0,21,334.0,6.549019607843137,5.634794461766903,17,429.0,0.2584561043091097,4,61.0,0.42551533823410775,21,490.0
1140.0,18,243.0,5.282608695652174,5.200794998687445,16,414.0,0.2046235726545635,2,37.0,0.5011874680211482,18,451.0
1145.0,20,244.0,5.191489361702128,4.879657820359027,17,440.0,0.18661683504324778,3,20.0,0.5319003655434662,20,460.0
1150.0,21,254.0,5.183673469387755,4.877854338379733,17,436.0,0.22097887465029423,4,38.0,0.5405780648470446,21,474.0
1155.0,26,255.0,4.722222222222222,4.160685925258009,19,468.0,0.19270685911197824,7,57.0,0.4489958251891709,26,525.0
1160.0,18,161.0,2.7288135593220337,5.065189802335143,15,435.0,0.21690245140278774,3,40.0,0.4906571869731834,18,475.0
1165.0,15,175.0,2.8225806451612905,6.074358714570057,11,425.0,0.2123269132938366,4,42.0,0.5563131839803821,15,467.0
1170.0,19,143.0,2.1343283582089554,5.78493440224687,14,392.0,0.17427814999603813,5,25.0,0.4734816542008685,19,417.0
1175.0,25,227.0,3.546875,5.857498467958832,17,422.0,0.21928663626093006,8,54.0,0.49200910723152325,25,476.0
1180.0,21,259.0,4.245901639344262,5.291414383119543,12,398.0,0.29657911909386686,9,78.0,0.338489368379062,21,476.0
1185.0,26,284.0,4.896551724137931,4.0771828242430885,15,418.0,0.21493390672468937,11,116.0,0.2477810773686006,26,534.0
1190.0,30,332.0,5.724137931034483,3.710901819881489,18,441.0,0.15526836823454418,12,149.0,0.2623592097979711,30,590.0
1195.0,29,354.0,6.103448275862069,3.8654537792621353,21,467.0,0.06632731991265729,8,128.0,0.2830174301470163,29,595.0
1200.0,29,396.0,6.387096774193548,4.544455122833198,20,475.0,0.13381814688914015,9,141.0,0.2770173622878848,29,616.0
1205.0,29,449.0,7.610169491525424,4.998760693511708,18,519.0,0.2465015983212567,11,148.0,0.3518307657789276,29,667.0
1210.0,20,359.0,5.983333333333333,5.481326378743011,10,478.0,0.24502562411864579,10,155.0,0.34409063691587294,20,633.0
1215.0,15,247.0,4.116666666666666,5.342024566031496,7,422.0,0.2095674727386095,8,142.0,0.29839137213649664,15,564.0
1220.0,16,161.0,2.596774193548387,5.698086033375769,8,314.0,0.18805989705419413,8,127.0,0.380826833210456,16,441.0
1225.0,24,265.0,4.491525423728813,5.6498725113373816,15,326.0,0.2684672556083523,9,170.0,0.4107002585029792,24,496.0
1230.0,23,248.0,4.275862068965517,5.168816579681889,14,332.0,0.2968579389300353,9,167.0,0.38179653648813805,23,499.0
1235.0,21,200.0,3.7735849056603774,4.297868772505683,9,267.0,0.24361664147490794,12,148.0,0.2908566362818056,21,415.0
1240.0,20,217.0,3.875,3.7653101114595637,10,294.0,0.24649388819650783,10,172.0,0.1700088492478907,20,466.0
1245.0,22,277.0,4.694915254237288,4.718756467391158,12,320.0,0.1875430853795088,10,187.0,0.29441429420520643,22,507.0
1250.0,24,241.0,4.155172413793103,4.614305028600574,15,321.0,0.1367017299151559,9,160.0,0.3699073094766166,24,481.0
1255.0,16,212.0,3.4193548387096775,6.425925018898474,11,283.0,0.2615809196704024,5,103.0,0.45948440040312216,16,386.0
1260.0,16,203.0,3.440677966101695,6.719155874131739,9,255.0,0.3165542394769027,7,113.0,0.4008763986171036,16,368.0
1265.0,21,260.0,4.482758620689655,5.6330673025792946,15,303.0,0.27672260840807883,6,121.0,0.30034256153820993,21,424.0
1270.0,28,345.0,5.948275862068965,4.292341483927647,18,322.0,0.20736465886334565,10,143.0,0.25719048208784256,28,465.0
1275.0,21,333.0,5.285714285714286,5.12056098112674,12,318.0,0.24578850829831594,9,135.0,0.3266343963399321,21,453.0
1280.0,18,381.0,5.953125,6.475246150939972,10,324.0,0.38393639607713637,8,141.0,0.3689203165702493,18,465.0
1285.0,22,336.0,5.419354838709677,6.183803666306745,13,312.0,0.34361105776363376,9,133.0,0.3180731825967191,22,445.0
1290.0,30,394.0,6.354838709677419,4.614124594314612,17,314.0,0.16146453787014245,13,190.0,0.32859087054610703,30,504.0
1295.0,26,392.0,6.426229508196721,3.648263194239168,16,375.0,0.14374106973354056,10,193.0,0.3078533438356958,26,568.0
1300.0,34,547.0,8.82258064516129,4.422962381038146,21,455.0,0.19107187589134572,13,215.0,0.3765993877352181,34,670.0
1305.0,33,568.0,8.606060606060606,4.139846029842529,20,507.0,0.2557531781449629,13,226.0,0.2459734092782693,33,733.0
1310.0,24,513.0,7.656716417910448,5.338882368147397,11,488.0,0.26808710746685066,13,218.0,0.3312599989229255,24,706.0
1315.0,24,256.0,3.9384615384615387,4.563014437312911,11,351.0,0.28265511861041703,13,207.0,0.21850395935136363,24,558.0
1320.0,24,295.0,4.338235294117647,5.452390162516093,16,305.0,0.19565942218842888,8,180.0,0.4173063862451186,24,485.0
1325.0,26,247.0,3.6865671641791047,4.749521628481388,19,340.0,0.14345773397388523,7,159.0,0.3901061372650892,26,499.0
1330.0,27,263.0,3.925373134328358,5.558913589516679,17,363.0,0.2573650930149891,10,133.0,0.4064680615932182,27,496.0
1335.0,28,334.0,4.911764705882353,4.7157426207315325,18,431.0,0.25762700769983304,10,153.0,0.2798978477723892,28,584.0
1340.0,28,403.0,6.106060606060606,4.738028827554229,20,490.0,0.20663968151912748,8,161.0,0.3018837115943828,28,651.0
1345.0,29,415.0,6.1940298507462686,3.8885517192106445,19,496.0,0.11949486600343995,10,190.0,0.2826357801109064,29,686.0
1350.0,28,331.0,4.728571428571429,4.6516483664707,14,410.0,0.2347198617353909,14,232.0,0.2394854389845563,28,642.0
1355.0,27,306.0,4.434782608695652,4.721069201790004,14,452.0,0.27575828934379,13,222.0,0.25561980854135913,27,674.0
1360.0,33,427.0,6.373134328358209,4.720675849107209,19,518.0,0.24202367080872855,14,228.0,0.273881383232259,33,746.0
1365.0,35,445.0,6.742424242424242,3.408576982263416,21,560.0,0.11790649888282555,14,255.0,0.27224165934696015,35,815.0
1370.0,32,473.0,6.855072463768116,3.9066984977513943,26,635.0,0.0837145849885604,6,227.0,0.2110194302247279,32,862.0
1375.0,31,508.0,7.36231884057971,5.234028936772656,23,661.0,0.1340300453929368,8,211.0,0.3683122251750017,31,872.0
1380.0,26,497.0,7.3088235294117645,5.871288422788347,20,636.0,0.16930683730241533,6,187.0,0.4286637082243569,26,823.0
1385.0,26,512.0,7.529411764705882,5.702896634238813,18,625.0,0.22230711084700946,8,196.0,0.4058964946776717,26,821.0
1390.0,20,341.0,5.08955223880597,6.241098627263458,11,493.0,0.3335346305345464,9,222.0,0.41142938260668815,20,715.0
1395.0,18,341.0,5.328125,6.432049920660383,8,377.0,0.38911018047977525,10,270.0,0.30747991523978685,18,647.0
1400.0,15,336.0,5.508196721311475,6.222989457484496,7,288.0,0.43712540685809936,8,276.0,0.1316974871480496,15,564.0
1405.0,21,373.0,6.216666666666667,5.860022361093375,13,332.0,0.2971591917823144,8,257.0,0.25881199861684057,21,589.0
1410.0,25,422.0,7.4035087719298245,4.531442121086829,18,328.0,0.14133660706601964,7,282.0,0.3228752992739315,25,610.0
1415.0,26,478.0,8.241379310344827,5.421815261128137,20,365.0,0.19113115498964947,6,303.0,0.45297911495492305,26,668.0
1420.0,28,549.0,9.46551724137931,4.2715989695066385,18,382.0,0.22447429318975193,10,331.0,0.30283313420868474,28,713.0
1425.0,23,515.0,9.035087719298245,4.156961777140414,14,348.0,0.20689835888952005,9,335.0,0.35000547163048096,23,683.0
1430.0,16,435.0,8.055555555555555,5.330812826825671,11,302.0,0.26941968702078617,5,338.0,0.4604653108910254,16,640.0
1435.0,19,458.0,8.178571428571429,5.687532671432449,12,262.0,0.22351897264950973,7,364.0,0.40256803563376853,19,626.0
1440.0,24,230.0,4.035087719298246,5.184836009276432,19,303.0,0.0743554021403071,5,188.0,0.46428779236951534,24,491.0
1445.0,19,276.0,5.111111111111111,6.6269738301897005,14,316.0,0.21688039194227723,5,72.0,0.5460346387725288,19,388.0
1450.0,16,255.0,5.0,6.216983126617085,12,338.0,0.2683792664906766,4,29.0,0.37244104187566085,16,367.0
1455.0,18,329.0,6.854166666666667,6.34638218451891,14,369.0,0.23872909026476694,4,29.0,0.5372681209224677,18,398.0
1460.0,16,377.0,7.54,6.111100101352295,14,408.0,0.21257212029719902,2,37.0,0.5983901312073807,16,445.0
1465.0,15,429.0,8.58,7.356518590744271,13,439.0,0.2776997605053904,2,27.0,0.6846431514606426,15,466.0
1470.0,18,506.0,10.12,6.958565231933934,15,508.0,0.3017611651157774,3,35.0,0.5869766558777091,18,543.0
1475.0,17,461.0,8.865384615384615,5.938989845805542,12,489.0,0.3443623448010964,5,51.0,0.2466664787672484,17,540.0
1480.0,13,277.0,5.226415094339623,6.648848595303441,8,412.0,0.3570326093147694,5,67.0,0.40967464276556026,13,479.0
1485.0,13,230.0,4.035087719298246,6.0952609591843245,8,429.0,0.2784380326638322,5,70.0,0.4695065051480732,13,499.0
1490.0,16,303.0,5.410714285714286,6.7547955526949055,11,472.0,0.37045498562997875,5,97.0,0.5013602936010548,16,569.0
1495.0,17,282.0,5.127272727272727,6.00676361735689,12,514.0,0.3916580673088741,5,55.0,0.42911305232989155,17,569.0
1500.0,23,360.0,6.666666666666667,5.4726954201825855,16,541.0,0.3024037534754418,7,85.0,0.3673907492033286,23,626.0
1505.0,21,207.0,3.6315789473684212,5.1294757798812185,15,463.0,0.3009473976023053,6,86.0,0.25071809315054977,21,549.0
1510.0,20,270.0,4.576271186440678,6.606385158173082,17,477.0,0.2571921033202852,3,56.0,0.5396101629211368,20,533.0
1515.0,22,307.0,5.482142857142857,6.408040600529004,18,474.0,0.20088067267186466,4,72.0,0.5826161912537723,22,546.0
1520.0,23,290.0,5.178571428571429,5.629220212742136,16,405.0,0.20705996788757933,7,103.0,0.38110070546581715,23,508.0
1525.0,22,268.0,5.056603773584905,4.172414272372473,15,441.0,0.21419312324320938,7,110.0,0.27914893282213044,22,551.0
1530.0,26,361.0,6.9423076923076925,4.595349760048304,16,462.0,0.23824241023806084,10,156.0,0.3123287943129293,26,618.0
1535.0,30,417.0,7.581818181818182,4.008368270015596,20,546.0,0.18227759585812514,10,150.0,0.2608432240028467,30,696.0
1540.0,28,427.0,7.0,4.705982459149687,17,578.0,0.2513534857843171,11,157.0,0.32266413342524486,28,735.0
1545.0,24,395.0,6.370967741935484,5.101921347127249,12,522.0,0.3170251126519902,12,209.0,0.29036586896188277,24,731.0
1550.0,23,295.0,4.682539682539683,4.896449955789991,13,511.0,0.30180416706869023,10,208.0,0.3054491621704494,23,719.0
1555.0,22,247.0,3.9206349206349205,5.656377821729303,18,531.0,0.2710389707415293,4,134.0,0.41414774518131575,22,665.0
1560.0,25,270.0,4.354838709677419,5.689141222749343,20,512.0,0.24220125121669211,5,82.0,0.4989344055298601,25,594.0
1565.0,28,256.0,4.063492063492063,5.789622092734639,20,434.0,0.2131280213858543,8,87.0,0.43193721663513773,28,521.0
1570.0,20,227.0,3.661290322580645,5.305734081364631,15,426.0,0.21518264394611072,5,62.0,0.4375740520392981,20,488.0
1575.0,21,183.0,2.772727272727273,5.605032286480991,13,381.0,0.19009755941755455,8,84.0,0.3787523541716231,21,465.0
1580.0,24,264.0,4.061538461538461,6.364085214869053,16,383.0,0.2548658519524746,8,114.0,0.36878933556996624,24,497.0
1585.0,21,309.0,5.065573770491803,6.021375961676742,13,397.0,0.2683458637615843,8,132.0,0.3230357385171915,21,529.0
1590.0,23,397.0,7.218181818181818,5.930913586052183,16,460.0,0.1928830726164689,7,131.0,0.41732744869502253,23,591.0
1595.0,26,361.0,6.9423076923076925,4.3088430986345925,19,487.0,0.08575716742265992,7,106.0,0.32983324888191834,26,593.0
1600.0,24,380.0,7.169811320754717,5.274087394728626,16,497.0,0.24114778902691236,8,133.0,0.3956347481699009,24,630.0
1605.0,22,370.0,7.115384615384615,5.004262379267308,16,523.0,0.3545039669877411,6,74.0,0.32790903868532956,22,597.0
1610.0,20,399.0,7.0,5.723008413030382,15,548.0,0.3432065451479038,5,60.0,0.4434276874794779,20,608.0
1615.0,19,423.0,7.05,5.76900184168147,14,572.0,0.294183888577549,5,63.0,0.4585228667904013,19,635.0
1620.0,18,407.0,6.783333333333333,6.6613268443318425,15,537.0,0.2917733514496931,3,59.0,0.538490141278529,18,596.0
1625.0,22,272.0,4.689655172413793,5.905381410499979,16,425.0,0.16585887837711877,6,85.0,0.4220550432170304,22,510.0
1630.0,22,253.0,4.6,5.33505860659079,18,447.0,0.07747563604198328,4,72.0,0.47164732092073824,22,519.0
1635.0,21,310.0,5.961538461538462,4.476452768333388,15,495.0,0.11204275040256323,6,56.0,0.3402199508717281,21,551.0
1640.0,19,306.0,5.884615384615385,5.007575546182299,15,506.0,0.1454467297803379,4,48.0,0.39698598768561105,19,554.0
1645.0,19,270.0,4.909090909090909,5.584583406890293,15,500.0,0.2518328876006237,4,36.0,0.3955123486089565,19,536.0
1650.0,21,325.0,5.803571428571429,6.476112148510959,15,508.0,0.30685790854069195,6,50.0,0.5298171604360425,21,558.0
1655.0,20,389.0,7.203703703703703,6.202240058133406,13,508.0,0.3712820458221285,7,83.0,0.45088037680568505,20,591.0
1660.0,17,321.0,5.5344827586206895,5.284736280297032,12,436.0,0.31583137041953213,5,80.0,0.37415814222621324,17,516.0
1665.0,15,154.0,2.6551724137931036,5.723748504200438,11,384.0,0.3254369004289236,4,38.0,0.41962489453484864,15,422.0
1670.0,21,135.0,2.3275862068965516,5.518309256202434,14,297.0,0.2961966906378828,7,56.0,0.36477632251888253,21,353.0
1675.0,26,202.0,3.3114754098360657,5.035444276279905,18,350.0,0.1898582390702866,8,74.0,0.401937226518798,26,424.0
1680.0,29,304.0,4.75,5.002058019517971,21,414.0,0.18181625286635425,8,100.0,0.4216645445383419,29,514.0
1685.0,28,393.0,6.338709677419355,4.985705998935666,21,434.0,0.20589122257385992,7,116.0,0.4540391010247225,28,550.0
1690.0,29,450.0,7.5,5.119950782426626,20,448.0,0.18420879700789347,9,155.0,0.5044375679558966,29,603.0
1695.0,26,479.0,7.484375,4.512891705727823,16,457.0,0.19143863919912066,10,200.0,0.3707400345948492,26,657.0
1700.0,26,495.0,7.734375,4.607650438951245,16,476.0,0.20769869068949756,10,218.0,0.35862164996197415,26,694.0
1705.0,27,381.0,5.7727272727272725,5.063322809472572,17,460.0,0.23700862721959387,10,195.0,0.3800710278638203,27,655.0
1710.0,26,280.0,4.242424242424242,4.770211299398367,15,443.0,0.2742337129011311,11,206.0,0.28033060085300354,26,649.0
1715.0,33,303.0,4.455882352941177,4.271501195311479,18,463.0,0.2527255606439421,15,216.0,0.23512837154443186,33,679.0
1720.0,37,393.0,5.535211267605634,4.4389338436614105,22,516.0,0.24984709286923365,15,263.0,0.27302510678461206,37,779.0
1725.0,38,513.0,7.225352112676056,4.61104282297622,22,583.0,0.2743227308247503,16,310.0,0.31966196562158594,38,893.0
1730.0,36,553.0,7.788732394366197,3.89815171076896,21,623.0,0.21485559328447937,15,337.0,0.2641039026821719,36,960.0
1735.0,34,561.0,7.684931506849315,4.3676296129332055,21,649.0,0.09604227977637333,13,312.0,0.37996385769596247,34,961.0
1740.0,31,572.0,7.626666666666667,4.5553766729462035,18,613.0,0.1617721698567373,13,317.0,0.23896721240474678,31,930.0
1745.0,33,647.0,8.743243243243244,4.71560551945455,18,624.0,0.2717886572328892,15,292.0,0.11352602428270381,33,916.0
1750.0,33,729.0,10.414285714285715,4.422941165861876,14,658.0,0.3205139350509404,19,333.0,0.08479183292021633,33,991.0
1755.0,33,838.0,11.971428571428572,4.355000632968975,17,719.0,0.22656008360913002,16,346.0,0.1803556622330872,33,1065.0
1760.0,32,852.0,12.0,4.796543486699185,18,761.0,0.2128274554366164,14,358.0,0.2723849631943623,32,1119.0
1765.0,35,985.0,13.873239436619718,5.7153155028211335,21,815.0,0.25557794488870916,14,390.0,0.38236549844121376,35,1205.0
1770.0,31,923.0,13.984848484848484,4.551154153507641,18,882.0,0.26497276112262,13,352.0,0.31516051399491773,31,1234.0
1775.0,31,960.0,14.328358208955224,5.192841993330149,18,923.0,0.2572275935529979,13,284.0,0.2991781709705722,31,1207.0
1780.0,32,864.0,13.5,3.884208915675739,16,877.0,0.19452790387585017,16,308.0,0.13806731691186772,32,1185.0
1785.0,29,565.0,8.308823529411764,5.482637542586296,16,744.0,0.2276122468409951,13,313.0,0.24283642362159671,29,1057.0
1790.0,26,420.0,6.461538461538462,5.635627388873995,10,612.0,0.19403857660911494,16,359.0,0.30199351829114685,26,971.0
1795.0,21,417.0,6.725806451612903,5.66983391733779,9,636.0,0.1740855177563576,12,380.0,0.3765300060968384,21,1016.0
1800.0,23,495.0,8.53448275862069,5.502869354209404,11,658.0,0.22126236973754568,12,388.0,0.3207024010103044,23,1046.0
1805.0,27,464.0,8.436363636363636,4.2937071827283555,13,611.0,0.1854525953960129,14,346.0,0.15040354398861053,27,957.0
1810.0,23,419.0,6.983333333333333,5.634505024135933,10,494.0,0.3461015388870941,13,286.0,0.1721792324009558,23,780.0
1815.0,23,523.0,9.339285714285714,5.630054690880337,10,393.0,0.43241427885940326,13,324.0,0.26464016317089595,23,717.0
1820.0,27,649.0,11.589285714285714,5.349456452471306,12,373.0,0.384474396856389,15,346.0,0.31740060734751396,27,719.0
1825.0,27,652.0,11.43859649122807,3.651030039595752,13,405.0,0.26030829853784093,14,341.0,0.2579071449941639,27,746.0
1830.0,27,679.0,11.131147540983607,4.310224785472025,13,432.0,0.24905938375395745,14,310.0,0.27929906893855333,27,742.0
1835.0,27,452.0,6.953846153846154,4.420605217713288,12,351.0,0.2979870425782825,15,309.0,0.22204252692577883,27,660.0
1840.0,24,433.0,6.661538461538462,5.674400522633572,13,316.0,0.32287382973366935,11,251.0,0.3157553917964937,24,567.0
1845.0,25,496.0,7.873015873015873,4.500415520888502,14,369.0,0.22178371325152194,11,260.0,0.29702504027543697,25,629.0
1850.0,29,604.0,9.151515151515152,4.411071536258028,13,417.0,0.30968325824502874,16,278.0,0.1520389507262419,29,695.0
1855.0,31,642.0,9.441176470588236,3.7570354175748264,13,427.0,0.2785206490935329,18,316.0,0.10121325482549673,31,743.0
1860.0,25,666.0,9.123287671232877,5.67821539045119,14,449.0,0.32825951997350417,11,329.0,0.28520620823560405,25,778.0
1865.0,26,711.0,10.157142857142857,5.566504523895411,18,515.0,0.26340682970681273,8,296.0,0.37224091758502637,26,811.0
1870.0,36,872.0,12.457142857142857,4.829930434099807,23,610.0,0.18095059516817263,13,331.0,0.33237811724389205,36,941.0
1875.0,38,950.0,14.17910447761194,3.325556781939601,23,663.0,0.1323064827695513,15,382.0,0.2793837943819036,38,1045.0
1880.0,30,1026.0,15.784615384615385,3.7639250003513154,18,696.0,0.1394519003346186,12,402.0,0.2826169614989399,30,1098.0
1885.0,29,555.0,8.409090909090908,3.988632716139194,18,564.0,0.12433334355141819,11,296.0,0.2949627689037448,29,860.0
1890.0,29,517.0,7.602941176470588,5.267226869746953,19,478.0,0.21816702874001226,10,194.0,0.3496446673417958,29,672.0
1895.0,28,413.0,6.257575757575758,4.751063764718331,17,487.0,0.26418353920844917,11,194.0,0.3381893537278852,28,681.0
1900.0,24,254.0,3.791044776119403,4.98051508493538,11,398.0,0.2778783879565855,13,178.0,0.27590507069104225,24,576.0
1905.0,24,251.0,3.535211267605634,4.365367545060532,10,395.0,0.2594059435617933,14,213.0,0.2054236430350286,24,608.0
1910.0,25,269.0,3.788732394366197,5.581388761570091,15,371.0,0.19874600732122188,10,229.0,0.3911438018569558,25,600.0
1915.0,29,299.0,4.333333333333333,4.577222291157268,19,375.0,0.09578651592839786,10,242.0,0.38580429714018544,29,617.0
1920.0,36,424.0,5.888888888888889,5.175386916058518,21,414.0,0.21046958275394514,15,274.0,0.37426037829505665,36,688.0
1925.0,38,498.0,7.014084507042254,3.922988655795481,19,418.0,0.2544793254348211,19,318.0,0.2613889759452811,38,736.0
1930.0,31,451.0,6.352112676056338,4.387873236291897,12,346.0,0.2842079641791678,19,359.0,0.24265966849012702,31,705.0
1935.0,29,408.0,5.828571428571428,3.9052294905750378,9,310.0,0.34346897204160676,20,389.0,0.10596342709225931,29,699.0
1940.0,32,521.0,7.442857142857143,4.586796106503132,11,287.0,0.302156782649539,21,401.0,0.1616335699483547,32,688.0
1945.0,28,415.0,5.763888888888889,4.385378513581087,8,225.0,0.30891728335259117,20,429.0,0.16923074153539547,28,654.0
1950.0,27,315.0,4.5,4.848036304794441,13,237.0,0.23603564293674675,14,368.0,0.2301191080738708,27,605.0
1955.0,26,302.0,4.314285714285714,4.933542939188228,16,284.0,0.18987482529789954,10,370.0,0.3011690655055752,26,654.0
1960.0,23,351.0,5.161764705882353,4.830778957627209,10,296.0,0.27749004676643646,13,393.0,0.20552179890459027,23,689.0
1965.0,24,270.0,4.090909090909091,4.34827561279204,8,251.0,0.33688355148178617,16,402.0,0.14501497996466076,24,653.0
1970.0,26,342.0,5.181818181818182,4.687299956189317,13,237.0,0.22606061619768425,13,357.0,0.19984078363486832,26,594.0
1975.0,27,353.0,5.268656716417911,3.9003214738740897,15,277.0,0.15936094928122943,12,351.0,0.16161414549553024,27,628.0
1980.0,29,347.0,5.17910447761194,4.475652247769153,13,303.0,0.21324700095679724,16,334.0,0.19880213040121042,29,637.0
1985.0,27,374.0,5.84375,4.322589261521309,10,306.0,0.32613089804746714,17,351.0,0.13475049638565562,27,657.0
1990.0,25,423.0,6.82258064516129,4.709605066896853,14,313.0,0.21392440824378905,11,326.0,0.21577900515025963,25,639.0
1995.0,29,329.0,5.39344262295082,4.099261584617661,18,289.0,0.12327169834561663,11,328.0,0.2587308718796608,29,617.0
2000.0,30,398.0,6.317460317460317,5.193284710018694,19,288.0,0.22645787848956134,11,338.0,0.34148831389960593,30,626.0
2005.0,29,328.0,5.125,4.556692558068622,18,313.0,0.24619038510454924,11,288.0,0.2848890002826323,29,601.0
2010.0,24,246.0,3.727272727272727,5.237315571072469,10,264.0,0.29690885596826233,14,263.0,0.2830416807362799,24,527.0
2015.0,21,314.0,4.757575757575758,6.389893767618742,5,205.0,0.4553149018716236,16,332.0,0.24123435607347674,21,537.0
2020.0,19,273.0,4.265625,5.5515442211317545,5,167.0,0.3413991797980596,14,342.0,0.20583705047428463,19,509.0
2025.0,21,245.0,4.016393442622951,4.946818826356582,13,169.0,0.187061227770722,8,300.0,0.319567749959927,21,469.0
2030.0,27,283.0,4.564516129032258,4.056356113284186,19,216.0,0.12602668825547045,8,273.0,0.28304946112666696,27,489.0
2035.0,33,395.0,6.370967741935484,4.609755781601252,17,287.0,0.26577723067324094,16,335.0,0.28473862412666234,33,622.0
2040.0,30,456.0,7.238095238095238,4.282042622793789,15,304.0,0.2576116869565637,15,387.0,0.30715209020887413,30,691.0
2045.0,28,445.0,7.17741935483871,4.027551272740076,11,269.0,0.22468174158823975,17,465.0,0.26166373650633257,28,734.0
2050.0,26,402.0,6.28125,4.123524058442916,8,209.0,0.24185685660599732,18,488.0,0.17680082706660727,26,697.0
2055.0,23,351.0,5.318181818181818,4.684336929427494,12,237.0,0.21121553643566515,11,455.0,0.20492631993705196,23,692.0
2060.0,26,385.0,5.923076923076923,5.406301235867555,15,255.0,0.2155928394744106,11,413.0,0.30572593577934004,26,668.0
2065.0,22,436.0,7.389830508474576,5.286284664258207,15,269.0,0.1543757601751674,7,399.0,0.3528451432636051,22,668.0
2070.0,24,484.0,8.203389830508474,4.9758012852582105,15,280.0,0.17521454148178475,9,416.0,0.3471449445154246,24,696.0
2075.0,18,449.0,8.314814814814815,5.039612934765324,5,206.0,0.34143644261632655,13,475.0,0.1809530349008909,18,681.0
2080.0,18,472.0,8.90566037735849,4.952392900245422,5,181.0,0.438654736968693,13,502.0,0.1190301083375921,18,683.0
2085.0,18,510.0,9.444444444444445,5.456676298769851,10,205.0,0.2825839114299108,8,499.0,0.27074492861496374,18,704.0
2090.0,21,553.0,10.054545454545455,5.990028479759948,13,216.0,0.1797665912961248,8,519.0,0.39500955500194984,21,735.0
2095.0,21,542.0,9.854545454545455,6.158012862272551,14,285.0,0.21991777000976603,7,465.0,0.31402568911708173,21,750.0
2100.0,23,579.0,10.527272727272727,5.967766662938996,13,288.0,0.319074408581128,10,480.0,0.2175724850015043,23,768.0
2105.0,14,301.0,5.901960784313726,6.2482699937394885,5,182.0,0.49498559874568093,9,373.0,0.09693925624337539,14,555.0
2110.0,13,183.0,3.8125,7.369119533180009,6,138.0,0.5265611114845863,7,164.0,0.24313162135797037,13,302.0
2115.0,13,246.0,5.23404255319149,7.8906000482307705,7,146.0,0.46276889939974836,6,132.0,0.4411026181229989,13,278.0
2120.0,16,315.0,7.0,6.557132585132715,10,182.0,0.3136212735279691,6,154.0,0.3657678246810177,16,336.0
2125.0,18,400.0,9.090909090909092,6.8709045131339535,10,228.0,0.39800845231195436,8,190.0,0.3602948524646858,18,418.0
2130.0,15,394.0,8.755555555555556,5.287373348773375,8,236.0,0.3666520165448955,7,205.0,0.20790631779900734,15,441.0
2135.0,17,474.0,11.285714285714286,6.036941662150294,10,266.0,0.37696982398116563,7,232.0,0.3422488917786696,17,498.0
2140.0,18,330.0,7.5,5.306471119836331,12,253.0,0.30403743843499276,6,166.0,0.4247038931413426,18,419.0
2145.0,16,320.0,7.111111111111111,6.022388175783778,11,286.0,0.23964157486383153,5,101.0,0.48040859924434304,16,387.0
2150.0,15,291.0,6.466666666666667,5.7243144091222575,11,305.0,0.14122804299821154,4,95.0,0.4674945010042571,15,400.0
2155.0,14,310.0,6.888888888888889,6.162452234952483,7,285.0,0.2943820548809483,7,114.0,0.3259516779833326,14,399.0
2160.0,12,159.0,3.382978723404255,6.007999360014353,6,214.0,0.3989865312183551,6,109.0,0.3332013835536071,12,323.0
2165.0,13,103.0,2.1020408163265305,7.044599707213356,6,110.0,0.4726715171500955,7,113.0,0.42520483811491844,13,223.0
2170.0,11,89.0,1.816326530612245,6.559442907039355,7,125.0,0.3732036831813302,4,66.0,0.5403796799777371,11,191.0
2175.0,17,150.0,2.7777777777777777,6.440978357176704,13,171.0,0.25186070674723965,4,52.0,0.5350058942793666,17,223.0
2180.0,13,143.0,2.6481481481481484,5.770948037338687,9,172.0,0.1585869306969591,4,63.0,0.5325867652794437,13,235.0
2185.0,16,151.0,2.6491228070175437,6.308505876532771,7,142.0,0.3136756312682881,9,96.0,0.42785583898336865,16,238.0
2190.0,20,156.0,2.736842105263158,5.6427700858398335,8,162.0,0.34164753426946864,12,104.0,0.26773715996547964,20,266.0
2195.0,26,257.0,4.589285714285714,4.896331968013462,11,206.0,0.37226062834352674,15,147.0,0.1875324456321367,26,353.0
2200.0,26,296.0,5.285714285714286,4.499196093617228,10,224.0,0.297358622863528,16,186.0,0.2430852649914135,26,410.0
2205.0,25,356.0,6.592592592592593,4.8523828036844865,12,239.0,0.28282746218620214,13,223.0,0.2754284903947179,25,462.0
2210.0,24,345.0,6.160714285714286,4.419772566132924,12,214.0,0.27454528780799314,12,253.0,0.18515494028845964,24,467.0
2215.0,25,349.0,6.12280701754386,5.558667594235847,9,185.0,0.4083102098167055,16,308.0,0.17792340402187315,25,493.0
2220.0,23,290.0,5.2727272727272725,4.931289008270558,9,168.0,0.3569216310675503,14,314.0,0.21145722420685473,23,482.0
2225.0,19,252.0,4.846153846153846,4.936286713556171,10,183.0,0.30846954055558207,9,233.0,0.28486704845729227,19,416.0
2230.0,23,252.0,4.754716981132075,3.7756027164769206,13,204.0,0.15393696512865862,10,218.0,0.25389333198140174,23,422.0
2235.0,20,243.0,4.2631578947368425,5.233603125632257,9,197.0,0.29425334292914546,11,209.0,0.3018569676043157,20,406.0
2240.0,17,178.0,3.1228070175438596,5.518201041875405,7,180.0,0.34576974124843307,10,193.0,0.31344455305741376,17,373.0
2245.0,25,280.0,4.827586206896552,5.585143962665086,10,208.0,0.3703116497025936,15,228.0,0.2712861097330552,25,436.0
2250.0,26,291.0,4.770491803278689,4.688090731526694,11,220.0,0.2637587976051515,15,233.0,0.2892498537612476,26,453.0
2255.0,21,294.0,4.819672131147541,5.805295687979477,12,210.0,0.24000704914576704,9,207.0,0.4073095062820228,21,417.0
2260.0,20,280.0,4.745762711864407,5.617271927124797,11,230.0,0.2733825376286627,9,213.0,0.3516456424893569,20,443.0
2265.0,24,294.0,4.9,4.738278082832954,8,205.0,0.28863045555137334,16,223.0,0.17195885067496952,24,428.0
2270.0,30,375.0,6.147540983606557,3.5702725866542426,12,225.0,0.2545728487452326,18,270.0,0.08571451674300798,30,495.0
2275.0,23,388.0,6.576271186440678,5.049077600495864,10,257.0,0.3533745249700303,13,294.0,0.2339541412934954,23,551.0
2280.0,18,330.0,5.32258064516129,4.338406222110363,7,245.0,0.2546242850041643,11,261.0,0.2646510089746041,18,506.0
2285.0,23,377.0,6.080645161290323,5.84418938169553,10,272.0,0.3757582830920496,13,242.0,0.29798976197310345,23,514.0
2290.0,24,285.0,4.523809523809524,5.600617152379478,9,160.0,0.33535229857706567,15,277.0,0.27623774965693687,24,437.0
2295.0,20,340.0,5.230769230769231,6.320481625186358,10,183.0,0.3469080561608482,10,257.0,0.2858929032642872,20,440.0
2300.0,22,392.0,6.222222222222222,6.298059724682179,8,194.0,0.1716724779205847,14,278.0,0.3845894941227011,22,472.0
2305.0,22,419.0,6.868852459016393,5.965791899268258,12,199.0,0.15306942848900837,10,295.0,0.35095485680654803,22,494.0
2310.0,20,460.0,7.540983606557377,6.1437883013942205,11,227.0,0.24064798130218637,9,299.0,0.3970665994709006,20,526.0
2315.0,19,420.0,7.0,6.4201089236075095,6,226.0,0.46848423682804463,13,303.0,0.2487758483198566,19,529.0
2320.0,21,406.0,6.766666666666667,6.28125214903548,7,245.0,0.5161512696374053,14,267.0,0.16767016359746714,21,512.0
2325.0,20,417.0,6.619047619047619,5.649484515474414,8,241.0,0.4273346261981953,12,305.0,0.15067676710616215,20,546.0
2330.0,24,491.0,8.614035087719298,5.765238744729995,13,293.0,0.3543588942413095,11,322.0,0.3202642850213079,24,615.0
2335.0,23,535.0,9.553571428571429,5.250022919717089,13,306.0,0.23145193594620614,10,335.0,0.3707355904071566,23,641.0
2340.0,24,618.0,10.3,5.500075145981792,13,340.0,0.22612560775812385,11,340.0,0.366171124825861,24,680.0
2345.0,27,570.0,10.178571428571429,5.391884854359112,14,406.0,0.2982487285301168,13,283.0,0.32281410967629837,27,689.0
2350.0,27,476.0,8.067796610169491,5.253700645124636,14,389.0,0.281462046325867,13,212.0,0.26887008283426406,27,601.0
2355.0,24,382.0,6.262295081967213,4.601927593499346,11,273.0,0.33724001443087126,13,246.0,0.22661585989688746,24,519.0
2360.0,23,332.0,5.627118644067797,4.9024873615038596,12,271.0,0.28618510903384536,11,245.0,0.3210118698635344,23,516.0
2365.0,21,319.0,5.406779661016949,5.258271758231317,11,220.0,0.33061867207368406,10,263.0,0.30204517184778906,21,483.0
2370.0,23,351.0,5.4,5.195063472867435,11,234.0,0.3023554907884215,12,282.0,0.3068660487791803,23,516.0
2375.0,29,441.0,6.211267605633803,5.4914285765339965,16,290.0,0.3511607684839206,13,317.0,0.3455434681893174,29,607.0
2380.0,26,451.0,6.536231884057971,5.736309421185431,16,310.0,0.3357673571041954,10,334.0,0.4325525044366508,26,644.0
2385.0,25,328.0,4.96969696969697,5.059637916351728,15,315.0,0.21191452311331496,10,261.0,0.339469549056819,25,576.0
2390.0,32,348.0,5.1940298507462686,4.240130426250361,20,338.0,0.10925554140696635,12,187.0,0.2467950965468623,32,525.0
2395.0,31,353.0,5.603174603174603,4.209902793133529,20,335.0,0.18561147459433408,11,181.0,0.173335513252735,31,516.0
2400.0,30,369.0,5.857142857142857,4.260951720686602,18,361.0,0.21293518664678837,12,202.0,0.1959073424957608,30,563.0
2405.0,23,327.0,5.45,4.509252965474422,13,326.0,0.2362806067860947,10,202.0,0.2836409316737405,23,528.0
2410.0,27,373.0,6.114754098360656,4.687983892556031,16,360.0,0.19469833962253896,11,214.0,0.2978703115435605,27,574.0
2415.0,25,276.0,4.451612903225806,4.635751792985824,16,376.0,0.1991552662631228,9,211.0,0.33386296186810493,25,587.0
2420.0,24,331.0,5.516666666666667,4.889583137706353,17,411.0,0.15104026702640183,7,164.0,0.4085872069353863,24,575.0
2425.0,19,319.0,5.696428571428571,5.050088558122705,13,432.0,0.21010899792478213,6,141.0,0.3376988605365045,19,573.0
2430.0,21,363.0,5.950819672131147,5.074323328490521,14,461.0,0.19579036518641907,7,108.0,0.32879612365926775,21,569.0
2435.0,27,444.0,7.278688524590164,5.158076985305007,18,473.0,0.22587567675379105,9,141.0,0.27551710606288815,27,614.0
2440.0,28,385.0,6.416666666666667,4.911703793166441,19,463.0,0.2452732729114417,9,168.0,0.350178431210252,28,631.0
2445.0,25,394.0,6.793103448275862,4.84430214355642,16,425.0,0.293356166650823,9,185.0,0.3691772170868464,25,610.0
2450.0,27,402.0,6.813559322033898,4.853151903821924,19,428.0,0.21562871824255314,8,169.0,0.3906760371777072,27,597.0
2455.0,27,481.0,7.885245901639344,5.429038789140859,19,409.0,0.17109476991601336,8,208.0,0.43952489094901415,27,617.0
2460.0,26,482.0,7.650793650793651,5.293469330378253,19,434.0,0.0931592706783127,7,218.0,0.5062289973626001,26,652.0
2465.0,22,369.0,5.951612903225806,5.209880858924599,12,369.0,0.2077434678570949,10,260.0,0.3519157265057767,22,629.0
2470.0,21,394.0,6.354838709677419,5.241580829477603,8,347.0,0.33415111871304654,13,311.0,0.21114821788570332,21,658.0
2475.0,24,477.0,7.819672131147541,5.5399832778614435,13,382.0,0.2874943018011929,11,349.0,0.24773781145686968,24,731.0
2480.0,26,421.0,7.016666666666667,4.7612226999608644,15,414.0,0.21787584063830048,11,324.0,0.30301759737660133,26,738.0
2485.0,28,522.0,8.7,5.932881112829884,17,480.0,0.2622500463716053,11,306.0,0.42265901528324706,28,786.0
2490.0,25,404.0,6.8474576271186445,4.625683852503005,14,478.0,0.2558519068502957,11,248.0,0.3193663708370264,25,726.0
2495.0,23,344.0,5.830508474576271,5.004873017438453,8,378.0,0.27546370878661874,15,169.0,0.2697512208273238,23,547.0
2500.0,21,342.0,5.60655737704918,5.133707273164348,7,384.0,0.3301226223849541,14,203.0,0.24927790051644816,21,587.0
2505.0,23,388.0,6.158730158730159,5.1185883457557475,13,418.0,0.1973114262801243,10,200.0,0.33879058113699023,23,618.0
2510.0,24,386.0,6.225806451612903,4.901399936520188,15,408.0,0.18272711345748813,9,188.0,0.3261407453575202,24,596.0
2515.0,23,420.0,6.5625,5.315272325880839,8,365.0,0.3172170333189043,15,198.0,0.17558727002679933,23,563.0
2520.0,23,240.0,3.9344262295081966,4.958698401292229,7,219.0,0.3471091085828395,16,242.0,0.11038868551080436,23,461.0
2525.0,25,272.0,4.459016393442623,5.408322449213716,15,130.0,0.2672547489662837,10,248.0,0.20518759301649314,25,378.0
2530.0,21,216.0,3.6,4.919477230684011,14,167.0,0.24614905066093834,7,195.0,0.22972642691213185,21,362.0
2535.0,15,187.0,3.169491525423729,6.839479746721609,8,155.0,0.3673928912718533,7,143.0,0.3604654357869228,15,298.0
2540.0,17,180.0,3.0,6.464105411440225,10,170.0,0.3695835473847115,7,147.0,0.3230432788630561,17,317.0
2545.0,20,234.0,4.178571428571429,6.259407223885534,14,189.0,0.2175493193010866,6,146.0,0.45465299459723546,20,335.0
2550.0,24,240.0,4.285714285714286,5.190461693175389,17,256.0,0.1598052408775015,7,127.0,0.40759411608934365,24,383.0
2555.0,28,370.0,6.607142857142857,5.2500831649487845,21,350.0,0.20291666707759579,7,124.0,0.3902975815040443,28,474.0
2560.0,26,411.0,7.472727272727273,4.446304837249249,17,381.0,0.20356037492435397,9,159.0,0.3586940172379136,26,540.0
2565.0,21,394.0,6.912280701754386,5.442722537802091,13,339.0,0.27646960533180626,8,174.0,0.3071690316487028,21,513.0
2570.0,23,343.0,6.236363636363636,5.238162924275748,12,311.0,0.27774712646918603,11,215.0,0.13566253017285318,23,526.0
2575.0,20,299.0,5.067796610169491,6.041854340786706,13,255.0,0.17887492780530598,7,202.0,0.40972676593843727,20,457.0
2580.0,20,353.0,6.537037037037037,5.915104596607031,14,305.0,0.18972185987495052,6,175.0,0.5392014293241721,20,480.0
2585.0,21,310.0,5.7407407407407405,5.905596929532432,16,353.0,0.23395400665940028,5,116.0,0.5074185341164519,21,469.0
2590.0,19,349.0,6.584905660377358,5.64645942349418,15,426.0,0.26771961272295336,4,60.0,0.42190988274787256,19,486.0
2595.0,23,417.0,7.446428571428571,5.225381980240807,19,515.0,0.30232291741543144,4,48.0,0.3810408431006111,23,563.0
2600.0,24,414.0,7.392857142857143,5.148969033097999,16,503.0,0.31704094192995463,8,70.0,0.31881035783222733,24,573.0
2605.0,24,463.0,8.574074074074074,4.355855576938723,13,441.0,0.20158412572495318,11,118.0,0.2852377062312554,24,559.0
2610.0,25,450.0,7.758620689655173,3.892392639404056,15,441.0,0.13837032434872182,10,142.0,0.22173938347700345,25,583.0
2615.0,23,471.0,7.983050847457627,5.428815248975443,15,433.0,0.21337899216558479,8,129.0,0.316758225551215,23,562.0
2620.0,22,401.0,7.035087719298246,5.4581425788937885,17,435.0,0.22896628878817754,5,117.0,0.4019088846410792,22,552.0
2625.0,24,274.0,4.807017543859649,5.88284444800437,18,382.0,0.23200102531836025,6,141.0,0.5264440369847154,24,523.0
2630.0,23,317.0,5.87037037037037,5.31778097947135,18,355.0,0.26120215581719863,5,117.0,0.43322313318538996,23,472.0
2635.0,25,319.0,5.8,4.329526512068449,17,389.0,0.17941374921139042,8,79.0,0.3859934702204244,25,468.0
2640.0,26,283.0,4.716666666666667,4.194422951251211,16,368.0,0.19408799344626015,10,92.0,0.2999227191585419,26,460.0
2645.0,27,334.0,5.21875,5.2265309694297235,15,363.0,0.2536183636227923,12,144.0,0.3158196071415361,27,507.0
2650.0,25,321.0,4.863636363636363,5.974891145199112,15,367.0,0.2933323344650663,10,149.0,0.37877409520815214,25,516.0
2655.0,26,316.0,4.9375,5.104169391671522,19,371.0,0.18701294785227168,7,114.0,0.40388878785502647,26,485.0
2660.0,25,340.0,5.3125,5.0736590252403815,17,396.0,0.2069297545779321,8,107.0,0.37730827121505617,25,503.0
2665.0,27,398.0,5.940298507462686,5.008923800578363,16,404.0,0.2467570430516187,11,145.0,0.31180183317804455,27,549.0
2670.0,25,384.0,5.647058823529412,5.430890315485684,11,380.0,0.3288122787598881,14,185.0,0.2637210475060762,25,565.0
2675.0,31,496.0,7.085714285714285,5.118912686468841,13,407.0,0.3643873464468098,18,263.0,0.11306296412842039,31,670.0
2680.0,29,557.0,7.736111111111111,4.85335235096348,15,443.0,0.2800114243401296,14,291.0,0.2225056003988934,29,734.0
2685.0,27,558.0,7.75,4.601634779643714,18,483.0,0.15285357937040614,9,263.0,0.38892596087881204,27,746.0
2690.0,26,485.0,7.028985507246377,4.837382269440991,19,487.0,0.13424273840844173,7,213.0,0.3856601128091785,26,700.0
2695.0,27,480.0,7.0588235294117645,4.955848769548093,15,475.0,0.23118051068726114,12,176.0,0.21995529057606528,27,651.0
2700.0,30,550.0,7.857142857142857,4.7377403308352,18,480.0,0.23098463317098222,12,193.0,0.2161656648610357,30,673.0
2705.0,28,592.0,8.579710144927537,5.152716319396524,18,528.0,0.2020386053390467,10,176.0,0.3293040901265435,28,704.0
2710.0,28,598.0,8.542857142857143,5.394669916838784,19,556.0,0.24021359002852008,9,146.0,0.3638358339026355,28,702.0
2715.0,30,663.0,9.208333333333334,5.456783871829256,18,602.0,0.1865380168523975,12,169.0,0.3767055803092789,30,771.0
2720.0,28,614.0,9.029411764705882,5.184626050240157,15,596.0,0.2679194837663957,13,173.0,0.30261123529975364,28,769.0
2725.0,28,366.0,5.630769230769231,5.063083805851002,14,423.0,0.2765929197175741,14,197.0,0.22992966995126005,28,620.0
2730.0,32,361.0,5.73015873015873,4.053221934070219,16,259.0,0.21665147163775958,16,243.0,0.17003851213281607,32,502.0
2735.0,38,455.0,7.0,3.708660290754934,20,283.0,0.16717282969403496,18,293.0,0.19335029195382547,38,576.0
2740.0,33,474.0,7.181818181818182,4.743126363923269,17,305.0,0.2565604177179278,16,322.0,0.28524183277808035,33,627.0
2745.0,26,359.0,5.698412698412699,4.528498668411005,16,312.0,0.2024552992651991,10,268.0,0.33307212712288226,26,580.0
2750.0,29,446.0,6.861538461538461,4.6943972918987145,19,340.0,0.15851473149537318,10,228.0,0.3460628375659034,29,568.0
2755.0,27,407.0,5.898550724637682,4.83334980371585,16,340.0,0.18462370579555645,11,223.0,0.3650822183704877,27,563.0
2760.0,21,279.0,3.9857142857142858,5.088648114391879,8,286.0,0.3069325449670977,13,225.0,0.24848120877179536,21,511.0
2765.0,21,277.0,3.9014084507042255,4.764979497643987,7,260.0,0.3606760484716102,14,265.0,0.21587630837604224,21,525.0
2770.0,26,359.0,4.917808219178082,4.7331238960252495,13,297.0,0.28012277211101344,13,304.0,0.2816644124462951,26,601.0
2775.0,31,280.0,3.58974358974359,4.557295200842145,19,347.0,0.229099560946445,12,262.0,0.29929377221783043,31,609.0
2780.0,37,364.0,4.55,5.197350570465663,20,408.0,0.3204789928249829,17,230.0,0.3036202315042723,37,638.0
2785.0,42,489.0,6.269230769230769,4.289478855959148,21,492.0,0.298703129047235,21,277.0,0.2290683310164144,42,769.0
2790.0,48,627.0,7.8375,2.9982557535662924,24,561.0,0.15656324095646462,24,360.0,0.21788300670384375,48,921.0
2795.0,55,813.0,9.795180722891565,2.521134649624522,30,658.0,0.137905592728287,25,440.0,0.1664020990448353,55,1098.0
2800.0,51,861.0,9.674157303370787,3.094577172413286,31,774.0,0.12345431937589561,20,458.0,0.22101408213028922,51,1232.0
2805.0,43,895.0,9.728260869565217,3.7931910053662103,28,901.0,0.18331994249441758,15,469.0,0.24307108989414053,43,1370.0
2810.0,41,901.0,9.385416666666666,4.203265548890896,26,899.0,0.18640686447854302,15,481.0,0.2674980118100385,41,1380.0
2815.0,43,522.0,5.381443298969073,4.109809567925715,22,759.0,0.24904507684137087,21,470.0,0.1747907759265431,43,1229.0
2820.0,40,329.0,3.4270833333333335,4.287350791110794,15,683.0,0.28700356385517173,25,450.0,0.1119491204885198,40,1133.0
2825.0,40,344.0,3.6989247311827955,4.013689944790355,11,684.0,0.23958332016345912,29,516.0,0.1390812349390044,40,1200.0
2830.0,38,352.0,3.8260869565217392,3.8472342299342035,18,651.0,0.16063716017107169,20,489.0,0.19495557622345583,38,1140.0
2835.0,32,367.0,4.0777777777777775,4.137385394861988,16,541.0,0.12376542214009474,16,426.0,0.19960340387806175,32,967.0
2840.0,27,364.0,4.183908045977011,5.0078714777548115,14,529.0,0.18588710736909023,13,408.0,0.27596276773040346,27,937.0
2845.0,24,346.0,3.9770114942528734,5.7170904856000115,12,500.0,0.23887573073838905,12,409.0,0.3408597093909827,24,909.0
2850.0,32,361.0,4.45679012345679,4.202779014598852,19,489.0,0.17209288717176144,13,416.0,0.2073587516694603,32,905.0
2855.0,37,477.0,6.36,3.8785986393313974,17,428.0,0.22323816451020645,20,458.0,0.1452077067182024,37,886.0
2860.0,31,546.0,7.184210526315789,3.605816740782777,12,436.0,0.21105917841241417,19,501.0,0.15462757791820553,31,937.0
2865.0,28,576.0,7.68,4.333492596075948,14,468.0,0.17738969237615443,14,498.0,0.2483213181627806,28,966.0
2870.0,32,570.0,7.5,4.051921970838575,18,481.0,0.09387765492767955,14,444.0,0.29400267635577965,32,925.0
2875.0,32,663.0,8.5,4.174385893476496,13,446.0,0.22688689760110123,19,486.0,0.1676409585707474,32,932.0
2880.0,32,769.0,10.391891891891891,4.545900302487279,10,436.0,0.4225621447860837,22,534.0,0.1402570295292658,32,970.0
2885.0,30,860.0,11.621621621621621,4.934266610086316,10,474.0,0.35516146353927847,20,550.0,0.22096831775711331,30,1024.0
2890.0,32,632.0,9.028571428571428,3.562272956241322,17,485.0,0.20493122033513725,15,483.0,0.19760589270027656,32,968.0
2895.0,34,682.0,9.472222222222221,4.10103741350975,17,477.0,0.2108647670611962,17,441.0,0.21905544315485298,34,918.0
2900.0,39,719.0,9.849315068493151,3.770027828071977,18,515.0,0.23174695504041978,21,471.0,0.18425020598475747,39,986.0
2905.0,37,679.0,9.430555555555555,3.77934053939871,16,532.0,0.29968175992184864,21,481.0,0.07266230119059286,37,1013.0
2910.0,36,463.0,6.256756756756757,3.763026343895793,15,432.0,0.29708864290085524,21,519.0,0.056709937429284964,36,951.0
2915.0,33,387.0,5.608695652173913,4.3435397740385895,19,278.0,0.2597932408102604,14,492.0,0.21918625873265124,33,770.0
2920.0,36,466.0,6.852941176470588,4.286380166064688,24,322.0,0.1408600531312191,12,477.0,0.30227824035668593,36,799.0
2925.0,31,513.0,7.7727272727272725,4.255752565839605,20,402.0,0.07600155476410009,11,457.0,0.27656219681718125,31,859.0
2930.0,32,558.0,9.0,3.7028237233051975,21,454.0,0.09796126638583255,11,397.0,0.2874435620784496,32,851.0
2935.0,30,476.0,7.4375,3.9822529009511847,15,451.0,0.20996494847784086,15,400.0,0.21244953607303715,30,851.0
2940.0,30,451.0,7.274193548387097,4.0572516716953935,14,422.0,0.15399437076840655,16,378.0,0.2889938928390234,30,800.0
2945.0,29,455.0,7.338709677419355,4.258681178002622,15,414.0,0.17568260028753324,14,406.0,0.26061204593540965,29,820.0
2950.0,27,473.0,7.507936507936508,4.053704405812243,17,441.0,0.11424334794250171,10,378.0,0.2653104236032796,27,819.0
2955.0,23,505.0,8.559322033898304,4.883123276056791,13,429.0,0.21029187752402498,10,341.0,0.2925425168647043,23,770.0
2960.0,22,596.0,10.456140350877194,5.873990660567627,11,450.0,0.2834226676128654,11,350.0,0.27550773188753686,22,800.0
2965.0,27,648.0,11.368421052631579,4.649274132695683,11,447.0,0.27483603749411484,16,416.0,0.18617913607204722,27,863.0
2970.0,29,714.0,12.310344827586206,4.939167613864894,12,398.0,0.338226151690766,17,502.0,0.2422955605386591,29,900.0
2975.0,26,508.0,8.610169491525424,4.508037962232005,11,408.0,0.2872608238150557,15,419.0,0.2710749422761335,26,827.0
2980.0,28,580.0,9.508196721311476,4.854596132020852,14,397.0,0.2562868818510929,14,310.0,0.298759197314023,28,707.0
2985.0,30,602.0,9.261538461538462,4.341176764030981,14,435.0,0.26047834773636674,16,342.0,0.27951381825631066,30,777.0
2990.0,27,584.0,8.588235294117647,5.415529692160398,12,435.0,0.35182131641952374,15,347.0,0.289069674673209,27,782.0
2995.0,25,340.0,5.0,4.586036408057775,9,310.0,0.3597105494039013,16,345.0,0.17005742992672895,25,655.0
3000.0,24,220.0,3.235294117647059,4.761235473348861,12,226.0,0.28304963941483974,12,277.0,0.21728639544400027,24,503.0
3005.0,29,295.0,4.214285714285714,4.299182309053615,15,261.0,0.1761180662862726,14,289.0,0.249248050891975,29,550.0
3010.0,24,332.0,4.676056338028169,5.535958986662045,9,258.0,0.290780254676197,15,320.0,0.28016713209421623,24,578.0
3015.0,24,312.0,4.588235294117647,5.171366819174888,9,192.0,0.3022530479860273,15,339.0,0.22103791915334858,24,531.0
3020.0,27,368.0,5.492537313432836,4.382995828896417,13,176.0,0.15955625719694405,14,353.0,0.20089029462245386,27,529.0
3025.0,30,323.0,4.969230769230769,4.345918298107384,16,206.0,0.08601176268071165,14,337.0,0.2721936796955818,30,543.0
3030.0,35,437.0,6.522388059701493,5.053543026379968,16,274.0,0.2530644271747149,19,324.0,0.26135057350624863,35,598.0
3035.0,33,488.0,7.746031746031746,4.319977321464379,13,295.0,0.326985055000917,20,385.0,0.20433410408263133,33,680.0
3040.0,25,414.0,6.369230769230769,4.49155568882523,5,233.0,0.34545354479725293,20,433.0,0.17489802355742695,25,666.0
3045.0,22,377.0,5.712121212121212,4.297828680791256,3,175.0,0.3545743644968413,19,472.0,0.15783921013420027,22,647.0
3050.0,24,361.0,5.3088235294117645,4.572352618362676,10,186.0,0.19051167054716742,14,467.0,0.26195120661045174,24,653.0
3055.0,25,268.0,4.0,4.639846890429146,13,188.0,0.19315454619179476,12,423.0,0.28738024126532774,25,611.0
3060.0,26,260.0,4.0625,4.548116727003663,8,144.0,0.3243289448757153,18,365.0,0.11710971640377517,26,509.0
3065.0,22,259.0,4.111111111111111,4.648188260075603,3,112.0,0.44207136325254287,19,413.0,0.0479330509543214,22,525.0
3070.0,23,321.0,5.262295081967213,4.773796874574342,9,122.0,0.27781100035232525,14,411.0,0.23178970645728778,23,533.0
3075.0,26,330.0,5.238095238095238,4.273644408750719,13,143.0,0.15909366607764575,13,414.0,0.2755450110049981,26,557.0
3080.0,22,317.0,4.953125,5.654183194103802,7,114.0,0.2808741727693117,15,389.0,0.3195344465716995,22,503.0
3085.0,20,243.0,3.9836065573770494,5.349724351484675,6,112.0,0.43742421989863195,14,375.0,0.20884097672686577,20,487.0
3090.0,27,256.0,4.129032258064516,5.519646736116718,12,154.0,0.34162415420839093,15,321.0,0.25612963452198884,27,475.0
3095.0,28,323.0,5.209677419354839,4.576193377880191,12,177.0,0.16484970737100194,16,358.0,0.31111556633418175,28,535.0
3100.0,24,404.0,6.8474576271186445,5.291225324600183,8,164.0,0.3289282387305528,16,416.0,0.28861602238881084,24,580.0
3105.0,24,321.0,5.836363636363636,3.9901924921986303,6,147.0,0.2894481711040062,18,421.0,0.18170345107905342,24,568.0
3110.0,24,285.0,5.089285714285714,4.216331902918888,12,162.0,0.20855258091714168,12,350.0,0.1671341950054551,24,512.0
3115.0,25,322.0,5.8545454545454545,4.204607855782457,14,205.0,0.1485705666700329,11,312.0,0.18592912707955409,25,517.0
3120.0,28,411.0,7.2105263157894735,4.839534420061485,14,277.0,0.23523081752649158,14,305.0,0.2082381618456373,28,582.0
3125.0,29,406.0,7.0,4.50577214765753,11,297.0,0.2725854840579506,18,310.0,0.22234417892291664,29,607.0
3130.0,19,342.0,6.452830188679245,4.990947164458465,6,258.0,0.3229386763211173,13,301.0,0.28630040717855665,19,559.0
3135.0,19,251.0,4.5636363636363635,4.326278602570388,7,229.0,0.24181236852271878,12,285.0,0.2870475095419233,19,514.0
3140.0,22,165.0,2.8448275862068964,5.236484160225096,11,155.0,0.22557114509798087,11,240.0,0.33651586972371117,22,395.0
3145.0,23,214.0,3.754385964912281,5.033049265143704,13,190.0,0.2068988870370477,10,243.0,0.3558371444300698,23,433.0
3150.0,27,318.0,5.389830508474576,5.852140235655278,15,265.0,0.2960221911264118,12,275.0,0.3360826252995972,27,540.0
3155.0,26,332.0,5.26984126984127,5.127333980880262,12,254.0,0.3049499329189142,14,298.0,0.2792400300894953,26,552.0
3160.0,20,250.0,4.166666666666667,5.235881208803296,6,183.0,0.33453407133809,14,307.0,0.24837841203012398,20,490.0
3165.0,18,251.0,4.183333333333334,5.171717930113256,4,159.0,0.396938470008614,14,336.0,0.21392211705983893,18,495.0
3170.0,23,319.0,5.145161290322581,4.86832145605691,10,155.0,0.30858507412164277,13,330.0,0.18013771054847158,23,485.0
3175.0,28,262.0,4.295081967213115,4.91516204518243,13,165.0,0.3008647730244774,15,264.0,0.23813563124016696,28,429.0
3180.0,17,242.0,3.9672131147540983,5.91576974343363,4,119.0,0.39277947712097294,13,265.0,0.2505394876072953,17,384.0
3185.0,15,192.0,3.2,5.401861823478838,6,136.0,0.34165540052426396,9,251.0,0.23353617840759572,15,387.0
3190.0,25,248.0,4.065573770491803,5.5876127410571215,13,187.0,0.29171104027536204,12,210.0,0.29206160483248306,25,397.0
3195.0,26,335.0,5.87719298245614,4.99813055351692,13,205.0,0.3080156720494901,13,252.0,0.33077378541905317,26,457.0
3200.0,21,385.0,6.754385964912281,5.436478241624448,8,199.0,0.31272656387332587,13,282.0,0.32507736334167875,21,481.0
3205.0,20,271.0,4.672413793103448,4.128321905485274,7,161.0,0.2576830490342243,13,297.0,0.13702054268161087,20,458.0
3210.0,26,341.0,5.5,5.042120521541136,14,144.0,0.17164951044631632,12,298.0,0.2994661055794709,26,442.0
3215.0,27,344.0,5.639344262295082,5.392654536935888,16,180.0,0.1719909562077541,11,288.0,0.42308957297204786,27,468.0
3220.0,12,229.0,3.693548387096774,6.396653790947659,5,182.0,0.3574027121058338,7,218.0,0.41348098756468726,12,400.0
3225.0,13,143.0,2.3442622950819674,6.283842618877751,3,132.0,0.49096419117087614,10,219.0,0.26056643467629337,13,351.0
3230.0,19,109.0,1.7868852459016393,5.522577179671866,8,102.0,0.40599647863476257,11,241.0,0.2132649415722441,19,343.0
3235.0,26,179.0,2.8412698412698414,4.789019931344895,12,128.0,0.3031970540991025,14,249.0,0.22784090579141747,26,377.0
3240.0,23,236.0,3.806451612903226,5.099802677251619,11,127.0,0.2501282114766241,12,252.0,0.3213791121264305,23,379.0
3245.0,25,315.0,5.163934426229508,4.784482095769424,12,130.0,0.3614916423801035,13,283.0,0.1767343452322745,25,413.0
3250.0,25,389.0,6.174603174603175,5.742375270741102,11,161.0,0.39916014284405027,14,295.0,0.3046661332874564,25,456.0
3255.0,24,328.0,5.2063492063492065,4.70430225027339,13,185.0,0.2788638530802777,11,300.0,0.32789700976488867,24,485.0
3260.0,25,373.0,6.216666666666667,5.172237133057594,15,203.0,0.20670300643387887,10,263.0,0.42347475892342834,25,466.0
3265.0,29,411.0,6.737704918032787,4.284126017953097,18,255.0,0.09520686065687882,11,285.0,0.3910013707902754,29,540.0
3270.0,23,420.0,6.5625,5.291631362622955,11,279.0,0.27640315588543146,12,303.0,0.27914182769201223,23,582.0
3275.0,27,269.0,4.559322033898305,4.389876927126844,13,272.0,0.313317110968742,14,228.0,0.18107650260233252,27,500.0
3280.0,29,353.0,5.786885245901639,4.769806825315235,13,262.0,0.3136472376440353,16,230.0,0.20252728302780057,29,492.0
3285.0,28,367.0,5.919354838709677,4.331283941504242,14,276.0,0.3065613596594074,14,263.0,0.22372373484141198,28,539.0
3290.0,26,421.0,6.901639344262295,5.145042734557937,17,328.0,0.2919489866030478,9,252.0,0.35418711929516616,26,580.0
3295.0,27,436.0,7.266666666666667,4.439706819108701,19,372.0,0.17703836036836387,8,246.0,0.3387840057302173,27,618.0
3300.0,31,428.0,6.903225806451613,4.149981170014996,19,389.0,0.1975662372449105,12,246.0,0.26682216075099013,31,635.0
3305.0,31,507.0,8.311475409836065,3.1964060770159817,19,460.0,0.2002679873046068,12,266.0,0.23182654404523106,31,726.0
3310.0,29,577.0,9.459016393442623,4.18574671212698,19,514.0,0.1457117603733388,10,278.0,0.35979568746858903,29,792.0
3315.0,24,395.0,6.475409836065574,4.663995536154456,18,523.0,0.11461234008528978,6,203.0,0.40963985222274957,24,726.0
3320.0,24,231.0,3.5538461538461537,4.634871427713562,12,422.0,0.17481057047620838,12,155.0,0.2541314121913853,24,577.0
3325.0,23,245.0,3.769230769230769,4.884677600993774,9,367.0,0.282711146448614,14,201.0,0.2682951724284558,23,568.0
3330.0,21,270.0,4.090909090909091,5.950513699900943,12,333.0,0.19844394617582162,9,215.0,0.44439804413222395,21,548.0
3335.0,25,216.0,3.3230769230769233,4.830846259415242,17,373.0,0.17682585431391656,8,157.0,0.3874179919852828,25,530.0
3340.0,29,298.0,4.73015873015873,5.200099628460674,16,399.0,0.26239985849928327,13,158.0,0.3016120429720954,29,557.0
3345.0,31,327.0,5.109375,4.255011128937939,14,383.0,0.2708882838995334,17,207.0,0.22570735923370175,31,590.0
3350.0,23,278.0,4.557377049180328,4.813615728982754,8,272.0,0.3459394931428472,15,226.0,0.1667908977701915,23,498.0
3355.0,24,306.0,5.016393442622951,4.6255122607425605,8,234.0,0.3545271399942894,16,265.0,0.14394351558589727,24,499.0
3360.0,20,309.0,4.983870967741935,5.160589002878587,13,274.0,0.2448003223330283,7,243.0,0.30253097343110946,20,517.0
3365.0,26,344.0,5.830508474576271,4.895003037982249,19,359.0,0.21190522110670365,7,190.0,0.3474413390718228,26,549.0
3370.0,30,419.0,7.482142857142857,4.760201443176387,19,422.0,0.22467840673202777,11,177.0,0.334724529328705,30,599.0
3375.0,30,432.0,7.714285714285714,3.345818742024856,19,469.0,0.19344360958078638,11,174.0,0.26656705729963387,30,643.0
3380.0,32,491.0,8.183333333333334,3.1257369366969723,20,487.0,0.14991932720644413,12,198.0,0.26841942239477623,32,685.0
3385.0,23,434.0,6.888888888888889,5.079488159070072,14,426.0,0.2848109107891742,9,203.0,0.3958435950615195,23,629.0
3390.0,18,268.0,4.0,5.6149185713034235,12,362.0,0.2875902768688964,6,158.0,0.3754323888949581,18,520.0
3395.0,21,222.0,3.3134328358208953,5.298621882752953,15,339.0,0.24781717636806463,6,113.0,0.3268222008558618,21,452.0
3400.0,27,295.0,4.214285714285714,5.197265045753361,21,374.0,0.1904109967844581,6,112.0,0.38038472865201894,27,486.0
3405.0,22,328.0,5.125,5.877572603995604,14,361.0,0.3035250482941379,8,113.0,0.3732019928256331,22,474.0
3410.0,22,377.0,5.712121212121212,5.643247747118997,16,389.0,0.23391677024519858,6,117.0,0.35391887161919633,22,506.0
3415.0,26,462.0,7.107692307692307,5.033512551242716,19,443.0,0.14023355916877886,7,140.0,0.32792524652558974,26,583.0
3420.0,34,430.0,6.71875,4.924396592132441,22,454.0,0.18880339697869442,12,190.0,0.3261044293800003,34,644.0
3425.0,25,446.0,6.96875,5.768941856491257,16,388.0,0.30518835210465384,9,216.0,0.39854156749856584,25,604.0
3430.0,26,468.0,7.548387096774194,5.44532315847697,16,412.0,0.2090845073360254,10,222.0,0.37935162372890785,26,634.0
3435.0,25,362.0,5.746031746031746,4.986454423311115,15,379.0,0.12834620080544246,10,204.0,0.3159864989071593,25,583.0
3440.0,23,367.0,5.825396825396825,5.071381834581901,15,422.0,0.20261124523696036,8,150.0,0.24646723411944602,23,572.0
3445.0,31,462.0,7.7,4.702155921177205,19,483.0,0.2486107381435335,12,190.0,0.3097429743703802,31,673.0
3450.0,31,425.0,7.083333333333333,3.9381575656894703,18,450.0,0.18051880108892662,13,222.0,0.38307795290234764,31,672.0
3455.0,33,504.0,8.262295081967213,4.440559086347827,18,429.0,0.1748207951170031,15,296.0,0.39356268033076,33,725.0
3460.0,33,593.0,9.412698412698413,3.880207480321901,16,432.0,0.21016706606784383,17,372.0,0.2654145543553935,33,804.0
3465.0,29,576.0,8.597014925373134,3.9087695609112885,12,375.0,0.17238306934543848,17,395.0,0.17849819209558448,29,770.0
3470.0,29,487.0,7.161764705882353,4.401741867822298,11,314.0,0.24359472521974304,18,436.0,0.19832088018949373,29,750.0
3475.0,30,431.0,6.246376811594203,5.238764780991272,14,242.0,0.27530136320325654,16,411.0,0.2823710517470182,30,653.0
3480.0,32,536.0,7.6571428571428575,4.789453688400438,14,284.0,0.3332811412431623,18,443.0,0.2475352670199916,32,727.0
3485.0,32,471.0,6.633802816901408,4.019609910685415,14,289.0,0.2625856302824103,18,433.0,0.2474071223873244,32,722.0
3490.0,34,390.0,5.131578947368421,4.129687576886636,21,347.0,0.1726998938722074,13,340.0,0.3052224506468639,34,687.0
3495.0,30,379.0,4.922077922077922,4.248214966778035,20,374.0,0.1633133582367191,10,350.0,0.3191127703797988,30,724.0
3500.0,28,360.0,4.615384615384615,4.405102043292862,12,344.0,0.2819140468063414,16,402.0,0.18683788222323378,28,746.0
3505.0,26,285.0,3.7012987012987013,4.269358271969706,5,251.0,0.34841874483547436,21,431.0,0.11576882510768698,26,682.0
3510.0,27,315.0,4.144736842105263,4.629475050022617,9,202.0,0.323599181395996,18,406.0,0.18782404365648872,27,608.0
3515.0,30,421.0,5.6891891891891895,5.4285983037222785,16,249.0,0.20063460827887877,14,412.0,0.318169856740444,30,661.0
3520.0,32,442.0,6.054794520547945,4.602806897026318,16,275.0,0.12841503768798299,16,410.0,0.24119710707385383,32,685.0
3525.0,25,346.0,4.739726027397261,4.822957425579341,9,249.0,0.23651285764215974,16,378.0,0.177268208142686,25,627.0
3530.0,26,399.0,5.867647058823529,4.850430855903376,6,205.0,0.4550270803513257,20,431.0,0.1636785615979063,26,636.0
3535.0,34,521.0,7.442857142857143,4.640959439602584,8,198.0,0.3335727676306396,26,531.0,0.19580361573967245,34,729.0
3540.0,35,508.0,7.470588235294118,4.395971058299797,12,243.0,0.30234326639705394,23,553.0,0.21336259435466376,35,796.0
3545.0,39,602.0,8.852941176470589,3.6734687084681235,14,272.0,0.2798882621257893,25,541.0,0.1793375983962235,39,813.0
3550.0,32,683.0,9.898550724637682,4.186188779745447,7,266.0,0.3760917490855,25,601.0,0.12459925242710627,32,867.0
3555.0,29,665.0,10.075757575757576,4.595848660486511,7,250.0,0.4419467805890519,22,629.0,0.12433446927272218,29,879.0
3560.0,27,620.0,9.393939393939394,4.336834908450271,6,210.0,0.3736189141512715,21,650.0,0.15829932675379993,27,860.0
3565.0,28,393.0,6.238095238095238,3.808768082882877,12,248.0,0.1929544822309505,16,560.0,0.204037691674085,28,808.0
3570.0,27,239.0,3.8548387096774195,3.721913174077416,15,177.0,0.1881492253168478,12,578.0,0.19782471962028986,27,755.0
3575.0,35,397.0,6.203125,3.678198492903249,17,254.0,0.16912357073580706,18,646.0,0.14032391415548182,35,900.0
3580.0,39,453.0,6.969230769230769,3.2098782319238546,16,285.0,0.18537659347935034,23,698.0,0.11137415695291979,39,983.0
3585.0,29,415.0,6.384615384615385,4.480066832832477,6,244.0,0.33934981221540794,23,744.0,0.08789557950980907,29,988.0
3590.0,27,366.0,5.71875,4.42399865986681,6,159.0,0.435259253063078,21,737.0,0.06665592486077318,27,896.0
3595.0,22,298.0,4.806451612903226,5.139167316591863,8,131.0,0.2919571865627071,14,597.0,0.22594299625059447,22,728.0
3600.0,21,120.0,2.0,4.880024827456119,15,139.0,0.12586851387800027,6,496.0,0.3493960526683928,21,635.0
3605.0,18,120.0,2.0,5.651267237160704,8,119.0,0.28007298328180213,10,421.0,0.28563900145028137,18,540.0
3610.0,22,156.0,2.689655172413793,4.876072589182596,9,134.0,0.3707653156921081,13,354.0,0.18105841178063328,22,488.0
3615.0,19,197.0,3.3389830508474576,6.190923820925048,11,173.0,0.3777994629235584,8,256.0,0.3271934142338791,19,429.0
3620.0,16,169.0,3.0727272727272728,5.353714553101495,9,163.0,0.22269460796561016,7,207.0,0.4432912854633329,16,370.0
3625.0,23,255.0,4.473684210526316,6.08690462955624,15,209.0,0.2519264451268121,8,216.0,0.4556665994166646,23,425.0
3630.0,25,284.0,4.896551724137931,5.541034996681421,12,221.0,0.33885098388781604,13,249.0,0.334926026715075,25,470.0
3635.0,22,307.0,5.903846153846154,4.9681774505257295,6,174.0,0.38679659739069433,16,323.0,0.22519253355701646,22,497.0
3640.0,24,324.0,6.113207547169812,4.136234890490316,8,161.0,0.29865098617652847,16,336.0,0.18959345031552333,24,497.0
3645.0,23,351.0,6.882352941176471,4.425494736034286,12,209.0,0.17402795558215492,11,309.0,0.27952157392997345,23,518.0
3650.0,25,425.0,7.7272727272727275,3.879943852629178,13,226.0,0.15711339209095682,12,353.0,0.2133497196335492,25,579.0
3655.0,22,491.0,8.927272727272728,5.183557586417496,5,212.0,0.35630327557567265,17,424.0,0.1744181044151411,22,636.0
3660.0,20,482.0,9.09433962264151,5.169593697567505,5,153.0,0.3584931303076608,15,461.0,0.18158100467397206,20,614.0
3665.0,19,465.0,8.773584905660377,5.747035957564575,8,132.0,0.28507747708412223,11,457.0,0.24449829523651567,19,589.0
3670.0,20,380.0,7.037037037037037,5.195773716778438,9,147.0,0.2947511277115218,11,435.0,0.2541007957294594,20,582.0
3675.0,16,302.0,5.490909090909091,6.567068854213005,6,128.0,0.4363293417719487,10,335.0,0.294956542013329,16,463.0
3680.0,17,165.0,3.235294117647059,6.3486781899519835,8,139.0,0.45325194748119185,9,240.0,0.28043095160995446,17,379.0
3685.0,17,194.0,3.5272727272727273,6.4987862218915025,7,129.0,0.39488796212528354,10,161.0,0.2654939374382788,17,290.0
3690.0,20,203.0,3.690909090909091,6.175189836417614,10,142.0,0.4016704490927638,10,164.0,0.28390406962101233,20,306.0
3695.0,15,231.0,4.62,6.7951585413341435,9,183.0,0.3693096430810089,6,134.0,0.4355360827468468,15,317.0
3700.0,15,230.0,4.791666666666667,5.8996062060288095,12,213.0,0.22065930544134732,3,67.0,0.4391756244434246,15,280.0
3705.0,18,147.0,2.826923076923077,5.817232768513762,9,165.0,0.28938015351230806,9,61.0,0.3260475610251873,18,226.0
3710.0,17,176.0,3.450980392156863,6.466065267057227,9,133.0,0.48589982805475984,8,78.0,0.26879215764546,17,211.0
3715.0,15,163.0,3.196078431372549,7.219422658632048,8,112.0,0.4517793908512826,7,93.0,0.4227885624756122,15,205.0
3720.0,14,216.0,4.595744680851064,7.524045128217723,7,115.0,0.277191625699295,7,128.0,0.536767249740022,14,243.0
3725.0,17,178.0,4.1395348837209305,5.735987165853217,11,114.0,0.18743144096510025,6,117.0,0.446595866293317,17,231.0
3730.0,17,218.0,4.954545454545454,5.3424671581467775,10,159.0,0.2882130403900542,7,97.0,0.32401901029878155,17,256.0
3735.0,22,262.0,5.954545454545454,4.638925980500576,11,185.0,0.31169084836734795,11,120.0,0.2829839162166773,22,305.0
3740.0,22,356.0,7.739130434782608,4.399916230758581,8,201.0,0.3005777281975066,14,191.0,0.29357951769880647,22,392.0
3745.0,22,256.0,5.224489795918367,3.8929619090426435,9,169.0,0.20134028412397414,13,215.0,0.3199118390045206,22,384.0
3750.0,23,259.0,5.078431372549019,5.327160751360662,7,101.0,0.3703818316995366,16,230.0,0.30624890041261693,23,331.0
3755.0,20,198.0,3.5357142857142856,4.764100629270198,7,84.0,0.4028583331164256,13,245.0,0.13780882526007684,20,329.0
3760.0,17,182.0,3.0847457627118646,6.397495927810653,8,111.0,0.39558084676416927,9,211.0,0.3009721492482275,17,322.0
3765.0,19,196.0,3.5636363636363635,5.992309844621346,10,135.0,0.28398075412247004,9,207.0,0.380472088533144,19,342.0
3770.0,25,264.0,4.551724137931035,4.803866717325475,8,147.0,0.26203544542631774,17,266.0,0.2217073169676331,25,413.0
3775.0,27,235.0,4.2727272727272725,3.805525550835823,9,127.0,0.24296647189180232,18,287.0,0.2306851110130452,27,414.0
3780.0,24,287.0,4.948275862068965,5.04811454449878,8,119.0,0.37444208994509676,16,297.0,0.23173393862866137,24,416.0
3785.0,22,313.0,5.305084745762712,4.784315396717364,8,128.0,0.3952018463600909,14,305.0,0.19954146950490115,22,433.0
3790.0,23,315.0,5.526315789473684,5.4165855472084825,10,147.0,0.40033936085134253,13,286.0,0.2332818822877233,23,433.0
3795.0,21,288.0,5.052631578947368,4.2417265000740345,10,174.0,0.2536844527254319,11,260.0,0.27690222318304614,21,434.0
3800.0,25,303.0,5.05,5.287875328647726,11,206.0,0.31639474761461117,14,254.0,0.26305704865246476,25,460.0
3805.0,24,265.0,4.491525423728813,5.424159198973019,9,170.0,0.34206500267597234,15,273.0,0.22065324944953882,24,443.0
3810.0,19,294.0,5.068965517241379,6.506291568787326,7,140.0,0.36953064556960363,12,274.0,0.27875152020714866,19,414.0
3815.0,18,286.0,5.107142857142857,5.648399159324066,7,143.0,0.32426609108790944,11,280.0,0.264348648584169,18,423.0
3820.0,25,390.0,6.724137931034483,5.640717237697986,7,153.0,0.3923288783893907,18,356.0,0.22800898708667863,25,509.0
3825.0,23,359.0,6.648148148148148,5.258318263163964,7,126.0,0.4312050935530312,16,414.0,0.2885143278548802,23,540.0
3830.0,22,441.0,7.875,5.342800273906387,9,102.0,0.2944524034332647,13,446.0,0.3197199283070681,22,548.0
3835.0,21,305.0,5.545454545454546,4.696331848826061,8,104.0,0.24853087423969533,13,413.0,0.2661762714372407,21,517.0
3840.0,18,266.0,4.75,6.042117798756869,4,66.0,0.452984860372378,14,339.0,0.2523304468872037,18,405.0
3845.0,20,260.0,4.7272727272727275,5.40152993282991,5,72.0,0.5032427591885176,15,324.0,0.15802600190076888,20,396.0
3850.0,21,219.0,3.9107142857142856,5.655161333329327,3,85.0,0.4634813601377306,18,296.0,0.18815518851019128,21,381.0
3855.0,20,243.0,4.189655172413793,5.848246370172291,5,92.0,0.4515822257292104,15,334.0,0.3004759715668819,20,426.0
3860.0,18,256.0,4.923076923076923,5.658131505381926,5,114.0,0.44092930438196676,13,328.0,0.31453920227329174,18,442.0
3865.0,20,296.0,5.584905660377358,5.091695738292249,5,132.0,0.3114619127244142,15,321.0,0.2635690876732008,20,453.0
3870.0,24,347.0,6.196428571428571,5.0844553671244626,6,164.0,0.41046097391943875,18,350.0,0.1865650306349665,24,514.0
3875.0,20,344.0,6.142857142857143,5.123049804433608,3,120.0,0.4837245043451584,17,410.0,0.1825462625951358,20,530.0
3880.0,23,427.0,7.907407407407407,5.311234852705446,5,118.0,0.4736000740749225,18,455.0,0.2107141609542093,23,573.0
3885.0,23,301.0,5.574074074074074,4.692609908224304,5,36.0,0.3745310729869273,18,455.0,0.17667893681591684,23,491.0
3890.0,28,407.0,7.537037037037037,5.2224816710796125,10,80.0,0.44320274038490703,18,479.0,0.18734309956280948,28,559.0
3895.0,27,454.0,8.407407407407407,4.204167197883716,9,116.0,0.3756171985664329,18,498.0,0.1315127112631977,27,614.0
3900.0,24,401.0,7.425925925925926,4.586981749054947,10,169.0,0.35757838475631204,14,458.0,0.27387728259387606,24,627.0
3905.0,23,302.0,5.490909090909091,3.867186348070466,13,170.0,0.27094110978368385,10,486.0,0.2980180826102158,23,656.0
3910.0,23,369.0,6.589285714285714,4.631690193259554,11,158.0,0.28427206148320194,12,502.0,0.36385116417030505,23,660.0
3915.0,27,334.0,5.387096774193548,3.65266305375123,13,171.0,0.26642875444074726,14,510.0,0.21923022338839376,27,681.0
3920.0,25,229.0,3.523076923076923,5.114764405302504,7,145.0,0.3644637695961456,18,498.0,0.2497494195465431,25,643.0
3925.0,24,282.0,4.208955223880597,4.694577824204814,7,151.0,0.41145702182147564,17,560.0,0.15370299432267304,24,711.0
3930.0,27,372.0,5.470588235294118,5.469383049232868,10,177.0,0.40868006975692706,17,613.0,0.19624487544127836,27,790.0
3935.0,31,495.0,7.5,4.34731502827878,13,231.0,0.15862517604872434,18,655.0,0.2246790730421832,31,886.0
3940.0,31,536.0,7.768115942028985,4.780454574316413,12,225.0,0.20316089391433395,19,664.0,0.26098533275239927,31,889.0
3945.0,33,609.0,8.955882352941176,5.114216332398724,13,244.0,0.26960504270356395,20,679.0,0.3250426072631571,33,923.0
3950.0,29,490.0,7.0,4.776664922021101,10,229.0,0.3347772602456287,19,622.0,0.27981582625250934,29,851.0
3955.0,26,407.0,5.732394366197183,4.64557661479715,4,158.0,0.4201821562234977,22,648.0,0.20522478928674667,26,806.0
3960.0,26,369.0,5.054794520547945,4.3884074451514445,3,102.0,0.4501770565950624,23,638.0,0.14311737418816117,26,740.0
3965.0,29,371.0,4.881578947368421,4.8781427065847485,11,130.0,0.3898519553186295,18,643.0,0.18409143923721463,29,773.0
3970.0,32,400.0,5.128205128205129,4.64410409886548,12,137.0,0.3547407092558354,20,650.0,0.2030295477852833,32,787.0
3975.0,27,417.0,5.2784810126582276,4.803775013833784,8,113.0,0.3344642230037284,19,676.0,0.18729729731252265,27,789.0
3980.0,33,486.0,6.0,4.398973058641525,8,110.0,0.3193431924464391,25,746.0,0.1672629982695141,33,856.0
3985.0,30,586.0,7.146341463414634,4.976431000637327,12,140.0,0.28138062666897773,18,788.0,0.2292701196174106,30,928.0
3990.0,38,670.0,8.375,4.2158878298164355,16,183.0,0.2542792719993664,22,797.0,0.19084168888693384,38,980.0
3995.0,35,654.0,8.278481012658228,4.40918838159218,12,195.0,0.2777635303189068,23,769.0,0.1763725993837404,35,964.0
4000.0,31,366.0,4.753246753246753,3.969304364465337,7,163.0,0.36153511325517196,24,717.0,0.12833953901882977,31,880.0
4005.0,36,421.0,5.6891891891891895,3.8438719630667944,12,191.0,0.2317188673670039,24,624.0,0.17660464564125902,36,815.0
4010.0,43,517.0,6.986486486486487,3.2343973082245743,18,248.0,0.18304110339531082,25,688.0,0.12484787993197378,43,936.0
4015.0,36,585.0,7.8,4.043916692302924,13,272.0,0.28227213148532165,23,722.0,0.07733934996107604,36,994.0
4020.0,33,529.0,7.450704225352113,3.834612175060903,10,245.0,0.3072001180894928,23,763.0,0.07607381980918189,33,1008.0
4025.0,29,435.0,5.878378378378378,4.632708234743261,13,261.0,0.20959483539069917,16,721.0,0.2344700318998625,29,982.0
4030.0,33,491.0,6.726027397260274,4.312272666448796,16,307.0,0.24127198709677947,17,708.0,0.2048256501372511,33,1015.0
4035.0,28,460.0,6.571428571428571,4.505241841854426,10,313.0,0.3019764094250885,18,647.0,0.20827738175654897,28,960.0
4040.0,29,390.0,5.492957746478873,3.615707682511064,11,268.0,0.28534536089292556,18,660.0,0.13772351973780686,29,928.0
4045.0,29,391.0,5.283783783783784,4.399600404175194,15,209.0,0.24267709022776773,14,608.0,0.2154129031110852,29,817.0
4050.0,31,325.0,4.220779220779221,4.6873030031439,19,258.0,0.26240620555743793,12,554.0,0.2243505980661824,31,812.0
4055.0,39,458.0,5.871794871794871,5.081743415356008,22,356.0,0.30711506665725186,17,505.0,0.2562717099930759,39,861.0
4060.0,42,559.0,7.453333333333333,3.802261172577615,23,420.0,0.28624666094363665,19,527.0,0.2309833442252727,42,947.0
4065.0,36,541.0,7.025974025974026,3.458874617028977,19,421.0,0.2035757143607663,17,478.0,0.23865476751935266,36,899.0
4070.0,33,511.0,6.2317073170731705,3.3856196575398916,17,449.0,0.2056593460546452,16,499.0,0.18422274601963157,33,948.0
4075.0,34,530.0,6.385542168674699,4.505214962717393,22,471.0,0.19482632741513714,12,472.0,0.2739179087490968,34,943.0
4080.0,37,605.0,7.2023809523809526,3.833314709603596,26,559.0,0.11234575970835328,11,493.0,0.2570340039340278,37,1052.0
4085.0,51,818.0,9.623529411764705,3.915784387052086,32,692.0,0.11531669993689428,19,548.0,0.2520029494641419,51,1240.0
4090.0,49,847.0,10.5875,3.562399266130188,32,776.0,0.14276472315995267,17,531.0,0.27287692407860054,49,1307.0
4095.0,39,706.0,8.716049382716049,3.80144885141854,24,764.0,0.1499774175151083,15,451.0,0.2606779508330101,39,1215.0
4100.0,40,729.0,8.783132530120483,3.796799799299076,22,780.0,0.2563035352472743,18,444.0,0.1369497779588921,40,1224.0
4105.0,39,756.0,8.790697674418604,4.099438974773312,18,730.0,0.282312332349491,21,487.0,0.1145363226604126,39,1217.0
4110.0,39,590.0,6.781609195402299,3.939638004410046,19,755.0,0.25262276201937034,20,503.0,0.19305269053798801,39,1258.0
4115.0,30,331.0,3.8941176470588235,4.301529809727939,20,780.0,0.17240046638718712,10,420.0,0.34795669890166797,30,1200.0
4120.0,37,383.0,4.559523809523809,3.7702939349423175,28,807.0,0.09307485905552325,9,369.0,0.3074477470301643,37,1176.0
4125.0,49,518.0,6.023255813953488,3.334663417184919,34,932.0,0.07979074005828536,15,324.0,0.25374569210535214,49,1256.0
4130.0,56,631.0,7.089887640449438,3.4435686258189553,36,1060.0,0.13758276859598445,20,347.0,0.2374244912527074,56,1407.0
4135.0,53,763.0,8.670454545454545,3.3368747166658865,33,1130.0,0.15763133363972656,20,375.0,0.2624882380515515,53,1505.0
4140.0,49,724.0,8.32183908045977,3.0293370940652307,29,1102.0,0.13970988467380308,20,460.0,0.19086462119470668,49,1562.0
4145.0,47,739.0,8.303370786516854,3.666104253876546,23,1075.0,0.20936469073665606,24,540.0,0.15376632000158744,47,1615.0
4150.0,37,686.0,7.622222222222222,3.9566454208014084,16,1016.0,0.23818344247745799,21,540.0,0.12063808966733329,37,1556.0
4155.0,34,425.0,4.885057471264368,3.9499374099442295,20,915.0,0.20139923806807367,14,437.0,0.15272045370331475,34,1352.0
4160.0,33,417.0,4.905882352941177,4.620098365253554,22,860.0,0.12369528925445371,11,350.0,0.3481857856877667,33,1210.0
4165.0,37,456.0,5.428571428571429,4.09492240486064,25,908.0,0.08570534054262496,12,355.0,0.2868871206150982,37,1263.0
4170.0,37,500.0,6.097560975609756,3.9920523679174282,22,880.0,0.12534859088829073,15,353.0,0.21363960790327596,37,1233.0
4175.0,32,477.0,6.445945945945946,3.9346552432830353,17,844.0,0.2557148196995472,15,366.0,0.12058236713968276,32,1210.0
4180.0,34,542.0,7.226666666666667,4.578721204382412,16,790.0,0.2962301755347885,18,405.0,0.1374065333733631,34,1195.0
4185.0,32,566.0,7.648648648648648,4.331104958582953,17,792.0,0.2675682021231335,15,399.0,0.1886800183979843,32,1191.0
4190.0,31,520.0,7.222222222222222,3.8267935400716473,24,796.0,0.16460853834400294,7,283.0,0.2936467625302043,31,1079.0
4195.0,35,583.0,7.986301369863014,3.990481406228688,26,756.0,0.12310444441663498,9,230.0,0.33228085524310846,35,986.0
4200.0,34,366.0,4.88,4.3239385574726645,27,741.0,0.12130305209511512,7,191.0,0.391256691648524,34,932.0
4205.0,42,547.0,7.493150684931507,4.161923297590459,30,760.0,0.14548817894078658,12,198.0,0.35383303415490547,42,958.0
4210.0,42,704.0,9.643835616438356,3.0416570436262815,32,857.0,0.11267678872295153,10,198.0,0.269373590770747,42,1055.0
4215.0,41,856.0,11.263157894736842,3.372578254222311,31,955.0,0.09398314054486669,10,222.0,0.3218447702193095,41,1177.0
4220.0,39,785.0,10.194805194805195,3.6959909046036326,30,962.0,0.15065899642629452,9,189.0,0.27632811576576505,39,1151.0
4225.0,37,632.0,7.9,4.512587905932615,22,896.0,0.24398028223534282,15,190.0,0.1789529521889847,37,1086.0
4230.0,34,464.0,5.8,4.3565641196500655,20,829.0,0.2079054043206008,14,204.0,0.23835933761616449,34,1033.0
4235.0,31,380.0,4.523809523809524,4.6773827485064805,17,820.0,0.20714257916005696,14,201.0,0.30462133364041966,31,1021.0
4240.0,32,339.0,3.988235294117647,4.602892994066418,20,816.0,0.2336871953355984,12,228.0,0.30243529274170944,32,1044.0
4245.0,34,292.0,3.4761904761904763,4.349195216678182,25,854.0,0.1605015651280351,9,193.0,0.3476449135886447,34,1047.0
4250.0,36,376.0,4.423529411764706,4.326989412340597,29,898.0,0.09682880004727536,7,177.0,0.4113515718077939,36,1075.0
4255.0,40,470.0,5.222222222222222,3.8873742609647657,32,941.0,0.06827742241126705,8,193.0,0.3661322361277489,40,1134.0
4260.0,41,496.0,5.391304347826087,4.54831206092081,26,885.0,0.1795409773104917,15,245.0,0.3441322951417076,41,1130.0
4265.0,41,514.0,5.586956521739131,4.561491911624121,23,801.0,0.282495022644385,18,274.0,0.23293560737832292,41,1075.0
4270.0,37,574.0,6.3076923076923075,4.409100058396985,17,771.0,0.27585288834015287,20,308.0,0.18240862214075862,37,1079.0
4275.0,37,574.0,6.3076923076923075,4.140126199732006,19,776.0,0.2354007707793184,18,346.0,0.19279220031735414,37,1122.0
4280.0,36,546.0,5.870967741935484,3.6936105448054373,24,790.0,0.15154371644927672,12,311.0,0.23027337121243033,36,1101.0
4285.0,37,557.0,6.1208791208791204,3.8625903070364584,26,779.0,0.1260041475599228,11,250.0,0.3108564562802455,37,1029.0
4290.0,41,667.0,7.49438202247191,4.13638145788207,27,830.0,0.1447639845554843,14,266.0,0.2814090580674463,41,1096.0
4295.0,40,614.0,7.223529411764706,3.958324544727546,24,802.0,0.146271416516589,16,289.0,0.3037176684552487,40,1091.0
4300.0,35,640.0,7.710843373493976,3.8723323141479984,24,790.0,0.09310646927355655,11,256.0,0.30551264880673207,35,1046.0
4305.0,44,823.0,9.91566265060241,3.3641950370221037,30,876.0,0.05570887312715911,14,295.0,0.2546553335892603,44,1171.0
4310.0,51,1013.0,12.204819277108435,3.466027560094758,32,989.0,0.10511283434714035,19,358.0,0.21435450049443577,51,1347.0
4315.0,45,1101.0,13.265060240963855,3.417967689837611,22,1024.0,0.15748481244826892,23,430.0,0.11936084141113447,45,1454.0
4320.0,35,1044.0,12.88888888888889,3.7620195092435367,17,975.0,0.15836682534934124,18,470.0,0.183001104055696,35,1445.0
4325.0,37,913.0,11.4125,4.214405033164862,19,909.0,0.16853068874920127,18,540.0,0.21066114743135073,37,1449.0
4330.0,39,938.0,12.025641025641026,3.8086000705640957,18,955.0,0.18053840000568033,21,610.0,0.19406863346596614,39,1565.0
4335.0,36,1038.0,13.480519480519481,3.615532718397851,16,960.0,0.18206857540789465,20,688.0,0.1569312798907694,36,1648.0
4340.0,33,1022.0,13.81081081081081,3.7982058184567484,15,913.0,0.17063579157073883,18,727.0,0.20725842899636412,33,1640.0
4345.0,33,700.0,9.090909090909092,4.414244897706478,18,835.0,0.14845694185221858,15,659.0,0.2688924872585514,33,1494.0
4350.0,36,753.0,9.907894736842104,4.689970645112626,18,878.0,0.26076683152756075,18,561.0,0.2646368390280626,36,1439.0
4355.0,31,612.0,8.052631578947368,4.704216632934226,14,880.0,0.329570020849797,17,514.0,0.18097934649910738,31,1394.0
4360.0,33,486.0,6.394736842105263,5.053761589171073,18,936.0,0.3834503957579738,15,348.0,0.1287997221053447,33,1284.0
4365.0,37,609.0,7.8076923076923075,5.006721487648246,21,937.0,0.3042163499026577,16,405.0,0.17900907137213123,37,1342.0
4370.0,38,757.0,9.960526315789474,4.617860207354504,20,888.0,0.19607549442611527,18,484.0,0.21617383909260185,38,1372.0
4375.0,37,680.0,9.066666666666666,4.127616340256415,22,881.0,0.13766153183044103,15,502.0,0.260034287803026,37,1383.0
4380.0,34,654.0,9.617647058823529,4.250078656487579,23,903.0,0.09734808685057375,11,439.0,0.32462384928141264,34,1342.0
4385.0,34,656.0,9.791044776119403,4.0297881094038,24,877.0,0.0038066693183142907,10,380.0,0.3442403939744626,34,1257.0
4390.0,34,515.0,7.573529411764706,4.68615275349339,21,779.0,0.09137909918119345,13,322.0,0.34032662571076694,34,1101.0
4395.0,30,370.0,5.522388059701493,4.301746496860552,16,811.0,0.19375793957880275,14,310.0,0.31193677050115753,30,1121.0
4400.0,27,331.0,5.015151515151516,4.6879896172066156,12,775.0,0.18936246925268196,15,293.0,0.3313711174681481,27,1068.0
4405.0,30,383.0,5.7164179104477615,4.345631987047393,13,727.0,0.19323041119551398,17,293.0,0.2420578961089254,30,1020.0
4410.0,25,387.0,5.776119402985074,4.678955922047547,14,687.0,0.17790396125815738,11,268.0,0.23558263640511098,25,955.0
4415.0,31,495.0,7.5,4.661726976566341,17,572.0,0.2247810581984968,14,272.0,0.25853690124302664,31,844.0
4420.0,38,640.0,9.846153846153847,3.6855721443014633,21,612.0,0.16455503930921164,17,293.0,0.23237922320426121,38,905.0
4425.0,36,555.0,8.283582089552239,3.4753449832922763,17,600.0,0.22008197088228276,19,299.0,0.23330846932283436,36,899.0
4430.0,35,580.0,8.405797101449275,4.498870003804938,15,562.0,0.26675913253064354,20,310.0,0.2858634753275288,35,872.0
4435.0,36,683.0,9.898550724637682,4.153567648738732,17,583.0,0.21139832532895575,19,337.0,0.28965760778410765,36,920.0
4440.0,33,710.0,10.0,3.7863870705552447,21,680.0,0.08981057061151913,12,305.0,0.26144394426913115,33,985.0
4445.0,32,596.0,8.394366197183098,3.4672421332012804,19,661.0,0.1174641036192511,13,286.0,0.1987000190757507,32,947.0
4450.0,27,386.0,5.361111111111111,4.206901779711125,11,526.0,0.2350285323878705,16,303.0,0.15463533592645345,27,829.0
4455.0,30,413.0,5.657534246575342,4.58226293075406,8,416.0,0.3617369087492976,22,347.0,0.12463400672114332,30,763.0
4460.0,29,310.0,4.428571428571429,5.080191279912076,5,236.0,0.39821981788439054,24,407.0,0.1873007508563181,29,643.0
4465.0,30,357.0,5.173913043478261,4.789251826180275,11,220.0,0.3194651426005631,19,436.0,0.2516497990301656,30,656.0
4470.0,25,249.0,3.661764705882353,5.1738004647964715,12,204.0,0.3205785750937394,13,385.0,0.2997102167048351,25,589.0
4475.0,28,294.0,4.260869565217392,4.373483048911185,14,269.0,0.1660764194328483,14,416.0,0.2687453626032025,28,685.0
4480.0,33,362.0,5.027777777777778,4.4256708233393365,14,264.0,0.2292290751154393,19,467.0,0.22116531878940537,33,731.0
4485.0,28,288.0,4.173913043478261,4.501428323777476,6,182.0,0.36150595543163905,22,507.0,0.1825384123892635,28,689.0
4490.0,31,305.0,4.485294117647059,4.380872279565231,4,135.0,0.4123140712783946,27,537.0,0.10928959018959572,31,672.0
4495.0,39,409.0,5.8428571428571425,4.356100146413141,12,172.0,0.35950386576752286,27,591.0,0.11878289534273101,39,763.0
4500.0,31,381.0,5.521739130434782,4.096368291800091,13,184.0,0.23572606495266193,18,549.0,0.19868188116839589,31,733.0
4505.0,22,339.0,4.985294117647059,4.442405954384962,8,157.0,0.17262719650329442,14,545.0,0.21142386860813758,22,702.0
4510.0,23,386.0,5.938461538461539,5.392262098050569,7,158.0,0.33330397009357476,16,561.0,0.17998062348277813,23,719.0
4515.0,28,370.0,5.606060606060606,5.585240235663088,7,183.0,0.4239542530671483,21,566.0,0.08210082437974053,28,749.0
4520.0,26,291.0,4.693548387096774,5.228000270072006,6,119.0,0.37993645054724157,20,541.0,0.12975240702671925,26,660.0
4525.0,25,326.0,5.620689655172414,5.2356751034983855,8,103.0,0.42310668041468913,17,539.0,0.17549746003274252,25,642.0
4530.0,20,250.0,4.237288135593221,5.000748137118945,10,115.0,0.2432884207112958,10,439.0,0.19938153428999922,20,554.0
4535.0,23,344.0,6.035087719298246,4.9431997931586436,12,170.0,0.14018251924538158,11,457.0,0.283357122460614,23,627.0
4540.0,30,445.0,7.807017543859649,4.699461671144309,15,237.0,0.22041632363937808,15,489.0,0.23914923141467537,30,726.0
4545.0,29,562.0,9.859649122807017,4.038405187352503,14,306.0,0.3171585228173226,15,486.0,0.1741284226270339,29,792.0
4550.0,28,654.0,12.576923076923077,3.7189413164234724,14,376.0,0.23710469004747256,14,428.0,0.17609921427632994,28,804.0
4555.0,29,592.0,10.763636363636364,3.5751146610782687,14,378.0,0.17663972210472945,15,446.0,0.15016396055205614,29,824.0
4560.0,22,529.0,9.280701754385966,4.969053969566376,5,302.0,0.3429988363369958,17,453.0,0.0770571747394946,22,755.0
4565.0,22,344.0,6.88,5.436767148760285,5,116.0,0.525339163449803,17,393.0,0.08903655660000104,22,509.0
4570.0,20,356.0,7.26530612244898,5.648583068292054,7,143.0,0.4781109890988653,13,364.0,0.19330253358521687,20,507.0
4575.0,18,356.0,7.416666666666667,4.980977917257229,7,158.0,0.3165706508328308,11,365.0,0.2904734687016577,18,523.0
4580.0,20,364.0,8.088888888888889,5.431767942770901,10,192.0,0.2588652858672565,10,335.0,0.35512505454040605,20,527.0
4585.0,16,169.0,3.4489795918367347,4.963182234080948,6,123.0,0.3150746165044536,10,278.0,0.23056629532559517,16,401.0
4590.0,15,171.0,3.489795918367347,6.928265435190469,5,87.0,0.45824056124649004,10,217.0,0.3342642099194847,15,304.0
4595.0,13,158.0,3.4347826086956523,7.046086357942114,3,67.0,0.49763649245062996,10,213.0,0.3863550576484979,13,280.0
4600.0,16,210.0,4.565217391304348,6.660351603049934,6,95.0,0.4436136682799282,10,226.0,0.3185167193491584,16,321.0
4605.0,18,238.0,5.409090909090909,4.972067557144924,6,108.0,0.4214029391724608,12,237.0,0.20284542059398142,18,345.0
4610.0,19,294.0,6.391304347826087,5.08466733866338,7,120.0,0.41360605784380083,12,249.0,0.18289906884443935,19,369.0
4615.0,16,201.0,4.276595744680851,4.764046191046588,5,65.0,0.37658556962277595,11,244.0,0.19217587259349111,16,309.0
4620.0,18,232.0,5.043478260869565,5.903274372898131,7,58.0,0.34436444902559865,11,226.0,0.28645649980804333,18,284.0
4625.0,15,175.0,3.5714285714285716,5.740500442831842,6,72.0,0.2715245296227953,9,191.0,0.31195104747282804,15,263.0
4630.0,13,182.0,3.5,7.0720620950701765,4,70.0,0.3715693973406627,9,155.0,0.3969427215073674,13,225.0
4635.0,13,126.0,2.6808510638297873,6.733704409675991,6,58.0,0.4695559232430314,7,132.0,0.3166025006452565,13,190.0
4640.0,16,193.0,4.1063829787234045,7.185284585909526,6,90.0,0.5024311712075028,10,143.0,0.27631419108343097,16,233.0
4645.0,17,199.0,4.4222222222222225,5.544255260218251,6,82.0,0.5036877594604107,11,169.0,0.1202630597230153,17,251.0
4650.0,18,275.0,6.395348837209302,5.474791976970384,9,118.0,0.3686587379860393,9,197.0,0.25165479843854227,18,315.0
4655.0,17,204.0,4.636363636363637,4.723098744831068,10,111.0,0.252961644062503,7,191.0,0.27639702146128764,17,302.0
4660.0,18,221.0,4.702127659574468,6.006487932649055,12,125.0,0.33324449106554327,6,141.0,0.39829519380190087,18,266.0
4665.0,15,161.0,3.3541666666666665,5.757965238211205,8,131.0,0.41830691248104485,7,134.0,0.3605564439296316,15,265.0
4670.0,12,81.0,1.7234042553191489,6.532194064422425,6,92.0,0.42444362222650844,6,105.0,0.40537352494407003,12,197.0
4675.0,15,101.0,1.9423076923076923,4.923585976861675,8,114.0,0.3257357164477562,7,107.0,0.29382345122287634,15,221.0
4680.0,23,162.0,2.8421052631578947,5.14701395559105,15,147.0,0.24661633592428678,8,137.0,0.37459913714994225,23,284.0
4685.0,19,187.0,3.2241379310344827,5.441590862373552,14,176.0,0.23435715968124438,5,122.0,0.5252998814465264,19,298.0
4690.0,15,197.0,3.3389830508474576,6.451550880822224,12,175.0,0.31850508237776826,3,116.0,0.546805819434458,15,291.0
4695.0,16,142.0,2.406779661016949,5.754915811212716,11,190.0,0.3652980004132399,5,58.0,0.2990356716957606,16,248.0
4700.0,24,191.0,3.183333333333333,5.415115271314197,14,216.0,0.3008874766716606,10,92.0,0.26748442938326056,24,308.0
4705.0,28,280.0,4.375,4.375632059431707,18,273.0,0.25579751338565637,10,129.0,0.3078769182620078,28,402.0
4710.0,24,348.0,5.3538461538461535,5.498097507612664,17,312.0,0.3138647669207757,7,150.0,0.4017642716074719,24,462.0
4715.0,23,344.0,5.292307692307692,5.273443523606952,15,340.0,0.34917635750395826,8,146.0,0.29132866212031666,23,486.0
4720.0,25,348.0,5.043478260869565,5.48916201626908,17,337.0,0.26049492757632275,8,164.0,0.31928257806792415,25,501.0
4725.0,29,465.0,6.838235294117647,5.167000178700437,21,384.0,0.18358888012395086,8,189.0,0.4043668428562733,29,573.0
4730.0,31,563.0,8.279411764705882,5.57370269078162,22,450.0,0.21828543207576193,9,216.0,0.44544802029695835,31,666.0
4735.0,30,537.0,8.390625,4.022286972784893,22,500.0,0.20966692884309274,8,143.0,0.2963439527940223,30,643.0
4740.0,33,570.0,9.047619047619047,3.4622660557485188,24,567.0,0.12735349308723634,9,124.0,0.34053686391203714,33,691.0
4745.0,30,588.0,9.1875,3.63554645138733,22,582.0,0.14695965268857086,8,155.0,0.2928419926522122,30,737.0
4750.0,30,476.0,7.104477611940299,4.2611212187453775,19,541.0,0.17253795153787696,11,184.0,0.19073676702248557,30,725.0
4755.0,27,323.0,4.75,4.854992973032633,18,436.0,0.14016303569890162,9,169.0,0.3456107586938526,27,605.0
4760.0,26,342.0,5.181818181818182,5.031460967453175,22,487.0,0.07533228929532193,4,90.0,0.5303491250913749,26,577.0
4765.0,23,385.0,5.923076923076923,5.77449938085704,18,510.0,0.23901834055827215,5,90.0,0.5359070772576552,23,600.0
4770.0,24,418.0,6.741935483870968,5.152198916345488,16,557.0,0.25988906162288933,8,85.0,0.4425065270029956,24,642.0
4775.0,31,503.0,8.245901639344263,3.255926612543196,21,583.0,0.18442286483442627,10,88.0,0.2385246127808157,31,671.0
4780.0,35,628.0,10.295081967213115,3.392989542818652,24,677.0,0.17856771565267324,11,113.0,0.2854067249644248,35,790.0
4785.0,28,657.0,10.265625,3.7002484292612703,19,725.0,0.23531446754627294,9,123.0,0.20412890820954183,28,848.0
4790.0,24,584.0,8.984615384615385,4.132703159265688,15,691.0,0.20946995139620891,9,136.0,0.26077975206280873,24,827.0
4795.0,24,330.0,5.0,4.303701152462859,15,698.0,0.19867582188873695,9,131.0,0.31666693391571404,24,829.0
4800.0,26,199.0,3.109375,3.9163290481370945,21,657.0,0.09672198707048393,5,91.0,0.4490480983837681,26,748.0
4805.0,35,322.0,5.03125,3.5657059284387578,27,667.0,0.05495744934090815,8,109.0,0.39960141492666185,35,776.0
4810.0,39,447.0,6.6716417910447765,4.001426743432107,28,763.0,0.11645463319288357,11,157.0,0.3708761463715781,39,920.0
4815.0,31,419.0,6.253731343283582,4.083466314072686,19,762.0,0.12670463885234662,12,183.0,0.3227205997574807,31,945.0
4820.0,26,444.0,6.8307692307692305,4.750439863542749,12,755.0,0.2473486551680429,14,234.0,0.27178147187851326,26,989.0
4825.0,27,440.0,6.567164179104478,4.4902974635838575,13,727.0,0.2554994971545483,14,254.0,0.21075923847287784,27,981.0
4830.0,27,383.0,5.984375,3.7790305754605447,16,633.0,0.17946958370604973,11,242.0,0.22470518664934253,27,875.0
4835.0,28,315.0,4.846153846153846,3.8684074417794805,18,669.0,0.15329983935351166,10,200.0,0.2882043867933253,28,869.0
4840.0,28,372.0,5.8125,4.6350563312873945,16,658.0,0.1843541157419889,12,164.0,0.29874640098910493,28,822.0
4845.0,29,438.0,6.84375,4.515153711984528,15,643.0,0.18080755636499482,14,197.0,0.19537263013189685,29,840.0
4850.0,23,309.0,4.828125,5.83755226371049,11,542.0,0.28813198104270865,12,218.0,0.27221644805288003,23,760.0
4855.0,23,268.0,4.32258064516129,5.15377708442663,13,458.0,0.3036223154316002,10,217.0,0.21619649865412144,23,675.0
4860.0,23,321.0,5.440677966101695,5.160413687894526,11,490.0,0.2565257173155704,12,202.0,0.25177936866026085,23,692.0
4865.0,21,314.0,5.322033898305085,5.573610780602512,9,501.0,0.279716189367143,12,193.0,0.25825306824199523,21,694.0
4870.0,21,349.0,5.5396825396825395,6.511852302094194,13,543.0,0.3607885134775525,8,201.0,0.277918673742379,21,744.0
4875.0,14,292.0,4.709677419354839,6.553238837409945,8,440.0,0.3956057618450394,6,216.0,0.3074129623045625,14,656.0
4880.0,18,282.0,4.862068965517241,6.5179516226004095,9,260.0,0.4360047629669417,9,246.0,0.2975944858166861,18,506.0
4885.0,23,368.0,6.456140350877193,5.705035008737989,13,221.0,0.3399196309674871,10,271.0,0.273230071206968,23,492.0
4890.0,21,363.0,6.368421052631579,5.4455081529295315,13,225.0,0.28232903047445174,8,279.0,0.3523063111844661,21,504.0
4895.0,24,442.0,7.892857142857143,5.068488482604859,16,236.0,0.25435014297755965,8,306.0,0.3735055954763118,24,542.0
4900.0,23,417.0,7.446428571428571,5.056675761923457,14,215.0,0.25318835486940344,9,345.0,0.3458489022209766,23,560.0
4905.0,25,468.0,7.932203389830509,5.21518318895934,13,211.0,0.262521275097644,12,410.0,0.3400275903838108,25,621.0
4910.0,24,535.0,9.067796610169491,5.419937362772432,13,243.0,0.21593152742482502,11,442.0,0.4382109136784487,24,685.0
4915.0,28,634.0,10.745762711864407,4.771734173376754,17,311.0,0.2037227331302015,11,452.0,0.38169513431619567,28,763.0
4920.0,27,523.0,8.171875,4.085598483235871,14,325.0,0.303031512544098,13,432.0,0.24158994238492187,27,757.0
4925.0,28,380.0,5.352112676056338,5.2206611152929705,11,273.0,0.4105749261021986,17,358.0,0.20783691311199667,28,631.0
4930.0,28,384.0,4.923076923076923,5.023231290701962,11,267.0,0.35334621083369366,17,408.0,0.23034854051885623,28,675.0
4935.0,27,413.0,5.227848101265823,5.563264970204147,15,254.0,0.34039543907587405,12,433.0,0.3096212632334603,27,687.0
4940.0,25,225.0,2.960526315789474,5.209890876030568,14,247.0,0.2801747342527586,11,339.0,0.35720365151428257,25,586.0
4945.0,36,310.0,3.9240506329113924,4.422333271387632,20,258.0,0.21811660652467685,16,343.0,0.26418834176737616,36,601.0
4950.0,36,428.0,5.558441558441558,3.613161982510725,21,350.0,0.20360981822255256,15,383.0,0.17465295311646226,36,733.0
4955.0,36,524.0,6.805194805194805,4.177986657077823,22,429.0,0.1683168073450889,14,409.0,0.2206523589210279,36,838.0
4960.0,35,511.0,6.8133333333333335,3.6797059028328842,22,442.0,0.11769143378926575,13,419.0,0.21540027279815263,35,861.0
4965.0,35,453.0,5.9605263157894735,3.4982683117666684,17,409.0,0.18647336792978933,18,426.0,0.11713496889152901,35,835.0
4970.0,34,481.0,6.246753246753247,4.234128573355282,13,393.0,0.32228340109728043,21,401.0,0.10153969617772222,34,794.0
4975.0,38,456.0,5.772151898734177,4.426169132705591,14,397.0,0.32689932143662787,24,404.0,0.1623374917156783,38,801.0
4980.0,38,504.0,6.3,4.479087676988709,18,378.0,0.2547292430838025,20,457.0,0.2602905255904054,38,835.0
4985.0,37,442.0,5.390243902439025,4.154870523654193,23,416.0,0.1462019006472893,14,444.0,0.33315328560598373,37,860.0
4990.0,35,538.0,6.329411764705882,4.673133812572762,24,490.0,0.20317884899236419,11,427.0,0.29291685233137427,35,917.0
4995.0,39,658.0,7.563218390804598,4.592238277294748,24,563.0,0.12027083562413236,15,434.0,0.29748317754888226,39,997.0
5000.0,41,751.0,8.534090909090908,4.597720097367841,24,587.0,0.0984599131074355,17,462.0,0.3266162020514099,41,1049.0
5005.0,44,813.0,9.134831460674157,3.6806085225068625,22,610.0,0.0880019113550383,22,535.0,0.2508649715296359,44,1145.0
5010.0,42,680.0,8.0,3.8262517904459887,17,542.0,0.19152404055896793,25,563.0,0.22416190140782996,42,1105.0
5015.0,39,642.0,7.734939759036145,3.869105456819759,11,533.0,0.2508443538699849,28,637.0,0.17600276785004282,39,1170.0
5020.0,44,751.0,8.732558139534884,3.028358135624547,13,551.0,0.21754783263110405,31,730.0,0.1257365122373258,44,1281.0
5025.0,42,771.0,8.862068965517242,2.933039655424497,15,537.0,0.12421177912059214,27,776.0,0.16406965631647158,42,1313.0
5030.0,29,562.0,6.771084337349397,4.122764294156523,12,465.0,0.1704660970879962,17,703.0,0.26397173370579496,29,1168.0
5035.0,24,353.0,3.966292134831461,4.450337724528479,9,472.0,0.24477960967028053,15,555.0,0.2457278983067869,24,1027.0
5040.0,40,434.0,4.769230769230769,4.129690316457501,15,440.0,0.2720745104469978,25,617.0,0.1927706583247664,40,1057.0
5045.0,47,568.0,6.173913043478261,3.433386117673604,16,448.0,0.20993889014746103,31,690.0,0.18753892211135928,47,1138.0
5050.0,45,610.0,6.777777777777778,3.5760244190799755,13,394.0,0.309314978056329,32,787.0,0.14167443431799037,45,1181.0
5055.0,48,742.0,8.153846153846153,3.6779549169006214,12,391.0,0.28933577557200846,36,870.0,0.08117188514177802,48,1261.0
5060.0,43,642.0,7.213483146067416,3.7931030549235776,8,249.0,0.3353089114728612,35,957.0,0.04736510032360352,43,1206.0
5065.0,38,535.0,6.149425287356322,4.320803116792771,9,157.0,0.3151914219012008,29,948.0,0.09770815494942345,38,1105.0
5070.0,39,475.0,5.459770114942529,4.254775520435456,16,198.0,0.19157326399182928,23,939.0,0.17218844372788106,39,1137.0
5075.0,44,489.0,5.686046511627907,3.6641508201775337,21,294.0,0.18947565225844543,23,890.0,0.13638775117976015,44,1184.0
5080.0,45,600.0,7.228915662650603,3.709562568985117,19,357.0,0.26532772718382847,26,934.0,0.14682014522871104,45,1291.0
5085.0,44,646.0,7.9753086419753085,3.8157887067823153,13,361.0,0.3072167867295427,31,1019.0,0.10331856912201537,44,1380.0
5090.0,43,649.0,7.726190476190476,3.5373827535951485,12,340.0,0.22943283641654927,31,1068.0,0.12920775198869663,43,1408.0
5095.0,38,594.0,7.2439024390243905,4.1824855248954655,16,330.0,0.18586620103457765,22,975.0,0.2051564123868912,38,1305.0
5100.0,38,619.0,7.7375,3.3578700692936665,21,418.0,0.12462057916709592,17,953.0,0.20375285527834067,38,1371.0
5105.0,45,763.0,9.782051282051283,3.3407765968845013,25,531.0,0.15168938442741745,20,916.0,0.15781059930092142,45,1447.0
5110.0,50,832.0,10.271604938271604,2.6641680916501427,25,569.0,0.18463459349542016,25,929.0,0.08517691038394586,50,1498.0
5115.0,43,929.0,11.329268292682928,3.3624531468649264,24,576.0,0.2008726361373291,19,856.0,0.16894835283906762,43,1432.0
5120.0,38,785.0,9.691358024691358,3.7855299043371122,23,600.0,0.18407951485529184,15,754.0,0.2854103272460464,38,1354.0
5125.0,29,416.0,5.0120481927710845,4.399110269012403,16,534.0,0.22021219709464143,13,641.0,0.25918767621493716,29,1175.0
5130.0,29,447.0,5.451219512195122,4.8714048927318725,11,440.0,0.29737147541406306,18,577.0,0.18266983553001553,29,1017.0
5135.0,31,453.0,5.6625,4.476490609006143,10,411.0,0.2817380282208546,21,589.0,0.09510296364053732,31,1000.0
5140.0,29,429.0,5.797297297297297,4.353820164964889,14,374.0,0.16433254168493194,15,556.0,0.23072581250250584,29,930.0
5145.0,31,501.0,6.77027027027027,3.703801184819601,17,392.0,0.0865518128363334,14,576.0,0.21587916961254724,31,968.0
5150.0,32,593.0,8.471428571428572,3.5942638525278388,15,372.0,0.2025684500888451,17,595.0,0.08619381084925334,32,967.0
5155.0,34,591.0,8.691176470588236,4.265290571353704,11,347.0,0.3670889478470518,23,606.0,0.08804232365674482,34,953.0
5160.0,30,507.0,7.8,4.325931386963455,11,342.0,0.29929548752058116,19,566.0,0.11501160229223296,30,908.0
5165.0,34,574.0,8.830769230769231,4.112957951017784,16,368.0,0.2553648333704865,18,593.0,0.1804458492732316,34,961.0
5170.0,28,405.0,6.136363636363637,4.054960815413612,16,346.0,0.1912123781471218,12,533.0,0.2638546159274627,28,879.0
5175.0,28,445.0,6.544117647058823,5.1353394544820254,18,297.0,0.12135426905628498,10,485.0,0.4118310791022687,28,782.0
5180.0,27,484.0,6.816901408450704,5.196503289735905,16,333.0,0.15982024325907995,11,467.0,0.37686975066013256,27,800.0
5185.0,24,433.0,6.27536231884058,4.8771152994046565,8,301.0,0.2747562662738777,16,454.0,0.22786886917382762,24,755.0
5190.0,28,438.0,6.7384615384615385,4.260259340534541,6,223.0,0.40453731904391627,22,496.0,0.09011898450589577,28,719.0
5195.0,27,472.0,7.492063492063492,4.862876551153157,10,170.0,0.35948985196270733,17,506.0,0.176462202462062,27,676.0
5200.0,22,210.0,3.3333333333333335,4.652753669600025,9,161.0,0.2484401196419484,13,369.0,0.26307401126353464,22,530.0
5205.0,28,271.0,4.106060606060606,4.705359846521707,13,180.0,0.24932213118218155,15,298.0,0.23464219936639685,28,478.0
5210.0,32,289.0,4.313432835820896,4.528129853057625,10,179.0,0.33959045944615474,22,345.0,0.1976717324267241,32,524.0
5215.0,25,325.0,4.577464788732394,5.191788194957854,4,120.0,0.43644562953911115,21,400.0,0.17310471362443983,25,520.0
5220.0,28,354.0,4.783783783783784,5.2520336547454365,5,123.0,0.40455154656760084,23,454.0,0.20313315207385182,28,577.0
5225.0,27,330.0,4.342105263157895,4.957063665788761,12,146.0,0.2048475553297583,15,433.0,0.27152317120974145,27,579.0
5230.0,31,340.0,4.533333333333333,4.474705839757888,15,178.0,0.08208060974522055,16,421.0,0.32632581546825246,31,599.0
5235.0,29,294.0,3.8684210526315788,4.784473862685097,10,197.0,0.18257126205137034,19,419.0,0.2578103118105111,29,616.0
5240.0,23,270.0,3.75,4.692136781649892,5,207.0,0.2682735756702756,18,444.0,0.2272193086787655,23,651.0
5245.0,36,388.0,5.388888888888889,3.704290573689764,13,247.0,0.2082491369922845,23,502.0,0.13181411097268803,36,749.0
5250.0,40,363.0,5.185714285714286,3.4228092697935466,14,211.0,0.22737480889438386,26,545.0,0.09137960133760761,40,756.0
5255.0,36,416.0,5.777777777777778,4.032385838498197,15,232.0,0.20549258968100673,21,526.0,0.15056057599106346,36,758.0
5260.0,35,398.0,5.4520547945205475,4.390779601131343,14,249.0,0.2605318811656526,21,555.0,0.17712814658072193,35,804.0
5265.0,26,311.0,4.319444444444445,5.4791581848220785,5,198.0,0.39608055258591535,21,567.0,0.17977333921908362,26,765.0
5270.0,27,343.0,5.196969696969697,4.7600367079283075,5,184.0,0.40010828251232694,22,636.0,0.13293980632403263,27,820.0
5275.0,37,470.0,7.230769230769231,4.283051356074394,14,236.0,0.2705849633900113,23,707.0,0.14573566403523375,37,943.0
5280.0,36,513.0,8.015625,3.149096631607426,14,245.0,0.14827407987059993,22,709.0,0.14330440979694972,36,954.0
5285.0,29,428.0,6.7936507936507935,4.112965533819267,10,197.0,0.19737264622156156,19,694.0,0.162259847923299,29,891.0
5290.0,24,347.0,5.507936507936508,4.401365941667624,7,162.0,0.2953398354128985,17,672.0,0.13781538816988517,24,834.0
5295.0,24,216.0,3.272727272727273,4.980624020757416,12,158.0,0.2653241209558378,12,584.0,0.20405177672771344,24,742.0
5300.0,27,301.0,4.630769230769231,4.962119516267514,12,166.0,0.24445522768876937,15,593.0,0.2780603485259327,27,759.0
5305.0,20,335.0,5.234375,5.466273819770212,4,152.0,0.32318902086415374,16,556.0,0.2633572103608183,20,708.0
5310.0,23,309.0,5.15,4.723950218818647,3,89.0,0.4411088399406726,20,565.0,0.13185765255893256,23,654.0
5315.0,22,367.0,6.116666666666666,4.534894940529231,8,91.0,0.2802512475295917,14,515.0,0.18312487250309098,22,606.0
5320.0,21,321.0,5.631578947368421,4.82329393697638,8,109.0,0.17563744757352281,13,463.0,0.28433136109028173,21,572.0
5325.0,19,319.0,5.907407407407407,6.048231230198389,4,79.0,0.3503449675981232,15,420.0,0.29422274980571195,19,499.0
5330.0,21,352.0,6.6415094339622645,5.225008811804393,5,77.0,0.43039602343642375,16,420.0,0.11503609428250285,21,497.0
5335.0,26,418.0,7.333333333333333,5.994152704835775,10,106.0,0.3895479868104699,16,414.0,0.154292757203999,26,520.0
5340.0,21,337.0,5.711864406779661,5.732409709494607,7,138.0,0.4527562586548782,14,347.0,0.1634556725812472,21,485.0
5345.0,19,348.0,5.898305084745763,6.855473161131809,8,179.0,0.5245198018078218,11,272.0,0.2613135861421743,19,451.0
5350.0,14,250.0,4.545454545454546,6.506451175913985,6,155.0,0.5322555984179139,8,255.0,0.28916849162661434,14,410.0
5355.0,21,263.0,5.26,5.540276784267402,11,176.0,0.4227538163757415,10,186.0,0.21812106033035836,21,362.0
5360.0,23,301.0,6.142857142857143,4.732145181333718,12,195.0,0.26430181307550316,11,203.0,0.19855290243665705,23,398.0
5365.0,24,371.0,7.571428571428571,4.833901458641896,14,220.0,0.20893258822640118,10,214.0,0.2501571292480118,24,434.0
5370.0,22,293.0,6.23404255319149,4.375694175352976,13,206.0,0.24553006682424308,9,202.0,0.29303230926360946,22,408.0
5375.0,21,331.0,7.042553191489362,5.213318465233219,12,171.0,0.2522316951544244,9,248.0,0.39168961185466916,21,419.0
5380.0,18,218.0,4.36,5.104885395468061,11,181.0,0.2209146725815571,7,210.0,0.44017917078665864,18,391.0
5385.0,12,129.0,2.58,6.403953674264572,7,154.0,0.35601701998562024,5,122.0,0.41571347110097295,12,276.0
5390.0,13,118.0,2.4583333333333335,6.186506761882936,8,159.0,0.3496983154823849,5,113.0,0.3236053169552913,13,272.0
5395.0,14,159.0,3.4565217391304346,6.77420384224336,9,162.0,0.24825437136390394,5,126.0,0.47994966439410924,14,288.0
5400.0,14,178.0,3.869565217391304,6.009334376560695,8,173.0,0.23277776520161927,6,107.0,0.34352004138317443,14,280.0
5405.0,13,231.0,4.8125,7.460343894671735,6,179.0,0.4179371122585317,7,105.0,0.41584515959330215,13,284.0
5410.0,16,297.0,6.1875,7.081691744308105,8,203.0,0.35065502585139496,8,140.0,0.42045582912182294,16,343.0
5415.0,15,265.0,5.408163265306122,7.068922212349954,7,188.0,0.43424065225332076,8,138.0,0.4010163968247628,15,326.0
5420.0,18,317.0,7.044444444444444,5.495712403714284,6,160.0,0.42532589061273807,12,191.0,0.3003501456898086,18,351.0
5425.0,18,217.0,4.617021276595745,4.7335096947323345,7,81.0,0.39236065734870207,11,208.0,0.31885288908158405,18,289.0
5430.0,19,258.0,5.26530612244898,5.610896015689924,10,124.0,0.2617050106235512,9,204.0,0.4566393303634512,19,328.0
5435.0,17,142.0,2.6792452830188678,5.294342701238661,9,115.0,0.19174821549361742,8,102.0,0.404154501334341,17,217.0
5440.0,21,235.0,4.196428571428571,5.966438478506738,12,151.0,0.2626314369881349,9,123.0,0.41637054795156303,21,274.0
5445.0,21,259.0,4.543859649122807,5.559161394640229,11,178.0,0.28587193741919864,10,149.0,0.3791413721810683,21,327.0
5450.0,20,336.0,6.109090909090909,6.103258642703599,8,189.0,0.4355304378726453,12,190.0,0.38499858388243374,20,379.0
5455.0,22,216.0,3.6,5.393740497973535,9,169.0,0.37152761017632924,13,188.0,0.3375360411573161,22,357.0
5460.0,19,170.0,2.7868852459016393,5.9441848815973275,5,106.0,0.3957480801888547,14,177.0,0.28435241696926195,19,283.0
5465.0,20,163.0,2.546875,5.820704316846789,5,120.0,0.3906449804277753,15,195.0,0.22040230113810103,20,315.0
5470.0,20,170.0,2.65625,5.940647464750365,12,169.0,0.2946485986895925,8,155.0,0.28303437393247016,20,324.0
5475.0,23,189.0,3.2033898305084745,4.289443042279392,15,197.0,0.16928644643420437,8,121.0,0.30534344680633235,23,318.0
5480.0,21,247.0,3.9206349206349205,4.857940792971882,12,192.0,0.23255791542483434,9,136.0,0.28464558692362607,21,328.0
5485.0,27,293.0,4.80327868852459,5.644248468278779,14,238.0,0.34639779096188505,13,140.0,0.3057760177804624,27,378.0
5490.0,23,316.0,5.015873015873016,6.04994595913576,11,247.0,0.3696749574069926,12,165.0,0.28390982794048447,23,412.0
5495.0,29,421.0,6.901639344262295,5.273912367188533,17,288.0,0.3008283479494927,12,211.0,0.21659750371895697,29,499.0
5500.0,32,574.0,9.566666666666666,5.16790067660281,18,380.0,0.2995074922625266,14,271.0,0.29720915021125444,32,651.0
5505.0,30,495.0,7.983870967741935,4.383735758965389,18,379.0,0.28658645926748344,12,270.0,0.30269959427879106,30,649.0
5510.0,23,337.0,5.435483870967742,5.246956267196597,17,371.0,0.26589779915437406,6,210.0,0.43565572181477585,23,581.0
5515.0,23,269.0,4.138461538461539,4.8071423883083115,15,401.0,0.22827688922105166,8,191.0,0.40694383077376234,23,592.0
5520.0,22,267.0,3.926470588235294,5.167286737325931,12,393.0,0.27828669372195763,10,210.0,0.3022239837893141,22,603.0
5525.0,27,333.0,4.897058823529412,4.167101734748386,15,413.0,0.29371442313523366,12,226.0,0.10620367398363204,27,639.0
5530.0,26,396.0,5.739130434782608,5.285580248730306,17,410.0,0.2790715959441964,9,192.0,0.25243130561072136,26,602.0
5535.0,26,369.0,5.426470588235294,4.877473786761262,19,464.0,0.21278579825158228,7,148.0,0.2712562001351804,26,612.0
5540.0,28,446.0,6.656716417910448,5.4136754479984415,16,485.0,0.24677052146268888,12,128.0,0.2489101196488296,28,613.0
5545.0,24,449.0,6.907692307692308,4.602702042645518,16,516.0,0.22764696238834717,8,138.0,0.135873642612602,24,654.0
5550.0,27,504.0,8.129032258064516,5.8334441202764085,20,535.0,0.20423708448078567,7,133.0,0.4187773828001257,27,668.0
5555.0,28,490.0,8.448275862068966,5.043396559766533,23,566.0,0.10328657651141074,5,147.0,0.5852802064135357,28,713.0
5560.0,31,454.0,7.32258064516129,4.910615801890789,23,547.0,0.1185694352148115,8,179.0,0.48333043528733943,31,726.0
5565.0,27,419.0,6.650793650793651,4.553966913797889,20,563.0,0.18288023427989047,7,145.0,0.4568080887739664,27,708.0
5570.0,28,456.0,7.354838709677419,4.989997177907365,16,526.0,0.3189013149242083,12,186.0,0.30944999456892197,28,712.0
5575.0,24,331.0,5.015151515151516,4.92256979866943,14,525.0,0.3531098734807596,10,142.0,0.3420281569561893,24,667.0
5580.0,22,260.0,4.0,5.1851017549933776,13,461.0,0.3020937521675854,9,141.0,0.34189822588449187,22,602.0
5585.0,26,285.0,4.071428571428571,3.946092355729583,16,503.0,0.19651127667466772,10,142.0,0.2170215082259639,26,645.0
5590.0,29,349.0,5.057971014492754,4.470337758601027,21,540.0,0.16502328213464476,8,142.0,0.3362092906456589,29,682.0
5595.0,33,445.0,6.449275362318841,3.861472037235042,25,592.0,0.09639019729162428,8,133.0,0.3712511004358699,33,725.0
5600.0,28,502.0,7.171428571428572,4.349650047285311,19,621.0,0.16173110973647362,9,153.0,0.29507446941724225,28,774.0
5605.0,25,484.0,7.0144927536231885,4.657345190575727,14,588.0,0.24107794810158314,11,175.0,0.27677582363750547,25,763.0
5610.0,27,433.0,6.462686567164179,4.80802561727918,17,521.0,0.16841116330169104,10,193.0,0.30331170125114437,27,714.0
5615.0,30,517.0,7.953846153846154,3.860855897736817,21,586.0,0.11787755426399074,9,207.0,0.30608661241727547,30,793.0
5620.0,29,569.0,8.753846153846155,4.433634667715148,17,617.0,0.21012625453861253,12,216.0,0.22779070241282456,29,833.0
5625.0,25,558.0,9.147540983606557,4.9927070649100145,15,634.0,0.32236070907868924,10,164.0,0.1539021165099799,25,798.0
5630.0,22,552.0,9.2,5.1673474939198245,13,635.0,0.281725730910788,9,172.0,0.19704279303390335,22,807.0
5635.0,25,614.0,10.771929824561404,4.763808884721988,17,648.0,0.21688659241818722,8,195.0,0.2885258597995781,25,843.0
5640.0,27,421.0,7.654545454545454,4.459746325854015,20,555.0,0.1477133267859162,7,188.0,0.28387656072315204,27,743.0
5645.0,30,458.0,8.481481481481481,4.484033326634449,20,425.0,0.10192829369656328,10,234.0,0.33700565988328884,30,659.0
5650.0,30,510.0,8.5,4.481385017006594,22,457.0,0.13223726561784863,8,245.0,0.3672361721085713,30,702.0
5655.0,27,546.0,8.950819672131148,5.186443966068236,19,488.0,0.2313827279366482,8,263.0,0.4817524348029816,27,751.0
5660.0,23,365.0,5.887096774193548,4.900352003544836,19,515.0,0.27967393566617554,4,171.0,0.4495215906524166,23,686.0
5665.0,26,295.0,4.609375,5.049155578249495,13,440.0,0.3210545080039008,13,134.0,0.3217661303510844,26,574.0
5670.0,26,329.0,4.984848484848484,5.100919090279877,14,431.0,0.31825384186826944,12,182.0,0.23968555231770425,26,613.0
5675.0,27,359.0,5.128571428571429,4.876415706571589,13,448.0,0.21535659263772175,14,243.0,0.2449272385413772,27,691.0
5680.0,30,395.0,5.895522388059701,4.966599631523689,18,454.0,0.2483882475409092,12,268.0,0.29875807124547804,30,722.0
5685.0,28,376.0,6.064516129032258,5.0195938245862814,20,448.0,0.18076750383024046,8,235.0,0.37510712371880744,28,683.0
5690.0,30,432.0,7.081967213114754,4.634991996472141,21,428.0,0.10674800252943178,9,234.0,0.35134845274154364,30,662.0
5695.0,28,356.0,5.933333333333334,3.874938654642575,19,463.0,0.09111488380299444,9,190.0,0.24583200905325853,28,653.0
5700.0,25,336.0,5.508196721311475,5.044149893052103,14,425.0,0.23251444756103318,11,165.0,0.2775471963788803,25,590.0
5705.0,20,357.0,6.155172413793103,5.707182114382066,11,371.0,0.3707104121971032,9,167.0,0.22521823089725718,20,538.0
5710.0,25,448.0,7.593220338983051,5.352939751615803,14,409.0,0.24085277546832215,11,211.0,0.2312743698636209,25,620.0
5715.0,25,468.0,7.932203389830509,4.824702455244666,18,426.0,0.18708428117226344,7,214.0,0.3226503674785083,25,640.0
5720.0,26,537.0,9.763636363636364,4.605715015438172,19,462.0,0.1326761127333184,7,206.0,0.4212437905605529,26,668.0
5725.0,21,423.0,7.833333333333333,5.095864128953106,14,456.0,0.1754180355687027,7,140.0,0.37821795203028213,21,596.0
5730.0,22,426.0,7.745454545454545,5.053199831496052,15,474.0,0.22104352583349987,7,95.0,0.23365022281497122,22,569.0
5735.0,26,487.0,8.854545454545455,5.015250557891877,18,477.0,0.27245602204917885,8,120.0,0.2396859689139067,26,597.0
5740.0,27,358.0,6.392857142857143,5.069261068613254,18,400.0,0.25394675757320606,9,151.0,0.39481134346415925,27,551.0
5745.0,22,338.0,6.2592592592592595,5.218275796341352,15,316.0,0.1927169590978029,7,140.0,0.49690084403366974,22,456.0
5750.0,27,434.0,7.482758620689655,5.063758816258411,19,356.0,0.18594195288462237,8,175.0,0.457415115817353,27,531.0
5755.0,25,355.0,6.120689655172414,5.46419676453071,19,404.0,0.22124531950824428,6,125.0,0.4798820771910347,25,529.0
5760.0,23,311.0,5.271186440677966,4.700421637323942,17,421.0,0.19791084514589433,6,93.0,0.37022714802072004,23,514.0
5765.0,25,230.0,3.59375,4.655196140759794,12,353.0,0.2505684599988487,13,128.0,0.25669480796489436,25,481.0
5770.0,25,278.0,4.149253731343284,5.652559411379332,12,320.0,0.3359752336532242,13,167.0,0.32238884512531885,25,487.0
5775.0,17,294.0,4.388059701492537,5.904944768151668,10,323.0,0.22138706248990025,7,176.0,0.4899880463222062,17,499.0
5780.0,22,241.0,3.4927536231884058,4.969026639802154,15,339.0,0.21391341279147322,7,134.0,0.3354480387671726,22,473.0
5785.0,20,300.0,4.411764705882353,6.0197985223999995,10,325.0,0.3492287814880315,10,122.0,0.29068793865801373,20,447.0
5790.0,27,263.0,3.8676470588235294,5.286725132005452,13,286.0,0.3219405194632827,14,164.0,0.2079369754195997,27,450.0
5795.0,30,365.0,5.53030303030303,5.0796302655972365,20,295.0,0.19608890240079802,10,192.0,0.259195838775333,30,487.0
5800.0,34,370.0,5.522388059701493,4.541757554247204,24,381.0,0.1263408519702478,10,164.0,0.3109301164968642,34,545.0
5805.0,31,435.0,6.590909090909091,5.279689049224983,21,446.0,0.20840196524094567,10,151.0,0.4250019536355254,31,597.0
5810.0,23,364.0,5.777777777777778,4.708626341565146,16,477.0,0.25626732425556553,7,143.0,0.3597953477892206,23,620.0
5815.0,22,339.0,5.296875,4.777557907253595,11,444.0,0.29115656606784496,11,153.0,0.18726368200181737,22,597.0
5820.0,24,221.0,3.298507462686567,4.5043152479539215,13,369.0,0.2514248218760095,11,165.0,0.2077877901459186,24,534.0
5825.0,30,274.0,3.7534246575342465,5.105835249700989,19,389.0,0.22667694566245394,11,182.0,0.34372380053461005,30,571.0
5830.0,34,326.0,4.6571428571428575,4.763293099105544,26,464.0,0.2570917436084355,8,176.0,0.4081586100717032,34,640.0
5835.0,29,264.0,3.7183098591549295,4.663968473152868,27,566.0,0.1782080688449455,2,105.0,0.4755129465474662,29,671.0
5840.0,29,272.0,3.675675675675676,3.7312543479237,28,587.0,0.09290881336324223,1,104.0,0.42035242536477946,29,691.0
5845.0,30,253.0,3.2857142857142856,4.557841172342839,21,576.0,0.18058829988899722,9,131.0,0.3114356998162292,30,707.0
5850.0,27,230.0,2.911392405063291,5.018438463551435,17,587.0,0.25221773705925893,10,136.0,0.28615038201351345,27,723.0
5855.0,26,281.0,3.4691358024691357,5.5032706377857545,21,619.0,0.18556027353166618,5,98.0,0.4188074483227684,26,717.0
5860.0,35,367.0,4.766233766233766,4.362805412946295,29,680.0,0.13956545556721503,6,98.0,0.37041135593110397,35,778.0
5865.0,34,453.0,5.8076923076923075,4.264470797098031,21,697.0,0.15915869218153672,13,134.0,0.2839931412716626,34,831.0
5870.0,33,414.0,5.376623376623376,4.236381187861043,19,687.0,0.2398529578936001,14,157.0,0.1971232309137999,33,844.0
5875.0,30,454.0,5.973684210526316,4.3322447892761105,22,663.0,0.18199191385384747,8,152.0,0.26501770158467103,30,815.0
5880.0,34,502.0,7.070422535211268,4.384362093602472,27,711.0,0.08295011064418988,7,142.0,0.442299083807744,34,853.0
5885.0,37,469.0,6.605633802816901,3.9196303466664997,27,716.0,0.07062250838711533,10,153.0,0.32845991125203844,37,869.0
5890.0,35,453.0,6.4714285714285715,3.3938468177203176,22,767.0,0.11090760285026484,13,190.0,0.27727409130973063,35,957.0
5895.0,27,344.0,4.777777777777778,4.14529286412845,13,714.0,0.22946268565516403,14,197.0,0.23400233291443243,27,911.0
5900.0,30,345.0,4.791666666666667,4.368966040105237,14,729.0,0.24371295655282454,16,191.0,0.22537651945456816,30,920.0
5905.0,39,425.0,5.592105263157895,4.060763288203963,22,759.0,0.18715332114449582,17,234.0,0.25446899152070446,39,993.0
5910.0,33,290.0,3.918918918918919,4.139504063354354,25,769.0,0.19982653093499506,8,215.0,0.2794447460559401,33,984.0
5915.0,35,408.0,5.368421052631579,4.484770221881753,26,823.0,0.1618415208917026,9,200.0,0.289036082472974,35,1023.0
5920.0,35,486.0,6.394736842105263,4.522420415727294,26,866.0,0.11663602308842912,9,205.0,0.3166577085348404,35,1071.0
5925.0,35,524.0,7.277777777777778,4.251587441870798,19,836.0,0.10852269393118183,16,272.0,0.19745388908490197,35,1108.0
5930.0,37,554.0,8.26865671641791,2.8808336704050537,18,809.0,0.13138064868211555,19,322.0,0.08760522185674656,37,1131.0
5935.0,32,470.0,7.230769230769231,3.100820477944686,20,719.0,0.08993647126049535,12,329.0,0.17110024776685007,32,1048.0
5940.0,30,480.0,7.384615384615385,4.539754068564153,19,672.0,0.1458849701025511,11,331.0,0.35497870502159423,30,1003.0
5945.0,24,425.0,6.640625,5.009638567153698,14,687.0,0.19442186857989788,10,301.0,0.3501508797863346,24,988.0
5950.0,18,291.0,4.476923076923077,5.272057060190222,9,667.0,0.2153163417149599,9,274.0,0.34229681926123096,18,941.0
5955.0,18,344.0,5.639344262295082,4.950546430259585,10,604.0,0.2408394215728233,8,297.0,0.2773910721057344,18,901.0
5960.0,26,424.0,6.73015873015873,5.236710070558766,15,533.0,0.24373608459504656,11,322.0,0.29291274614914836,26,855.0
5965.0,26,367.0,5.919354838709677,4.306554434125037,15,540.0,0.13768639701312277,11,295.0,0.2782166394216443,26,835.0
5970.0,23,386.0,6.225806451612903,5.104681594331636,11,496.0,0.2177639373208116,12,241.0,0.303791539428013,23,737.0
5975.0,26,458.0,7.387096774193548,5.825835728538697,15,514.0,0.2847957677903089,11,246.0,0.29457959551269153,26,760.0
5980.0,24,515.0,8.306451612903226,5.893780183380327,15,581.0,0.23677110745398497,9,212.0,0.35058013097344565,24,793.0
5985.0,22,507.0,8.741379310344827,5.500687384329107,12,573.0,0.30185704437786215,10,215.0,0.2823256739029645,22,788.0
5990.0,22,487.0,8.854545454545455,4.972274809735965,8,496.0,0.4063623118756375,14,215.0,0.2274114738460502,22,711.0
5995.0,26,606.0,11.018181818181818,4.38104628060695,10,449.0,0.335059063643001,16,269.0,0.27007208272769423,26,718.0
6000.0,26,516.0,9.052631578947368,4.058855147942153,10,356.0,0.2914767680736708,16,338.0,0.2665595703706364,26,694.0
6005.0,33,655.0,10.916666666666666,3.889013311858858,13,351.0,0.2905629759277042,20,426.0,0.2407540386856145,33,777.0
6010.0,33,419.0,6.446153846153846,4.037821786254267,14,283.0,0.3055068259904619,19,450.0,0.22452953660308186,33,733.0
6015.0,27,414.0,6.088235294117647,4.997055496325306,14,214.0,0.28841872625834025,13,389.0,0.2608476403296506,27,603.0
6020.0,27,389.0,5.720588235294118,4.721093582684281,13,231.0,0.2356653902436964,14,379.0,0.2585309662182916,27,610.0
6025.0,23,270.0,3.9705882352941178,5.013064937491357,9,209.0,0.2369572395156858,14,359.0,0.20191891145213176,23,568.0
6030.0,28,254.0,3.96875,4.573598360505832,10,189.0,0.2756345743908363,18,408.0,0.15369978002262813,28,597.0
6035.0,32,299.0,4.746031746031746,4.310395853031594,11,201.0,0.3535466915092417,21,448.0,0.1312941101084871,32,649.0
6040.0,30,329.0,5.306451612903226,3.5724675324256205,10,210.0,0.31860665932999654,20,480.0,0.15192675518937732,30,690.0
6045.0,28,326.0,5.258064516129032,4.424171779675144,13,242.0,0.2409100613347008,15,473.0,0.2224456807972692,28,715.0
6050.0,27,381.0,6.145161290322581,4.503235978993925,15,274.0,0.1942555690560213,12,445.0,0.2800086737325932,27,719.0
6055.0,30,452.0,7.0625,4.245980589931895,17,337.0,0.22425983478354353,13,407.0,0.19972390324867562,30,744.0
6060.0,36,474.0,7.523809523809524,3.1317981503329535,15,345.0,0.2564556116017951,21,447.0,0.1550899149715443,36,792.0
6065.0,30,463.0,7.234375,4.305886707615156,9,296.0,0.2752691144246771,21,497.0,0.19848952468983197,30,793.0
6070.0,32,386.0,5.938461538461539,4.115279941513535,11,280.0,0.2807933652664607,21,533.0,0.14239832604156302,32,813.0
6075.0,32,427.0,6.188405797101449,4.417721678715175,10,235.0,0.2809944487120558,22,591.0,0.15967030487521974,32,826.0
6080.0,36,432.0,6.447761194029851,3.789964081308001,15,257.0,0.26744328057001904,21,609.0,0.2016981301973778,36,866.0
6085.0,28,333.0,4.826086956521739,4.709158497124226,17,322.0,0.14683985231891777,11,532.0,0.36864503737731374,28,854.0
6090.0,27,396.0,5.6571428571428575,4.614926221773146,19,379.0,0.1306808311162236,8,537.0,0.3868823293391272,27,916.0
6095.0,32,534.0,7.628571428571429,4.481464690280027,18,421.0,0.18728773249787245,14,599.0,0.271654807104839,32,1020.0
6100.0,36,522.0,7.352112676056338,3.4869508106778317,15,414.0,0.21788657261735234,21,622.0,0.1896511500358575,36,1036.0
6105.0,33,419.0,5.901408450704225,3.735126308946252,8,309.0,0.24665676143033885,25,704.0,0.15245921352855415,33,1013.0
6110.0,29,409.0,5.680555555555555,4.419799072560715,6,231.0,0.350243987037332,23,714.0,0.167432054108046,29,945.0
6115.0,30,413.0,5.657534246575342,4.896454815424936,3,191.0,0.4292139356983274,27,679.0,0.14426323352884576,30,870.0
6120.0,35,456.0,6.422535211267606,4.0413746805080715,9,189.0,0.33447374859428064,26,696.0,0.13407414115747834,35,885.0
6125.0,32,342.0,4.684931506849315,3.8714339883470767,12,176.0,0.22699607213297132,20,601.0,0.18214779834368677,32,777.0
6130.0,23,269.0,3.736111111111111,4.984699909453625,7,119.0,0.3389996591558299,16,516.0,0.19621072715593788,23,635.0
6135.0,18,294.0,4.2,6.14983294844148,6,120.0,0.45172388108609113,12,524.0,0.23303219253267765,18,644.0
6140.0,22,330.0,4.852941176470588,5.783196685565269,7,135.0,0.41924673530433126,15,535.0,0.167847549661459,22,670.0
6145.0,34,418.0,6.147058823529412,4.359191096476554,11,180.0,0.36415513914783887,23,570.0,0.06304575296577893,34,750.0
6150.0,34,467.0,6.768115942028985,4.833732957684841,9,190.0,0.36923580864092187,25,618.0,0.1587263223887565,34,808.0
6155.0,31,538.0,8.40625,4.8845901400746,10,212.0,0.40971698798641704,21,650.0,0.2332605515024346,31,862.0
6160.0,25,381.0,5.953125,3.9794122370302363,11,171.0,0.2755277377751277,14,570.0,0.22449076007002847,25,741.0
6165.0,26,448.0,6.892307692307693,4.862371086887009,13,178.0,0.21179869760076583,13,511.0,0.2993397692322296,26,689.0
6170.0,27,464.0,6.823529411764706,4.900257313624549,15,220.0,0.219209745576191,12,480.0,0.2502971887895871,27,700.0
6175.0,24,506.0,7.666666666666667,5.534034177479614,10,245.0,0.33545048224172763,14,486.0,0.19614600721125766,24,731.0
6180.0,26,467.0,7.412698412698413,4.7826136217795465,8,190.0,0.3292781699331608,18,508.0,0.12136832532521649,26,698.0
6185.0,24,496.0,8.266666666666667,5.328959596933883,11,175.0,0.17135873027346016,13,495.0,0.24696410071050398,24,670.0
6190.0,27,305.0,5.446428571428571,3.9590925890897535,14,198.0,0.05917407882284204,13,398.0,0.22897524510713993,27,596.0
6195.0,28,385.0,6.52542372881356,4.911566419059703,13,217.0,0.2564744809019016,15,360.0,0.2435410612892065,28,577.0
6200.0,27,417.0,7.581818181818182,4.534838000595206,10,233.0,0.3281396922692157,17,415.0,0.28080411953153145,27,648.0
6205.0,23,421.0,7.517857142857143,5.50991216241219,9,206.0,0.4418593169926899,14,433.0,0.25610032586620624,23,639.0
6210.0,21,362.0,6.464285714285714,4.016535064993645,7,167.0,0.33207342028525266,14,439.0,0.11570727817319984,21,606.0
6215.0,25,382.0,6.701754385964913,4.83293517212595,13,201.0,0.21196203985437254,12,413.0,0.23972944532895402,25,614.0
6220.0,25,248.0,4.428571428571429,4.792266981948194,14,223.0,0.11380673096795145,11,315.0,0.2858732247276274,25,538.0
6225.0,30,300.0,5.084745762711864,4.589818297086023,15,249.0,0.1745305603984518,15,255.0,0.23620841833464115,30,504.0
6230.0,27,319.0,5.406779661016949,4.790198908747954,11,253.0,0.33815645288071555,16,280.0,0.23482755653415216,27,533.0
6235.0,21,306.0,5.368421052631579,5.452507211442791,6,212.0,0.4773220871522824,15,295.0,0.22609217792617048,21,507.0
6240.0,19,223.0,3.7796610169491527,5.192184183973767,7,169.0,0.4161165149591449,12,290.0,0.2204542619991146,19,459.0
6245.0,19,157.0,2.5737704918032787,5.90738017099822,9,120.0,0.3034805073268647,10,230.0,0.2708648322277965,19,350.0
6250.0,21,204.0,3.4,5.198747931989284,10,123.0,0.17902432777499597,11,240.0,0.2910223258248735,21,363.0
6255.0,20,255.0,4.473684210526316,6.105580618590593,8,133.0,0.34642422480807483,12,258.0,0.29364175669306414,20,391.0
6260.0,20,250.0,4.464285714285714,4.695074258581284,6,119.0,0.35245138277656046,14,269.0,0.13503706357507822,20,388.0
6265.0,19,294.0,4.983050847457627,5.946818383463348,9,118.0,0.4202908560555453,10,268.0,0.25207275663227785,19,386.0
6270.0,16,239.0,4.192982456140351,6.512383906189953,8,114.0,0.4673603970003265,8,206.0,0.3106975251101702,16,320.0
6275.0,19,301.0,5.375,6.263267219188988,9,138.0,0.38222511248227176,10,241.0,0.36403406638140146,19,379.0
6280.0,26,210.0,3.8181818181818183,4.181095882485369,16,175.0,0.22250565731624758,10,177.0,0.3002825840216045,26,352.0
6285.0,29,317.0,5.660714285714286,4.609476978965894,15,214.0,0.28565439087559846,14,196.0,0.3236122576120876,29,410.0
6290.0,29,359.0,6.084745762711864,3.9258253343059013,15,267.0,0.2820701660915957,14,225.0,0.23076003789222385,29,492.0
6295.0,24,422.0,6.918032786885246,4.719777043325447,15,310.0,0.28880295218643004,9,221.0,0.2256452481373322,24,531.0
6300.0,29,344.0,5.292307692307692,4.667823300274409,18,317.0,0.23117365551630764,11,209.0,0.28478837563166143,29,526.0
6305.0,22,228.0,3.3529411764705883,5.726336512049588,11,249.0,0.3336587250255993,11,173.0,0.2875650379286092,22,422.0
6310.0,23,263.0,3.8676470588235294,4.914546162856061,11,275.0,0.3350452765645288,12,199.0,0.17494378246118636,23,474.0
6315.0,24,297.0,4.304347826086956,5.305590116815527,14,304.0,0.24690672471885608,10,214.0,0.3200957276221509,24,518.0
6320.0,24,364.0,5.2,4.530947995165377,16,322.0,0.11288452951482067,8,224.0,0.38304222457560116,24,546.0
6325.0,25,425.0,6.159420289855072,5.486565728779934,12,311.0,0.21578303333627807,13,255.0,0.389443640026738,25,566.0
6330.0,25,394.0,6.061538461538461,4.215474295900703,15,296.0,0.2120381729058883,10,281.0,0.23760154772035177,25,577.0
6335.0,31,467.0,7.184615384615385,4.463867067895036,21,303.0,0.1438823276374272,10,301.0,0.25043124422791896,31,604.0
6340.0,29,420.0,6.363636363636363,3.88730864978718,20,361.0,0.06692907679028538,9,257.0,0.28334202467541747,29,618.0
6345.0,30,518.0,8.09375,4.977599567422023,17,393.0,0.22137513660859187,13,236.0,0.2999379810662722,30,629.0
6350.0,27,539.0,8.983333333333333,4.943956856480581,16,399.0,0.2627369901395964,11,283.0,0.29321529483725844,27,682.0
6355.0,31,654.0,11.275862068965518,4.7935142629920495,18,449.0,0.24994525397936573,13,310.0,0.2414021023143642,31,759.0
6360.0,32,547.0,9.596491228070175,3.367820434660813,23,501.0,0.11798214485028972,9,208.0,0.2285583180450614,32,709.0
6365.0,30,649.0,11.0,4.211303229530806,22,588.0,0.15933423661515736,8,167.0,0.36475759959059195,30,755.0
6370.0,27,592.0,9.704918032786885,5.0394249526246,21,641.0,0.2412276069065684,6,126.0,0.40010608951704113,27,767.0
6375.0,22,596.0,10.101694915254237,5.6943674006099325,14,647.0,0.3501419766864507,8,83.0,0.31132948790366,22,730.0
6380.0,25,553.0,9.372881355932204,4.484538907599759,14,603.0,0.22203981787411628,11,104.0,0.2633416963598507,25,707.0
6385.0,28,402.0,6.813559322033898,4.9501148016569445,17,545.0,0.16338521786326726,11,161.0,0.325297996969857,28,706.0
6390.0,21,222.0,3.7,4.029957763280163,13,595.0,0.15546686158562834,8,160.0,0.3381268794786075,21,755.0
6395.0,24,248.0,4.133333333333334,5.39139028008016,20,672.0,0.17236156719419668,4,114.0,0.5265591379388346,24,786.0
6400.0,28,276.0,4.524590163934426,4.344468628094425,22,711.0,0.16524264576003736,6,96.0,0.3779631302486046,28,807.0
6405.0,34,400.0,6.153846153846154,4.381323275276415,23,768.0,0.16206528486604435,11,149.0,0.3170415472117728,34,917.0
6410.0,37,503.0,7.621212121212121,4.018665746256106,22,804.0,0.21448006082103488,15,165.0,0.21223045094295354,37,969.0
6415.0,27,514.0,7.6716417910447765,4.628093066397039,19,754.0,0.18630294344242393,8,157.0,0.2971388889026162,27,911.0
6420.0,23,530.0,8.030303030303031,5.1445266033042785,18,706.0,0.1602251044725028,5,134.0,0.41339554821817315,23,840.0
6425.0,30,649.0,9.140845070422536,5.78107381290065,21,622.0,0.22232705885284582,9,128.0,0.4501976166393402,30,750.0
6430.0,31,542.0,7.633802816901408,4.371730766548254,18,609.0,0.2369750965302771,13,113.0,0.33020465787956615,31,722.0
6435.0,30,334.0,4.638888888888889,4.8379427547687,12,482.0,0.27613260411310553,18,194.0,0.2632669693534762,30,676.0
6440.0,26,332.0,4.368421052631579,4.564679698425681,9,515.0,0.2491628024915505,17,266.0,0.24171137884255803,26,781.0
6445.0,36,451.0,5.567901234567901,4.435135912373125,17,553.0,0.18205873698122232,19,341.0,0.28240831679101525,36,894.0
6450.0,41,432.0,5.468354430379747,3.836875435783416,22,583.0,0.1707885120172414,19,372.0,0.30367764477349174,41,955.0
6455.0,39,369.0,4.6125,4.083848215288365,24,644.0,0.13860597400064642,15,324.0,0.30726685390486475,39,968.0
6460.0,32,357.0,4.4625,4.424353281615918,22,645.0,0.159005702142201,10,307.0,0.3366941748871447,32,952.0
6465.0,29,326.0,4.0246913580246915,4.968416402331724,14,587.0,0.19743277004791854,15,276.0,0.31022819369659765,29,863.0
6470.0,28,306.0,3.7777777777777777,4.724869189253865,11,395.0,0.3004919950879177,17,306.0,0.20858794111146847,28,701.0
6475.0,32,339.0,4.035714285714286,4.710534335012777,9,385.0,0.29626557378768453,23,381.0,0.17234437250767415,32,766.0
6480.0,39,400.0,4.761904761904762,4.0596110592209484,13,378.0,0.2640004915771697,26,428.0,0.1604283145597109,39,806.0
6485.0,36,433.0,5.345679012345679,3.9213644413104904,16,368.0,0.17372483512895412,20,410.0,0.22622592545757975,36,778.0
6490.0,28,417.0,5.346153846153846,4.291818714952429,14,353.0,0.15867873098069082,14,433.0,0.27843748540347074,28,786.0
6495.0,30,406.0,5.139240506329114,4.492760563465063,11,335.0,0.23350730036948736,19,473.0,0.20348011733464866,30,808.0
6500.0,41,428.0,5.558441558441558,3.5825364623000455,17,349.0,0.18901172149522213,24,502.0,0.18042058263351327,41,851.0
6505.0,43,522.0,6.6075949367088604,3.7635923605689916,19,393.0,0.17848871360406196,24,501.0,0.19793422156553642,43,894.0
6510.0,39,598.0,7.475,3.8596046586236086,12,377.0,0.26966979616661096,27,593.0,0.14914398979455631,39,970.0
6515.0,39,567.0,7.0875,3.7447155798121416,10,336.0,0.26185969102848355,29,669.0,0.1329612214677778,39,1005.0
6520.0,43,658.0,7.927710843373494,3.8039617978364983,17,347.0,0.21125909982942664,26,719.0,0.2067457571701289,43,1066.0
6525.0,40,495.0,5.963855421686747,3.5432697514099902,20,342.0,0.16345125901809435,20,643.0,0.23698014704299233,40,985.0
6530.0,40,496.0,6.048780487804878,4.188572006440919,22,364.0,0.22905703086065823,18,578.0,0.2010777335889619,40,942.0
6535.0,40,525.0,6.25,4.4057008786305,22,416.0,0.24398284990636707,18,588.0,0.22272268403519319,40,1004.0
6540.0,36,467.0,5.4941176470588236,4.226080415795466,16,386.0,0.23010125616524355,20,575.0,0.15576635358308666,36,961.0
6545.0,36,457.0,5.6419753086419755,4.4521942106500525,11,355.0,0.34369069670555685,25,623.0,0.07418123309088799,36,978.0
6550.0,35,488.0,6.1,4.819065355744324,11,342.0,0.36246267976354196,24,663.0,0.05574378444004997,35,1005.0
6555.0,38,587.0,7.5256410256410255,4.0966859200643615,16,378.0,0.21854742071362837,22,686.0,0.148034006262998,38,1064.0
6560.0,34,576.0,7.291139240506329,4.204610420228702,20,418.0,0.12462238695627481,14,613.0,0.2891388909406663,34,1031.0
6565.0,27,506.0,7.027777777777778,4.937063304261242,15,411.0,0.1858322308023341,12,582.0,0.3022066655859354,27,993.0
6570.0,24,456.0,6.2465753424657535,5.15197826162895,11,407.0,0.29910286422891613,13,523.0,0.18667766151070492,24,930.0
6575.0,30,452.0,6.457142857142857,3.9892966233732694,13,362.0,0.22905626205421492,17,531.0,0.11899868570246137,30,893.0
6580.0,31,485.0,7.348484848484849,4.173176494472597,18,374.0,0.20487059552045692,13,467.0,0.19382132507859554,31,841.0
6585.0,31,330.0,4.782608695652174,3.8551593770927224,17,353.0,0.13877559491384003,14,446.0,0.24266093577510658,31,799.0
6590.0,36,468.0,6.24,4.746192951623269,18,329.0,0.21514954071163472,18,492.0,0.3115419402698893,36,821.0
6595.0,34,515.0,6.95945945945946,5.206291083509137,17,364.0,0.3192098569245614,17,510.0,0.3395528629423704,34,874.0
6600.0,25,456.0,6.08,5.277424204051674,9,329.0,0.4151556390575885,16,540.0,0.16821028349305914,25,869.0
6605.0,25,339.0,4.8428571428571425,4.298566059204806,6,245.0,0.3280801963037184,19,547.0,0.1114315421882701,25,792.0
6610.0,26,330.0,4.714285714285714,4.740667285187238,13,228.0,0.16236429443282582,13,520.0,0.2663086979977192,26,748.0
6615.0,27,389.0,5.720588235294118,4.018722860641163,15,248.0,0.09825984412955328,12,530.0,0.2833242841331246,27,778.0
6620.0,23,432.0,6.447761194029851,4.211539135365372,8,235.0,0.2689866590199668,15,508.0,0.15783341621388688,23,743.0
6625.0,23,422.0,6.298507462686567,4.4389385544626325,5,153.0,0.42746466420873586,18,535.0,0.09907516974712123,23,688.0
6630.0,25,469.0,7.2153846153846155,4.875898961615432,10,153.0,0.2763878496403482,15,537.0,0.2245991452063691,25,690.0
6635.0,23,520.0,8.253968253968255,4.825470914470857,12,182.0,0.22975597908614545,11,545.0,0.26873517633898086,23,727.0
6640.0,21,576.0,9.76271186440678,4.880341609165269,9,195.0,0.3025056799202802,12,556.0,0.22053006690074597,21,751.0
6645.0,21,607.0,10.649122807017545,4.4445418040541975,7,203.0,0.37044812218647466,14,586.0,0.19353513115548415,21,789.0
6650.0,23,680.0,11.724137931034482,5.132461932347686,12,226.0,0.23275727174106164,11,594.0,0.3455257939238539,23,820.0
6655.0,26,607.0,10.116666666666667,4.581891777209497,13,287.0,0.2360614362123484,13,534.0,0.2528900162934623,26,821.0
6660.0,34,534.0,8.476190476190476,4.557025409344997,17,361.0,0.23657212274638736,17,377.0,0.26985004152888814,34,738.0
6665.0,32,586.0,9.15625,3.2725966828591133,14,388.0,0.2734612360639526,18,429.0,0.1547735447498715,32,817.0
6670.0,27,571.0,9.063492063492063,4.167796872016508,9,366.0,0.3598446445827069,18,483.0,0.18230825573441053,27,849.0
6675.0,25,600.0,8.823529411764707,4.3294155223540285,10,399.0,0.332333470050793,15,508.0,0.21987086651683024,25,907.0
6680.0,27,622.0,9.147058823529411,5.025383878003518,14,443.0,0.33456076585586914,13,478.0,0.2322544499983589,27,921.0
6685.0,33,266.0,3.8550724637681157,3.9776409553167764,17,352.0,0.24921627721157288,16,446.0,0.1506936962005326,33,798.0
6690.0,37,350.0,4.72972972972973,4.847647218464976,18,242.0,0.2830357023262935,19,443.0,0.20844625964284766,37,685.0
6695.0,34,407.0,5.652777777777778,4.723447224413407,16,260.0,0.3216515482089497,18,493.0,0.24695886961092928,34,753.0
6700.0,29,363.0,5.041666666666667,5.112021212666867,12,221.0,0.33290666398044577,17,513.0,0.26673067722792543,29,734.0
6705.0,28,378.0,5.178082191780822,4.1558553500184825,14,257.0,0.2372489538696501,14,515.0,0.2320484443641348,28,772.0
6710.0,31,361.0,4.628205128205129,4.463406365740102,18,296.0,0.15138848506644928,13,471.0,0.30228795993314767,31,767.0
6715.0,32,415.0,5.32051282051282,4.272995929691595,19,346.0,0.1374481136306038,13,504.0,0.34243438377855334,32,850.0
6720.0,41,580.0,7.341772151898734,4.540247231088932,21,398.0,0.2012496027428015,20,592.0,0.30131836297117964,41,990.0
6725.0,43,657.0,8.2125,3.7347201017323557,22,433.0,0.19542161956385867,21,636.0,0.22498832082234646,43,1069.0
6730.0,36,618.0,8.025974025974026,4.063195862402981,16,394.0,0.1511311373895944,20,655.0,0.25659254975619483,36,1049.0
6735.0,32,588.0,7.636363636363637,4.511918486908496,11,374.0,0.25959485419509065,21,603.0,0.16435199228686592,32,977.0
6740.0,33,503.0,6.532467532467533,4.199601515922946,10,374.0,0.28125090849891266,23,516.0,0.08185200456343311,33,890.0
6745.0,31,458.0,6.273972602739726,3.7454055824306085,10,354.0,0.274733397401805,21,548.0,0.13221779072447534,31,902.0
6750.0,29,374.0,5.123287671232877,4.076116753734681,15,376.0,0.21941583159771108,14,497.0,0.2366525998950582,29,873.0
6755.0,28,413.0,5.736111111111111,3.971777887876044,11,377.0,0.17949415293295862,17,508.0,0.2081171657778943,28,885.0
6760.0,31,459.0,6.202702702702703,4.870738293393893,14,401.0,0.2943983945123714,17,528.0,0.15439737408736862,31,929.0
6765.0,28,542.0,7.424657534246576,4.867784484175949,13,410.0,0.3045406069704619,15,539.0,0.15271652025174443,28,949.0
6770.0,27,557.0,7.736111111111111,5.032480229622011,15,437.0,0.30067792568127766,12,493.0,0.20901930858616807,27,930.0
6775.0,24,447.0,6.573529411764706,4.906501907045488,13,390.0,0.18304285330850872,11,434.0,0.3701094514819652,24,824.0
6780.0,34,577.0,8.01388888888889,4.645966041413472,17,447.0,0.22883032105795878,17,448.0,0.30434451524644746,34,895.0
6785.0,34,655.0,9.225352112676056,4.1751219395006824,17,486.0,0.20115099706342612,17,496.0,0.31535774142696593,34,982.0
6790.0,25,693.0,10.043478260869565,5.005569769102958,11,474.0,0.2223102975881774,14,531.0,0.32994838963938916,25,1005.0
6795.0,27,528.0,7.880597014925373,4.373569635793459,9,329.0,0.1822264490918977,18,603.0,0.17231132948176955,27,932.0
6800.0,33,567.0,8.338235294117647,4.381185107380635,13,232.0,0.12220151725540962,20,657.0,0.15246634897493255,33,889.0
6805.0,34,564.0,8.8125,4.178638293631216,14,245.0,0.1601129893002687,20,670.0,0.19166842976403609,34,915.0
6810.0,31,508.0,8.327868852459016,4.0784796234167775,13,269.0,0.22457628410029704,18,639.0,0.21944809468755175,31,908.0
6815.0,29,388.0,6.158730158730159,3.7358346913121547,11,280.0,0.30704841527255405,18,539.0,0.1634478235808453,29,819.0
6820.0,27,393.0,5.954545454545454,4.442961963813308,7,224.0,0.38487156355447977,20,529.0,0.18791945074165892,27,753.0
6825.0,28,386.0,5.594202898550725,4.386673344984573,6,221.0,0.39303946811125035,22,576.0,0.16696995982781276,28,797.0
6830.0,31,396.0,5.351351351351352,4.7020727548159815,12,253.0,0.30101517698657576,19,568.0,0.2184938249636618,31,821.0
6835.0,31,497.0,6.902777777777778,4.790584217971,15,255.0,0.22714211493952288,16,596.0,0.2980610943757786,31,851.0
6840.0,38,646.0,9.098591549295774,4.428291353141882,17,336.0,0.22723433149929392,21,626.0,0.25549805272232756,38,962.0
6845.0,39,690.0,9.71830985915493,3.114782672791577,18,349.0,0.15336592228703652,21,654.0,0.2031936246536782,39,1003.0
6850.0,33,563.0,8.159420289855072,3.516194555054942,9,312.0,0.20894672599561828,24,637.0,0.17947243040542307,33,949.0
6855.0,27,445.0,6.180555555555555,3.614558138378448,4,251.0,0.26471645754819034,23,690.0,0.15430599770186873,27,941.0
6860.0,30,419.0,5.586666666666667,4.644233250342006,11,193.0,0.18916083699756267,19,700.0,0.23256199856153037,30,893.0
6865.0,29,494.0,6.586666666666667,4.301135525395101,12,199.0,0.1606447705430871,17,686.0,0.25498792917999186,29,885.0
6870.0,25,529.0,7.053333333333334,4.8171726181887955,5,145.0,0.315743433379086,20,677.0,0.18768694285090867,25,822.0
6875.0,28,561.0,7.901408450704225,4.399271483555805,4,92.0,0.4667158320054462,24,725.0,0.125544777534856,28,817.0
6880.0,30,610.0,8.714285714285714,5.195273944735102,4,67.0,0.5442301622978433,26,785.0,0.12260401401838524,30,852.0
6885.0,30,652.0,9.055555555555555,4.4323513400182115,4,58.0,0.3754014663504657,26,840.0,0.1104035742642947,30,898.0
6890.0,33,674.0,9.36111111111111,5.0298316212138365,9,94.0,0.3677116470553954,24,835.0,0.17868443755242175,33,929.0
6895.0,21,356.0,4.944444444444445,4.849292649491537,6,113.0,0.3063116086364802,15,711.0,0.2420945533824848,21,824.0
6900.0,23,320.0,4.507042253521127,6.196846503808684,4,107.0,0.5641539134015773,19,542.0,0.2409464445063317,23,649.0
6905.0,28,382.0,5.536231884057971,5.090508203603821,5,123.0,0.5239656038987354,23,592.0,0.1547726107056829,28,715.0
6910.0,31,430.0,6.323529411764706,4.880535300640381,7,156.0,0.4892434838240413,24,638.0,0.15956413857135918,31,794.0
6915.0,33,415.0,6.287878787878788,3.807924392138461,8,90.0,0.36261411390209963,25,692.0,0.1600652944142344,33,782.0
6920.0,34,466.0,7.1692307692307695,3.943509430516007,13,136.0,0.20486207068301776,21,683.0,0.22107068160148005,34,819.0
6925.0,29,394.0,5.96969696969697,3.630712243372334,12,163.0,0.07750083855806246,17,674.0,0.1880386473866936,29,837.0
6930.0,27,336.0,5.090909090909091,4.33028657841338,9,155.0,0.25691542110326543,18,623.0,0.1549568976867976,27,778.0
6935.0,28,367.0,5.6461538461538465,4.295204592009439,6,158.0,0.36376527950547743,22,661.0,0.12203103867079239,28,819.0
6940.0,25,440.0,6.769230769230769,5.370617107152834,8,165.0,0.4128545907322707,17,660.0,0.19592489737095362,25,825.0
6945.0,25,318.0,4.96875,4.564413004529772,9,110.0,0.2667792197178665,16,616.0,0.2088490495695712,25,726.0
6950.0,34,425.0,6.746031746031746,4.918304934118062,13,164.0,0.2679427470322302,21,600.0,0.23663656407166986,34,764.0
6955.0,33,398.0,6.524590163934426,3.9378619962818036,12,171.0,0.2514870806128159,21,598.0,0.21767604495086607,33,769.0
6960.0,24,350.0,5.932203389830509,5.189335965215096,6,121.0,0.38769603291009763,18,569.0,0.2188880817074902,24,690.0
6965.0,23,338.0,5.451612903225806,4.30891508166658,6,119.0,0.34579206356986836,17,585.0,0.11399269699382063,23,704.0
6970.0,23,332.0,5.354838709677419,5.377181958873368,9,127.0,0.3577780717218451,14,535.0,0.2238645806057931,23,662.0
6975.0,26,317.0,5.112903225806452,4.593219559508534,11,138.0,0.18995403899787555,15,528.0,0.27407354023971964,26,666.0
6980.0,28,299.0,4.671875,4.925141099913638,13,179.0,0.2628608925780846,15,471.0,0.2912759250798974,28,650.0
6985.0,29,388.0,6.158730158730159,4.354387877310149,11,213.0,0.3677256619564364,18,501.0,0.2193854481924783,29,714.0
6990.0,27,473.0,7.507936507936508,3.8538814003451938,12,267.0,0.27628412548508346,15,520.0,0.1927220980025342,27,787.0
6995.0,29,450.0,7.258064516129032,3.932966968530119,11,247.0,0.25005337377349107,18,505.0,0.1736256391917667,29,752.0
7000.0,26,350.0,5.303030303030303,4.368542689245669,7,161.0,0.3344959599884207,19,513.0,0.10792348145574086,26,674.0
7005.0,25,428.0,7.016393442622951,4.366841301839907,6,177.0,0.47067667055426304,19,581.0,0.0745438561230711,25,758.0
7010.0,27,516.0,9.052631578947368,4.742652100783159,11,209.0,0.3442042434990212,16,620.0,0.16523034331103703,27,829.0
7015.0,28,433.0,8.169811320754716,3.6570339471799884,13,260.0,0.1161947072786183,15,571.0,0.20615014082136482,28,831.0
7020.0,32,539.0,9.981481481481481,4.340860967595605,17,340.0,0.16335588178474564,15,500.0,0.22100011016263763,32,840.0
7025.0,28,536.0,10.72,4.19264123247657,14,326.0,0.28701672468214984,14,486.0,0.24492801352061547,28,812.0
7030.0,15,319.0,6.510204081632653,5.486563551259525,7,245.0,0.37062262749450214,8,392.0,0.2781175356502985,15,637.0
7035.0,17,355.0,7.553191489361702,5.828300900563363,8,224.0,0.4427602320148604,9,348.0,0.20597507621236677,17,572.0
7040.0,19,266.0,5.541666666666667,4.590975803237021,9,143.0,0.3497628130294455,10,375.0,0.09257947131232572,19,518.0
7045.0,23,363.0,7.891304347826087,4.76881993764169,12,165.0,0.2870199120991591,11,407.0,0.1505452132023164,23,572.0
7050.0,20,339.0,7.0625,4.172640957003227,12,190.0,0.1313713168262372,8,375.0,0.2653255668817772,20,565.0
7055.0,16,219.0,4.38,6.184957225063238,11,192.0,0.252876271092664,5,289.0,0.38953070937538414,16,481.0
7060.0,15,245.0,5.444444444444445,6.617818926848325,10,218.0,0.36225822333717533,5,253.0,0.38163745570053903,15,471.0
7065.0,16,153.0,3.4,6.055675893719135,10,182.0,0.28162063981511076,6,172.0,0.3794331631584974,16,354.0
7070.0,13,144.0,3.4285714285714284,6.697351343963125,7,134.0,0.41363451997485223,6,146.0,0.4027295431211709,13,280.0
7075.0,12,117.0,3.0,5.579255270408999,4,106.0,0.3968232782668855,8,85.0,0.32371178967546715,12,191.0
7080.0,15,152.0,3.619047619047619,5.621808997948479,9,123.0,0.3766126490128787,6,93.0,0.34214954867868025,15,216.0
7085.0,16,179.0,4.162790697674419,5.370994791957435,7,146.0,0.4050235818375702,9,121.0,0.21794397548944722,16,267.0
7090.0,15,188.0,4.0,5.536158084739067,7,131.0,0.44936931336581254,8,112.0,0.15507272293822563,15,243.0
7095.0,18,276.0,6.0,6.525455095657202,9,168.0,0.45399046551831734,9,145.0,0.25095411926947997,18,313.0
7100.0,16,172.0,3.510204081632653,5.708723131802487,10,157.0,0.3152579792177705,6,120.0,0.26563584284013214,16,277.0
7105.0,13,180.0,3.673469387755102,6.588441434206423,11,183.0,0.25086143112002046,2,57.0,0.47708470700912986,13,240.0
7110.0,14,190.0,4.042553191489362,6.553043837935689,11,202.0,0.20863586505700787,3,59.0,0.5338538162511657,14,261.0
7115.0,21,273.0,5.46,6.290924167744836,14,248.0,0.22922566968832148,7,88.0,0.4555659981814846,21,336.0
7120.0,18,252.0,5.142857142857143,5.254427188928075,11,268.0,0.23175358693989767,7,86.0,0.4463747162961336,18,354.0
7125.0,14,248.0,5.166666666666667,6.645633728891141,5,232.0,0.4533780409046366,9,115.0,0.3928344569662042,14,347.0
7130.0,16,231.0,4.714285714285714,5.828365154745884,8,233.0,0.39048956452122363,8,109.0,0.2693566709464188,16,342.0
7135.0,17,268.0,5.469387755102041,6.180436631703031,10,276.0,0.31382609546447704,7,65.0,0.1881976667539964,17,341.0
7140.0,15,296.0,6.297872340425532,4.99600412164478,9,293.0,0.26308171132634983,6,78.0,0.174885700711606,15,371.0
7145.0,18,365.0,7.448979591836735,6.31019489191959,8,298.0,0.41534125637010466,10,115.0,0.16857850510303304,18,413.0
7150.0,15,255.0,6.071428571428571,6.000926803585439,6,222.0,0.4544275973564473,9,135.0,0.12071636541165903,15,357.0
7155.0,7,149.0,3.3863636363636362,8.222432764450277,3,91.0,0.4686281674320772,4,121.0,0.4177814068572723,7,212.0
7160.0,8,170.0,4.594594594594595,8.370076220005576,4,100.0,0.37300743652217366,4,136.0,0.5621983999442671,8,236.0
7165.0,12,217.0,6.027777777777778,6.9364954038881645,7,117.0,0.24082979602330348,5,158.0,0.5325406666917768,12,275.0
7170.0,14,152.0,4.222222222222222,5.250958787352063,8,113.0,0.2514338628074298,6,97.0,0.406645285377717,14,210.0
7175.0,16,227.0,5.973684210526316,6.19407140642687,8,159.0,0.42244912818654345,8,135.0,0.3864190849949118,16,294.0
7180.0,13,156.0,3.8048780487804876,5.614158568216493,5,130.0,0.4498485885307752,8,127.0,0.320245411335502,13,257.0
7185.0,13,177.0,4.116279069767442,5.859435451895082,4,100.0,0.4776077671901321,9,124.0,0.28254281885253846,13,224.0
7190.0,15,116.0,2.4680851063829787,5.330110113244292,5,63.0,0.41012171168327805,10,126.0,0.3128922648902938,15,189.0
7195.0,14,158.0,3.0980392156862746,6.646207119192862,6,72.0,0.4008810762645032,8,128.0,0.403708025774441,14,200.0
7200.0,19,245.0,5.0,6.48549403772434,10,118.0,0.33879863449542946,9,165.0,0.398735722737802,19,283.0
