step,system_total_stopped,system_total_waiting_time,system_mean_waiting_time,system_mean_speed,J17_stopped,J17_accumulated_waiting_time,J17_average_speed,J18_stopped,J18_accumulated_waiting_time,J18_average_speed,agents_total_stopped,agents_total_accumulated_waiting_time
5.0,1,0.0,0.0,1.9035269722109662,0,0.0,1.0,1,0.0,0.11744192181069903,1,0.0
10.0,0,0.0,0.0,8.323584052710794,0,0.0,0.46160940569777237,0,0.0,0.6985900968080007,0,0.0
15.0,1,0.0,0.0,10.317433559285421,0,0.0,0.8008096392096208,1,0.0,0.6845767327962762,1,0.0
20.0,1,0.0,0.0,9.254345100572271,1,0.0,0.6995648083155771,0,0.0,0.6394377853743998,1,0.0
25.0,2,6.0,0.4,7.7342075917533935,1,1.0,0.5384400765920689,1,5.0,0.5723798343208285,2,6.0
30.0,5,15.0,0.75,6.890409096277932,4,11.0,0.3816551482885432,1,4.0,0.5975361156937476,5,15.0
35.0,5,38.0,1.6521739130434783,7.569316177961786,3,28.0,0.5421535506126574,2,13.0,0.48598048379498887,5,41.0
40.0,9,74.0,2.8461538461538463,6.374935246932117,4,46.0,0.4394865882759536,5,31.0,0.4191004979749806,9,77.0
45.0,13,128.0,4.413793103448276,6.373778517426873,6,68.0,0.26904270613653336,7,60.0,0.47175741343026706,13,128.0
50.0,7,103.0,3.21875,5.708124487681946,4,66.0,0.3277823379823878,3,52.0,0.39922408807303217,7,118.0
55.0,9,147.0,4.59375,8.193094830453827,4,83.0,0.5326716533825518,5,70.0,0.4809373254780817,9,153.0
60.0,8,129.0,4.03125,7.741987216421062,4,103.0,0.4814842992809693,4,49.0,0.44013974379323145,8,152.0
65.0,11,176.0,5.176470588235294,7.4521364328178565,6,135.0,0.46719333977931,5,53.0,0.3776590117333431,11,188.0
70.0,10,133.0,3.5945945945945947,6.290263595502792,5,103.0,0.4487780341928634,5,47.0,0.2885003624065171,10,150.0
75.0,11,181.0,4.891891891891892,8.115018312898183,5,114.0,0.448255974698412,6,76.0,0.5099974839215752,11,190.0
80.0,11,163.0,3.975609756097561,6.975085834088613,7,136.0,0.24906648509579882,4,57.0,0.5766029733694138,11,193.0
85.0,8,195.0,4.642857142857143,7.892427629102819,5,155.0,0.43323365993196106,3,46.0,0.49702497824745734,8,201.0
90.0,10,210.0,5.0,7.607275368703838,5,156.0,0.47694495129317593,5,63.0,0.40991475286056217,10,219.0
95.0,13,271.0,6.609756097560975,8.013688275576214,5,187.0,0.5428769916008398,8,99.0,0.3554594256303248,13,286.0
100.0,10,127.0,3.2564102564102564,5.8216748398672715,2,125.0,0.46622903970048646,8,109.0,0.26796545085590523,10,234.0
105.0,13,96.0,2.4615384615384617,6.669825532028365,4,50.0,0.5607171919555708,9,103.0,0.31386467435012,13,153.0
110.0,16,147.0,3.340909090909091,5.749855143944071,7,60.0,0.3744151078219051,9,131.0,0.34929755902824206,16,191.0
115.0,18,164.0,3.727272727272727,5.743652275440769,10,102.0,0.31149168436923724,8,132.0,0.4064857684059359,18,234.0
120.0,13,154.0,3.6666666666666665,5.379877258126998,8,119.0,0.23278157128434818,5,99.0,0.4077894586131096,13,218.0
125.0,13,96.0,2.1818181818181817,5.042711410559729,4,97.0,0.2830829171917872,9,77.0,0.17393219621469966,13,174.0
130.0,19,107.0,2.3260869565217392,5.123657352637912,6,73.0,0.1831843524291875,13,88.0,0.18338164594555406,19,161.0
135.0,18,157.0,3.488888888888889,6.170029374836272,8,84.0,0.3863002232046964,10,124.0,0.2414655242862091,18,208.0
140.0,13,174.0,4.2439024390243905,6.830691709189098,4,83.0,0.47448100503539126,9,126.0,0.3080960920350929,13,209.0
145.0,10,163.0,4.405405405405405,6.890107949721005,3,59.0,0.44056030383171835,7,132.0,0.26089449649731383,10,191.0
150.0,12,195.0,5.416666666666667,7.038437576048585,4,70.0,0.4294238047400469,8,132.0,0.23684726897373612,12,202.0
155.0,12,160.0,4.444444444444445,6.533794352026053,6,92.0,0.5323785466358324,6,105.0,0.313098918039649,12,197.0
160.0,7,66.0,1.7837837837837838,7.376201261489629,3,60.0,0.5669305558718283,4,65.0,0.4275817519776952,7,125.0
165.0,5,26.0,0.6666666666666666,7.7467372579284115,3,28.0,0.5508163455491879,2,56.0,0.5402826472356105,5,84.0
170.0,5,38.0,0.95,8.212050892145765,4,41.0,0.47621590660567664,1,26.0,0.6084379121337056,5,67.0
175.0,7,59.0,1.5128205128205128,7.8890089360903195,5,56.0,0.3059603676436567,2,14.0,0.6331247738387774,7,70.0
180.0,15,94.0,2.186046511627907,6.216073511069941,8,76.0,0.23836459695954396,7,37.0,0.3763440845935916,15,113.0
185.0,16,149.0,3.5476190476190474,5.8974140456542345,9,111.0,0.32422895394939294,7,59.0,0.41126648473292876,16,170.0
190.0,11,158.0,4.051282051282051,6.15126712388262,6,112.0,0.31839716831693043,5,65.0,0.4780722568855059,11,177.0
195.0,14,147.0,3.675,6.747780760940063,8,121.0,0.27931561689228684,6,57.0,0.5608977006080509,14,178.0
200.0,11,142.0,3.380952380952381,6.600819223953607,6,121.0,0.27948789988125616,5,49.0,0.48937741812844315,11,170.0
205.0,13,192.0,5.1891891891891895,6.8632646164753774,6,124.0,0.42482311867686523,7,84.0,0.39179698124653983,13,208.0
210.0,13,108.0,2.769230769230769,5.651080979587048,5,51.0,0.4137385579943524,8,94.0,0.15097535656339667,13,145.0
215.0,17,171.0,4.275,6.100857829975132,6,54.0,0.43575387174937563,11,133.0,0.22670108355174148,17,187.0
220.0,18,177.0,4.116279069767442,5.629554126218379,8,68.0,0.45807865561721783,10,158.0,0.2694800212721919,18,226.0
225.0,16,202.0,4.488888888888889,6.1974960579769265,9,105.0,0.45466183200354954,7,153.0,0.38055571829525053,16,258.0
230.0,13,120.0,2.3529411764705883,5.2992346146712235,8,99.0,0.42084198109323384,5,132.0,0.3187260626574339,13,231.0
235.0,12,130.0,2.452830188679245,6.829895859969599,6,89.0,0.4469037143691244,6,83.0,0.4417046390174434,12,172.0
240.0,16,195.0,3.75,7.702758857268762,8,116.0,0.4611572120294403,8,110.0,0.4268189013653119,16,226.0
245.0,14,187.0,3.3392857142857144,6.548057119153979,8,104.0,0.30552735440818335,6,117.0,0.3074284581654306,14,221.0
250.0,18,247.0,4.75,6.228840839239093,11,133.0,0.360805306147142,7,115.0,0.28476445426992847,18,248.0
255.0,18,232.0,4.461538461538462,5.762512013700842,9,170.0,0.39430900166441224,9,111.0,0.322397278733933,18,281.0
260.0,16,279.0,5.470588235294118,6.922959494312512,10,207.0,0.44680930287521947,6,93.0,0.43524549116773925,16,300.0
265.0,17,242.0,4.321428571428571,5.83744350141441,10,193.0,0.39994922529311305,7,118.0,0.22905973189708764,17,311.0
270.0,21,302.0,5.033333333333333,5.774370859705573,10,198.0,0.3472201711188232,11,156.0,0.28687564152494993,21,354.0
275.0,19,207.0,3.3934426229508197,5.583595962441499,12,166.0,0.3003455512145545,7,172.0,0.3849524161975551,19,338.0
280.0,21,267.0,4.306451612903226,6.259431809730268,14,154.0,0.2793069684983023,7,182.0,0.4821142684160716,21,336.0
285.0,26,340.0,5.483870967741935,5.532196625792661,16,204.0,0.2448842999376535,10,221.0,0.32957577330205867,26,425.0
290.0,23,278.0,4.412698412698413,5.727387826396648,16,238.0,0.2283572752579929,7,166.0,0.31346575835978213,23,404.0
295.0,27,317.0,5.372881355932203,4.986595447287332,17,277.0,0.1874341790984326,10,135.0,0.2862911279323575,27,412.0
300.0,24,303.0,5.410714285714286,5.2660624874586395,16,313.0,0.273850932917023,8,150.0,0.3651183423182613,24,463.0
305.0,21,331.0,5.910714285714286,5.015195574346796,13,338.0,0.2877226814734028,8,170.0,0.3114139157927937,21,508.0
310.0,24,313.0,5.90566037735849,4.388842417633153,16,348.0,0.24418370873188883,8,149.0,0.3660337662718552,24,497.0
315.0,27,369.0,6.473684210526316,4.344954308485507,17,395.0,0.2368732930314073,10,136.0,0.3549285370118681,27,531.0
320.0,20,355.0,6.120689655172414,5.5037247241574665,13,407.0,0.261137445638672,7,121.0,0.4435039580485876,20,528.0
325.0,16,278.0,4.87719298245614,6.377277691459652,11,363.0,0.29236603954232426,5,88.0,0.43962619187052004,16,451.0
330.0,18,268.0,4.620689655172414,6.266825365135695,12,295.0,0.22065841417130488,6,111.0,0.40035268699989796,18,406.0
335.0,21,355.0,6.339285714285714,5.956544992419365,13,343.0,0.24519769339613068,8,150.0,0.3468964276676744,21,493.0
340.0,20,380.0,7.169811320754717,6.1020687116477,13,394.0,0.30257792855337506,7,147.0,0.28964463611942254,20,541.0
345.0,19,339.0,6.519230769230769,5.951067744279166,12,369.0,0.25769253269082637,7,122.0,0.32268603706304627,19,491.0
350.0,17,202.0,4.297872340425532,6.000519832331259,12,310.0,0.26503455680227744,5,88.0,0.4084517030117621,17,398.0
355.0,13,160.0,3.404255319148936,6.771070425693163,9,293.0,0.3890258755371422,4,61.0,0.47907399552554336,13,354.0
360.0,15,193.0,4.020833333333333,6.342382001530255,10,295.0,0.42021614906173826,5,58.0,0.477225729118924,15,353.0
365.0,18,234.0,4.775510204081633,6.289273608085574,13,329.0,0.40228055766667775,5,83.0,0.44414983801948654,18,412.0
370.0,16,258.0,4.961538461538462,6.296940456966831,11,350.0,0.35038884208430404,5,80.0,0.4067175595673783,16,430.0
375.0,20,235.0,4.351851851851852,5.2960442519253785,14,340.0,0.21349617606120705,6,58.0,0.4247101897939358,20,398.0
380.0,22,189.0,3.3157894736842106,5.124214132413545,16,329.0,0.2141892307121595,6,50.0,0.4120514505558479,22,379.0
385.0,20,214.0,3.566666666666667,5.95916426963797,14,309.0,0.32441717611856896,6,65.0,0.4449471315110343,20,374.0
390.0,22,202.0,3.3114754098360657,5.22508139293332,16,280.0,0.2774320413211502,6,72.0,0.43418159320686994,22,352.0
395.0,20,236.0,3.806451612903226,5.834001864558625,14,318.0,0.2801432441228037,6,94.0,0.5139607066160304,20,412.0
400.0,21,281.0,4.4603174603174605,5.479608284518982,13,319.0,0.23357433739730296,8,124.0,0.3977586892210308,21,443.0
405.0,26,374.0,6.131147540983607,5.294006294432228,17,354.0,0.18836223661389062,9,166.0,0.39385374036354925,26,520.0
410.0,28,376.0,6.163934426229508,4.56002258506162,20,401.0,0.18972360508249025,8,144.0,0.32297798414802553,28,545.0
415.0,27,451.0,7.912280701754386,3.9715399889744605,20,472.0,0.20632944482309926,7,115.0,0.31137889091707105,27,587.0
420.0,23,499.0,8.457627118644067,4.25048496912545,17,517.0,0.2055831794701304,6,130.0,0.24616213320175023,23,647.0
425.0,23,478.0,7.966666666666667,5.6433893995100535,16,489.0,0.2168775075111272,7,145.0,0.4343242012174005,23,634.0
430.0,21,410.0,7.192982456140351,5.750127197603922,14,410.0,0.15081499277612267,7,180.0,0.479603430732117,21,590.0
435.0,17,340.0,6.071428571428571,5.615463619935359,12,460.0,0.17749216962040454,5,106.0,0.4323016140963146,17,566.0
440.0,22,415.0,8.3,4.970238019524646,14,495.0,0.13700597674318543,8,105.0,0.3574027824046968,22,600.0
445.0,24,401.0,7.711538461538462,4.590101970138075,15,499.0,0.1511118019829569,9,98.0,0.3144888534018098,24,597.0
450.0,23,449.0,8.634615384615385,5.600490928268645,13,498.0,0.29626672542611043,10,145.0,0.3478077528278816,23,643.0
455.0,18,257.0,5.03921568627451,5.554318511612985,10,389.0,0.3446288282053906,8,158.0,0.4140968813610565,18,547.0
460.0,20,306.0,6.0,5.779478495489356,13,354.0,0.19512649871070484,7,143.0,0.4898649926955728,20,497.0
465.0,23,270.0,5.294117647058823,4.986413600837286,14,356.0,0.07585506998638163,9,132.0,0.43672816800066094,23,488.0
470.0,21,185.0,3.490566037735849,5.217379069776736,13,311.0,0.16116261190592804,8,95.0,0.3899924790220519,21,406.0
475.0,17,184.0,3.607843137254902,5.340289399176173,9,314.0,0.27863856272503645,8,118.0,0.40996190286056017,17,432.0
480.0,20,215.0,4.479166666666667,5.407699926793009,9,294.0,0.3369440665088576,11,154.0,0.33813151608907277,20,448.0
485.0,20,146.0,2.92,4.787665077664753,8,260.0,0.36041893010252296,12,154.0,0.23195789162063774,20,414.0
490.0,23,239.0,4.345454545454546,5.792910112783286,11,276.0,0.3556688868156165,12,166.0,0.3027706599019045,23,442.0
495.0,19,231.0,3.9827586206896552,5.055087787305351,10,287.0,0.28842455072826934,9,183.0,0.3311181002342147,19,470.0
500.0,23,294.0,4.983050847457627,5.842563067523448,14,347.0,0.3261259301389796,9,162.0,0.34814897114911886,23,509.0
505.0,24,289.0,4.898305084745763,5.128512153642493,15,338.0,0.2566312068911483,9,156.0,0.2909926621785493,24,494.0
510.0,30,331.0,5.338709677419355,4.555932394069002,18,301.0,0.190376906836963,12,137.0,0.2962853367762726,30,438.0
515.0,29,338.0,5.451612903225806,4.360255701083279,17,320.0,0.267847969006345,12,168.0,0.29661286655320446,29,488.0
520.0,18,270.0,4.354838709677419,5.689860639628881,9,263.0,0.32603043487438504,9,183.0,0.34612300836098087,18,446.0
525.0,19,213.0,3.276923076923077,5.083942451876331,11,260.0,0.28678111759627745,8,172.0,0.22704845555814845,19,432.0
530.0,25,267.0,3.985074626865672,5.710469794719028,14,304.0,0.27729078898896176,11,164.0,0.2869244241092381,25,468.0
535.0,29,303.0,4.809523809523809,4.59127222996671,19,344.0,0.25189954178243434,10,192.0,0.24305231501605648,29,536.0
540.0,32,417.0,7.315789473684211,4.066134969738228,22,409.0,0.10303122260844037,10,211.0,0.362207014431481,32,620.0
545.0,30,385.0,6.875,3.550991928160812,22,450.0,0.052042484433635516,8,161.0,0.33099971153483465,30,611.0
550.0,23,345.0,5.8474576271186445,5.346024798435777,14,411.0,0.21464169037329958,9,170.0,0.34323648565861,23,581.0
555.0,18,314.0,5.709090909090909,5.759684616993556,9,288.0,0.34898824991996474,9,197.0,0.30727273225512725,18,485.0
560.0,15,300.0,5.660377358490566,5.9510494386842385,8,255.0,0.2722604078150505,7,217.0,0.38628623798617867,15,472.0
565.0,18,219.0,4.211538461538462,4.586341585040634,13,280.0,0.16429642699872618,5,175.0,0.3757102987247195,18,455.0
570.0,22,261.0,4.660714285714286,5.67775609508272,17,301.0,0.20031893679622237,5,126.0,0.4752689090850531,22,427.0
575.0,21,292.0,5.12280701754386,5.759127792336607,15,324.0,0.24791153523678533,6,142.0,0.5195621136080684,21,466.0
580.0,16,289.0,4.982758620689655,7.111112286601367,10,281.0,0.3648594914019909,6,156.0,0.504877711809152,16,437.0
585.0,18,311.0,5.654545454545454,6.35569240203713,9,237.0,0.3500063814239954,9,193.0,0.30506808803449903,18,430.0
590.0,19,228.0,4.1454545454545455,5.839567438333378,10,200.0,0.27593594033760066,9,101.0,0.2604793143172597,19,301.0
595.0,21,279.0,5.166666666666667,5.259496844488097,13,227.0,0.15975868145041797,8,115.0,0.39027945910984696,21,342.0
600.0,18,287.0,5.314814814814815,6.497396814249466,12,238.0,0.31147444059236035,6,106.0,0.4429121392190658,18,344.0
605.0,16,294.0,5.345454545454546,6.5776630964897365,10,243.0,0.36913707157116593,6,108.0,0.41628519661223856,16,351.0
610.0,17,311.0,5.362068965517241,6.492808351745811,9,243.0,0.38530465633323385,8,133.0,0.4369977733343627,17,376.0
615.0,19,231.0,4.052631578947368,5.979985570483001,10,157.0,0.3504768309714817,9,156.0,0.42571247753332525,19,313.0
620.0,21,298.0,5.518518518518518,6.144998160322848,11,148.0,0.25779156917001,10,207.0,0.5019093606881179,21,355.0
625.0,22,328.0,5.754385964912281,5.241945087076083,13,171.0,0.11973087799381868,9,238.0,0.4492485241535102,22,409.0
630.0,22,383.0,6.839285714285714,5.61318622613143,8,171.0,0.3302334451491287,14,290.0,0.35241709515839875,22,461.0
635.0,23,243.0,4.2631578947368425,4.732254137709259,7,143.0,0.34151194129665974,16,252.0,0.22463641335931392,23,395.0
640.0,26,306.0,5.275862068965517,5.199825040963344,11,174.0,0.2958166399949662,15,241.0,0.2920509231624007,26,415.0
645.0,26,299.0,5.067796610169491,4.208296277347913,11,162.0,0.2631492075796292,15,284.0,0.24970971918095186,26,446.0
650.0,27,374.0,6.032258064516129,4.988766201783913,13,192.0,0.23781592582009056,14,294.0,0.2997993713301365,27,486.0
655.0,25,366.0,5.809523809523809,4.927341190461367,10,200.0,0.2565329929439541,15,325.0,0.2569857040902901,25,525.0
660.0,16,342.0,5.34375,6.4678289576862396,3,152.0,0.41095994075835635,13,344.0,0.31662318527791905,16,496.0
665.0,17,273.0,4.706896551724138,5.6394243878071695,2,126.0,0.4720265905954565,15,339.0,0.1751736855621515,17,465.0
670.0,23,267.0,4.603448275862069,4.758932608798455,5,130.0,0.3638477332067036,18,325.0,0.19332817092606763,23,455.0
675.0,25,343.0,6.017543859649122,3.5002763073482095,9,139.0,0.27006704001944337,16,382.0,0.19625095171136972,25,521.0
680.0,20,393.0,6.775862068965517,5.120839203700339,5,138.0,0.4007291392589842,15,419.0,0.267821878260142,20,557.0
685.0,22,390.0,6.5,5.021948629097384,7,159.0,0.41379508306157975,15,411.0,0.14306991106311892,22,570.0
690.0,32,468.0,7.428571428571429,4.825209116546513,13,212.0,0.30607836047491155,19,415.0,0.14743440737726157,32,627.0
695.0,30,435.0,6.796875,4.052482598583779,14,259.0,0.23487956318509773,16,403.0,0.1893337455702464,30,662.0
700.0,19,350.0,5.46875,5.07702134396808,9,270.0,0.22646168201464179,10,327.0,0.2982430774448818,19,597.0
705.0,20,390.0,6.190476190476191,5.602368616968333,10,285.0,0.3050463819047633,10,305.0,0.2954526135415909,20,590.0
710.0,22,419.0,6.546875,6.531348029060384,10,310.0,0.39953997043852635,12,283.0,0.2608738285494179,22,593.0
715.0,20,299.0,4.82258064516129,4.726367967080234,9,233.0,0.3146621097494271,11,281.0,0.11430543158936421,20,514.0
720.0,27,381.0,6.245901639344262,5.522418178091531,13,249.0,0.40412040488911993,14,296.0,0.17486317376682542,27,545.0
725.0,25,425.0,7.327586206896552,4.798115184245595,14,300.0,0.3341652793860291,11,292.0,0.2492832290780731,25,592.0
730.0,21,439.0,7.568965517241379,5.2429964384897465,13,327.0,0.2994544819090166,8,255.0,0.2831134976976545,21,582.0
735.0,21,432.0,7.2,5.057589426217957,13,317.0,0.19624544226264679,8,241.0,0.20492331405101352,21,558.0
740.0,28,523.0,8.171875,5.6548763757514,17,336.0,0.18937193643792302,11,275.0,0.28148634252628235,28,611.0
745.0,26,562.0,8.646153846153846,5.503998459544964,18,394.0,0.17337866297294238,8,270.0,0.39275882666272494,26,664.0
750.0,20,568.0,9.627118644067796,6.211758361497987,13,419.0,0.2862461160520826,7,266.0,0.48807737836491893,20,685.0
755.0,21,566.0,10.107142857142858,4.763764108425483,13,452.0,0.25327895166075126,8,262.0,0.33735002660057717,21,714.0
760.0,27,671.0,12.2,4.932932829364888,15,485.0,0.2776426020178903,12,310.0,0.30586775807659033,27,795.0
765.0,25,594.0,11.0,4.1436594647026945,14,524.0,0.24009720954763705,11,272.0,0.2920994875106648,25,796.0
770.0,29,648.0,11.781818181818181,4.503283689466047,20,592.0,0.22486293909009952,9,189.0,0.35143747891189403,29,781.0
775.0,29,350.0,6.140350877192983,3.510141061249097,18,471.0,0.22321992715738054,11,189.0,0.20814757432600425,29,660.0
780.0,25,347.0,5.688524590163935,5.123252327480144,15,335.0,0.21251558031110385,10,202.0,0.3943512641141336,25,537.0
785.0,26,275.0,4.166666666666667,5.292779862312489,18,344.0,0.16518995841835205,8,154.0,0.45255805860883547,26,498.0
790.0,20,218.0,3.303030303030303,6.448193724297824,11,280.0,0.28735696429521745,9,131.0,0.47834360650481883,20,411.0
795.0,20,253.0,3.953125,5.2815699525687805,9,267.0,0.3590572119644742,11,160.0,0.24882526680158168,20,427.0
800.0,27,337.0,5.106060606060606,5.268750400294635,15,282.0,0.23948708252747195,12,183.0,0.2609977275784061,27,465.0
805.0,29,275.0,4.104477611940299,4.464507339418091,17,306.0,0.19925162769379245,12,166.0,0.22681333856106403,29,472.0
810.0,30,356.0,5.085714285714285,5.339906172212292,17,300.0,0.2434067392834152,13,181.0,0.31429848282880096,30,481.0
815.0,26,360.0,5.538461538461538,5.463624904648423,15,317.0,0.26064200052554864,11,187.0,0.3841617989702532,26,504.0
820.0,23,355.0,5.298507462686567,5.774646487446985,10,260.0,0.2908522824071917,13,219.0,0.33626343298441136,23,479.0
825.0,22,289.0,4.587301587301587,5.198106482909814,8,180.0,0.3120284110778759,14,243.0,0.23068228685064782,22,423.0
830.0,23,310.0,4.920634920634921,5.748620367844769,13,184.0,0.23521799629633258,10,237.0,0.301647649620171,23,421.0
835.0,20,232.0,3.8666666666666667,4.694953281233328,12,198.0,0.12226107435544613,8,172.0,0.28567142506138976,20,370.0
840.0,26,310.0,5.254237288135593,5.7066312944031115,10,214.0,0.3017398579887051,16,157.0,0.22739826570231952,26,371.0
845.0,20,266.0,4.666666666666667,4.958177248192809,7,182.0,0.3690822487670023,13,199.0,0.18177920554650942,20,381.0
850.0,20,326.0,5.821428571428571,5.952527265300412,8,138.0,0.3862078595467398,12,229.0,0.3237322779635122,20,367.0
855.0,18,225.0,3.9473684210526314,6.1056544556893275,8,115.0,0.31189663944350227,10,206.0,0.40681731069318716,18,321.0
860.0,20,265.0,4.416666666666667,6.202433218160091,12,170.0,0.2758999194835582,8,140.0,0.4152702866018865,20,310.0
865.0,22,286.0,4.8474576271186445,5.673050107799089,12,197.0,0.3560966200832872,10,163.0,0.23893378333549103,22,360.0
870.0,19,310.0,5.849056603773585,5.875170796124487,7,175.0,0.3894989050182738,12,204.0,0.2039475359544374,19,379.0
875.0,15,267.0,5.448979591836735,5.50524751067362,7,172.0,0.296640487286675,8,168.0,0.19292248512955207,15,340.0
880.0,16,192.0,3.764705882352941,6.187997690355462,7,128.0,0.22694785313187907,9,152.0,0.3223984272765586,16,280.0
885.0,16,254.0,5.291666666666667,6.680769154794689,10,121.0,0.330746025140038,6,177.0,0.44305399623034947,16,298.0
890.0,17,270.0,5.869565217391305,6.257307310594944,8,109.0,0.32858685599357007,9,211.0,0.3804758650645321,17,320.0
895.0,19,302.0,6.711111111111111,6.132823792595781,9,96.0,0.2629069096495095,10,245.0,0.45076315291462604,19,341.0
900.0,22,386.0,8.212765957446809,5.287371231817622,11,142.0,0.2517824650102629,11,271.0,0.3166083612513335,22,413.0
905.0,20,339.0,7.0625,5.293002887916704,9,186.0,0.3481147571866345,11,215.0,0.36397620230389416,20,401.0
910.0,17,293.0,5.86,5.380300431570034,7,169.0,0.29167873863641236,10,207.0,0.3522071922216264,17,376.0
915.0,13,106.0,2.12,6.537975216803469,3,89.0,0.4193318170381814,10,156.0,0.37302931150707747,13,245.0
920.0,17,170.0,3.3333333333333335,6.861195761168644,5,75.0,0.4007631346778477,12,138.0,0.3059589142394076,17,213.0
925.0,19,173.0,3.46,6.194138930063966,6,78.0,0.4096600727720304,13,155.0,0.1729260841770643,19,233.0
930.0,15,163.0,3.26,6.610251939181308,8,111.0,0.35223206027183224,7,110.0,0.21498260990581552,15,221.0
935.0,13,172.0,3.739130434782609,6.080527991394101,6,119.0,0.24029567483265307,7,128.0,0.2421854515908107,13,247.0
940.0,16,207.0,4.6,6.468058372540488,7,129.0,0.32131451061967176,9,165.0,0.31844177471308593,16,294.0
945.0,14,150.0,3.409090909090909,5.569720928853052,6,119.0,0.3966342396562441,8,177.0,0.2833790978889526,14,296.0
950.0,16,171.0,3.9767441860465116,6.079988202048095,9,122.0,0.38323609524806657,7,164.0,0.44922735055582946,16,286.0
955.0,12,126.0,2.8,5.132875362580103,7,130.0,0.3406214371633909,5,133.0,0.381673264032892,12,263.0
960.0,15,161.0,3.5,5.9380376612239285,10,155.0,0.34689485490400035,5,70.0,0.34778202623554183,15,225.0
965.0,18,224.0,4.869565217391305,5.769447214526963,12,205.0,0.29528816519304024,6,66.0,0.16050112870345395,18,271.0
970.0,22,251.0,5.229166666666667,5.005590662332313,11,206.0,0.25546413782956795,11,94.0,0.020733254319488657,22,300.0
975.0,17,241.0,4.918367346938775,5.307747502002917,9,197.0,0.26342253235124596,8,123.0,0.24357067172491195,17,320.0
980.0,12,149.0,3.4651162790697674,6.5712262566414585,8,160.0,0.33115624402929145,4,76.0,0.5424439303594247,12,236.0
985.0,16,182.0,3.9565217391304346,6.862542442211245,10,141.0,0.31498676250286456,6,101.0,0.5499976805745956,16,242.0
990.0,19,205.0,4.183673469387755,5.885128133893396,10,156.0,0.31543496577790164,9,135.0,0.37880374942245815,19,291.0
995.0,16,189.0,3.7058823529411766,6.49644064418921,8,148.0,0.36238495771203216,8,141.0,0.4171205571572437,16,289.0
1000.0,19,228.0,4.470588235294118,5.943030743998547,10,151.0,0.3673508814482162,9,154.0,0.3220646154323137,19,305.0
1005.0,22,304.0,5.527272727272727,6.186671324522743,9,130.0,0.4364521696287777,13,209.0,0.2839304520027457,22,339.0
1010.0,22,381.0,7.188679245283019,5.638561591851094,9,150.0,0.3873745462739494,13,273.0,0.31029644568210496,22,423.0
1015.0,21,382.0,7.346153846153846,4.445746462041533,9,161.0,0.26984033952525216,12,273.0,0.22081114370112065,21,434.0
1020.0,16,281.0,5.403846153846154,4.91684203932614,7,124.0,0.3024132867939241,9,242.0,0.16473115489080362,16,366.0
1025.0,19,209.0,3.8,5.66298114036986,11,129.0,0.24802307676897384,8,200.0,0.22474691711618605,19,329.0
1030.0,20,217.0,4.018518518518518,5.738885147551178,11,171.0,0.2689647212128987,9,141.0,0.3226261283396174,20,312.0
1035.0,19,264.0,4.981132075471698,5.602575114354944,10,193.0,0.32689872420948396,9,150.0,0.28795169570159207,19,343.0
1040.0,18,317.0,6.096153846153846,6.189890811825806,11,237.0,0.34653558051539235,7,133.0,0.33108109137196984,18,370.0
1045.0,17,231.0,4.4423076923076925,5.8975009037674875,10,238.0,0.27688630029419997,7,107.0,0.2902230251524917,17,345.0
1050.0,21,307.0,6.019607843137255,6.119752949564633,12,231.0,0.25621382026812256,9,134.0,0.3058311933680736,21,365.0
1055.0,20,286.0,5.72,5.08766986050683,11,254.0,0.29625149324119876,9,129.0,0.24182256369742283,20,383.0
1060.0,16,331.0,6.245283018867925,6.580829254461586,7,256.0,0.44949392702586805,9,137.0,0.29408014325731097,16,393.0
1065.0,14,279.0,4.982142857142857,6.200251603846882,7,238.0,0.44946959407675974,7,122.0,0.33964740478862504,14,360.0
1070.0,17,310.0,5.535714285714286,7.164630525976928,10,262.0,0.41047584812493304,7,82.0,0.3981972921992369,17,344.0
1075.0,19,392.0,6.87719298245614,7.184945110878359,13,317.0,0.22746376498366772,6,85.0,0.5209535369072519,19,402.0
1080.0,17,377.0,6.732142857142857,6.328560436613982,12,342.0,0.16673318608761903,5,70.0,0.3522904122618335,17,412.0
1085.0,23,443.0,8.358490566037736,5.773660827036318,12,372.0,0.22318080715787852,11,110.0,0.3407787482884606,23,482.0
1090.0,20,471.0,9.8125,5.516623904906517,9,373.0,0.32368538614950476,11,152.0,0.3587676709494372,20,525.0
1095.0,22,541.0,11.270833333333334,5.352760910851025,9,385.0,0.3410336852144741,13,213.0,0.26863090303855297,22,598.0
1100.0,23,538.0,11.208333333333334,4.004677732154175,13,429.0,0.2345641185680277,10,186.0,0.26636396128786194,23,615.0
1105.0,26,574.0,11.038461538461538,4.626438444798368,13,456.0,0.27389429937141085,13,193.0,0.24002257772555696,26,649.0
1110.0,20,552.0,10.823529411764707,5.429469378187888,10,456.0,0.34513654752667605,10,197.0,0.26553646250939883,20,653.0
1115.0,17,207.0,3.7636363636363637,5.8620429354889705,11,260.0,0.30686830565527345,6,123.0,0.2719627194055997,17,383.0
1120.0,21,283.0,5.4423076923076925,5.852066475212671,14,208.0,0.2506042813375463,7,135.0,0.2809290004136592,21,343.0
1125.0,27,333.0,6.403846153846154,4.866782055458689,15,233.0,0.20555799169847666,12,182.0,0.1500466097725137,27,415.0
1130.0,20,235.0,4.7,4.270615750397376,11,219.0,0.22325645425898105,9,178.0,0.17259739198950436,20,397.0
1135.0,20,239.0,4.979166666666667,4.991036385682725,9,231.0,0.29767991394171217,11,165.0,0.28802824990164966,20,396.0
1140.0,15,214.0,4.6521739130434785,6.076439570241772,9,204.0,0.3988106349948678,6,159.0,0.32036999312326264,15,363.0
1145.0,19,250.0,5.208333333333333,6.249007194551587,13,249.0,0.29368792988295167,6,106.0,0.2851328751454372,19,355.0
1150.0,21,235.0,4.895833333333333,4.974026001685019,13,266.0,0.17377716937340631,8,89.0,0.2719752445310445,21,355.0
1155.0,17,236.0,4.627450980392157,6.120061717759295,11,254.0,0.2941016225228465,6,64.0,0.3965818627009106,17,318.0
1160.0,17,213.0,4.096153846153846,6.4758710765989616,10,242.0,0.36068765658993823,7,95.0,0.49988278756171634,17,337.0
1165.0,20,244.0,4.60377358490566,6.009342294491163,11,210.0,0.3234119955979834,9,138.0,0.4789588940858479,20,348.0
1170.0,24,211.0,3.7017543859649122,4.4660242656365305,13,230.0,0.22780710909356913,11,130.0,0.3909565351665439,24,360.0
1175.0,18,260.0,4.642857142857143,5.830266675398895,10,243.0,0.33836119402743847,8,118.0,0.3473846817174674,18,361.0
1180.0,23,249.0,4.15,5.84601893285157,12,208.0,0.18535694663984723,11,151.0,0.32103063845334573,23,359.0
1185.0,22,247.0,4.258620689655173,5.922718975803858,12,242.0,0.1408559572889021,10,138.0,0.2732835266129282,22,380.0
1190.0,20,240.0,4.363636363636363,6.152124194194286,12,251.0,0.20604795755430094,8,121.0,0.3615727325622405,20,372.0
1195.0,20,240.0,4.8979591836734695,5.0833261213922745,12,217.0,0.31347114623920036,8,139.0,0.27051969458739294,20,356.0
1200.0,22,253.0,4.96078431372549,5.146836277261637,8,226.0,0.4052823782463896,14,161.0,0.24014300370757963,22,387.0
1205.0,16,248.0,4.96,5.562985178243306,5,179.0,0.42864721630320207,11,186.0,0.2551636466236247,16,365.0
1210.0,18,313.0,6.26,6.3883220645371805,7,196.0,0.4075264877309568,11,202.0,0.2727526565597672,18,398.0
1215.0,18,324.0,6.0,6.150784656505753,8,231.0,0.3150667428724173,10,198.0,0.20802804964334456,18,429.0
1220.0,15,258.0,4.867924528301887,6.522513218266837,7,194.0,0.29645225524988783,8,174.0,0.38599600476877843,15,368.0
1225.0,15,292.0,5.7254901960784315,6.703238192865293,7,172.0,0.46092093993877886,8,200.0,0.3418141934266271,15,372.0
1230.0,18,374.0,7.48,6.385890482382797,7,207.0,0.48872129886982146,11,237.0,0.3243540648767354,18,444.0
1235.0,19,394.0,8.208333333333334,4.52876017672028,8,225.0,0.31273181749444573,11,267.0,0.2768237207153143,19,492.0
1240.0,21,483.0,9.857142857142858,5.012100566975599,10,244.0,0.22987018891337987,11,301.0,0.28200496743461656,21,545.0
1245.0,18,365.0,7.3,5.645648227704864,9,268.0,0.18978610328230872,9,208.0,0.26676353481815906,18,476.0
1250.0,19,381.0,7.188679245283019,7.017243935952607,10,303.0,0.2794846212140744,9,177.0,0.36753437527827676,19,480.0
1255.0,16,333.0,6.66,6.017678107052724,8,329.0,0.3434297909456354,8,146.0,0.35570367221746674,16,475.0
1260.0,14,353.0,8.209302325581396,6.1811752337678,10,357.0,0.37992409698897533,4,92.0,0.4118315410792732,14,449.0
1265.0,13,172.0,3.909090909090909,6.017332309960745,7,234.0,0.36011238474558926,6,100.0,0.3735259094095888,13,334.0
1270.0,20,237.0,4.5576923076923075,5.775899154680691,9,173.0,0.2939343004605856,11,142.0,0.20421336992450584,20,315.0
1275.0,21,261.0,4.660714285714286,5.951591954743206,10,183.0,0.3313397504672587,11,173.0,0.3053015320828322,21,356.0
1280.0,18,328.0,6.188679245283019,6.98633221656497,9,219.0,0.4373612814274743,9,196.0,0.4384928025474982,18,415.0
1285.0,13,284.0,5.568627450980392,6.285609691099409,8,231.0,0.4199670652426379,5,184.0,0.4477621923825738,13,415.0
1290.0,18,302.0,5.921568627450981,6.132286311770992,9,243.0,0.4359055241597759,9,152.0,0.352960343849329,18,395.0
1295.0,19,124.0,2.2962962962962963,5.077351504731244,10,149.0,0.29705513016340535,9,133.0,0.3132213504606689,19,282.0
1300.0,19,149.0,2.6140350877192984,6.49775250180872,9,93.0,0.39432094619905766,10,117.0,0.3542801614393957,19,210.0
1305.0,21,172.0,2.9655172413793105,5.601855667014366,11,134.0,0.3451578426381685,10,127.0,0.3352492731568881,21,261.0
1310.0,25,282.0,4.779661016949152,5.946806479564679,15,188.0,0.35778013990488283,10,155.0,0.3341963939467982,25,343.0
1315.0,21,239.0,4.192982456140351,4.389156070475543,13,219.0,0.22055244356437353,8,154.0,0.3338643646272014,21,373.0
1320.0,16,199.0,3.262295081967213,5.9529932099147365,11,209.0,0.21633380993698975,5,109.0,0.4489347575292467,16,318.0
1325.0,16,202.0,3.2063492063492065,5.9168448173202375,11,228.0,0.25457974493591434,5,99.0,0.32887349357554446,16,327.0
1330.0,22,271.0,4.234375,5.806244012286147,12,253.0,0.2491315187752204,10,144.0,0.3268818424122481,22,397.0
1335.0,23,234.0,3.9,5.064706924728848,14,247.0,0.28874443471524697,9,166.0,0.34442494762676035,23,413.0
1340.0,26,327.0,5.7368421052631575,5.190652596690376,18,279.0,0.22740043483884345,8,174.0,0.3825857991173332,26,453.0
1345.0,25,257.0,4.3559322033898304,4.596702083650204,19,309.0,0.15128727076394313,6,103.0,0.26306411331170865,25,412.0
1350.0,17,198.0,3.193548387096774,6.274688282775591,10,275.0,0.2825060083755475,7,67.0,0.37184737994675554,17,342.0
1355.0,17,250.0,4.166666666666667,7.207807555562671,12,245.0,0.3499362685296368,5,84.0,0.45012570549177777,17,329.0
1360.0,17,331.0,6.245283018867925,7.840809923989572,12,273.0,0.33000677832866715,5,90.0,0.5190665564621662,17,363.0
1365.0,16,252.0,5.04,6.024934429967681,12,261.0,0.0932898044007036,4,84.0,0.372149897373388,16,345.0
1370.0,19,325.0,6.770833333333333,5.305075639139431,15,296.0,0.1793405862657701,4,79.0,0.26639867292551606,19,375.0
1375.0,15,343.0,7.795454545454546,5.66642087915741,11,340.0,0.3221973252471287,4,69.0,0.4586888601912921,15,409.0
1380.0,16,408.0,9.488372093023257,7.143666452435185,11,382.0,0.4108564873305069,5,67.0,0.5831813623296552,16,449.0
1385.0,14,382.0,8.488888888888889,6.5805337899936385,11,378.0,0.4102499321855877,3,82.0,0.47632294886777493,14,460.0
1390.0,14,258.0,5.375,6.358775226455426,8,312.0,0.3941292488236106,6,111.0,0.4381941181845194,14,423.0
1395.0,14,296.0,6.434782608695652,6.833667776333857,7,305.0,0.4659437941188981,7,146.0,0.5310625587540725,14,451.0
1400.0,16,310.0,6.739130434782608,5.601761216439228,11,343.0,0.332790443879494,5,137.0,0.42215633733164637,16,480.0
1405.0,19,220.0,4.680851063829787,5.095847909299197,10,297.0,0.25863514734439996,9,146.0,0.2994335065920823,19,443.0
1410.0,19,255.0,5.1,5.289907235978018,12,246.0,0.18948523323672603,7,171.0,0.32056919089474584,19,417.0
1415.0,19,327.0,6.411764705882353,5.901432780875722,13,308.0,0.25049133863046286,6,189.0,0.4264641247882457,19,497.0
1420.0,23,434.0,8.346153846153847,6.139965173007107,15,373.0,0.31652361156135594,8,223.0,0.4368332301341833,23,596.0
1425.0,19,426.0,8.192307692307692,4.8186066094352595,14,400.0,0.2702245076249045,5,237.0,0.43168983521375237,19,637.0
1430.0,18,513.0,9.679245283018869,5.59058746439104,13,428.0,0.23268142589285243,5,241.0,0.4184287171983568,18,669.0
1435.0,16,402.0,7.444444444444445,6.219881244381419,10,371.0,0.29788464312272683,6,224.0,0.33880696451799397,16,595.0
1440.0,18,313.0,5.491228070175438,6.552561963430102,8,240.0,0.18990012019019006,10,233.0,0.3778726506696853,18,473.0
1445.0,17,312.0,6.0,5.729342135240978,8,245.0,0.2687575927534582,9,264.0,0.3434529503957753,17,509.0
1450.0,21,390.0,7.647058823529412,5.926087364276292,12,264.0,0.24297786387889092,9,277.0,0.387713726086727,21,541.0
1455.0,17,188.0,3.6153846153846154,5.106146730088212,10,293.0,0.128821146557219,7,116.0,0.3564189440739713,17,409.0
1460.0,21,238.0,4.407407407407407,6.279506236054072,13,341.0,0.19282598337049148,8,65.0,0.39877751846630877,21,406.0
1465.0,19,266.0,5.018867924528302,6.0194623697912855,10,303.0,0.2973085056922353,9,89.0,0.3474349209518107,19,392.0
1470.0,21,299.0,5.4363636363636365,6.274212777064522,8,249.0,0.3278011015345706,13,147.0,0.3463248628087782,21,396.0
1475.0,24,260.0,4.7272727272727275,4.922301969710695,8,219.0,0.35537141821349844,16,182.0,0.2353920980810659,24,401.0
1480.0,24,295.0,5.175438596491228,5.635199029492941,8,178.0,0.45232187858319156,16,259.0,0.25064722160621866,24,437.0
1485.0,24,279.0,4.5,4.896379063290789,9,175.0,0.35600858934881924,15,281.0,0.2646589943555842,24,456.0
1490.0,21,262.0,4.517241379310345,5.234443790431646,11,230.0,0.32684156026087163,10,229.0,0.2989142053741848,21,459.0
1495.0,21,261.0,4.423728813559322,5.21262780782107,13,290.0,0.34172041969004435,8,210.0,0.21056168710204415,21,500.0
1500.0,28,266.0,4.360655737704918,5.0308494560511905,14,278.0,0.31041129676058954,14,179.0,0.1509139143867291,28,457.0
1505.0,22,235.0,3.7301587301587302,5.370538873256297,10,252.0,0.3546067962280069,12,216.0,0.21141111216291023,22,468.0
1510.0,23,265.0,4.491525423728813,5.477737847152586,9,246.0,0.3754021961155148,14,251.0,0.3284982025629844,23,497.0
1515.0,27,370.0,6.166666666666667,5.56028471535667,14,291.0,0.35278853166626306,13,297.0,0.35958261276925657,27,588.0
1520.0,31,502.0,8.229508196721312,4.431665194139875,14,357.0,0.3165722158195911,17,367.0,0.23796339815144274,31,724.0
1525.0,33,546.0,8.950819672131148,3.834815208999775,15,403.0,0.28961634697318234,18,374.0,0.1109749450184685,33,777.0
1530.0,28,374.0,6.233333333333333,4.193763075539246,15,368.0,0.21612360626469693,13,304.0,0.15203966198801755,28,672.0
1535.0,20,255.0,4.322033898305085,4.747936013950677,15,341.0,0.21654899660268292,5,251.0,0.2594024853329173,20,592.0
1540.0,26,347.0,5.507936507936508,4.283787571316295,15,404.0,0.25845771431532655,11,273.0,0.22383632695546193,26,677.0
1545.0,31,424.0,6.523076923076923,4.652112847345494,16,458.0,0.2785184105231208,15,291.0,0.2656847226132619,31,749.0
1550.0,32,451.0,6.833333333333333,4.922729857280838,16,445.0,0.29236554850261637,16,370.0,0.273498456077941,32,815.0
1555.0,27,324.0,4.909090909090909,4.816044530925258,11,356.0,0.2862179480096695,16,366.0,0.22859696316062625,27,722.0
1560.0,17,186.0,2.8181818181818183,5.447584749280485,9,352.0,0.31697685429356937,8,289.0,0.2536862460981988,17,641.0
1565.0,23,256.0,4.0,6.0156976604210435,13,376.0,0.31914076039481154,10,194.0,0.3149713771523616,23,570.0
1570.0,19,220.0,3.4375,6.092902637466541,14,406.0,0.2381303944858322,5,134.0,0.4416672499623686,19,540.0
1575.0,25,298.0,4.806451612903226,5.146112740418512,17,462.0,0.23639241288469434,8,123.0,0.31864608810297035,25,585.0
1580.0,28,281.0,4.4603174603174605,4.862056038186596,18,443.0,0.19890576006224217,10,126.0,0.3215322442567577,28,569.0
1585.0,28,345.0,5.390625,5.509446899468662,15,448.0,0.24968998737139622,13,187.0,0.3146631014006101,28,635.0
1590.0,27,375.0,6.25,4.406398727846281,15,491.0,0.18075637891819632,12,206.0,0.31731258781581795,27,697.0
1595.0,30,435.0,7.372881355932203,4.485861810529933,22,559.0,0.09653345239166228,8,181.0,0.35897412621845304,30,740.0
1600.0,28,398.0,6.982456140350878,3.810792804108263,21,546.0,0.12320898240603671,7,141.0,0.34201524204682515,28,687.0
1605.0,28,336.0,5.508196721311475,5.1794848658083925,16,476.0,0.3021305586123688,12,160.0,0.31855281824608117,28,636.0
1610.0,21,289.0,4.661290322580645,5.298114176851084,12,427.0,0.38245461896436095,9,145.0,0.3138670502333807,21,572.0
1615.0,23,282.0,4.2727272727272725,5.589397056825671,11,429.0,0.39699695502166477,12,158.0,0.34941611874947964,23,587.0
1620.0,25,294.0,4.523076923076923,5.363921777485305,15,416.0,0.3318381040691103,10,170.0,0.3393300794267397,25,586.0
1625.0,24,267.0,4.171875,4.845087264006148,17,436.0,0.21689485273518558,7,143.0,0.302756462132242,24,579.0
1630.0,25,235.0,3.671875,4.318127002000164,19,479.0,0.09127290626749232,6,134.0,0.2704659610382221,25,613.0
1635.0,35,327.0,5.190476190476191,4.110426414652953,22,518.0,0.07729020064522883,13,145.0,0.22877826787791333,35,663.0
1640.0,27,334.0,5.301587301587301,4.573468089396646,17,478.0,0.1699181922031675,10,159.0,0.29037050649105944,27,637.0
1645.0,21,290.0,4.393939393939394,5.183277520299659,15,487.0,0.1602630078150177,6,136.0,0.38264782376886486,21,623.0
1650.0,24,324.0,4.909090909090909,5.931674233427296,19,528.0,0.1984692496448291,5,118.0,0.42096148373918685,24,646.0
1655.0,26,401.0,5.985074626865671,5.989368139750007,18,558.0,0.28536834003642825,8,92.0,0.3724056691734709,26,650.0
1660.0,28,438.0,6.4411764705882355,4.9699888860685055,18,548.0,0.3384904044250311,10,109.0,0.22583315417507097,28,657.0
1665.0,23,373.0,5.7384615384615385,5.000235161896737,14,530.0,0.3130200808023047,9,111.0,0.3330046050331965,23,641.0
1670.0,26,232.0,3.5692307692307694,4.616168271194595,15,447.0,0.26668586753425344,11,98.0,0.24948013065104463,26,545.0
1675.0,28,267.0,3.869565217391304,4.608522038556029,19,501.0,0.18242156353936392,9,111.0,0.28046013352421517,28,612.0
1680.0,30,356.0,5.014084507042254,4.438454882332052,21,568.0,0.17686266611289575,9,132.0,0.3126320477772696,30,700.0
1685.0,32,447.0,6.6716417910447765,5.020260049495599,24,588.0,0.20426222389532045,8,122.0,0.44726946009731594,32,710.0
1690.0,30,530.0,7.794117647058823,4.616273382504113,20,631.0,0.18494784183462407,10,141.0,0.33629971121389113,30,772.0
1695.0,34,521.0,7.338028169014085,4.0691825917804465,20,590.0,0.24276684769304507,14,191.0,0.16671875791790883,34,781.0
1700.0,31,434.0,5.945205479452055,4.350727094222386,14,461.0,0.22735283283856006,17,209.0,0.22250809308018418,31,670.0
1705.0,33,596.0,8.394366197183098,5.717802965353828,17,467.0,0.370766503292129,16,283.0,0.31283185601544444,33,750.0
1710.0,28,605.0,8.52112676056338,4.879549953371602,16,468.0,0.2810801185171118,12,302.0,0.33808231112916426,28,770.0
1715.0,34,663.0,9.082191780821917,4.575025171102123,23,538.0,0.18346563221145062,11,282.0,0.3506517202817635,34,820.0
1720.0,35,682.0,9.216216216216216,4.099073627586984,24,619.0,0.1520438054247003,11,268.0,0.30738051200718763,35,887.0
1725.0,33,649.0,8.539473684210526,4.342659354302924,19,645.0,0.1949038345353414,14,245.0,0.23072996536857046,33,890.0
1730.0,39,669.0,9.04054054054054,3.6344855542500065,21,656.0,0.15345043503326294,18,280.0,0.20076479866977806,39,936.0
1735.0,36,493.0,6.662162162162162,3.9688765755644617,22,621.0,0.12132013461146869,14,302.0,0.266088503585218,36,923.0
1740.0,30,456.0,6.2465753424657535,4.031259696905863,18,668.0,0.15765833560134715,12,313.0,0.3013620513939787,30,981.0
1745.0,34,591.0,8.208333333333334,4.638140724366753,17,702.0,0.26552297763171734,17,373.0,0.23206007664482237,34,1075.0
1750.0,34,475.0,6.785714285714286,3.982400449584703,17,691.0,0.27525865406512073,17,381.0,0.13556276937547518,34,1072.0
1755.0,31,400.0,5.405405405405405,4.757836552317028,14,622.0,0.2912023205419838,17,357.0,0.16784546284241053,31,979.0
1760.0,34,406.0,5.486486486486487,4.763879553011011,17,645.0,0.2690596304281656,17,392.0,0.2704412724543418,34,1037.0
1765.0,30,479.0,6.386666666666667,5.705997017591509,20,697.0,0.22286521918658328,10,367.0,0.39328560591073847,30,1064.0
1770.0,34,482.0,6.513513513513513,4.650421412612852,22,777.0,0.14153385831138177,12,313.0,0.3184536474200476,34,1090.0
1775.0,34,518.0,7.194444444444445,4.743268351713602,19,837.0,0.16106981692483607,15,255.0,0.275304038605848,34,1092.0
1780.0,35,558.0,8.454545454545455,3.448652653235967,19,859.0,0.1550239270701066,16,283.0,0.1432594881379746,35,1142.0
1785.0,35,664.0,9.764705882352942,4.479871953525167,17,854.0,0.2792039729458859,18,343.0,0.19685528493196325,35,1197.0
1790.0,33,621.0,9.132352941176471,4.321418002954087,15,803.0,0.30105331067302943,18,364.0,0.23830494795606444,33,1167.0
1795.0,22,398.0,6.317460317460317,5.443505867243311,12,633.0,0.3046375763344881,10,336.0,0.3433490556818585,22,969.0
1800.0,20,368.0,6.032786885245901,5.603344278282683,10,498.0,0.14351830856109368,10,325.0,0.39699589026525905,20,823.0
1805.0,25,393.0,6.442622950819672,5.226303901493,12,527.0,0.14224716401051155,13,310.0,0.32101635268901446,25,837.0
1810.0,24,387.0,6.241935483870968,5.184220760386372,11,537.0,0.26212073709720995,13,292.0,0.21451121200158826,24,829.0
1815.0,25,342.0,5.796610169491525,4.77920827361208,10,500.0,0.39344664105517047,15,259.0,0.09432994814141735,25,759.0
1820.0,27,379.0,6.213114754098361,5.220977856729746,10,415.0,0.3878027832761228,17,254.0,0.2149686599841908,27,669.0
1825.0,31,499.0,8.180327868852459,4.137369219847975,15,427.0,0.2568164054822876,16,298.0,0.2593179479012996,31,725.0
1830.0,32,609.0,9.82258064516129,3.8619751566120675,17,478.0,0.23061981592359068,15,334.0,0.2909895600013346,32,812.0
1835.0,30,621.0,9.553846153846154,4.150939792971343,15,497.0,0.2960587749229555,15,352.0,0.25501515434314753,30,849.0
1840.0,27,655.0,9.924242424242424,4.477345068754248,14,504.0,0.23870046691392185,13,321.0,0.27193383161545504,27,825.0
1845.0,28,602.0,8.852941176470589,4.336947226718256,17,557.0,0.2266267819493066,11,282.0,0.21796931217540283,28,839.0
1850.0,35,670.0,9.43661971830986,4.2685876112032055,18,612.0,0.23536809818285315,17,220.0,0.170937560611052,35,832.0
1855.0,29,747.0,10.52112676056338,4.8915973844332346,15,638.0,0.3162582266771654,14,256.0,0.2165060087424365,29,894.0
1860.0,26,586.0,8.13888888888889,5.7072456573669985,16,540.0,0.30376888581536454,10,270.0,0.2883492825118856,26,810.0
1865.0,26,655.0,9.097222222222221,5.990296947118756,15,487.0,0.29018442052808674,11,303.0,0.38524991778559253,26,790.0
1870.0,27,509.0,7.485294117647059,5.317911059974279,18,461.0,0.17652631958052226,9,260.0,0.39112356701130285,27,721.0
1875.0,28,354.0,5.446153846153846,4.760526538015231,21,384.0,0.11974510255341972,7,204.0,0.4525085216498345,28,588.0
1880.0,26,298.0,4.73015873015873,4.492824246121483,20,435.0,0.15063417390418976,6,151.0,0.4599613636464499,26,586.0
1885.0,29,311.0,5.098360655737705,4.689953962840783,19,446.0,0.23778328854568134,10,141.0,0.3199987205250296,29,587.0
1890.0,30,354.0,5.80327868852459,3.736817825333071,17,448.0,0.23967002113598457,13,160.0,0.17276635426600012,30,608.0
1895.0,31,412.0,6.5396825396825395,4.7420553128099145,18,462.0,0.25408456406276986,13,172.0,0.28896230536524653,31,634.0
1900.0,29,390.0,6.09375,4.078457085836309,18,483.0,0.20825544811149388,11,196.0,0.31194614483722255,29,679.0
1905.0,26,331.0,4.940298507462686,5.4731943068282956,16,447.0,0.25378410100389753,10,195.0,0.44655947577069316,26,642.0
1910.0,25,300.0,4.615384615384615,4.843676793049324,16,479.0,0.16015919797225997,9,176.0,0.46131478584471913,25,655.0
1915.0,24,343.0,5.044117647058823,5.967695229327721,14,505.0,0.2712203407858293,10,159.0,0.45852524420619833,24,664.0
1920.0,24,335.0,4.855072463768116,4.7578338997910805,12,456.0,0.33912063108816437,12,186.0,0.22686162626153203,24,642.0
1925.0,35,343.0,4.763888888888889,5.147796039450018,17,396.0,0.34146773544561354,18,228.0,0.28604273954142206,35,624.0
1930.0,35,366.0,5.382352941176471,3.901660432536312,16,382.0,0.2957049873367702,19,284.0,0.2273831353245277,35,666.0
1935.0,33,431.0,6.338235294117647,3.9987516308992612,18,349.0,0.2005139136086364,15,304.0,0.27315302718222456,33,653.0
1940.0,36,400.0,5.714285714285714,3.4781505082776416,22,397.0,0.07822241370070297,14,288.0,0.3109344071260325,36,685.0
1945.0,31,392.0,5.444444444444445,4.567519392969866,14,409.0,0.1880260083576294,17,252.0,0.2958370424187255,31,661.0
1950.0,24,323.0,4.486111111111111,5.009064381204825,7,316.0,0.35209885707993155,17,300.0,0.19690752507800016,24,616.0
1955.0,26,400.0,5.633802816901408,5.5782456304517485,12,297.0,0.22089199964251002,14,335.0,0.3010968531832251,26,632.0
1960.0,27,366.0,5.304347826086956,4.118279578227664,13,326.0,0.13174165205255028,14,328.0,0.1984527562856934,27,654.0
1965.0,26,382.0,5.457142857142857,5.353222388301408,11,322.0,0.29517314559205404,15,294.0,0.2327270621140413,26,616.0
1970.0,24,369.0,5.676923076923077,4.818058470709145,7,344.0,0.38130944712978626,17,286.0,0.12204346414393434,24,630.0
1975.0,32,427.0,6.569230769230769,4.681091344350397,14,392.0,0.34374989252558547,18,293.0,0.14163721312746008,32,685.0
1980.0,33,489.0,7.1911764705882355,3.9579054446373667,16,425.0,0.2069539156853236,17,336.0,0.1847439655609399,33,761.0
1985.0,25,492.0,7.6875,4.5803089786683735,13,434.0,0.22542674807348112,12,314.0,0.24742967850599387,25,748.0
1990.0,19,381.0,5.953125,4.68762163627429,8,369.0,0.2516246132558439,11,315.0,0.14766804287098567,19,684.0
1995.0,27,383.0,5.803030303030303,4.841761442628389,13,279.0,0.1999609599644048,14,322.0,0.20587071355257386,27,601.0
2000.0,28,458.0,6.835820895522388,4.902109149181462,16,316.0,0.24449739474626575,12,343.0,0.24846302250926933,28,659.0
2005.0,18,477.0,7.693548387096774,5.9091589607919115,9,323.0,0.2862368144194595,9,334.0,0.36865004142839775,18,657.0
2010.0,18,497.0,7.765625,5.826299198759144,8,304.0,0.2738226899164131,10,362.0,0.3449710280024297,18,666.0
2015.0,20,408.0,6.476190476190476,6.298971856536727,13,323.0,0.27408769411579614,7,285.0,0.3794339564763413,20,608.0
2020.0,23,430.0,7.166666666666667,5.442138278424593,16,366.0,0.19588783173771107,7,205.0,0.37127297394516323,23,571.0
2025.0,20,484.0,8.344827586206897,5.570355441657264,11,381.0,0.21194754746670533,9,243.0,0.4036088896704494,20,624.0
2030.0,22,544.0,9.379310344827585,5.371511522182282,13,408.0,0.2705564478019621,9,258.0,0.2629644475316918,22,666.0
2035.0,19,570.0,9.661016949152541,6.195307515817775,11,401.0,0.26789779223483423,8,285.0,0.35882042666084946,19,686.0
2040.0,17,490.0,9.245283018867925,5.769469061921479,11,389.0,0.23586832788050147,6,245.0,0.4205136619532761,17,634.0
2045.0,21,571.0,10.773584905660377,5.474230299217506,14,441.0,0.17357686429315494,7,266.0,0.48092023339253515,21,707.0
2050.0,29,553.0,10.634615384615385,4.478973447506128,20,524.0,0.18760846733322195,9,207.0,0.4106101198680348,29,731.0
2055.0,28,556.0,10.49056603773585,3.9348905283287086,18,578.0,0.23760395996672984,10,106.0,0.2777948598388243,28,684.0
2060.0,24,540.0,10.0,4.24017357822622,12,565.0,0.27616658733261806,12,127.0,0.16756456967304087,24,692.0
2065.0,18,251.0,4.826923076923077,5.081621797452227,9,355.0,0.3092663440909619,9,122.0,0.23977436860378662,18,477.0
2070.0,21,209.0,3.8,5.611888042078648,13,256.0,0.2944166494166767,8,114.0,0.285133985632906,21,370.0
2075.0,18,230.0,4.509803921568627,5.691317880398642,13,278.0,0.19662960599080065,5,99.0,0.47593401413109065,18,377.0
2080.0,15,255.0,5.204081632653061,5.792919863479965,10,295.0,0.2585808403016553,5,85.0,0.3388195042050047,15,380.0
2085.0,19,254.0,4.980392156862745,4.807342803971976,11,287.0,0.19214576047996354,8,95.0,0.23875510690029902,19,382.0
2090.0,23,195.0,3.75,5.296973472781877,15,244.0,0.2704433932175173,8,110.0,0.3424034686817716,23,354.0
2095.0,21,229.0,4.58,5.372484243911118,13,272.0,0.30735113918527995,8,140.0,0.45084046680897066,21,412.0
2100.0,22,248.0,4.769230769230769,4.875019394078686,16,284.0,0.26294062025001286,6,137.0,0.38202757749547955,22,421.0
2105.0,18,217.0,3.9454545454545453,5.424937568120137,15,315.0,0.28001641320052534,3,80.0,0.3197549913048665,18,395.0
2110.0,16,208.0,3.7142857142857144,6.957625541805679,9,276.0,0.26442415247152845,7,83.0,0.40283274555875703,16,359.0
2115.0,13,200.0,3.7037037037037037,6.662344961388295,7,260.0,0.18874919547048313,6,100.0,0.4186565796017602,13,360.0
2120.0,19,205.0,3.7962962962962963,6.161656157975353,13,294.0,0.055555559859565735,6,72.0,0.3733077510090755,19,366.0
2125.0,19,217.0,4.717391304347826,6.104558794545271,14,290.0,0.20915556116075198,5,65.0,0.4460595946820745,19,355.0
2130.0,21,240.0,4.8979591836734695,5.895723106841265,13,252.0,0.32228740161474195,8,87.0,0.36412688235316193,21,339.0
2135.0,19,264.0,5.739130434782608,5.7591292807868175,10,251.0,0.38218730579640015,9,125.0,0.3442374783363888,19,376.0
2140.0,13,173.0,3.8444444444444446,5.2820479240933444,6,183.0,0.2492674315057754,7,125.0,0.38499596852830487,13,308.0
2145.0,15,214.0,4.863636363636363,6.179900925621951,7,174.0,0.32166715818894664,8,125.0,0.3541711028051194,15,299.0
2150.0,20,251.0,5.837209302325581,5.00593848045908,12,222.0,0.21806613531064922,8,120.0,0.2793646433184399,20,342.0
2155.0,21,320.0,7.111111111111111,4.401224868655051,13,257.0,0.22706572807253364,8,128.0,0.2961535941186299,21,385.0
2160.0,18,361.0,7.8478260869565215,5.389826010533068,9,259.0,0.37543983443336826,9,148.0,0.27785886230590506,18,407.0
2165.0,16,296.0,5.803921568627451,5.820029046669407,7,200.0,0.36023958535820694,9,174.0,0.2986067774271522,16,374.0
2170.0,14,183.0,3.519230769230769,7.044268301450909,8,164.0,0.4106432226961697,6,116.0,0.48253117064183015,14,280.0
2175.0,14,134.0,2.4363636363636365,6.327736770109751,11,145.0,0.2156731224515723,3,61.0,0.5282849768771056,14,206.0
2180.0,20,193.0,3.4464285714285716,6.750541221480871,13,145.0,0.2690979131630061,7,83.0,0.5574398904720327,20,228.0
2185.0,23,255.0,4.473684210526316,5.51337948717892,15,215.0,0.29665391798266993,8,94.0,0.42194494033370156,23,309.0
2190.0,22,276.0,4.842105263157895,4.743149559427079,12,227.0,0.29166930576396577,10,120.0,0.3548511639557343,22,347.0
2195.0,20,264.0,4.631578947368421,4.742680844516529,7,190.0,0.393481509108607,13,157.0,0.2404082769290204,20,347.0
2200.0,21,263.0,4.383333333333334,4.759031438298573,8,172.0,0.3026287475302009,13,194.0,0.2377871528639145,21,366.0
2205.0,28,333.0,5.459016393442623,4.466842898152565,15,178.0,0.15157264340174662,13,238.0,0.282764599494784,28,416.0
2210.0,32,441.0,7.229508196721311,4.863110121212474,17,244.0,0.20241717884835062,15,277.0,0.28514928921095956,32,521.0
2215.0,27,535.0,9.067796610169491,4.928922193214099,13,290.0,0.2945113472452306,14,334.0,0.2184606963507233,27,624.0
2220.0,28,593.0,10.403508771929825,4.307947989190219,12,283.0,0.1927506768807122,16,391.0,0.18962210492472859,28,674.0
2225.0,21,431.0,8.132075471698114,4.359132919092993,8,250.0,0.22158812986722115,13,348.0,0.1366271444707585,21,598.0
2230.0,20,328.0,5.754385964912281,5.263512961079664,8,236.0,0.26438747695571385,12,288.0,0.14682645315067394,20,524.0
2235.0,23,274.0,4.807017543859649,5.459674135932469,12,232.0,0.2591454167318888,11,265.0,0.24941406419606812,23,497.0
2240.0,19,207.0,3.6315789473684212,6.21779668720111,11,241.0,0.2891778544892375,8,231.0,0.4157239545208798,19,472.0
2245.0,18,201.0,3.6545454545454548,6.081781806653472,9,213.0,0.37695109262848064,9,238.0,0.3437747447939799,18,451.0
2250.0,19,219.0,3.8421052631578947,5.029584448367503,8,212.0,0.27490270334776196,11,256.0,0.3245981264112973,19,468.0
2255.0,25,292.0,4.9491525423728815,5.858115870833428,12,200.0,0.3321241316379352,13,280.0,0.37818821642241396,25,480.0
2260.0,22,341.0,6.089285714285714,5.282919258269729,12,223.0,0.3456356968904705,10,255.0,0.33366728917696536,22,478.0
2265.0,23,309.0,5.421052631578948,4.2688609713924635,10,229.0,0.2890965308298075,13,255.0,0.16963475338709225,23,484.0
2270.0,25,328.0,5.377049180327869,4.507497595605957,14,227.0,0.22248398712501288,11,225.0,0.15546417009758687,25,452.0
2275.0,27,331.0,5.338709677419355,5.602507006550879,14,254.0,0.2010199815582986,13,255.0,0.32437308883781757,27,509.0
2280.0,25,319.0,4.984375,5.168290748685422,13,292.0,0.23708598624626795,12,228.0,0.27589643660761093,25,520.0
2285.0,20,331.0,5.516666666666667,5.847298122189403,11,317.0,0.3083697942674355,9,209.0,0.36531949698692184,20,526.0
2290.0,24,299.0,4.983333333333333,5.009712176241483,15,358.0,0.2766485793766581,9,206.0,0.282533698080382,24,564.0
2295.0,28,394.0,6.566666666666666,4.822495123773297,18,394.0,0.22829641452259852,10,202.0,0.34385622117585457,28,596.0
2300.0,32,421.0,7.016666666666667,4.338114519061845,18,424.0,0.1719367079347015,14,219.0,0.31234887204359596,32,643.0
2305.0,28,434.0,6.888888888888889,4.602687622465314,16,414.0,0.1954410209756852,12,202.0,0.34248997522664476,28,616.0
2310.0,29,324.0,4.835820895522388,4.2224284165416615,17,362.0,0.2553796667475184,12,218.0,0.29280416855034064,29,580.0
2315.0,28,383.0,5.7164179104477615,5.429579159894155,17,369.0,0.33404830425532805,11,207.0,0.33469697045080427,28,576.0
2320.0,27,348.0,4.901408450704225,4.830813647876611,14,364.0,0.31678960758781505,13,217.0,0.2635661232568364,27,581.0
2325.0,28,250.0,3.3783783783783785,5.04713972046865,13,308.0,0.3277747259410697,15,215.0,0.215875142677691,28,523.0
2330.0,26,280.0,3.943661971830986,4.434518780493181,10,289.0,0.34207803118559765,16,268.0,0.14628335512258664,26,557.0
2335.0,25,312.0,4.457142857142857,5.160600471155546,14,256.0,0.25792729955534666,11,300.0,0.30946633983887717,25,556.0
2340.0,28,401.0,5.728571428571429,4.54852833160249,18,278.0,0.11747452407112938,10,308.0,0.3895152084559794,28,586.0
2345.0,24,476.0,7.104477611940299,5.1592974286380215,14,270.0,0.23713919396922242,10,325.0,0.3250683436714626,24,595.0
2350.0,27,496.0,7.630769230769231,4.663207371955654,14,273.0,0.2986043876447015,13,311.0,0.132250422079467,27,584.0
2355.0,30,612.0,9.415384615384616,4.8490390472416225,11,275.0,0.3306975669536394,19,397.0,0.16049916034537062,30,672.0
2360.0,33,468.0,7.3125,4.6394860190790395,17,303.0,0.27016887794739614,16,370.0,0.2511049034776828,33,673.0
2365.0,31,488.0,7.072463768115942,5.25804014957263,19,327.0,0.298771668237751,12,242.0,0.32155213998577664,31,569.0
2370.0,31,373.0,5.04054054054054,4.6971186162383045,18,324.0,0.2703225578825585,13,248.0,0.31691087417483044,31,572.0
2375.0,27,357.0,4.4625,5.8236433444114795,18,283.0,0.33176416515474844,9,205.0,0.3848223840438081,27,488.0
2380.0,27,309.0,3.9615384615384617,5.736267284401417,21,307.0,0.2528453930769368,6,164.0,0.43379040122837903,27,471.0
2385.0,28,311.0,4.092105263157895,5.3147292106860995,16,286.0,0.23023369901442609,12,155.0,0.31593441068936645,28,441.0
2390.0,37,373.0,5.328571428571428,3.0862312885325918,21,315.0,0.14409338870381494,16,197.0,0.10543959324236277,37,512.0
2395.0,35,409.0,6.104477611940299,3.939442974320562,21,360.0,0.1482668707039347,14,242.0,0.1791466561193579,35,602.0
2400.0,29,409.0,6.196969696969697,3.272152480145961,18,409.0,0.13468309767389705,11,226.0,0.1512045517312623,29,635.0
2405.0,28,479.0,7.149253731343284,4.83641941939142,14,422.0,0.2157994880880741,14,232.0,0.2539421382772368,28,654.0
2410.0,30,475.0,7.421875,4.457910516008332,18,440.0,0.14569756253190788,12,268.0,0.2992142436950022,30,708.0
2415.0,28,524.0,8.1875,5.360305160304506,18,413.0,0.15674087100199682,10,285.0,0.3528650758628564,28,698.0
2420.0,28,473.0,7.629032258064516,5.044871058139582,20,462.0,0.10658291263307369,8,236.0,0.3726565611602207,28,698.0
2425.0,26,459.0,7.65,5.718757620457121,15,481.0,0.2324739195343161,11,188.0,0.3939686593526205,26,669.0
2430.0,25,407.0,6.898305084745763,4.4109308038275765,14,497.0,0.24388792805115228,11,179.0,0.30624825768040853,25,676.0
2435.0,22,397.0,6.403225806451613,5.139102309738707,12,472.0,0.3105090193042648,10,188.0,0.259652691179938,22,660.0
2440.0,31,502.0,8.096774193548388,4.286400669283001,16,481.0,0.27973692125283406,15,216.0,0.18709166547494926,31,697.0
2445.0,32,628.0,9.8125,4.87998703839869,12,472.0,0.36246080225360894,20,311.0,0.1831410461913849,32,783.0
2450.0,34,674.0,10.870967741935484,3.7022410786275692,15,492.0,0.26699071706385413,19,358.0,0.1800003011410777,34,850.0
2455.0,24,672.0,10.5,4.7784328480485545,12,529.0,0.28688938245295176,12,331.0,0.23678287591564223,24,860.0
2460.0,22,383.0,5.984375,4.996449464805865,13,412.0,0.09053306833563429,9,268.0,0.35506365455128813,22,680.0
2465.0,23,366.0,5.462686567164179,6.459497485784299,13,323.0,0.27511178275270975,10,221.0,0.41780117537717126,23,544.0
2470.0,24,306.0,4.78125,5.5590213939781155,11,261.0,0.34779487202648607,13,244.0,0.3042659090730867,24,505.0
2475.0,18,310.0,5.0,6.605252771800359,8,199.0,0.45945184154003454,10,250.0,0.3635826506388947,18,449.0
2480.0,20,236.0,3.746031746031746,5.314309371825576,9,189.0,0.26950034262160333,11,225.0,0.31927606893172183,20,414.0
2485.0,20,222.0,3.639344262295082,6.020855248339828,9,195.0,0.3470192088220793,11,223.0,0.31763746012742744,20,418.0
2490.0,19,260.0,4.333333333333333,4.729558888102021,10,210.0,0.28919004046555735,9,197.0,0.18591477509673535,19,407.0
2495.0,19,308.0,5.133333333333334,6.292158909279066,9,227.0,0.34481289048719604,10,224.0,0.33230578019588913,19,451.0
2500.0,20,232.0,3.80327868852459,5.695451715556636,10,225.0,0.26199866356848134,10,214.0,0.3537259659401775,20,439.0
2505.0,24,323.0,5.47457627118644,5.605235021406848,12,254.0,0.28063605581451756,12,201.0,0.3569219861840448,24,455.0
2510.0,25,352.0,6.285714285714286,4.9462453232467265,10,261.0,0.3794347642369724,15,248.0,0.24426507727791325,25,509.0
2515.0,18,379.0,6.423728813559322,5.66776393193583,8,242.0,0.4021575088039071,10,260.0,0.1841359897095792,18,502.0
2520.0,21,408.0,7.157894736842105,5.571048724966213,10,266.0,0.31681015630625664,11,235.0,0.15458642795795305,21,501.0
2525.0,22,247.0,4.258620689655173,5.748505186304364,8,180.0,0.36965084987486074,14,221.0,0.09727004564040695,22,401.0
2530.0,21,288.0,4.9655172413793105,5.488393425992616,8,120.0,0.40009486963094204,13,267.0,0.1185824237774544,21,387.0
2535.0,24,368.0,6.943396226415095,5.8503044585918085,10,149.0,0.41498139309342835,14,324.0,0.2165456610437583,24,473.0
2540.0,21,383.0,7.226415094339623,5.7460189609626635,9,165.0,0.4103293870992774,12,338.0,0.2762961774221462,21,503.0
2545.0,17,281.0,5.30188679245283,5.423451004178085,12,157.0,0.18135746606632044,5,286.0,0.41865956494261447,17,443.0
2550.0,21,313.0,5.796296296296297,5.167314552388884,13,170.0,0.19612444195106252,8,276.0,0.4204107674379815,21,446.0
2555.0,25,390.0,7.090909090909091,5.264588796426736,14,187.0,0.3234842923763417,11,287.0,0.39882599156752707,25,474.0
2560.0,22,434.0,7.614035087719298,4.7497507662586465,11,222.0,0.31664834481802306,11,294.0,0.29512303323032796,22,516.0
2565.0,17,386.0,6.433333333333334,4.813298030053216,9,210.0,0.32661341690991996,8,281.0,0.2564345532420243,17,491.0
2570.0,18,173.0,2.8360655737704916,5.424070506429831,11,189.0,0.3655802006125722,7,142.0,0.22246748908577027,18,331.0
2575.0,24,222.0,3.46875,5.048161746354635,12,214.0,0.19800614612639347,12,130.0,0.21933438881015418,24,344.0
2580.0,30,287.0,4.555555555555555,5.125427652425853,15,229.0,0.19809485393150914,15,176.0,0.2838619185600317,30,405.0
2585.0,21,299.0,4.901639344262295,5.092460072460023,14,250.0,0.19220332139837062,7,181.0,0.3374505861348436,21,431.0
2590.0,22,308.0,5.4035087719298245,5.245628298407246,14,292.0,0.25992949771808843,8,150.0,0.32507818448349274,22,442.0
2595.0,23,333.0,5.55,5.450911775823589,13,302.0,0.3502717541169176,10,174.0,0.21363591671778556,23,476.0
2600.0,23,342.0,5.896551724137931,5.506438286100761,12,290.0,0.35308803784002946,11,212.0,0.24100379837258903,23,502.0
2605.0,25,353.0,6.537037037037037,4.643351574558921,11,273.0,0.2526742302597622,14,270.0,0.2859636802706876,25,543.0
2610.0,24,286.0,5.107142857142857,4.462750394918502,11,208.0,0.1882326746520682,13,240.0,0.25970324492180114,24,448.0
2615.0,29,364.0,6.169491525423729,4.847786340497577,13,255.0,0.31608503218828704,16,229.0,0.1462369722873074,29,484.0
2620.0,23,331.0,5.610169491525424,5.388404719055176,11,278.0,0.38445548091147524,12,241.0,0.18682651623444393,23,519.0
2625.0,20,293.0,5.140350877192983,6.38374944464966,13,295.0,0.37202637683642353,7,212.0,0.41682533368146574,20,507.0
2630.0,21,242.0,4.4,5.438116953242217,14,296.0,0.2012958039014493,7,202.0,0.4309793807196364,21,498.0
2635.0,25,271.0,4.754385964912281,5.013041331659249,14,281.0,0.21248450652080697,11,226.0,0.3066894871788145,25,507.0
2640.0,27,361.0,6.016666666666667,4.655331143759003,14,324.0,0.19742984961069068,13,249.0,0.30623610402435225,27,573.0
2645.0,32,419.0,6.650793650793651,4.585980220923259,17,348.0,0.2187236479861429,15,312.0,0.32842554465137574,32,660.0
2650.0,25,451.0,7.158730158730159,5.195209605212367,11,339.0,0.3638109116915735,14,318.0,0.2743617858052596,25,657.0
2655.0,21,385.0,5.833333333333333,5.000429905837322,10,345.0,0.29292977677837106,11,266.0,0.20993739344812262,21,611.0
2660.0,24,387.0,5.6911764705882355,5.480083448788435,14,367.0,0.23103031060041673,10,229.0,0.3102509305765947,24,596.0
2665.0,30,461.0,6.779411764705882,5.272653225669362,15,417.0,0.264636437580391,15,237.0,0.26718435197711815,30,654.0
2670.0,29,518.0,7.848484848484849,5.407270616781781,14,455.0,0.37273104374921934,15,273.0,0.27198071393554896,29,728.0
2675.0,29,558.0,8.454545454545455,4.9952246655723815,12,474.0,0.36236116995410106,17,297.0,0.22886334451403365,29,771.0
2680.0,30,587.0,8.632352941176471,4.574359352603127,14,480.0,0.3362099506607918,16,295.0,0.16513862650374841,30,775.0
2685.0,23,285.0,4.014084507042254,5.330353730677307,12,340.0,0.2591123563648513,11,237.0,0.28854428227008067,23,577.0
2690.0,23,190.0,2.7941176470588234,5.789495395471262,16,176.0,0.21086786578928482,7,176.0,0.4067510265731169,23,352.0
2695.0,24,246.0,3.727272727272727,5.3850198201236985,15,230.0,0.2108765115309723,9,184.0,0.36142985513746845,24,414.0
2700.0,29,325.0,4.924242424242424,4.465221175035279,17,270.0,0.26428482071272236,12,197.0,0.20853287091088754,29,467.0
2705.0,25,312.0,4.8,5.00418526722155,16,285.0,0.27607349735952763,9,181.0,0.31415457444545647,25,466.0
2710.0,27,351.0,5.161764705882353,5.030827660602369,17,292.0,0.24281642892681968,10,200.0,0.3373065991301359,27,492.0
2715.0,31,379.0,5.492753623188406,5.104654469167695,17,325.0,0.24388896654313785,14,234.0,0.39600492283045896,31,559.0
2720.0,26,349.0,5.057971014492754,4.951686551428305,11,277.0,0.2866684149765731,15,276.0,0.29729999005570296,26,553.0
2725.0,24,328.0,5.046153846153846,4.644083763003097,11,251.0,0.25297544684972245,13,276.0,0.2056573686459875,24,527.0
2730.0,27,386.0,6.126984126984127,4.4054021616633365,14,258.0,0.1365444644946388,13,278.0,0.20056407975917875,27,536.0
2735.0,32,425.0,6.640625,3.9601810030484295,16,266.0,0.13493899477912422,16,326.0,0.1981156025563818,32,592.0
2740.0,31,365.0,5.703125,4.933128671466646,15,293.0,0.29834994274759674,16,290.0,0.2595302436774429,31,583.0
2745.0,27,358.0,5.682539682539683,4.970977031382203,11,289.0,0.31371444900558637,16,267.0,0.30032899785586525,27,556.0
2750.0,24,304.0,4.606060606060606,4.803751623858695,7,223.0,0.34679767022785485,17,303.0,0.16201498458173363,24,526.0
2755.0,19,206.0,3.21875,5.372743798290106,7,140.0,0.3432948896894517,12,299.0,0.22113763385205548,19,439.0
2760.0,20,174.0,2.6769230769230767,5.584263840270745,10,122.0,0.31175759301904754,10,273.0,0.30890747726320467,20,395.0
2765.0,25,265.0,3.8970588235294117,5.320837322706045,10,132.0,0.33447120964229254,15,308.0,0.31399388463251066,25,440.0
2770.0,26,336.0,4.869565217391305,5.384795891421531,7,125.0,0.43078138837015023,19,356.0,0.29854066889250835,26,481.0
2775.0,23,350.0,4.929577464788732,5.092659839065137,9,129.0,0.32356532011174144,14,376.0,0.29615104407465065,23,505.0
2780.0,25,294.0,4.083333333333333,5.217199883727969,14,136.0,0.33845578579981134,11,330.0,0.31071730722657953,25,466.0
2785.0,27,335.0,4.589041095890411,4.800975083801276,13,187.0,0.3135793779063349,14,283.0,0.2459828505224832,27,470.0
2790.0,33,423.0,5.875,4.09336849023296,14,214.0,0.2888120320856102,19,336.0,0.18236256249365998,33,550.0
2795.0,30,425.0,5.51948051948052,4.607473088106523,16,218.0,0.2281693816849079,14,372.0,0.20811220999041746,30,590.0
2800.0,28,347.0,4.448717948717949,5.1698535824558185,15,240.0,0.22605047459613142,13,335.0,0.27902472605322454,28,575.0
2805.0,31,358.0,4.531645569620253,5.235589507663212,16,273.0,0.28595802160815414,15,254.0,0.2917095598065669,31,527.0
2810.0,31,378.0,4.784810126582278,5.172736526385645,16,292.0,0.3090243279407299,15,281.0,0.29774547529411577,31,573.0
2815.0,37,458.0,5.725,4.573896352839656,19,342.0,0.2928483951039737,18,297.0,0.258550533464126,37,639.0
2820.0,34,496.0,6.2,4.494138567132773,15,347.0,0.3184546546332337,19,341.0,0.148314060010065,34,688.0
2825.0,28,480.0,6.153846153846154,4.663144041059813,14,371.0,0.23985818137263787,14,336.0,0.17393492978768893,28,707.0
2830.0,30,512.0,6.7368421052631575,4.715483279473832,19,384.0,0.15652083561708885,11,310.0,0.22566048517604656,30,694.0
2835.0,37,650.0,8.666666666666666,4.294458276250484,20,452.0,0.15391468192736915,17,342.0,0.21689448223979063,37,794.0
2840.0,34,778.0,10.95774647887324,4.273463742116467,18,507.0,0.20468024256825182,16,389.0,0.2130515067122007,34,896.0
2845.0,30,673.0,9.47887323943662,5.147645647746567,17,452.0,0.222884189358757,13,400.0,0.2769417593534177,30,852.0
2850.0,28,544.0,8.0,5.217344292502459,15,368.0,0.22333149636473903,13,332.0,0.2302349356257843,28,700.0
2855.0,34,544.0,8.5,4.594698973188871,17,430.0,0.13695689802893887,17,318.0,0.25773523581004465,34,748.0
2860.0,29,624.0,9.75,3.7155099686262187,20,523.0,0.13351791370024413,9,346.0,0.26976453816085866,29,869.0
2865.0,26,605.0,9.918032786885245,4.2396426878384394,16,533.0,0.17561592346025284,10,348.0,0.27807692478683044,26,881.0
2870.0,24,474.0,7.40625,4.7554878092046255,11,497.0,0.25453828375465665,13,314.0,0.24381119414206628,24,811.0
2875.0,30,382.0,5.617647058823529,4.681310622370483,9,418.0,0.3507871961541394,21,345.0,0.18345711727961744,30,763.0
2880.0,32,382.0,5.380281690140845,5.642291826298796,10,282.0,0.45222469895479755,22,457.0,0.22439274287307057,32,739.0
2885.0,31,460.0,6.666666666666667,5.020792435119127,7,288.0,0.43660516172417707,24,533.0,0.22601724439574347,31,821.0
2890.0,35,570.0,8.507462686567164,4.044091723568964,12,288.0,0.3433783122404357,23,608.0,0.20561037678416955,35,896.0
2895.0,36,628.0,9.373134328358208,2.8830417050906636,12,329.0,0.26863625341896746,24,646.0,0.14688521011039318,36,975.0
2900.0,38,645.0,9.214285714285714,3.507023576537068,14,356.0,0.2593406714320535,24,706.0,0.14463009195462845,38,1062.0
2905.0,38,617.0,8.569444444444445,3.42600872649361,16,425.0,0.294555554729874,22,736.0,0.045450492196246105,38,1161.0
2910.0,28,350.0,4.794520547945205,4.520517085436505,12,370.0,0.3283053021998458,16,688.0,0.07263446470455925,28,1058.0
2915.0,28,344.0,4.9855072463768115,4.961831197582585,16,352.0,0.2153087886929609,12,656.0,0.21915504697646787,28,1008.0
2920.0,32,413.0,6.073529411764706,4.183691261845748,17,341.0,0.14392228070211407,15,712.0,0.17702997207557333,32,1053.0
2925.0,36,491.0,7.4393939393939394,3.5840510983526763,15,308.0,0.13364430191368018,21,810.0,0.16134661847871312,36,1118.0
2930.0,35,563.0,9.080645161290322,3.3297266953540765,13,333.0,0.11094390904551243,22,847.0,0.210492830762463,35,1180.0
2935.0,28,500.0,8.333333333333334,3.5623504609295,13,332.0,0.09629767369369627,15,822.0,0.2298435637806619,28,1154.0
2940.0,23,499.0,8.316666666666666,4.064762031779915,11,339.0,0.052739635103145444,12,789.0,0.316470617226914,23,1128.0
2945.0,22,474.0,8.31578947368421,5.509482952298848,10,296.0,0.09163677820749866,12,723.0,0.3420393040032984,22,1019.0
2950.0,22,394.0,6.912280701754386,5.104874131962389,12,333.0,0.19034205715462857,10,593.0,0.23912720022930095,22,926.0
2955.0,23,286.0,4.931034482758621,4.621957059530018,9,340.0,0.34979387488726005,14,586.0,0.15091825284850227,23,926.0
2960.0,24,327.0,5.945454545454545,4.628511223126296,8,307.0,0.40047722028303095,16,586.0,0.22243397390947064,24,893.0
2965.0,27,387.0,6.672413793103448,4.142912833634812,8,338.0,0.3896657489093511,19,625.0,0.22479236388284926,27,963.0
2970.0,24,393.0,6.775862068965517,4.8539408059275235,11,381.0,0.3517103545129067,13,616.0,0.2582745978583373,24,997.0
2975.0,27,479.0,7.983333333333333,4.926032378939923,12,432.0,0.3698878934282537,15,575.0,0.24108190721690662,27,1007.0
2980.0,29,435.0,7.016129032258065,4.082198008871017,11,432.0,0.26907568521592384,18,474.0,0.17388519311035183,29,906.0
2985.0,29,516.0,8.459016393442623,3.9489772970232506,12,444.0,0.33259477508212587,17,527.0,0.19671427508986863,29,971.0
2990.0,31,493.0,7.584615384615384,4.286377389278493,13,399.0,0.3518135478561613,18,567.0,0.18685128029565157,31,966.0
2995.0,31,452.0,6.746268656716418,4.099562697037651,11,299.0,0.3512046461343852,20,573.0,0.17673819791717452,31,872.0
3000.0,32,479.0,7.149253731343284,3.617869718238152,11,270.0,0.318568879119705,21,540.0,0.1939452423564005,32,810.0
3005.0,36,528.0,7.542857142857143,3.6206733936883726,16,274.0,0.26785705416526173,20,570.0,0.23027248300638295,36,844.0
3010.0,35,429.0,6.128571428571429,3.752864531061508,16,307.0,0.21700763101888193,19,509.0,0.22406536792157564,35,816.0
3015.0,27,313.0,4.347222222222222,4.288605447464536,9,306.0,0.16421107695687231,18,499.0,0.22431081280506096,27,805.0
3020.0,30,322.0,4.472222222222222,4.220870341222331,8,261.0,0.23119763929424844,22,475.0,0.19343677542515977,30,736.0
3025.0,38,392.0,5.297297297297297,4.422793210459256,14,214.0,0.25685312705414787,24,537.0,0.18584655816668816,38,751.0
3030.0,37,442.0,5.972972972972973,4.354728394843225,12,246.0,0.2611248205797407,25,598.0,0.21032077014905598,37,844.0
3035.0,31,474.0,6.493150684931507,4.284117830973108,8,221.0,0.3345459415658498,23,616.0,0.1653978978081045,31,837.0
3040.0,25,314.0,4.301369863013699,4.396950883751693,4,135.0,0.34422721281500146,21,609.0,0.13507875466586525,25,744.0
3045.0,28,321.0,4.337837837837838,4.185663859873219,8,116.0,0.1804500288836628,20,625.0,0.2079712162822005,28,741.0
3050.0,37,338.0,4.506666666666667,4.072040800679645,15,151.0,0.18478476292324272,22,620.0,0.22035813505999882,37,771.0
3055.0,40,500.0,6.944444444444445,3.4684123336686046,16,228.0,0.2866590835891548,24,670.0,0.1443040385337684,40,898.0
3060.0,37,556.0,7.722222222222222,3.4284362793047993,15,249.0,0.2496922726758937,22,686.0,0.11245849893690447,37,935.0
3065.0,27,410.0,5.774647887323944,4.026922823297664,8,213.0,0.3200282695142147,19,689.0,0.08874530407145444,27,902.0
3070.0,27,386.0,5.361111111111111,4.727262943252691,6,171.0,0.34217312801727456,21,693.0,0.11034549028781541,27,864.0
3075.0,35,409.0,5.680555555555555,4.5934817121152545,11,210.0,0.22674816451600094,24,708.0,0.19933509762204915,35,918.0
3080.0,34,370.0,5.211267605633803,4.824094676054782,15,267.0,0.25002522417356726,19,654.0,0.24810534060094958,34,921.0
3085.0,34,429.0,6.3088235294117645,4.0673532355071575,14,308.0,0.30603606743618145,20,672.0,0.17229123468468427,34,980.0
3090.0,29,377.0,5.463768115942029,3.9912545451546246,13,317.0,0.17331998837422527,16,630.0,0.26313790466652764,29,947.0
3095.0,25,327.0,4.739130434782608,4.37519106129064,10,256.0,0.13978065669994455,15,620.0,0.2678506554591507,25,876.0
3100.0,26,360.0,5.373134328358209,4.619655516332563,8,264.0,0.2780890543675455,18,579.0,0.212205955764958,26,843.0
3105.0,38,486.0,7.476923076923077,3.1346180140379487,15,305.0,0.1768793639960544,23,624.0,0.13976903466190438,38,929.0
3110.0,40,615.0,9.761904761904763,2.635089690600156,15,335.0,0.2102176804902122,25,634.0,0.15808502376346487,40,969.0
3115.0,37,690.0,10.952380952380953,2.857191253532325,11,340.0,0.2950897746270831,26,669.0,0.09793883767737162,37,1009.0
3120.0,29,488.0,7.393939393939394,4.04576129361298,8,254.0,0.319996263457988,21,630.0,0.1514274040100934,29,884.0
3125.0,27,381.0,5.366197183098592,4.5837684940929435,9,187.0,0.17276186293564344,18,600.0,0.24464813723054066,27,787.0
3130.0,31,297.0,4.304347826086956,4.945348012659874,13,204.0,0.19640751532497905,18,506.0,0.2723124346760366,31,710.0
3135.0,32,338.0,4.76056338028169,4.700437471813732,13,190.0,0.27333874128277635,19,542.0,0.23553664700916413,32,732.0
3140.0,35,410.0,6.029411764705882,4.2757175345032215,10,201.0,0.3285486765176166,25,578.0,0.22757835719036557,35,779.0
3145.0,29,411.0,5.956521739130435,4.34469993943788,5,146.0,0.4025124056642898,24,614.0,0.17485183157777118,29,760.0
3150.0,27,406.0,6.059701492537314,5.247074302443937,6,125.0,0.5009235942102443,21,580.0,0.15049330940528413,27,705.0
3155.0,26,440.0,6.111111111111111,4.862391791908973,7,137.0,0.27625462913436455,19,570.0,0.17295573727461405,26,707.0
3160.0,31,490.0,7.101449275362318,4.935803706432416,12,188.0,0.2548863524619067,19,578.0,0.23529126350305762,31,766.0
3165.0,31,428.0,6.484848484848484,4.457822747401862,10,181.0,0.38289943098668777,21,586.0,0.17193718522626425,31,767.0
3170.0,32,387.0,5.776119402985074,4.323686714037619,9,172.0,0.40556553147612173,23,585.0,0.14778156142294407,32,757.0
3175.0,38,450.0,6.521739130434782,4.156635445190445,14,220.0,0.3577028552701585,24,672.0,0.15815335077063503,38,892.0
3180.0,36,513.0,7.328571428571428,3.892888762304349,11,234.0,0.38117532881147004,25,745.0,0.14266007016476373,36,979.0
3185.0,32,504.0,7.2,3.6510964992143826,7,199.0,0.3313937786091764,25,766.0,0.1256601174579543,32,965.0
3190.0,31,350.0,4.794520547945205,4.129317174843654,10,132.0,0.22628601655862976,21,705.0,0.1759650066953193,31,837.0
3195.0,32,374.0,5.054054054054054,4.775677943202046,15,153.0,0.1192193737886743,17,672.0,0.26352817933226197,32,825.0
3200.0,34,334.0,4.704225352112676,4.689867613107901,15,195.0,0.16525715824330725,19,607.0,0.26532947650823435,34,802.0
3205.0,37,473.0,6.855072463768116,3.8365169414524987,15,233.0,0.22337919171127543,22,639.0,0.1918027573755069,37,872.0
3210.0,32,543.0,7.869565217391305,4.09505225467531,12,246.0,0.2082823119801021,20,671.0,0.2372470102177394,32,917.0
3215.0,26,494.0,6.861111111111111,4.782585638726821,8,192.0,0.23307720975897706,18,718.0,0.26879783113056166,26,910.0
3220.0,23,437.0,5.986301369863014,4.488529551680358,5,169.0,0.32037750500510687,18,766.0,0.15755391287386147,23,935.0
3225.0,32,515.0,6.866666666666666,4.535023423988455,9,149.0,0.3898341318813316,23,847.0,0.13091436497804448,32,996.0
3230.0,28,585.0,7.8,5.055544321036492,9,147.0,0.3960120450190195,19,894.0,0.1757702002007476,28,1041.0
3235.0,30,661.0,8.932432432432432,4.657911429128898,8,114.0,0.34019168875197026,22,962.0,0.16027886696866953,30,1076.0
3240.0,34,762.0,10.438356164383562,4.3761141092638045,12,140.0,0.2383964985296979,22,1008.0,0.13999066261715215,34,1148.0
3245.0,41,798.0,10.363636363636363,3.800722911356701,17,192.0,0.25395598856445006,24,1010.0,0.11841519961853726,41,1202.0
3250.0,39,642.0,8.56,4.071763293433416,15,246.0,0.32035899428926673,24,909.0,0.2155570362244289,39,1155.0
3255.0,31,585.0,8.23943661971831,3.9700632546167602,15,268.0,0.3355428816582849,16,945.0,0.2111518506713955,31,1213.0
3260.0,27,491.0,7.3283582089552235,4.180498842783862,13,237.0,0.2653464767528092,14,921.0,0.21306851772991836,27,1158.0
3265.0,34,565.0,8.18840579710145,4.22106615623634,15,209.0,0.15087684065782378,19,957.0,0.20027695383563288,34,1166.0
3270.0,36,427.0,6.188405797101449,3.959197587014046,16,244.0,0.16472914495766788,20,877.0,0.21762063801289366,36,1121.0
3275.0,38,510.0,7.391304347826087,4.910903788429629,20,272.0,0.2343902059984297,18,780.0,0.29876760682624376,38,1052.0
3280.0,34,528.0,7.880597014925373,4.703035795127193,17,299.0,0.3344136179004196,17,805.0,0.2856359153874821,34,1104.0
3285.0,34,565.0,8.18840579710145,3.9230135063651668,15,325.0,0.3179014476592692,19,802.0,0.17994410434430297,34,1127.0
3290.0,42,645.0,9.214285714285714,3.4714174942713965,21,404.0,0.29233571016852133,21,741.0,0.18123075703699015,42,1145.0
3295.0,41,687.0,9.67605633802817,3.5676897409985457,23,503.0,0.23767342339836825,18,620.0,0.21999151536647188,41,1123.0
3300.0,37,525.0,7.191780821917808,2.8213241508648594,22,538.0,0.17735250819193393,15,668.0,0.19850439443815063,37,1206.0
3305.0,31,426.0,5.835616438356165,3.7828771729473964,20,496.0,0.14180138926213479,11,670.0,0.2629480016877339,31,1166.0
3310.0,29,388.0,5.315068493150685,4.744201427210211,13,434.0,0.1602766214440247,16,709.0,0.28023504071947275,29,1143.0
3315.0,31,339.0,4.708333333333333,4.913606993048216,16,379.0,0.13673148579084027,15,712.0,0.2953893978905259,31,1091.0
3320.0,38,447.0,6.04054054054054,4.314425907879293,22,409.0,0.07440657123164901,16,715.0,0.29979386629403576,38,1124.0
3325.0,38,510.0,7.083333333333333,4.736490654312708,21,461.0,0.1520122112818994,17,689.0,0.3600324764271292,38,1150.0
3330.0,36,504.0,6.72,4.165161618068941,20,488.0,0.1500689342044547,16,575.0,0.3125199970812649,36,1063.0
3335.0,28,353.0,4.584415584415584,4.818986669772271,12,432.0,0.27210822494863374,16,544.0,0.28089629575355324,28,976.0
3340.0,28,422.0,6.115942028985507,4.916657951384843,10,389.0,0.3968592007478214,18,570.0,0.1900767751256281,28,959.0
3345.0,36,475.0,6.785714285714286,4.150172974974671,13,377.0,0.35921415553274205,23,614.0,0.0780041205219683,36,991.0
3350.0,31,363.0,5.671875,4.037596867546631,13,334.0,0.26876978450554195,18,632.0,0.12218635557363357,31,966.0
3355.0,25,328.0,5.125,4.305855651658312,12,296.0,0.2380000308017471,13,655.0,0.2247682347989879,25,951.0
3360.0,31,410.0,6.3076923076923075,4.438290944915124,12,305.0,0.31924323119129333,19,716.0,0.23890575189112312,31,1021.0
3365.0,33,483.0,7.546875,4.520014803279145,13,308.0,0.35927055169746636,20,714.0,0.26678623192051804,33,1022.0
3370.0,29,441.0,7.0,3.8165737295786157,11,324.0,0.3224294324439149,18,623.0,0.21827521773679665,29,947.0
3375.0,33,478.0,7.242424242424242,3.4534959640748006,16,348.0,0.24879021887144914,17,640.0,0.16465819795912823,33,988.0
3380.0,28,371.0,5.3,4.023264474093268,17,293.0,0.16124868261114342,11,600.0,0.23117675425916176,28,893.0
3385.0,30,347.0,4.957142857142857,5.270823433234526,17,310.0,0.1939434921181221,13,554.0,0.3432979102164488,30,864.0
3390.0,33,387.0,5.301369863013699,5.646317452010034,17,337.0,0.2605675010707668,16,489.0,0.3147235977457469,33,826.0
3395.0,34,421.0,6.101449275362318,4.404132747995879,15,330.0,0.3214307156603161,19,473.0,0.17062016515534972,34,803.0
3400.0,36,448.0,6.222222222222222,3.9627337506929354,16,371.0,0.27592780169777675,20,386.0,0.2019010044583456,36,757.0
3405.0,31,492.0,6.929577464788732,4.199926447619079,14,376.0,0.3070879971709723,17,416.0,0.2110289367764008,31,792.0
3410.0,28,382.0,5.305555555555555,4.587059060556854,16,370.0,0.2770752795298399,12,403.0,0.18209665028485417,28,773.0
3415.0,30,380.0,5.205479452054795,5.041036686334428,16,288.0,0.16604443504580363,14,426.0,0.2831747169853984,30,714.0
3420.0,32,443.0,6.23943661971831,4.768570567151538,15,310.0,0.17304046352814206,17,456.0,0.25414956898855834,32,766.0
3425.0,30,401.0,5.569444444444445,5.150970270469816,14,315.0,0.22637705604266223,16,448.0,0.2796580688602496,30,763.0
3430.0,36,468.0,6.685714285714286,5.0144743347579634,15,314.0,0.2815571811920018,21,452.0,0.2625550340927039,36,766.0
3435.0,38,568.0,8.352941176470589,4.09395385174685,17,322.0,0.2680379917649504,21,476.0,0.24145141151918348,38,798.0
3440.0,33,538.0,7.911764705882353,4.158058632285464,15,344.0,0.3154223257481233,18,448.0,0.24830640915161076,33,792.0
3445.0,29,431.0,6.1571428571428575,4.38833184356892,14,344.0,0.3085419487363972,15,421.0,0.2678239753662035,29,765.0
3450.0,30,467.0,6.486111111111111,4.382012039439186,14,368.0,0.2781513770246943,16,397.0,0.21857184905421337,30,765.0
3455.0,28,379.0,5.338028169014085,4.5693493993209575,12,319.0,0.23007326122618635,16,421.0,0.2531772597633736,28,740.0
3460.0,29,327.0,4.418918918918919,4.641817094143501,14,280.0,0.23066931884162176,15,399.0,0.1606878254927287,29,679.0
3465.0,32,388.0,5.542857142857143,4.576695559366968,16,328.0,0.1482358518946186,16,381.0,0.24223854707216594,32,709.0
3470.0,34,423.0,6.042857142857143,4.820066937767021,18,363.0,0.2073772495557781,16,358.0,0.3006830225650247,34,721.0
3475.0,29,450.0,6.521739130434782,4.247420344953713,14,410.0,0.24262303414812417,15,381.0,0.294008477052409,29,791.0
3480.0,28,475.0,6.884057971014493,4.870734979955548,12,413.0,0.36359530339429935,16,362.0,0.22293029368101588,28,775.0
3485.0,27,344.0,4.777777777777778,4.850223519933288,10,354.0,0.28233855965632737,17,393.0,0.21531738594188365,27,747.0
3490.0,29,344.0,4.410256410256411,5.137213183444611,15,270.0,0.20358913782835544,14,403.0,0.27486309905843415,29,673.0
3495.0,32,471.0,6.4520547945205475,5.599354771859539,16,316.0,0.2507003924536147,16,462.0,0.3303002181415133,32,778.0
3500.0,28,452.0,6.277777777777778,5.17725014106552,10,341.0,0.28697698041672953,18,464.0,0.21734354347710683,28,805.0
3505.0,31,508.0,7.36231884057971,4.813013875840897,11,342.0,0.3457764978163471,20,481.0,0.15432494878759692,31,823.0
3510.0,36,605.0,8.768115942028986,4.435770701813477,14,367.0,0.3369146125393717,22,531.0,0.17635233302657108,36,898.0
3515.0,33,485.0,7.348484848484849,4.265615000800938,13,319.0,0.30986409172064255,20,526.0,0.2781783684188835,33,845.0
3520.0,26,388.0,5.791044776119403,3.7700250088360567,9,184.0,0.28183140947472546,17,572.0,0.23040312132089577,26,756.0
3525.0,29,441.0,6.485294117647059,4.6737073353672836,13,202.0,0.27744143131184856,16,571.0,0.25841885865366643,29,773.0
3530.0,31,397.0,5.364864864864865,4.636170793810803,14,213.0,0.2217127939869138,17,556.0,0.2512587344187931,31,769.0
3535.0,27,280.0,3.7837837837837838,5.311117636597433,8,192.0,0.30932846488682036,19,529.0,0.2409915689180684,27,721.0
3540.0,24,320.0,4.705882352941177,4.672950158305756,5,185.0,0.37361357729913164,19,543.0,0.1906286769236778,24,728.0
3545.0,35,390.0,5.571428571428571,4.026521773042317,14,224.0,0.23363554992720484,21,537.0,0.1814449391805895,35,761.0
3550.0,35,492.0,7.130434782608695,3.33927128215558,13,246.0,0.24212699914279417,22,594.0,0.1706735342785429,35,840.0
3555.0,40,662.0,9.594202898550725,3.4884539708261673,17,318.0,0.26586981908740215,23,621.0,0.14538528990383628,40,939.0
3560.0,38,685.0,9.785714285714286,3.6191326604112635,14,348.0,0.26169371144244374,24,656.0,0.1672441601669218,38,1004.0
3565.0,27,460.0,6.666666666666667,3.5548900439726303,9,319.0,0.21408724210400581,18,624.0,0.08130720042542419,27,943.0
3570.0,26,562.0,8.78125,5.064934757335182,8,289.0,0.3124906496441493,18,599.0,0.1338163941077406,26,888.0
3575.0,24,496.0,8.266666666666667,5.647791891794315,10,285.0,0.27497684774841075,14,514.0,0.14805327963371837,24,799.0
3580.0,25,477.0,8.368421052631579,4.6657133822888195,9,284.0,0.25419890040654985,16,483.0,0.12311991313451805,25,767.0
3585.0,26,522.0,9.849056603773585,5.142908661773312,11,307.0,0.4022695131254866,15,474.0,0.16396722178099776,26,781.0
3590.0,20,409.0,7.574074074074074,5.294456133915083,8,316.0,0.424056293059396,12,428.0,0.21916388944386603,20,744.0
3595.0,19,442.0,8.185185185185185,5.116481391486963,10,326.0,0.2983792004378057,9,420.0,0.32406805326578403,19,746.0
3600.0,22,284.0,5.2592592592592595,5.342012708438269,12,170.0,0.2256697645291213,10,412.0,0.39120258503624133,22,582.0
3605.0,26,385.0,6.875,5.289000201525112,13,150.0,0.1837691693111409,13,474.0,0.32095389572920147,26,624.0
3610.0,24,318.0,5.389830508474576,5.541218845646556,12,154.0,0.24790698154563576,12,462.0,0.32735058932296396,24,616.0
3615.0,13,290.0,5.471698113207547,7.048319644550791,4,103.0,0.4455338554569668,9,422.0,0.3830404395979605,13,525.0
3620.0,16,319.0,6.254901960784314,6.861862533940815,5,60.0,0.4786937006846778,11,465.0,0.3264424322558942,16,525.0
3625.0,16,382.0,7.346153846153846,7.179533145647311,8,96.0,0.44006375792201297,8,499.0,0.4061154223070626,16,595.0
3630.0,18,421.0,8.591836734693878,5.925787346443731,7,109.0,0.38706608700691747,11,532.0,0.3390364933012861,18,641.0
3635.0,20,370.0,7.872340425531915,5.512857381218188,10,136.0,0.1858992222501256,10,481.0,0.38805093228429577,20,617.0
3640.0,22,294.0,6.25531914893617,4.3350325903946105,12,142.0,0.1437265399106069,10,379.0,0.3064330915615367,22,521.0
3645.0,14,308.0,6.844444444444444,6.2586006636177745,4,103.0,0.3809862227761591,10,394.0,0.3624138662270123,14,497.0
3650.0,17,209.0,4.26530612244898,4.56507691096842,5,73.0,0.3486262239459748,12,354.0,0.14403495343832823,17,427.0
3655.0,22,201.0,3.8653846153846154,5.343464969674107,8,89.0,0.32092331842516125,14,247.0,0.21262903376623468,22,336.0
3660.0,20,176.0,3.6666666666666665,5.335601193435579,8,97.0,0.4130183573197341,12,264.0,0.28152922114604834,20,361.0
3665.0,14,179.0,3.5098039215686274,5.495897750194531,3,63.0,0.43007394670177007,11,237.0,0.18642686078078025,14,300.0
3670.0,15,204.0,3.7777777777777777,5.999932034044342,3,43.0,0.45063191249248535,12,267.0,0.21089936246747612,15,310.0
3675.0,17,244.0,4.206896551724138,6.541815629871805,4,53.0,0.4778158901027615,13,283.0,0.21271318758321694,17,336.0
3680.0,19,295.0,5.086206896551724,6.665786777094251,9,87.0,0.4155337709596968,10,243.0,0.3445074612851101,19,330.0
3685.0,21,360.0,6.666666666666667,5.2499492886681205,10,123.0,0.339127526926882,11,274.0,0.3086238739820237,21,397.0
3690.0,19,264.0,4.8,5.322059162797591,9,132.0,0.3705135483678525,10,234.0,0.24899726445713094,19,366.0
3695.0,12,106.0,1.962962962962963,6.000605242683332,9,116.0,0.2823308059524631,3,114.0,0.3314140942363404,12,230.0
3700.0,19,183.0,3.452830188679245,5.9565963897851715,17,171.0,0.0960327867235402,2,63.0,0.5112857752449551,19,234.0
3705.0,22,254.0,4.703703703703703,4.60660947246846,16,234.0,0.17454321789774518,6,81.0,0.31068558705828553,22,315.0
3710.0,18,295.0,5.673076923076923,5.944089592416311,10,256.0,0.3917105714267959,8,88.0,0.3336687933937331,18,344.0
3715.0,17,359.0,7.03921568627451,6.29249306152189,11,282.0,0.36991059335870546,6,94.0,0.35068913878726027,17,376.0
3720.0,16,202.0,3.9607843137254903,5.691431514935193,11,242.0,0.16237421995725357,5,61.0,0.41149635742283547,16,303.0
3725.0,21,251.0,4.921568627450981,5.784981206559027,14,214.0,0.2326056507526201,7,63.0,0.2596586587518265,21,277.0
3730.0,22,295.0,6.276595744680851,5.0374952410826195,12,241.0,0.3131799915317055,10,89.0,0.2059788161706401,22,330.0
3735.0,19,362.0,7.869565217391305,6.028737634015238,12,282.0,0.2377094599779731,7,109.0,0.4446299603638334,19,391.0
3740.0,15,329.0,7.0,5.518520261467366,10,297.0,0.1765356971317409,5,100.0,0.4317900557885016,15,397.0
3745.0,21,386.0,7.877551020408164,5.915246826765757,13,325.0,0.21481538685821314,8,90.0,0.4303577336455739,21,415.0
3750.0,19,205.0,4.183673469387755,5.596738955211761,10,263.0,0.32989398665387754,9,99.0,0.2727893875047782,19,362.0
3755.0,19,222.0,4.269230769230769,6.154478896781841,7,161.0,0.4379646236891622,12,123.0,0.21912045442473277,19,284.0
3760.0,18,226.0,4.612244897959184,5.688271142932292,8,163.0,0.4359217378043465,10,155.0,0.308801720404121,18,318.0
3765.0,19,227.0,4.450980392156863,6.446076619701021,7,146.0,0.4204836381558812,12,205.0,0.3970580666637808,19,351.0
3770.0,18,255.0,4.722222222222222,4.900050962387468,7,136.0,0.3252828272467441,11,220.0,0.32889519233563846,18,356.0
3775.0,24,355.0,6.69811320754717,4.442157160098137,12,175.0,0.2298786666578069,12,271.0,0.3441933629842691,24,446.0
3780.0,28,284.0,4.813559322033898,3.9887536063388476,15,212.0,0.2421511410201866,13,250.0,0.2629629547313235,28,462.0
3785.0,17,192.0,3.310344827586207,5.7650207083654585,10,226.0,0.3445251317519342,7,150.0,0.2942604898375411,17,376.0
3790.0,16,195.0,3.611111111111111,5.274008081351907,9,230.0,0.2574594419751422,7,129.0,0.30411639702616505,16,359.0
3795.0,24,223.0,3.7796610169491527,5.119744515375645,13,213.0,0.24778493996840115,11,143.0,0.2626835720503938,24,356.0
3800.0,22,288.0,4.88135593220339,4.970369307972461,12,248.0,0.2910261002780588,10,147.0,0.31624824997359785,22,395.0
3805.0,17,321.0,5.631578947368421,6.461436350487986,11,256.0,0.33828104613838683,6,144.0,0.41956063685963796,17,400.0
3810.0,17,334.0,5.964285714285714,6.697531911357312,12,306.0,0.28673778465423383,5,114.0,0.37003094862637587,17,420.0
3815.0,21,306.0,5.368421052631579,5.85634707539314,12,314.0,0.26428149372836657,9,91.0,0.2236322586096496,21,405.0
3820.0,24,392.0,7.39622641509434,5.3850421035844445,13,337.0,0.32948551426021416,11,117.0,0.24531890426238875,24,454.0
3825.0,18,447.0,8.94,6.189304364924352,10,377.0,0.29784480091722404,8,121.0,0.4337734416464545,18,498.0
3830.0,18,439.0,8.78,6.020585849461389,13,427.0,0.2176736262109694,5,79.0,0.49117393832305045,18,506.0
3835.0,18,284.0,5.68,5.965112958203296,12,342.0,0.28611891324682737,6,73.0,0.3960603228394056,18,415.0
3840.0,18,296.0,6.166666666666667,6.454476276753297,9,273.0,0.4248503553479373,9,85.0,0.3854033507608637,18,358.0
3845.0,15,230.0,4.6938775510204085,6.290805024715598,6,216.0,0.4094501732797121,9,114.0,0.4012158700310951,15,330.0
3850.0,17,149.0,2.98,5.406111020049423,8,136.0,0.28001496504167633,9,134.0,0.38803091601076234,17,270.0
3855.0,19,151.0,2.9038461538461537,4.9052022604739935,10,150.0,0.2922220365178087,9,126.0,0.36695040460615663,19,276.0
3860.0,16,148.0,2.792452830188679,5.754419350181774,8,148.0,0.39966239570716966,8,121.0,0.3478104419602622,16,269.0
3865.0,15,103.0,1.9074074074074074,5.283799895255334,7,146.0,0.2648997888669228,8,103.0,0.2885736690277317,15,249.0
3870.0,21,193.0,3.4464285714285716,6.345966963014187,10,159.0,0.2557020988866398,11,134.0,0.38968266517548755,21,293.0
3875.0,20,240.0,4.444444444444445,6.285097345621612,9,186.0,0.25920992966913475,11,167.0,0.42326247009298307,20,353.0
3880.0,16,273.0,5.150943396226415,6.106139678942482,6,188.0,0.35283720028879095,10,199.0,0.3691048947800044,16,387.0
3885.0,19,230.0,4.423076923076923,5.1014623834737955,6,177.0,0.4180398990239091,13,217.0,0.1968691720133527,19,394.0
3890.0,25,295.0,5.673076923076923,5.375789170444777,8,191.0,0.49462555854087215,17,244.0,0.1574577565631021,25,435.0
3895.0,21,210.0,3.9622641509433962,4.793718978148848,7,139.0,0.4165132583860133,14,239.0,0.19652535579641406,21,378.0
3900.0,23,296.0,5.803921568627451,5.264522072102627,8,120.0,0.45380559589366243,15,262.0,0.2770890499825499,23,382.0
3905.0,22,234.0,4.415094339622642,4.958139565983894,8,111.0,0.3348083140800724,14,284.0,0.3325205367669994,22,395.0
3910.0,20,283.0,5.339622641509434,5.663110666496395,9,108.0,0.319588265945884,11,255.0,0.36435378554352493,20,363.0
3915.0,24,267.0,4.603448275862069,5.098406376732595,11,109.0,0.28711663161560486,13,270.0,0.29095337249896974,24,379.0
3920.0,19,233.0,4.017241379310345,5.5400399307257775,6,118.0,0.4034768808886164,13,259.0,0.24517851089565068,19,377.0
3925.0,19,186.0,3.1,4.8708440486998885,5,98.0,0.4355604806626975,14,271.0,0.17443096036415404,19,369.0
3930.0,25,214.0,3.566666666666667,5.346906115822316,5,89.0,0.4877018089139191,20,295.0,0.1925508782995813,25,384.0
3935.0,28,325.0,5.327868852459017,5.235963368180436,8,101.0,0.4308845522819766,20,356.0,0.23103383416850945,28,457.0
3940.0,26,402.0,6.483870967741935,4.457135481108455,8,114.0,0.32636543335142154,18,382.0,0.2541938034082436,26,496.0
3945.0,29,405.0,6.136363636363637,5.0477310930479655,8,106.0,0.40608549435790414,21,415.0,0.24843816870078034,29,521.0
3950.0,24,313.0,4.536231884057971,5.5295577647938154,10,136.0,0.36293052037565515,14,388.0,0.24004226695082792,24,524.0
3955.0,16,295.0,4.27536231884058,5.677280662930413,6,138.0,0.41581572884405393,10,398.0,0.20222963156480728,16,536.0
3960.0,23,377.0,5.309859154929577,5.895897858795739,7,143.0,0.47259368184923783,16,447.0,0.1636825058332013,23,590.0
3965.0,27,241.0,3.4927536231884058,5.208411745227238,8,105.0,0.4975065761726815,19,433.0,0.15074102791983315,27,538.0
3970.0,32,337.0,4.884057971014493,4.91450628825829,8,105.0,0.4661492899748787,24,458.0,0.18723472408339492,32,563.0
3975.0,35,379.0,5.191780821917808,4.35380593794597,13,134.0,0.295197020437915,22,476.0,0.24695449213289875,35,610.0
3980.0,26,344.0,4.648648648648648,5.117610317577356,9,154.0,0.35342919166448483,17,405.0,0.22958787887848056,26,559.0
3985.0,21,362.0,4.891891891891892,5.802231356266471,9,177.0,0.3009068838174014,12,357.0,0.294190310948606,21,534.0
3990.0,25,422.0,5.626666666666667,5.840662187948822,13,213.0,0.2181038158471106,12,352.0,0.31333158685793266,25,565.0
3995.0,27,500.0,7.142857142857143,5.186154835701468,13,266.0,0.25143885260570753,14,379.0,0.281585641791563,27,645.0
4000.0,26,556.0,8.176470588235293,4.604221271072479,9,276.0,0.37283581443456243,17,415.0,0.13505729508053338,26,691.0
4005.0,23,454.0,7.2063492063492065,4.794893161799777,10,211.0,0.2778600264785176,13,436.0,0.17652482454975094,23,647.0
4010.0,26,422.0,6.59375,4.8676417254665,11,159.0,0.14659170072566322,15,433.0,0.25100556285771547,26,592.0
4015.0,31,329.0,5.140625,4.216823433281939,14,201.0,0.1973846790340498,17,383.0,0.23881708947574568,31,584.0
4020.0,30,367.0,6.116666666666666,4.462370207701715,13,243.0,0.3014855306223922,17,397.0,0.25720446971558214,30,640.0
4025.0,32,419.0,6.758064516129032,4.3739943043124105,12,256.0,0.3582924606208248,20,425.0,0.19051766585321045,32,681.0
4030.0,24,375.0,5.9523809523809526,4.803600524913732,5,197.0,0.5021300881829402,19,461.0,0.053408468334264575,24,658.0
4035.0,29,503.0,7.859375,5.4543734327973254,7,196.0,0.5159506777182181,22,504.0,0.06896547679149817,29,700.0
4040.0,29,474.0,6.869565217391305,4.837032424856511,10,184.0,0.2868101573866037,19,533.0,0.1487580061048447,29,717.0
4045.0,25,356.0,5.014084507042254,5.47704531133479,16,225.0,0.24866771997225404,9,478.0,0.31198374955988223,25,703.0
4050.0,25,399.0,5.7,5.723682171655805,17,283.0,0.2946024661233588,8,404.0,0.3789288767070651,25,687.0
4055.0,17,384.0,5.731343283582089,6.337744313735914,10,310.0,0.38478128285327695,7,324.0,0.2678326367712419,17,634.0
4060.0,22,220.0,3.3846153846153846,5.526861748973387,11,212.0,0.3229333418787394,11,218.0,0.2512816912957677,22,430.0
4065.0,29,256.0,4.19672131147541,4.31314926088954,18,219.0,0.22218248832118276,11,237.0,0.24124543002662255,29,456.0
4070.0,32,356.0,5.650793650793651,4.334913684878308,19,289.0,0.20907866404460787,13,283.0,0.2890189080042721,32,572.0
4075.0,28,374.0,5.936507936507937,5.001842230083922,19,329.0,0.2480287824195185,9,273.0,0.39827444778889837,28,602.0
4080.0,24,369.0,5.765625,4.84026507491472,17,375.0,0.21665556858523147,7,190.0,0.3882404682841787,24,565.0
4085.0,25,350.0,5.46875,4.474999039272563,16,366.0,0.15651708788207788,9,163.0,0.28149332955800666,25,529.0
4090.0,33,452.0,7.0625,4.859081310733781,20,425.0,0.1519282883990081,13,186.0,0.30280178278779646,33,611.0
4095.0,34,455.0,7.109375,4.281645595686358,22,488.0,0.18204941673665337,12,184.0,0.2865822332530065,34,672.0
4100.0,36,577.0,8.611940298507463,4.126858433204882,23,569.0,0.22199464363791588,13,188.0,0.27789453039681034,36,757.0
4105.0,30,606.0,8.911764705882353,4.602868930528266,20,617.0,0.2993230271018623,10,181.0,0.3210214252023005,30,798.0
4110.0,28,473.0,6.47945205479452,5.2219748661412,20,606.0,0.27342955981912714,8,151.0,0.3965557245542973,28,757.0
4115.0,31,429.0,5.876712328767123,5.268899170733478,22,522.0,0.19847209739500704,9,187.0,0.4377373911043397,31,709.0
4120.0,37,489.0,6.698630136986301,3.8550416925207576,24,550.0,0.09760354891738944,13,246.0,0.3096633586596287,37,796.0
4125.0,37,339.0,4.581081081081081,3.6759478482591406,20,523.0,0.14348773636236367,17,238.0,0.2181059323891623,37,761.0
4130.0,33,389.0,5.328767123287672,4.352781690415724,17,485.0,0.21561916313744994,16,198.0,0.2110676055473109,33,683.0
4135.0,34,513.0,6.662337662337662,4.975934799380829,16,495.0,0.28430520267356824,18,279.0,0.23198089584452627,34,774.0
4140.0,38,657.0,8.76,4.621677768238097,20,540.0,0.26782597678036746,18,349.0,0.24327596433136192,38,889.0
4145.0,31,680.0,9.315068493150685,4.06707356698525,14,541.0,0.25339142503060025,17,362.0,0.1712356747446434,31,903.0
4150.0,24,504.0,7.2,4.444663527709351,13,499.0,0.28518124025662794,11,301.0,0.1402129289689165,24,800.0
4155.0,23,384.0,5.333333333333333,4.425637781938988,13,446.0,0.2212378072886964,10,304.0,0.18229654318187274,23,750.0
4160.0,30,368.0,5.257142857142857,4.77960981965521,20,460.0,0.18954408692607713,10,294.0,0.2716914638153643,30,754.0
4165.0,36,300.0,4.477611940298507,4.210154114473232,21,435.0,0.15110273404680571,15,299.0,0.2552528332216753,36,734.0
4170.0,29,335.0,5.0,3.8413990624655057,21,489.0,0.1046474701003073,8,242.0,0.32743205391934266,29,731.0
4175.0,24,306.0,4.707692307692308,4.456873457592358,16,505.0,0.21580754923540976,8,252.0,0.24190721140133367,24,757.0
4180.0,26,372.0,5.552238805970149,4.818036029625087,14,521.0,0.29504116060352975,12,292.0,0.1883304876305939,26,813.0
4185.0,30,388.0,5.705882352941177,4.606664627766066,18,497.0,0.2873420623601081,12,278.0,0.20320972929372497,30,775.0
4190.0,33,509.0,7.8307692307692305,3.821444360307979,21,542.0,0.2108789882095758,12,318.0,0.28033155730501963,33,860.0
4195.0,28,520.0,7.7611940298507465,3.958110741444734,18,543.0,0.23365546787063698,10,301.0,0.2557070552782159,28,844.0
4200.0,18,393.0,5.614285714285714,4.854691492780005,15,514.0,0.18854348074965166,3,186.0,0.4398963861608524,18,700.0
4205.0,21,359.0,5.4393939393939394,5.725782853733174,17,476.0,0.18603632955502675,4,137.0,0.5763132307806725,21,613.0
4210.0,25,444.0,6.7272727272727275,5.177949629591784,21,520.0,0.12368271671872637,4,154.0,0.4884279853395256,25,674.0
4215.0,28,506.0,7.7846153846153845,4.844203397304845,20,543.0,0.14607078890808686,8,183.0,0.3191838574405492,28,726.0
4220.0,19,492.0,7.935483870967742,5.754101221718988,13,527.0,0.2828395017507788,6,195.0,0.28028572770428334,19,722.0
4225.0,20,492.0,8.065573770491802,5.3319619370642535,14,522.0,0.26523892011681643,6,222.0,0.257539720747345,20,744.0
4230.0,27,579.0,9.338709677419354,4.531947249015304,19,550.0,0.20655591143449142,8,261.0,0.39242010545256767,27,811.0
4235.0,30,510.0,8.095238095238095,4.2854583296995905,23,560.0,0.13474291391260754,7,207.0,0.5148048606616449,30,767.0
4240.0,30,569.0,8.367647058823529,4.375765540448718,23,627.0,0.1745975266008595,7,136.0,0.5075564627140735,30,763.0
4245.0,25,507.0,7.455882352941177,4.798881148432321,17,623.0,0.26177866896211427,8,136.0,0.3910818392598784,25,759.0
4250.0,22,287.0,4.1,4.85604036833576,16,497.0,0.21484043889002666,6,129.0,0.36146807972555095,22,626.0
4255.0,29,252.0,3.272727272727273,4.16927935375919,22,461.0,0.06414836331874596,7,97.0,0.36238422087147676,29,558.0
4260.0,38,330.0,4.125,5.121313526681908,26,520.0,0.1860368333320467,12,78.0,0.46315771883542217,38,598.0
4265.0,36,365.0,4.451219512195122,4.908370393556221,24,537.0,0.30033287568054845,12,109.0,0.35462322153140197,36,646.0
4270.0,38,448.0,5.397590361445783,4.243320313705263,18,557.0,0.2602170678457241,20,192.0,0.2637269179662678,38,749.0
4275.0,38,414.0,4.9879518072289155,4.020477135888905,19,508.0,0.2289732852610451,19,245.0,0.1994939689436886,38,753.0
4280.0,33,343.0,4.182926829268292,4.03919094503193,18,483.0,0.21455961320663017,15,245.0,0.15554004250984227,33,728.0
4285.0,30,305.0,3.674698795180723,4.389826919047838,19,496.0,0.18913596018368106,11,253.0,0.25338062363150976,30,749.0
4290.0,41,406.0,4.833333333333333,3.8271806526547145,25,554.0,0.13580225055268044,16,274.0,0.28220504435046223,41,828.0
4295.0,42,517.0,6.4625,3.7010183374143786,26,607.0,0.12220831035886622,16,314.0,0.33640250063015276,42,921.0
4300.0,38,562.0,7.113924050632911,3.337313286751905,28,684.0,0.046481276031851974,10,306.0,0.3464388997330388,38,990.0
4305.0,43,643.0,7.841463414634147,3.1603123651790135,30,749.0,0.055810013545752594,13,321.0,0.209672921056171,43,1070.0
4310.0,45,634.0,7.63855421686747,3.6669975342595005,28,802.0,0.10966873513281335,17,317.0,0.1916918050568068,45,1119.0
4315.0,39,561.0,6.925925925925926,4.025584082122894,18,752.0,0.20227516399194478,21,381.0,0.17775422831234455,39,1133.0
4320.0,30,484.0,6.05,3.6891870351886977,12,725.0,0.16882070967039778,18,417.0,0.155719360945786,30,1142.0
4325.0,29,360.0,4.556962025316456,4.376900897487753,15,706.0,0.168301104473775,14,417.0,0.24951854267930906,29,1123.0
4330.0,33,366.0,4.753246753246753,4.03585375621685,18,711.0,0.1548836295877803,15,366.0,0.23833504154250768,33,1077.0
4335.0,33,445.0,5.855263157894737,3.946675555140422,14,647.0,0.18156746235530774,19,432.0,0.17507010595928565,33,1079.0
4340.0,28,528.0,7.135135135135135,4.686438875686206,14,594.0,0.21779504896745566,14,458.0,0.2122264926531188,28,1052.0
4345.0,24,425.0,5.902777777777778,5.603913699484135,14,536.0,0.20303273009341094,10,420.0,0.3325133613979529,24,956.0
4350.0,31,459.0,6.557142857142857,5.213726513639437,14,458.0,0.3031755837617386,17,456.0,0.2212276131759991,31,914.0
4355.0,30,471.0,6.826086956521739,4.22046702695085,14,477.0,0.2949675976024758,16,434.0,0.18234098220481276,30,911.0
4360.0,28,440.0,6.470588235294118,5.132756532087238,13,490.0,0.37973927022818443,15,385.0,0.1820084440163689,28,875.0
4365.0,28,446.0,6.463768115942029,4.266240526271246,14,487.0,0.28403993058690336,14,381.0,0.1540055141519085,28,868.0
4370.0,36,485.0,6.830985915492958,4.706146796511476,20,438.0,0.24703193926365946,16,378.0,0.2525055764111716,36,816.0
4375.0,36,527.0,7.865671641791045,3.619653019617958,20,509.0,0.1945823373305534,16,396.0,0.2331560397512276,36,905.0
4380.0,30,546.0,8.4,4.246115058889022,18,551.0,0.1579750231888026,12,341.0,0.27767546566734763,30,892.0
4385.0,25,510.0,7.846153846153846,4.0313953227974135,15,531.0,0.07106296319482226,10,340.0,0.21316433740687565,25,871.0
4390.0,33,571.0,8.522388059701493,5.332811158982438,16,515.0,0.12007183132510779,17,373.0,0.27663728352622446,33,888.0
4395.0,28,452.0,6.953846153846154,5.098563069120834,14,430.0,0.19498234180301877,14,402.0,0.3414982791913077,28,832.0
4400.0,24,401.0,6.573770491803279,5.844883607330946,11,329.0,0.2471183352110567,13,402.0,0.3922624529762411,24,731.0
4405.0,25,355.0,5.546875,5.0804574039383965,10,349.0,0.14730263204231647,15,365.0,0.2928477857907774,25,714.0
4410.0,22,331.0,5.338709677419355,5.408980831272068,7,327.0,0.29540812738220606,15,284.0,0.23182987458857915,22,611.0
4415.0,22,232.0,3.7419354838709675,5.549273312315767,8,268.0,0.3616395075959821,14,265.0,0.21726427642175464,22,533.0
4420.0,27,280.0,4.516129032258065,5.309130857116565,11,238.0,0.3402790135133057,16,255.0,0.20993353857090646,27,493.0
4425.0,25,306.0,5.016393442622951,5.0204722625852,9,259.0,0.3446172218908331,16,284.0,0.2609248320298138,25,543.0
4430.0,19,311.0,5.456140350877193,5.435946040233389,8,273.0,0.30713884105633715,11,282.0,0.29213782680363404,19,555.0
4435.0,17,202.0,3.543859649122807,5.528958200071557,7,229.0,0.28901769523297416,10,276.0,0.2689722119912256,17,505.0
4440.0,29,299.0,5.339285714285714,5.126126420192638,10,202.0,0.21897374452278864,19,308.0,0.17914978891677882,29,510.0
4445.0,26,306.0,5.773584905660377,4.2399885709276735,8,107.0,0.2817096909101769,18,356.0,0.18117775615869205,26,463.0
4450.0,24,379.0,6.890909090909091,5.343411826326835,9,126.0,0.3430787801787232,15,374.0,0.26024320628957076,24,500.0
4455.0,20,304.0,5.428571428571429,5.203960536684815,6,127.0,0.33614462362549835,14,315.0,0.26927138112131327,20,442.0
4460.0,21,315.0,5.526315789473684,6.139711705443753,5,101.0,0.4704044136889485,16,306.0,0.23508122250348604,21,407.0
4465.0,23,236.0,4.214285714285714,5.158895322925032,8,70.0,0.38322677889468637,15,303.0,0.2252706048404505,23,373.0
4470.0,25,265.0,4.568965517241379,5.518150502780804,9,112.0,0.3790722297180429,16,308.0,0.24527747827245758,25,420.0
4475.0,24,343.0,6.017543859649122,4.540411844063872,7,140.0,0.3343596586574545,17,350.0,0.23393093330356596,24,490.0
4480.0,27,454.0,7.964912280701754,5.078850644213254,10,175.0,0.357413616275529,17,405.0,0.2227225299709443,27,580.0
4485.0,23,380.0,6.440677966101695,4.179914792436084,8,134.0,0.3274469842532737,15,424.0,0.17485897955924634,23,558.0
4490.0,29,482.0,7.901639344262295,5.372886145358764,10,147.0,0.44019567457262804,19,445.0,0.17979557959696835,29,592.0
4495.0,26,388.0,6.576271186440678,4.815021048702211,8,133.0,0.4228297305144333,18,447.0,0.20649534453968985,26,580.0
4500.0,23,307.0,5.032786885245901,5.525921272444925,10,149.0,0.31087022900625766,13,355.0,0.27239259937784044,23,504.0
4505.0,26,312.0,5.114754098360656,4.526658532767245,12,174.0,0.13047360535240876,14,385.0,0.25635476027421045,26,559.0
4510.0,23,318.0,5.213114754098361,5.55524588500944,7,156.0,0.2652813280161335,16,409.0,0.22384037922360103,23,565.0
4515.0,23,226.0,3.830508474576271,4.837715219879496,6,141.0,0.3267987094328482,17,399.0,0.08858604765586957,23,540.0
4520.0,26,250.0,4.310344827586207,5.241188640944515,11,146.0,0.3121798588351281,15,353.0,0.23091478630148343,26,499.0
4525.0,23,271.0,5.018518518518518,4.682949905273536,11,182.0,0.304684339031729,12,304.0,0.25616553348207083,23,486.0
4530.0,18,222.0,3.9642857142857144,4.952053963818576,8,179.0,0.22118538313922476,10,251.0,0.2538472143427778,18,430.0
4535.0,19,281.0,5.017857142857143,5.439060075585579,7,188.0,0.19646440902520712,12,268.0,0.2591538210661158,19,456.0
4540.0,29,375.0,6.696428571428571,5.0678713001764715,16,250.0,0.20107007728202173,13,299.0,0.2892013011433341,29,549.0
4545.0,22,430.0,7.962962962962963,4.346761660697213,11,286.0,0.32908513392164046,11,304.0,0.20276652730364692,22,590.0
4550.0,21,467.0,9.53061224489796,5.1009245397286325,8,284.0,0.3556884489794696,13,297.0,0.16126368773753857,21,581.0
4555.0,20,538.0,11.695652173913043,5.516138373817907,7,288.0,0.38351536891695637,13,339.0,0.10825663905487272,20,627.0
4560.0,21,613.0,13.326086956521738,5.463737299424297,9,331.0,0.2965662951668259,12,370.0,0.16035246420929838,21,701.0
4565.0,19,436.0,9.909090909090908,5.214890239565353,9,258.0,0.4008065925739308,10,316.0,0.16116158840243971,19,574.0
4570.0,17,485.0,11.279069767441861,6.102072147681016,9,309.0,0.4586965076576429,8,290.0,0.26513143456274585,17,599.0
4575.0,16,361.0,8.804878048780488,5.0929472349466725,7,204.0,0.2901726720757974,9,311.0,0.35015380887618447,16,515.0
4580.0,21,380.0,8.837209302325581,5.193010839519474,10,124.0,0.12030103025431894,11,360.0,0.3987015587100275,21,484.0
4585.0,18,213.0,4.630434782608695,4.995076363079692,8,115.0,0.10450018050370082,10,270.0,0.37127096795770725,18,385.0
4590.0,14,162.0,3.4468085106382977,6.606127059494878,5,95.0,0.38875596786122946,9,175.0,0.33617752422075764,14,270.0
4595.0,14,136.0,3.022222222222222,6.239373853637122,5,100.0,0.5147369110093533,9,162.0,0.27978835209098973,14,262.0
4600.0,18,222.0,4.826086956521739,6.402222433965852,5,125.0,0.5178090969787214,13,189.0,0.2567132119207268,18,314.0
4605.0,15,181.0,4.209302325581396,5.556565742479831,5,99.0,0.5272511130663342,10,190.0,0.2247383197492813,15,289.0
4610.0,21,253.0,5.622222222222222,5.409890749996125,9,133.0,0.37717937082823905,12,208.0,0.23482623274967243,21,341.0
4615.0,22,316.0,6.869565217391305,4.881078410369669,11,179.0,0.33665164127846153,11,207.0,0.25739497587025895,22,386.0
4620.0,20,340.0,6.938775510204081,4.842480915561211,9,193.0,0.31375277990327466,11,211.0,0.30993802561107203,20,404.0
4625.0,12,265.0,5.0,6.1760507379004626,6,186.0,0.3632872840624437,6,179.0,0.41530805564636525,12,365.0
4630.0,13,284.0,5.2592592592592595,7.7098517729961324,6,209.0,0.4238924332933389,7,114.0,0.4473970753071749,13,323.0
4635.0,14,218.0,4.1923076923076925,6.784842112800603,7,189.0,0.2572885237832795,7,121.0,0.3561734893204399,14,310.0
4640.0,19,268.0,5.583333333333333,6.10730341526395,9,206.0,0.3301736353210839,10,107.0,0.20892343161136206,19,313.0
4645.0,20,294.0,6.533333333333333,4.580186320304206,7,228.0,0.32954365731699475,13,146.0,0.12124990376262339,20,374.0
4650.0,19,359.0,8.348837209302326,5.322257296245507,8,230.0,0.42189836151645177,11,181.0,0.17053467327327904,19,411.0
4655.0,16,345.0,7.840909090909091,5.444589554536892,7,251.0,0.4410186471495362,9,180.0,0.17509479622901136,16,431.0
4660.0,20,408.0,8.869565217391305,5.880927925751457,10,294.0,0.4288755135543221,10,172.0,0.2774167675941775,20,466.0
4665.0,16,188.0,3.836734693877551,5.278159034425873,10,188.0,0.4165302053250599,6,150.0,0.2752273082488807,16,338.0
4670.0,18,204.0,4.434782608695652,5.913024940036611,12,147.0,0.3734934397385555,6,91.0,0.4410922929556342,18,238.0
4675.0,20,217.0,4.173076923076923,4.734053221247535,14,191.0,0.2534827943583391,6,82.0,0.3474448615161341,20,273.0
4680.0,20,275.0,5.0,5.286375052144929,14,216.0,0.26751733410537665,6,83.0,0.37366012483449873,20,299.0
4685.0,20,326.0,5.927272727272728,5.408739298175143,12,254.0,0.33930260089236614,8,100.0,0.3378900131449905,20,354.0
4690.0,23,416.0,7.298245614035087,5.797191676257713,15,304.0,0.33917693118313985,8,143.0,0.40225182273417354,23,447.0
4695.0,27,348.0,6.105263157894737,4.337082876468366,19,339.0,0.26490755589771825,8,116.0,0.32666669174761853,27,455.0
4700.0,25,255.0,4.322033898305085,4.128182186882671,17,339.0,0.22774041879520762,8,118.0,0.3217536187730026,25,457.0
4705.0,24,171.0,2.5522388059701493,4.0249794218971555,16,384.0,0.2512502789559477,8,104.0,0.3222098344240549,24,488.0
4710.0,23,205.0,2.971014492753623,5.844395179248862,15,388.0,0.3117277199390051,8,94.0,0.41624860440428113,23,482.0
4715.0,27,283.0,4.042857142857143,5.016154492494463,17,417.0,0.2469034424752382,10,115.0,0.32374431088267236,27,532.0
4720.0,31,368.0,4.906666666666666,4.724872320560148,21,421.0,0.20305877357307384,10,137.0,0.2722731947872929,31,558.0
4725.0,32,458.0,6.450704225352113,4.564705436872129,20,454.0,0.23810418894623978,12,166.0,0.305911205542643,32,620.0
4730.0,29,533.0,7.72463768115942,4.854487196060989,17,495.0,0.24061258531283716,12,183.0,0.3873235300796966,29,678.0
4735.0,30,554.0,7.802816901408451,4.284876041919645,18,500.0,0.2400900479690265,12,204.0,0.19608778310052466,30,704.0
4740.0,32,563.0,8.159420289855072,4.084034934996577,20,493.0,0.1606960050766947,12,212.0,0.21932703236579026,32,705.0
4745.0,35,528.0,7.542857142857143,4.519129560247073,24,525.0,0.1658102436900513,11,198.0,0.25706755436873857,35,723.0
4750.0,33,424.0,6.144927536231884,4.382355802521917,23,536.0,0.1765189208170991,10,156.0,0.31527059440168387,33,692.0
4755.0,34,442.0,6.5,4.438535046276501,23,481.0,0.1774715326370913,11,192.0,0.3755197128393884,34,673.0
4760.0,37,549.0,8.194029850746269,4.0605748296586395,24,538.0,0.10202626384526811,13,232.0,0.4339234464561423,37,770.0
4765.0,34,559.0,7.657534246575342,4.261317651989972,24,582.0,0.15352733162959023,10,265.0,0.3951944950116709,34,847.0
4770.0,35,555.0,7.928571428571429,4.1062826789307225,19,627.0,0.26617004058181293,16,314.0,0.3021157804392745,35,941.0
4775.0,30,427.0,6.1,3.7640564925992854,14,593.0,0.25623696721282924,16,341.0,0.18016897498705312,30,934.0
4780.0,28,439.0,6.36231884057971,3.9723256835281373,14,566.0,0.22128713026210417,14,317.0,0.14731457250924726,28,883.0
4785.0,26,358.0,4.972222222222222,4.133822704595854,16,594.0,0.19591885691509886,10,274.0,0.1495738994656794,26,868.0
4790.0,32,331.0,4.728571428571429,4.297438262572707,20,596.0,0.1793252834584909,12,213.0,0.24639711503252207,32,809.0
4795.0,34,439.0,6.552238805970149,3.9313805825834076,24,658.0,0.1669735824047291,10,240.0,0.3476841254008075,34,898.0
4800.0,28,481.0,7.758064516129032,4.037366635257138,17,686.0,0.1535378339466128,11,224.0,0.3092954723839589,28,910.0
4805.0,26,520.0,8.253968253968255,4.118175722484715,16,707.0,0.13837524290926598,10,239.0,0.2790760500299583,26,946.0
4810.0,29,483.0,7.318181818181818,4.440367332697476,18,669.0,0.15487930996286237,11,235.0,0.29144268336358314,29,904.0
4815.0,30,432.0,6.75,4.094456801081209,20,719.0,0.19988030304022048,10,219.0,0.3285859332021526,30,938.0
4820.0,25,477.0,7.571428571428571,4.152961265347695,13,726.0,0.19774338282164555,12,196.0,0.3563948168051933,25,922.0
4825.0,27,308.0,4.597014925373134,4.529230094988176,15,608.0,0.25873285444480587,12,206.0,0.24117102305789223,27,814.0
4830.0,28,361.0,5.3088235294117645,5.094763799318824,17,547.0,0.21987657585875467,11,185.0,0.282884868787689,28,732.0
4835.0,30,391.0,6.109375,4.527853559311973,20,595.0,0.1530179993346235,10,185.0,0.32037008844850995,30,780.0
4840.0,24,441.0,7.112903225806452,4.930566018699896,13,613.0,0.18337073429991718,11,182.0,0.33682019055798057,24,795.0
4845.0,23,331.0,5.338709677419355,4.4478401420956075,12,558.0,0.21000427240682296,11,188.0,0.220853675023442,23,746.0
4850.0,23,287.0,4.704918032786885,4.912618162662476,12,499.0,0.2616986453033725,11,195.0,0.28129366188696353,23,694.0
4855.0,29,309.0,5.15,4.472612410931735,18,460.0,0.2557157688929456,11,234.0,0.2852644950641434,29,694.0
4860.0,26,312.0,5.2,3.999199437620159,14,348.0,0.23031037578243133,12,285.0,0.26782136271683377,26,633.0
4865.0,25,281.0,4.390625,3.8052056484273424,13,369.0,0.252398229970285,12,279.0,0.2480840813775941,25,648.0
4870.0,24,213.0,3.0869565217391304,4.770453284090138,12,334.0,0.28085556741961065,12,251.0,0.2787986484102624,24,585.0
4875.0,23,288.0,4.114285714285714,5.93021278412365,8,304.0,0.3821662299726305,15,300.0,0.24416625399655495,23,604.0
4880.0,24,369.0,5.125,6.302288420524909,10,306.0,0.42588980794019593,14,344.0,0.16710227270061187,24,650.0
4885.0,26,362.0,5.246376811594203,5.711123897679249,12,283.0,0.40344229187783937,14,363.0,0.13235969170298312,26,646.0
4890.0,29,396.0,6.1875,4.76254204736791,14,319.0,0.3229244928752094,15,340.0,0.12865221599471752,29,659.0
4895.0,34,419.0,6.546875,3.5566188926649156,17,365.0,0.1903981984041202,17,375.0,0.1918123949409294,34,740.0
4900.0,29,474.0,7.40625,5.036810021388895,18,408.0,0.23782486726871485,11,364.0,0.3582726005935902,29,772.0
4905.0,30,492.0,7.454545454545454,4.964063738153583,19,344.0,0.1900077574804482,11,390.0,0.3910444655214667,30,734.0
4910.0,28,460.0,6.764705882352941,5.442540562193106,17,318.0,0.2350111971264409,11,396.0,0.3800930170700009,28,714.0
4915.0,33,555.0,7.708333333333333,4.328637252944076,20,345.0,0.2239377336609404,13,406.0,0.27492332275772124,33,751.0
4920.0,38,694.0,9.506849315068493,4.624636538175995,20,431.0,0.2845171294347597,18,426.0,0.25759931538799635,38,857.0
4925.0,42,853.0,11.077922077922079,3.832493929086969,20,498.0,0.2776649272411439,22,491.0,0.23036794959424034,42,989.0
4930.0,43,1047.0,12.925925925925926,4.2487517467030935,21,568.0,0.30741704836967476,22,553.0,0.2515240252620438,43,1121.0
4935.0,48,995.0,11.705882352941176,3.1466308882743594,24,584.0,0.22659997014716876,24,607.0,0.21227816065086036,48,1191.0
4940.0,36,763.0,8.670454545454545,4.229147794196342,19,531.0,0.25428173409100435,17,587.0,0.23609471716362757,36,1118.0
4945.0,33,837.0,9.404494382022472,4.751092677966831,18,510.0,0.22389431711667684,15,576.0,0.21989081419223724,33,1086.0
4950.0,32,476.0,5.230769230769231,4.900128371193101,19,499.0,0.2007074174669706,13,458.0,0.21990361205922868,32,957.0
4955.0,34,346.0,4.070588235294117,4.282262562390674,21,406.0,0.15495923584030416,13,309.0,0.20784003583305305,34,715.0
4960.0,43,433.0,5.345679012345679,3.7191280538282516,26,486.0,0.18169858968116456,17,343.0,0.15507338924307698,43,829.0
4965.0,41,553.0,6.827160493827161,3.955739893756352,28,561.0,0.1334042624460316,13,349.0,0.24845764498581238,41,910.0
4970.0,37,633.0,7.9125,3.4557597463044822,27,619.0,0.1307813800958362,10,353.0,0.27137719730690507,37,972.0
4975.0,37,627.0,7.464285714285714,4.356002086923742,20,604.0,0.23486356648892576,17,380.0,0.21739228151072434,37,984.0
4980.0,32,489.0,5.963414634146342,4.206985142056341,14,589.0,0.24140515039527885,18,343.0,0.21543608256990943,32,932.0
4985.0,40,630.0,7.325581395348837,4.34797375746756,20,585.0,0.18705481554858233,20,352.0,0.2372702070609887,40,937.0
4990.0,40,727.0,8.261363636363637,4.148858139926883,21,632.0,0.21171047281387312,19,387.0,0.23854500823837393,40,1019.0
4995.0,34,677.0,7.964705882352941,4.053946150489695,20,630.0,0.1627879093950523,14,351.0,0.23969522399341436,34,981.0
5000.0,31,649.0,7.375,4.418149900376823,19,617.0,0.13564904399738767,12,324.0,0.2932500517040246,31,941.0
5005.0,34,499.0,5.606741573033708,5.113882316729324,20,647.0,0.1216241944766915,14,291.0,0.3696572792510081,34,938.0
5010.0,35,427.0,4.965116279069767,4.65186539135984,22,699.0,0.1230826335603859,13,287.0,0.34938060465369847,35,986.0
5015.0,31,460.0,5.822784810126582,4.525690420985618,16,701.0,0.16605218882034242,15,280.0,0.2591935951580704,31,981.0
5020.0,39,589.0,7.551282051282051,3.98519170939054,18,719.0,0.24482822131622364,21,337.0,0.1348108348443588,39,1056.0
5025.0,37,647.0,8.294871794871796,4.181887710160638,18,754.0,0.18097396644603173,19,374.0,0.16871305672673048,37,1128.0
5030.0,38,650.0,8.333333333333334,4.324693440050523,22,787.0,0.12051916657366435,16,376.0,0.2668097748975837,38,1163.0
5035.0,41,783.0,9.7875,4.471264232853837,23,869.0,0.17523759259827307,18,395.0,0.3340026599727246,41,1264.0
5040.0,38,886.0,11.35897435897436,4.5157197520211225,19,911.0,0.25770717990173514,19,463.0,0.270739151899426,38,1374.0
5045.0,38,811.0,10.012345679012345,4.186430687833572,16,854.0,0.24913377906525488,22,498.0,0.19561360697895508,38,1352.0
5050.0,41,872.0,10.634146341463415,4.477734215870291,19,793.0,0.19869369645784604,22,538.0,0.1968908949642208,41,1331.0
5055.0,43,861.0,10.7625,4.343665040695127,21,748.0,0.20115309367546338,22,580.0,0.21698148061870515,43,1328.0
5060.0,38,761.0,9.756410256410257,3.900407964690602,18,630.0,0.2393634437316066,20,629.0,0.1893971878932451,38,1259.0
5065.0,36,755.0,10.066666666666666,3.7240756022176953,14,661.0,0.31009775672166295,22,666.0,0.1430141607947426,36,1327.0
5070.0,37,644.0,8.586666666666666,3.8309522600188486,14,626.0,0.3168938769892982,23,669.0,0.12607203664394176,37,1295.0
5075.0,34,387.0,4.8375,3.9214881157136174,13,586.0,0.26559012336224236,21,571.0,0.12103288124958343,34,1157.0
5080.0,39,455.0,5.6875,4.2725295573863376,21,639.0,0.2244708364744234,18,602.0,0.17942726186920802,39,1241.0
5085.0,39,467.0,5.987179487179487,4.065325363989916,25,709.0,0.21292699256171793,14,606.0,0.22863729038811148,39,1315.0
5090.0,43,535.0,6.604938271604938,3.6725538961843673,27,785.0,0.18132012157307856,16,620.0,0.2468750655648677,43,1405.0
5095.0,41,527.0,6.670886075949367,3.9701396769526256,26,838.0,0.1332851676177789,15,575.0,0.3461785679486258,41,1413.0
5100.0,35,556.0,7.128205128205129,4.6184712593326624,21,882.0,0.15567270926262297,14,590.0,0.34350229414068406,35,1472.0
5105.0,39,634.0,8.025316455696203,3.8302418211233156,20,956.0,0.13873393031331305,19,571.0,0.13795347971644117,39,1527.0
5110.0,46,731.0,9.1375,3.383608259007714,27,1058.0,0.13209617839474647,19,515.0,0.13684907404880461,46,1573.0
5115.0,44,804.0,10.05,4.1069184743339395,25,1017.0,0.2467260232422795,19,496.0,0.19586452629586676,44,1513.0
5120.0,37,721.0,9.363636363636363,3.687901279175785,21,994.0,0.2218317184492716,16,533.0,0.2264403928500743,37,1527.0
5125.0,37,669.0,8.576923076923077,3.698982859034162,24,899.0,0.13965647257266167,13,543.0,0.2887778824012677,37,1442.0
5130.0,40,682.0,8.632911392405063,3.3125938060899065,25,936.0,0.1290523906975794,15,546.0,0.22382033190171527,40,1482.0
5135.0,36,530.0,7.066666666666666,3.3195466487350824,20,878.0,0.14609897577203954,16,509.0,0.19024008146727717,36,1387.0
5140.0,30,493.0,6.662162162162162,3.2861521284089505,15,859.0,0.1504072026938982,15,520.0,0.16602547889746835,30,1379.0
5145.0,37,579.0,7.618421052631579,3.1781558843896964,15,796.0,0.16902323428609722,22,536.0,0.12656162174002977,37,1332.0
5150.0,39,550.0,7.4324324324324325,2.766556501846672,20,796.0,0.16067478653013983,19,573.0,0.1543350348162399,39,1369.0
5155.0,41,585.0,7.905405405405405,3.34910921492012,27,826.0,0.10877987914154211,14,554.0,0.27597353895936744,41,1380.0
5160.0,40,667.0,9.013513513513514,3.5501641388437535,28,856.0,0.09124328892526576,12,534.0,0.3046859651885715,40,1390.0
5165.0,31,636.0,8.48,4.2571797686178385,20,781.0,0.15426002943362827,11,522.0,0.27302545018647006,31,1303.0
5170.0,27,338.0,4.447368421052632,4.404698001020827,13,709.0,0.22744718429019725,14,397.0,0.19913815228984938,27,1106.0
5175.0,29,316.0,4.103896103896104,4.734712844933055,12,728.0,0.27478674421187865,17,265.0,0.21082634157916758,29,993.0
5180.0,33,387.0,5.092105263157895,4.690292821091368,17,745.0,0.2736232959038676,16,292.0,0.2591715264997031,33,1037.0
5185.0,31,361.0,4.75,4.3049984742622085,22,760.0,0.14595374621842744,9,259.0,0.3220180208894741,31,1019.0
5190.0,36,350.0,4.605263157894737,4.195610731837554,24,709.0,0.18139931823152355,12,275.0,0.2263641114642428,36,984.0
5195.0,38,432.0,5.837837837837838,3.7285753957432672,23,731.0,0.1697729409346877,15,293.0,0.21953441771218066,38,1024.0
5200.0,37,410.0,5.774647887323944,3.487827306438567,18,644.0,0.15668598818017798,19,357.0,0.16141156184485977,37,1001.0
5205.0,35,473.0,6.757142857142857,3.451722446797778,13,570.0,0.22219924959485318,22,448.0,0.09605531374264058,35,1018.0
5210.0,29,494.0,6.5,3.969190982326275,8,522.0,0.2628202828336573,21,499.0,0.10887751356727862,29,1021.0
5215.0,29,464.0,5.8734177215189876,4.780149836285634,16,476.0,0.24347180750144093,13,461.0,0.26235294132919706,29,937.0
5220.0,30,514.0,6.425,4.712083915160462,18,482.0,0.21833602688734602,12,492.0,0.342748540261199,30,974.0
5225.0,31,572.0,6.891566265060241,4.222683857484792,17,443.0,0.16092298170969963,14,532.0,0.29655206151195984,31,975.0
5230.0,34,662.0,8.073170731707316,4.431319057863521,14,423.0,0.22764833733096526,20,554.0,0.2910786870545352,34,977.0
5235.0,30,748.0,9.35,5.149723088573733,12,420.0,0.27012015341928264,18,533.0,0.2591052513789658,30,953.0
5240.0,28,549.0,7.12987012987013,5.030247589283281,10,373.0,0.2265812043072565,18,445.0,0.22220339754672988,28,818.0
5245.0,38,473.0,6.306666666666667,4.160121433501682,14,351.0,0.14161901242190125,24,424.0,0.13945161414685117,38,775.0
5250.0,34,390.0,5.492957746478873,4.317545292509355,14,272.0,0.21243428034604597,20,486.0,0.19250096493354626,34,758.0
5255.0,34,504.0,7.0,4.947307826837587,13,221.0,0.25701766572026996,21,534.0,0.2259766524462411,34,755.0
5260.0,32,501.0,7.056338028169014,4.867642574784933,10,220.0,0.2986922764243358,22,576.0,0.18697277562245393,32,796.0
5265.0,24,406.0,5.8,6.012546330040254,4,163.0,0.40407568164390323,20,594.0,0.23916661511676315,24,757.0
5270.0,25,369.0,5.765625,5.627823152735521,5,101.0,0.4654637522718484,20,609.0,0.16062544043662502,25,710.0
5275.0,27,336.0,5.419354838709677,5.267327400010905,8,115.0,0.38598412504250024,19,569.0,0.12849564641166414,27,684.0
5280.0,26,359.0,5.885245901639344,4.398299007648223,8,131.0,0.24673378504315505,18,625.0,0.13468140478262797,26,756.0
5285.0,26,430.0,7.288135593220339,5.295387552761053,9,150.0,0.21818469203134513,17,647.0,0.24343724482730186,26,797.0
5290.0,22,496.0,8.701754385964913,5.275912184318388,8,179.0,0.27756152817681196,14,659.0,0.22797034502230729,22,838.0
5295.0,22,559.0,9.637931034482758,5.949449191441491,7,197.0,0.37529980636274707,15,639.0,0.23616866298446404,22,836.0
5300.0,21,498.0,9.054545454545455,5.698670184242111,5,167.0,0.44292967825897384,16,602.0,0.19924726347523167,21,769.0
5305.0,19,398.0,7.509433962264151,5.8489030685199905,6,197.0,0.43411005895453936,13,507.0,0.25911636630187573,19,704.0
5310.0,22,346.0,6.653846153846154,5.492461173419387,6,115.0,0.3959367350286731,16,460.0,0.28741424570155966,22,575.0
5315.0,23,336.0,6.339622641509434,4.6471553112236315,8,76.0,0.38640537619225507,15,467.0,0.24247391775421878,23,543.0
5320.0,23,303.0,5.716981132075472,4.5042007480691835,7,82.0,0.31888312577977324,16,414.0,0.2627955960553438,23,496.0
5325.0,19,357.0,6.735849056603773,5.342343347993828,4,42.0,0.39704743751507504,15,433.0,0.25833778442789945,19,475.0
5330.0,25,455.0,8.125,4.366138089662422,5,60.0,0.3113220618685274,20,505.0,0.16244155874347588,25,565.0
5335.0,32,465.0,7.75,3.6212404956055204,13,97.0,0.24473554809149645,19,523.0,0.16770781000568494,32,620.0
5340.0,30,537.0,8.390625,4.82779646122246,10,119.0,0.4142742562809656,20,525.0,0.2378636698658701,30,644.0
5345.0,28,635.0,9.621212121212121,5.158260107320483,12,166.0,0.40138310746607586,16,541.0,0.2730785401272961,28,707.0
5350.0,29,684.0,10.058823529411764,5.093478318471169,12,193.0,0.3459941319482198,17,590.0,0.2552695773778264,29,783.0
5355.0,26,468.0,6.882352941176471,4.613347345313708,10,169.0,0.33507677593058793,16,535.0,0.14396026649875873,26,704.0
5360.0,20,212.0,3.593220338983051,4.733350278947723,9,150.0,0.29138917401822606,11,371.0,0.16008460566831795,20,521.0
5365.0,20,140.0,2.3333333333333335,4.399775994708723,10,148.0,0.21351981565651623,10,336.0,0.20649175240136264,20,484.0
5370.0,29,219.0,3.9107142857142856,3.7813185895280106,15,177.0,0.17347303253445925,14,333.0,0.17054265420741083,29,510.0
5375.0,30,305.0,5.545454545454546,4.03334070110597,17,225.0,0.20404599856254,13,308.0,0.24346941284228324,30,533.0
5380.0,18,300.0,5.454545454545454,5.393867151543942,10,220.0,0.2638914164642969,8,210.0,0.2786410099445842,18,430.0
5385.0,17,302.0,5.69811320754717,5.928211140430106,10,228.0,0.30421651418708845,7,159.0,0.25932895758940827,17,387.0
5390.0,21,256.0,4.923076923076923,6.0481532585436835,10,207.0,0.297173438276045,11,142.0,0.26254445159593703,21,349.0
5395.0,18,278.0,5.914893617021277,5.361057985302456,9,189.0,0.345865185349157,9,151.0,0.24978017318966403,18,340.0
5400.0,16,293.0,6.104166666666667,5.447893918222604,9,199.0,0.2536779340559941,7,153.0,0.3260317278791417,16,352.0
5405.0,12,237.0,4.74,6.772123641137926,8,207.0,0.30716745898165243,4,100.0,0.42805144080348495,12,307.0
5410.0,15,226.0,4.185185185185185,7.559035171347845,8,214.0,0.3428256163334318,7,57.0,0.5072495968192793,15,271.0
5415.0,18,270.0,5.1923076923076925,7.0019852776871785,10,245.0,0.3799128923067845,8,62.0,0.4690496183379204,18,307.0
5420.0,16,295.0,6.145833333333333,6.455399936628029,6,237.0,0.4623859102384855,10,107.0,0.3977714984990159,16,344.0
5425.0,17,332.0,6.916666666666667,4.92132135348185,8,232.0,0.26389452567715427,9,129.0,0.3412211099829241,17,361.0
5430.0,20,382.0,7.346153846153846,4.955685217943603,9,251.0,0.24394136641276692,11,164.0,0.35600192281598886,20,415.0
5435.0,18,362.0,6.241379310344827,6.137366805046412,7,261.0,0.41573240500490605,11,163.0,0.3302865173628877,18,424.0
5440.0,13,130.0,2.2033898305084745,6.677119950442953,7,132.0,0.3776414014012084,6,110.0,0.37796850017685096,13,242.0
5445.0,18,116.0,2.0350877192982457,6.3937007037454325,10,90.0,0.24526767648186354,8,97.0,0.4199088046035707,18,187.0
5450.0,18,126.0,2.25,6.190694377705637,9,110.0,0.3298747015548117,9,80.0,0.35142287179500237,18,190.0
5455.0,22,182.0,3.192982456140351,5.306181979519923,10,121.0,0.4262583515192167,12,100.0,0.2173106088729176,22,221.0
5460.0,18,183.0,3.388888888888889,5.744125201720659,6,119.0,0.37801226616280015,12,122.0,0.3384614092799964,18,241.0
5465.0,16,167.0,2.982142857142857,6.112667306542557,6,89.0,0.4124990913004947,10,137.0,0.344923789390738,16,226.0
5470.0,19,235.0,4.12280701754386,5.512820827528141,4,98.0,0.3973864470551315,15,178.0,0.2004357576562276,19,276.0
5475.0,28,281.0,4.762711864406779,5.001648075888779,12,133.0,0.32213189277302934,16,218.0,0.21070362546737345,28,351.0
5480.0,25,352.0,5.770491803278689,5.258700908924538,9,160.0,0.3210361797552595,16,235.0,0.31539253881521867,25,395.0
5485.0,24,390.0,6.5,6.025482670260881,10,179.0,0.40157813923990254,14,266.0,0.34192212117564474,24,445.0
5490.0,19,401.0,6.683333333333334,5.9488275575014224,11,226.0,0.3656606636551507,8,237.0,0.24853239617060777,19,463.0
5495.0,21,348.0,6.0,4.875292111425282,12,267.0,0.2459138867205959,9,199.0,0.17294541801444982,21,466.0
5500.0,27,370.0,6.379310344827586,4.6320774188024245,15,311.0,0.2082258671700414,12,177.0,0.20474576245324994,27,488.0
5505.0,25,353.0,5.883333333333334,4.501934933327777,13,306.0,0.2614642268944458,12,193.0,0.25532220243221737,25,499.0
5510.0,23,390.0,6.610169491525424,6.339620305634177,13,296.0,0.35307517633629115,10,182.0,0.43837612779778473,23,478.0
5515.0,21,356.0,6.137931034482759,6.114828549925738,13,233.0,0.27167468431251995,8,184.0,0.46626731890749185,21,417.0
5520.0,24,312.0,5.288135593220339,5.820186489488743,13,235.0,0.307703769522038,11,191.0,0.40354269682088484,24,426.0
5525.0,21,293.0,4.883333333333334,4.526834939141156,11,218.0,0.29450637754079784,10,216.0,0.24822166293156042,21,434.0
5530.0,27,371.0,6.288135593220339,5.785721780683865,13,223.0,0.4050904313057387,14,244.0,0.23333893268282152,27,467.0
5535.0,24,388.0,6.466666666666667,4.857365469576613,12,238.0,0.32082452615727736,12,282.0,0.13636894346513978,24,520.0
5540.0,24,444.0,7.161290322580645,5.561081195202904,14,247.0,0.26999650170604894,10,300.0,0.2621224056736241,24,547.0
5545.0,25,255.0,4.396551724137931,4.795662884820077,17,265.0,0.18592702409133852,8,230.0,0.3373478056128132,25,495.0
5550.0,23,271.0,4.516666666666667,6.663202125290872,16,291.0,0.28535063297755686,7,92.0,0.5146206859394061,23,383.0
5555.0,19,274.0,4.6440677966101696,6.004457220841537,15,320.0,0.3181600234544533,4,80.0,0.47592950173593057,19,400.0
5560.0,27,343.0,5.622950819672131,5.348975666754504,17,311.0,0.23824343880345994,10,110.0,0.4231776744538167,27,421.0
5565.0,26,307.0,4.873015873015873,4.622992885728225,19,328.0,0.2225182495675192,7,116.0,0.4196743376993544,26,444.0
5570.0,18,238.0,3.6615384615384614,5.794156189831607,11,284.0,0.30739531465653996,7,105.0,0.35687362393254196,18,389.0
5575.0,17,225.0,3.4615384615384617,5.844455660303695,10,279.0,0.37174100034821905,7,103.0,0.2720033596395008,17,382.0
5580.0,27,296.0,4.625,5.371983382930593,16,308.0,0.262646189909766,11,122.0,0.3391255345788786,27,430.0
5585.0,29,337.0,5.184615384615385,4.5324596828545545,20,334.0,0.2297963709518444,9,125.0,0.38900177908392275,29,459.0
5590.0,21,360.0,5.806451612903226,4.623511411554224,14,361.0,0.23034221228823948,7,127.0,0.32200279855664393,21,488.0
5595.0,21,391.0,6.015384615384615,5.291831285062825,14,399.0,0.27270636323987,7,119.0,0.28917218442292275,21,518.0
5600.0,18,243.0,3.573529411764706,6.148499584612091,12,342.0,0.2736431383683049,6,77.0,0.35720199597113456,18,419.0
5605.0,21,282.0,4.476190476190476,5.775402891982989,15,272.0,0.17250285563165502,6,85.0,0.4399050255569129,21,357.0
5610.0,26,280.0,4.745762711864407,5.4407994687141015,19,289.0,0.15702498658864913,7,90.0,0.47931009379093964,26,379.0
5615.0,27,309.0,5.517857142857143,4.746834170796378,19,302.0,0.18485203499675668,8,116.0,0.44676229911697585,27,418.0
5620.0,29,368.0,6.456140350877193,3.9210361358872636,19,351.0,0.17454086676755906,10,136.0,0.3142435903928684,29,487.0
5625.0,22,340.0,6.181818181818182,4.927319394108613,11,344.0,0.26364759232097396,11,186.0,0.21645898447529704,22,530.0
5630.0,13,188.0,3.357142857142857,5.070397648980418,5,309.0,0.2521362315818164,8,168.0,0.23378421055936327,13,477.0
5635.0,21,239.0,4.345454545454546,5.392919266844204,12,288.0,0.21657750855759458,9,165.0,0.3005677836572841,21,453.0
5640.0,22,204.0,4.163265306122449,4.537285802772488,17,316.0,0.21730388347635027,5,122.0,0.30497748779039396,22,438.0
5645.0,17,226.0,4.612244897959184,5.197357138347757,8,276.0,0.26221952337110777,9,123.0,0.20567142623247603,17,399.0
5650.0,20,282.0,5.127272727272727,4.8989816861802025,11,308.0,0.27356084848146195,9,157.0,0.18481967480179487,20,465.0
5655.0,23,378.0,6.75,5.234046118712001,15,367.0,0.28919038647859996,8,191.0,0.36932983006355125,23,558.0
5660.0,21,361.0,6.333333333333333,5.408757298693963,16,385.0,0.31312555770143075,5,170.0,0.5075106590785443,21,555.0
5665.0,15,345.0,6.052631578947368,6.264145206085241,10,357.0,0.33716750462178985,5,118.0,0.5469172623276259,15,475.0
5670.0,15,295.0,5.086206896551724,6.157140141526628,11,364.0,0.31754621444328013,4,76.0,0.35756438349028885,15,440.0
5675.0,25,284.0,4.580645161290323,5.057719359770877,15,341.0,0.2104392494455197,10,63.0,0.22343070004281756,25,404.0
5680.0,24,304.0,5.066666666666666,5.441705385119248,16,300.0,0.23135821982078283,8,87.0,0.34525956359956644,24,387.0
5685.0,20,363.0,6.980769230769231,5.299871582380211,14,344.0,0.23674173854750077,6,89.0,0.5040777051439931,20,433.0
5690.0,20,355.0,6.826923076923077,4.365390896062433,14,360.0,0.18949365239512087,6,74.0,0.25992530737999847,20,434.0
5695.0,23,268.0,5.056603773584905,4.922272752176499,15,296.0,0.18562528399862788,8,92.0,0.1925869644646361,23,388.0
5700.0,25,299.0,5.339285714285714,5.195185463102894,19,311.0,0.1841246575774041,6,83.0,0.31703824000147673,25,394.0
5705.0,23,302.0,5.8076923076923075,5.825734718240323,17,328.0,0.28866178564213235,6,78.0,0.4573738401162207,23,406.0
5710.0,21,298.0,5.8431372549019605,5.7667803752672375,16,336.0,0.2840060774576384,5,89.0,0.469115875471962,21,425.0
5715.0,22,306.0,5.884615384615385,4.3706350372956875,16,353.0,0.16718106995294743,6,77.0,0.40842479940204984,22,430.0
5720.0,23,315.0,5.943396226415095,5.242480610667788,13,337.0,0.22672610925442985,10,120.0,0.31442684314837177,23,457.0
5725.0,20,259.0,4.796296296296297,5.198978561225789,12,350.0,0.23743670668488004,8,104.0,0.23350346532838184,20,454.0
5730.0,24,234.0,4.254545454545455,5.066466909235369,15,338.0,0.21266303199318023,9,113.0,0.24379479224460404,24,451.0
5735.0,22,237.0,4.647058823529412,4.404326633969766,16,365.0,0.23202035796313472,6,102.0,0.349953776519762,22,467.0
5740.0,18,220.0,4.150943396226415,5.80565773436164,13,358.0,0.21910060221365432,5,56.0,0.48369313585316626,18,414.0
5745.0,20,292.0,5.615384615384615,5.159185403350519,13,379.0,0.1482946950468513,7,72.0,0.37135559984974353,20,451.0
5750.0,24,354.0,6.321428571428571,4.938460292648463,17,385.0,0.1631170617394378,7,104.0,0.3036238839324173,24,489.0
5755.0,23,417.0,7.581818181818182,4.694228245230368,17,434.0,0.1887659404321694,6,105.0,0.377388748462559,23,539.0
5760.0,22,478.0,9.192307692307692,5.435521154203818,13,445.0,0.243220691174317,9,133.0,0.36795634702787544,22,578.0
5765.0,24,426.0,7.344827586206897,5.094080131790589,14,413.0,0.18659277692904022,10,175.0,0.3073423668231389,24,588.0
5770.0,24,433.0,6.873015873015873,6.058613387971369,16,403.0,0.18712203353244317,8,164.0,0.4313225679289651,24,567.0
5775.0,21,364.0,6.169491525423729,6.536257710040731,13,342.0,0.32221612197158495,8,153.0,0.515655945806502,21,495.0
5780.0,22,348.0,5.523809523809524,6.248345436203947,15,272.0,0.33258351784913076,7,151.0,0.45492444333791376,22,423.0
5785.0,19,343.0,5.532258064516129,6.127853111964014,11,278.0,0.42988767310623804,8,160.0,0.37539944736345454,19,438.0
5790.0,24,234.0,3.8360655737704916,4.9617799943200165,12,254.0,0.2647793286393583,12,153.0,0.3090922171811338,24,407.0
5795.0,21,161.0,2.596774193548387,4.789592181155739,10,241.0,0.2673818771853789,11,138.0,0.2830248566462636,21,379.0
5800.0,21,158.0,2.5483870967741935,4.490822298023066,8,187.0,0.28216847407701795,13,164.0,0.20434821860045918,21,351.0
5805.0,21,208.0,3.2,5.753400744768261,11,213.0,0.2836712124901989,10,163.0,0.24209971753212142,21,376.0
5810.0,21,194.0,2.9393939393939394,5.89842481642872,15,255.0,0.26012111384890135,6,145.0,0.27166804725334726,21,400.0
5815.0,29,300.0,4.615384615384615,5.615230160432186,17,304.0,0.3019737998468941,12,157.0,0.22640499271103579,29,461.0
5820.0,31,356.0,5.741935483870968,4.54723295390754,20,349.0,0.25344877588238823,11,166.0,0.2990664331703039,31,515.0
5825.0,31,412.0,6.338461538461538,4.203210832078477,19,359.0,0.2074595402013108,12,229.0,0.36972977533036033,31,588.0
5830.0,28,368.0,5.575757575757576,4.057021353839082,17,408.0,0.2513065862773098,11,245.0,0.3496900511003276,28,653.0
5835.0,16,302.0,4.575757575757576,5.226383001360584,11,408.0,0.25500913278187265,5,199.0,0.3741136179252994,16,607.0
5840.0,27,294.0,4.2,4.998834206287703,20,427.0,0.1913264720663788,7,143.0,0.25799849761134613,27,570.0
5845.0,33,383.0,5.319444444444445,5.073203515167915,20,471.0,0.16573827879396655,13,120.0,0.24989591296923025,33,591.0
5850.0,32,458.0,6.542857142857143,4.7524080116622445,20,492.0,0.25459923974154747,12,144.0,0.26283653872765317,32,636.0
5855.0,22,314.0,4.550724637681159,5.028182900557584,13,441.0,0.2822180650344006,9,140.0,0.34625807813568654,22,581.0
5860.0,23,259.0,3.8088235294117645,5.145101590563897,14,390.0,0.2650077747895119,9,144.0,0.3508558390143755,23,534.0
5865.0,29,232.0,3.2222222222222223,4.801598475993102,18,409.0,0.19208586135798342,11,140.0,0.3565732435399858,29,549.0
5870.0,35,332.0,4.611111111111111,4.299357440222405,22,409.0,0.21412276863323917,13,195.0,0.26779277519563577,35,604.0
5875.0,44,496.0,6.613333333333333,4.1310690888579185,24,495.0,0.2574821116428913,20,262.0,0.20568091281449777,44,757.0
5880.0,41,617.0,8.337837837837839,3.2948803368912976,23,575.0,0.1633873096866413,18,310.0,0.22470675607359236,41,885.0
5885.0,40,628.0,8.602739726027398,3.2548368013771998,26,627.0,0.09965489284357623,14,296.0,0.2664669225971268,40,923.0
5890.0,33,636.0,8.833333333333334,3.3069317740606468,26,639.0,0.04813232360554726,7,286.0,0.2921815924767225,33,925.0
5895.0,31,705.0,9.276315789473685,5.117651922677843,22,667.0,0.13754269134728897,9,280.0,0.371749054525428,31,947.0
5900.0,26,480.0,6.315789473684211,5.125448272271051,18,648.0,0.18680569629426766,8,214.0,0.3970296656619174,26,862.0
5905.0,29,343.0,4.397435897435898,4.641585303555803,13,528.0,0.22514719864545193,16,225.0,0.23658046389216272,29,753.0
5910.0,32,248.0,3.263157894736842,3.8673138537222425,13,511.0,0.2432564180062301,19,231.0,0.15014286355735149,32,742.0
5915.0,44,391.0,5.012820512820513,4.0550753253151735,21,570.0,0.2612275651708349,23,260.0,0.15500754712127904,44,830.0
5920.0,40,494.0,6.586666666666667,3.689874783603501,20,587.0,0.2517648703367912,20,323.0,0.1814606215950082,40,910.0
5925.0,30,451.0,6.263888888888889,3.7101878574939366,15,546.0,0.14324080670750466,15,335.0,0.1743267503921708,30,881.0
5930.0,28,453.0,6.380281690140845,4.15953778855607,18,560.0,0.09886439217916362,10,321.0,0.23544841234038252,28,881.0
5935.0,28,368.0,5.041095890410959,4.2703927570063795,18,526.0,0.09933961242856791,10,314.0,0.2149096170884095,28,840.0
5940.0,33,377.0,5.385714285714286,3.9553220452332223,17,563.0,0.15409995221590664,16,307.0,0.2417423378102003,33,870.0
5945.0,28,428.0,6.202898550724638,4.4193251939139655,11,541.0,0.18553548040535067,17,348.0,0.20702239218690752,28,889.0
5950.0,23,345.0,5.073529411764706,4.88785886516069,12,470.0,0.18252771338987986,11,324.0,0.20762242738173559,23,794.0
5955.0,29,379.0,5.921875,4.808689904395392,17,482.0,0.09575063140362582,12,317.0,0.2584791377688859,29,799.0
5960.0,30,361.0,5.73015873015873,5.14751128422734,18,508.0,0.19943998172326574,12,299.0,0.2954764090509114,30,807.0
5965.0,26,330.0,5.5,4.410594729940345,14,453.0,0.25130149420449643,12,308.0,0.2503248174869466,26,761.0
5970.0,29,352.0,5.770491803278689,3.7215978050482073,11,452.0,0.21311436606348638,18,326.0,0.2557105101530625,29,778.0
5975.0,26,320.0,5.245901639344262,4.26343885604528,10,396.0,0.24646644945985563,16,350.0,0.2762520339660263,26,746.0
5980.0,21,335.0,5.234375,5.369375899580252,10,364.0,0.24754772015755924,11,323.0,0.3330306389008272,21,687.0
5985.0,22,376.0,5.7846153846153845,4.98700849945004,11,310.0,0.2032315302348123,11,329.0,0.28872484507725044,22,639.0
5990.0,31,423.0,6.409090909090909,4.484982275028373,12,330.0,0.23520423532695864,19,311.0,0.24777467957904073,31,641.0
5995.0,25,481.0,7.758064516129032,4.232543212059218,11,345.0,0.3230505581578797,14,346.0,0.21664652013323316,25,691.0
6000.0,27,369.0,6.049180327868853,4.674413686050583,11,252.0,0.29309051900623173,16,357.0,0.18311841133818652,27,609.0
6005.0,29,344.0,5.212121212121212,4.3536401200440835,13,240.0,0.1218559396199621,16,321.0,0.16544735844495523,29,561.0
6010.0,35,430.0,6.323529411764706,4.878859347980601,15,256.0,0.24310353797065973,20,352.0,0.21128563647812404,35,608.0
6015.0,32,533.0,8.2,5.216270897473691,13,255.0,0.4018654276398545,19,411.0,0.23876340998899226,32,666.0
6020.0,27,518.0,8.09375,4.529981539958355,10,269.0,0.3947663360767014,17,437.0,0.22731727529919174,27,706.0
6025.0,30,515.0,8.174603174603174,3.9338756898860967,12,242.0,0.24353622412962248,18,479.0,0.2345549456548642,30,721.0
6030.0,27,344.0,5.548387096774194,4.090084211697727,8,160.0,0.3047588393732323,19,488.0,0.1657587367947715,27,648.0
6035.0,27,313.0,4.815384615384615,4.040652579458177,9,121.0,0.3515600327718954,18,513.0,0.1448668075859836,27,634.0
6040.0,22,263.0,4.109375,4.745953830087105,9,157.0,0.3619763699879631,13,474.0,0.21126237336352352,22,631.0
6045.0,23,349.0,5.453125,5.45891685578571,8,180.0,0.3397681229900426,15,477.0,0.22989957711036846,23,657.0
6050.0,25,440.0,6.984126984126984,5.2883324085060694,10,230.0,0.33957436010457726,15,473.0,0.1317146634567066,25,703.0
6055.0,26,416.0,6.933333333333334,4.44180098094952,7,214.0,0.41498597265203896,19,510.0,0.05463845785361108,26,724.0
6060.0,33,480.0,7.868852459016393,4.596213165458601,10,212.0,0.38334465993404493,23,522.0,0.16299428168120145,33,734.0
6065.0,29,405.0,6.864406779661017,4.516067448913074,10,197.0,0.32949000153485397,19,535.0,0.23337246415880408,29,732.0
6070.0,28,435.0,7.5,4.6731892923723555,9,151.0,0.38033846705101026,19,558.0,0.20162476494051965,28,709.0
6075.0,28,374.0,6.233333333333333,4.037189631993109,8,131.0,0.34977340260539197,20,573.0,0.18477634038008126,28,704.0
6080.0,25,261.0,4.278688524590164,4.810854920362422,12,135.0,0.2662998232047042,13,497.0,0.2869277504878553,25,632.0
6085.0,21,216.0,3.375,4.955815577328558,11,157.0,0.19439928333203518,10,481.0,0.39064947661312066,21,638.0
6090.0,22,208.0,3.2,4.877742533705638,9,149.0,0.3151925053809723,13,450.0,0.2667115289851014,22,599.0
6095.0,26,237.0,3.646153846153846,4.403835695793163,7,138.0,0.35136051659309137,19,518.0,0.1821331640087704,26,656.0
6100.0,35,356.0,5.235294117647059,4.774211038704085,8,107.0,0.40797395113859913,27,629.0,0.15329504913570086,35,736.0
6105.0,35,421.0,6.1911764705882355,4.058076674524844,9,126.0,0.3223774889156343,26,659.0,0.18020791517926746,35,785.0
6110.0,24,386.0,5.7611940298507465,5.04630542425507,8,130.0,0.3161140925843882,16,589.0,0.225981881433365,24,719.0
6115.0,18,290.0,4.603174603174603,4.851789891480671,5,119.0,0.28789550420357385,13,512.0,0.21627271557383618,18,631.0
6120.0,26,326.0,5.015384615384615,5.297588097223283,10,130.0,0.26639313053816577,16,471.0,0.24139064942969052,26,601.0
6125.0,29,353.0,5.430769230769231,4.173870048119609,9,159.0,0.38728742336507205,20,482.0,0.16292119670904168,29,641.0
6130.0,31,355.0,5.461538461538462,4.683185911500613,8,169.0,0.4713103018295179,23,540.0,0.15315994479023223,31,709.0
6135.0,32,419.0,6.348484848484849,4.665731626899827,9,206.0,0.44848752708123424,23,563.0,0.11405642982490369,32,769.0
6140.0,24,242.0,3.611940298507463,5.199930896910519,7,139.0,0.39774597910683573,17,502.0,0.11403138935325988,24,641.0
6145.0,24,268.0,4.123076923076923,5.817445172094149,8,92.0,0.344476742577916,16,485.0,0.22677335755403089,24,577.0
6150.0,24,282.0,4.338461538461538,5.213662319015174,8,93.0,0.25976768999106703,16,506.0,0.24886629022528048,24,599.0
6155.0,28,342.0,5.60655737704918,5.209773872818595,9,116.0,0.3673338845084854,19,547.0,0.2324013582471285,28,663.0
6160.0,29,406.0,6.548387096774194,3.777353079028951,8,132.0,0.2988358262400669,21,592.0,0.174209630094083,29,724.0
6165.0,27,479.0,7.852459016393443,4.49252152206798,11,158.0,0.29636603930948013,16,597.0,0.1849892750162343,27,755.0
6170.0,27,503.0,7.859375,4.946103008467259,12,210.0,0.28724985546630954,15,582.0,0.18301064906728856,27,792.0
6175.0,26,466.0,7.28125,5.617572711088283,11,268.0,0.3067612348993083,15,531.0,0.16864188609818634,26,799.0
6180.0,25,393.0,6.661016949152542,4.763531010999637,10,231.0,0.3496339678053187,15,570.0,0.14063004544411,25,801.0
6185.0,28,474.0,8.464285714285714,4.129677027912627,8,206.0,0.30559785396120454,20,663.0,0.14019915769538865,28,869.0
6190.0,31,401.0,7.290909090909091,3.1865344722407936,11,212.0,0.19090507570709048,20,635.0,0.1664219379426702,31,847.0
6195.0,32,509.0,8.775862068965518,3.8645918160275268,10,213.0,0.3180018371218861,22,702.0,0.16331020434714577,32,915.0
6200.0,30,419.0,7.224137931034483,4.058799035370142,8,173.0,0.33213499679518665,22,720.0,0.21630525209940615,30,893.0
6205.0,26,328.0,5.377049180327869,4.682981603640755,13,173.0,0.2804099255086977,13,643.0,0.22703131011702665,26,816.0
6210.0,20,284.0,4.655737704918033,4.37158817437391,9,180.0,0.21738782203827178,11,618.0,0.21023379267469375,20,798.0
6215.0,22,212.0,3.4193548387096775,4.885615694659122,8,172.0,0.2975606029203442,14,528.0,0.1437464462494338,22,700.0
6220.0,27,256.0,4.266666666666667,5.0217185004286,9,193.0,0.33981853641437726,18,501.0,0.1415894702368496,27,694.0
6225.0,28,332.0,5.354838709677419,5.083971064495366,12,231.0,0.3260065087978654,16,494.0,0.16691840517587456,28,725.0
6230.0,17,240.0,4.0,5.4509742975555096,9,220.0,0.35120801968615745,8,386.0,0.23479441973089374,17,606.0
6235.0,21,250.0,4.237288135593221,5.347906903824221,11,207.0,0.31982783522107006,10,379.0,0.2375297973187404,21,586.0
6240.0,25,308.0,5.220338983050848,4.786617790507093,11,247.0,0.31259652888344247,14,349.0,0.2447642971248967,25,596.0
6245.0,23,377.0,6.614035087719298,4.215570097467853,10,282.0,0.2760943924743998,13,358.0,0.23132698608904673,23,640.0
6250.0,20,363.0,6.1525423728813555,4.7753229093567775,10,298.0,0.27821297286624536,10,315.0,0.24242705089625502,20,613.0
6255.0,22,384.0,6.295081967213115,5.343051534315251,10,313.0,0.26490203435282245,12,307.0,0.25257093209010584,22,620.0
6260.0,28,327.0,5.274193548387097,5.1490800394413885,10,260.0,0.3263640097833475,18,367.0,0.22665217310090835,28,627.0
6265.0,27,286.0,4.5396825396825395,5.198098245453982,7,135.0,0.5103228780542174,20,397.0,0.16047031387059116,27,532.0
6270.0,28,392.0,6.125,5.381198253898776,6,154.0,0.5359136725120259,22,496.0,0.1843638245093839,28,650.0
6275.0,31,482.0,7.303030303030303,5.059020395025803,10,181.0,0.47131971591074223,21,541.0,0.1688159549742774,31,722.0
6280.0,35,510.0,7.611940298507463,4.703547797380108,15,240.0,0.3185649621370278,20,546.0,0.19611489704659393,35,786.0
6285.0,34,526.0,7.735294117647059,4.013311075268199,17,311.0,0.24539806421214094,17,530.0,0.12627984928035585,34,841.0
6290.0,29,374.0,5.582089552238806,4.18803342926323,16,355.0,0.26662344715082853,13,443.0,0.1303357192892865,29,798.0
6295.0,24,408.0,6.375,5.109219867739599,14,381.0,0.2834379379923674,10,389.0,0.23390592281223377,24,770.0
6300.0,28,439.0,6.552238805970149,5.051663848633917,16,381.0,0.26705838522444025,12,386.0,0.2820716181215452,28,767.0
6305.0,27,473.0,7.276923076923077,5.170433112782274,14,389.0,0.31246305484436787,13,435.0,0.29601659659919627,27,824.0
6310.0,30,419.0,6.253731343283582,4.451176019917377,13,368.0,0.3067301539042884,17,454.0,0.2504792238030206,30,822.0
6315.0,32,451.0,6.731343283582089,4.160207662325385,14,313.0,0.2896847192760693,18,540.0,0.230585141982772,32,853.0
6320.0,34,443.0,6.420289855072464,2.9739664149015526,17,331.0,0.12068305123465266,17,555.0,0.25824346705784557,34,886.0
6325.0,31,469.0,6.7,3.9267792389497904,18,336.0,0.15965331377173672,13,531.0,0.23689016973407756,31,867.0
6330.0,30,551.0,8.102941176470589,4.480257282409752,17,359.0,0.09628523225375654,13,542.0,0.30067283809919804,30,901.0
6335.0,35,599.0,8.557142857142857,4.464659441507455,21,442.0,0.10316658433738017,14,507.0,0.23447731716207162,35,949.0
6340.0,31,512.0,7.529411764705882,4.355347337324091,18,518.0,0.14525121911766653,13,418.0,0.27368577352944806,31,936.0
6345.0,34,625.0,9.328358208955224,4.603689916064421,20,603.0,0.22396001702005502,14,343.0,0.2678567173561199,34,946.0
6350.0,33,671.0,10.484375,3.979420114429338,19,626.0,0.2161316555990216,14,360.0,0.24678622986445134,33,986.0
6355.0,26,662.0,10.34375,4.120506651639323,17,640.0,0.2550410836725697,9,350.0,0.16770054268184378,26,990.0
6360.0,31,584.0,8.984615384615385,3.5288232968060105,19,604.0,0.16666346726398976,12,343.0,0.21436464431545707,31,947.0
6365.0,35,502.0,7.171428571428572,4.1914931505896496,17,561.0,0.22399438152170129,18,397.0,0.22047695449155508,35,958.0
6370.0,26,394.0,5.7101449275362315,4.695094280401266,11,591.0,0.3099742675184398,15,445.0,0.2440649537722351,26,1036.0
6375.0,17,329.0,4.7,5.677663665055711,7,592.0,0.34599097486575975,10,434.0,0.2653494477360313,17,1026.0
6380.0,22,330.0,4.714285714285714,4.830546899188481,12,580.0,0.15966399140500454,10,380.0,0.25956660635611195,22,960.0
6385.0,29,352.0,5.253731343283582,4.614252153301708,17,545.0,0.13498465798245543,12,308.0,0.2964385592913686,29,853.0
6390.0,33,498.0,7.661538461538462,3.8240392311637765,16,526.0,0.22268491596829124,17,343.0,0.235193163168708,33,869.0
6395.0,32,447.0,6.876923076923077,3.799430922403114,15,578.0,0.2939400890776314,17,269.0,0.23312154526094828,32,847.0
6400.0,32,531.0,8.045454545454545,4.207743619943511,15,619.0,0.3168090937469156,17,275.0,0.21144408550283356,32,894.0
6405.0,29,458.0,6.735294117647059,4.479490220344057,13,605.0,0.3015255472401635,16,288.0,0.18468737518586054,29,893.0
6410.0,27,379.0,5.338028169014085,5.208418748537817,18,618.0,0.2786934272573131,9,238.0,0.24276888395078905,27,856.0
6415.0,26,421.0,5.767123287671233,5.1297747236718125,19,638.0,0.18817078209459562,7,238.0,0.35258347847567373,26,876.0
6420.0,33,488.0,6.9714285714285715,4.291670990214574,19,602.0,0.1562826572827474,14,293.0,0.30388411386956193,33,895.0
6425.0,33,506.0,6.931506849315069,3.7026356023357048,17,639.0,0.14515924751108264,16,327.0,0.2913504210713892,33,966.0
6430.0,31,561.0,7.581081081081081,4.558460358102539,12,628.0,0.26013605182186444,19,371.0,0.2437736808125268,31,999.0
6435.0,37,410.0,5.466666666666667,4.313446460284323,16,555.0,0.2666766269246537,21,392.0,0.2191040232755764,37,947.0
6440.0,29,289.0,3.7051282051282053,4.81201217886252,16,393.0,0.2147417929272959,13,322.0,0.26342198762411184,29,715.0
6445.0,27,316.0,4.157894736842105,4.942033686670708,17,430.0,0.12313959419184377,10,273.0,0.4111912565371978,27,703.0
6450.0,27,375.0,5.0,5.3684355449441705,17,449.0,0.16898210323587912,10,289.0,0.3934189874784431,27,738.0
6455.0,38,478.0,6.373333333333333,4.336245804703592,18,447.0,0.24203001199523386,20,349.0,0.24420622805371664,38,796.0
6460.0,38,499.0,6.653333333333333,4.174059629877668,14,377.0,0.30668248452887753,24,405.0,0.19287027242189136,38,782.0
6465.0,31,445.0,5.933333333333334,4.42539975808097,11,370.0,0.2877034548855311,20,420.0,0.2420519521519577,31,790.0
6470.0,34,462.0,6.078947368421052,4.306784969746682,16,353.0,0.15578119639005125,18,422.0,0.30154165513077463,34,775.0
6475.0,34,435.0,5.576923076923077,4.551239119568485,16,390.0,0.22011832766119863,18,419.0,0.3087586756288427,34,809.0
6480.0,34,421.0,5.2625,4.367005254201627,14,415.0,0.2928080962371292,20,387.0,0.23662561232858556,34,802.0
6485.0,38,432.0,5.4,4.175570018153807,13,414.0,0.2912919817188516,25,471.0,0.16138263943680112,38,885.0
6490.0,38,468.0,5.7073170731707314,4.4233111742481,11,399.0,0.31587219759774454,27,542.0,0.1780989313719825,38,941.0
6495.0,43,575.0,7.2784810126582276,3.6723493045617603,11,368.0,0.3057656942560939,32,655.0,0.145080855999148,43,1023.0
6500.0,46,599.0,7.4875,3.7556378486314204,14,312.0,0.3223807624694311,32,727.0,0.15752685702144384,46,1039.0
6505.0,38,509.0,6.3625,3.3655992683944875,13,345.0,0.17839237936729432,25,731.0,0.18973327566055379,38,1076.0
6510.0,35,545.0,6.566265060240964,4.091060193391691,13,364.0,0.1628696997711682,22,729.0,0.20361732652867084,35,1093.0
6515.0,32,610.0,7.349397590361446,4.514478229918533,10,350.0,0.19998529628019276,22,786.0,0.19399244587793604,32,1136.0
6520.0,39,686.0,8.070588235294117,4.235900907193524,17,335.0,0.17112512143660644,22,819.0,0.18753422527708705,39,1154.0
6525.0,45,832.0,9.904761904761905,3.7585134791947943,17,349.0,0.25699040917931526,28,903.0,0.16148111587202524,45,1252.0
6530.0,46,811.0,10.012345679012345,3.955006664244353,15,350.0,0.4064489167771458,31,927.0,0.14297220031179972,46,1277.0
6535.0,46,656.0,8.098765432098766,3.230684962236944,15,311.0,0.35919385274819504,31,957.0,0.10802346309048869,46,1268.0
6540.0,51,727.0,8.453488372093023,3.0765856304345873,19,319.0,0.2464787545316873,32,1026.0,0.12861951405291117,51,1345.0
6545.0,47,633.0,7.447058823529412,3.198692622631172,20,342.0,0.18857762854079238,27,990.0,0.14532605749118943,47,1332.0
6550.0,33,329.0,3.9166666666666665,3.6149955855493645,14,295.0,0.21770422387110216,19,976.0,0.1025479576993755,33,1271.0
6555.0,30,346.0,4.119047619047619,4.438913086471784,7,258.0,0.29278632634892393,23,960.0,0.1245986016258205,30,1218.0
6560.0,41,479.0,5.635294117647059,3.549781686566339,15,289.0,0.22756130158454166,26,1006.0,0.14381902700918658,41,1295.0
6565.0,39,582.0,7.185185185185185,4.057860935524554,18,308.0,0.18313734004560078,21,969.0,0.23603693480809676,39,1277.0
6570.0,31,677.0,8.4625,4.5721707483804055,12,278.0,0.19848801610701947,19,958.0,0.2401336012579691,31,1236.0
6575.0,29,708.0,8.74074074074074,4.8009568293355915,8,246.0,0.21077098233698688,21,970.0,0.1587499041964723,29,1216.0
6580.0,33,727.0,9.20253164556962,4.907275656984692,11,215.0,0.21038350447968204,22,971.0,0.17381887540479318,33,1186.0
6585.0,36,670.0,8.81578947368421,4.3425094180204225,15,235.0,0.16593588645573373,21,894.0,0.26419769807939547,36,1129.0
6590.0,25,583.0,7.571428571428571,5.015281329427387,9,217.0,0.290038400718407,16,950.0,0.2830326439473363,25,1167.0
6595.0,23,666.0,8.64935064935065,5.609241411736975,8,217.0,0.3955769364818536,15,975.0,0.21125399508237577,23,1192.0
6600.0,24,458.0,5.871794871794871,4.954118470247192,6,188.0,0.39862433970289585,18,896.0,0.09676447603823972,24,1084.0
6605.0,37,345.0,4.662162162162162,4.593276583221428,13,158.0,0.2593537634853685,24,850.0,0.13953977256216904,37,1008.0
6610.0,40,466.0,6.472222222222222,3.845834777631135,14,196.0,0.17770317443948425,26,872.0,0.15658958684240998,40,1068.0
6615.0,33,499.0,7.676923076923077,3.8087736419644287,10,205.0,0.31364244115498924,23,781.0,0.1021460095373665,33,986.0
6620.0,30,491.0,7.671875,3.677735038293149,7,166.0,0.3389042662637667,23,820.0,0.0927536649804776,30,986.0
6625.0,37,633.0,9.590909090909092,3.980714368505384,13,192.0,0.3042892713556392,24,820.0,0.15425201885078269,37,1012.0
6630.0,37,581.0,8.671641791044776,3.116522770496896,12,161.0,0.25026845893545696,25,874.0,0.13755764083735111,37,1035.0
6635.0,31,506.0,7.552238805970149,4.4532116237737505,12,170.0,0.34906916133474675,19,868.0,0.20575151824166157,31,1038.0
6640.0,31,544.0,8.0,3.9518495217202183,12,188.0,0.19434266008970827,19,870.0,0.2513790271948605,31,1058.0
6645.0,26,488.0,6.873239436619718,4.43900926783254,6,144.0,0.2785286786404365,20,822.0,0.20130506757771047,26,966.0
6650.0,25,295.0,4.214285714285714,4.679426986703032,6,108.0,0.43205472435284503,19,773.0,0.13402388321162975,25,881.0
6655.0,28,299.0,4.397058823529412,4.717071242310611,5,106.0,0.46214144789256895,23,686.0,0.1271596620389601,28,792.0
6660.0,37,442.0,6.314285714285714,4.461466241663604,10,143.0,0.39163473712202074,27,737.0,0.14981322649796183,37,880.0
6665.0,37,584.0,8.225352112676056,3.7187829186848806,11,195.0,0.29512427375509037,26,758.0,0.13804880602930944,37,953.0
6670.0,34,592.0,8.222222222222221,3.613572354653023,12,230.0,0.2998656265250864,22,765.0,0.15646831616085757,34,995.0
6675.0,27,413.0,5.816901408450704,4.405910144554537,11,240.0,0.2999662449497708,16,647.0,0.22036649305388656,27,887.0
6680.0,21,369.0,5.125,4.9195935713037295,9,249.0,0.294892229474011,12,567.0,0.24180913919278232,21,816.0
6685.0,33,478.0,6.5479452054794525,5.217547542973365,13,270.0,0.25860583781639196,20,494.0,0.19583676821329254,33,764.0
6690.0,32,557.0,7.426666666666667,4.872650547286123,13,295.0,0.2757474405745908,19,527.0,0.15615405305078073,32,822.0
6695.0,29,593.0,8.23611111111111,5.187877548055746,11,307.0,0.32491641705229374,18,517.0,0.15801752666722824,29,824.0
6700.0,29,544.0,7.884057971014493,4.419373235289458,13,354.0,0.2968706821388988,16,521.0,0.18804729777910345,29,875.0
6705.0,30,617.0,9.073529411764707,4.56216742828682,13,402.0,0.2917411194161479,17,532.0,0.2219875478275623,30,934.0
6710.0,32,382.0,5.380281690140845,3.937750747476498,12,308.0,0.28401160642003215,20,521.0,0.23238534953777445,32,829.0
6715.0,33,394.0,5.472222222222222,4.425955816139886,12,224.0,0.2904798266773201,21,565.0,0.2650090317359633,33,789.0
6720.0,35,478.0,6.373333333333333,4.136214255501591,14,260.0,0.30182757088418133,21,612.0,0.24052531219079754,35,872.0
6725.0,32,534.0,6.7594936708860756,4.776820773967255,13,276.0,0.3417833837858409,19,608.0,0.20946041950591732,32,884.0
6730.0,29,442.0,5.666666666666667,4.326414150153664,12,312.0,0.2645311442934618,17,588.0,0.16986238243806465,29,900.0
6735.0,29,288.0,3.6455696202531644,4.490302875978632,14,327.0,0.178494743651036,15,495.0,0.21178332200945313,29,822.0
6740.0,30,286.0,3.7142857142857144,3.777298042105296,16,337.0,0.13725564149918337,14,493.0,0.19184016706783175,30,830.0
6745.0,45,456.0,6.08,3.7793830882777715,21,338.0,0.2100334516088483,24,569.0,0.13496741315453561,45,907.0
6750.0,45,560.0,7.466666666666667,3.6682355272143847,19,393.0,0.2396875773939473,26,624.0,0.17592686602576454,45,1017.0
6755.0,35,525.0,7.0,3.9596420934908156,12,401.0,0.25909767822568786,23,641.0,0.16417198678127295,35,1042.0
6760.0,29,471.0,6.28,3.880170686883251,12,412.0,0.2876265159438604,17,636.0,0.12098433702343685,29,1048.0
6765.0,25,387.0,5.092105263157895,4.280059708775543,13,405.0,0.22408662279696118,12,546.0,0.16015159997221326,25,951.0
6770.0,31,469.0,6.012820512820513,4.897685551424054,18,435.0,0.20604094571065518,13,512.0,0.2546191984840082,31,947.0
6775.0,27,501.0,6.68,4.893834752924836,14,420.0,0.1593122354426807,13,486.0,0.285890815285891,27,906.0
6780.0,30,577.0,7.397435897435898,4.822237437145438,13,426.0,0.23457453469082704,17,462.0,0.24320154263885582,30,888.0
6785.0,26,403.0,5.302631578947368,5.144101781008875,11,305.0,0.2610773516775533,15,495.0,0.29189415594054186,26,800.0
6790.0,24,438.0,6.169014084507042,5.2453815127345065,13,253.0,0.24224703743923245,11,503.0,0.317624538631559,24,756.0
6795.0,26,322.0,4.666666666666667,4.154264415530978,13,296.0,0.1684276274105328,13,432.0,0.20022241460563006,26,728.0
6800.0,35,440.0,6.567164179104478,4.574013716449603,11,324.0,0.2847491562901643,24,426.0,0.1319246238251045,35,750.0
6805.0,34,502.0,7.606060606060606,3.9655921134645347,10,309.0,0.2894920832167833,24,511.0,0.0685074024841302,34,820.0
6810.0,31,582.0,8.818181818181818,4.927116591260133,12,287.0,0.3115959937444218,19,562.0,0.1620214220236993,31,849.0
6815.0,28,617.0,9.492307692307692,4.3278732469596655,10,321.0,0.23990547424574896,18,559.0,0.18026347075321675,28,880.0
6820.0,26,595.0,9.015151515151516,5.460486374037671,9,332.0,0.32595129981875876,17,520.0,0.23292314490184335,26,852.0
6825.0,26,404.0,6.121212121212121,4.788598472105856,9,302.0,0.33904007648619056,17,559.0,0.17973662335373466,26,861.0
6830.0,30,291.0,4.217391304347826,4.891888485484134,11,230.0,0.36396984701685686,19,572.0,0.220402217749205,30,802.0
6835.0,30,333.0,4.970149253731344,3.987822913783545,11,271.0,0.3310163311459461,19,604.0,0.2347030539366827,30,875.0
6840.0,25,349.0,5.5396825396825395,4.772021668258843,10,290.0,0.28547433266028466,15,591.0,0.26544922305630764,25,881.0
6845.0,25,327.0,4.880597014925373,4.805048877816678,9,233.0,0.14101666938954022,16,623.0,0.2536962579693232,25,856.0
6850.0,32,419.0,6.253731343283582,4.718687169520906,15,236.0,0.038292903591754184,17,622.0,0.2464756182404171,32,858.0
6855.0,33,438.0,6.7384615384615385,4.2402748809187365,13,290.0,0.1489512864782434,20,570.0,0.24838484600340738,33,860.0
6860.0,23,407.0,6.4603174603174605,5.4872442648753355,8,293.0,0.32974402048257817,15,582.0,0.33787059901134475,23,875.0
6865.0,26,376.0,5.696969696969697,4.574968518798626,8,278.0,0.35609720150792634,18,588.0,0.19329994353662242,26,866.0
6870.0,29,354.0,5.446153846153846,4.781594085550019,8,298.0,0.4438173221643158,21,572.0,0.17819708178360513,29,870.0
6875.0,34,371.0,5.707692307692308,4.274129764017863,7,214.0,0.42138977635252445,27,648.0,0.1669065226976305,34,862.0
6880.0,36,474.0,7.181818181818182,3.91040418735449,10,95.0,0.2757371566369356,26,756.0,0.19993934299936195,36,851.0
6885.0,37,571.0,8.27536231884058,3.837873634893723,9,107.0,0.26192175831843845,28,840.0,0.15948479640751434,37,947.0
6890.0,32,535.0,7.430555555555555,4.753118616289549,4,77.0,0.4278301067549914,28,897.0,0.13649993013957523,32,974.0
6895.0,26,403.0,5.52054794520548,5.04313767731036,5,81.0,0.3746555447336253,21,878.0,0.1967712232931933,26,959.0
6900.0,28,500.0,6.944444444444445,5.440152584076046,8,102.0,0.3594488314495856,20,837.0,0.22508610216888503,28,939.0
6905.0,29,614.0,8.41095890410959,5.96708841671136,11,133.0,0.30110977066303496,18,880.0,0.25817768912211103,29,1013.0
6910.0,26,605.0,8.52112676056338,5.555362580226831,7,135.0,0.28360456356526365,19,863.0,0.24924308817159171,26,998.0
6915.0,26,441.0,7.0,4.920909491877983,5,86.0,0.3865909073803483,21,769.0,0.18850775789838242,26,855.0
6920.0,25,339.0,5.947368421052632,3.982864794431107,5,88.0,0.44064510225472736,20,827.0,0.10777517453705175,25,915.0
6925.0,25,403.0,6.948275862068965,4.626024236751019,5,111.0,0.35928917991627934,20,874.0,0.1510203231883107,25,985.0
6930.0,28,394.0,6.793103448275862,4.379275317522969,6,118.0,0.390126188140995,22,890.0,0.176126076764293,28,1008.0
6935.0,31,525.0,9.051724137931034,5.103625798728882,5,149.0,0.5332844112729006,26,951.0,0.1476567254625175,31,1100.0
6940.0,26,457.0,7.879310344827586,4.882801424931687,2,115.0,0.6374868824352113,24,1004.0,0.12176243108641162,26,1119.0
6945.0,22,333.0,5.741379310344827,5.326658605652376,4,104.0,0.52468080006831,18,971.0,0.19024753062033248,22,1075.0
6950.0,21,349.0,6.232142857142857,4.800439479082696,4,121.0,0.3362420683982927,17,923.0,0.23826684308785973,21,1044.0
6955.0,25,330.0,5.689655172413793,4.528800261836586,8,145.0,0.27316674438124927,17,788.0,0.1597374004179605,25,933.0
6960.0,21,310.0,5.535714285714286,4.825864712636215,5,166.0,0.42811822649146786,16,785.0,0.1710843362471272,21,951.0
6965.0,18,347.0,6.087719298245614,5.623926894728568,7,190.0,0.42082450890075684,11,698.0,0.20962427873425782,18,888.0
6970.0,17,225.0,4.017857142857143,5.55064823858126,3,79.0,0.48037990761672555,14,732.0,0.225203496378925,17,811.0
6975.0,26,309.0,5.15,5.916870325423124,5,47.0,0.47125776391690494,21,812.0,0.24477552449903447,26,859.0
6980.0,28,309.0,5.327586206896552,5.2464559316051025,6,40.0,0.42475477647782345,22,848.0,0.24052075617941837,28,888.0
6985.0,28,360.0,6.206896551724138,4.592131822707009,7,75.0,0.4047930350231481,21,871.0,0.19370728391454894,28,946.0
6990.0,31,419.0,6.983333333333333,3.5338523949222256,9,93.0,0.3625761636140858,22,910.0,0.138820358027662,31,1003.0
6995.0,28,464.0,8.285714285714286,3.442632587351175,11,140.0,0.3318495376583791,17,895.0,0.09515729913457766,28,1035.0
7000.0,33,452.0,7.290322580645161,3.205787015254363,12,137.0,0.24820845932292226,21,874.0,0.07268084651554177,33,1011.0
7005.0,29,378.0,6.517241379310345,4.264829536771137,8,116.0,0.42485560342752426,21,736.0,0.06692317791074132,29,852.0
7010.0,23,269.0,4.890909090909091,4.104691483584396,6,97.0,0.44368565622611433,17,775.0,0.061442871316395045,23,872.0
7015.0,21,257.0,4.849056603773585,4.259024933786671,6,92.0,0.36261791971031393,15,802.0,0.14130532944639346,21,894.0
7020.0,26,304.0,5.62962962962963,3.8660111236763472,8,85.0,0.30885627474965116,18,851.0,0.15494986962890653,26,936.0
7025.0,28,387.0,7.166666666666667,4.4401409077587015,9,76.0,0.4176870557792024,19,815.0,0.14647491625004808,28,891.0
7030.0,24,413.0,7.509090909090909,3.9826407323782176,8,90.0,0.354050781538465,16,709.0,0.17880941386757399,24,799.0
7035.0,21,459.0,8.052631578947368,5.003642115336758,6,76.0,0.4045960447738122,15,654.0,0.18450374447534024,21,730.0
7040.0,21,394.0,6.912280701754386,4.700503541390679,8,96.0,0.39815286002680467,13,611.0,0.1215562734933107,21,707.0
7045.0,21,247.0,4.410714285714286,4.793699643548684,14,138.0,0.28470096999956157,7,475.0,0.1803877854025408,21,613.0
7050.0,23,304.0,5.527272727272727,4.012543304811915,14,191.0,0.1782234553750817,9,463.0,0.25123665250865096,23,654.0
7055.0,21,325.0,5.909090909090909,4.796861049362821,10,213.0,0.2766233375832053,11,418.0,0.2367260418469155,21,631.0
7060.0,22,399.0,7.388888888888889,5.350540140320225,10,236.0,0.36383126342386257,12,375.0,0.21976891366937293,22,611.0
7065.0,18,351.0,6.882352941176471,5.752422634897942,10,203.0,0.23580218912192552,8,308.0,0.2971689961309639,18,511.0
7070.0,19,279.0,5.6938775510204085,5.09948611479303,13,239.0,0.21682013563750388,6,214.0,0.30056516264347743,19,453.0
7075.0,21,233.0,4.854166666666667,5.02266256045634,9,223.0,0.31057739600125833,12,243.0,0.24670392873987923,21,466.0
7080.0,22,267.0,5.448979591836735,5.231080488638686,10,153.0,0.4329401118015264,12,276.0,0.22453033900141198,22,429.0
7085.0,20,286.0,5.836734693877551,5.792214526839989,6,132.0,0.5228230974780707,14,336.0,0.20656471610123917,20,468.0
7090.0,22,298.0,5.622641509433962,4.776006460791681,8,123.0,0.36686974635453623,14,342.0,0.19373090334326595,22,465.0
7095.0,24,282.0,5.222222222222222,4.412509052906784,11,124.0,0.3066915867431032,13,308.0,0.2506462965080773,24,432.0
7100.0,19,229.0,4.089285714285714,4.896334787010464,7,94.0,0.36510182365259447,12,281.0,0.2070486745777869,19,375.0
7105.0,12,67.0,1.1754385964912282,5.390720987939535,7,97.0,0.27621481235599865,5,181.0,0.30189684926121696,12,278.0
7110.0,18,115.0,2.0535714285714284,6.609578442733865,14,137.0,0.1566634831445187,4,100.0,0.5592475800546125,18,237.0
7115.0,19,154.0,2.610169491525424,5.93614058250448,14,181.0,0.10886082063785973,5,90.0,0.4782136968199477,19,271.0
7120.0,17,173.0,3.1454545454545455,6.123147784716688,7,181.0,0.2725861121568184,10,121.0,0.37214491638677755,17,302.0
7125.0,16,224.0,4.3076923076923075,6.737181363022787,8,181.0,0.4580829216677398,8,128.0,0.3266827132672444,16,309.0
7130.0,14,260.0,5.2,6.781971807966685,9,201.0,0.3899195472782242,5,95.0,0.35570540544640755,14,296.0
7135.0,16,315.0,7.0,5.7288599171145895,9,240.0,0.3118926214757379,7,102.0,0.19112636435154434,16,342.0
7140.0,21,290.0,6.444444444444445,5.01474210080005,9,207.0,0.34226913084003074,12,153.0,0.0031189311076920212,21,360.0
7145.0,19,307.0,7.1395348837209305,4.967080563916125,9,173.0,0.3811036290187052,10,187.0,0.11919903648457751,19,360.0
7150.0,17,286.0,6.809523809523809,5.953860579309617,7,136.0,0.48482673243195534,10,211.0,0.25651230049092427,17,347.0
7155.0,17,344.0,7.818181818181818,6.118640460799204,8,135.0,0.3551538117153527,9,259.0,0.36651293051854494,17,394.0
7160.0,15,251.0,5.704545454545454,5.080630052497518,9,118.0,0.26184574030095864,6,246.0,0.34449359566084764,15,364.0
7165.0,15,283.0,6.431818181818182,6.1739740930039115,10,128.0,0.2567293975009502,5,201.0,0.4953330754994641,15,329.0
7170.0,17,327.0,7.108695652173913,5.582796742134213,10,145.0,0.1879121464740774,7,222.0,0.45882625684312767,17,367.0
7175.0,15,396.0,8.081632653061224,7.05287360061991,9,175.0,0.38237033683560157,6,255.0,0.4699941078246683,15,430.0
7180.0,15,176.0,3.5918367346938775,6.131019050350648,8,159.0,0.4432704432937456,7,159.0,0.3802243184285387,15,318.0
7185.0,19,263.0,5.26,6.207382022630892,8,199.0,0.502858202628349,11,93.0,0.3249055726837137,19,292.0
7190.0,18,156.0,2.943396226415094,5.118296154205217,8,159.0,0.406355700931211,10,110.0,0.3069915075532386,18,269.0
7195.0,12,111.0,2.018181818181818,6.36157878721866,7,87.0,0.3461932785408209,5,94.0,0.41858719602907674,12,181.0
7200.0,12,128.0,2.4615384615384617,5.836923660744848,6,83.0,0.221149347302893,6,91.0,0.40195475400271846,12,174.0
