step,system_total_stopped,system_total_waiting_time,system_mean_waiting_time,system_mean_speed,J17_stopped,J17_accumulated_waiting_time,J17_average_speed,J18_stopped,J18_accumulated_waiting_time,J18_average_speed,agents_total_stopped,agents_total_accumulated_waiting_time
5.0,1,0.0,0.0,2.4179274638183417,0,0.0,1.0,1,0.0,0.17532163485428628,1,0.0
10.0,0,0.0,0.0,8.261032455949103,0,0.0,0.5069099324840709,0,0.0,0.6502255080163537,0,0.0
15.0,1,0.0,0.0,10.12880213987652,0,0.0,0.7865533948905528,1,0.0,0.6919061496619989,1,0.0
20.0,1,0.0,0.0,8.590069250285127,1,0.0,0.6690299404843701,0,0.0,0.6042791568399439,1,0.0
25.0,1,3.0,0.2,6.862586082684583,0,0.0,0.5046268846995935,1,3.0,0.5418134617699352,1,3.0
30.0,6,21.0,1.05,6.423536147521418,4,10.0,0.3952858780561862,2,11.0,0.5739042171875527,6,21.0
35.0,6,48.0,2.0869565217391304,7.001512832551278,3,25.0,0.5332945417158493,3,23.0,0.5169430976965466,6,48.0
40.0,6,55.0,2.1153846153846154,7.2060324910208635,2,30.0,0.628342224790126,4,25.0,0.49543888406683095,6,55.0
45.0,8,88.0,3.0344827586206895,7.259134432046104,2,43.0,0.40822692831195734,6,48.0,0.49352328238218823,8,91.0
50.0,11,128.0,3.878787878787879,6.31367226869894,5,59.0,0.417754976588754,6,72.0,0.38327768087112984,11,131.0
55.0,12,185.0,5.78125,6.437289989420448,4,79.0,0.4764777970223235,8,109.0,0.32809083812295503,12,188.0
60.0,13,248.0,7.75,5.759962691655009,4,96.0,0.43830902800834737,9,152.0,0.3165592178174528,13,248.0
65.0,16,321.0,9.727272727272727,4.880408980833245,6,125.0,0.3299769362812098,10,199.0,0.21599306399815238,16,324.0
70.0,14,217.0,5.864864864864865,4.703551953996114,5,91.0,0.380210377390581,9,183.0,0.23236496677131205,14,274.0
75.0,11,243.0,6.230769230769231,7.338040475761847,5,108.0,0.4254493825011697,6,158.0,0.4859309216024409,11,266.0
80.0,10,71.0,1.7317073170731707,6.656646135295009,6,81.0,0.4752529329363362,4,100.0,0.4698121825356063,10,181.0
85.0,9,82.0,1.8636363636363635,7.389871497692926,4,59.0,0.5591133084738953,5,59.0,0.5167318534394616,9,118.0
90.0,11,93.0,2.0217391304347827,6.792853794415993,3,54.0,0.5781798583583642,8,77.0,0.45027746308758865,11,131.0
95.0,13,157.0,3.5681818181818183,6.980188192790084,3,61.0,0.6198877069838996,10,126.0,0.3540047273426989,13,187.0
100.0,13,124.0,2.5833333333333335,5.483067402939857,3,40.0,0.4386979041731547,10,140.0,0.2119104497576972,13,180.0
105.0,18,187.0,3.8958333333333335,5.901047877011084,8,58.0,0.3488238853617228,10,160.0,0.25278356541450153,18,218.0
110.0,19,189.0,4.0212765957446805,5.753708590494818,10,68.0,0.21069987617621683,9,170.0,0.4172490312750084,19,238.0
115.0,17,210.0,4.565217391304348,6.652897909907733,11,122.0,0.23539985658474122,6,126.0,0.5086901156577607,17,248.0
120.0,16,198.0,4.304347826086956,5.742773673669585,7,132.0,0.3859815253291219,9,150.0,0.35286549296594255,16,282.0
125.0,15,185.0,4.3023255813953485,5.357237384393369,1,74.0,0.5404432202475886,14,195.0,0.17036318634291087,15,269.0
130.0,17,147.0,3.4186046511627906,4.299878000334581,2,52.0,0.2947249756880605,15,202.0,0.1544342537957677,17,254.0
135.0,18,212.0,4.711111111111111,5.974510396984125,6,77.0,0.4206660808576294,12,204.0,0.25677395505828726,18,281.0
140.0,17,174.0,4.046511627906977,5.856081209799265,6,81.0,0.49738887332981024,11,210.0,0.22575484606256657,17,291.0
145.0,16,212.0,4.930232558139535,5.817136488798007,7,107.0,0.38388529485800493,9,182.0,0.2741333171002483,16,289.0
150.0,21,239.0,5.311111111111111,4.648755425064113,9,99.0,0.2035513108041563,12,233.0,0.1872885147288596,21,332.0
155.0,19,285.0,6.195652173913044,5.826502818026921,5,58.0,0.3987085069679415,14,299.0,0.1806985906387435,19,357.0
160.0,14,227.0,5.404761904761905,4.711492759783257,3,51.0,0.32498287390946307,11,264.0,0.20429527907996986,14,315.0
165.0,16,213.0,4.840909090909091,6.2790619717363745,7,80.0,0.4294533574990138,9,234.0,0.34756770050355174,16,314.0
170.0,15,172.0,3.8222222222222224,6.084557154446575,7,92.0,0.4544000883807352,8,216.0,0.37269493764937844,15,308.0
175.0,18,255.0,5.543478260869565,6.17944417316145,7,122.0,0.47750946646423836,11,239.0,0.3935808062345879,18,361.0
180.0,21,162.0,3.306122448979592,4.517579530871669,8,109.0,0.35095001900770617,13,226.0,0.308757220288429,21,335.0
185.0,13,139.0,2.836734693877551,5.970151033187596,5,80.0,0.3907931972506729,8,166.0,0.35574477674600025,13,246.0
190.0,14,135.0,2.6470588235294117,5.463376024583153,5,87.0,0.30512667714879466,9,150.0,0.27935594502288374,14,237.0
195.0,22,194.0,3.5272727272727273,5.652940537087343,9,101.0,0.31677428325504003,13,159.0,0.28654419137521825,22,260.0
200.0,20,201.0,4.02,4.653892682641764,6,119.0,0.37498721819499264,14,183.0,0.2905007226327697,20,302.0
205.0,22,284.0,6.042553191489362,5.248015748126255,6,127.0,0.4934500877765684,16,218.0,0.20890774620494135,22,345.0
210.0,22,211.0,4.22,4.623985764391742,6,66.0,0.4030076857859875,16,239.0,0.10484308964554331,22,305.0
215.0,16,183.0,3.519230769230769,5.615349857254883,7,52.0,0.3327178225028198,9,211.0,0.18729246713372194,16,263.0
220.0,20,217.0,4.428571428571429,5.510386266669757,10,78.0,0.3431144795684204,10,218.0,0.2711075721364252,20,296.0
225.0,22,265.0,5.196078431372549,5.723885980930862,12,128.0,0.3520827545042425,10,224.0,0.32234189504226585,22,352.0
230.0,17,194.0,3.660377358490566,4.767483919553794,8,137.0,0.3828111892492963,9,199.0,0.2902799871076076,17,336.0
235.0,20,222.0,3.9642857142857144,6.06969395253567,6,111.0,0.49438434428325534,14,222.0,0.3140737265492839,20,333.0
240.0,18,268.0,4.701754385964913,6.692049191073992,8,116.0,0.4923366828833459,10,234.0,0.34197350980544655,18,350.0
245.0,16,242.0,4.101694915254237,6.2419967562269125,8,101.0,0.40207606188310163,8,214.0,0.2244214279084772,16,315.0
250.0,21,257.0,4.283333333333333,5.746299262640475,12,128.0,0.28326044287075586,9,225.0,0.1993191786458215,21,353.0
255.0,21,251.0,4.254237288135593,5.793734396772018,11,149.0,0.32318757544010007,10,207.0,0.2875075677388534,21,356.0
260.0,22,292.0,5.214285714285714,5.81015988077762,12,178.0,0.36589109111436646,10,214.0,0.32101012848985194,22,392.0
265.0,21,226.0,3.7666666666666666,5.715053382661413,11,172.0,0.38955458540566196,10,193.0,0.3199906819984633,21,365.0
270.0,24,284.0,4.4375,5.091453671996924,12,185.0,0.3506081988635624,12,202.0,0.27666539099118437,24,387.0
275.0,26,374.0,5.666666666666667,5.570039574222506,16,256.0,0.267698510378593,10,201.0,0.379165522307539,26,457.0
280.0,24,344.0,5.0588235294117645,5.608676329679433,16,278.0,0.2429372081586418,8,218.0,0.39510121815583393,24,496.0
285.0,23,295.0,4.338235294117647,5.2336527932195125,10,219.0,0.32342555202333934,13,224.0,0.18149148851924798,23,443.0
290.0,26,347.0,5.102941176470588,4.824249575797236,11,237.0,0.3205420938968558,15,275.0,0.18032437205978014,26,512.0
295.0,30,390.0,5.735294117647059,5.059898078041552,15,264.0,0.19480484422687666,15,322.0,0.3048950031554841,30,586.0
300.0,30,413.0,6.257575757575758,4.528404512067506,17,332.0,0.1517959066045617,13,316.0,0.3029352520639091,30,648.0
305.0,32,501.0,7.828125,4.582635101144612,22,424.0,0.1608316695118808,10,295.0,0.3560677268362553,32,719.0
310.0,32,400.0,6.451612903225806,3.7264865818304025,21,462.0,0.20934546304779542,11,230.0,0.23153115304237804,32,692.0
315.0,24,332.0,5.354838709677419,4.898685718002552,11,412.0,0.27647979153858177,13,186.0,0.2671510235114945,24,598.0
320.0,25,390.0,6.190476190476191,5.163114370407643,12,388.0,0.3537892592411136,13,210.0,0.2073085218078873,25,598.0
325.0,20,421.0,6.578125,5.724204679158214,11,386.0,0.28968804583644076,9,205.0,0.29586302519631674,20,591.0
330.0,28,468.0,7.672131147540983,5.211252440212456,18,374.0,0.19464404541114694,10,244.0,0.31543534791060185,28,618.0
335.0,28,381.0,6.145161290322581,4.9729132561122675,19,358.0,0.21953057262742812,9,253.0,0.2742761968158214,28,611.0
340.0,26,380.0,6.666666666666667,5.442482510597358,19,338.0,0.2755782223848874,7,224.0,0.36872998235019366,26,562.0
345.0,23,379.0,6.649122807017544,5.024995090660556,18,363.0,0.2003749416456481,5,208.0,0.42806731227563244,23,571.0
350.0,19,343.0,6.351851851851852,5.06149768291995,12,359.0,0.23953690295127694,7,230.0,0.3548153516896126,19,589.0
355.0,18,313.0,5.6909090909090905,5.0737260266407995,10,317.0,0.3116607572565756,8,266.0,0.2579044625566509,18,583.0
360.0,22,396.0,6.6,5.339568684187963,13,334.0,0.2363427286100444,9,299.0,0.302951229887256,22,633.0
365.0,24,279.0,4.65,5.587748739580964,18,367.0,0.22294886287584467,6,219.0,0.4026495651416122,24,586.0
370.0,18,318.0,5.389830508474576,6.1524994441934755,11,354.0,0.266973094430453,7,152.0,0.4042635450560624,18,506.0
375.0,19,389.0,6.593220338983051,6.056451278788203,12,368.0,0.30116687834066386,7,184.0,0.3547560373955787,19,552.0
380.0,22,396.0,6.6,5.605305497759802,13,344.0,0.29183791413114585,9,223.0,0.3242045856583515,22,567.0
385.0,26,421.0,6.790322580645161,5.311922161124447,16,302.0,0.25458885506672835,10,273.0,0.33196111847250886,26,575.0
390.0,26,323.0,5.126984126984127,4.842170666309221,17,321.0,0.23292289381150258,9,219.0,0.3802079758195681,26,540.0
395.0,22,242.0,3.903225806451613,5.696514628252969,17,315.0,0.26199441625771897,5,108.0,0.5076877436154401,22,423.0
400.0,25,214.0,3.34375,5.125515562816542,20,344.0,0.2420091130053191,5,61.0,0.43531733907804915,25,405.0
405.0,25,217.0,3.4444444444444446,5.557622427359881,18,351.0,0.24677486348487346,7,83.0,0.42006311742131514,25,434.0
410.0,27,301.0,4.854838709677419,4.3321454085686195,17,373.0,0.22716859505263806,10,126.0,0.248145218787026,27,499.0
415.0,29,341.0,5.412698412698413,3.989836399431987,18,412.0,0.1806873541257207,11,138.0,0.18229767467570265,29,550.0
420.0,34,451.0,7.158730158730159,3.36494054560706,23,463.0,0.12075982187910311,11,160.0,0.2159114120050087,34,623.0
425.0,26,481.0,7.515625,4.58532633017747,19,485.0,0.1822902120127074,7,177.0,0.33878846686313524,26,662.0
430.0,21,433.0,6.873015873015873,5.484216862018707,14,468.0,0.17999549333050183,7,169.0,0.42701941621560374,21,637.0
435.0,21,284.0,4.4375,5.320903951458144,14,433.0,0.14965158523602645,7,145.0,0.3635823511104944,21,578.0
440.0,30,283.0,4.492063492063492,4.81316260816612,22,500.0,0.07918372469703193,8,99.0,0.3651883287362872,30,599.0
445.0,32,378.0,6.406779661016949,4.211620122669095,23,559.0,0.13853514350648827,9,133.0,0.4005600268689469,32,692.0
450.0,32,468.0,7.8,3.360698531482627,20,609.0,0.16762364805870544,12,187.0,0.29387660893375095,32,796.0
455.0,27,388.0,6.258064516129032,4.118762567882263,15,583.0,0.18849346767202216,12,219.0,0.3165645298802081,27,802.0
460.0,18,253.0,4.080645161290323,4.95652594059714,9,495.0,0.18975332373692608,9,207.0,0.31670178798879883,18,702.0
465.0,27,306.0,4.707692307692308,4.803748664689943,15,505.0,0.0822651530944277,12,222.0,0.2723703315229035,27,727.0
470.0,35,397.0,6.015151515151516,4.588662429936224,19,540.0,0.10011044529329279,16,243.0,0.28940572538294934,35,783.0
475.0,25,403.0,7.0701754385964914,4.469139439960384,11,495.0,0.2575048284562714,14,245.0,0.2554480074024094,25,740.0
480.0,21,351.0,6.157894736842105,5.269694739819066,8,408.0,0.35547959473811763,13,207.0,0.21723092769050717,21,615.0
485.0,20,269.0,4.559322033898305,5.766947876601621,7,290.0,0.3989946302300257,13,237.0,0.22961830754154214,20,527.0
490.0,22,300.0,5.0,6.11340755414215,10,308.0,0.3232415556494644,12,224.0,0.35913297842890163,22,532.0
495.0,22,316.0,5.266666666666667,5.43324483626144,13,368.0,0.24204265354007581,9,209.0,0.34557778429394304,22,577.0
500.0,27,364.0,5.967213114754099,5.475937106796562,13,404.0,0.2845313404507655,14,204.0,0.3219550521410523,27,608.0
505.0,23,381.0,6.568965517241379,5.235900021112719,9,382.0,0.4126553797529224,14,224.0,0.19314343542696544,23,606.0
510.0,22,382.0,6.586206896551724,4.933955695567151,8,308.0,0.375960936988137,14,249.0,0.1609392311459859,22,557.0
515.0,21,409.0,6.816666666666666,5.238569543664945,8,273.0,0.36178675054951964,13,282.0,0.2500443586292788,21,555.0
520.0,21,304.0,4.983606557377049,5.900260535943665,12,246.0,0.37254588639923725,9,269.0,0.34646551244980445,21,515.0
525.0,26,324.0,5.311475409836065,4.98094662987173,16,161.0,0.257133039432865,10,274.0,0.30109553677940576,26,435.0
530.0,27,379.0,6.015873015873016,4.878789700212928,15,206.0,0.2795330663574027,12,285.0,0.2671577926638111,27,491.0
535.0,25,429.0,7.15,4.7737903801179815,12,209.0,0.31175026816466783,13,316.0,0.21883459580315398,25,525.0
540.0,24,440.0,7.586206896551724,4.826886219691375,13,206.0,0.20097915208258274,11,330.0,0.2359910975003529,24,536.0
545.0,25,327.0,5.945454545454545,5.1190232087119725,16,224.0,0.1286454031983363,9,256.0,0.2837563147353753,25,480.0
550.0,27,365.0,6.7592592592592595,5.254759049993045,17,278.0,0.1406225359713101,10,168.0,0.36416152278881303,27,446.0
555.0,21,338.0,6.2592592592592595,5.2330571608899445,14,332.0,0.20571953581279115,7,143.0,0.3882787227394491,21,475.0
560.0,26,382.0,6.945454545454545,4.735197382121323,16,371.0,0.23850548225414864,10,156.0,0.3213283857720006,26,527.0
565.0,25,348.0,6.105263157894737,4.581404963524422,14,367.0,0.24884015960175948,11,178.0,0.32124028705910523,25,545.0
570.0,22,318.0,5.482758620689655,4.570328495379878,16,372.0,0.1606372226354174,6,166.0,0.4038245742967757,22,538.0
575.0,17,169.0,2.864406779661017,5.641395867368315,11,320.0,0.21103784636899633,6,103.0,0.45613833737176324,17,423.0
580.0,22,207.0,3.3934426229508197,6.197811907898717,12,304.0,0.30703097846376254,10,66.0,0.3502277923755243,22,370.0
585.0,25,287.0,4.864406779661017,5.6409811003269485,12,306.0,0.39436932320124823,13,111.0,0.24574150169904396,25,417.0
590.0,27,327.0,5.5423728813559325,4.94075516428103,10,296.0,0.353367794490018,17,192.0,0.2507196530945742,27,488.0
595.0,29,368.0,6.133333333333334,4.192908980953478,15,263.0,0.21137557164029017,14,227.0,0.2921731420176791,29,490.0
600.0,23,335.0,5.317460317460317,5.261053831887489,14,274.0,0.23963937413287184,9,204.0,0.3308806600604991,23,478.0
605.0,21,381.0,5.861538461538461,6.039860554455683,10,250.0,0.19459398879124937,11,209.0,0.36105132474301344,21,459.0
610.0,19,318.0,4.818181818181818,6.594085015028251,6,137.0,0.25932404835777423,13,250.0,0.33679251834750557,19,387.0
615.0,23,283.0,4.421875,6.610973022045037,9,133.0,0.2808562196865806,14,257.0,0.36429892279038856,23,390.0
620.0,21,320.0,5.517241379310345,6.045593599299128,9,158.0,0.2686944152490688,12,229.0,0.3815322595014044,21,387.0
625.0,20,294.0,5.157894736842105,5.846935238480186,7,158.0,0.29356425430997424,13,209.0,0.3526833308389819,20,367.0
630.0,25,291.0,5.105263157894737,4.945374481617479,8,156.0,0.3199765956574018,17,220.0,0.18831987702705844,25,376.0
635.0,27,330.0,5.892857142857143,5.02821571781616,8,125.0,0.39584483546470967,19,285.0,0.21824080539976165,27,410.0
640.0,21,333.0,6.054545454545455,5.241711862212224,6,125.0,0.3212886058334093,15,308.0,0.28826218399992887,21,433.0
645.0,26,300.0,5.454545454545454,4.505379734838266,11,138.0,0.15648020049048247,15,303.0,0.30312169968339037,26,441.0
650.0,23,301.0,5.101694915254237,5.411391774235444,11,197.0,0.2872581849938644,12,261.0,0.3494972320421328,23,458.0
655.0,21,262.0,4.440677966101695,4.670157215221015,9,170.0,0.3997928436154316,12,287.0,0.26916572106612624,21,457.0
660.0,23,340.0,5.573770491803279,5.384436793355107,8,145.0,0.41478534464507105,15,316.0,0.2669106058982293,23,461.0
665.0,24,317.0,5.283333333333333,5.20816311290485,7,122.0,0.3061311153769026,17,342.0,0.28500916238287255,24,464.0
670.0,15,268.0,4.466666666666667,6.239837602199439,3,59.0,0.4226445604193969,12,349.0,0.2639743485272088,15,408.0
675.0,15,232.0,4.142857142857143,5.967990648454308,2,31.0,0.5049695277409636,13,351.0,0.1597714690875182,15,382.0
680.0,21,241.0,4.303571428571429,5.877962956485307,4,32.0,0.5218533239041402,17,372.0,0.1594119000720693,21,404.0
685.0,19,288.0,5.142857142857143,5.880412943591516,4,28.0,0.5184907365944659,15,418.0,0.12013826025926314,19,446.0
690.0,22,348.0,6.6923076923076925,5.781957090195718,6,60.0,0.48524170115846366,16,433.0,0.2093355914452877,22,493.0
695.0,24,418.0,7.6,4.50258954261598,7,78.0,0.38184432163402626,17,453.0,0.19845422916843874,24,531.0
700.0,20,487.0,8.543859649122806,5.609570700240877,6,82.0,0.4689359672288277,14,492.0,0.2626823064328684,20,574.0
705.0,23,346.0,5.766666666666667,4.466017553339114,9,58.0,0.3222421664947098,14,448.0,0.22786388409531605,23,506.0
710.0,30,376.0,6.064516129032258,5.093685765971264,13,108.0,0.3308437086590051,17,392.0,0.27512459208217316,30,500.0
715.0,28,421.0,6.476923076923077,4.3581682840445275,13,154.0,0.3119428708859179,15,414.0,0.1951948510684977,28,568.0
720.0,24,489.0,8.01639344262295,5.283459882340187,7,164.0,0.47083446036868826,17,442.0,0.14569204183938467,24,606.0
725.0,23,392.0,6.426229508196721,4.996116106010092,8,145.0,0.4136426696731106,15,447.0,0.10052990366756695,23,592.0
730.0,25,314.0,4.90625,4.710123820918055,15,168.0,0.23309851629306022,10,391.0,0.16505081833334995,25,559.0
735.0,26,282.0,4.622950819672131,4.118238124793737,17,177.0,0.18124228297486233,9,375.0,0.2516072955216044,26,552.0
740.0,33,373.0,5.7384615384615385,4.628126531815657,19,213.0,0.2466114981766703,14,379.0,0.233382519634998,33,592.0
745.0,31,422.0,6.115942028985507,4.791307832375236,18,254.0,0.2579238336484177,13,414.0,0.31823251674432457,31,668.0
750.0,24,407.0,6.074626865671642,5.611405115955055,9,234.0,0.3110570668472378,15,484.0,0.35553048207365484,24,718.0
755.0,23,386.0,5.848484848484849,4.744648558356462,9,227.0,0.2658700190072654,14,472.0,0.2779817557747795,23,699.0
760.0,26,413.0,6.3538461538461535,4.520254612286777,15,280.0,0.14326919141774327,11,459.0,0.2910271932622688,26,739.0
765.0,30,399.0,6.333333333333333,4.060534189699204,18,310.0,0.06882933029733794,12,396.0,0.28297978171675225,30,706.0
770.0,25,314.0,4.984126984126984,4.673376791974552,12,295.0,0.18720628839463826,13,323.0,0.20235892220229312,25,618.0
775.0,26,300.0,4.838709677419355,4.116882678622831,9,283.0,0.2834707442401673,17,338.0,0.09678024821557568,26,621.0
780.0,24,342.0,5.2615384615384615,5.3540314213983375,12,282.0,0.2556339741214319,12,336.0,0.2457167929924917,24,618.0
785.0,28,281.0,4.1940298507462686,5.177936949286988,17,311.0,0.18412984658256143,11,333.0,0.36518531833802276,28,644.0
790.0,29,334.0,5.0606060606060606,6.17047383943306,16,324.0,0.21913986724544926,13,301.0,0.42008417738672116,29,625.0
795.0,27,302.0,4.71875,5.317282576256037,13,321.0,0.29580671236698974,14,298.0,0.29212888105058094,27,619.0
800.0,27,300.0,4.918032786885246,5.4723455462693265,8,258.0,0.39557097174449524,19,338.0,0.16952057916346056,27,596.0
805.0,28,296.0,4.553846153846154,4.221848433080599,10,247.0,0.35174818467626323,18,370.0,0.12085254244134956,28,617.0
810.0,24,341.0,5.08955223880597,5.625412247921673,12,283.0,0.3392951508942886,12,367.0,0.30510824576973594,24,650.0
815.0,21,322.0,4.953846153846154,5.48502188382512,12,284.0,0.26588950469471007,9,302.0,0.38163447098238995,21,586.0
820.0,20,305.0,4.485294117647059,6.209293144700056,10,284.0,0.25482788185059296,10,225.0,0.4119031479997716,20,509.0
825.0,24,254.0,3.8484848484848486,5.076410628544329,10,254.0,0.27722502221229844,14,243.0,0.22338379940479797,24,497.0
830.0,29,316.0,4.787878787878788,5.141883127137366,16,212.0,0.1765922693308688,13,244.0,0.249816897519447,29,456.0
835.0,24,248.0,4.133333333333334,5.021553754650606,14,199.0,0.14416309041448733,10,244.0,0.30321642084701245,24,443.0
840.0,27,270.0,4.354838709677419,5.670824509049852,15,209.0,0.22007799304958783,12,216.0,0.30018386457066754,27,425.0
845.0,22,265.0,4.416666666666667,5.182599936986631,11,213.0,0.3088691048819017,11,199.0,0.2620797374256395,22,412.0
850.0,17,215.0,3.706896551724138,6.284130546037204,5,163.0,0.44490876061358087,12,200.0,0.3057875991381219,17,363.0
855.0,17,191.0,3.293103448275862,5.747778081466542,5,140.0,0.3455439467458381,12,227.0,0.33085198825330137,17,367.0
860.0,20,249.0,4.15,5.829970473569042,11,168.0,0.3219678739682737,9,238.0,0.3211915222426533,20,406.0
865.0,23,314.0,5.508771929824562,5.4005448474485815,11,168.0,0.28682400208605596,12,278.0,0.2588315362978478,23,446.0
870.0,22,351.0,6.267857142857143,5.298421242182106,6,135.0,0.3534855207551103,16,320.0,0.17157428690905197,22,455.0
875.0,22,404.0,7.345454545454546,4.117827432379748,6,150.0,0.28767909430096,16,367.0,0.15006706599203362,22,517.0
880.0,24,487.0,8.696428571428571,5.243103969418718,12,189.0,0.2120016165217129,12,394.0,0.3367589834865866,24,583.0
885.0,21,547.0,9.767857142857142,5.700366682442232,12,217.0,0.20195195470724187,9,421.0,0.39743468450883546,21,638.0
890.0,18,594.0,11.20754716981132,6.071260140322686,6,209.0,0.32057200677402586,12,466.0,0.35996806599120085,18,675.0
895.0,14,288.0,5.76,5.246278304145064,4,120.0,0.35963828925439484,10,364.0,0.26738622505059506,14,484.0
900.0,19,342.0,6.705882352941177,5.484207505106142,8,128.0,0.36676044391645,11,298.0,0.24736575401107627,19,426.0
905.0,22,406.0,7.518518518518518,5.1217057810382585,8,135.0,0.35179764872205205,14,353.0,0.2559246991148293,22,488.0
910.0,18,460.0,8.518518518518519,5.9654563579404805,4,112.0,0.35385580520041604,14,421.0,0.33228610951820514,18,533.0
915.0,16,408.0,7.846153846153846,5.204655505357214,5,75.0,0.3019992030141519,11,442.0,0.32887658932143915,16,517.0
920.0,21,473.0,8.924528301886792,5.53463065451967,11,103.0,0.20759988470123658,10,447.0,0.35464122805543735,21,550.0
925.0,25,273.0,5.46,4.101958234771454,11,141.0,0.21869363896712068,14,355.0,0.22762512903813462,25,496.0
930.0,22,229.0,4.403846153846154,4.985848501533844,12,165.0,0.2516201427694243,10,169.0,0.31905777421578835,22,334.0
935.0,21,242.0,4.653846153846154,4.349232478955961,9,172.0,0.2840588337638925,12,210.0,0.2495200976381835,21,382.0
940.0,24,262.0,4.943396226415095,4.9615819221706285,7,116.0,0.395422481125775,17,262.0,0.22934213651140578,24,378.0
945.0,22,261.0,4.745454545454545,4.711595357405128,6,111.0,0.421987059741144,16,298.0,0.16342356473066177,22,409.0
950.0,18,258.0,4.448275862068965,6.225854931932934,7,108.0,0.40954207914703983,11,291.0,0.3184862361282634,18,399.0
955.0,18,226.0,3.9649122807017543,5.905869856108259,8,101.0,0.34421259773853724,10,272.0,0.32319418179144455,18,373.0
960.0,20,256.0,4.571428571428571,5.975780589516532,11,153.0,0.35460293389487363,9,230.0,0.35646720945138755,20,383.0
965.0,21,316.0,6.076923076923077,4.884285528597545,9,186.0,0.3324893354804966,12,254.0,0.23519383224595639,21,440.0
970.0,20,388.0,7.607843137254902,4.623549160927982,11,214.0,0.25207606383645886,9,268.0,0.22106186765022418,20,482.0
975.0,25,463.0,8.735849056603774,3.652239626239818,16,271.0,0.09930777512258562,9,274.0,0.26231911913396916,25,545.0
980.0,31,601.0,10.927272727272728,4.418692249115881,17,354.0,0.24432914180335077,14,323.0,0.24660627574292576,31,677.0
985.0,26,389.0,6.824561403508772,4.333013463618841,14,332.0,0.27931562091263296,12,229.0,0.24098472510289215,26,561.0
990.0,19,258.0,4.526315789473684,5.144139841036682,6,234.0,0.3797242457696092,13,216.0,0.17963454110135965,19,450.0
995.0,17,261.0,4.423728813559322,6.3720368987115945,5,150.0,0.4668145182294834,12,238.0,0.2673929722218794,17,388.0
1000.0,13,225.0,3.629032258064516,7.1234958834789355,7,113.0,0.43410204988172196,6,195.0,0.3542398128571452,13,308.0
1005.0,15,213.0,3.4918032786885247,6.310797595806219,7,93.0,0.3250097232677472,8,186.0,0.29673198212056834,15,279.0
1010.0,20,191.0,3.23728813559322,5.96705415484115,13,118.0,0.19623681845525837,7,166.0,0.3652210647094368,20,284.0
1015.0,24,250.0,4.464285714285714,5.5586903642450975,14,170.0,0.24568166312051307,10,136.0,0.3265931728770271,24,306.0
1020.0,18,241.0,4.547169811320755,5.697573374717417,9,184.0,0.3774402338411187,9,141.0,0.21862962202273728,18,325.0
1025.0,17,220.0,4.4,5.675452993583047,7,156.0,0.4246019024148689,10,151.0,0.2003335926030111,17,307.0
1030.0,20,248.0,4.769230769230769,6.128218981121857,12,163.0,0.35181111749846045,8,157.0,0.3497112929895596,20,320.0
1035.0,15,181.0,3.480769230769231,5.672626104229508,11,148.0,0.18509378176577004,4,120.0,0.4821731611603767,15,268.0
1040.0,19,259.0,4.886792452830188,6.623167607266075,12,156.0,0.23975178072365638,7,151.0,0.5047488943385763,19,307.0
1045.0,17,278.0,5.450980392156863,6.329037748807278,8,159.0,0.3363700254294032,9,188.0,0.4057130662631428,17,347.0
1050.0,15,138.0,2.6037735849056602,6.490280448788679,6,114.0,0.35545621654921494,9,144.0,0.35207675408039923,15,258.0
1055.0,15,153.0,3.06,5.787912851962865,7,122.0,0.37830368188304103,8,98.0,0.2063586950577481,15,220.0
1060.0,21,191.0,3.537037037037037,5.734589679356567,11,171.0,0.38607510039022286,10,103.0,0.22565235361001834,21,274.0
1065.0,14,173.0,3.1454545454545455,6.489950645031524,8,189.0,0.4092662570813935,6,80.0,0.39119683533547867,14,269.0
1070.0,18,199.0,3.5535714285714284,6.3156028718355515,10,189.0,0.3130304213787724,8,87.0,0.41785218023369797,18,276.0
1075.0,20,220.0,3.793103448275862,6.095962251142458,11,189.0,0.1995701851556735,9,125.0,0.40502856428529893,20,314.0
1080.0,15,213.0,3.9444444444444446,5.800579615393724,8,159.0,0.2268520622054752,7,141.0,0.37129074298664033,15,300.0
1085.0,19,258.0,4.961538461538462,5.291267498783527,10,173.0,0.20209070220320227,9,148.0,0.3228968333196191,19,321.0
1090.0,20,246.0,4.823529411764706,5.485165107974302,10,198.0,0.2414714209914972,10,133.0,0.27458481538235807,20,331.0
1095.0,22,318.0,6.36,5.433123805773147,10,219.0,0.24731493212896735,12,161.0,0.26635789379739083,22,380.0
1100.0,16,343.0,7.0,5.920260085539925,7,210.0,0.33737960476381046,9,188.0,0.2985429536843568,16,398.0
1105.0,19,412.0,8.408163265306122,6.087109589704201,9,226.0,0.2749008549460779,10,230.0,0.29423209679348217,19,456.0
1110.0,17,436.0,8.89795918367347,6.070643214397062,10,249.0,0.2911242584241743,7,240.0,0.35255888453177886,17,489.0
1115.0,19,450.0,9.375,6.41496743796435,11,253.0,0.32968454116094004,8,255.0,0.3869344779318551,19,508.0
1120.0,17,449.0,10.204545454545455,5.33159759958727,10,221.0,0.2712318539937537,7,277.0,0.3759417573479344,17,498.0
1125.0,18,459.0,10.2,4.7692188825691515,10,229.0,0.26825825929947444,8,288.0,0.3122332055250516,18,517.0
1130.0,19,525.0,11.666666666666666,5.406554343249259,9,213.0,0.3562399194045817,10,334.0,0.27462411329680236,19,547.0
1135.0,19,563.0,11.97872340425532,5.397160751972695,10,236.0,0.3981959941618681,9,361.0,0.1996658670900278,19,597.0
1140.0,17,617.0,13.41304347826087,6.785531272080564,10,255.0,0.36674528021366526,7,388.0,0.3167503676337968,17,643.0
1145.0,23,678.0,15.066666666666666,4.944290342311437,14,287.0,0.17555456048836715,9,428.0,0.3160605096324064,23,715.0
1150.0,24,770.0,16.041666666666668,5.126497216419684,14,316.0,0.20474346413706737,10,474.0,0.3622973203800299,24,790.0
1155.0,22,738.0,14.470588235294118,4.5330712801737425,14,348.0,0.2246217192636376,8,451.0,0.34435770215768874,22,799.0
1160.0,21,786.0,14.290909090909091,6.039557160396338,10,343.0,0.3864426471871556,11,484.0,0.377618048411124,21,827.0
1165.0,19,589.0,10.155172413793103,5.943418627255822,8,199.0,0.33704087534949856,11,510.0,0.3709994013103847,19,709.0
1170.0,19,615.0,10.081967213114755,6.664325433922482,10,133.0,0.3179468851025839,9,516.0,0.43292229483373673,19,649.0
1175.0,19,258.0,4.448275862068965,5.901970807269924,10,161.0,0.2549805285285178,9,324.0,0.3076977159898236,19,485.0
1180.0,19,205.0,3.4745762711864407,6.48272770919727,8,172.0,0.36842401415139964,11,93.0,0.25071944419372966,19,265.0
1185.0,20,260.0,4.90566037735849,5.951474217253777,9,205.0,0.2565183826552347,11,123.0,0.23598321956177443,20,328.0
1190.0,18,324.0,6.48,6.547694165557044,7,241.0,0.4272456378227569,11,152.0,0.23523901632331104,18,393.0
1195.0,19,344.0,7.644444444444445,5.32128802807995,8,271.0,0.4206478637390769,11,173.0,0.20403594190095461,19,444.0
1200.0,18,379.0,8.23913043478261,5.9350138931372705,7,306.0,0.48327185962769786,11,149.0,0.23260278432030537,18,455.0
1205.0,17,427.0,9.488888888888889,6.762559481468006,7,335.0,0.41758217762198596,10,148.0,0.2610403474796352,17,483.0
1210.0,15,250.0,5.434782608695652,6.50029958361837,6,244.0,0.3741949986286661,9,139.0,0.2804871661632113,15,383.0
1215.0,15,239.0,5.195652173913044,5.836866411253356,7,139.0,0.337473354081402,8,141.0,0.3233872380528002,15,280.0
1220.0,17,190.0,4.130434782608695,6.271225142377676,6,101.0,0.4111076323748393,11,187.0,0.40484971823059446,17,288.0
1225.0,12,169.0,3.595744680851064,6.462715911427846,5,59.0,0.48792965977848357,7,196.0,0.4012475402031804,12,255.0
1230.0,15,179.0,3.6530612244897958,6.850038933925825,6,80.0,0.5309563140418047,9,167.0,0.39731119638931484,15,247.0
1235.0,16,132.0,2.75,5.826720473408912,6,71.0,0.3951930170600361,10,157.0,0.3407333730020212,16,228.0
1240.0,13,158.0,3.16,5.987740008601448,5,66.0,0.2988945406730181,8,169.0,0.2926082056685611,13,235.0
1245.0,12,179.0,3.5098039215686274,5.51725596993941,5,77.0,0.23035137740464048,7,164.0,0.18404671280162896,12,241.0
1250.0,21,267.0,5.235294117647059,6.335420223557991,9,113.0,0.28042851957276066,12,209.0,0.30470113047385805,21,322.0
1255.0,16,250.0,5.0,6.254699060733747,6,122.0,0.3173851579963713,10,207.0,0.4017994265407033,16,329.0
1260.0,15,262.0,5.822222222222222,6.27356197758987,5,106.0,0.4708763361763602,10,176.0,0.33469432996391146,15,282.0
1265.0,14,177.0,4.0227272727272725,5.442155807363127,4,52.0,0.4659046028151,10,186.0,0.22048327982817856,14,238.0
1270.0,16,203.0,4.06,5.486838925715557,6,65.0,0.3541653332068978,10,175.0,0.23666976250177785,16,240.0
1275.0,21,257.0,4.672727272727273,5.819405175321827,8,87.0,0.4111913870079256,13,210.0,0.2747312644822143,21,297.0
1280.0,18,331.0,6.12962962962963,7.036527353506586,6,112.0,0.5126510728049197,12,251.0,0.3537943169748479,18,363.0
1285.0,15,283.0,5.775510204081633,6.673561356685363,5,105.0,0.5934374785642509,10,256.0,0.30218180157378655,15,361.0
1290.0,20,336.0,6.588235294117647,5.797734433188491,7,129.0,0.4628075059848961,13,248.0,0.2859051302270852,20,377.0
1295.0,21,259.0,4.886792452830188,4.80064956900998,9,87.0,0.2958714316904806,12,251.0,0.3183877851969723,21,338.0
1300.0,18,282.0,5.222222222222222,6.9542383872833975,8,70.0,0.41414180614664964,10,250.0,0.4285392548069137,18,320.0
1305.0,26,385.0,6.637931034482759,6.278095405449199,13,114.0,0.3382832233481427,13,288.0,0.2793234623396864,26,402.0
1310.0,22,277.0,4.775862068965517,5.886036876961316,12,150.0,0.2764288034351467,10,241.0,0.3114812503462426,22,391.0
1315.0,21,331.0,6.0181818181818185,6.305995817486965,14,214.0,0.2530462893934408,7,152.0,0.46654590509323324,21,366.0
1320.0,21,211.0,3.8363636363636364,5.141510721677328,13,225.0,0.2650251271842436,8,122.0,0.37075650218801454,21,347.0
1325.0,19,189.0,3.3157894736842106,6.454860264140991,8,180.0,0.40814620056483203,11,96.0,0.3306422449281924,19,276.0
1330.0,21,230.0,3.8333333333333335,5.602171550807345,10,214.0,0.30723877332476124,11,131.0,0.2641414351302892,21,345.0
1335.0,22,296.0,5.016949152542373,6.274275484959112,13,246.0,0.25979523551282596,9,152.0,0.4006853255152587,22,398.0
1340.0,19,228.0,4.1454545454545455,5.596862162638117,11,235.0,0.264652082786163,8,139.0,0.31912487569740317,19,374.0
1345.0,23,251.0,4.735849056603773,5.5425844462128655,15,228.0,0.26505887276290746,8,150.0,0.33581479399613867,23,378.0
1350.0,21,168.0,3.0545454545454547,4.985828279352781,13,221.0,0.29696290541410525,8,112.0,0.32301988153563826,21,333.0
1355.0,17,138.0,2.4210526315789473,6.801461573014485,9,165.0,0.38638436529921644,8,97.0,0.4505680786555999,17,262.0
1360.0,16,179.0,3.314814814814815,7.419886733221027,9,154.0,0.4260743108643011,7,108.0,0.4071999766673484,16,262.0
1365.0,13,169.0,3.0727272727272728,6.76163429209167,7,159.0,0.2308003023908592,6,90.0,0.3318440761336047,13,249.0
1370.0,18,217.0,4.34,5.906857891932756,11,181.0,0.12753995313700772,7,88.0,0.2461080593446287,18,269.0
1375.0,18,293.0,6.369565217391305,6.201032484693775,8,219.0,0.3007133603230491,10,134.0,0.32549617677335224,18,353.0
1380.0,18,322.0,7.0,6.168122869425914,8,248.0,0.32299911438913326,10,138.0,0.3436793767171321,18,386.0
1385.0,16,306.0,6.954545454545454,5.683058439711689,6,227.0,0.3589686465739008,10,128.0,0.35016537449252677,16,355.0
1390.0,16,293.0,6.104166666666667,6.137935556808517,8,226.0,0.4092436794226808,8,131.0,0.35772492726759086,16,357.0
1395.0,14,246.0,5.3478260869565215,7.078827448797828,6,202.0,0.50553902688718,8,112.0,0.40094278409810913,14,314.0
1400.0,13,171.0,3.5625,6.773764671332305,6,120.0,0.5397735083067341,7,142.0,0.32751882318292735,13,262.0
1405.0,14,232.0,4.9361702127659575,6.6924240936380395,7,91.0,0.5314145857027573,7,162.0,0.2984726463575842,14,253.0
1410.0,13,151.0,3.0816326530612246,5.169641254873531,9,117.0,0.34158309191707076,4,117.0,0.3691131968528665,13,234.0
1415.0,17,175.0,3.5,6.174672537377519,13,164.0,0.3098365319730945,4,39.0,0.45804907583532434,17,203.0
1420.0,19,175.0,3.3653846153846154,5.685063801777019,13,167.0,0.20231273792219215,6,53.0,0.42880606768233176,19,220.0
1425.0,22,237.0,4.388888888888889,6.0990906109637555,17,199.0,0.17813305265715015,5,78.0,0.5526071265062189,22,277.0
1430.0,20,234.0,4.5,5.4792000982904945,12,201.0,0.22149350206110863,8,108.0,0.4296278595339455,20,309.0
1435.0,19,256.0,5.333333333333333,5.806846919781743,9,173.0,0.36517420911298865,10,156.0,0.34763225431319444,19,329.0
1440.0,16,230.0,4.6938775510204085,4.043344724808822,7,166.0,0.13992192419329397,9,183.0,0.2328037747089676,16,349.0
1445.0,20,302.0,6.163265306122449,6.0862108441852465,12,185.0,0.18980182060185882,8,188.0,0.4134861655059615,20,373.0
1450.0,20,292.0,5.84,5.218106053927354,12,210.0,0.1818755882406583,8,182.0,0.30828147236416914,20,392.0
1455.0,17,234.0,4.68,6.128751751276104,7,228.0,0.25568277388889854,10,157.0,0.40649076605366746,17,385.0
1460.0,15,150.0,2.830188679245283,5.505947211961051,6,206.0,0.33850553611916934,9,131.0,0.33532333900379785,15,337.0
1465.0,21,211.0,4.0576923076923075,6.022961498803765,8,179.0,0.39055075612193174,13,145.0,0.34131419390093604,21,324.0
1470.0,22,255.0,4.722222222222222,6.005228404958189,10,221.0,0.3636283612499031,12,165.0,0.30354077175590466,22,386.0
1475.0,19,298.0,5.321428571428571,6.202361045223059,10,269.0,0.3167563767274725,9,153.0,0.2429113232046441,19,422.0
1480.0,15,289.0,5.160714285714286,5.9967014896652655,8,300.0,0.39450116016719,7,155.0,0.2271714783250295,15,455.0
1485.0,23,329.0,5.875,5.791180180258068,11,343.0,0.3798358869034509,12,142.0,0.28607344261702294,23,485.0
1490.0,22,326.0,5.927272727272728,5.768318397669236,12,336.0,0.39460667399120847,10,141.0,0.3165959538834402,22,477.0
1495.0,22,334.0,6.30188679245283,5.632375692637129,9,288.0,0.4353207322328561,13,203.0,0.2276783581870287,22,491.0
1500.0,25,376.0,6.5964912280701755,4.245391801829288,13,312.0,0.31316555832015125,12,240.0,0.243752611001273,25,552.0
1505.0,28,494.0,8.098360655737705,4.832127419432864,16,377.0,0.3611205012693982,12,280.0,0.21208986444249395,28,657.0
1510.0,24,306.0,5.1,5.689459173985245,13,294.0,0.38094731954452715,11,266.0,0.3220095779090332,24,560.0
1515.0,17,256.0,4.129032258064516,6.627167912614968,13,273.0,0.3141557452616987,4,173.0,0.4187076791916102,17,446.0
1520.0,21,294.0,4.9,6.054251252567637,16,268.0,0.20748042172558986,5,129.0,0.4391496750461412,21,397.0
1525.0,26,303.0,5.135593220338983,5.658765229011792,18,275.0,0.1768538421612074,8,116.0,0.34058633060208904,26,391.0
1530.0,26,294.0,5.345454545454546,4.679869464748625,17,303.0,0.21343200037360383,9,95.0,0.35257381101368374,26,398.0
1535.0,22,276.0,5.111111111111111,4.823444020711692,13,287.0,0.32833808557061356,9,105.0,0.25591417807023603,22,392.0
1540.0,27,295.0,5.0,4.3285527138695175,12,296.0,0.3027783060407662,15,156.0,0.2313468432808413,27,452.0
1545.0,23,245.0,3.9516129032258065,5.694853316145846,11,241.0,0.37175065917961453,12,181.0,0.32918418918808606,23,422.0
1550.0,18,190.0,3.015873015873016,5.627174038970778,13,257.0,0.25481813132049785,5,152.0,0.3701770701677374,18,409.0
1555.0,23,279.0,4.728813559322034,5.655722536311532,17,289.0,0.1962937829285378,6,146.0,0.46861193977429716,23,435.0
1560.0,24,299.0,5.245614035087719,4.943682736211898,17,309.0,0.27537563208849464,7,151.0,0.3517721354551569,24,460.0
1565.0,25,354.0,6.321428571428571,5.071399629117154,14,329.0,0.30913491442150715,11,151.0,0.33106764321596954,25,480.0
1570.0,26,365.0,6.293103448275862,4.726075795081765,15,316.0,0.2807013113905704,11,189.0,0.363955893164063,26,505.0
1575.0,26,461.0,7.317460317460317,4.821195473943669,14,347.0,0.2396635174954886,12,247.0,0.34064011695806534,26,594.0
1580.0,28,337.0,5.265625,4.339232844202196,19,362.0,0.17613810966800017,9,171.0,0.4054481522513285,28,533.0
1585.0,26,306.0,4.707692307692308,4.94156434973014,15,303.0,0.24484859109128818,11,197.0,0.32846327638941647,26,500.0
1590.0,25,266.0,4.222222222222222,3.9817126256691164,13,341.0,0.22869803748722023,12,192.0,0.2280997001708578,25,533.0
1595.0,26,247.0,3.8,4.717944844930713,22,401.0,0.16771256154774083,4,121.0,0.321999976976129,26,522.0
1600.0,26,325.0,5.078125,4.653516289636391,21,435.0,0.1291343512439049,5,122.0,0.4200664226679989,26,557.0
1605.0,27,397.0,6.301587301587301,5.069315309887996,16,434.0,0.24246660260414318,11,153.0,0.269321410188179,27,587.0
1610.0,24,378.0,5.815384615384615,4.7616437975271415,14,422.0,0.31433523227857446,10,157.0,0.1671021342788002,24,579.0
1615.0,21,313.0,4.6716417910447765,5.854247630009679,16,412.0,0.24627556708993337,5,122.0,0.4187071724326771,21,534.0
1620.0,26,295.0,4.609375,5.431569793789177,20,446.0,0.20035854835340874,6,121.0,0.4683843351040471,26,567.0
1625.0,32,318.0,5.0476190476190474,4.9315064521145695,21,455.0,0.14319584929441825,11,143.0,0.39513348611468635,32,598.0
1630.0,32,319.0,5.316666666666666,3.393051689066677,21,506.0,0.0468987574639172,11,130.0,0.3396615351136364,32,636.0
1635.0,25,277.0,4.540983606557377,4.755548382053971,16,502.0,0.18369776382203412,9,145.0,0.3118986142944748,25,647.0
1640.0,22,262.0,4.295081967213115,4.881447131956041,13,465.0,0.2586724601909539,9,137.0,0.2117332448762434,22,602.0
1645.0,19,237.0,3.703125,5.7793584053173115,15,416.0,0.2585420272600377,4,90.0,0.34513050506993226,19,506.0
1650.0,19,254.0,3.96875,6.16064107812789,14,410.0,0.1887525693816423,5,86.0,0.4883083375346262,19,496.0
1655.0,26,322.0,4.953846153846154,5.510913277033989,14,400.0,0.2795304379746739,12,135.0,0.3251153428236942,26,535.0
1660.0,26,257.0,3.953846153846154,4.465725435645587,13,371.0,0.2759443529854434,13,166.0,0.25173986514115854,26,537.0
1665.0,25,324.0,5.142857142857143,5.246652542653369,14,355.0,0.3263350984773926,11,171.0,0.26390993770889665,25,526.0
1670.0,22,262.0,3.9696969696969697,4.786188896406722,11,335.0,0.30818156674073943,11,163.0,0.18349106870485538,22,498.0
1675.0,28,259.0,3.8088235294117645,5.382724248478581,15,248.0,0.2246811385571885,13,196.0,0.24922431910807816,28,444.0
1680.0,27,304.0,4.405797101449275,4.46196537566845,16,247.0,0.18176585816294913,11,226.0,0.23225160870218764,27,473.0
1685.0,26,370.0,5.606060606060606,6.0273087090637025,16,289.0,0.312785955184732,10,230.0,0.3320031917224041,26,519.0
1690.0,24,433.0,7.338983050847458,5.60863733225795,12,325.0,0.24987873712489653,12,258.0,0.3601558110693232,24,583.0
1695.0,28,501.0,7.828125,5.399635424833081,14,328.0,0.2145806414577359,14,303.0,0.33141237968636633,28,631.0
1700.0,25,548.0,8.98360655737705,5.263916982239347,14,356.0,0.21888656120358294,11,319.0,0.42193704027159884,25,675.0
1705.0,24,461.0,7.683333333333334,5.666248287086902,14,365.0,0.2991283060264764,10,249.0,0.41499472538824284,24,614.0
1710.0,22,443.0,7.262295081967213,5.4364729664347315,13,366.0,0.35442439510704277,9,192.0,0.30236399437573064,22,558.0
1715.0,26,322.0,5.193548387096774,4.686912311560358,11,307.0,0.3564512612373122,15,237.0,0.23550739647929575,26,544.0
1720.0,24,372.0,5.8125,5.980891118916777,11,266.0,0.44465560470963306,13,273.0,0.3488236927676504,24,539.0
1725.0,23,357.0,5.492307692307692,4.763655583544333,11,264.0,0.22740973855753732,12,298.0,0.3490378928814175,23,562.0
1730.0,31,413.0,6.073529411764706,4.508895019389238,13,253.0,0.15198003505073474,18,333.0,0.313578432217322,31,586.0
1735.0,34,407.0,6.074626865671642,4.3856462929512245,17,287.0,0.1845613668218094,17,324.0,0.31968083273739434,34,611.0
1740.0,33,400.0,5.797101449275362,4.39322729221134,17,299.0,0.22677823410219425,16,293.0,0.28293160632492964,33,592.0
1745.0,35,409.0,5.8428571428571425,3.746099895251877,17,342.0,0.2750050263392917,18,312.0,0.17507850654452992,35,654.0
1750.0,34,487.0,6.957142857142857,4.105055399062616,13,338.0,0.3277311692704127,21,364.0,0.12960433485239495,34,702.0
1755.0,36,515.0,6.95945945945946,3.8573203037842463,14,369.0,0.3017889182829284,22,405.0,0.12288648663802139,36,774.0
1760.0,30,448.0,5.894736842105263,4.816088011984309,17,393.0,0.22194733848926887,13,376.0,0.27215549112145926,30,769.0
1765.0,33,403.0,5.52054794520548,5.013973106458354,23,390.0,0.14915435551457823,10,345.0,0.4245664316442436,33,735.0
1770.0,33,405.0,5.5479452054794525,4.759033428966722,22,377.0,0.1247127036965009,11,336.0,0.342677065735196,33,713.0
1775.0,37,518.0,7.4,4.202797173863137,21,432.0,0.15409289880261245,16,374.0,0.27776675623601277,37,806.0
1780.0,38,584.0,8.46376811594203,3.8402090707958263,20,491.0,0.14362585415450413,18,424.0,0.22845614194929176,38,915.0
1785.0,41,656.0,9.371428571428572,3.599301320675616,22,519.0,0.18739711252974178,19,488.0,0.1889377567275538,41,1007.0
1790.0,32,528.0,7.6521739130434785,3.913924658600079,13,482.0,0.27690564540479284,19,525.0,0.15974623257395046,32,1007.0
1795.0,22,522.0,7.909090909090909,4.929336425002492,10,463.0,0.24651125354970088,12,505.0,0.2548611436693187,22,968.0
1800.0,24,487.0,7.268656716417911,4.9849102124997895,14,467.0,0.14279362375405127,10,436.0,0.26262068413513207,24,903.0
1805.0,32,371.0,5.707692307692308,4.080970289496571,18,490.0,0.10005915232110807,14,347.0,0.2381071480124264,32,837.0
1810.0,36,482.0,7.53125,3.959880992912328,20,543.0,0.23547289249229414,16,403.0,0.24258520638075382,36,946.0
1815.0,36,555.0,8.409090909090908,3.8002991728378825,15,543.0,0.3038126147575477,21,441.0,0.16570734053701092,36,984.0
1820.0,29,503.0,7.397058823529412,4.295880432810106,9,438.0,0.3538864726038141,20,463.0,0.16228851740510775,29,901.0
1825.0,23,494.0,7.373134328358209,5.018682126204684,8,396.0,0.3199905945497315,15,430.0,0.25648050121195864,23,826.0
1830.0,26,417.0,5.957142857142857,5.561351522243726,13,312.0,0.2166358088772358,13,413.0,0.31774787350800376,26,725.0
1835.0,26,366.0,5.462686567164179,5.292394237624372,13,230.0,0.1615831875083052,13,383.0,0.33984443732933306,26,613.0
1840.0,28,390.0,5.82089552238806,4.8576938723365775,15,267.0,0.21335629725916547,13,329.0,0.2597094637454847,28,596.0
1845.0,24,288.0,4.5,5.085395635055221,11,268.0,0.3473896331144167,13,297.0,0.18862382336694794,24,565.0
1850.0,30,280.0,4.375,4.426603213949129,11,263.0,0.29790015503106293,19,244.0,0.06003210436984703,30,507.0
1855.0,30,364.0,5.27536231884058,5.085913514263059,14,276.0,0.2970726444455452,16,297.0,0.20096080239384037,30,573.0
1860.0,28,411.0,5.956521739130435,5.069062456472995,15,315.0,0.3117649621913581,13,314.0,0.3248333127813136,28,629.0
1865.0,31,443.0,6.420289855072464,4.904140508967499,19,354.0,0.33961990777008005,12,324.0,0.2901238758061486,31,678.0
1870.0,29,408.0,6.0,4.6402787993515835,20,392.0,0.19000939728663066,9,273.0,0.3515000740676786,29,665.0
1875.0,26,283.0,3.9859154929577465,4.529998531984784,16,382.0,0.09812510195635768,10,225.0,0.2860359305563131,26,607.0
1880.0,26,255.0,3.75,4.6445317476767,14,341.0,0.16935700366617393,12,206.0,0.20055290540706303,26,547.0
1885.0,33,319.0,4.6911764705882355,4.273468171403034,18,321.0,0.19494688495929985,15,224.0,0.18989941768542323,33,545.0
1890.0,33,368.0,5.661538461538462,4.233754602790142,19,375.0,0.16546858376371645,14,231.0,0.282055855937151,33,606.0
1895.0,30,404.0,6.3125,4.399206517918673,19,416.0,0.1488822555825575,11,240.0,0.35857675762521385,30,656.0
1900.0,31,422.0,6.492307692307692,4.410067672166298,19,453.0,0.18091656794001748,12,227.0,0.3212812042575526,31,680.0
1905.0,23,397.0,6.015151515151516,4.853790456760769,10,410.0,0.27717114139331406,13,266.0,0.2885856343432915,23,676.0
1910.0,23,361.0,5.640625,5.094484815415715,10,372.0,0.2514917714997011,13,292.0,0.3164161029142496,23,664.0
1915.0,30,426.0,6.553846153846154,4.270060543632775,15,321.0,0.1573767712654385,15,331.0,0.25564188029336127,30,652.0
1920.0,35,537.0,7.782608695652174,4.4060389028131155,15,337.0,0.1604834968810683,20,387.0,0.2906756659702036,35,724.0
1925.0,30,609.0,8.7,4.751826966663638,12,303.0,0.2754294661584302,18,459.0,0.24112596518322832,30,762.0
1930.0,26,643.0,9.597014925373134,5.167837923309179,8,261.0,0.37132381174500734,18,521.0,0.18965015987801903,26,782.0
1935.0,31,665.0,9.63768115942029,4.393368705423544,12,286.0,0.18073133421855164,19,554.0,0.17791213856707716,31,840.0
1940.0,34,715.0,10.514705882352942,4.616620148389903,16,318.0,0.12822035618691888,18,516.0,0.2573897082545931,34,834.0
1945.0,25,568.0,8.352941176470589,4.798212770821044,9,322.0,0.2876719784554498,16,476.0,0.20191506136580006,25,798.0
1950.0,21,409.0,6.104477611940299,5.629413516737512,7,322.0,0.4222714754705532,14,342.0,0.2116430967429443,21,664.0
1955.0,24,465.0,7.045454545454546,5.792015768704725,12,367.0,0.40846128246400576,12,367.0,0.286701525944763,24,734.0
1960.0,30,392.0,6.125,4.211902913908849,13,300.0,0.22703405888930753,17,392.0,0.2125484103144084,30,692.0
1965.0,36,429.0,6.5,3.8548731024758616,19,231.0,0.1624892520953907,17,396.0,0.217406410473999,36,627.0
1970.0,28,465.0,7.153846153846154,4.61730036567584,15,270.0,0.253890488391632,13,359.0,0.27261886603906327,28,629.0
1975.0,22,441.0,6.7846153846153845,4.9729777610334835,9,244.0,0.39372343576768704,13,403.0,0.2090614962574062,22,647.0
1980.0,19,497.0,7.765625,4.951400499629091,5,226.0,0.271200954851913,14,462.0,0.20302277630543475,19,688.0
1985.0,29,450.0,6.7164179104477615,4.741055067840496,13,266.0,0.21412573023908388,16,419.0,0.1845518896402294,29,685.0
1990.0,28,434.0,6.78125,5.0479937412386775,15,299.0,0.2360565046317753,13,374.0,0.2676350793975086,28,673.0
1995.0,23,436.0,7.032258064516129,4.691902716987253,11,283.0,0.23881398734943907,12,404.0,0.25000022194966415,23,687.0
2000.0,20,414.0,7.137931034482759,4.969407426970121,7,205.0,0.3317543433259775,13,407.0,0.17520371936879314,20,612.0
2005.0,17,279.0,4.728813559322034,5.709285822570989,4,172.0,0.41882814190813245,13,367.0,0.21633635214128602,17,539.0
2010.0,22,271.0,4.370967741935484,5.205863343300435,8,156.0,0.30686015616125895,14,314.0,0.30532598784737275,22,470.0
2015.0,17,260.0,4.262295081967213,5.8408997921004016,6,162.0,0.40102827445826095,11,317.0,0.30715404973965965,17,479.0
2020.0,15,284.0,4.733333333333333,6.779029745929249,7,184.0,0.41140859290825893,8,290.0,0.33271723224554745,15,474.0
2025.0,19,353.0,5.883333333333334,6.8274870462453245,10,223.0,0.31673290382360375,9,259.0,0.32222699555609124,19,482.0
2030.0,26,401.0,6.573770491803279,5.663879002354139,12,230.0,0.22788271323570464,14,308.0,0.18550003791277922,26,538.0
2035.0,21,456.0,8.142857142857142,5.797273236741149,10,260.0,0.3312070146957578,11,344.0,0.266185147152709,21,604.0
2040.0,16,461.0,8.69811320754717,6.258503892806269,8,264.0,0.2805121870089087,8,354.0,0.45424577499169905,16,618.0
2045.0,21,460.0,9.387755102040817,5.9274101563331065,13,287.0,0.2634041169010228,8,296.0,0.42421408295116586,21,583.0
2050.0,24,446.0,8.576923076923077,4.679991486767519,13,313.0,0.15710983333984568,11,217.0,0.3373967250205357,24,530.0
2055.0,19,507.0,10.346938775510203,5.7239900327717415,10,298.0,0.3775109098937085,9,251.0,0.317652283597977,19,549.0
2060.0,21,389.0,8.27659574468085,5.219802809103781,8,157.0,0.3527597081571532,13,307.0,0.20212870267245298,21,464.0
2065.0,20,454.0,9.458333333333334,6.087169227739449,7,131.0,0.34106423601210734,13,379.0,0.26691116743394505,20,510.0
2070.0,20,458.0,9.74468085106383,5.078125996123247,9,157.0,0.18833456475918087,11,397.0,0.335125715771781,20,554.0
2075.0,15,489.0,10.866666666666667,6.167340471504043,7,176.0,0.3324662473787388,8,383.0,0.31694388850184607,15,559.0
2080.0,16,305.0,6.777777777777778,5.561886811937532,8,214.0,0.43901045012631534,8,263.0,0.16671284260401334,16,477.0
2085.0,18,314.0,6.541666666666667,6.171722564773883,9,261.0,0.37934888670410316,9,112.0,0.27176980113452054,18,373.0
2090.0,18,315.0,6.8478260869565215,5.3327704434467345,8,254.0,0.42470409506610485,10,127.0,0.2815070444436998,18,381.0
2095.0,20,394.0,8.565217391304348,5.787762681128218,9,269.0,0.4579454479101604,11,182.0,0.34346243369441964,20,451.0
2100.0,23,435.0,8.877551020408163,4.400328163383279,11,294.0,0.294380214422437,12,209.0,0.2786424261656217,23,503.0
2105.0,21,529.0,10.372549019607844,4.786248813347223,9,324.0,0.3159082692774625,12,246.0,0.1903156080580394,21,570.0
2110.0,25,612.0,12.0,4.8846323972219805,10,355.0,0.35907616073491827,15,305.0,0.13889295496023882,25,660.0
2115.0,28,741.0,14.25,5.2952505541951735,15,420.0,0.2637333221306787,13,365.0,0.2738104345125138,28,785.0
2120.0,26,736.0,14.153846153846153,3.660580755511871,16,474.0,0.17733422465898607,10,360.0,0.2530382970697482,26,834.0
2125.0,21,810.0,16.2,5.756476158899009,10,496.0,0.36181610007503195,11,366.0,0.3165457185417778,21,862.0
2130.0,20,698.0,13.169811320754716,5.41453082550555,11,520.0,0.3669436163802314,9,305.0,0.16875360417969087,20,825.0
2135.0,16,583.0,11.211538461538462,6.901984927553899,11,563.0,0.38715860421778825,5,131.0,0.321308770762262,16,694.0
2140.0,16,641.0,13.081632653061224,5.796377717851393,13,622.0,0.2315391623528469,3,133.0,0.34616414992071465,16,755.0
2145.0,22,726.0,14.816326530612244,5.517213764267826,14,677.0,0.16996519693234743,8,161.0,0.3237887665560636,22,838.0
2150.0,23,837.0,19.022727272727273,4.564016838091245,14,741.0,0.1822949715725101,9,204.0,0.2218099580096222,23,945.0
2155.0,20,756.0,16.434782608695652,4.329417525459763,12,699.0,0.2035464915011408,8,165.0,0.22700064909658849,20,864.0
2160.0,19,804.0,16.408163265306122,5.818508504384328,9,682.0,0.30088548786313557,10,154.0,0.29013740705103064,19,836.0
2165.0,17,782.0,15.038461538461538,6.724028160673318,10,714.0,0.3452803108014168,7,117.0,0.3906397885771666,17,831.0
2170.0,16,821.0,15.49056603773585,7.5094713354524485,9,743.0,0.3973424156062865,7,116.0,0.545531965046311,16,859.0
2175.0,18,818.0,14.607142857142858,6.1720975137667295,12,794.0,0.2870481784483696,6,81.0,0.43841202249247174,18,875.0
2180.0,20,482.0,9.09433962264151,5.635090554135212,11,573.0,0.25038031113142695,9,61.0,0.4192013876636438,20,634.0
2185.0,19,153.0,2.732142857142857,5.731804475430856,10,349.0,0.30443556665008376,9,91.0,0.37562199080153386,19,440.0
2190.0,20,216.0,3.789473684210526,6.387235279243922,9,209.0,0.38297069590772265,11,126.0,0.3617459419299232,20,335.0
2195.0,25,323.0,5.666666666666667,5.406992048360218,8,160.0,0.36361423365882256,17,193.0,0.27270021605133926,25,353.0
2200.0,23,299.0,5.155172413793103,4.384031806817839,8,148.0,0.21527176926809374,15,231.0,0.2960437271600738,23,379.0
2205.0,27,357.0,6.155172413793103,4.515591762463313,13,179.0,0.1959897051719146,14,256.0,0.33038500486965355,27,435.0
2210.0,28,338.0,5.728813559322034,3.8198984360024815,14,211.0,0.27449718536351236,14,274.0,0.2029987141264336,28,485.0
2215.0,32,446.0,7.433333333333334,4.584495942040368,14,243.0,0.35493736370004664,18,285.0,0.18384494348893926,32,528.0
2220.0,30,422.0,7.1525423728813555,3.7963626433195454,12,244.0,0.2886490032370904,18,337.0,0.156338633109139,30,581.0
2225.0,24,444.0,7.928571428571429,4.582971572072681,10,190.0,0.29845058836313315,14,367.0,0.1388995951865251,24,557.0
2230.0,25,328.0,5.559322033898305,3.9537853512988215,10,186.0,0.20140790461571753,15,335.0,0.08098760692927923,25,521.0
2235.0,27,252.0,3.9375,4.991241463293502,12,186.0,0.22506718059545497,15,279.0,0.21244174514167713,27,465.0
2240.0,27,292.0,4.866666666666666,4.775318526209995,12,222.0,0.28875383003062405,15,303.0,0.2946982977066758,27,525.0
2245.0,26,296.0,4.698412698412699,5.378054652820547,14,280.0,0.2972338960644556,12,281.0,0.3491020252773964,26,561.0
2250.0,26,277.0,4.328125,4.1374941151671685,15,312.0,0.20429936048419495,11,280.0,0.33708191112458297,26,592.0
2255.0,20,238.0,3.71875,5.141846800283584,11,301.0,0.260040908251457,9,222.0,0.32076676410274924,20,523.0
2260.0,23,286.0,4.46875,5.7736255976768,10,290.0,0.26279530482873126,13,252.0,0.30557964205542265,23,542.0
2265.0,26,338.0,5.121212121212121,5.3944845152812775,11,245.0,0.1929669283416644,15,321.0,0.17563314889301268,26,566.0
2270.0,29,355.0,5.546875,4.666466192739412,16,288.0,0.1416246805499143,13,316.0,0.21039142772886552,29,604.0
2275.0,27,386.0,6.327868852459017,5.499767874299539,16,343.0,0.22313914200308013,11,328.0,0.3734162495197294,27,671.0
2280.0,24,373.0,6.114754098360656,4.714121302454656,13,342.0,0.2990070631486574,11,330.0,0.29340284612547646,24,672.0
2285.0,23,377.0,6.283333333333333,5.43474197353193,11,310.0,0.3499383523187295,12,348.0,0.3136490439860116,23,658.0
2290.0,24,457.0,7.370967741935484,4.787326922655404,11,332.0,0.28097872559769765,13,391.0,0.2720380285943648,24,723.0
2295.0,31,567.0,8.859375,4.621819487445453,17,391.0,0.2336852566621386,14,436.0,0.20974221918468058,31,827.0
2300.0,36,511.0,7.984375,3.982532701260952,19,372.0,0.1301026809040739,17,429.0,0.23558861447156643,36,801.0
2305.0,32,465.0,6.940298507462686,4.504934402136368,20,437.0,0.15653963777381819,12,343.0,0.2689603430596529,32,780.0
2310.0,32,456.0,6.705882352941177,4.508749401476805,19,475.0,0.2573730708214063,13,355.0,0.31500068815608323,32,830.0
2315.0,21,375.0,5.357142857142857,5.884582339820926,9,445.0,0.36201298322078407,12,318.0,0.30237909266690344,21,763.0
2320.0,23,423.0,5.875,5.804474831730472,8,449.0,0.35093081407449495,15,355.0,0.1828988194269057,23,804.0
2325.0,29,457.0,6.436619718309859,5.643750144406967,15,440.0,0.275385540633589,14,379.0,0.18064324389347855,29,819.0
2330.0,30,518.0,7.848484848484849,4.8829247912907885,19,479.0,0.2561377895958565,11,377.0,0.2804854735862678,30,856.0
2335.0,25,539.0,8.555555555555555,5.187171919860397,14,480.0,0.28354163148372685,11,344.0,0.35808873581530526,25,824.0
2340.0,27,486.0,7.59375,4.292304142303892,16,437.0,0.21773986749556026,11,261.0,0.31356632190257655,27,698.0
2345.0,31,434.0,6.676923076923077,4.219195148040107,18,358.0,0.22840061228672368,13,304.0,0.27741630848892646,31,662.0
2350.0,35,540.0,8.181818181818182,3.6913536750188682,21,432.0,0.20745772211087762,14,352.0,0.2540431425243077,35,784.0
2355.0,32,479.0,6.942028985507246,3.6531225435241463,20,489.0,0.21267287155612452,12,326.0,0.23830550880847085,32,815.0
2360.0,40,605.0,8.52112676056338,4.322512181919427,25,532.0,0.22179932671918182,15,269.0,0.24401233965955854,40,801.0
2365.0,41,658.0,8.545454545454545,4.2294056295458615,28,608.0,0.22843732868340352,13,272.0,0.23116103682671627,41,880.0
2370.0,40,716.0,8.731707317073171,4.12951275613194,31,703.0,0.1407445306766526,9,214.0,0.37847678690873543,40,917.0
2375.0,38,780.0,9.069767441860465,4.830736415529229,31,819.0,0.20129493551075772,7,176.0,0.43809477182658124,38,995.0
2380.0,42,762.0,8.86046511627907,4.465980793537489,29,854.0,0.2065373035627682,13,184.0,0.3721613234711302,42,1038.0
2385.0,40,818.0,9.855421686746988,3.8469208591506416,25,808.0,0.17023612416319134,15,217.0,0.3247987689192335,40,1025.0
2390.0,40,772.0,9.530864197530864,3.0318528957661024,29,824.0,0.08409353669524516,11,223.0,0.2296711359620046,40,1047.0
2395.0,38,437.0,5.675324675324675,3.4527125515526516,26,741.0,0.07964917798735058,12,196.0,0.20088219337424473,38,937.0
2400.0,35,467.0,6.226666666666667,4.030390499699936,23,679.0,0.1671958662906306,12,184.0,0.08992759876998481,35,863.0
2405.0,35,495.0,6.6,4.379419372416168,20,717.0,0.20832434060744634,15,203.0,0.14336927116190604,35,920.0
2410.0,35,516.0,7.166666666666667,4.43633693809025,22,759.0,0.201219659475597,13,220.0,0.31443266926045327,35,979.0
2415.0,30,515.0,7.357142857142857,3.423445035462742,20,796.0,0.13556271895276092,10,233.0,0.3414735611631659,30,1029.0
2420.0,33,539.0,7.811594202898551,4.1364954880861085,25,809.0,0.1107155433978191,8,209.0,0.38378861807553694,33,1018.0
2425.0,38,627.0,8.708333333333334,4.466594022949347,28,844.0,0.10791187284934807,10,230.0,0.36468104887120284,38,1074.0
2430.0,33,649.0,8.89041095890411,4.831209791893751,20,763.0,0.19013577768704176,13,278.0,0.2925987214527311,33,1041.0
2435.0,27,500.0,7.142857142857143,4.079699522764158,14,691.0,0.23475599275434317,13,312.0,0.18838904638081497,27,1003.0
2440.0,33,520.0,7.323943661971831,4.17797367694062,22,662.0,0.1952978253776081,11,324.0,0.2591426313407035,33,986.0
2445.0,33,461.0,6.315068493150685,4.036490173847881,23,697.0,0.16538815590592235,10,273.0,0.29208976709514206,33,970.0
2450.0,38,446.0,6.194444444444445,4.299300272493735,23,753.0,0.19788036646293916,15,223.0,0.2730465952560825,38,976.0
2455.0,35,431.0,5.824324324324325,3.9384020501871877,22,767.0,0.21266225100608055,13,203.0,0.2291112807746281,35,970.0
2460.0,32,418.0,5.648648648648648,4.516280265685591,18,765.0,0.18927251852480245,14,192.0,0.29665885215809223,32,957.0
2465.0,30,444.0,5.92,5.036574525758917,16,679.0,0.26433559742006363,14,220.0,0.2842650175747425,30,899.0
2470.0,25,334.0,4.337662337662338,5.4612287856655435,16,643.0,0.252810214059564,9,204.0,0.25728308048536197,25,847.0
2475.0,25,283.0,3.723684210526316,4.959913001823547,17,619.0,0.1888247138305402,8,185.0,0.28493992002512725,25,804.0
2480.0,38,410.0,5.54054054054054,4.730235986526804,24,656.0,0.18147443208359038,14,203.0,0.3252407731261457,38,859.0
2485.0,26,461.0,6.585714285714285,5.148264695384229,16,638.0,0.23202597815030762,10,222.0,0.3579307755999314,26,860.0
2490.0,21,371.0,5.537313432835821,4.953445553939587,13,568.0,0.215921342973593,8,184.0,0.2985531544377056,21,752.0
2495.0,29,404.0,6.029850746268656,4.575135977447779,18,547.0,0.1401827449146578,11,165.0,0.2895523483203482,29,712.0
2500.0,36,484.0,7.117647058823529,4.779386476257113,21,557.0,0.14317560445344918,15,234.0,0.32385759293319966,36,791.0
2505.0,34,527.0,7.984848484848484,4.592912063712308,20,478.0,0.18064055326857523,14,278.0,0.29803415194365085,34,756.0
2510.0,30,583.0,8.96923076923077,4.751792721365759,18,495.0,0.190247821922272,12,284.0,0.3105231629157308,30,779.0
2515.0,25,574.0,8.830769230769231,4.741038930025211,12,454.0,0.22668137340443015,13,333.0,0.2089334285317893,25,787.0
2520.0,24,532.0,8.3125,5.385424315716836,10,414.0,0.25178064285846125,14,400.0,0.1477997942990184,24,814.0
2525.0,26,457.0,7.370967741935484,5.612963845985986,14,319.0,0.2628715793375328,12,418.0,0.1997917528888174,26,737.0
2530.0,27,543.0,8.619047619047619,4.915879680957852,14,326.0,0.2231085794156996,13,436.0,0.2819441985252377,27,762.0
2535.0,20,360.0,6.206896551724138,6.13492453422654,11,285.0,0.4077718307706861,9,359.0,0.34125636018739935,20,644.0
2540.0,19,205.0,3.4745762711864407,5.793275677466398,13,261.0,0.35702816680231064,6,171.0,0.29763265864721206,19,432.0
2545.0,26,239.0,3.918032786885246,4.842156144074839,20,302.0,0.20819395694976656,6,177.0,0.33531362424528366,26,479.0
2550.0,30,302.0,4.7936507936507935,4.9941217770234525,21,330.0,0.20189395783061906,9,190.0,0.3599624089738506,30,520.0
2555.0,28,397.0,6.844827586206897,5.067365262869048,20,377.0,0.2004239335685997,8,225.0,0.46414057836354355,28,602.0
2560.0,30,469.0,7.688524590163935,4.884122921137227,19,411.0,0.2218695955394941,11,270.0,0.412137774260891,30,681.0
2565.0,23,431.0,6.841269841269841,5.286575523107154,15,389.0,0.30089784586722806,8,229.0,0.36501004369373374,23,618.0
2570.0,24,371.0,5.888888888888889,5.050342455341103,16,388.0,0.32678715734409786,8,158.0,0.23489744203097618,24,546.0
2575.0,27,293.0,4.373134328358209,4.859630663320471,17,372.0,0.22489671495540073,10,182.0,0.3043650599002189,27,554.0
2580.0,22,266.0,4.092307692307692,5.127295707945382,17,394.0,0.16926880651096676,5,167.0,0.4792343040303038,22,561.0
2585.0,26,239.0,3.621212121212121,4.487391762494267,20,418.0,0.13608225075663524,6,109.0,0.3721123475677063,26,527.0
2590.0,32,313.0,4.536231884057971,4.6496942836051955,20,456.0,0.22116219357218891,12,155.0,0.246444739041768,32,611.0
2595.0,25,329.0,4.768115942028985,5.631884499647821,15,435.0,0.32595485074594377,10,183.0,0.2747811056202602,25,618.0
2600.0,18,278.0,4.412698412698413,5.28884759612693,12,425.0,0.2495293544404073,6,170.0,0.3115497303085173,18,595.0
2605.0,23,297.0,5.033898305084746,5.251003085651525,17,417.0,0.11258983864592739,6,163.0,0.40558136370230113,23,580.0
2610.0,30,378.0,6.3,4.087969056173189,20,473.0,0.09349939766429831,10,157.0,0.29324776054939194,30,630.0
2615.0,27,377.0,6.283333333333333,4.6607195722987695,16,495.0,0.26515252001613626,11,126.0,0.204258610969938,27,621.0
2620.0,24,399.0,6.879310344827586,4.961507047310639,16,494.0,0.28872118237651717,8,106.0,0.2636177158334789,24,600.0
2625.0,26,293.0,4.80327868852459,4.912597587861376,19,445.0,0.21657363838005045,7,111.0,0.33450455829007525,26,556.0
2630.0,26,375.0,6.4655172413793105,5.5257551167107035,20,445.0,0.2350512058575703,6,72.0,0.4653779759618125,26,517.0
2635.0,26,333.0,5.741379310344827,4.331362064674215,22,459.0,0.10489033679595014,4,47.0,0.45416190220801234,26,506.0
2640.0,30,389.0,6.377049180327869,5.261655011371751,22,510.0,0.18242950320108572,8,70.0,0.45418982396582563,30,580.0
2645.0,28,394.0,6.354838709677419,4.577762893004874,22,507.0,0.16781313250854182,6,75.0,0.4772310542600527,28,582.0
2650.0,23,405.0,6.532258064516129,5.696308156026053,15,477.0,0.2503576294591316,8,88.0,0.45064097823450133,23,565.0
2655.0,20,300.0,4.761904761904762,4.857858475890152,14,461.0,0.24287128998371152,6,97.0,0.3464771457239572,20,558.0
2660.0,26,304.0,4.606060606060606,5.911912297997353,18,399.0,0.2601112198127846,8,110.0,0.42089230967998875,26,509.0
2665.0,29,347.0,5.507936507936508,5.078434738723941,19,389.0,0.2010814079835666,10,152.0,0.3936165075760873,29,541.0
2670.0,23,256.0,3.9384615384615387,5.626927334722859,15,397.0,0.23560758066620058,8,137.0,0.46108481114914857,23,534.0
2675.0,26,295.0,4.609375,4.731586059030098,16,402.0,0.25697558364440537,10,125.0,0.3042881416200484,26,527.0
2680.0,22,241.0,3.5970149253731343,5.145235165681484,13,370.0,0.27959327237529447,9,138.0,0.27493969670023877,22,508.0
2685.0,29,315.0,4.565217391304348,5.661875952861735,18,394.0,0.25093328429694634,11,140.0,0.30397125940169895,29,534.0
2690.0,24,361.0,5.640625,5.845558845897329,15,416.0,0.2356617447876236,9,164.0,0.39509046707914647,24,580.0
2695.0,19,315.0,5.25,5.643929539014237,12,375.0,0.22452909091509107,7,167.0,0.4017902003868074,19,542.0
2700.0,21,241.0,3.9508196721311477,5.557723046298392,13,341.0,0.2375825275742374,8,125.0,0.3523820652065823,21,466.0
2705.0,24,304.0,4.903225806451613,5.405951230246668,14,381.0,0.24937729552161278,10,114.0,0.3976291729059607,24,495.0
2710.0,25,382.0,5.787878787878788,5.9054920393058925,16,420.0,0.3403472451708206,9,139.0,0.3889163894389329,25,559.0
2715.0,21,350.0,5.46875,5.824508914120281,15,387.0,0.30085562416508893,6,140.0,0.4454305315274555,21,527.0
2720.0,26,429.0,6.919354838709677,5.706374370129715,17,378.0,0.1877846940231698,9,179.0,0.4496832090436891,26,557.0
2725.0,28,357.0,5.852459016393443,4.794184216416985,18,389.0,0.1263901159481315,10,158.0,0.35337781935777374,28,547.0
2730.0,21,321.0,5.262295081967213,5.680378403901148,11,325.0,0.2274464832982786,10,155.0,0.28915966459080356,21,480.0
2735.0,23,280.0,4.666666666666667,4.986162771418297,11,304.0,0.2382955474935717,12,179.0,0.2417303096919434,23,483.0
2740.0,26,320.0,5.333333333333333,6.199895965858683,14,273.0,0.3273425381074619,12,204.0,0.3408710363868859,26,477.0
2745.0,24,360.0,6.315789473684211,4.459287680055282,13,273.0,0.2651657129084525,11,227.0,0.2844644331344332,24,500.0
2750.0,19,398.0,6.745762711864407,5.6066644187915475,9,240.0,0.29195254569542867,10,241.0,0.32011042737641304,19,481.0
2755.0,20,235.0,3.8524590163934427,5.044757587257596,10,198.0,0.2506537602890171,10,199.0,0.23269448670663717,20,397.0
2760.0,24,218.0,3.40625,5.5605309183868314,13,188.0,0.3125122773223585,11,166.0,0.3038408613589465,24,354.0
2765.0,21,269.0,3.9558823529411766,5.714247619628441,11,213.0,0.32397138067645026,10,201.0,0.38233280058578073,21,414.0
2770.0,21,313.0,4.6716417910447765,5.93027034444553,9,207.0,0.3343161643937967,12,225.0,0.36278804751953236,21,432.0
2775.0,24,400.0,5.797101449275362,6.133884228801201,11,212.0,0.3080061887081248,13,278.0,0.3431884823085909,24,490.0
2780.0,29,416.0,5.859154929577465,5.741344991234573,17,243.0,0.2606078575482499,12,287.0,0.33099202851275955,29,530.0
2785.0,29,503.0,7.859375,4.886415141642514,17,299.0,0.2660389631607381,12,265.0,0.3652268484431443,29,564.0
2790.0,27,462.0,7.107692307692307,4.513750890657551,16,356.0,0.2676162213770954,11,227.0,0.28062115560614104,27,583.0
2795.0,30,402.0,5.826086956521739,4.7263898584152235,20,364.0,0.2153718394516477,10,181.0,0.3327967762904785,30,545.0
2800.0,32,403.0,5.52054794520548,4.855396542787126,20,408.0,0.26626081861637724,12,163.0,0.25243913178791205,32,571.0
2805.0,34,477.0,6.445945945945946,4.668445847338341,19,462.0,0.26555796663990067,15,167.0,0.28192141762276246,34,629.0
2810.0,37,537.0,6.884615384615385,4.637047425140983,24,521.0,0.2537725821386623,13,211.0,0.3278559605964662,37,732.0
2815.0,44,657.0,8.2125,3.820207367528146,27,600.0,0.23864479099943411,17,262.0,0.2570649112429802,44,862.0
2820.0,38,669.0,8.25925925925926,4.15724826724808,21,636.0,0.24836896882079282,17,290.0,0.2487254722299681,38,926.0
2825.0,36,554.0,6.839506172839506,4.205763487917904,20,574.0,0.21454812060616688,16,306.0,0.17167657031836583,36,880.0
2830.0,42,509.0,6.283950617283951,3.647794189742486,26,499.0,0.15059350958521345,16,312.0,0.19694132276227938,42,811.0
2835.0,45,498.0,6.225,3.627007310261533,34,619.0,0.09100531450622247,11,240.0,0.3152526616353608,45,859.0
2840.0,38,429.0,5.3625,3.902333435157151,28,623.0,0.1272904758519581,10,249.0,0.3143719804468555,38,872.0
2845.0,34,374.0,4.560975609756097,4.096552916401617,24,678.0,0.16564676790241512,10,255.0,0.3212245083069943,34,933.0
2850.0,42,487.0,6.0875,3.602869576262637,28,718.0,0.16198145345259357,14,238.0,0.24298789954162414,42,956.0
2855.0,39,530.0,6.708860759493671,3.1365593507363845,28,781.0,0.06321702382185099,11,224.0,0.2558306381407957,39,1005.0
2860.0,37,460.0,5.75,4.006252505574707,24,810.0,0.08825826613809154,13,233.0,0.2658619008055656,37,1043.0
2865.0,30,449.0,5.8311688311688314,4.606673711427351,17,713.0,0.14112510075930307,13,262.0,0.2599290293425833,30,975.0
2870.0,34,488.0,6.506666666666667,4.597310070613218,13,579.0,0.20849316137835502,21,355.0,0.2158401990319876,34,934.0
2875.0,37,619.0,8.253333333333334,4.038305526983133,17,585.0,0.2152153499064204,20,433.0,0.2013777800298353,37,1018.0
2880.0,35,742.0,9.763157894736842,4.922259314873116,19,598.0,0.2583351948161685,16,468.0,0.28755746389899195,35,1066.0
2885.0,32,739.0,9.853333333333333,4.398136841734688,16,598.0,0.269448199771432,16,459.0,0.25753295782471425,32,1057.0
2890.0,31,634.0,8.567567567567568,4.813015134133297,13,538.0,0.3028951796275158,18,443.0,0.22346335477844526,31,981.0
2895.0,30,533.0,7.301369863013699,4.183439377574633,14,430.0,0.23072969838554602,16,483.0,0.21373323441462144,30,913.0
2900.0,32,531.0,7.585714285714285,4.5598441386205515,17,350.0,0.19900421871077784,15,515.0,0.26862481587552695,32,865.0
2905.0,34,649.0,9.271428571428572,3.812317372712747,17,377.0,0.22514704748598596,17,543.0,0.18162505884030342,34,920.0
2910.0,33,774.0,11.382352941176471,4.149165904860388,15,401.0,0.31522857277329003,18,589.0,0.14585465943438883,33,990.0
2915.0,36,830.0,12.388059701492537,3.2619789433477924,16,410.0,0.2539343286236801,20,651.0,0.06182068065876324,36,1061.0
2920.0,31,851.0,12.893939393939394,3.9826370856170485,16,433.0,0.22516716251367547,15,695.0,0.15283728024503138,31,1128.0
2925.0,30,700.0,10.76923076923077,3.3426129456320695,15,452.0,0.12545281431922847,15,590.0,0.1853761542577182,30,1042.0
2930.0,38,714.0,10.984615384615385,4.064676208971012,20,524.0,0.10862809892251846,18,552.0,0.25176046748456266,38,1076.0
2935.0,36,686.0,10.393939393939394,3.776353524944987,18,496.0,0.16976838234844713,18,612.0,0.23158942102285168,36,1108.0
2940.0,26,602.0,9.121212121212121,4.418517926754744,13,419.0,0.12350889776064404,13,637.0,0.2804848596746843,26,1056.0
2945.0,23,544.0,9.220338983050848,4.885143860905164,11,423.0,0.10933692821708148,12,608.0,0.39116360060772826,23,1031.0
2950.0,24,495.0,8.389830508474576,4.727010311472536,12,367.0,0.23053394003588684,12,527.0,0.23733537869983787,24,894.0
2955.0,27,309.0,5.237288135593221,3.859262217960058,10,368.0,0.26094410838683324,17,468.0,0.13301953051719187,27,836.0
2960.0,30,313.0,5.216666666666667,5.124323910222156,11,333.0,0.36570793197552126,19,375.0,0.23553515789679386,30,708.0
2965.0,29,361.0,5.82258064516129,4.6005041812926795,12,326.0,0.3144499619226556,17,427.0,0.2675030746399582,29,753.0
2970.0,25,353.0,5.693548387096774,4.959856837357432,14,289.0,0.29634200170050945,11,427.0,0.33439656460641504,25,716.0
2975.0,26,367.0,5.6461538461538465,4.527617487082457,13,298.0,0.23960566522420154,13,419.0,0.327648817363006,26,717.0
2980.0,23,380.0,5.846153846153846,4.663513097872595,8,282.0,0.26472516552838515,15,433.0,0.2911919644055784,23,715.0
2985.0,32,376.0,5.529411764705882,4.055251836404276,11,289.0,0.29729352426337907,21,426.0,0.19107255084514788,32,715.0
2990.0,35,355.0,5.071428571428571,4.263917389117645,16,348.0,0.281710973589481,19,395.0,0.19733765198416833,35,743.0
2995.0,34,458.0,6.361111111111111,3.9155973355927562,16,392.0,0.27290369453099816,18,461.0,0.19779095216410572,34,853.0
3000.0,30,530.0,7.571428571428571,3.7847988205669822,9,391.0,0.29127794907188875,21,521.0,0.15763396177817285,30,912.0
3005.0,32,496.0,6.888888888888889,3.5813041735384354,8,324.0,0.3136335178238859,24,570.0,0.12769825790546938,32,894.0
3010.0,40,562.0,7.698630136986301,4.295618751397048,13,279.0,0.28621940778285415,27,662.0,0.18278569388231256,40,941.0
3015.0,40,591.0,8.32394366197183,3.4305012333905,17,330.0,0.23711601912152783,23,697.0,0.17239888504357992,40,1027.0
3020.0,29,414.0,5.594594594594595,4.0109865328446315,11,344.0,0.1973240650271954,18,627.0,0.19727883247673758,29,971.0
3025.0,25,427.0,6.014084507042254,4.436978061527656,11,370.0,0.19153864013060828,14,575.0,0.2190360780763486,25,945.0
3030.0,33,439.0,5.9324324324324325,4.40797160609103,17,444.0,0.17693328615680495,16,522.0,0.1895820834344796,33,966.0
3035.0,32,330.0,4.647887323943662,3.917589681233537,18,415.0,0.2250104217113588,14,520.0,0.19752624712745873,32,935.0
3040.0,30,374.0,5.3428571428571425,4.168294497085602,16,353.0,0.23159575999612725,14,452.0,0.2268811081369692,30,805.0
3045.0,34,450.0,6.338028169014085,3.7046042690397893,19,378.0,0.12850480583898546,15,463.0,0.24076022202315214,34,841.0
3050.0,38,578.0,7.706666666666667,4.241591134536138,19,400.0,0.15482108083557503,19,471.0,0.23931748451894613,38,871.0
3055.0,33,603.0,8.492957746478874,4.284986388295143,16,418.0,0.27345340989409656,17,518.0,0.27489825865169315,33,936.0
3060.0,23,421.0,5.767123287671233,4.834757616983946,9,332.0,0.3089008472607843,14,524.0,0.1693122709186552,23,856.0
3065.0,22,341.0,4.802816901408451,4.735174391247143,4,322.0,0.34486453902174025,18,523.0,0.08089810731857626,22,845.0
3070.0,32,421.0,5.847222222222222,4.706572560198417,11,362.0,0.19643788068797086,21,551.0,0.14724642350718764,32,913.0
3075.0,36,532.0,7.492957746478873,4.282047373247775,15,360.0,0.17619749843098303,21,619.0,0.24282069172415627,36,979.0
3080.0,24,567.0,8.338235294117647,5.200523813941708,9,287.0,0.29185627781583756,15,639.0,0.27721219212044107,24,926.0
3085.0,22,503.0,7.507462686567164,4.904998133615323,7,262.0,0.2907603184205266,15,627.0,0.19911539871818662,22,889.0
3090.0,34,538.0,7.685714285714286,4.858548564844729,14,310.0,0.20146997743125272,20,581.0,0.23077013258856088,34,891.0
3095.0,31,398.0,5.852941176470588,4.595664491436238,15,320.0,0.18070854074049136,16,499.0,0.2959917662179874,31,819.0
3100.0,26,402.0,6.380952380952381,5.00768881338163,9,284.0,0.29522977918841925,17,438.0,0.24495277156760598,26,722.0
3105.0,24,323.0,5.568965517241379,4.364271291266713,6,171.0,0.32188248077027776,18,475.0,0.18039264167102595,24,646.0
3110.0,24,302.0,5.206896551724138,4.3599360726486385,7,136.0,0.20530239809719833,17,474.0,0.17550736905538183,24,610.0
3115.0,34,343.0,5.913793103448276,3.5764417198469354,14,153.0,0.13127521553472335,20,503.0,0.16442760681406174,34,656.0
3120.0,32,419.0,7.224137931034483,4.062831457530325,13,180.0,0.21679249520318802,19,489.0,0.23484496306832192,32,669.0
3125.0,30,345.0,5.75,3.798756996526008,10,194.0,0.2825643086093571,20,468.0,0.2360364785897325,30,662.0
3130.0,21,279.0,4.728813559322034,5.054446290939406,4,155.0,0.37087637851751853,17,425.0,0.26606021638622623,21,580.0
3135.0,26,282.0,4.476190476190476,4.294215660362183,7,144.0,0.2955570016440564,19,457.0,0.20158682333041605,26,601.0
3140.0,27,317.0,4.953125,5.399712091832631,10,145.0,0.3264160152686648,17,452.0,0.25705853634504305,27,597.0
3145.0,29,308.0,4.888888888888889,4.215034735020483,10,148.0,0.22181488390958384,19,456.0,0.23103682992225552,29,604.0
3150.0,26,341.0,5.412698412698413,5.152037073897161,4,106.0,0.4177235560200333,22,505.0,0.17183787592233024,26,611.0
3155.0,28,364.0,5.515151515151516,3.9190562288445037,4,84.0,0.3094412032957599,24,553.0,0.12054888408160908,28,637.0
3160.0,32,430.0,6.417910447761194,5.359956385565475,10,123.0,0.36324449452859037,22,595.0,0.20492435347782947,32,718.0
3165.0,31,532.0,8.444444444444445,4.478535140627637,7,137.0,0.4067652330687112,24,646.0,0.16190587172193982,31,783.0
3170.0,31,637.0,9.507462686567164,4.905424715179556,4,118.0,0.49129390344111534,27,737.0,0.11778640330468211,31,855.0
3175.0,30,571.0,8.651515151515152,4.213332166259484,4,50.0,0.46885345960971353,26,754.0,0.07955853458597839,30,804.0
3180.0,35,509.0,7.597014925373134,4.69818878717611,10,80.0,0.4162321028134522,25,754.0,0.17064280957859587,35,834.0
3185.0,31,524.0,7.9393939393939394,3.7699482730711664,11,106.0,0.2977907182711204,20,797.0,0.214929667686422,31,903.0
3190.0,30,569.0,8.246376811594203,4.611313375754724,8,117.0,0.3924807884071521,22,808.0,0.1713915781772987,30,925.0
3195.0,31,450.0,6.521739130434782,4.334943852069115,7,95.0,0.33252086623636395,24,805.0,0.15627213553731548,31,900.0
3200.0,29,302.0,4.4411764705882355,5.055437948294567,11,104.0,0.26977057156275125,18,687.0,0.22045616699039294,29,791.0
3205.0,27,322.0,4.878787878787879,4.209165320477197,12,132.0,0.10283913650571756,15,679.0,0.2528296818107046,27,811.0
3210.0,23,318.0,4.746268656716418,4.96505650447116,8,142.0,0.2791915410842253,15,664.0,0.21994661466081442,23,806.0
3215.0,26,330.0,5.0,4.894648289385038,9,152.0,0.329175010018814,17,654.0,0.23744023074588497,26,806.0
3220.0,28,327.0,4.739130434782608,4.754767111967303,12,187.0,0.3435911523069975,16,599.0,0.2138666862970292,28,786.0
3225.0,31,407.0,5.898550724637682,3.998431653482833,10,223.0,0.3936106946674141,21,661.0,0.15350014799767142,31,884.0
3230.0,31,508.0,7.36231884057971,4.070216881249382,9,231.0,0.44040929101533766,22,738.0,0.08140366989178471,31,969.0
3235.0,37,444.0,6.082191780821918,3.6140932199576574,11,194.0,0.28994367451103825,26,755.0,0.10136989372300238,37,949.0
3240.0,30,335.0,4.527027027027027,4.395863364693448,14,184.0,0.21920626023534429,16,683.0,0.1862314489148684,30,867.0
3245.0,39,425.0,5.448717948717949,3.8313708737370233,19,243.0,0.17464570626129178,20,681.0,0.17361332235358956,39,924.0
3250.0,38,491.0,6.4605263157894735,4.523936842957745,18,307.0,0.265441037735224,20,652.0,0.2707616262425396,38,959.0
3255.0,40,564.0,7.421052631578948,4.003305181760279,22,354.0,0.23266215868726628,18,669.0,0.28755957267234816,40,1023.0
3260.0,34,658.0,9.13888888888889,3.361151451414863,20,405.0,0.16587456734063383,14,604.0,0.24013244587377977,34,1009.0
3265.0,43,783.0,10.44,2.722069091797439,24,457.0,0.07792164943307552,19,631.0,0.19468321511454575,43,1088.0
3270.0,44,898.0,11.512820512820513,3.3110318034829436,20,514.0,0.1940652640558225,24,671.0,0.14691871299510187,44,1185.0
3275.0,43,820.0,10.379746835443038,3.2903613758819565,20,520.0,0.22623511165250354,23,700.0,0.16402874274836443,43,1220.0
3280.0,40,619.0,8.03896103896104,3.322428195490335,13,436.0,0.25261850252679113,27,719.0,0.1192698958069027,40,1155.0
3285.0,42,741.0,9.5,3.751110363789004,14,370.0,0.34392743673685194,28,776.0,0.06622557268255629,42,1146.0
3290.0,38,745.0,9.551282051282051,3.8936738399973785,17,406.0,0.2507794298991919,21,792.0,0.11216677000653716,38,1198.0
3295.0,33,528.0,7.333333333333333,4.320620100618335,20,437.0,0.20294608482013318,13,607.0,0.2477307030124241,33,1044.0
3300.0,35,506.0,6.931506849315069,3.770150494847183,22,501.0,0.16251518058246442,13,440.0,0.22496530701065648,35,941.0
3305.0,38,626.0,8.694444444444445,3.902183343330367,23,579.0,0.20976419146254935,15,477.0,0.2523452990064548,38,1056.0
3310.0,38,732.0,10.166666666666666,4.087719501485806,23,611.0,0.14560840958923227,15,495.0,0.3190598567018479,38,1106.0
3315.0,31,679.0,9.7,4.340280618052961,18,597.0,0.1295941128774406,13,473.0,0.27117179439979355,31,1070.0
3320.0,32,569.0,7.794520547945205,4.437832633381252,14,490.0,0.22586034755878615,18,470.0,0.16863669982953838,32,960.0
3325.0,31,585.0,8.125,4.651251602619641,14,361.0,0.2360639684453772,17,537.0,0.2866271862946792,31,898.0
3330.0,32,675.0,9.642857142857142,5.288613784499278,17,401.0,0.16485247752324758,15,579.0,0.44775001734932424,32,980.0
3335.0,32,767.0,10.80281690140845,4.816232668292965,18,426.0,0.17348881011917466,14,648.0,0.3927427445513549,32,1074.0
3340.0,35,803.0,11.309859154929578,4.244549144971403,15,419.0,0.2552661428024613,20,721.0,0.21718802627480596,35,1140.0
3345.0,40,765.0,10.774647887323944,3.2887473208395455,16,377.0,0.26084812820927367,24,710.0,0.12297200596973529,40,1087.0
3350.0,41,874.0,11.81081081081081,3.8828439036375757,17,427.0,0.22890753913379785,24,687.0,0.1670040748273841,41,1114.0
3355.0,45,994.0,13.078947368421053,3.841747679791369,20,482.0,0.2297041804376098,25,769.0,0.1685534969396617,45,1251.0
3360.0,36,921.0,12.118421052631579,3.954654725274929,18,483.0,0.18925237795276117,18,793.0,0.2169083842025795,36,1276.0
3365.0,27,802.0,11.457142857142857,4.825435744543809,14,397.0,0.25723187283410415,13,790.0,0.2810390570650683,27,1187.0
3370.0,27,877.0,12.528571428571428,4.722355989065956,11,374.0,0.3105359868270177,16,837.0,0.15698770384920932,27,1211.0
3375.0,35,798.0,11.565217391304348,4.260407171318536,16,406.0,0.27400928787605366,19,811.0,0.12788688784792346,35,1217.0
3380.0,35,392.0,5.6,3.3662508740761776,18,364.0,0.14585323631973468,17,687.0,0.22272504974795895,35,1051.0
3385.0,37,483.0,6.708333333333333,4.294202928916786,20,394.0,0.21339103019545153,17,569.0,0.2752391487440932,37,963.0
3390.0,35,506.0,6.837837837837838,4.026975462772428,17,409.0,0.24338081862003172,18,584.0,0.279550408705322,35,993.0
3395.0,26,352.0,4.693333333333333,4.550521194677187,12,343.0,0.30018242238473863,14,530.0,0.17862834155195179,26,873.0
3400.0,21,401.0,5.346666666666667,4.936834974522694,9,327.0,0.2909429754400585,12,448.0,0.22968467639325482,21,775.0
3405.0,25,488.0,6.421052631578948,5.225105425313504,13,384.0,0.2674397600160602,12,409.0,0.2640860351212049,25,793.0
3410.0,34,435.0,5.8,4.107428412705973,18,414.0,0.24637680826446876,16,355.0,0.2009525841167111,34,769.0
3415.0,35,527.0,7.219178082191781,3.920251679541336,14,421.0,0.24871641142181153,21,377.0,0.11579687901692282,35,798.0
3420.0,35,503.0,6.706666666666667,3.9999090733622507,13,398.0,0.23078557548009448,22,413.0,0.11814454239270007,35,811.0
3425.0,28,443.0,5.67948717948718,5.329017365907603,14,354.0,0.25922680569912165,14,362.0,0.21082503116582363,28,716.0
3430.0,29,474.0,6.32,4.749824780876936,16,406.0,0.15872130568301185,13,374.0,0.265169002916152,29,780.0
3435.0,39,602.0,7.921052631578948,4.186859077131468,21,500.0,0.121789585441675,18,390.0,0.23560701624575708,39,890.0
3440.0,39,582.0,7.972602739726027,3.8214433209259866,19,488.0,0.2143154607346378,20,436.0,0.23297518376522466,39,924.0
3445.0,31,567.0,7.875,4.251758655981486,15,414.0,0.24922787267743285,16,438.0,0.25813215861223043,31,852.0
3450.0,29,539.0,7.283783783783784,3.7386030051108152,15,414.0,0.10028123964589586,14,465.0,0.2725605178660316,29,879.0
3455.0,27,389.0,5.256756756756757,4.209300210524774,10,342.0,0.18771225662680602,17,496.0,0.24008329454631697,27,838.0
3460.0,34,494.0,6.586666666666667,3.7620073191237497,11,358.0,0.26210994263389176,23,540.0,0.10449826029578892,34,898.0
3465.0,36,572.0,7.526315789473684,4.145047127037607,15,386.0,0.1957616478422414,21,555.0,0.1628022180133398,36,941.0
3470.0,37,568.0,7.473684210526316,3.969851052907148,18,400.0,0.11174117951711894,19,585.0,0.2546130413749586,37,985.0
3475.0,36,574.0,7.756756756756757,4.46269644033142,17,398.0,0.2115433030157121,19,617.0,0.2606109132184893,36,1015.0
3480.0,40,430.0,5.733333333333333,3.44564737961747,16,382.0,0.26373852908831763,24,568.0,0.15925342870479098,40,950.0
3485.0,36,433.0,5.481012658227848,4.061472325832803,8,284.0,0.3130395846699648,28,560.0,0.1647546059042065,36,844.0
3490.0,39,542.0,6.4523809523809526,4.752337272682392,11,247.0,0.35752325275036223,28,639.0,0.18332098329467664,39,886.0
3495.0,30,546.0,6.578313253012048,5.879502385137283,10,263.0,0.42171088284212077,20,647.0,0.18688861903765433,30,910.0
3500.0,26,440.0,5.301204819277109,4.829533747843735,9,270.0,0.21392593865120596,17,633.0,0.1606098410014085,26,903.0
3505.0,34,418.0,5.225,4.352298286240481,14,267.0,0.21755845014102396,20,589.0,0.16503371250043183,34,856.0
3510.0,39,471.0,6.28,3.81228101145986,16,261.0,0.25567680404368126,23,632.0,0.20182750417914555,39,893.0
3515.0,33,534.0,7.216216216216216,4.327670572603499,16,254.0,0.19599449581693137,17,622.0,0.2504026922223369,33,876.0
3520.0,33,506.0,6.746666666666667,4.302048459385674,17,295.0,0.13747010798412537,16,589.0,0.23272605498657167,33,884.0
3525.0,31,522.0,7.054054054054054,4.772127077924368,10,286.0,0.2808122368161126,21,618.0,0.16796784204308665,31,904.0
3530.0,32,421.0,5.767123287671233,4.386471530547387,8,183.0,0.3781021448490231,24,648.0,0.14961354928133677,32,831.0
3535.0,39,418.0,5.648648648648648,4.765959878876693,15,224.0,0.320157654690783,24,639.0,0.25144006588502643,39,863.0
3540.0,36,497.0,6.808219178082192,3.418068433738182,16,252.0,0.2248895501561582,20,662.0,0.21290897322512822,36,914.0
3545.0,38,515.0,7.152777777777778,3.2793619433514016,13,252.0,0.23986150682146784,25,657.0,0.1445621385384176,38,909.0
3550.0,31,445.0,6.095890410958904,3.4087892100923125,7,232.0,0.32576258900683674,24,680.0,0.1014667435427686,31,912.0
3555.0,31,330.0,4.45945945945946,4.430522416661018,11,209.0,0.2789495113842203,20,631.0,0.17546872519375234,31,840.0
3560.0,31,303.0,4.391304347826087,4.613813269257136,17,237.0,0.17746728983523935,14,556.0,0.2821679212535408,31,793.0
3565.0,33,390.0,5.571428571428571,4.476004646680505,18,254.0,0.2074085348318396,15,551.0,0.18782855074601285,33,805.0
3570.0,37,485.0,7.348484848484849,3.260030964441746,17,295.0,0.22480506110570792,20,585.0,0.1155125275359448,37,880.0
3575.0,24,456.0,7.238095238095238,4.027665110063956,8,267.0,0.22754428572863958,16,571.0,0.12757358064124993,24,838.0
3580.0,21,410.0,6.612903225806452,4.652736605076988,8,246.0,0.23291834425790361,13,559.0,0.1941144118988438,21,805.0
3585.0,26,508.0,8.193548387096774,5.453132982984748,12,262.0,0.2802206566383437,14,583.0,0.17052104948292857,26,845.0
3590.0,29,447.0,7.45,5.202477955821249,16,299.0,0.32214939211983284,13,509.0,0.25635875470661285,29,808.0
3595.0,27,383.0,6.603448275862069,5.210613093161451,17,381.0,0.1981688588332503,10,367.0,0.35618633826175655,27,748.0
3600.0,25,304.0,5.241379310344827,4.332427224434281,18,396.0,0.16736077752735715,7,366.0,0.34899902561069,25,762.0
3605.0,22,273.0,4.706896551724138,5.077929056641436,10,322.0,0.29258434782966214,12,385.0,0.2928002486591674,22,707.0
3610.0,25,280.0,4.912280701754386,4.968029603004426,9,233.0,0.39650960938827057,16,392.0,0.19234327839042986,25,625.0
3615.0,19,227.0,3.847457627118644,5.4330335361107975,7,197.0,0.3515373095149147,12,368.0,0.2611663252074758,19,565.0
3620.0,26,244.0,4.135593220338983,5.33540712602672,13,152.0,0.22059417456788383,13,344.0,0.29253175757335803,26,496.0
3625.0,23,281.0,4.762711864406779,5.974868593304723,13,181.0,0.2250302174690289,10,265.0,0.4443396370632916,23,446.0
3630.0,18,225.0,4.245283018867925,5.540938891858151,7,176.0,0.348435790860666,11,249.0,0.34909766161702327,18,425.0
3635.0,11,148.0,3.020408163265306,6.021428150551771,7,166.0,0.3982034177313104,4,206.0,0.3511902279505083,11,372.0
3640.0,18,199.0,3.826923076923077,5.265798996008357,10,176.0,0.32415508674167215,8,171.0,0.29094610666645915,18,347.0
3645.0,26,297.0,5.94,4.801111414736931,8,204.0,0.37721556439582415,18,188.0,0.22445751384938775,26,392.0
3650.0,24,366.0,7.038461538461538,4.899555155023855,8,223.0,0.40323697289594457,16,237.0,0.1922523501845357,24,460.0
3655.0,19,309.0,6.3061224489795915,4.869452004317451,4,164.0,0.34453327819646806,15,287.0,0.18238924167376433,19,451.0
3660.0,20,306.0,6.6521739130434785,5.657326050848598,8,116.0,0.3389586822404493,12,296.0,0.2980123056698071,20,412.0
3665.0,16,297.0,6.1875,5.552596215694295,7,141.0,0.27971185401263754,9,293.0,0.3440973755476898,16,434.0
3670.0,14,238.0,4.958333333333333,5.864119870023576,5,134.0,0.42571504855963793,9,255.0,0.32267252986924905,14,389.0
3675.0,12,146.0,2.7547169811320753,6.545830870000524,5,154.0,0.4955815400645053,7,155.0,0.32067857589755666,12,309.0
3680.0,16,195.0,3.5454545454545454,6.866754969566045,8,173.0,0.480946447563451,8,181.0,0.3434276147102451,16,354.0
3685.0,19,139.0,2.574074074074074,6.272171721436212,9,84.0,0.40924700243087037,10,212.0,0.33894844921071127,19,296.0
3690.0,21,166.0,2.9642857142857144,5.954292060587193,12,97.0,0.2939631157589668,9,221.0,0.3236481997225663,21,318.0
3695.0,20,204.0,3.7777777777777777,5.855717469077316,11,119.0,0.2505952530239398,9,242.0,0.3513599369737556,20,361.0
3700.0,16,180.0,3.3333333333333335,6.0366563938024616,9,108.0,0.31101099777315977,7,193.0,0.3286246469561625,16,301.0
3705.0,19,193.0,3.5090909090909093,5.755629679408968,7,121.0,0.3662084487334483,12,169.0,0.24897974874259507,19,290.0
3710.0,24,283.0,5.1454545454545455,5.8835321294543075,12,148.0,0.3883470586660159,12,213.0,0.21000511868776406,24,361.0
3715.0,23,370.0,6.491228070175438,6.139139690846214,11,176.0,0.39401199875194615,12,273.0,0.2925182013658055,23,449.0
3720.0,17,340.0,6.538461538461538,5.4314130424964535,8,167.0,0.3214770762430495,9,274.0,0.298192490941312,17,441.0
3725.0,16,243.0,4.959183673469388,4.9892638609282765,10,134.0,0.20805955054889513,6,247.0,0.31709280059179623,16,381.0
3730.0,21,185.0,3.627450980392157,5.519529469115368,12,126.0,0.227088010050524,9,202.0,0.2345030855100315,21,328.0
3735.0,19,185.0,3.627450980392157,6.135801803772363,13,163.0,0.23538578441483227,6,132.0,0.4156673375312782,19,295.0
3740.0,15,233.0,4.755102040816326,6.665538477069262,9,167.0,0.3624929766453895,6,131.0,0.4459953531214384,15,298.0
3745.0,17,197.0,3.94,5.893131592785097,12,170.0,0.3194502116106684,5,111.0,0.35667333025605474,17,281.0
3750.0,15,197.0,3.8627450980392157,6.354691085201562,9,164.0,0.27299778999089924,6,95.0,0.440785824901341,15,259.0
3755.0,19,279.0,5.264150943396227,6.052644206161351,11,192.0,0.278200906172817,8,118.0,0.36423149724102194,19,310.0
3760.0,17,313.0,6.019230769230769,6.613309262154031,10,206.0,0.2886346209408069,7,137.0,0.48776689337477375,17,343.0
3765.0,19,376.0,7.673469387755102,6.889802174603523,11,217.0,0.3042760435203028,8,169.0,0.4237253308069012,19,386.0
3770.0,15,288.0,6.260869565217392,5.240335212406998,8,198.0,0.17447112137414414,7,151.0,0.2941928231343252,15,349.0
3775.0,17,362.0,8.044444444444444,6.366435300468316,10,218.0,0.2581580790676058,7,160.0,0.4319572269042805,17,378.0
3780.0,13,154.0,3.276595744680851,5.943365236922264,8,189.0,0.37740115166118465,5,96.0,0.3709323751033549,13,285.0
3785.0,15,189.0,3.9375,7.20970685712982,7,138.0,0.47876983466533235,8,79.0,0.4730283384852532,15,217.0
3790.0,16,145.0,3.152173913043478,6.008073857871142,8,109.0,0.45001058158344015,8,88.0,0.41678021281186656,16,197.0
3795.0,16,172.0,3.44,6.313085125532374,8,87.0,0.3513363211940686,8,128.0,0.4372311606233156,16,215.0
3800.0,16,145.0,2.7884615384615383,5.118814280965259,8,100.0,0.3056858754888229,8,131.0,0.3483344368531723,16,231.0
3805.0,18,167.0,3.2115384615384617,6.931729477889021,9,113.0,0.38067082402303937,9,124.0,0.46125321657670676,18,237.0
3810.0,16,191.0,3.673076923076923,5.327374627209925,8,116.0,0.31199218015022895,8,149.0,0.29997013554128593,16,265.0
3815.0,21,262.0,4.943396226415095,5.804139832049442,12,142.0,0.2716117033649748,9,166.0,0.32579690407299156,21,308.0
3820.0,24,234.0,4.588235294117647,4.9112896048292365,13,195.0,0.24653460810912625,11,144.0,0.31496242066719393,24,339.0
3825.0,24,336.0,6.339622641509434,6.20600733294989,15,270.0,0.2537992030036614,9,120.0,0.5009495805140199,24,390.0
3830.0,20,332.0,6.384615384615385,4.915312984880686,14,299.0,0.2342352820083093,6,107.0,0.43082882461755156,20,406.0
3835.0,17,311.0,5.980769230769231,5.8188743432663195,9,275.0,0.3424517858479625,8,117.0,0.38735119014833314,17,392.0
3840.0,13,114.0,2.28,5.1308639610449145,6,195.0,0.3631101438300298,7,93.0,0.25485452784527446,13,288.0
3845.0,18,179.0,3.5098039215686274,5.770407469896725,9,133.0,0.3598557359589356,9,104.0,0.2915462541844021,18,237.0
3850.0,20,218.0,4.113207547169812,5.432102385931482,12,159.0,0.2808818649665748,8,133.0,0.41155628247326104,20,292.0
3855.0,24,298.0,5.518518518518518,5.632647214074045,15,211.0,0.26306797177829183,9,149.0,0.4289641119794357,24,360.0
3860.0,22,306.0,5.773584905660377,5.078741614124339,14,221.0,0.23137677429416617,8,173.0,0.4573962078663772,22,394.0
3865.0,16,271.0,4.672413793103448,5.70859944950497,6,187.0,0.35404326389955215,10,192.0,0.34830231906018794,16,379.0
3870.0,19,242.0,4.033333333333333,5.722698089316285,6,158.0,0.4615081023966008,13,192.0,0.21377646450858337,19,350.0
3875.0,15,224.0,3.7966101694915255,6.619687939367082,7,150.0,0.4452664318327086,8,151.0,0.2730456426132512,15,301.0
3880.0,15,203.0,3.3278688524590163,5.811673361518706,6,149.0,0.2659959028143566,9,161.0,0.23746697036283296,15,310.0
3885.0,29,315.0,5.163934426229508,5.691555459382888,12,188.0,0.32945034139445817,17,213.0,0.1792057389942366,29,401.0
3890.0,27,353.0,6.418181818181818,4.914453338160638,11,212.0,0.3472096720938461,16,266.0,0.18774934562451773,27,478.0
3895.0,25,427.0,7.907407407407407,4.623355892143909,11,243.0,0.2710241174593432,14,295.0,0.28682272463359176,25,538.0
3900.0,24,410.0,7.454545454545454,4.590231748951044,10,258.0,0.33801786549750995,14,293.0,0.29399167009187055,24,551.0
3905.0,18,368.0,6.943396226415095,5.733722036607501,9,224.0,0.32530076404276553,9,245.0,0.36413780640094695,18,469.0
3910.0,16,192.0,3.5555555555555554,4.938961625107498,7,107.0,0.23259210872581093,9,228.0,0.23841249977363316,16,335.0
3915.0,25,192.0,3.2,4.711920677176623,13,134.0,0.2831548467773729,12,209.0,0.14785304396733745,25,343.0
3920.0,22,224.0,4.0,5.076785184745739,9,147.0,0.3889732196694351,13,238.0,0.27509658359942724,22,385.0
3925.0,16,243.0,4.2631578947368425,5.960232057505213,7,134.0,0.4272586520684643,9,242.0,0.30543817227561665,16,376.0
3930.0,19,245.0,4.224137931034483,5.255838466297918,6,110.0,0.35406462215301826,13,257.0,0.23471724452657858,19,367.0
3935.0,22,278.0,4.412698412698413,5.359796270268047,7,71.0,0.25141610573488493,15,297.0,0.25822396933906344,22,368.0
3940.0,26,312.0,5.032258064516129,4.843218960724433,7,91.0,0.24838586580548835,19,329.0,0.23749971262577255,26,420.0
3945.0,28,413.0,6.555555555555555,5.0089220474831535,7,108.0,0.32741571709530143,21,412.0,0.23220190412941968,28,520.0
3950.0,30,362.0,5.65625,4.645566818982186,10,120.0,0.3157695814168005,20,426.0,0.253451117868291,30,546.0
3955.0,30,435.0,6.397058823529412,4.78244103867616,12,177.0,0.3686929440944163,18,389.0,0.2146984132902668,30,566.0
3960.0,30,398.0,5.685714285714286,4.7106329474375315,10,178.0,0.38894562026164176,20,410.0,0.21960886649865466,30,588.0
3965.0,20,256.0,3.6056338028169015,5.232711769870828,6,147.0,0.4534502016742353,14,366.0,0.15132725754233192,20,513.0
3970.0,20,178.0,2.4383561643835616,5.1064991215362125,4,98.0,0.3872025260393159,16,342.0,0.15892727909852622,20,440.0
3975.0,26,222.0,3.0,5.309941828690045,13,136.0,0.26181189126107657,13,330.0,0.2430749510437941,26,466.0
3980.0,34,240.0,3.4285714285714284,3.9883992575273033,17,172.0,0.24471171098018224,17,359.0,0.25217303191685714,34,531.0
3985.0,37,362.0,5.027777777777778,4.587834000811757,17,214.0,0.2747895131141833,20,393.0,0.25761070927111884,37,607.0
3990.0,37,408.0,5.44,3.9879272683653024,16,244.0,0.2794738593376613,21,416.0,0.19861046118049738,37,660.0
3995.0,27,255.0,3.3552631578947367,5.046035618022148,12,225.0,0.2693427074433542,15,372.0,0.25002254290723797,27,597.0
4000.0,24,306.0,4.08,5.393844350806015,9,198.0,0.30792857138177365,15,352.0,0.20349011513932322,24,550.0
4005.0,19,277.0,3.8472222222222223,5.753366190517361,7,200.0,0.30147056020450674,12,325.0,0.22442006295907144,19,525.0
4010.0,30,373.0,5.651515151515151,4.469678880465724,12,225.0,0.2074908614952035,18,375.0,0.17142843561806,30,600.0
4015.0,31,475.0,7.3076923076923075,4.2594543398655,15,253.0,0.2774666444968378,16,418.0,0.22616542520667782,31,671.0
4020.0,23,521.0,8.403225806451612,5.658043312451112,10,237.0,0.34622442538832093,13,422.0,0.2830471686621985,23,659.0
4025.0,18,360.0,5.714285714285714,5.409922915917687,6,176.0,0.29800347593766674,12,405.0,0.14928488821321145,18,581.0
4030.0,22,347.0,5.421875,6.027589203068759,10,163.0,0.3235026650754835,12,354.0,0.20706199200418546,22,517.0
4035.0,23,327.0,5.5423728813559325,5.524586448997119,11,187.0,0.3748075521707593,12,342.0,0.309289374348732,23,529.0
4040.0,21,265.0,4.568965517241379,5.619277902817128,10,183.0,0.3359414983355945,11,274.0,0.35259878853405485,21,457.0
4045.0,24,280.0,4.516129032258065,4.381310340327237,13,227.0,0.2866069544007312,11,272.0,0.16415501678205646,24,499.0
4050.0,25,338.0,5.2,5.37753328138887,18,294.0,0.32052769364783235,7,236.0,0.21031960334055622,25,530.0
4055.0,25,404.0,6.2153846153846155,5.0829434626685375,15,337.0,0.3493969758600267,10,212.0,0.19621155321472677,25,549.0
4060.0,25,478.0,7.46875,5.213082868789146,11,348.0,0.316562606778617,14,245.0,0.2301046650066642,25,593.0
4065.0,28,450.0,7.258064516129032,3.953625914309985,18,368.0,0.2008870390674856,10,253.0,0.23883406844178934,28,621.0
4070.0,29,480.0,7.5,4.245378868819033,18,383.0,0.24305647188976728,11,292.0,0.2867259930655482,29,675.0
4075.0,26,355.0,5.725806451612903,4.711542219122378,18,335.0,0.2618670711311431,8,289.0,0.44131379002023874,26,624.0
4080.0,23,351.0,5.318181818181818,5.341616439237201,17,348.0,0.24453060660808132,6,234.0,0.43575076621145103,23,582.0
4085.0,30,372.0,5.391304347826087,4.434003556346522,22,412.0,0.1046420754668778,8,187.0,0.35255281040098163,30,599.0
4090.0,34,416.0,6.208955223880597,4.814892989874072,26,492.0,0.12666837567621753,8,118.0,0.4474635556527697,34,610.0
4095.0,30,421.0,6.378787878787879,3.939042949259672,23,538.0,0.1582631062104288,7,131.0,0.3906636740079733,30,669.0
4100.0,32,375.0,5.514705882352941,4.234936838776506,19,507.0,0.24148558846459614,13,172.0,0.2469970631599582,32,679.0
4105.0,27,317.0,4.342465753424658,4.389207148052299,16,515.0,0.29138392189815043,11,189.0,0.20987195766078923,27,704.0
4110.0,28,343.0,4.454545454545454,5.587075032870748,20,489.0,0.2596386839487148,8,188.0,0.39094133848911594,28,677.0
4115.0,35,430.0,5.972222222222222,4.7972810043269964,28,596.0,0.14624810101510097,7,175.0,0.4591526616870002,35,771.0
4120.0,40,569.0,7.794520547945205,4.256119791986567,29,662.0,0.08631344530622002,11,186.0,0.3847289744694073,40,848.0
4125.0,36,612.0,8.619718309859154,3.903100171250009,23,664.0,0.15199641153612425,13,220.0,0.20383937648801193,36,884.0
4130.0,37,643.0,9.056338028169014,3.6800842646626153,19,690.0,0.18629929464438205,18,296.0,0.19804831531500022,37,986.0
4135.0,34,601.0,8.121621621621621,4.04198232090725,20,662.0,0.16524846451028255,14,332.0,0.24753643924938257,34,994.0
4140.0,35,606.0,8.08,4.886117153737863,25,705.0,0.15880620296709572,10,320.0,0.40005619285446925,35,1025.0
4145.0,35,386.0,5.078947368421052,4.459750999988593,24,702.0,0.1536079190328366,11,241.0,0.32698473939300005,35,943.0
4150.0,37,428.0,5.863013698630137,4.131264136025119,24,746.0,0.18693238708544052,13,183.0,0.2553955086017347,37,929.0
4155.0,32,404.0,5.611111111111111,3.9389827230781043,18,714.0,0.2092445537840323,14,212.0,0.1844605811596691,32,926.0
4160.0,28,416.0,5.859154929577465,4.219756832143735,17,728.0,0.163448465046776,11,233.0,0.22134467026478308,28,961.0
4165.0,28,393.0,5.695652173913044,4.280786615237463,18,709.0,0.09201276136374818,10,221.0,0.29661863429017715,28,930.0
4170.0,36,466.0,6.955223880597015,3.92946790486136,26,749.0,0.08874868131313389,10,191.0,0.30679120206926586,36,940.0
4175.0,37,550.0,8.461538461538462,4.1396160447893955,26,764.0,0.16832640931769569,11,233.0,0.3303865794152293,37,997.0
4180.0,34,633.0,9.590909090909092,3.9494626750718025,23,788.0,0.16472825754294862,11,262.0,0.34675396497826105,34,1050.0
4185.0,29,471.0,7.136363636363637,4.217380076669706,20,725.0,0.18921876331629964,9,228.0,0.2545402010893601,29,953.0
4190.0,20,402.0,6.090909090909091,5.297942905678084,15,699.0,0.26454527256360927,5,133.0,0.24728758821152572,20,832.0
4195.0,25,456.0,6.705882352941177,4.997394725318138,17,712.0,0.27101733087024094,8,159.0,0.2814673243494246,25,871.0
4200.0,30,560.0,8.35820895522388,4.040216705118152,22,749.0,0.1349210142851601,8,197.0,0.4252446008161042,30,946.0
4205.0,31,543.0,8.227272727272727,4.04564545105663,25,779.0,0.1160682998748371,6,143.0,0.5045570033788518,31,922.0
4210.0,32,617.0,9.073529411764707,4.144952107911242,27,822.0,0.12552866845764818,5,132.0,0.4530048792283606,32,954.0
4215.0,31,617.0,8.942028985507246,4.021145795501094,24,797.0,0.17464970511646621,7,155.0,0.3052233525245387,31,952.0
4220.0,26,644.0,9.611940298507463,5.006412717936357,17,770.0,0.23408316743123553,9,189.0,0.21114491040309216,26,959.0
4225.0,25,442.0,6.225352112676056,5.280524048911689,18,662.0,0.2646982663796126,7,168.0,0.19338458428296093,25,830.0
4230.0,31,418.0,5.887323943661972,4.412598544837113,21,584.0,0.16395456209581233,10,206.0,0.3269393035505686,31,790.0
4235.0,35,362.0,5.171428571428572,3.852198293770487,27,632.0,0.13557678202777051,8,148.0,0.47755845238665723,35,780.0
4240.0,38,481.0,6.5,4.498420283112975,30,699.0,0.17839123063265044,8,120.0,0.5050068455475275,38,819.0
4245.0,36,533.0,7.0131578947368425,4.052656755871126,28,771.0,0.18271522202570922,8,125.0,0.3953587469157624,36,896.0
4250.0,32,510.0,6.455696202531645,4.66524325876116,24,747.0,0.1673556718195321,8,129.0,0.36896917528779827,32,876.0
4255.0,28,429.0,5.2317073170731705,4.728679199179521,18,728.0,0.11184459652918942,10,166.0,0.36359452796250485,28,894.0
4260.0,29,296.0,3.441860465116279,5.056338800916381,17,692.0,0.1684820533249393,12,171.0,0.3612695118707209,29,863.0
4265.0,34,354.0,4.1647058823529415,5.349017501902115,21,703.0,0.2519731968025357,13,154.0,0.387534584498557,34,857.0
4270.0,37,399.0,4.807228915662651,4.701721706109736,23,729.0,0.29008310651201763,14,175.0,0.33587635679602057,37,904.0
4275.0,32,418.0,5.291139240506329,4.337748047205819,19,679.0,0.27644030135076564,13,170.0,0.25347888852443357,32,849.0
4280.0,38,497.0,6.060975609756097,3.658056603606152,22,672.0,0.25181320748567837,16,205.0,0.12471006163644008,38,877.0
4285.0,35,553.0,6.5058823529411764,4.612435210562238,21,619.0,0.23634776080511408,14,235.0,0.21834973989937462,35,854.0
4290.0,39,552.0,6.4941176470588236,4.5159576669313,24,642.0,0.11801952356660395,15,278.0,0.31877345422317127,39,920.0
4295.0,40,655.0,8.08641975308642,3.8034282158546375,27,725.0,0.036856229351385474,13,295.0,0.3661887570564532,40,1020.0
4300.0,39,725.0,9.415584415584416,3.709144196322122,25,777.0,0.10772518964411608,14,289.0,0.2745548749926623,39,1066.0
4305.0,37,741.0,9.5,3.6367766044294343,22,801.0,0.16536627627369446,15,307.0,0.1714298153526372,37,1108.0
4310.0,40,728.0,9.578947368421053,3.7616677602382644,23,806.0,0.18379582095975017,17,356.0,0.17947730100238068,40,1162.0
4315.0,38,820.0,10.933333333333334,3.521907740775633,24,884.0,0.13315770693074944,14,359.0,0.26204288255189995,38,1243.0
4320.0,34,807.0,10.215189873417721,4.22407086209148,22,932.0,0.11971112066643601,12,330.0,0.2729219037314369,34,1262.0
4325.0,35,755.0,9.93421052631579,4.884750627260547,19,896.0,0.2670977547854587,16,321.0,0.19192963028460508,35,1217.0
4330.0,32,591.0,8.208333333333334,4.500179309110825,18,833.0,0.26893357197743395,14,360.0,0.21559989630699328,32,1193.0
4335.0,31,575.0,7.876712328767123,4.284584939439054,20,850.0,0.17524038337488532,11,368.0,0.30164097662998757,31,1218.0
4340.0,35,626.0,8.694444444444445,3.8038060886487934,24,839.0,0.07155841897746298,11,351.0,0.36092938342087894,35,1190.0
4345.0,38,699.0,9.445945945945946,4.1550379041866305,25,919.0,0.1495145120625733,13,326.0,0.3535544267223627,38,1245.0
4350.0,29,718.0,9.702702702702704,4.697295601850358,17,941.0,0.2530935807064312,12,374.0,0.2859763357861342,29,1315.0
4355.0,27,617.0,8.452054794520548,4.869550968118427,14,855.0,0.2928751256360954,13,404.0,0.18538371505663281,27,1259.0
4360.0,29,451.0,6.094594594594595,5.009887587801407,15,726.0,0.30058380351476127,14,359.0,0.1837894679662725,29,1085.0
4365.0,30,372.0,5.027027027027027,4.9871342644656895,19,768.0,0.2314796851613815,11,275.0,0.2724214349382471,30,1043.0
4370.0,27,417.0,5.873239436619718,5.147276231706526,18,785.0,0.24047109343519693,9,288.0,0.303581630250465,27,1073.0
4375.0,33,510.0,7.611940298507463,4.412324049564889,19,811.0,0.18117114486151284,14,323.0,0.19050280308061743,33,1134.0
4380.0,34,549.0,8.194029850746269,4.633123367252155,21,847.0,0.19851253577095174,13,352.0,0.24407801443624136,34,1199.0
4385.0,28,565.0,8.968253968253968,4.675719808674189,19,839.0,0.1067305917171911,9,327.0,0.37400693164673354,28,1166.0
4390.0,31,646.0,10.419354838709678,4.747944636738752,22,880.0,0.014938708872575928,9,282.0,0.4398395569024229,31,1162.0
4395.0,29,694.0,11.015873015873016,5.362176395436476,19,936.0,0.10582136905392277,10,215.0,0.44386547206528015,29,1151.0
4400.0,23,707.0,12.189655172413794,4.9015313529733575,11,911.0,0.22184447426999226,12,257.0,0.3499940418599738,23,1168.0
4405.0,28,654.0,10.9,4.3763844524067075,10,780.0,0.23076051628530897,18,335.0,0.239955484401362,28,1115.0
4410.0,27,323.0,5.209677419354839,4.128781870532509,10,708.0,0.19429632675547992,17,337.0,0.2176931262854768,27,1045.0
4415.0,26,318.0,4.96875,4.8549339897164865,10,720.0,0.2692400154818428,16,285.0,0.2565967736198798,26,1005.0
4420.0,21,288.0,4.721311475409836,4.856756307896646,7,688.0,0.33837824706591085,14,304.0,0.22149201662856802,21,992.0
4425.0,21,214.0,3.4516129032258065,5.362904066699935,9,679.0,0.28355591073774034,12,265.0,0.26446898104049493,21,944.0
4430.0,23,208.0,3.3015873015873014,5.264029930180859,13,686.0,0.17932341130064458,10,233.0,0.30365186932977223,23,919.0
4435.0,29,278.0,4.633333333333334,5.187778869573956,15,622.0,0.18513476199124515,14,218.0,0.3344648407066053,29,840.0
4440.0,27,288.0,5.052631578947368,3.8968991052080857,11,409.0,0.22228769090951714,16,251.0,0.20054973718262015,27,660.0
4445.0,29,358.0,6.067796610169491,3.79111760966939,8,401.0,0.2531283711720601,21,346.0,0.1685369146085181,29,747.0
4450.0,30,367.0,6.016393442622951,4.426056860969758,8,350.0,0.36359914402294996,22,403.0,0.1354017057781751,30,753.0
4455.0,28,422.0,6.918032786885246,4.977419807022972,9,358.0,0.38258783268817675,19,432.0,0.16216999702932824,28,790.0
4460.0,25,415.0,6.587301587301587,5.407986921859668,8,266.0,0.42792994039360105,17,438.0,0.20369792047308752,25,704.0
4465.0,21,274.0,4.349206349206349,5.677720097656239,10,168.0,0.31416099980273576,11,361.0,0.3161001568538346,21,529.0
4470.0,23,238.0,3.838709677419355,4.476140164392999,11,165.0,0.19919582440875222,12,379.0,0.30144817631057713,23,544.0
4475.0,30,325.0,5.078125,4.662370075760568,15,221.0,0.22149345767446557,15,385.0,0.29826985378416404,30,606.0
4480.0,33,336.0,5.014925373134329,4.198244753231564,14,206.0,0.28265494894192156,19,431.0,0.23810690359944334,33,637.0
4485.0,35,444.0,6.626865671641791,4.215040791287586,12,223.0,0.341455043206032,23,475.0,0.19757204648477478,35,698.0
4490.0,35,443.0,6.514705882352941,3.8852720842419557,12,230.0,0.35260124037747664,23,497.0,0.15129141405631671,35,727.0
4495.0,24,350.0,5.223880597014926,4.762131035335858,7,178.0,0.3082391054038122,17,435.0,0.19594388678887426,24,613.0
4500.0,21,367.0,5.734375,4.559216301170631,7,176.0,0.20113291852889006,14,434.0,0.2507602147554009,21,610.0
4505.0,30,423.0,6.313432835820896,4.584045007372954,14,238.0,0.10944029160651884,16,442.0,0.2172505953333099,30,680.0
4510.0,32,529.0,8.265625,4.481002303889504,13,277.0,0.24799155848843268,19,461.0,0.16970337186232892,32,738.0
4515.0,22,571.0,9.360655737704919,5.185566121109251,7,270.0,0.3037482746175027,15,461.0,0.16615179439854785,22,731.0
4520.0,19,364.0,6.5,5.362996222072522,6,230.0,0.2736357466993735,13,409.0,0.2347881737949951,19,639.0
4525.0,24,325.0,5.803571428571429,6.20326194194933,11,190.0,0.34160536656788326,13,305.0,0.28907166647593907,24,495.0
4530.0,22,213.0,4.018867924528302,4.614755700377503,9,158.0,0.3390395346697018,13,270.0,0.27490217660816807,22,428.0
4535.0,18,246.0,4.6415094339622645,5.303959553446196,8,151.0,0.3400257501617833,10,265.0,0.3168364299202649,18,416.0
4540.0,21,215.0,3.909090909090909,5.102282323362188,10,146.0,0.3226897817172323,11,272.0,0.27901110282680647,21,418.0
4545.0,12,184.0,3.2857142857142856,6.379617936372337,2,88.0,0.42513809823209026,10,260.0,0.25489529765231633,12,348.0
4550.0,14,205.0,4.019607843137255,5.293005729476906,1,35.0,0.3784076365461865,13,298.0,0.13445994627260097,14,333.0
4555.0,20,271.0,5.113207547169812,5.586901252431453,7,61.0,0.3025410890985997,13,340.0,0.20264036676580313,20,401.0
4560.0,19,238.0,4.76,5.075063233067771,7,67.0,0.38635177143935345,12,328.0,0.17774268139576915,19,395.0
4565.0,15,192.0,4.173913043478261,6.159258913281482,3,50.0,0.5149603501686237,12,256.0,0.23853257117759188,15,306.0
4570.0,15,162.0,3.6818181818181817,4.980136264735207,5,64.0,0.431864356764773,10,226.0,0.15571679961191054,15,290.0
4575.0,24,246.0,5.466666666666667,4.75968287401517,12,112.0,0.272187747578594,12,249.0,0.22346550587283046,24,361.0
4580.0,21,228.0,5.066666666666666,3.894073188652095,12,142.0,0.11377967037432397,9,235.0,0.25486585911551907,21,377.0
4585.0,16,248.0,5.276595744680851,5.584805565413791,7,136.0,0.22742548160483647,9,197.0,0.28568485741395416,16,333.0
4590.0,13,175.0,3.723404255319149,6.372243110779353,5,94.0,0.3457801543179921,8,183.0,0.2963096866823222,13,277.0
4595.0,13,210.0,4.565217391304348,8.077051556267765,5,111.0,0.5238361288451613,8,155.0,0.3987990260407503,13,266.0
4600.0,11,193.0,4.595238095238095,7.3066343449451,4,120.0,0.6013346883254196,7,132.0,0.32067718866438033,11,252.0
4605.0,15,229.0,5.871794871794871,6.447309901963476,6,150.0,0.5005073064850425,9,109.0,0.30304717703607253,15,259.0
4610.0,13,217.0,5.564102564102564,4.445246066510741,6,174.0,0.2979045719719162,7,99.0,0.20862742172681137,13,273.0
4615.0,16,286.0,6.975609756097561,6.326948288003011,10,214.0,0.37136819485491335,6,96.0,0.42722674199363025,16,310.0
4620.0,14,313.0,7.634146341463414,5.959938230667453,9,246.0,0.4299042757098944,5,107.0,0.4252080235910665,14,353.0
4625.0,16,355.0,7.717391304347826,6.030852928149174,12,305.0,0.3268482555349804,4,95.0,0.5542635393309137,16,400.0
4630.0,16,344.0,7.020408163265306,4.847319331213798,12,333.0,0.2666465026885051,4,80.0,0.47479639247412864,16,413.0
4635.0,16,382.0,7.958333333333333,5.297530518904211,10,347.0,0.3062148813910905,6,95.0,0.383090660627994,16,442.0
4640.0,17,432.0,8.816326530612244,4.826235479808898,8,374.0,0.32217513465666187,9,127.0,0.23573204883355744,17,501.0
4645.0,26,542.0,10.627450980392156,4.314080463532028,14,440.0,0.30087048451830317,12,170.0,0.058744212074245676,26,610.0
4650.0,26,543.0,10.245283018867925,4.166967016517061,17,496.0,0.28437737909105437,9,142.0,0.2003043209117466,26,638.0
4655.0,13,513.0,10.058823529411764,6.0717154236006685,9,507.0,0.32744130003261357,4,109.0,0.4396853495672413,13,616.0
4660.0,12,234.0,4.588235294117647,6.114756858223874,9,369.0,0.34894081951494943,3,106.0,0.36484872368773824,12,475.0
4665.0,18,147.0,2.672727272727273,5.964581635006629,12,196.0,0.3073944368790901,6,120.0,0.32567222419655595,18,316.0
4670.0,19,190.0,3.7254901960784315,5.1980238291149865,15,235.0,0.24832981027339585,4,119.0,0.47058806037886686,19,354.0
4675.0,17,228.0,4.071428571428571,5.748084756369435,11,235.0,0.26001574278803724,6,124.0,0.41785885725242705,17,359.0
4680.0,22,270.0,4.576271186440678,5.469300644239838,15,263.0,0.1966052832291087,7,147.0,0.3522739122070146,22,410.0
4685.0,21,208.0,3.3015873015873014,6.137689903653105,16,290.0,0.23832246229963844,5,97.0,0.46099605115649483,21,387.0
4690.0,19,205.0,3.4745762711864407,5.640655561894836,17,314.0,0.26623463940368547,2,51.0,0.5600003537762848,19,365.0
4695.0,28,324.0,5.586206896551724,5.22936462879625,22,409.0,0.2889118083936747,6,70.0,0.4416394403163099,28,479.0
4700.0,32,450.0,7.5,4.0256350660939075,22,492.0,0.19763772627605497,10,106.0,0.35244426057038736,32,598.0
4705.0,33,531.0,7.925373134328358,3.761961805947103,23,568.0,0.1857670370422837,10,109.0,0.33377677336806527,33,677.0
4710.0,35,585.0,8.478260869565217,4.237494613591896,22,569.0,0.2642039566991211,13,155.0,0.32375958659402143,35,724.0
4715.0,36,549.0,7.52054794520548,4.8265378878047365,21,569.0,0.27305636811561096,15,200.0,0.3491781066546791,36,769.0
4720.0,33,485.0,6.298701298701299,3.679270217209616,21,588.0,0.19522093002985114,12,216.0,0.27838501823401735,33,804.0
4725.0,30,264.0,3.3417721518987342,3.9496896538539192,17,506.0,0.24169630536645095,13,220.0,0.21483514344724122,30,726.0
4730.0,27,225.0,2.9220779220779223,4.127577080686653,18,510.0,0.1882218957412972,9,198.0,0.24263011960171338,27,708.0
4735.0,32,252.0,3.189873417721519,4.4263681391729595,23,552.0,0.16891861847924924,9,202.0,0.24403023878069227,32,754.0
4740.0,36,362.0,4.701298701298701,4.381510621564236,22,583.0,0.1469352109341027,14,231.0,0.2581663439026414,36,814.0
4745.0,32,442.0,5.972972972972973,4.55858238852528,19,568.0,0.20608088704772723,13,257.0,0.2658392046323864,32,825.0
4750.0,28,491.0,6.819444444444445,4.701932732901057,19,575.0,0.19406153916960783,9,246.0,0.2296061040010197,28,821.0
4755.0,30,506.0,7.126760563380282,4.4761148658064664,18,540.0,0.08787430784846731,12,282.0,0.3227987346464164,30,822.0
4760.0,33,522.0,7.457142857142857,4.381177633560919,24,594.0,0.036925315095917566,9,283.0,0.39233559442940485,33,877.0
4765.0,33,546.0,7.8,4.6538158875690865,26,668.0,0.1213344965220508,7,225.0,0.4881448251270429,33,893.0
4770.0,32,534.0,7.970149253731344,4.274733514473398,24,734.0,0.1740908445870529,8,200.0,0.4383380011609441,32,934.0
4775.0,27,471.0,7.596774193548387,4.242085506556497,16,736.0,0.23373286979009217,11,165.0,0.29666958903343604,27,901.0
4780.0,31,494.0,8.098360655737705,2.750484983404526,17,781.0,0.20727783219690435,14,172.0,0.10541386092471734,31,953.0
4785.0,33,601.0,9.390625,3.3127906084694807,21,823.0,0.19937660230212143,12,182.0,0.18414268751589408,33,1005.0
4790.0,35,470.0,7.34375,3.1277658879974437,23,792.0,0.1802742712842247,12,191.0,0.2875297203049135,35,983.0
4795.0,38,504.0,7.636363636363637,3.6806328068715177,28,716.0,0.14672775841710636,10,209.0,0.4090806319181803,38,925.0
4800.0,37,535.0,7.753623188405797,2.996790869555119,28,788.0,0.13591934793452318,9,202.0,0.280717024165331,37,990.0
4805.0,33,521.0,7.776119402985074,4.011449762331127,23,781.0,0.10244128965976715,10,192.0,0.38541117949393483,33,973.0
4810.0,27,395.0,5.72463768115942,4.307700577810253,16,731.0,0.1586432708029157,11,195.0,0.28359134357979704,27,926.0
4815.0,27,283.0,3.9305555555555554,4.581899743927407,12,634.0,0.2162389500079394,15,223.0,0.2583260633399822,27,857.0
4820.0,27,347.0,4.957142857142857,3.914343089674309,14,635.0,0.17491750198687372,13,267.0,0.3329247457149966,27,902.0
4825.0,28,387.0,5.450704225352113,4.162478760209332,15,604.0,0.18537797715269877,13,289.0,0.299234711297196,28,893.0
4830.0,22,332.0,4.611111111111111,4.2810365958511944,10,602.0,0.2236918479491438,12,275.0,0.1638341487074804,22,877.0
4835.0,31,417.0,5.712328767123288,4.622313074665769,17,664.0,0.18883523834563937,14,289.0,0.21852239159266926,31,953.0
4840.0,32,363.0,5.185714285714286,3.392587416623274,20,705.0,0.10343002090968118,12,249.0,0.2505994114906647,32,954.0
4845.0,30,425.0,6.4393939393939394,3.2435684309775032,18,689.0,0.09267454799339209,12,200.0,0.23095099719325746,30,889.0
4850.0,26,478.0,7.134328358208955,4.438084894098769,13,665.0,0.20922188678097356,13,227.0,0.2051836822158012,26,892.0
4855.0,25,454.0,6.676470588235294,5.416397536123789,11,550.0,0.2825498107072503,14,229.0,0.15535571417861513,25,779.0
4860.0,21,334.0,5.138461538461539,5.134771883697274,7,369.0,0.25116635491003936,14,235.0,0.1654197953237443,21,604.0
4865.0,24,369.0,5.590909090909091,5.2538775851373405,14,389.0,0.2515506073152402,10,249.0,0.2749761701761581,24,638.0
4870.0,18,410.0,6.40625,6.020293542133183,10,394.0,0.38802871944946593,8,264.0,0.3594416447390916,18,658.0
4875.0,18,466.0,7.28125,5.624289877579917,9,350.0,0.36131961846943267,9,290.0,0.3552422926417173,18,640.0
4880.0,24,538.0,8.029850746268657,5.168200971249523,16,360.0,0.3220202463579933,8,311.0,0.32598951545182675,24,671.0
4885.0,31,436.0,6.318840579710145,4.8374643158210064,21,300.0,0.2830446041203521,10,354.0,0.26735913021831326,31,654.0
4890.0,37,485.0,7.132352941176471,4.531765937729531,25,281.0,0.19791665013712384,12,356.0,0.2880660224293947,37,637.0
4895.0,37,422.0,6.115942028985507,3.941358730712597,25,377.0,0.14155559724238972,12,289.0,0.30378060968502113,37,666.0
4900.0,34,539.0,7.7,4.427774303513853,23,457.0,0.235846433329861,11,323.0,0.31994555458919155,34,780.0
4905.0,37,551.0,7.5479452054794525,4.045547531826581,24,503.0,0.18262134076098485,13,341.0,0.3327874417114386,37,844.0
4910.0,31,394.0,5.253333333333333,4.635454370982084,19,462.0,0.22289812977992665,12,374.0,0.3085949682911908,31,836.0
4915.0,24,398.0,5.378378378378378,4.948864826188136,14,392.0,0.25667890445876534,10,375.0,0.22372283133937618,24,767.0
4920.0,22,391.0,5.144736842105263,5.609276837734235,12,352.0,0.32920159716443437,10,398.0,0.2093858590526534,22,750.0
4925.0,34,474.0,5.925,5.1148564890451285,15,320.0,0.3089451723699099,19,452.0,0.16897602566687484,34,772.0
4930.0,38,494.0,6.175,4.226374974919445,20,357.0,0.24778255331844884,18,448.0,0.2774443262948675,38,805.0
4935.0,38,577.0,7.2125,4.72278157962025,24,418.0,0.26150692719478436,14,382.0,0.3554361353227179,38,800.0
4940.0,38,628.0,7.658536585365853,4.432533409521942,24,455.0,0.2585669167435386,14,408.0,0.3178555702990389,38,863.0
4945.0,33,576.0,6.857142857142857,4.279716275631199,17,436.0,0.21554175916752874,16,407.0,0.22834532054538254,33,843.0
4950.0,32,346.0,4.271604938271605,3.8611928326480958,18,434.0,0.15713049699772536,14,307.0,0.20877862375609943,32,741.0
4955.0,34,293.0,3.5301204819277108,4.231521773072903,20,436.0,0.1723223956533959,14,259.0,0.19313040192427505,34,695.0
4960.0,39,393.0,5.103896103896104,3.6483459926939243,22,481.0,0.20973126283194418,17,296.0,0.1682590899009007,39,777.0
4965.0,30,428.0,5.487179487179487,3.745672912733173,18,475.0,0.16416232301162254,12,324.0,0.1368942167657321,30,799.0
4970.0,25,401.0,5.0125,4.42549735594214,15,489.0,0.19401211720073766,10,353.0,0.21069281596864758,25,842.0
4975.0,39,495.0,5.963855421686747,4.537185617819555,21,500.0,0.2009840620141528,18,406.0,0.20303724133861148,39,906.0
4980.0,50,722.0,9.025,3.593999517073872,27,596.0,0.1584033103551837,23,510.0,0.27015288395624265,50,1106.0
4985.0,52,724.0,8.829268292682928,2.818336458907378,30,652.0,0.12800330047761016,22,516.0,0.24027039144447024,52,1168.0
4990.0,49,801.0,9.313953488372093,3.3045843726647153,28,686.0,0.19501571803328946,21,508.0,0.2126391894905692,49,1194.0
4995.0,52,878.0,9.977272727272727,3.137312413488435,29,710.0,0.14306767451872543,23,558.0,0.23128262552058418,52,1268.0
5000.0,41,684.0,7.434782608695652,3.588248606371034,21,702.0,0.11591420661149682,20,540.0,0.21097450595248488,41,1242.0
5005.0,35,722.0,7.680851063829787,4.74875660527693,17,690.0,0.17683981214041247,18,517.0,0.26646582638117106,35,1207.0
5010.0,29,595.0,6.329787234042553,5.108267646854364,15,642.0,0.21197395282825282,14,472.0,0.2674621867335275,29,1114.0
5015.0,35,421.0,4.730337078651686,4.38124450891435,16,576.0,0.19976730188949993,19,414.0,0.1962774614678394,35,990.0
5020.0,43,502.0,5.704545454545454,3.7203494326554623,18,591.0,0.22592756612257345,25,470.0,0.1759848127035725,43,1061.0
5025.0,45,593.0,6.588888888888889,3.207560790885403,19,621.0,0.11651694095802219,26,499.0,0.1782057288616048,45,1120.0
5030.0,33,536.0,6.305882352941176,4.187294013333901,16,601.0,0.14958399401615657,17,517.0,0.26088076130801807,33,1118.0
5035.0,31,594.0,6.6,5.329438933433186,13,593.0,0.270031539423935,18,515.0,0.2900849036481845,31,1108.0
5040.0,38,680.0,7.640449438202247,4.241797529943959,14,575.0,0.2671652072963564,24,544.0,0.15922244751689402,38,1119.0
5045.0,44,796.0,9.045454545454545,4.482537162426734,15,520.0,0.3145438937960183,29,642.0,0.20286760188214012,44,1162.0
5050.0,48,790.0,9.186046511627907,3.314606937353934,17,503.0,0.2570872298252052,31,717.0,0.16439837728018522,48,1220.0
5055.0,51,791.0,9.19767441860465,3.2931865741997104,21,558.0,0.21763316531343369,30,755.0,0.1562613250127931,51,1313.0
5060.0,49,822.0,9.448275862068966,3.130322878273535,22,614.0,0.22061723237314693,27,809.0,0.14338286647062665,49,1423.0
5065.0,36,650.0,7.471264367816092,3.738944922971946,14,601.0,0.228949968679287,22,778.0,0.08957406287666009,36,1379.0
5070.0,32,484.0,5.563218390804598,4.112419078085429,12,525.0,0.2234155133243505,20,826.0,0.11213915092106323,32,1351.0
5075.0,41,427.0,4.8522727272727275,3.853159809133207,17,429.0,0.19202116067043537,24,868.0,0.12289175954417401,41,1297.0
5080.0,48,546.0,6.658536585365853,3.3304171841761883,22,459.0,0.23030102499055768,26,909.0,0.14719624995906982,48,1368.0
5085.0,49,618.0,7.357142857142857,3.3424697192621253,21,444.0,0.24167721549287907,28,921.0,0.15357240629178312,49,1365.0
5090.0,46,596.0,6.930232558139535,2.802223832487588,18,462.0,0.17021452445595536,28,964.0,0.18964498107184385,46,1426.0
5095.0,47,634.0,7.287356321839081,3.5483245813076247,16,446.0,0.2544309421708891,31,982.0,0.14951440733618368,47,1428.0
5100.0,48,634.0,7.204545454545454,3.360420950116541,16,457.0,0.26708498157280813,32,1018.0,0.0823965915403568,48,1475.0
5105.0,44,545.0,6.055555555555555,3.58010866896394,19,466.0,0.15976107467632855,25,933.0,0.1520444808468277,44,1399.0
5110.0,47,591.0,6.640449438202247,3.6868111047658334,27,524.0,0.11969948849561714,20,849.0,0.21090851925040774,47,1373.0
5115.0,39,606.0,6.9655172413793105,4.067858453440153,25,604.0,0.19496344713590189,14,776.0,0.23248731066900577,39,1380.0
5120.0,42,629.0,7.4,3.256387036253286,26,660.0,0.1459321084385406,16,730.0,0.2387449943080125,42,1390.0
5125.0,41,651.0,7.658823529411765,3.228252651279131,22,634.0,0.19022150403000151,19,746.0,0.15416434555487823,41,1380.0
5130.0,35,713.0,8.695121951219512,3.9550215800788218,16,631.0,0.23961919058624476,19,719.0,0.13264125157270568,35,1350.0
5135.0,32,680.0,8.5,4.223211128647422,16,639.0,0.2231897354758582,16,684.0,0.16334757522849028,32,1323.0
5140.0,35,612.0,7.846153846153846,4.161659873279446,20,702.0,0.12850661853577333,15,588.0,0.24492364979535708,35,1290.0
5145.0,45,731.0,9.493506493506494,3.286301372929646,25,763.0,0.13803294467616298,20,613.0,0.1781883306582381,45,1376.0
5150.0,41,812.0,11.123287671232877,3.3717087192638924,25,780.0,0.1483101565116722,16,628.0,0.17229387391064038,41,1408.0
5155.0,40,654.0,8.837837837837839,3.2323252152413797,25,744.0,0.11201071764460621,15,610.0,0.19915337776787004,40,1354.0
5160.0,39,612.0,8.16,3.51753475095261,22,659.0,0.1284268194437729,17,591.0,0.1686675489575027,39,1250.0
5165.0,38,664.0,8.853333333333333,3.774754513710259,19,674.0,0.18027957647952714,19,634.0,0.22387263538021698,38,1308.0
5170.0,29,494.0,6.5,4.325489189808948,13,580.0,0.21646987411319132,16,650.0,0.19462236523300835,29,1230.0
5175.0,22,512.0,6.826666666666667,4.74611131891188,8,496.0,0.23629842050652058,14,683.0,0.24264194427979419,22,1179.0
5180.0,30,602.0,7.818181818181818,5.0087418774874,11,477.0,0.2630245975338187,19,737.0,0.2538706039554919,30,1214.0
5185.0,39,691.0,9.597222222222221,3.7230773458752,15,473.0,0.2348086617219474,24,815.0,0.21492233076450443,39,1288.0
5190.0,34,773.0,11.042857142857143,3.885472393958538,16,471.0,0.27208350828103056,18,841.0,0.16863929456587778,34,1312.0
5195.0,33,596.0,8.514285714285714,4.141405953901457,15,453.0,0.20907503238759323,18,715.0,0.23209633363401308,33,1168.0
5200.0,26,580.0,8.529411764705882,4.509329206976368,8,359.0,0.32020763359193877,18,693.0,0.1954967898995404,26,1052.0
5205.0,33,407.0,5.652777777777778,3.584515830551856,7,282.0,0.2892957813209859,26,615.0,0.07861936258144539,33,897.0
5210.0,35,373.0,4.907894736842105,4.469887721346474,13,317.0,0.2903337691495866,22,533.0,0.1896915757937277,35,850.0
5215.0,35,467.0,6.064935064935065,4.510037170489185,15,317.0,0.3212013834596834,20,602.0,0.24699411409825345,35,919.0
5220.0,34,573.0,7.346153846153846,4.107122873140821,10,254.0,0.2904170485528004,24,687.0,0.19857219088638806,34,941.0
5225.0,34,620.0,7.469879518072289,4.256848538423282,9,244.0,0.3033441390151448,25,743.0,0.21086039808483784,34,987.0
5230.0,30,433.0,5.094117647058823,4.777623474150383,9,204.0,0.22879299551682641,21,719.0,0.2761032764493339,30,923.0
5235.0,35,446.0,5.309523809523809,4.2881251495893435,14,183.0,0.09440329880204,21,758.0,0.25467262311673633,35,941.0
5240.0,42,442.0,5.261904761904762,4.252659966060212,17,240.0,0.11579165892837806,25,766.0,0.22240334334347892,42,1006.0
5245.0,35,490.0,6.2025316455696204,3.9111456318748403,9,246.0,0.2412588670304812,26,819.0,0.1462687233115522,35,1065.0
5250.0,28,457.0,6.093333333333334,4.150966905168729,5,192.0,0.30590258660978265,23,820.0,0.10978349390348797,28,1012.0
5255.0,37,526.0,6.743589743589744,3.777525806936469,12,190.0,0.18658836907551477,25,895.0,0.09698221246161216,37,1085.0
5260.0,39,615.0,7.784810126582278,4.536154402381546,12,216.0,0.3017097674940266,27,943.0,0.11786825746074082,39,1159.0
5265.0,30,593.0,8.23611111111111,4.419177465202619,5,185.0,0.399343077747146,25,907.0,0.11952763958307666,30,1092.0
5270.0,29,416.0,6.117647058823529,4.689166992682432,5,128.0,0.408694393247411,24,856.0,0.13265670359762316,29,984.0
5275.0,29,417.0,6.223880597014926,4.535803185396691,9,132.0,0.3537799164362408,20,885.0,0.1704029838956815,29,1017.0
5280.0,28,431.0,6.432835820895522,4.459577280386455,9,142.0,0.201981388677782,19,872.0,0.2391454373006141,28,1014.0
5285.0,31,473.0,7.390625,4.465402256305197,9,137.0,0.21373323360226265,22,896.0,0.22013069887207687,31,1033.0
5290.0,28,353.0,5.430769230769231,4.063839108524904,8,124.0,0.26025870253949185,20,873.0,0.116413899040098,28,997.0
5295.0,37,451.0,6.731343283582089,3.782555847871325,12,147.0,0.29741746800548874,25,899.0,0.1395590719186564,37,1046.0
5300.0,32,509.0,7.712121212121212,4.193031470303749,8,169.0,0.3363890210452687,24,877.0,0.2175528372858558,32,1046.0
5305.0,28,487.0,7.609375,4.648442477125764,6,145.0,0.4716815686984372,22,900.0,0.2055681771776528,28,1045.0
5310.0,27,418.0,6.430769230769231,4.418801992252775,5,122.0,0.3976170723184293,22,847.0,0.1543877060788812,27,969.0
5315.0,33,459.0,6.75,3.9036541278791828,11,161.0,0.2523577918170426,22,870.0,0.12843260182715646,33,1031.0
5320.0,30,306.0,4.636363636363637,4.818816910933772,11,128.0,0.2926607379129348,19,831.0,0.20320090192669762,30,959.0
5325.0,27,349.0,5.721311475409836,4.543080165435541,12,136.0,0.14817427228510183,15,772.0,0.25725658221311654,27,908.0
5330.0,27,297.0,4.790322580645161,4.114037177661991,11,158.0,0.154885514412363,16,671.0,0.19428209835779284,27,829.0
5335.0,25,284.0,4.655737704918033,4.637074819558976,6,119.0,0.37451216476076504,19,699.0,0.17508298933429625,25,818.0
5340.0,23,356.0,5.313432835820896,4.9419418036481355,5,131.0,0.38016005763054456,18,715.0,0.16226141347143727,23,846.0
5345.0,28,462.0,6.794117647058823,5.49935465134787,11,175.0,0.39276048479265385,17,714.0,0.19821324400127083,28,889.0
5350.0,25,543.0,8.484375,5.837407286402449,10,185.0,0.4398080482544645,15,704.0,0.22282855151916525,25,889.0
5355.0,24,519.0,8.508196721311476,5.147451322305782,9,144.0,0.4215140672914061,15,667.0,0.14523310046819782,24,811.0
5360.0,24,394.0,6.566666666666666,4.852784943210159,10,152.0,0.30215516037420964,14,543.0,0.13081291111409601,24,695.0
5365.0,27,446.0,7.433333333333334,4.834888890406068,15,166.0,0.2627763513478417,12,574.0,0.21912873601978608,27,740.0
5370.0,29,540.0,9.473684210526315,3.9900707656196617,16,223.0,0.18852900362719408,13,608.0,0.24019224299261888,29,831.0
5375.0,26,616.0,11.2,4.494081128535746,13,252.0,0.2639686321097844,13,615.0,0.2422992553001623,26,867.0
5380.0,26,698.0,12.464285714285714,4.300864032339311,13,282.0,0.28764576771565076,13,601.0,0.16103227408886653,26,883.0
5385.0,27,560.0,10.0,4.499918544845431,15,338.0,0.29443149315071115,12,488.0,0.19231224576519246,27,826.0
5390.0,24,527.0,9.581818181818182,4.7619213272484435,15,400.0,0.2471416665772955,9,280.0,0.3418601299245635,24,680.0
5395.0,20,480.0,8.88888888888889,4.491338924876037,13,424.0,0.24267437888544444,7,248.0,0.2546404639532151,20,672.0
5400.0,22,340.0,6.071428571428571,5.408164284753157,15,369.0,0.19961510251137468,7,192.0,0.36342029383248076,22,561.0
5405.0,20,282.0,4.862068965517241,5.739975419492977,13,256.0,0.2225239936395692,7,192.0,0.39108053209230725,20,448.0
5410.0,25,334.0,5.661016949152542,5.291798160359235,14,293.0,0.17633091390986788,11,234.0,0.44086761366691846,25,527.0
5415.0,24,383.0,6.603448275862069,5.680267572626925,15,335.0,0.2994306453025038,9,230.0,0.42479258406589365,24,565.0
5420.0,22,421.0,7.258620689655173,5.660910823569823,12,361.0,0.32844084765042414,10,231.0,0.3489279253236987,22,592.0
5425.0,23,382.0,6.586206896551724,4.935798698630182,9,328.0,0.3479155069717994,14,216.0,0.1976164436002401,23,544.0
5430.0,26,506.0,8.724137931034482,5.374324524508875,10,344.0,0.35296769746956597,16,229.0,0.23711569920544356,26,573.0
5435.0,26,323.0,5.046875,5.043838218578925,11,250.0,0.2816612339174566,15,242.0,0.25763589629868855,26,492.0
5440.0,22,302.0,4.7936507936507935,5.620226759209054,14,249.0,0.2219322669447743,8,195.0,0.40890247925950657,22,444.0
5445.0,25,270.0,4.576271186440678,4.936896544170458,15,242.0,0.1792006130818231,10,192.0,0.3888392307407629,25,434.0
5450.0,25,304.0,4.903225806451613,5.333880277249225,11,237.0,0.26649782010377293,14,225.0,0.3125658683262988,25,462.0
5455.0,27,260.0,4.0625,4.206095725645211,12,254.0,0.2917429585964718,15,248.0,0.20435636601459936,27,502.0
5460.0,21,241.0,3.6515151515151514,5.826787160002382,8,217.0,0.38500973721450776,13,250.0,0.2856155081820375,21,467.0
5465.0,20,258.0,3.8507462686567164,5.2878172357665045,8,224.0,0.42668511974174417,12,238.0,0.17822493849624862,20,462.0
5470.0,19,248.0,3.701492537313433,5.667053750547467,10,228.0,0.3145684412431959,9,184.0,0.2826603216030869,19,412.0
5475.0,28,271.0,3.985294117647059,4.459924009130732,16,276.0,0.1910892824180589,12,185.0,0.2750086870635081,28,461.0
5480.0,34,413.0,5.816901408450704,4.355230926527229,20,366.0,0.1583019820325044,14,217.0,0.28238350835347037,34,583.0
5485.0,34,446.0,6.371428571428571,4.615848023466169,19,398.0,0.2510045336129301,15,241.0,0.3179898366199458,34,639.0
5490.0,27,450.0,6.428571428571429,5.154389237916546,11,375.0,0.3284118769838628,16,260.0,0.263923078361391,27,635.0
5495.0,28,358.0,5.264705882352941,4.520832588497558,12,329.0,0.35146416605722514,16,274.0,0.11844753098891196,28,603.0
5500.0,26,306.0,4.5,4.60283984865024,15,285.0,0.23086008543063782,11,247.0,0.21707480172648175,26,532.0
5505.0,32,332.0,4.811594202898551,3.9046238792900874,20,335.0,0.13438183510947505,12,236.0,0.30231718866485163,32,571.0
5510.0,39,398.0,5.768115942028985,4.1365101491406255,23,380.0,0.21018310369673526,16,302.0,0.31754653254668347,39,682.0
5515.0,32,400.0,5.714285714285714,3.8799997362754546,18,416.0,0.25668145502101986,14,331.0,0.2973047821149344,32,747.0
5520.0,34,444.0,6.166666666666667,4.11451645799964,16,386.0,0.2876496204934598,18,389.0,0.22638911569602294,34,775.0
5525.0,34,379.0,4.922077922077922,3.9366726626788995,14,408.0,0.3216065538828061,20,413.0,0.12329060946957858,34,821.0
5530.0,37,482.0,6.10126582278481,4.428424319455938,18,438.0,0.28002015339966546,19,409.0,0.21205839314786112,37,847.0
5535.0,37,530.0,6.708860759493671,4.0989166557537535,21,493.0,0.22180146771105855,16,398.0,0.2347201222982099,37,891.0
5540.0,28,403.0,5.166666666666667,4.284906425474576,19,510.0,0.1919542326496367,9,292.0,0.17797007037707777,28,802.0
5545.0,22,330.0,4.342105263157895,5.060577715769878,16,482.0,0.23374530466179955,6,270.0,0.19356705592328255,22,752.0
5550.0,26,320.0,4.324324324324325,5.238718126670031,14,422.0,0.21442935254279438,12,273.0,0.25070059484409757,26,695.0
5555.0,32,338.0,4.828571428571428,4.549444444137699,19,450.0,0.17438839380766824,13,257.0,0.34518446288017973,32,707.0
5560.0,30,317.0,4.464788732394366,4.521990453907808,23,456.0,0.11980645723167016,7,175.0,0.3835554977961488,30,631.0
5565.0,29,378.0,5.323943661971831,4.309548471774563,23,536.0,0.15560154783850394,6,159.0,0.38318081474037335,29,695.0
5570.0,30,417.0,5.712328767123288,4.339360245434549,17,553.0,0.27427611753563746,13,205.0,0.19823613409946142,30,758.0
5575.0,30,396.0,5.28,4.8146934681148155,15,550.0,0.34339867134765917,15,241.0,0.19278002540307437,30,791.0
5580.0,32,450.0,6.25,5.458140916191362,21,514.0,0.2557065860435501,11,244.0,0.34629933571216576,32,758.0
5585.0,33,468.0,6.324324324324325,4.170145097116535,24,506.0,0.11252258978754917,9,278.0,0.37793527254952436,33,784.0
5590.0,37,512.0,6.918918918918919,4.350846981940325,24,505.0,0.17168052964633249,13,309.0,0.2950080659816935,37,814.0
5595.0,37,598.0,8.08108108108108,4.025824173305812,23,534.0,0.18066315588101942,14,343.0,0.3200253486961486,37,877.0
5600.0,34,658.0,8.657894736842104,4.4414389389198945,24,579.0,0.12878112465618555,10,351.0,0.33096177073119615,34,930.0
5605.0,34,700.0,9.45945945945946,4.058424115147307,23,607.0,0.10583168468203416,11,388.0,0.31072413843558266,34,995.0
5610.0,37,627.0,8.58904109589041,3.8125262448376476,18,543.0,0.12485668416231531,19,465.0,0.18469383440098108,37,1008.0
5615.0,31,670.0,9.571428571428571,3.94957236537323,11,503.0,0.23368811074708742,20,539.0,0.0888334057372097,31,1042.0
5620.0,29,738.0,10.394366197183098,4.5806378470934055,13,502.0,0.225223400318616,16,584.0,0.09979873232954141,29,1086.0
5625.0,29,561.0,8.5,4.324856116594977,17,525.0,0.18315287059193697,12,470.0,0.1538590495281881,29,995.0
5630.0,30,504.0,7.753846153846154,4.503294181812697,19,559.0,0.17488205329783793,11,269.0,0.2556596620518256,30,828.0
5635.0,23,474.0,8.033898305084746,5.194245991735254,12,525.0,0.27988242141269476,11,249.0,0.27481380027888247,23,774.0
5640.0,26,403.0,6.830508474576271,4.517072431312935,14,483.0,0.23210714053308504,12,237.0,0.13039848158983874,26,720.0
5645.0,31,382.0,6.47457627118644,4.046642762423372,15,401.0,0.23347133410879697,16,263.0,0.11188723364466333,31,664.0
5650.0,31,466.0,7.28125,4.297352734145201,17,427.0,0.21722047753019064,14,275.0,0.2479498490289706,31,702.0
5655.0,20,418.0,6.53125,5.21529015128648,11,403.0,0.29534483880325857,9,265.0,0.3245275371556416,20,668.0
5660.0,16,387.0,5.863636363636363,5.9393189533564765,11,401.0,0.29840825696132006,5,179.0,0.3994935197316807,16,580.0
5665.0,19,437.0,6.333333333333333,5.571081497765718,11,393.0,0.3017079731850128,8,194.0,0.295400154286271,19,587.0
5670.0,29,552.0,8.117647058823529,5.805570349240696,17,459.0,0.29710431489658795,12,222.0,0.3553456243047686,29,681.0
5675.0,27,528.0,7.764705882352941,4.8010280024129415,19,501.0,0.1979126995413167,8,170.0,0.3894933048733215,27,671.0
5680.0,25,596.0,9.612903225806452,5.286083276103837,14,520.0,0.3009318648920619,11,216.0,0.32632676806289296,25,736.0
5685.0,24,316.0,5.180327868852459,4.5067151398772785,12,390.0,0.30146012958271007,12,213.0,0.170610159371715,24,603.0
5690.0,24,292.0,4.709677419354839,4.598728280590798,17,288.0,0.17253748273799388,7,174.0,0.32040369194224566,24,462.0
5695.0,29,332.0,5.627118644067797,3.379013162390067,21,345.0,0.07571623656191476,8,122.0,0.28713623681646216,29,467.0
5700.0,27,403.0,6.296875,4.98016423258844,15,359.0,0.23484751045821922,12,161.0,0.2097943201101731,27,520.0
5705.0,20,399.0,6.435483870967742,5.09977636524855,11,403.0,0.28815461146839816,9,159.0,0.17865528422682952,20,562.0
5710.0,28,502.0,8.229508196721312,5.161314488029134,18,483.0,0.20397620085076287,10,139.0,0.348129096842523,28,622.0
5715.0,31,414.0,6.786885245901639,3.99913676211496,23,472.0,0.12728654192091995,8,133.0,0.37997235933869966,31,605.0
5720.0,28,330.0,5.593220338983051,4.42865389857402,23,496.0,0.1334350276413365,5,76.0,0.45530008800021105,28,572.0
5725.0,27,358.0,6.172413793103448,3.9805574203193164,21,543.0,0.13135882544942484,6,66.0,0.3714641038508878,27,609.0
5730.0,25,325.0,5.327868852459017,4.566466040099311,14,517.0,0.19395870735267462,11,112.0,0.26092129499852706,25,629.0
5735.0,20,354.0,5.9,5.614068104804485,12,490.0,0.34384444159950767,8,124.0,0.1924106005818538,20,614.0
5740.0,21,411.0,6.737704918032787,5.883638091251827,13,476.0,0.21756296704126102,8,125.0,0.3274307471875448,21,601.0
5745.0,21,405.0,6.982758620689655,5.240876363169302,15,458.0,0.14891437821192335,6,104.0,0.3424173473365965,21,562.0
5750.0,25,492.0,8.2,5.218907873398887,17,498.0,0.18336153938488295,8,113.0,0.40915767286334015,25,611.0
5755.0,19,459.0,8.196428571428571,6.011370265445647,13,480.0,0.288366200040447,6,86.0,0.4374085834472459,19,566.0
5760.0,21,343.0,6.017543859649122,5.946861639698926,13,406.0,0.26046277939723506,8,81.0,0.33623759390690583,21,487.0
5765.0,26,296.0,4.774193548387097,5.256367194346692,19,335.0,0.19823015141796857,7,83.0,0.33304478002759386,26,418.0
5770.0,27,376.0,6.064516129032258,5.261241958533333,19,386.0,0.18733016714132053,8,99.0,0.455660190141844,27,485.0
5775.0,23,371.0,5.888888888888889,5.886342605351328,17,435.0,0.17945904817091368,6,80.0,0.579121438046059,23,515.0
5780.0,23,411.0,6.2272727272727275,5.518700944625035,15,467.0,0.2670210944683812,8,106.0,0.43212606935270353,23,573.0
5785.0,19,340.0,5.151515151515151,5.955108725576976,12,435.0,0.3460652173809372,7,88.0,0.35743712058294064,19,523.0
5790.0,24,225.0,3.5714285714285716,5.40447829460149,13,373.0,0.2662362818241063,11,93.0,0.29968282617801234,24,466.0
5795.0,29,262.0,4.09375,4.8525279544565,21,319.0,0.16454398981183807,8,122.0,0.3002723857425441,29,441.0
5800.0,29,361.0,5.73015873015873,5.002647699423928,22,393.0,0.1647130651304831,7,133.0,0.3644756225402196,29,526.0
5805.0,25,334.0,5.21875,5.317811611916985,20,438.0,0.17092212556774977,5,117.0,0.46238925556292115,25,555.0
5810.0,21,309.0,4.983870967741935,5.706142643658462,16,455.0,0.2067587188321772,5,84.0,0.5438210132279288,21,539.0
5815.0,22,307.0,5.203389830508475,5.461297275943319,13,429.0,0.3043341163143359,9,113.0,0.2570677319271548,22,542.0
5820.0,27,375.0,5.9523809523809526,4.650501769430344,18,468.0,0.21386690209986908,9,141.0,0.23676142545283987,27,609.0
5825.0,27,455.0,6.893939393939394,4.912760028055924,21,514.0,0.1611480571727527,6,159.0,0.4258934613877527,27,673.0
5830.0,23,411.0,6.323076923076923,5.334499674028835,20,562.0,0.2411707646590421,3,101.0,0.46904967887830334,23,663.0
5835.0,21,452.0,6.848484848484849,6.02097172237252,15,584.0,0.27579329320356943,6,75.0,0.441792829919896,21,659.0
5840.0,28,363.0,5.338235294117647,4.34535290797308,21,497.0,0.18387928778307988,7,87.0,0.34223708003878506,28,584.0
5845.0,30,336.0,4.869565217391305,5.12568697196656,23,500.0,0.18796019933346517,7,104.0,0.4326420132386186,30,604.0
5850.0,27,269.0,3.842857142857143,5.379410759000204,23,540.0,0.18788418236659973,4,67.0,0.48543691293893476,27,607.0
5855.0,28,337.0,4.814285714285714,5.927147790582727,25,579.0,0.23832939740557535,3,45.0,0.5542911864379345,28,624.0
5860.0,28,367.0,5.477611940298507,5.279170718804928,25,642.0,0.2276692821228241,3,37.0,0.5429892632403284,28,679.0
5865.0,30,384.0,5.565217391304348,4.69892628806448,21,648.0,0.22150711982530338,9,53.0,0.34827218193946746,30,701.0
5870.0,29,491.0,7.014285714285714,4.284512759428091,20,715.0,0.21429484591806855,9,83.0,0.25317672588072954,29,798.0
5875.0,34,626.0,8.816901408450704,4.201654457107991,26,816.0,0.15476362336144184,8,107.0,0.32141905108765395,34,923.0
5880.0,35,667.0,9.666666666666666,4.311444699159092,27,857.0,0.10107505803442365,8,119.0,0.40287224909101554,35,976.0
5885.0,38,775.0,11.397058823529411,4.577798967036397,28,851.0,0.07304404037709442,10,162.0,0.39995849301281455,38,1013.0
5890.0,33,829.0,12.014492753623188,4.433027719584253,28,919.0,0.02191540132706586,5,158.0,0.3790492507554733,33,1077.0
5895.0,29,850.0,12.686567164179104,5.019648508406979,19,925.0,0.18767202520430842,10,173.0,0.3348402144848106,29,1098.0
5900.0,28,853.0,13.328125,4.623431995107018,19,965.0,0.21156735243518818,9,151.0,0.2854409702936422,28,1116.0
5905.0,38,948.0,14.149253731343284,4.573199787273134,26,1081.0,0.20203186648346785,12,127.0,0.32889678543651724,38,1208.0
5910.0,34,872.0,13.014925373134329,4.040801622239939,25,1069.0,0.21763733308558517,9,145.0,0.25990883424235395,34,1214.0
5915.0,32,579.0,8.772727272727273,4.185701432573403,24,992.0,0.2035172562455153,8,127.0,0.27992012818174683,32,1119.0
5920.0,31,449.0,6.803030303030303,4.12837017205964,23,931.0,0.12178228800077895,8,148.0,0.322234997653109,31,1079.0
5925.0,32,382.0,5.701492537313433,4.102138102523195,18,955.0,0.09610889453350827,14,193.0,0.30374810752797904,32,1148.0
5930.0,26,341.0,5.246153846153846,3.869586082683755,14,904.0,0.12023634443163428,12,214.0,0.22491668707856557,26,1118.0
5935.0,22,370.0,5.6923076923076925,4.303548918046507,13,879.0,0.11887540526853284,9,214.0,0.243477116604823,22,1093.0
5940.0,29,415.0,6.287878787878788,4.5186526190984075,18,794.0,0.1237584607760414,11,214.0,0.28021073540577984,29,1008.0
5945.0,26,408.0,6.476190476190476,4.342471969661201,15,826.0,0.1824768367527753,11,213.0,0.32454682735970236,26,1039.0
5950.0,22,430.0,6.825396825396825,4.328178964832135,12,796.0,0.22462080685857,10,230.0,0.2700105116213525,22,1026.0
5955.0,23,338.0,5.633333333333334,4.4811920519545305,13,723.0,0.19923742778354311,10,218.0,0.2413451260665663,23,941.0
5960.0,29,375.0,5.9523809523809526,5.088953857324222,17,670.0,0.15394757100845483,12,259.0,0.3011312936325264,29,929.0
5965.0,32,449.0,7.483333333333333,4.522366215464483,21,679.0,0.11344514117442218,11,261.0,0.3214634504294421,32,940.0
5970.0,27,468.0,7.932203389830509,4.566940448844556,17,613.0,0.16660546581291583,10,246.0,0.3636009913394316,27,859.0
5975.0,20,297.0,4.790322580645161,4.387755485210967,12,607.0,0.23152046610402402,8,162.0,0.35425318513536996,20,769.0
5980.0,21,258.0,4.161290322580645,5.168049052256392,10,541.0,0.27650068699357283,11,139.0,0.40349092440065987,21,680.0
5985.0,21,183.0,2.9516129032258065,5.1743899082407,11,503.0,0.3300154485279314,10,169.0,0.32170242518230946,21,672.0
5990.0,32,303.0,4.661538461538462,4.873952445643572,18,508.0,0.24518260107926895,14,200.0,0.23678621911365919,32,708.0
5995.0,32,415.0,6.587301587301587,3.8943402180001514,15,563.0,0.1523519373047915,17,253.0,0.2192307822482759,32,816.0
6000.0,30,518.0,8.35483870967742,4.834215424172063,14,581.0,0.21236937784095164,16,309.0,0.23676445032461835,30,890.0
6005.0,32,489.0,8.15,3.3966120528984813,16,542.0,0.2095246688654495,16,310.0,0.14687211450564092,32,852.0
6010.0,31,499.0,7.676923076923077,4.562194428943187,13,451.0,0.2906625759564097,18,358.0,0.20564187124187205,31,809.0
6015.0,30,537.0,8.390625,4.710250063938139,14,503.0,0.3535389338397347,16,383.0,0.25094405108306755,30,886.0
6020.0,31,513.0,7.7727272727272725,4.671373584873989,18,573.0,0.2827702452607774,13,362.0,0.2870531133017437,31,935.0
6025.0,33,540.0,8.307692307692308,3.4770889529583244,21,622.0,0.16872894361285734,12,400.0,0.24191437313142955,33,1022.0
6030.0,31,578.0,8.757575757575758,3.7749276554227333,16,648.0,0.20789671681558203,15,421.0,0.15900271131733923,31,1069.0
6035.0,32,552.0,8.363636363636363,3.8475694452763114,15,618.0,0.27379935173275466,17,429.0,0.15039656203337776,32,1047.0
6040.0,27,492.0,7.454545454545454,4.619972788940097,15,560.0,0.21825767784661443,12,363.0,0.26757452761633216,27,923.0
6045.0,29,408.0,6.181818181818182,4.037277961828841,16,471.0,0.1510645942909695,13,397.0,0.24937016876702586,29,868.0
6050.0,34,390.0,5.909090909090909,4.648525823369087,18,431.0,0.24539644844608063,16,443.0,0.25464528588260693,34,874.0
6055.0,35,458.0,7.046153846153846,3.7544578720465136,18,464.0,0.26052918839440875,17,475.0,0.18245767908296562,35,939.0
6060.0,24,434.0,6.575757575757576,4.29316272741799,12,443.0,0.20156859682715034,12,473.0,0.2117751303349645,24,916.0
6065.0,24,376.0,5.696969696969697,4.709744195311952,14,436.0,0.17985035279923595,10,451.0,0.2692086642527845,24,887.0
6070.0,33,362.0,5.323529411764706,4.990345361961845,19,480.0,0.18291338762117992,14,375.0,0.2828944186282577,33,855.0
6075.0,32,460.0,6.96969696969697,4.24100404403975,17,520.0,0.24533020118648982,15,421.0,0.2593479174744978,32,941.0
6080.0,25,507.0,8.311475409836065,4.95816924682564,11,501.0,0.24710585142082211,14,433.0,0.31230961836078763,25,934.0
6085.0,22,507.0,8.047619047619047,4.443707974975746,10,462.0,0.1720688270833072,12,441.0,0.3074067744413153,22,903.0
6090.0,33,512.0,7.641791044776119,4.964236810317636,14,403.0,0.2314824814236316,19,518.0,0.2968207976541536,33,921.0
6095.0,27,407.0,6.4603174603174605,4.878827004391781,11,429.0,0.32509847317467033,16,483.0,0.295639911042355,27,912.0
6100.0,25,447.0,6.984375,5.063793111559144,9,435.0,0.30485577349590604,16,438.0,0.24931397035163563,25,873.0
6105.0,31,492.0,7.569230769230769,4.078149741730507,12,450.0,0.2635115698735954,19,478.0,0.16466791213615908,31,928.0
6110.0,28,546.0,8.029411764705882,5.492250663948354,11,434.0,0.2714015411161129,17,486.0,0.29174064759557505,28,920.0
6115.0,27,599.0,9.507936507936508,4.7476286000775,12,468.0,0.185944802305514,15,527.0,0.3111725909714445,27,995.0
6120.0,27,667.0,10.934426229508198,5.340863244733362,11,488.0,0.2906783994277481,16,567.0,0.26287731326636804,27,1055.0
6125.0,30,524.0,8.59016393442623,3.765680855943912,12,408.0,0.2746655081524094,18,511.0,0.12212789220002697,30,919.0
6130.0,30,418.0,6.634920634920635,4.7820478237922055,12,268.0,0.3796453480691743,18,407.0,0.18222731934228725,30,675.0
6135.0,28,425.0,6.746031746031746,4.012682523751688,12,311.0,0.3628741298494235,16,412.0,0.21786899150138184,28,723.0
6140.0,32,540.0,8.307692307692308,4.793139717245233,14,370.0,0.40850458343727275,18,385.0,0.15317635122177997,32,755.0
6145.0,32,590.0,8.676470588235293,4.927307529035599,13,417.0,0.43777128041178703,19,410.0,0.11497010260138975,32,827.0
6150.0,30,611.0,8.855072463768115,5.405662666366435,17,489.0,0.2784727502861687,13,387.0,0.26659499782758445,30,876.0
6155.0,27,556.0,8.553846153846154,4.555300596325883,19,484.0,0.165384685495685,8,353.0,0.331298420692061,27,837.0
6160.0,28,526.0,7.850746268656716,4.318444508063539,17,488.0,0.155512896304169,11,324.0,0.3030369933606614,28,812.0
6165.0,30,332.0,4.955223880597015,4.454305661292263,17,414.0,0.19730921928754905,13,308.0,0.3453161637339349,30,722.0
6170.0,31,308.0,4.4,4.546253842905178,16,313.0,0.2452903150778651,15,274.0,0.2649485243031229,31,587.0
6175.0,34,314.0,4.617647058823529,3.9930388948142546,16,349.0,0.27338759129963686,18,296.0,0.1724237744649512,34,645.0
6180.0,21,205.0,2.9285714285714284,4.9418779662669134,11,326.0,0.2753602848165595,10,260.0,0.17797038715195385,21,586.0
6185.0,20,225.0,3.3582089552238807,4.277833277512373,10,328.0,0.13747268128230242,10,274.0,0.19352849935823643,20,602.0
6190.0,29,219.0,3.1739130434782608,4.00943078224488,16,323.0,0.1263649032201653,13,299.0,0.17460717505052073,29,622.0
6195.0,32,293.0,4.3088235294117645,4.102963404619479,17,365.0,0.2176691194628187,15,327.0,0.22158742965497466,32,692.0
6200.0,32,393.0,6.140625,4.495112753813068,21,454.0,0.15151532292894762,11,315.0,0.35092411289791114,32,769.0
6205.0,33,465.0,7.153846153846154,4.084706522645842,22,489.0,0.16216897130060187,11,342.0,0.2598237230410434,33,831.0
6210.0,26,433.0,6.462686567164179,4.601326941772033,11,440.0,0.20765904450782088,15,375.0,0.15781273176949545,26,815.0
6215.0,29,373.0,5.828125,4.748889557806445,10,395.0,0.3066846187368006,19,390.0,0.1317967424181054,29,785.0
6220.0,32,465.0,7.380952380952381,4.6364512807089655,15,402.0,0.21734992125786812,17,359.0,0.2238265002600533,32,761.0
6225.0,36,473.0,7.629032258064516,3.4859047108946557,19,415.0,0.17710771222960145,17,376.0,0.22321019698378056,36,791.0
6230.0,25,373.0,5.828125,4.5189663929890855,16,400.0,0.23786456412360454,9,334.0,0.28906302392109184,25,734.0
6235.0,24,258.0,3.909090909090909,4.668559262209434,16,412.0,0.23577996259790535,8,261.0,0.29152715687000347,24,673.0
6240.0,23,241.0,3.5441176470588234,5.797733935565493,10,341.0,0.2880007445089616,13,253.0,0.31406593020361073,23,594.0
6245.0,26,298.0,4.515151515151516,4.985133440083694,11,332.0,0.2832077101393877,15,268.0,0.19827273451534166,26,600.0
6250.0,27,366.0,5.462686567164179,5.320112362960609,16,322.0,0.22556064066114784,11,233.0,0.26136822502336043,27,555.0
6255.0,28,354.0,5.53125,4.699320444728972,17,336.0,0.18667699870305518,11,239.0,0.3075882604436115,28,575.0
6260.0,36,506.0,7.552238805970149,4.899404441203906,19,379.0,0.2351554404028739,17,314.0,0.2952823571192298,36,693.0
6265.0,34,549.0,8.194029850746269,3.992357029432559,18,410.0,0.2917926763647941,16,355.0,0.19231287284960427,34,765.0
6270.0,31,631.0,9.56060606060606,4.522778193870597,19,450.0,0.2505104667835533,12,372.0,0.28140951746840137,31,822.0
6275.0,27,554.0,8.523076923076923,4.411584014141578,17,436.0,0.20932318233585148,10,347.0,0.31344683199007173,27,783.0
6280.0,24,235.0,3.5074626865671643,4.618766136370917,13,334.0,0.19062287786180993,11,294.0,0.28403376243183875,24,628.0
6285.0,25,264.0,3.9402985074626864,4.216784262220802,12,379.0,0.24006552771548761,13,333.0,0.18092996716181178,25,712.0
6290.0,36,393.0,5.695652173913044,4.188537217210647,16,436.0,0.25602295264117436,20,381.0,0.12574049494149384,36,817.0
6295.0,34,477.0,7.119402985074627,3.99960490425798,16,432.0,0.2847389775017295,18,436.0,0.16622836078943504,34,868.0
6300.0,25,453.0,6.291666666666667,5.066311228010525,12,364.0,0.29120534049981506,13,436.0,0.19195992085044,25,800.0
6305.0,21,406.0,5.884057971014493,5.451446683639435,12,342.0,0.2556142557842197,9,384.0,0.2787828977924246,21,726.0
6310.0,26,326.0,4.527777777777778,5.116307440833028,16,331.0,0.2565160317635476,10,304.0,0.24205664965093232,26,635.0
6315.0,23,238.0,3.449275362318841,4.627691696236504,14,349.0,0.25649670832417515,9,239.0,0.33074028391880617,23,588.0
6320.0,24,268.0,3.8840579710144927,5.155291452574673,13,338.0,0.24024237057701642,11,210.0,0.37941036186017124,24,548.0
6325.0,28,206.0,2.942857142857143,4.97859680352698,16,335.0,0.25431365124069644,12,218.0,0.3174423068151561,28,553.0
6330.0,28,247.0,3.579710144927536,5.173492046628353,21,349.0,0.18805889015750682,7,188.0,0.3719384110591949,28,537.0
6335.0,33,328.0,4.895522388059701,3.7052682098677026,26,422.0,0.08036962645300845,7,160.0,0.26604092147343333,33,582.0
6340.0,36,369.0,5.3478260869565215,4.1374461466675365,26,473.0,0.10145291201901206,10,138.0,0.35326445417962304,36,611.0
6345.0,30,364.0,5.352941176470588,3.7912825790082394,20,527.0,0.16102250763049616,10,151.0,0.34128317954326126,30,678.0
6350.0,20,268.0,4.123076923076923,5.005952982930528,12,509.0,0.2088673970330062,8,147.0,0.380297889708475,20,656.0
6355.0,22,181.0,2.828125,4.26778893086877,12,459.0,0.1965935619731574,10,129.0,0.14627303692883448,22,588.0
6360.0,39,307.0,4.514705882352941,3.782702121259475,23,486.0,0.10645515623754649,16,191.0,0.15052739570035853,39,677.0
6365.0,34,426.0,6.358208955223881,4.0652222530853965,22,548.0,0.1490754272915679,12,228.0,0.27884911234222315,34,776.0
6370.0,23,480.0,7.741935483870968,5.891252300137522,16,570.0,0.2708125068635525,7,226.0,0.3623023328156272,23,796.0
6375.0,19,406.0,6.444444444444445,5.339643604757335,14,566.0,0.2726527586047501,5,173.0,0.2527290168600114,19,739.0
6380.0,26,352.0,5.67741935483871,5.075119673516133,17,536.0,0.20947814566970993,9,116.0,0.32349730683980943,26,652.0
6385.0,27,305.0,5.350877192982456,4.812229811037563,19,536.0,0.19959254107412885,8,104.0,0.44473491542566485,27,640.0
6390.0,25,313.0,5.131147540983607,4.842068922447393,17,542.0,0.2299535807222006,8,112.0,0.4108865376367109,25,654.0
6395.0,32,373.0,6.216666666666667,4.4972407977931566,21,530.0,0.21762948427985546,11,163.0,0.33151345880001215,32,693.0
6400.0,34,456.0,7.238095238095238,4.272341647383707,20,563.0,0.2059760610085879,14,227.0,0.27183519990698185,34,790.0
6405.0,27,372.0,5.8125,4.559356796795276,15,559.0,0.22265644344299604,12,226.0,0.25601757591309376,27,785.0
6410.0,20,277.0,4.134328358208955,5.799234827357064,14,568.0,0.3050207996709081,6,152.0,0.198523882946657,20,720.0
6415.0,18,227.0,3.338235294117647,6.768206873594561,13,569.0,0.2612015692230932,5,95.0,0.41383073673506293,18,664.0
6420.0,23,302.0,4.6461538461538465,6.452169379006341,18,578.0,0.14427037635924236,5,79.0,0.48490399799039513,23,657.0
6425.0,30,353.0,5.515625,5.508435333190838,20,587.0,0.11811472733402685,10,115.0,0.4558167527994723,30,702.0
6430.0,25,283.0,4.639344262295082,4.270989150127596,16,531.0,0.17089971004497395,9,128.0,0.3431148146674903,25,659.0
6435.0,24,291.0,4.693548387096774,5.259028919699264,12,545.0,0.28219953895740124,12,160.0,0.37400628052151375,24,705.0
6440.0,19,262.0,4.030769230769231,4.928113379434906,9,487.0,0.30939665157579793,10,166.0,0.30072477440041656,19,653.0
6445.0,24,205.0,2.9285714285714284,5.262048705566181,15,436.0,0.20488278853248915,9,143.0,0.3473306121626282,24,579.0
6450.0,24,272.0,3.8857142857142857,6.033500754628623,16,478.0,0.1959191380618847,8,166.0,0.4093584648402476,24,644.0
6455.0,29,362.0,5.098591549295775,5.3891442274968036,16,522.0,0.2051656422134477,13,195.0,0.3535135725861631,29,717.0
6460.0,30,409.0,5.927536231884058,4.407602242167438,15,567.0,0.26058024696038445,15,179.0,0.24713409452882168,30,746.0
6465.0,37,509.0,7.271428571428571,4.2449856501624375,16,548.0,0.2869056329583511,21,257.0,0.22788662388146297,37,805.0
6470.0,34,477.0,6.625,4.161961177518271,14,445.0,0.2858851679039594,20,298.0,0.21534135284176675,34,743.0
6475.0,28,342.0,4.816901408450704,4.324336630673904,12,420.0,0.25152199633536737,16,290.0,0.28171038972784784,28,710.0
6480.0,32,363.0,5.041666666666667,4.7594522142419216,15,374.0,0.22928346400403182,17,303.0,0.3340977340643604,32,677.0
6485.0,33,414.0,5.671232876712328,4.327799385322932,18,426.0,0.18161947615916446,15,311.0,0.3246122476832949,33,737.0
6490.0,31,385.0,5.202702702702703,4.82634908523961,14,430.0,0.2520824334715848,17,313.0,0.3158132141488188,31,743.0
6495.0,36,442.0,5.740259740259741,3.973184584103053,16,445.0,0.22944081015058201,20,323.0,0.18252999921455595,36,768.0
6500.0,41,506.0,6.405063291139241,4.219131369515952,17,407.0,0.258650425707192,24,384.0,0.16280646735450455,41,791.0
6505.0,36,442.0,5.972972972972973,3.7507975405829708,16,410.0,0.18791271583360292,20,411.0,0.20975720304290746,36,821.0
6510.0,36,492.0,6.3896103896103895,3.5922680675179373,19,400.0,0.08924353471861547,17,453.0,0.2375850406858438,36,853.0
6515.0,37,577.0,7.397435897435898,4.21335919146445,18,450.0,0.19984986433679153,19,492.0,0.23033050129503457,37,942.0
6520.0,39,551.0,6.8875,4.387558169619429,12,434.0,0.29279424009922644,27,560.0,0.15242141954371236,39,994.0
6525.0,38,475.0,5.864197530864198,4.034636482254446,12,391.0,0.26811105034330324,26,598.0,0.13109930514778154,38,989.0
6530.0,38,562.0,6.853658536585366,4.619449338097196,14,417.0,0.34442409527046514,24,658.0,0.15787255597105831,38,1075.0
6535.0,31,539.0,6.7375,4.9745758162325675,14,439.0,0.34150558001365017,17,635.0,0.22464094095592058,31,1074.0
6540.0,27,488.0,6.337662337662338,4.228853307571905,11,424.0,0.23507676149810042,16,627.0,0.16060888529121783,27,1051.0
6545.0,30,315.0,4.038461538461538,3.865375943391132,11,346.0,0.2613317196745958,19,661.0,0.09461593977745728,30,1007.0
6550.0,42,406.0,5.342105263157895,3.699483582733263,17,256.0,0.2637605346183517,25,702.0,0.08830117965184861,42,958.0
6555.0,42,506.0,6.931506849315069,3.1860486870677565,18,312.0,0.1887983199635599,24,729.0,0.16079946455666105,42,1041.0
6560.0,37,567.0,7.269230769230769,3.4978639502633198,14,336.0,0.19454514270103554,23,769.0,0.16822123091064894,37,1105.0
6565.0,31,541.0,7.3108108108108105,4.513462174073462,12,358.0,0.24618900066799063,19,730.0,0.2279581788037254,31,1088.0
6570.0,32,595.0,7.828947368421052,4.349600144876171,15,395.0,0.167332789257965,17,748.0,0.22614689378167704,32,1143.0
6575.0,39,639.0,8.52,3.877051868004647,18,448.0,0.16443306830727533,21,707.0,0.18499762552175994,39,1155.0
6580.0,33,539.0,7.7,3.915323188591683,12,457.0,0.2596024729938718,21,684.0,0.14817968390591466,33,1141.0
6585.0,36,497.0,6.626666666666667,3.63787642920705,12,384.0,0.256395862311253,24,685.0,0.14399990282327915,36,1069.0
6590.0,41,484.0,6.1265822784810124,4.282390177788645,17,365.0,0.3254492105926731,24,704.0,0.19922715417871906,41,1069.0
6595.0,30,476.0,6.102564102564102,4.712192436870922,15,363.0,0.3241381981267389,15,650.0,0.26628200799275153,30,1013.0
6600.0,28,491.0,6.215189873417722,4.538773032267522,12,375.0,0.3154933984683815,16,665.0,0.16015630617797194,28,1040.0
6605.0,27,428.0,5.487179487179487,4.080423293128078,10,350.0,0.2410941146948139,17,664.0,0.13462648140785619,27,1014.0
6610.0,38,453.0,5.883116883116883,3.881458241346226,17,322.0,0.18631594574984064,21,683.0,0.15898399428451063,38,1005.0
6615.0,43,476.0,6.52054794520548,3.0296209668807186,20,382.0,0.1583537730753293,23,637.0,0.13563146063901824,43,1019.0
6620.0,37,544.0,7.661971830985915,3.2377171486331124,13,411.0,0.24702120810138345,24,667.0,0.07654760811831142,37,1078.0
6625.0,27,362.0,4.958904109589041,3.795576760232948,10,363.0,0.2341253774401413,17,606.0,0.12620967531811766,27,969.0
6630.0,28,412.0,5.421052631578948,5.185157003599915,15,335.0,0.16224664462571406,13,552.0,0.32753829623664693,28,887.0
6635.0,29,413.0,5.736111111111111,5.346754467258735,18,383.0,0.21162651193400686,11,491.0,0.3738724153833013,29,874.0
6640.0,25,475.0,7.08955223880597,5.329684722303651,11,398.0,0.24972143337517516,14,473.0,0.31853806090629067,25,871.0
6645.0,26,556.0,8.6875,4.2396890991016765,10,429.0,0.230291350769933,16,522.0,0.20122631033758123,26,951.0
6650.0,30,666.0,10.246153846153845,4.711971216794901,18,489.0,0.1463610552428973,12,549.0,0.3279300139667374,30,1038.0
6655.0,30,696.0,10.388059701492537,4.391463438674017,17,544.0,0.18507083028316154,13,532.0,0.21959813993312857,30,1076.0
6660.0,27,582.0,8.953846153846154,4.676351581485699,11,534.0,0.28386616767797146,16,485.0,0.22186480993409968,27,1019.0
6665.0,22,366.0,5.545454545454546,4.577710676512954,10,407.0,0.3351928457419951,12,523.0,0.1684944951543054,22,930.0
6670.0,20,346.0,5.164179104477612,5.969654037275329,11,219.0,0.328767374395996,9,525.0,0.3296324227338158,20,744.0
6675.0,26,402.0,6.0,5.0671769835346865,13,235.0,0.2546157053583702,13,525.0,0.28050122705123276,26,760.0
6680.0,24,458.0,6.63768115942029,5.233695119505241,10,225.0,0.3208912379583089,14,495.0,0.20362262332514197,24,720.0
6685.0,24,499.0,7.338235294117647,5.138358807968677,11,256.0,0.33523822986010354,13,533.0,0.1893543841658603,24,789.0
6690.0,26,575.0,8.582089552238806,5.268433820142898,12,293.0,0.3257650627007086,14,565.0,0.17563681227044398,26,858.0
6695.0,23,495.0,7.388059701492537,5.106642727050733,9,204.0,0.3061068232342456,14,594.0,0.19851438972447846,23,798.0
6700.0,27,514.0,7.5588235294117645,5.289193332097533,12,161.0,0.2656403506562396,15,610.0,0.31005248330196733,27,771.0
6705.0,27,451.0,6.833333333333333,4.485157237061662,14,207.0,0.24325685917072712,13,527.0,0.31138497553370725,27,734.0
6710.0,30,369.0,5.271428571428571,3.923039280118239,15,252.0,0.21700022637669883,15,394.0,0.27455377059884506,30,646.0
6715.0,30,296.0,4.169014084507042,3.7567157154217874,14,269.0,0.24882820163044547,16,381.0,0.28788714818535976,30,650.0
6720.0,32,376.0,5.1506849315068495,4.510378018563882,11,233.0,0.3402990782480907,21,441.0,0.24654328268657189,32,674.0
6725.0,34,422.0,5.48051948051948,4.036235632307594,12,243.0,0.31289003455417164,22,489.0,0.18091678484480478,34,732.0
6730.0,36,489.0,6.269230769230769,4.44452920845872,17,257.0,0.21340366100386057,19,507.0,0.2475299588632199,36,764.0
6735.0,41,507.0,6.584415584415584,3.4476262758187706,21,332.0,0.13886897708570345,20,526.0,0.21231239873522198,41,858.0
6740.0,35,446.0,5.6455696202531644,3.793612624684582,20,386.0,0.13771257012966173,15,496.0,0.21924106494332243,35,882.0
6745.0,41,538.0,6.897435897435898,3.701647542643975,21,426.0,0.16350591711704807,20,536.0,0.19087281494695443,41,962.0
6750.0,34,524.0,6.717948717948718,3.8240860858952055,14,433.0,0.20599199931165899,20,583.0,0.15320071957126988,34,1016.0
6755.0,30,566.0,7.256410256410256,4.580423272699771,10,418.0,0.319842775827366,20,626.0,0.16524157869271683,30,1044.0
6760.0,29,608.0,7.794871794871795,4.499260970779816,13,434.0,0.2527278825480468,16,596.0,0.15719958754144037,29,1030.0
6765.0,30,514.0,6.675324675324675,4.066919884537943,14,469.0,0.1981013347095229,16,515.0,0.14926562615787095,30,984.0
6770.0,41,552.0,6.987341772151899,4.153677503468292,19,511.0,0.21840208271083306,22,414.0,0.18307099627053366,41,925.0
6775.0,35,628.0,8.486486486486486,3.911354530246153,14,495.0,0.2428514596351382,21,477.0,0.1902693997789222,35,972.0
6780.0,29,490.0,6.447368421052632,4.4174211299772805,12,378.0,0.20992566234414065,17,505.0,0.24007034612890432,29,883.0
6785.0,33,551.0,7.064102564102564,4.601290672826616,17,360.0,0.12276970171016144,16,522.0,0.2956257469430545,33,882.0
6790.0,36,571.0,7.821917808219178,4.460978358599353,18,400.0,0.1936672397534037,18,532.0,0.3045167536425936,36,932.0
6795.0,26,597.0,8.408450704225352,4.5292316121809035,10,388.0,0.30548786843566655,16,581.0,0.1736559705482168,26,969.0
6800.0,28,662.0,9.735294117647058,4.316265338936925,11,362.0,0.23377281838766364,17,611.0,0.1297247363517856,28,973.0
6805.0,30,465.0,6.838235294117647,4.003269110271681,12,355.0,0.13675102878807266,18,565.0,0.12328956764015789,30,920.0
6810.0,35,555.0,8.283582089552239,4.373228288717511,13,355.0,0.20697398963650307,22,528.0,0.17957522012935556,35,883.0
6815.0,30,607.0,9.634920634920634,4.504442000609153,9,363.0,0.40071643065398893,21,560.0,0.13384723694654715,30,923.0
6820.0,29,584.0,8.716417910447761,4.549289717923164,9,374.0,0.3863238969276041,20,562.0,0.162155315847035,29,936.0
6825.0,32,727.0,10.850746268656716,5.216778985821097,12,414.0,0.37740558650248884,20,602.0,0.2815987235186327,32,1016.0
6830.0,36,772.0,10.873239436619718,3.915220322444723,14,416.0,0.3233646590125866,22,643.0,0.19383493146498898,36,1059.0
6835.0,31,803.0,11.63768115942029,4.303571134905795,16,490.0,0.26156576929405717,15,628.0,0.26647820883321766,31,1118.0
6840.0,36,816.0,11.492957746478874,3.45394224931311,19,536.0,0.11766860243559835,17,627.0,0.25326227558280345,36,1163.0
6845.0,31,657.0,8.878378378378379,3.906431496967515,13,545.0,0.14895524775700603,18,566.0,0.2066981480269745,31,1111.0
6850.0,29,686.0,9.8,4.143267400720745,10,545.0,0.26178776386028274,19,598.0,0.18408641246418347,29,1143.0
6855.0,22,505.0,6.824324324324325,4.449018265848454,8,463.0,0.22745884922798057,14,598.0,0.1674424155865306,22,1061.0
6860.0,27,284.0,3.8378378378378377,4.785317740441203,10,313.0,0.17871334256730959,17,616.0,0.2324994979944121,27,929.0
6865.0,34,333.0,4.269230769230769,4.771203634995186,13,328.0,0.2348333131588294,21,646.0,0.23323180254795142,34,974.0
6870.0,27,395.0,5.563380281690141,5.103417818066603,6,315.0,0.4566278812257143,21,714.0,0.2096762927111752,27,1029.0
6875.0,25,448.0,6.492753623188406,4.475045984093192,7,247.0,0.35303379129395057,18,748.0,0.16706234534219302,25,995.0
6880.0,33,558.0,8.08695652173913,3.982941529540663,12,171.0,0.21834331626232437,21,826.0,0.16050667889196202,33,997.0
6885.0,36,669.0,9.422535211267606,4.22613777273356,12,198.0,0.24138190677861177,24,890.0,0.1898657642447856,36,1088.0
6890.0,33,593.0,8.594202898550725,4.14859649316898,7,191.0,0.3821903161852594,26,866.0,0.14508392415755791,33,1057.0
6895.0,34,617.0,8.452054794520548,4.622925408341468,7,157.0,0.3773753135488043,27,885.0,0.16632101707231917,34,1042.0
6900.0,32,691.0,9.337837837837839,5.312004072083223,8,146.0,0.4668417052902818,24,948.0,0.21955653495647706,32,1094.0
6905.0,27,699.0,9.575342465753424,5.321576085265399,10,193.0,0.4021505442954446,17,947.0,0.22916813470687286,27,1140.0
6910.0,28,669.0,9.164383561643836,4.954278349946121,9,200.0,0.2903303268264781,19,914.0,0.24303321213988674,28,1114.0
6915.0,26,479.0,6.8428571428571425,4.880837303098073,6,175.0,0.3778091443375515,20,781.0,0.16363417973135985,26,956.0
6920.0,27,217.0,3.3384615384615386,3.6136594944552756,7,90.0,0.31280724535551,20,813.0,0.10579495062013836,27,903.0
6925.0,35,333.0,5.285714285714286,3.6612443808512287,10,125.0,0.25764824308882184,25,871.0,0.16370017949314603,35,996.0
6930.0,37,399.0,6.234375,2.9983066948034462,12,150.0,0.2545882332590555,25,925.0,0.13218837859808696,37,1075.0
6935.0,30,377.0,5.626865671641791,4.306320786701485,10,176.0,0.2966352173073842,20,913.0,0.1724552180269555,30,1089.0
6940.0,23,328.0,4.823529411764706,4.951850759605456,9,178.0,0.30919202029222054,14,933.0,0.24521195452253056,23,1111.0
6945.0,30,408.0,5.913043478260869,5.166939132754785,5,135.0,0.4059579500348541,25,1007.0,0.13662177750077165,30,1142.0
6950.0,32,534.0,8.612903225806452,4.764114272958048,6,142.0,0.4022312845605485,26,1072.0,0.11318533388166177,32,1214.0
6955.0,29,612.0,9.870967741935484,4.777854649525356,11,187.0,0.24931834744936135,18,1073.0,0.1660275085597539,29,1260.0
6960.0,24,639.0,11.410714285714286,4.167502073875775,7,204.0,0.23470713289260825,17,1112.0,0.14487821896975128,24,1316.0
6965.0,32,741.0,13.0,4.292208059938882,8,225.0,0.3477974313501016,24,1175.0,0.142822989765276,32,1400.0
6970.0,26,564.0,9.724137931034482,4.629180466120129,3,117.0,0.5588481922007108,23,1100.0,0.17583682645212764,26,1217.0
6975.0,25,426.0,7.1,5.297318444463647,4,79.0,0.58043780288407,21,936.0,0.2450246785879578,25,1015.0
6980.0,25,373.0,6.216666666666667,5.0713701598505185,5,96.0,0.4930488226313457,20,928.0,0.2683424707726464,25,1024.0
6985.0,21,296.0,4.774193548387097,4.6730026380060945,4,69.0,0.47471369791092327,17,935.0,0.23488015220253297,21,1004.0
6990.0,24,271.0,4.516666666666667,4.600001420747393,7,58.0,0.3838402371606855,17,870.0,0.23183827256440065,24,928.0
6995.0,26,346.0,5.580645161290323,3.8481007239284857,6,75.0,0.32708436201816854,20,844.0,0.14470510906548947,26,919.0
7000.0,37,462.0,6.794117647058823,3.628156675710222,13,124.0,0.2976720351179884,24,755.0,0.1071591323315275,37,879.0
7005.0,32,519.0,8.238095238095237,3.566934980935609,8,159.0,0.4686915727678895,24,832.0,0.10420094911227155,32,991.0
7010.0,35,600.0,9.523809523809524,3.470595294374403,10,201.0,0.40387540521819437,25,890.0,0.09401544545968077,35,1091.0
7015.0,38,459.0,7.285714285714286,2.188405216823628,11,197.0,0.25205670838459177,27,903.0,0.05272608271714534,38,1100.0
7020.0,40,548.0,8.5625,3.2222603280059294,10,161.0,0.2931179566222381,30,897.0,0.02054089738395374,40,1058.0
7025.0,38,632.0,9.875,4.1617828587641785,11,191.0,0.38994836135637795,27,934.0,0.0394669791346047,38,1125.0
7030.0,28,529.0,8.138461538461538,5.231533500572411,11,238.0,0.31517471072218767,17,881.0,0.11717648232724498,28,1119.0
7035.0,20,443.0,7.637931034482759,5.18149685004832,9,230.0,0.2991894017225061,11,766.0,0.16430004990509348,20,996.0
7040.0,23,390.0,6.724137931034483,5.139032787362731,11,238.0,0.3113632444860609,12,648.0,0.16902171170715583,23,886.0
7045.0,22,336.0,6.222222222222222,4.688546906416857,10,246.0,0.3612334814229403,12,636.0,0.21513191525469863,22,882.0
7050.0,20,384.0,7.836734693877551,4.956585710907814,12,272.0,0.2935235424601187,8,550.0,0.30988683543753986,20,822.0
7055.0,22,412.0,8.07843137254902,4.472125681408683,11,295.0,0.2025271138446818,11,496.0,0.2879544681181552,22,791.0
7060.0,19,461.0,8.69811320754717,5.857847425813269,9,303.0,0.34658517642883757,10,442.0,0.2861565179855999,19,745.0
7065.0,22,220.0,4.313725490196078,4.973288090845686,9,171.0,0.3087609292008496,13,438.0,0.2257578807512797,22,609.0
7070.0,25,240.0,4.528301886792453,5.352982144627115,10,114.0,0.2938006054076622,15,386.0,0.2372605253931559,25,500.0
7075.0,23,225.0,4.411764705882353,4.511467604145949,8,106.0,0.3724514994482984,15,382.0,0.1600653430868444,23,488.0
7080.0,20,240.0,4.528301886792453,5.91804281453958,10,133.0,0.39752507614887217,10,353.0,0.2477258912407077,20,486.0
7085.0,20,239.0,4.509433962264151,5.148286411431543,9,135.0,0.3525050232043434,11,340.0,0.15861603789635187,20,475.0
7090.0,20,255.0,5.0,4.791819907824461,7,132.0,0.327284604817979,13,279.0,0.1333148319272637,20,411.0
7095.0,18,310.0,6.326530612244898,3.9270307221653638,8,161.0,0.2766492273180373,10,290.0,0.18111174625458576,18,451.0
7100.0,23,376.0,7.52,5.140436071518588,14,219.0,0.24177805040662115,9,277.0,0.3279206361081149,23,496.0
7105.0,19,434.0,8.346153846153847,4.943772123212295,11,259.0,0.2172103377140002,8,261.0,0.32346051834000356,19,520.0
7110.0,22,516.0,10.117647058823529,5.594246562370013,9,279.0,0.3010587530712037,13,297.0,0.301317134101293,22,576.0
7115.0,20,449.0,8.98,4.964797199620923,9,279.0,0.2878841523885113,11,278.0,0.27487597334921104,20,557.0
7120.0,24,539.0,10.365384615384615,5.5047454623632355,9,279.0,0.2793481313710529,15,311.0,0.3353274970554244,24,590.0
7125.0,24,345.0,6.634615384615385,5.147969380729939,11,200.0,0.32681223838688267,13,257.0,0.3187705288471612,24,457.0
7130.0,22,310.0,6.078431372549019,5.173811543395748,10,194.0,0.34787081720853064,12,241.0,0.2972572510064904,22,435.0
7135.0,22,241.0,4.462962962962963,3.8225468033457766,10,202.0,0.32423390701414817,12,230.0,0.15708446026821454,22,432.0
7140.0,20,219.0,4.132075471698113,5.58519129657369,10,181.0,0.3881235845559694,10,162.0,0.22100113303372002,20,343.0
7145.0,15,148.0,2.740740740740741,5.960348713097174,7,144.0,0.3997725174527884,8,150.0,0.17296324673157923,15,294.0
7150.0,24,207.0,3.6315789473684212,5.796311240172234,12,176.0,0.31039489278540894,12,162.0,0.1805160361680734,24,338.0
7155.0,23,207.0,3.9056603773584904,4.669791807428228,13,154.0,0.25418412073345326,10,168.0,0.27256283945082366,23,322.0
7160.0,23,285.0,5.588235294117647,5.357261518597027,14,178.0,0.27158941573483947,9,181.0,0.3400721152859537,23,359.0
7165.0,26,408.0,7.846153846153846,5.055283597457255,17,256.0,0.19882425793956432,9,223.0,0.36485601002961704,26,479.0
7170.0,32,539.0,9.625,4.39371332407482,20,340.0,0.19390692364961423,12,274.0,0.27097430867288463,32,614.0
7175.0,26,467.0,8.49090909090909,4.126998783184497,18,365.0,0.25698454130302417,8,243.0,0.23074542685419025,26,608.0
7180.0,20,439.0,7.701754385964913,5.409720745499856,17,381.0,0.2535774015635193,3,164.0,0.40543885762690623,20,545.0
7185.0,21,404.0,6.9655172413793105,6.3398210135390425,17,391.0,0.2194607384153254,4,136.0,0.5821676362936034,21,527.0
7190.0,15,237.0,3.8225806451612905,6.77302982173075,10,311.0,0.2283010391742158,5,142.0,0.49752708877679963,15,453.0
7195.0,16,155.0,2.6271186440677967,6.331190959428002,10,270.0,0.25222754074002846,6,97.0,0.4232014106707037,16,367.0
7200.0,22,203.0,3.56140350877193,6.039616597152582,12,275.0,0.2324300758649408,10,141.0,0.36682434584467016,22,416.0
