step,system_total_stopped,system_total_waiting_time,system_mean_waiting_time,system_mean_speed,J17_stopped,J17_accumulated_waiting_time,J17_average_speed,J18_stopped,J18_accumulated_waiting_time,J18_average_speed,agents_total_stopped,agents_total_accumulated_waiting_time
5.0,1,0.0,0.0,1.608306238427758,0,0.0,1.0,1,0.0,0.10704334479422524,1,0.0
10.0,0,0.0,0.0,7.056893723423126,0,0.0,0.37504476220464733,0,0.0,0.6330271136721691,0,0.0
15.0,1,0.0,0.0,9.519773654057133,0,0.0,0.7247318437533401,1,0.0,0.6242789901380499,1,0.0
20.0,0,0.0,0.0,10.407167137872424,0,0.0,0.795544487250165,0,0.0,0.6733070097624608,0,0.0
25.0,0,0.0,0.0,8.044980245029643,0,0.0,0.48562732550193494,0,0.0,0.6594193701021781,0,0.0
30.0,6,14.0,0.7,7.092183840876572,5,11.0,0.4232176143694774,1,3.0,0.5866462514780177,6,14.0
35.0,4,34.0,1.4782608695652173,8.3471084568374,3,26.0,0.5856318543493095,1,8.0,0.6566821853736534,4,34.0
40.0,7,58.0,2.230769230769231,7.463851279473534,4,44.0,0.5683684783316504,3,15.0,0.47729432719108456,7,59.0
45.0,11,99.0,3.413793103448276,5.950136021353387,6,68.0,0.3656027158252337,5,32.0,0.4518397239766751,11,100.0
50.0,10,113.0,3.4242424242424243,5.57487307413914,4,64.0,0.31479900429741997,6,57.0,0.3527532467649798,10,121.0
55.0,12,170.0,5.151515151515151,6.669801410104089,5,80.0,0.3689997643592621,7,90.0,0.37954660824322267,12,170.0
60.0,15,235.0,6.911764705882353,6.558528027633702,5,106.0,0.37400359291920987,10,130.0,0.24691540984951402,15,236.0
65.0,18,318.0,9.352941176470589,4.720534961501796,7,138.0,0.27316789727784235,11,181.0,0.16693011796024096,18,319.0
70.0,21,347.0,9.63888888888889,3.3457267294467714,8,132.0,0.23536109468653924,13,241.0,0.18900269285095295,21,373.0
75.0,20,441.0,12.25,3.9250458375016533,7,140.0,0.22874396244744588,13,305.0,0.31590278980599684,20,445.0
80.0,22,546.0,13.65,4.778753635889304,9,183.0,0.30680019973542844,13,370.0,0.38298655825287514,22,553.0
85.0,23,656.0,14.909090909090908,4.587892762391176,8,223.0,0.3710717664277345,15,440.0,0.30765687703524824,23,663.0
90.0,24,657.0,13.97872340425532,4.728483016659391,6,160.0,0.3909022321129296,18,524.0,0.29905448121001477,24,684.0
95.0,23,727.0,14.83673469387755,4.9455047357873685,6,137.0,0.3354921589286245,17,598.0,0.2883830849902798,23,735.0
100.0,29,861.0,16.557692307692307,4.2025783708903255,10,183.0,0.32066326547717305,19,692.0,0.19075287767564378,29,875.0
105.0,33,1011.0,19.07547169811321,3.9234026950718115,12,239.0,0.34597129834667695,21,788.0,0.21689164779446465,33,1027.0
110.0,31,1052.0,19.12727272727273,3.5083301995506173,11,229.0,0.1952309853536792,20,882.0,0.22738881148477597,31,1111.0
115.0,32,1174.0,21.345454545454544,4.229608636567903,12,212.0,0.19370318542549628,20,985.0,0.2479268264287923,32,1197.0
120.0,34,1206.0,21.535714285714285,3.8224527243190733,11,182.0,0.23499162168801357,23,1096.0,0.17747188519548598,34,1278.0
125.0,28,941.0,17.425925925925927,4.075843783599067,5,122.0,0.33267090868789617,23,1033.0,0.15800341175585308,28,1155.0
130.0,27,773.0,14.314814814814815,3.8581457048710237,9,140.0,0.19535255307325508,18,894.0,0.17788121788105746,27,1034.0
135.0,31,876.0,15.642857142857142,4.630705378413874,13,196.0,0.3140239939966615,18,861.0,0.1825863821584186,31,1057.0
140.0,31,1030.0,18.727272727272727,4.824914163787536,12,256.0,0.414678136445534,19,864.0,0.1795337588013281,31,1120.0
145.0,26,1070.0,19.814814814814813,3.4431806691535987,10,262.0,0.3662190664609712,16,908.0,0.09668450938921952,26,1170.0
150.0,30,1190.0,21.636363636363637,4.122911540300653,10,246.0,0.3589808280749004,20,982.0,0.09671132003690701,30,1228.0
155.0,28,962.0,16.305084745762713,4.994399275922108,12,297.0,0.3764827498406989,16,871.0,0.12350947477759826,28,1168.0
160.0,25,623.0,10.21311475409836,5.825870418541395,13,359.0,0.31463113002652443,12,601.0,0.20622140412559853,25,960.0
165.0,25,690.0,11.89655172413793,5.807712389236587,14,426.0,0.3240788161525154,11,475.0,0.22194846042224942,25,901.0
170.0,29,828.0,14.785714285714286,5.124428361343673,17,504.0,0.2824960579932683,12,413.0,0.2209444109425414,29,917.0
175.0,30,974.0,18.037037037037038,4.630343536189336,18,590.0,0.26852266328939023,12,415.0,0.22697248891391805,30,1005.0
180.0,35,1129.0,20.527272727272727,3.9867418419904297,21,683.0,0.22105959002484107,14,477.0,0.24669206487309375,35,1160.0
185.0,31,1149.0,19.810344827586206,4.337377807041399,19,741.0,0.2694620867837944,12,463.0,0.2842780765319335,31,1204.0
190.0,29,1248.0,22.285714285714285,4.534217278257262,19,839.0,0.28330383130634285,10,429.0,0.3172418883457315,29,1268.0
195.0,28,1138.0,19.620689655172413,4.223063750084595,16,789.0,0.2882227342271621,12,477.0,0.29858960260282236,28,1266.0
200.0,27,1114.0,18.262295081967213,4.606820658483566,12,679.0,0.2995850342765785,15,554.0,0.2903752096832988,27,1233.0
205.0,30,949.0,16.084745762711865,4.022710940390148,17,743.0,0.2139162805786866,13,467.0,0.3276011875190583,30,1210.0
210.0,34,871.0,14.048387096774194,3.81767219416578,24,848.0,0.10781873153336576,10,251.0,0.3128075745142983,34,1099.0
215.0,34,1041.0,16.523809523809526,4.316274248235543,24,968.0,0.10928851860853397,10,183.0,0.33461009569091055,34,1151.0
220.0,39,1228.0,19.1875,4.43442450810711,27,1096.0,0.17199964449835872,12,239.0,0.2446351913430516,39,1335.0
225.0,33,1304.0,20.6984126984127,4.023289984384529,24,1121.0,0.1654462026816825,9,271.0,0.3142390932771313,33,1392.0
230.0,36,1459.0,22.446153846153845,4.108003374184078,25,1165.0,0.200612120560566,11,318.0,0.3011625606613475,36,1483.0
235.0,37,1634.0,24.029411764705884,4.31846765873313,26,1294.0,0.22339592750291162,11,365.0,0.36231314497625805,37,1659.0
240.0,39,1827.0,26.1,4.677178609166131,27,1428.0,0.16505293380919078,12,420.0,0.4579875443023677,39,1848.0
245.0,40,1734.0,24.083333333333332,3.3931540565017793,29,1467.0,0.14375142384749895,11,420.0,0.2825024528385222,40,1887.0
250.0,35,1394.0,18.83783783783784,3.5892022090623628,22,1408.0,0.2084330751726388,13,388.0,0.14962748832112818,35,1796.0
255.0,30,1011.0,12.961538461538462,3.995849662638673,18,1169.0,0.2555076642590229,12,441.0,0.16423942267196698,30,1610.0
260.0,31,501.0,6.5064935064935066,4.554675502571296,17,886.0,0.25505536545719376,14,494.0,0.1788001938991241,31,1380.0
265.0,35,545.0,6.987179487179487,4.737502228835681,19,690.0,0.2261887818162665,16,570.0,0.25233807754150084,35,1260.0
270.0,41,719.0,8.876543209876543,4.688702679288667,24,675.0,0.22951308848439433,17,652.0,0.25045412783205484,41,1327.0
275.0,45,933.0,11.518518518518519,4.246235175933127,26,656.0,0.1923368440308755,19,743.0,0.2899569261120695,45,1399.0
280.0,42,1011.0,12.79746835443038,3.5827848967046947,26,625.0,0.1520440307967265,16,757.0,0.2863179420844316,42,1382.0
285.0,36,904.0,11.443037974683545,4.448177472326207,21,551.0,0.23079181232061266,15,701.0,0.2954559962585858,36,1252.0
290.0,37,1040.0,12.53012048192771,4.017014171189011,23,630.0,0.21710152731168655,14,768.0,0.2466407495203487,37,1398.0
295.0,45,1223.0,14.55952380952381,3.817289080603835,26,726.0,0.13638471211103456,19,855.0,0.2762631176565595,45,1581.0
300.0,47,1264.0,15.604938271604938,3.068075413127351,30,787.0,0.08275548064945118,17,843.0,0.25045666377775816,47,1630.0
305.0,44,1388.0,17.569620253164558,3.652390546784058,24,798.0,0.15491842707457215,20,875.0,0.1568077770444626,44,1673.0
310.0,43,1005.0,13.223684210526315,3.2583306427011425,22,789.0,0.19468932655236593,21,748.0,0.02535933612031486,43,1537.0
315.0,35,751.0,9.753246753246753,4.401389062757143,19,720.0,0.2446939255740446,16,518.0,0.16875068396630183,35,1238.0
320.0,40,939.0,12.355263157894736,5.282640791104349,24,724.0,0.28544268429894243,16,481.0,0.2832469830263079,40,1205.0
325.0,41,1142.0,15.026315789473685,5.07205394513051,25,840.0,0.25083128918456343,16,561.0,0.3750184915255196,41,1401.0
330.0,45,1296.0,17.05263157894737,3.5958450138733022,28,926.0,0.20948631815689467,17,643.0,0.2799310734223378,45,1569.0
335.0,50,1476.0,19.16883116883117,2.58626992596921,30,1028.0,0.1401198837030679,20,669.0,0.1817814015619251,50,1697.0
340.0,58,1742.0,22.623376623376622,2.478305841968623,34,1195.0,0.16085838210965261,24,747.0,0.17665769126048195,58,1942.0
345.0,55,1782.0,22.0,2.084761667816558,32,1272.0,0.11466150547365762,23,759.0,0.17635050225464566,55,2031.0
350.0,47,1511.0,18.8875,2.632610229470804,26,1259.0,0.15586361716695513,21,700.0,0.13004909073949386,47,1959.0
355.0,37,1078.0,12.833333333333334,3.12814705921643,19,1129.0,0.17873960121391616,18,768.0,0.16090190022944886,37,1897.0
360.0,35,777.0,8.730337078651685,3.796054405980181,15,925.0,0.2556566739093813,20,867.0,0.16861554806181178,35,1792.0
365.0,43,792.0,8.898876404494382,3.815446972126973,18,839.0,0.23848614407718774,25,986.0,0.24697808513333205,43,1825.0
370.0,52,1031.0,11.455555555555556,3.2099463681418747,26,788.0,0.19017643581001167,26,1116.0,0.23277326246881863,52,1904.0
375.0,58,1242.0,13.073684210526316,2.5534291889845258,27,751.0,0.14094533920349442,31,1261.0,0.19917200312910638,58,2012.0
380.0,58,1302.0,13.285714285714286,2.5903051848734706,25,713.0,0.1779709300501575,33,1315.0,0.11903002505563008,58,2028.0
385.0,52,1336.0,13.227722772277227,3.250078525659989,20,720.0,0.21732130088020943,32,1313.0,0.11889062546974123,52,2033.0
390.0,45,1397.0,13.304761904761905,3.325072544590628,15,746.0,0.21229415651826447,30,1428.0,0.13183127915189688,45,2174.0
395.0,52,1558.0,14.98076923076923,3.0293335773609944,20,798.0,0.1895014129276441,32,1562.0,0.13615278786111662,52,2360.0
400.0,65,1799.0,16.813084112149532,2.6641407964034,27,857.0,0.16491261990915645,38,1661.0,0.1181027654228366,65,2518.0
405.0,70,2086.0,19.49532710280374,2.6225831220606737,36,1007.0,0.1238164931034703,34,1689.0,0.15898786096970466,70,2696.0
410.0,72,2024.0,18.91588785046729,1.8363334072378326,39,1164.0,0.0887791579791473,33,1652.0,0.10943170672516916,72,2816.0
415.0,72,1366.0,13.00952380952381,1.6171680184376462,41,1244.0,0.07262176394393585,31,1442.0,0.08501573468818673,72,2686.0
420.0,71,1261.0,11.785046728971963,2.161983846879052,46,1363.0,0.044902164558042544,25,1243.0,0.1020934845912954,71,2606.0
425.0,67,1343.0,12.435185185185185,3.136446339863155,47,1596.0,0.058546158112271526,20,1061.0,0.1973369147085953,67,2657.0
430.0,58,1321.0,12.58095238095238,3.0786232258067048,44,1667.0,0.05341888864507581,14,1024.0,0.22225614021904522,58,2691.0
435.0,47,1096.0,10.745098039215685,3.4921094753136463,34,1565.0,0.12106875909049045,13,1022.0,0.23898129312264724,47,2587.0
440.0,43,888.0,9.061224489795919,2.9550915003372187,25,1502.0,0.11649787088284325,18,963.0,0.1848858518283864,43,2465.0
445.0,35,538.0,5.38,3.312272854556329,18,1531.0,0.11585021656044615,17,814.0,0.1966805937356595,35,2345.0
450.0,35,502.0,5.070707070707071,3.7184852651667875,18,1585.0,0.135161874738953,17,713.0,0.24797833307669684,35,2298.0
455.0,39,660.0,6.947368421052632,4.05847859341619,25,1655.0,0.11683372736244918,14,599.0,0.3316593323148357,39,2254.0
460.0,46,869.0,9.344086021505376,3.756212593411621,31,1789.0,0.043810547146028604,15,577.0,0.3740044649894704,46,2366.0
465.0,55,1100.0,12.222222222222221,3.219012763737257,36,1938.0,0.035152005797178774,19,579.0,0.28745421531105747,55,2517.0
470.0,59,1314.0,14.764044943820224,2.7477006498862964,41,2130.0,0.02241838245112035,18,614.0,0.259021339694595,59,2744.0
475.0,57,1394.0,15.488888888888889,2.9813531147570447,36,2126.0,0.07980982868887498,21,613.0,0.20755203509697948,57,2739.0
480.0,50,1343.0,14.922222222222222,2.9334693371557012,28,1927.0,0.11206156183593034,22,704.0,0.17460105242751484,50,2631.0
485.0,40,1284.0,14.426966292134832,4.0227171774596,21,1783.0,0.1887373604692706,19,772.0,0.157971198423582,40,2555.0
490.0,35,1023.0,11.625,4.641577102151438,14,1484.0,0.26841519105601364,21,730.0,0.1708692342806387,35,2214.0
495.0,32,915.0,10.517241379310345,4.601571793862919,9,1278.0,0.31659582107817547,23,685.0,0.14880275409262306,32,1963.0
500.0,36,1073.0,12.476744186046512,4.906199659646028,10,1002.0,0.35929325171160037,26,768.0,0.16113019184510383,36,1770.0
505.0,38,1254.0,15.108433734939759,4.9021466544503305,13,821.0,0.3964730652865766,25,828.0,0.07769386612316452,38,1649.0
510.0,42,1451.0,18.367088607594937,4.387881907311964,14,667.0,0.34327474511194733,28,964.0,0.083509362710007,42,1631.0
515.0,43,1665.0,21.346153846153847,4.332189165247599,15,679.0,0.36166405001829194,28,1104.0,0.11536604888084001,43,1783.0
520.0,39,1408.0,18.285714285714285,3.5753809924919446,14,695.0,0.2699066376495799,25,996.0,0.11189233719410538,39,1691.0
525.0,43,1358.0,17.41025641025641,4.393582937231996,21,737.0,0.28057367646388,22,857.0,0.2048989258796678,43,1594.0
530.0,42,1534.0,19.417721518987342,4.266663760549603,19,807.0,0.31078844253802335,23,962.0,0.19995539040466892,42,1769.0
535.0,46,1722.0,22.96,3.240651814125993,17,863.0,0.24031305092377087,29,1095.0,0.11804372150221368,46,1958.0
540.0,48,1905.0,25.743243243243242,2.079971174686236,20,934.0,0.11556242222276178,28,1130.0,0.09122214303717588,48,2064.0
545.0,53,2142.0,28.18421052631579,2.834916879968779,24,1036.0,0.12131447833670325,29,1231.0,0.13083908144653777,53,2267.0
550.0,49,2112.0,27.428571428571427,3.0432234162654965,23,1136.0,0.1822681434546041,26,1203.0,0.17871922073465366,49,2339.0
555.0,38,1898.0,24.649350649350648,4.323354018116996,20,1206.0,0.27296648679942404,18,1048.0,0.20887376030140406,38,2254.0
560.0,39,1488.0,19.076923076923077,3.81957320789228,17,1004.0,0.22234330171982447,22,1144.0,0.15994981275554654,39,2148.0
565.0,45,1205.0,14.876543209876543,3.842221794016903,15,635.0,0.2017444582069659,30,1276.0,0.14991647601995936,45,1911.0
570.0,49,1298.0,16.430379746835442,3.047328854487234,16,522.0,0.19807331300420455,33,1431.0,0.17293425884545194,49,1953.0
575.0,47,1435.0,17.289156626506024,3.302747254943602,16,568.0,0.18838181521036032,31,1479.0,0.21785599720893045,47,2047.0
580.0,43,1503.0,17.68235294117647,3.835844916530332,14,588.0,0.28215440442325884,29,1421.0,0.162869591364181,43,2009.0
585.0,44,1162.0,13.670588235294117,3.671314890652078,16,548.0,0.3081843275720215,28,1364.0,0.11506096174557061,44,1912.0
590.0,40,516.0,6.0,4.34904246509749,14,484.0,0.2928062931249951,26,1120.0,0.1467135938643479,40,1604.0
595.0,36,351.0,3.9886363636363638,4.005623576111003,17,482.0,0.15717754299819117,19,1215.0,0.19213314627166325,36,1697.0
600.0,37,349.0,4.011494252873563,4.163883890626493,17,435.0,0.24664592869574845,20,1308.0,0.19166013186014952,37,1743.0
605.0,37,454.0,5.159090909090909,3.6082632159415415,14,442.0,0.2792327854106123,23,1217.0,0.18400253088111115,37,1659.0
610.0,40,577.0,6.556818181818182,3.2580436315401524,17,467.0,0.1801164096051373,23,1071.0,0.1711169716067751,40,1538.0
615.0,42,519.0,5.831460674157303,3.0022983912604,21,502.0,0.1354381305680976,21,1048.0,0.17237709931977527,42,1550.0
620.0,32,510.0,5.795454545454546,4.150192253795139,13,469.0,0.23828557180326695,19,1051.0,0.19698000401627758,32,1520.0
625.0,38,624.0,7.090909090909091,3.297298194126586,14,459.0,0.17469930454212843,24,1141.0,0.1583927976052209,38,1600.0
630.0,52,774.0,8.696629213483146,3.326465304034735,18,423.0,0.2271092401669824,34,1276.0,0.14688111841765977,52,1699.0
635.0,55,852.0,9.681818181818182,2.436102000462225,18,458.0,0.22108348559867774,37,1271.0,0.11717526559674252,55,1729.0
640.0,51,851.0,9.670454545454545,2.7526156190670714,14,489.0,0.2127485386439503,37,1247.0,0.12618294075354677,51,1736.0
645.0,52,888.0,9.652173913043478,2.824596297300981,17,527.0,0.19849336591310568,35,1268.0,0.11407378949440655,52,1795.0
650.0,48,832.0,8.666666666666666,3.653317056924795,17,560.0,0.2098155845972327,31,1155.0,0.17351192651066338,48,1715.0
655.0,48,781.0,8.135416666666666,2.8697405644765177,21,618.0,0.14511421248391052,27,1262.0,0.14842014929942499,48,1880.0
660.0,42,741.0,7.8,3.3873262890441223,15,649.0,0.2210097732694323,27,1336.0,0.14443435056580836,42,1985.0
665.0,41,577.0,6.34065934065934,3.4544016228082586,10,558.0,0.32472213689254836,31,1426.0,0.12116325257228057,41,1984.0
670.0,41,479.0,5.206521739130435,3.5066330410226225,11,370.0,0.2805308127226602,30,1494.0,0.13309394724560292,41,1864.0
675.0,54,643.0,6.989130434782608,3.069906839686591,17,369.0,0.23168436539752565,37,1618.0,0.13020367433970387,54,1987.0
680.0,62,807.0,8.40625,2.829962632265828,21,336.0,0.2239747942203864,41,1651.0,0.09028847512369219,62,1987.0
685.0,56,852.0,8.875,2.85392776355028,22,368.0,0.1839184830725887,34,1537.0,0.11380352869182644,56,1905.0
690.0,54,940.0,9.894736842105264,3.49951567142337,23,408.0,0.1364839066469448,31,1445.0,0.1825443905286158,54,1853.0
695.0,50,1020.0,10.515463917525773,3.2883251385101375,26,518.0,0.09849027784354189,24,1339.0,0.19069327803454866,50,1857.0
700.0,46,1084.0,11.175257731958762,3.7519814995322007,24,554.0,0.1316742944744983,22,1404.0,0.2201683793955654,46,1958.0
705.0,50,1151.0,11.8659793814433,3.409372350314808,24,587.0,0.1558960807947454,26,1486.0,0.20309571670365395,50,2073.0
710.0,43,998.0,10.395833333333334,3.3182846727200412,14,508.0,0.2519665707212613,29,1522.0,0.12440391011163132,43,2030.0
715.0,40,941.0,9.802083333333334,3.0941641464574765,11,551.0,0.26050516423036596,29,1470.0,0.07304478936685191,40,2021.0
720.0,40,910.0,9.479166666666666,3.4466870726759162,13,608.0,0.247782521991769,27,1467.0,0.098369227635281,40,2075.0
725.0,39,905.0,9.526315789473685,3.3597929300591325,18,641.0,0.22098936555333692,21,1445.0,0.12245548014793327,39,2086.0
730.0,52,1100.0,11.702127659574469,2.8971840532882513,27,715.0,0.23668839642754558,25,1462.0,0.10137991356969465,52,2177.0
735.0,53,1287.0,13.98913043478261,2.5158191180164815,30,833.0,0.11335476411608938,23,1432.0,0.1395148809758205,53,2265.0
740.0,60,1506.0,15.36734693877551,2.6218538361770545,36,998.0,0.12269053566380426,24,1504.0,0.1536332092304676,60,2502.0
745.0,58,1641.0,16.08823529411765,3.059606449938273,34,1038.0,0.15482499591027157,24,1582.0,0.19864714005423081,58,2620.0
750.0,51,1600.0,16.0,2.9588583423364923,25,916.0,0.1636260973094051,26,1635.0,0.1701098899881732,51,2551.0
755.0,44,1550.0,15.656565656565656,3.9329245247509252,19,796.0,0.19949407725622909,25,1659.0,0.16790725123594097,44,2455.0
760.0,37,1476.0,14.76,4.57217021004658,13,801.0,0.17324089298900344,24,1697.0,0.2051873209139609,37,2498.0
765.0,40,1204.0,13.08695652173913,4.203422724594092,17,823.0,0.15178315220722466,23,1513.0,0.20397397280156204,40,2336.0
770.0,41,736.0,8.269662921348315,3.311093883941073,22,811.0,0.10593092798778465,19,1190.0,0.16960766502422253,41,2001.0
775.0,42,475.0,5.3977272727272725,3.689342629507988,20,699.0,0.20116929176017762,22,1205.0,0.13866948541453922,42,1904.0
780.0,38,566.0,6.431818181818182,4.0111684905155345,14,625.0,0.24902711007959683,24,1201.0,0.13778502532667652,38,1826.0
785.0,42,600.0,6.521739130434782,4.289262390708849,15,611.0,0.263460246946923,27,1153.0,0.1807646123079097,42,1764.0
790.0,39,663.0,7.534090909090909,4.587519122872411,17,607.0,0.2545295725674037,22,946.0,0.27335372223748505,39,1553.0
795.0,46,816.0,9.168539325842696,3.8191059321159946,20,622.0,0.24472300342222592,26,1042.0,0.18047217696303397,46,1664.0
800.0,50,986.0,11.465116279069768,3.339003889448946,17,574.0,0.23951434140365402,33,1176.0,0.09101320637830207,50,1750.0
805.0,45,1146.0,12.733333333333333,2.920366782923757,14,607.0,0.22416969672878512,31,1186.0,0.057283915512053,45,1793.0
810.0,49,1313.0,14.118279569892474,3.7138610160882433,22,669.0,0.21717170653593407,27,1081.0,0.1782412070254817,49,1750.0
815.0,48,1260.0,13.846153846153847,3.7126613079992636,24,713.0,0.2189546747305368,24,1086.0,0.19840906962008206,48,1799.0
820.0,47,1040.0,11.063829787234043,3.7500334231672556,28,743.0,0.10625125352479341,19,973.0,0.23446531614148647,47,1716.0
825.0,52,1160.0,12.608695652173912,3.340037203460795,33,900.0,0.05898153349925296,19,957.0,0.23176663785257218,52,1857.0
830.0,56,1337.0,14.376344086021506,3.175149429982834,36,1081.0,0.08068554241830483,20,1005.0,0.192721384388346,56,2086.0
835.0,57,1278.0,14.043956043956044,2.6840979765557442,35,1101.0,0.08935616349079795,22,1068.0,0.14631515302252995,57,2169.0
840.0,59,1302.0,14.466666666666667,2.9482023068085064,28,986.0,0.1424390683174209,31,1196.0,0.14244595930418513,59,2182.0
845.0,63,1564.0,16.817204301075268,2.617104690808771,30,1102.0,0.12450635792770337,33,1354.0,0.15305370893571732,63,2456.0
850.0,66,1774.0,18.872340425531913,2.3231028439268853,34,1223.0,0.07739020971685905,32,1369.0,0.17185538851551876,66,2592.0
855.0,59,1674.0,17.621052631578948,2.483173841509851,34,1232.0,0.07630763138374269,25,1229.0,0.17787032225587976,59,2461.0
860.0,49,1336.0,13.63265306122449,3.086069778949437,26,1107.0,0.13123717296182755,23,1337.0,0.14284570699570293,49,2444.0
865.0,42,1098.0,11.204081632653061,3.5721039075912318,18,950.0,0.19546388926703862,24,1447.0,0.08919150239701444,42,2397.0
870.0,45,1184.0,12.463157894736842,3.5970262829258752,14,796.0,0.25287115208399097,31,1581.0,0.059306172353267475,45,2377.0
875.0,48,1364.0,14.826086956521738,3.7981293563413665,12,682.0,0.29748047556879303,36,1744.0,0.08463253131854401,48,2426.0
880.0,48,1397.0,16.057471264367816,3.4381819833725205,10,523.0,0.30894821100199904,38,1780.0,0.09690273345803549,48,2303.0
885.0,38,1290.0,14.827586206896552,4.073361998308037,8,348.0,0.2996128918128165,30,1686.0,0.17698431016584643,38,2034.0
890.0,38,1361.0,16.011764705882353,4.298445909778763,13,329.0,0.19761055603729719,25,1639.0,0.2336339817114968,38,1968.0
895.0,39,1475.0,17.151162790697676,4.401540338133927,17,395.0,0.13006836282536297,22,1602.0,0.21241657095284733,39,1997.0
900.0,40,1572.0,18.27906976744186,3.949418170796658,16,381.0,0.13402654266686584,24,1691.0,0.17278454178678979,40,2072.0
905.0,39,1652.0,19.435294117647057,4.136568943801459,9,313.0,0.26685738191384933,30,1807.0,0.1582299357144508,39,2120.0
910.0,36,1695.0,21.1875,3.6690418446663626,5,279.0,0.3370803226567338,31,1874.0,0.1389147274811208,36,2153.0
915.0,33,1769.0,21.573170731707318,4.287259824989803,5,274.0,0.2533824512946791,28,1883.0,0.1998118078367773,33,2157.0
920.0,36,1883.0,24.141025641025642,3.4156898300849536,11,269.0,0.13917364230799933,25,2011.0,0.19634372328006233,36,2280.0
925.0,41,2043.0,25.5375,3.359427352461458,9,247.0,0.2681549563386821,32,2151.0,0.10978204033771265,41,2398.0
930.0,43,1849.0,23.1125,2.7744203068103963,6,206.0,0.29636552999020455,37,2149.0,0.04802015803627358,43,2355.0
935.0,42,1822.0,23.662337662337663,3.076742508740873,6,207.0,0.2858779815499906,36,2123.0,0.12018236795838605,42,2330.0
940.0,45,1939.0,24.544303797468356,3.2778353816994628,11,228.0,0.31114206688512835,34,2201.0,0.12700379340043325,45,2429.0
945.0,46,2001.0,24.703703703703702,3.1816867212173108,16,293.0,0.25326437586260986,30,2206.0,0.12289050148906978,46,2499.0
950.0,44,2118.0,26.475,3.662483582332689,19,377.0,0.17116024771271915,25,2203.0,0.2136043099473383,44,2580.0
955.0,38,1506.0,18.825,3.7703432005626736,17,442.0,0.18829715143424577,21,1895.0,0.22945525449473977,38,2337.0
960.0,35,545.0,6.987179487179487,3.622619179897033,16,490.0,0.3155125256213793,19,1305.0,0.1571834035926744,35,1795.0
965.0,40,713.0,9.25974025974026,3.8692711650994243,16,541.0,0.3323802680422034,24,1007.0,0.18375476144589267,40,1548.0
970.0,49,941.0,12.064102564102564,3.3691974289989193,21,622.0,0.2746872308063173,28,741.0,0.12495023351454104,49,1363.0
975.0,57,1204.0,14.682926829268293,2.5118184960231282,26,734.0,0.13656330328081892,31,892.0,0.12112781413247696,57,1626.0
980.0,57,1326.0,15.6,2.554918028026894,26,821.0,0.16422777653612103,31,963.0,0.11048611356163535,57,1784.0
985.0,50,1375.0,16.176470588235293,3.2314528799004156,29,922.0,0.14359248327360047,21,930.0,0.2123452162696739,50,1852.0
990.0,42,1320.0,15.172413793103448,3.884041924541751,28,963.0,0.14171591143929416,14,885.0,0.2414821728756018,42,1848.0
995.0,46,1434.0,15.933333333333334,4.114338401204711,29,1032.0,0.11558490481507014,17,907.0,0.2540970948830172,46,1939.0
1000.0,49,1391.0,15.119565217391305,3.8610395059687703,27,1024.0,0.1632787526373928,22,925.0,0.22852920660165826,49,1949.0
1005.0,44,1074.0,12.204545454545455,3.2019181204561047,18,846.0,0.21286154159156412,26,980.0,0.13491427509075377,44,1826.0
1010.0,35,894.0,10.275862068965518,3.871165016327717,13,701.0,0.21577724422337136,22,981.0,0.13175039763843904,35,1682.0
1015.0,28,821.0,9.436781609195402,4.610524739675447,9,528.0,0.2801907702209115,19,1030.0,0.11538355811624539,28,1558.0
1020.0,33,945.0,10.862068965517242,5.21305183335552,7,399.0,0.447856083072667,26,1140.0,0.07687367954131873,33,1539.0
1025.0,31,947.0,11.409638554216867,4.703657401976366,5,367.0,0.40242072829864733,26,1206.0,0.08450694843490493,31,1573.0
1030.0,42,1117.0,13.9625,4.291146135770265,13,403.0,0.28977324735053656,29,1292.0,0.15651215122760964,42,1695.0
1035.0,43,926.0,11.871794871794872,3.6152412681449366,17,402.0,0.21608410373083034,26,1169.0,0.20204867536410312,43,1571.0
1040.0,31,564.0,7.139240506329114,4.220319999593302,11,326.0,0.2690593556649276,20,932.0,0.1949733233049485,31,1258.0
1045.0,27,389.0,4.924050632911392,4.65729980700705,7,309.0,0.33848915848900113,20,934.0,0.173003481093101,27,1243.0
1050.0,25,242.0,2.9876543209876543,4.761291107839396,10,314.0,0.26838733151902494,15,848.0,0.15610973541466455,25,1162.0
1055.0,32,268.0,3.35,4.413553665965425,18,386.0,0.20928780920418028,14,888.0,0.19323901969959068,32,1274.0
1060.0,44,447.0,5.5875,4.103772520656356,23,497.0,0.23141766482767795,21,955.0,0.159172665173791,44,1452.0
1065.0,43,523.0,6.45679012345679,3.6517212848212366,22,519.0,0.26004937818743357,21,923.0,0.15220765103198233,43,1442.0
1070.0,36,449.0,5.6125,4.171396131516166,15,456.0,0.26452019817926214,21,774.0,0.18479357512475625,36,1230.0
1075.0,29,392.0,4.780487804878049,4.0831185095725395,10,472.0,0.20779339624156348,19,771.0,0.23235735351054365,29,1243.0
1080.0,28,351.0,4.280487804878049,4.516378949672909,15,494.0,0.13784372998944366,13,662.0,0.2801779024569414,28,1156.0
1085.0,27,324.0,4.0,4.064014108153042,18,496.0,0.07141638887304633,9,655.0,0.30067512836354765,27,1151.0
1090.0,33,410.0,5.256410256410256,4.116955180665354,16,462.0,0.17008029598211552,17,718.0,0.14316850545637128,33,1180.0
1095.0,32,492.0,6.648648648648648,4.028952752232966,10,482.0,0.25300281192719026,22,716.0,0.0876231914931678,32,1198.0
1100.0,29,582.0,8.083333333333334,3.7528933740613177,14,534.0,0.1623482643135514,15,650.0,0.15926774450547737,29,1184.0
1105.0,37,703.0,9.76388888888889,3.4465325507123836,20,556.0,0.11823161730662778,17,724.0,0.21541817390777598,37,1280.0
1110.0,37,831.0,11.541666666666666,3.45086306910803,15,534.0,0.20053020488490816,22,826.0,0.13868162135409776,37,1360.0
1115.0,37,893.0,12.402777777777779,3.797437440177256,12,541.0,0.2960357840648839,25,785.0,0.0750055160117641,37,1326.0
1120.0,34,794.0,11.342857142857143,3.8257821479602496,13,538.0,0.25541697479287173,21,707.0,0.09278703058140979,34,1245.0
1125.0,35,587.0,8.507246376811594,3.703129382001028,17,516.0,0.25166124962649744,18,720.0,0.12604467331968588,35,1236.0
1130.0,30,651.0,9.434782608695652,3.9288397516642983,12,557.0,0.26496948305580365,18,697.0,0.1784202377715383,30,1254.0
1135.0,31,649.0,9.405797101449275,3.8251868779873126,12,558.0,0.2657983478515366,19,681.0,0.12724498311657276,31,1239.0
1140.0,25,503.0,7.2898550724637685,4.60866998776788,16,568.0,0.2474343248060656,9,539.0,0.13337212629441184,25,1107.0
1145.0,28,577.0,8.126760563380282,4.4290503246121915,18,556.0,0.12364685397581178,10,572.0,0.22585131193953145,28,1128.0
1150.0,36,691.0,9.597222222222221,4.032301019835234,19,615.0,0.17349231872950716,17,633.0,0.2129024128710414,36,1248.0
1155.0,34,778.0,11.114285714285714,4.186154609019109,17,653.0,0.22529776619676642,17,623.0,0.2566502182937857,34,1276.0
1160.0,26,848.0,11.616438356164384,4.8631781943030985,16,692.0,0.19730774731319475,10,536.0,0.3184275263071971,26,1228.0
1165.0,32,954.0,12.891891891891891,5.28966874349922,21,732.0,0.15555308945237248,11,546.0,0.3753677972444327,32,1278.0
1170.0,34,1084.0,14.849315068493151,4.676562617041179,20,810.0,0.20462684061936628,14,604.0,0.29500739117789776,34,1414.0
1175.0,30,1176.0,17.294117647058822,4.635767671102793,16,853.0,0.29378621768497776,14,643.0,0.2778950612690246,30,1496.0
1180.0,30,847.0,12.64179104477612,4.025818020581331,15,580.0,0.22465970353580514,15,665.0,0.226860794581482,30,1245.0
1185.0,32,899.0,13.417910447761194,4.7731073632764165,16,458.0,0.14679708833796112,16,729.0,0.29827074299816353,32,1187.0
1190.0,37,1077.0,16.074626865671643,4.548498250159952,19,530.0,0.041156105951062553,18,814.0,0.19953778136901332,37,1344.0
1195.0,39,1063.0,15.865671641791044,4.179603491983302,19,496.0,0.05786019231302448,20,909.0,0.1535217437392065,39,1405.0
1200.0,34,921.0,13.746268656716419,4.674115302566813,15,426.0,0.17383953093170812,19,849.0,0.20871885119693862,34,1275.0
1205.0,27,620.0,10.508474576271187,4.898642547221639,12,434.0,0.28808367649443717,15,714.0,0.28632902452236864,27,1148.0
1210.0,22,510.0,8.5,5.328287993784231,8,375.0,0.35771850005564554,14,770.0,0.27017476465554896,22,1145.0
1215.0,27,626.0,10.096774193548388,5.015789937551372,9,336.0,0.31131240881950095,18,844.0,0.17214302098469736,27,1180.0
1220.0,33,624.0,9.6,4.805326625095235,11,276.0,0.23221823321093388,22,839.0,0.18914701895127237,33,1115.0
1225.0,30,694.0,10.84375,4.778614774919738,12,230.0,0.2893230461043274,18,747.0,0.20065892914087044,30,977.0
1230.0,29,751.0,12.516666666666667,4.453183103923128,10,192.0,0.3993961214560365,19,825.0,0.2369317420939428,29,1017.0
1235.0,31,840.0,14.0,4.604545256811903,8,159.0,0.34072261339459875,23,915.0,0.22060861002018453,31,1074.0
1240.0,36,986.0,15.903225806451612,3.2292067265905664,14,212.0,0.1445750538313754,22,936.0,0.1564070648636907,36,1148.0
1245.0,40,1153.0,18.015625,3.392494995181795,17,292.0,0.1896667890301013,23,945.0,0.17608102263453373,40,1237.0
1250.0,37,1066.0,16.92063492063492,2.789387040026808,14,297.0,0.2585278807894492,23,973.0,0.1484720623888878,37,1270.0
1255.0,31,866.0,13.121212121212121,3.7842396842071597,7,259.0,0.3502354712720494,24,937.0,0.1652225536342769,31,1196.0
1260.0,33,901.0,13.447761194029852,3.6471013382011632,11,231.0,0.30090504119376665,22,1022.0,0.14059161138605417,33,1253.0
1265.0,42,1087.0,16.223880597014926,3.6475165155605667,16,301.0,0.18467857253358386,26,1116.0,0.13551692464545073,42,1417.0
1270.0,46,945.0,13.125,3.068029838363382,20,381.0,0.16453097961332389,26,1066.0,0.11295084643138426,46,1447.0
1275.0,39,604.0,7.947368421052632,4.27509248732253,21,487.0,0.27357301916589705,18,854.0,0.23143830005231056,39,1341.0
1280.0,29,522.0,6.96,4.907455710958573,17,511.0,0.36342467401666095,12,876.0,0.30197553786130815,29,1387.0
1285.0,28,485.0,6.381578947368421,4.523925893039759,10,446.0,0.303768397197153,18,888.0,0.202826721613999,28,1334.0
1290.0,40,600.0,7.792207792207792,4.088186776928241,15,418.0,0.2580019544695154,25,901.0,0.16454676376133254,40,1319.0
1295.0,35,627.0,7.936708860759493,4.2877276537759625,14,476.0,0.24925180506458758,21,865.0,0.15306531629284537,35,1341.0
1300.0,40,792.0,10.285714285714286,4.050422250739879,20,548.0,0.2229252436842969,20,966.0,0.19537083854482312,40,1514.0
1305.0,48,849.0,10.746835443037975,3.6271002102441448,23,545.0,0.24022776645597035,25,1072.0,0.14958597654934916,48,1617.0
1310.0,44,698.0,8.948717948717949,3.6642412367774204,20,502.0,0.22246545959866765,24,1130.0,0.17964687183269423,44,1632.0
1315.0,39,735.0,9.545454545454545,3.768322892659347,16,537.0,0.17617927002450262,23,1179.0,0.23153282055449728,39,1716.0
1320.0,36,761.0,9.395061728395062,4.083049139947648,13,518.0,0.1646164971521642,23,1285.0,0.21195037941748515,36,1803.0
1325.0,41,932.0,11.228915662650602,4.909935946231056,15,512.0,0.2778390474512102,26,1408.0,0.15922678097922194,41,1920.0
1330.0,41,931.0,11.083333333333334,4.3748747950312294,17,585.0,0.24897872533606086,24,1308.0,0.16436277963996326,41,1893.0
1335.0,40,643.0,8.0375,3.999514524372578,21,665.0,0.2367950488511975,19,1026.0,0.16378908950304405,40,1691.0
1340.0,39,756.0,9.818181818181818,4.59757408411514,23,765.0,0.22806930464450903,16,802.0,0.26879250448551373,39,1567.0
1345.0,45,961.0,12.0125,4.489745371349448,27,889.0,0.22267374362858902,18,608.0,0.30937753726367073,45,1497.0
1350.0,47,1187.0,14.654320987654321,3.511646590130161,30,1030.0,0.17082329910067323,17,648.0,0.20969991090908285,47,1678.0
1355.0,51,1301.0,15.674698795180722,3.528974875109842,32,1111.0,0.1367421632476715,19,722.0,0.2403199908361019,51,1833.0
1360.0,49,1379.0,17.67948717948718,3.405685526225069,25,1120.0,0.17883525574597392,24,811.0,0.17241767952821466,49,1931.0
1365.0,42,1147.0,14.518987341772151,2.8414580773707785,19,1062.0,0.14512305953958293,23,844.0,0.12005937439366317,42,1906.0
1370.0,37,1036.0,12.634146341463415,3.5758933496173846,22,1006.0,0.13914689435737104,15,777.0,0.18490174990652358,37,1783.0
1375.0,39,1169.0,14.6125,4.1601474898419015,26,1117.0,0.11287648329243243,13,803.0,0.3109061151404645,39,1920.0
1380.0,51,1400.0,16.867469879518072,3.796336415493522,31,1262.0,0.11590229032047142,20,887.0,0.24457929892647254,51,2149.0
1385.0,53,1332.0,16.24390243902439,2.751774995739264,30,1336.0,0.11823896592001744,23,794.0,0.21387965992647742,53,2130.0
1390.0,42,1099.0,13.402439024390244,3.5470119963890876,22,1338.0,0.18728735479499392,20,657.0,0.23253552530542573,42,1995.0
1395.0,39,1126.0,13.404761904761905,3.992062098222828,17,1331.0,0.28508554796050567,22,690.0,0.13395925483259155,39,2021.0
1400.0,39,1166.0,13.55813953488372,4.0716396270424715,23,1406.0,0.21736423097524576,16,652.0,0.1475457927366227,39,2058.0
1405.0,44,1186.0,14.119047619047619,3.7231394630003116,27,1477.0,0.15265742539909524,17,654.0,0.19828187235712677,44,2131.0
1410.0,41,1289.0,15.53012048192771,3.9740034188997204,23,1501.0,0.18610233171120058,18,617.0,0.19000449848765102,41,2118.0
1415.0,40,1135.0,14.551282051282051,4.019079727109159,20,1287.0,0.27058541637889677,20,642.0,0.13843254003704428,40,1929.0
1420.0,30,677.0,8.792207792207792,4.670328005806829,17,978.0,0.23532796218850105,13,607.0,0.22041160795127018,30,1585.0
1425.0,30,533.0,7.202702702702703,5.074353529635798,17,755.0,0.17938527839322527,13,610.0,0.37276158151684213,30,1365.0
1430.0,31,606.0,8.301369863013699,5.28280375434425,18,610.0,0.19574508885466085,13,666.0,0.34966452311479546,31,1276.0
1435.0,33,761.0,10.71830985915493,5.093209514226369,18,503.0,0.1843677223618096,15,736.0,0.3453276373863981,33,1239.0
1440.0,36,933.0,13.521739130434783,4.601301689783231,19,490.0,0.16036705580661392,17,815.0,0.306757418843371,36,1305.0
1445.0,32,883.0,12.797101449275363,4.1191067995328625,17,522.0,0.13580851391873514,15,718.0,0.299386272476395,32,1240.0
1450.0,32,848.0,12.114285714285714,4.673995605133201,15,493.0,0.22575921747746347,17,538.0,0.22745901719964653,32,1031.0
1455.0,31,975.0,14.552238805970148,4.195765203416538,16,519.0,0.20898437319874422,15,607.0,0.23644661917667822,31,1126.0
1460.0,33,1110.0,16.08695652173913,5.017213891470903,15,543.0,0.21629994958408877,18,687.0,0.28614372536489596,33,1230.0
1465.0,34,1238.0,18.47761194029851,4.418979900878627,15,569.0,0.17991955890776865,19,755.0,0.29400677351973525,34,1324.0
1470.0,34,1373.0,19.614285714285714,4.7795498034579085,18,623.0,0.1892092183848477,16,818.0,0.2751396919911381,34,1441.0
1475.0,32,970.0,13.857142857142858,4.519174345365973,15,579.0,0.26888779761607706,17,734.0,0.22755881861283941,32,1313.0
1480.0,24,553.0,7.472972972972973,5.846652592856233,10,413.0,0.3947311369007781,14,573.0,0.2521943284200202,24,986.0
1485.0,28,492.0,6.473684210526316,5.7073953615615896,13,381.0,0.38450204558372414,15,528.0,0.25812641966860095,28,909.0
1490.0,30,569.0,7.6891891891891895,6.033117866774358,15,442.0,0.35549520058577166,15,461.0,0.32245524247477125,30,903.0
1495.0,31,565.0,7.847222222222222,5.130439366456937,14,458.0,0.3736782791501487,17,490.0,0.2528070321127112,31,948.0
1500.0,29,539.0,7.383561643835616,4.605263293095744,15,489.0,0.211612463129299,14,492.0,0.2626092221432189,29,981.0
1505.0,32,573.0,7.5394736842105265,3.8538544093294336,19,532.0,0.16589822519293893,13,528.0,0.21805891416620732,32,1060.0
1510.0,31,663.0,8.61038961038961,5.382599905046257,14,561.0,0.28749588590800523,17,576.0,0.25989454989978955,31,1137.0
1515.0,33,772.0,11.028571428571428,4.531671730727963,15,576.0,0.29953065735285256,18,627.0,0.1817982521613277,33,1203.0
1520.0,31,844.0,11.887323943661972,4.519469760025093,18,577.0,0.2400768859821643,13,661.0,0.1987045649189967,31,1238.0
1525.0,31,839.0,12.522388059701493,3.99472965457999,19,634.0,0.15001527447351273,12,581.0,0.24211814673965362,31,1215.0
1530.0,34,862.0,12.865671641791044,4.272754075472448,22,698.0,0.1864949732126355,12,415.0,0.21685592819087882,34,1113.0
1535.0,32,656.0,9.791044776119403,3.9345795178907763,19,580.0,0.22170034707646177,13,454.0,0.1853172912732491,32,1034.0
1540.0,29,548.0,7.942028985507246,4.902118924133025,16,381.0,0.2679526421105496,13,480.0,0.23057446746168875,29,861.0
1545.0,30,442.0,6.054794520547945,4.945740544781022,18,395.0,0.20880840642050652,12,459.0,0.326196732572912,30,854.0
1550.0,24,282.0,4.086956521739131,5.399330262814508,14,356.0,0.26423937139711534,10,366.0,0.37747688520441003,24,722.0
1555.0,21,306.0,4.5,5.10183278588719,12,320.0,0.321677018576767,9,390.0,0.3038224302945372,21,710.0
1560.0,30,397.0,5.753623188405797,4.739064249571798,19,336.0,0.2436835453335557,11,415.0,0.23399024319135311,30,751.0
1565.0,32,500.0,7.352941176470588,5.089180451735778,19,393.0,0.23918615734049725,13,424.0,0.29969154712706947,32,817.0
1570.0,24,565.0,8.432835820895523,5.829923675105841,14,408.0,0.290755808632781,10,411.0,0.37077025264987606,24,819.0
1575.0,25,501.0,7.260869565217392,4.863140922762118,14,399.0,0.23900070573996515,11,335.0,0.27139406227329654,25,734.0
1580.0,29,509.0,7.3768115942028984,5.744333237200848,19,439.0,0.2662200608287307,10,251.0,0.4012711909323771,29,690.0
1585.0,27,583.0,8.573529411764707,5.2141902023522455,19,518.0,0.23145726417930534,8,261.0,0.3940449888427586,27,779.0
1590.0,32,710.0,11.09375,4.612520530706158,23,615.0,0.15764564372838502,9,268.0,0.38258038708240183,32,883.0
1595.0,36,786.0,12.28125,3.502537622166424,26,678.0,0.05681868530264893,10,279.0,0.34282127259583545,36,957.0
1600.0,30,827.0,12.530303030303031,4.488416078531577,17,687.0,0.20838052539628193,13,327.0,0.20873553284813373,30,1014.0
1605.0,30,882.0,13.569230769230769,4.453119247958503,16,695.0,0.3076704509319298,14,348.0,0.10264985778858202,30,1043.0
1610.0,33,990.0,14.142857142857142,4.962632693730013,17,720.0,0.30533659668289176,16,418.0,0.20077700738246348,33,1138.0
1615.0,37,1136.0,16.705882352941178,4.116124571892262,21,786.0,0.22164718084594445,16,498.0,0.3028830329877722,37,1284.0
1620.0,38,1244.0,18.567164179104477,3.800812207970879,26,904.0,0.16248181899592087,12,530.0,0.321421460566841,38,1434.0
1625.0,34,1287.0,18.926470588235293,3.6667238754550207,24,971.0,0.07809682734630695,10,483.0,0.29490663999243905,34,1454.0
1630.0,34,1337.0,19.3768115942029,4.26370071630059,20,989.0,0.07343687635064775,14,527.0,0.24417432632176245,34,1516.0
1635.0,33,1084.0,15.485714285714286,4.306807784116592,18,1041.0,0.0879578145502977,15,374.0,0.14609616393417837,33,1415.0
1640.0,29,1030.0,14.507042253521126,5.38710672655074,21,1091.0,0.17693919707509942,8,192.0,0.3003863202681854,29,1283.0
1645.0,28,785.0,11.716417910447761,4.269938507482939,21,959.0,0.22756997439597548,7,215.0,0.2546678160079683,28,1174.0
1650.0,26,441.0,6.582089552238806,5.669825387710877,14,833.0,0.30350608131677265,12,258.0,0.3833938827056371,26,1091.0
1655.0,24,331.0,4.867647058823529,4.860902633494588,14,888.0,0.22800064702867684,10,255.0,0.35428019499584773,24,1143.0
1660.0,32,464.0,6.535211267605634,4.975061550904349,20,974.0,0.20124690428071582,12,292.0,0.35956471820895924,32,1266.0
1665.0,33,504.0,7.411764705882353,4.383329076760381,20,979.0,0.2827359536108716,13,341.0,0.19303523008018245,33,1320.0
1670.0,31,496.0,7.085714285714285,4.710070965708676,16,892.0,0.26934151042765847,15,400.0,0.17665908278498557,31,1292.0
1675.0,37,570.0,8.028169014084508,4.049027882951174,22,944.0,0.17379679647923385,15,467.0,0.2182573962899915,37,1411.0
1680.0,37,604.0,7.947368421052632,4.594754505231756,25,1023.0,0.15084265036650235,12,416.0,0.3123479710555695,37,1439.0
1685.0,35,643.0,8.930555555555555,4.895858936692054,26,1083.0,0.1878548677037307,9,298.0,0.4345781974712691,35,1381.0
1690.0,35,779.0,11.626865671641792,4.815516413685949,22,1112.0,0.23254389024973038,13,350.0,0.34414288129165604,35,1462.0
1695.0,41,970.0,14.264705882352942,3.810070994298816,25,1218.0,0.1923311545318454,16,421.0,0.18815895369154112,41,1639.0
1700.0,38,819.0,11.535211267605634,3.5447122612481916,23,1282.0,0.1597002221473464,15,356.0,0.17507709133558577,38,1638.0
1705.0,38,936.0,13.371428571428572,4.549202313019306,25,1332.0,0.1883727308507533,13,303.0,0.31187848418140723,38,1635.0
1710.0,35,1005.0,13.958333333333334,4.43998692791442,24,1442.0,0.19710515338444085,11,310.0,0.29397245018486295,35,1752.0
1715.0,38,1079.0,14.386666666666667,4.6314694415417,26,1555.0,0.1965780085992726,12,293.0,0.33283355677033144,38,1848.0
1720.0,40,1220.0,16.266666666666666,3.9886228826301333,25,1669.0,0.21744580460259572,15,329.0,0.22196221036890276,40,1998.0
1725.0,43,1404.0,18.473684210526315,4.397883349463989,27,1778.0,0.2068346352488762,16,376.0,0.2691856585803835,43,2154.0
1730.0,42,1521.0,20.28,3.7938307101013025,27,1891.0,0.15473320900816104,15,415.0,0.29830533238417417,42,2306.0
1735.0,45,1703.0,23.328767123287673,4.074510343020703,28,2014.0,0.12874980416530654,17,435.0,0.28197589866087286,45,2449.0
1740.0,42,1712.0,23.135135135135137,3.357444762824139,27,2132.0,0.1191906320892039,15,379.0,0.17270979854638394,42,2511.0
1745.0,44,1805.0,24.066666666666666,3.8523146195170406,30,2272.0,0.18024260205581338,14,291.0,0.20566824078488719,44,2563.0
1750.0,43,1754.0,23.386666666666667,3.7257754286073053,28,2201.0,0.2282980480224488,15,285.0,0.19570578860220342,43,2486.0
1755.0,44,1431.0,19.08,3.606462346231807,27,1971.0,0.2243905660280319,17,275.0,0.2382794901070375,44,2246.0
1760.0,48,1287.0,16.5,3.3536413681529575,29,1757.0,0.1967550769900833,19,319.0,0.25727472372567645,48,2076.0
1765.0,45,1115.0,13.597560975609756,3.986367754870115,25,1595.0,0.2532513730978345,20,414.0,0.2824705583421096,45,2009.0
1770.0,47,1206.0,14.53012048192771,3.1298783084194475,23,1493.0,0.2009997599549224,24,522.0,0.23637547662405242,47,2015.0
1775.0,55,1471.0,17.511904761904763,2.764591899450902,28,1435.0,0.1498475755070536,27,653.0,0.2262919091101311,55,2088.0
1780.0,53,1241.0,14.6,2.2686961480191297,27,1378.0,0.1165463717934782,26,705.0,0.175245332218472,53,2083.0
1785.0,46,999.0,11.224719101123595,2.8454628771341244,23,1246.0,0.10189729659356687,23,695.0,0.20223528783523698,46,1941.0
1790.0,44,961.0,10.445652173913043,3.306950289187558,25,1313.0,0.08131780421769796,19,694.0,0.26002683896282897,44,2007.0
1795.0,51,1029.0,11.307692307692308,3.659871402606691,32,1438.0,0.10329565182720293,19,609.0,0.25309519381326273,51,2047.0
1800.0,55,1217.0,13.829545454545455,2.872249739069997,30,1479.0,0.12935353487714632,25,705.0,0.17551222519726914,55,2184.0
1805.0,62,1421.0,15.96629213483146,2.17234253916961,26,1403.0,0.09675290416464882,36,843.0,0.09493161368752849,62,2246.0
1810.0,60,1538.0,16.9010989010989,2.1391217365068482,25,1378.0,0.17538855020302432,35,945.0,0.10056080560612118,60,2323.0
1815.0,54,1575.0,16.75531914893617,3.09391677264965,25,1334.0,0.20706693530632822,29,971.0,0.1116486787312184,54,2305.0
1820.0,48,1088.0,11.452631578947368,3.4354422306844747,26,1306.0,0.16237358055355372,22,882.0,0.2153523862032832,48,2188.0
1825.0,42,519.0,5.350515463917525,3.929936277877048,22,1162.0,0.14863405646478411,20,691.0,0.22530874881642693,42,1853.0
1830.0,39,485.0,5.159574468085107,3.6375339240268882,16,1084.0,0.1998605359358555,23,734.0,0.17080766593766716,39,1818.0
1835.0,37,529.0,5.568421052631579,3.8762897259714753,15,974.0,0.16279055487936972,22,746.0,0.18279036832632634,37,1720.0
1840.0,36,607.0,6.5978260869565215,3.13318982877549,16,914.0,0.1388420371444605,20,808.0,0.1693517368490227,36,1722.0
1845.0,39,722.0,8.112359550561798,3.3614559713325085,17,754.0,0.21212060166018568,22,849.0,0.11675415531932283,39,1603.0
1850.0,43,845.0,9.49438202247191,2.7945035522123214,16,695.0,0.25146089607276284,27,909.0,0.04984958171835426,43,1604.0
1855.0,43,957.0,10.290322580645162,3.3530551942951385,19,666.0,0.20435162902614723,24,921.0,0.15368174112888694,43,1587.0
1860.0,41,971.0,10.221052631578948,3.8416629191070353,22,626.0,0.19032838608768055,19,953.0,0.26566582937557737,41,1579.0
1865.0,44,1112.0,11.705263157894738,4.466870438939119,24,612.0,0.207160215594112,20,991.0,0.3030282602582547,44,1603.0
1870.0,46,1232.0,13.391304347826088,3.7719627169807133,26,627.0,0.138244879809276,20,1058.0,0.2531401497255893,46,1685.0
1875.0,49,1271.0,13.815217391304348,3.7186726817112854,23,585.0,0.15684751963472854,26,1135.0,0.20322279468642396,49,1720.0
1880.0,48,1178.0,12.945054945054945,3.1250049658617103,20,636.0,0.1569765548656003,28,1139.0,0.09395228176917556,48,1775.0
1885.0,54,1292.0,14.51685393258427,3.1051500084393746,24,673.0,0.15826410577451971,30,1166.0,0.12007644917915587,54,1839.0
1890.0,59,1452.0,16.314606741573034,2.57845672262964,31,756.0,0.13588844584813115,28,1267.0,0.16217971505360224,59,2023.0
1895.0,50,1457.0,16.01098901098901,3.5855930152587634,26,809.0,0.14975964643004513,24,1305.0,0.20021086518618306,50,2114.0
1900.0,50,1126.0,12.511111111111111,3.3872452921781777,29,838.0,0.08973989335170068,21,1156.0,0.26136696416750144,50,1994.0
1905.0,45,644.0,6.708333333333333,3.9608468973331874,29,886.0,0.14622741881856108,16,907.0,0.27195874734148406,45,1793.0
1910.0,46,773.0,8.311827956989248,3.383980559933571,27,972.0,0.1379553883942431,19,844.0,0.24272893524823214,46,1816.0
1915.0,51,952.0,10.236559139784946,3.2735534994235866,30,1036.0,0.07394446603494755,21,865.0,0.22763027698889077,51,1901.0
1920.0,50,985.0,10.368421052631579,3.5375931316040368,29,1043.0,0.08186747089178643,21,912.0,0.25409277259878266,50,1955.0
1925.0,47,821.0,8.73404255319149,3.9460042430195132,21,922.0,0.18206241343076518,26,950.0,0.19488858923174188,47,1872.0
1930.0,40,681.0,7.4021739130434785,3.4048177951541065,11,904.0,0.23726007590321915,29,860.0,0.07111119059057425,40,1764.0
1935.0,41,695.0,7.473118279569892,3.715719525151098,15,942.0,0.22517275109131507,26,709.0,0.14302784499473115,41,1651.0
1940.0,44,663.0,7.206521739130435,2.731668028441386,19,902.0,0.1522362301376872,25,712.0,0.16949288717542646,44,1614.0
1945.0,44,661.0,7.031914893617022,2.7868181583082756,17,764.0,0.1491147315460482,27,669.0,0.1188872118183259,44,1433.0
1950.0,43,687.0,7.082474226804123,3.4550825758101325,13,797.0,0.2081364108903441,30,745.0,0.13023451792603277,43,1542.0
1955.0,39,633.0,6.459183673469388,3.9535516979122334,18,865.0,0.1585283773325359,21,732.0,0.20129949087272725,39,1597.0
1960.0,40,697.0,7.260416666666667,3.885206575290775,22,953.0,0.13541471239355404,18,686.0,0.22682823175635686,40,1639.0
1965.0,50,787.0,8.284210526315789,3.7224626842685558,32,1096.0,0.1622100847023512,18,620.0,0.2276936895345827,50,1716.0
1970.0,58,947.0,10.522222222222222,2.337318395282703,34,1138.0,0.14655755373511112,24,676.0,0.13490673241360904,58,1814.0
1975.0,58,1004.0,11.032967032967033,2.1161547323755894,30,1077.0,0.1546364686590917,28,714.0,0.05324830982695293,58,1791.0
1980.0,57,1071.0,11.516129032258064,2.5089275076912747,27,1040.0,0.15025577711079643,30,803.0,0.07788145949738663,57,1843.0
1985.0,51,867.0,9.03125,3.34517709924758,20,930.0,0.21512316376513974,31,904.0,0.09535243446586486,51,1834.0
1990.0,44,752.0,8.0,3.2219734660017685,15,671.0,0.2040991201910436,29,995.0,0.1222456048283034,44,1666.0
1995.0,51,956.0,10.170212765957446,2.8533513142837057,21,700.0,0.14660472022410215,30,1093.0,0.1625513736266484,51,1793.0
2000.0,48,994.0,10.688172043010752,2.246302911499566,19,700.0,0.13530302441865394,29,1114.0,0.08811369773837674,48,1814.0
2005.0,38,718.0,7.720430107526882,3.317260955844647,14,630.0,0.15900257981956373,24,992.0,0.14933557613674528,38,1622.0
2010.0,30,709.0,7.385416666666667,4.574875123396229,15,662.0,0.21624998413413607,15,844.0,0.23638281022264376,30,1506.0
2015.0,30,676.0,7.11578947368421,4.673790662200355,17,740.0,0.23596654877624645,13,769.0,0.2518315728241711,30,1509.0
2020.0,36,555.0,6.032608695652174,4.303102311196065,25,856.0,0.2024643089595811,11,589.0,0.2637549814113231,36,1445.0
2025.0,45,520.0,5.909090909090909,2.126791527998952,28,883.0,0.11691254960429451,17,572.0,0.17232480968513483,45,1455.0
2030.0,52,584.0,6.488888888888889,2.434529737904386,35,887.0,0.08172969043514915,17,511.0,0.17246189991431224,52,1398.0
2035.0,47,624.0,6.709677419354839,3.3293039174581667,36,980.0,0.11572330831230158,11,492.0,0.24541353602184385,47,1472.0
2040.0,45,627.0,6.6,4.141539997349828,28,969.0,0.13266194073694207,17,520.0,0.25524332997542154,45,1489.0
2045.0,49,663.0,7.366666666666666,3.290225088060733,25,944.0,0.148869190958718,24,580.0,0.12930991069619852,49,1524.0
2050.0,52,747.0,8.208791208791208,3.8451516880153913,20,885.0,0.2106243015442561,32,726.0,0.12348999502360301,52,1611.0
2055.0,39,706.0,8.209302325581396,3.4565183626291467,12,893.0,0.24755110975118985,27,727.0,0.11114389140655148,39,1620.0
2060.0,43,784.0,9.011494252873563,3.9593850758731954,17,933.0,0.27003111951813635,26,628.0,0.1454375688069099,43,1561.0
2065.0,45,649.0,7.635294117647059,3.0427804942020322,19,775.0,0.19429774682807435,26,647.0,0.13752874552748234,45,1422.0
2070.0,44,536.0,6.380952380952381,2.952267356667662,24,728.0,0.10420134462618702,20,595.0,0.15781604525786874,44,1323.0
2075.0,41,484.0,5.902439024390244,3.6479281050291092,28,757.0,0.11942223792156427,13,549.0,0.25784660341775184,41,1306.0
2080.0,44,686.0,8.265060240963855,4.563969968058565,32,841.0,0.10573377938581681,12,473.0,0.27577680466596455,44,1314.0
2085.0,42,775.0,9.567901234567902,4.001955091193531,32,1001.0,0.08953366355383803,10,408.0,0.3212994600905493,42,1409.0
2090.0,45,778.0,9.373493975903614,3.7832529020746826,32,1047.0,0.10974973689513148,13,363.0,0.2518846691745084,45,1410.0
2095.0,40,655.0,8.506493506493506,3.3285467680184255,23,1021.0,0.16961215511481634,17,385.0,0.17063373920285957,40,1406.0
2100.0,29,441.0,5.653846153846154,3.6039466505200974,17,1059.0,0.1509177348090487,12,377.0,0.20585940974464123,29,1436.0
2105.0,26,303.0,3.8354430379746836,3.858949736196696,15,1071.0,0.18444013081764302,11,385.0,0.13996298792754222,26,1456.0
2110.0,37,427.0,5.405063291139241,3.8435037490303263,18,1122.0,0.16623050704412762,19,462.0,0.18516175548049033,37,1584.0
2115.0,42,600.0,7.894736842105263,3.0419384892977988,26,1232.0,0.09958060730191343,16,516.0,0.24382300079957148,42,1748.0
2120.0,42,710.0,9.342105263157896,3.12369309182758,30,1335.0,0.058940602258997665,12,521.0,0.2909481433329181,42,1856.0
2125.0,49,882.0,11.76,3.4419940149780577,34,1484.0,0.07297849393997204,15,539.0,0.25069183352456953,49,2023.0
2130.0,50,972.0,12.15,3.562096301198811,31,1489.0,0.15886908421366575,19,547.0,0.15767989523584178,50,2036.0
2135.0,38,872.0,11.473684210526315,3.7869657630037428,22,1296.0,0.19506879619999465,16,591.0,0.13460898161548937,38,1887.0
2140.0,32,791.0,10.835616438356164,4.372196663665413,17,1007.0,0.18061882720688036,15,619.0,0.21871443631727536,32,1626.0
2145.0,27,732.0,10.166666666666666,5.137138475474031,12,803.0,0.23881444972276528,15,664.0,0.15897844898930014,27,1467.0
2150.0,24,788.0,11.420289855072463,5.977516471621758,8,583.0,0.36380276932430855,16,734.0,0.1341683450708256,24,1317.0
2155.0,27,915.0,13.656716417910447,5.73040101260614,10,400.0,0.3972613045982699,17,819.0,0.09151931246051825,27,1219.0
2160.0,29,1054.0,16.215384615384615,5.8273095607624885,9,290.0,0.4440247983272146,20,913.0,0.12765697101969348,29,1203.0
2165.0,24,750.0,11.71875,5.120538930847906,8,287.0,0.36046430956179376,16,741.0,0.19741273351690097,24,1028.0
2170.0,24,539.0,8.421875,5.241308951650689,16,334.0,0.2788792666123707,8,448.0,0.33783302791720765,24,782.0
2175.0,28,641.0,10.015625,4.523222401318084,18,389.0,0.28451826478632414,10,491.0,0.34354960876237334,28,880.0
2180.0,31,745.0,11.119402985074627,4.889296203933557,13,399.0,0.29734953398047603,18,562.0,0.2882008770610782,31,961.0
2185.0,32,869.0,12.414285714285715,3.905304428633396,14,464.0,0.22264784801520657,18,552.0,0.1939519091478731,32,1016.0
2190.0,32,987.0,13.901408450704226,4.577472002055048,18,548.0,0.25161955631842875,14,546.0,0.24461074211109132,32,1094.0
2195.0,36,822.0,11.416666666666666,3.6549123763934097,18,490.0,0.2629810999852951,18,551.0,0.1761215112946049,36,1041.0
2200.0,37,790.0,10.972222222222221,4.146495952668283,15,381.0,0.24118356095560314,22,629.0,0.24118313970159247,37,1010.0
2205.0,41,910.0,12.465753424657533,3.518269715432752,18,413.0,0.12664405045974908,23,731.0,0.22360906138505524,41,1144.0
2210.0,40,1013.0,13.328947368421053,4.09468471870111,14,418.0,0.22841100085164512,26,858.0,0.16744341331664303,40,1276.0
2215.0,38,1105.0,15.136986301369863,3.3713439717352753,14,465.0,0.20754169875398354,24,914.0,0.06914873789716917,38,1379.0
2220.0,40,1174.0,16.305555555555557,3.6987026836175207,18,524.0,0.20755065254571076,22,955.0,0.13121470171803293,40,1479.0
2225.0,36,942.0,13.267605633802816,3.4376640997315677,16,562.0,0.15059493716815028,20,855.0,0.13181127148464045,36,1417.0
2230.0,33,716.0,10.376811594202898,4.123180314913803,14,562.0,0.2352012367090083,19,642.0,0.13949673412402194,33,1204.0
2235.0,24,478.0,6.828571428571428,4.631255566685415,12,511.0,0.2456882875885107,12,660.0,0.20344730365409436,24,1171.0
2240.0,25,379.0,5.492753623188406,5.359820033508235,12,504.0,0.25373242245242306,13,630.0,0.2637444680814087,25,1134.0
2245.0,24,461.0,6.779411764705882,4.976113274251749,10,473.0,0.2532892271721767,14,611.0,0.24008895489842486,24,1084.0
2250.0,28,556.0,7.942857142857143,5.032225605863495,13,527.0,0.18424582582936067,15,550.0,0.2838176412971546,28,1077.0
2255.0,25,492.0,7.235294117647059,4.986156111172313,13,544.0,0.3054853349260412,12,520.0,0.2959724323771889,25,1064.0
2260.0,23,520.0,8.0,5.850955838353957,11,564.0,0.44980146477962285,12,420.0,0.2960100739885583,23,984.0
2265.0,31,380.0,5.846153846153846,3.9438919817304883,12,434.0,0.31291541746279156,19,478.0,0.1738110739659224,31,912.0
2270.0,31,367.0,5.242857142857143,4.540743932004889,12,211.0,0.23793730247309625,19,541.0,0.22737289556034018,31,752.0
2275.0,37,480.0,6.666666666666667,5.0168889261703065,16,215.0,0.19518178365979025,21,611.0,0.2715287349025358,37,826.0
2280.0,35,545.0,7.266666666666667,5.406208905742962,13,212.0,0.21412574605900947,22,707.0,0.261552111562653,35,919.0
2285.0,28,569.0,7.902777777777778,5.240068996332046,8,221.0,0.27525690842792905,20,726.0,0.23239118662905095,28,947.0
2290.0,28,526.0,7.96969696969697,4.886813766378428,9,203.0,0.3248265545496385,19,676.0,0.23349170709197062,28,879.0
2295.0,30,420.0,6.461538461538462,3.7509818435774323,11,226.0,0.27229668391067435,19,634.0,0.16833601232660592,30,860.0
2300.0,35,507.0,7.567164179104478,4.5082529512056855,12,285.0,0.3200549734070985,23,672.0,0.21692497314018172,35,957.0
2305.0,36,447.0,6.573529411764706,3.5515955212080432,13,303.0,0.2487429905498955,23,694.0,0.21621185284253153,36,997.0
2310.0,35,455.0,6.232876712328767,4.230601545662418,16,342.0,0.31922412576719417,19,643.0,0.2608237210467404,35,985.0
2315.0,34,523.0,6.973333333333334,4.095617402216002,13,358.0,0.386570420751615,21,654.0,0.1818236311769397,34,1012.0
2320.0,35,562.0,7.113924050632911,4.240739316137048,10,359.0,0.43081144437083047,25,619.0,0.0675604670049735,35,978.0
2325.0,36,490.0,5.903614457831325,4.017189582734376,10,315.0,0.35491985691671235,26,675.0,0.06388931454427169,36,990.0
2330.0,33,315.0,3.7951807228915664,4.438591594968229,13,248.0,0.27036977721617356,20,658.0,0.1797697198853616,33,906.0
2335.0,33,361.0,4.45679012345679,4.161560342625452,15,288.0,0.17140764902849245,18,690.0,0.25323890647254815,33,978.0
2340.0,35,412.0,5.024390243902439,4.07302249455364,16,321.0,0.17256679818591478,19,710.0,0.22261053048149385,35,1031.0
2345.0,39,532.0,6.734177215189874,3.6996256790262705,16,336.0,0.22916304929830617,23,756.0,0.15140107309386028,39,1092.0
2350.0,35,603.0,7.8311688311688314,4.015464345077036,17,293.0,0.22399993616747163,18,764.0,0.16583717886300534,35,1057.0
2355.0,31,677.0,8.792207792207792,4.090170907571062,14,335.0,0.1476797778135344,17,713.0,0.24516938825711532,31,1048.0
2360.0,34,732.0,9.891891891891891,5.051820782620996,16,368.0,0.26352969043082564,18,640.0,0.23680875963332348,34,1008.0
2365.0,34,638.0,8.506666666666666,4.15504373083896,17,398.0,0.2833467545936576,17,590.0,0.16368301200752577,34,988.0
2370.0,36,555.0,6.851851851851852,4.6901969342967735,20,416.0,0.25546660897592655,16,440.0,0.267799106709836,36,856.0
2375.0,37,492.0,5.788235294117647,4.7011156160818075,21,413.0,0.2769101112298223,16,480.0,0.3164425744764174,37,893.0
2380.0,33,534.0,6.433734939759036,5.569126108875102,18,343.0,0.31117339658792714,15,505.0,0.3905379587804936,33,848.0
2385.0,38,597.0,7.653846153846154,4.106639195386052,21,386.0,0.1492555106053386,17,507.0,0.30337756629735335,38,893.0
2390.0,41,730.0,9.733333333333333,4.083920766670808,24,440.0,0.12598204336571303,17,539.0,0.23383223756895108,41,979.0
2395.0,43,797.0,11.069444444444445,3.2000735237573945,24,548.0,0.13769553596545708,19,519.0,0.020663441165944374,43,1067.0
2400.0,42,841.0,12.014285714285714,3.825965348539503,24,671.0,0.19847956422929525,18,492.0,0.05351065817893421,42,1163.0
2405.0,35,845.0,11.901408450704226,4.072182067401324,20,728.0,0.2106985304558866,15,429.0,0.13068745360782758,35,1157.0
2410.0,36,868.0,12.225352112676056,4.750301863361096,21,745.0,0.17548258970075864,15,363.0,0.2645535938085602,36,1108.0
2415.0,31,717.0,10.544117647058824,4.415636039535521,20,715.0,0.18217274758575877,11,367.0,0.32170476763542155,31,1082.0
2420.0,30,550.0,7.971014492753623,5.360170592824093,17,620.0,0.1689633263279015,13,361.0,0.3731869796638222,30,981.0
2425.0,25,396.0,6.0,4.736265546156664,12,667.0,0.18951868040058445,13,362.0,0.3378030852896942,25,1029.0
2430.0,28,389.0,5.63768115942029,4.918542930917913,11,682.0,0.24509870110151602,17,380.0,0.24567650515542583,28,1062.0
2435.0,29,487.0,7.378787878787879,4.212246699880803,14,677.0,0.25288706684911866,15,430.0,0.15400187683421193,29,1107.0
2440.0,30,574.0,8.567164179104477,5.319099647116016,16,616.0,0.2836241114015459,14,477.0,0.2909049281816902,30,1093.0
2445.0,25,615.0,9.318181818181818,5.282218281637033,11,565.0,0.31309445324295776,14,461.0,0.26123166756910704,25,1026.0
2450.0,29,590.0,9.21875,5.028533550905597,14,541.0,0.291661235498633,15,392.0,0.2536182997977312,29,933.0
2455.0,31,712.0,11.125,4.595889155694065,17,535.0,0.3023590693563379,14,381.0,0.24976793300702574,31,916.0
2460.0,38,884.0,13.8125,3.567726620956198,19,620.0,0.20805672424659463,19,408.0,0.27939498917740285,38,1028.0
2465.0,40,981.0,14.217391304347826,3.2556651075922654,19,666.0,0.19212507941745635,21,483.0,0.27863617701286364,40,1149.0
2470.0,39,1073.0,14.902777777777779,3.775137810535876,14,638.0,0.29897958215765696,25,594.0,0.18179167630998827,39,1232.0
2475.0,38,823.0,10.828947368421053,3.58934325128101,14,586.0,0.28354873304572004,24,581.0,0.1311034722648109,38,1167.0
2480.0,38,728.0,9.1,4.014075107079992,18,477.0,0.21020494131362594,20,505.0,0.17655802610182303,38,982.0
2485.0,40,556.0,7.315789473684211,3.8591159362701446,21,420.0,0.2330103321606441,19,527.0,0.2352317484964069,40,947.0
2490.0,30,297.0,3.857142857142857,4.282223875124933,15,345.0,0.2004228511729832,15,466.0,0.2473114270119168,30,811.0
2495.0,31,390.0,5.064935064935065,5.238268980521336,19,374.0,0.1689402145085514,12,409.0,0.3521647750325252,31,783.0
2500.0,30,453.0,5.883116883116883,4.964802226377457,20,417.0,0.12513046248442464,10,310.0,0.3607729398494648,30,727.0
2505.0,34,569.0,7.4868421052631575,4.9351363006330065,22,496.0,0.1707403442253616,12,285.0,0.34630243223073726,34,781.0
2510.0,34,693.0,9.493150684931507,4.180216674242474,20,576.0,0.2451413900451332,14,302.0,0.19556463575060373,34,878.0
2515.0,36,834.0,11.27027027027027,3.913705334222217,22,668.0,0.1561080418303859,14,318.0,0.21756769042859814,36,986.0
2520.0,33,798.0,11.083333333333334,3.8660017775716113,20,646.0,0.14440502768225189,13,365.0,0.25222027804053015,33,1011.0
2525.0,32,563.0,7.712328767123288,3.7880300201978563,13,528.0,0.23803917583397013,19,442.0,0.0988915779733642,32,970.0
2530.0,29,521.0,6.946666666666666,3.4514652833401693,7,555.0,0.2540287176980142,22,503.0,0.0557799400260418,29,1058.0
2535.0,39,662.0,8.826666666666666,4.359144185516741,13,597.0,0.3197122521062897,26,592.0,0.1258063317958973,39,1189.0
2540.0,47,844.0,11.405405405405405,3.525665289475893,17,576.0,0.2878806241047,30,727.0,0.13421207927531023,47,1303.0
2545.0,40,976.0,13.013333333333334,3.3467883352055607,11,437.0,0.22760014601931317,29,870.0,0.1279571346339716,40,1307.0
2550.0,40,896.0,11.487179487179487,2.952620203488796,10,378.0,0.19995592200327264,30,948.0,0.09148306033643105,40,1326.0
2555.0,34,782.0,10.025641025641026,4.158264728773387,14,369.0,0.22818452075890272,20,939.0,0.1728291993755045,34,1308.0
2560.0,31,463.0,5.860759493670886,4.172172211098066,19,447.0,0.20034190021542544,12,820.0,0.2101081983081887,31,1267.0
2565.0,29,315.0,3.888888888888889,4.285243476102154,17,435.0,0.27012493788511105,12,653.0,0.17003873211814594,29,1088.0
2570.0,25,327.0,4.1923076923076925,4.710583131446873,12,335.0,0.36001136695923774,13,645.0,0.12518031903710658,25,980.0
2575.0,26,272.0,3.6266666666666665,4.724765239742057,11,322.0,0.2621697118191094,15,576.0,0.2188394520740187,26,898.0
2580.0,32,359.0,4.851351351351352,4.875653426246536,20,330.0,0.11509222233805529,12,483.0,0.3297727558705198,32,813.0
2585.0,29,429.0,5.876712328767123,4.775932167863129,19,399.0,0.13952039333471025,10,392.0,0.34147896590808285,29,791.0
2590.0,33,516.0,7.166666666666667,4.5115296283027595,17,461.0,0.2580634138287895,16,362.0,0.23265385841025496,33,823.0
2595.0,34,643.0,8.573333333333334,4.178844844751277,18,531.0,0.29816623909888545,16,387.0,0.18828433642938047,34,918.0
2600.0,33,757.0,10.971014492753623,4.307363288670413,19,611.0,0.27021340774398284,14,386.0,0.22643456427972827,33,997.0
2605.0,35,642.0,9.582089552238806,3.588088291495173,23,653.0,0.11678809378717135,12,326.0,0.28219636090482075,35,979.0
2610.0,38,606.0,8.416666666666666,3.3084609854668847,22,654.0,0.11300002008251779,16,309.0,0.20628305061709598,38,963.0
2615.0,41,610.0,8.356164383561644,2.970308935586394,20,625.0,0.17672443135615445,21,356.0,0.16275970868362832,41,981.0
2620.0,37,469.0,6.424657534246576,3.904900550118493,14,505.0,0.28533256612182617,23,408.0,0.16721598600589768,37,913.0
2625.0,31,452.0,5.947368421052632,4.362880484396,11,522.0,0.32672936680384856,20,454.0,0.15022094635143787,31,976.0
2630.0,31,455.0,6.148648648648648,4.501229184841531,17,561.0,0.20680424776867476,14,449.0,0.24961131876310313,31,1010.0
2635.0,32,365.0,4.866666666666666,3.9560084373759508,21,557.0,0.13136948194659473,11,400.0,0.2761378350413542,32,957.0
2640.0,31,387.0,4.8375,4.412602163202176,15,503.0,0.16972877617607968,16,318.0,0.22722070679667125,31,821.0
2645.0,36,411.0,5.1375,4.61048908287237,14,487.0,0.26269127903517814,22,359.0,0.2106290033836953,36,846.0
2650.0,35,460.0,5.679012345679013,4.953286658106271,13,436.0,0.24839822883376986,22,416.0,0.2561860624661923,35,852.0
2655.0,38,596.0,7.544303797468355,3.775475549183843,17,446.0,0.203735236179583,21,495.0,0.21449383596166444,38,941.0
2660.0,39,729.0,9.227848101265822,4.131675184138559,14,431.0,0.27596778165877284,25,610.0,0.16701529131019577,39,1041.0
2665.0,36,735.0,9.30379746835443,3.785021333345092,13,437.0,0.26611681954769856,23,641.0,0.13631706553401582,36,1078.0
2670.0,36,657.0,8.012195121951219,4.492744576004037,19,510.0,0.25267932684423494,17,575.0,0.2286589189643109,36,1085.0
2675.0,34,664.0,8.197530864197532,4.220083652960968,22,578.0,0.2124511669871194,12,562.0,0.27903421865385053,34,1140.0
2680.0,32,744.0,9.073170731707316,4.486524475993221,17,618.0,0.28834336305652875,15,571.0,0.1787947326451975,32,1189.0
2685.0,37,587.0,6.988095238095238,4.1634225158823055,17,521.0,0.22760882948045694,20,580.0,0.2111155091403199,37,1101.0
2690.0,35,682.0,8.419753086419753,4.6121551401609695,23,469.0,0.17158846835167058,12,514.0,0.2886316904130072,35,983.0
2695.0,35,588.0,7.443037974683544,4.335037747770842,25,559.0,0.11719306336837883,10,391.0,0.29937184250828225,35,950.0
2700.0,31,579.0,7.51948051948052,4.466238757520384,18,605.0,0.22486411303175577,13,234.0,0.1913247737202955,31,839.0
2705.0,41,754.0,9.792207792207792,4.635600941275005,21,678.0,0.2784657651115478,20,316.0,0.1737919844240597,41,994.0
2710.0,45,906.0,11.325,4.3619664694612625,25,782.0,0.2342089240074943,20,342.0,0.20007703313650443,45,1124.0
2715.0,37,976.0,12.2,4.252525825687887,26,867.0,0.1487381173108096,11,311.0,0.3223941422165568,37,1178.0
2720.0,33,1039.0,13.853333333333333,4.937775754484878,23,933.0,0.21031462788138638,10,285.0,0.3167576763470394,33,1218.0
2725.0,39,1213.0,17.32857142857143,4.819281729984045,24,1044.0,0.19957144375884078,15,304.0,0.21067691212239403,39,1348.0
2730.0,41,1393.0,20.485294117647058,3.604115574034652,25,1166.0,0.13790485555118695,16,351.0,0.16194199713981214,41,1517.0
2735.0,42,1578.0,22.869565217391305,3.8433081318211237,27,1297.0,0.12186722029931411,15,378.0,0.2196433369298978,42,1675.0
2740.0,38,1287.0,19.208955223880597,3.7978082353852423,25,1246.0,0.1075748001141475,13,341.0,0.2857242897344173,38,1587.0
2745.0,27,779.0,11.626865671641792,4.864126008163439,20,1049.0,0.1827649978510059,7,237.0,0.34230511177437706,27,1286.0
2750.0,26,448.0,6.686567164179104,4.270163544896481,16,1005.0,0.20173789256716887,10,253.0,0.31162475432391723,26,1258.0
2755.0,27,343.0,4.830985915492958,5.070029337151174,13,913.0,0.22838886853143509,14,315.0,0.344062490388383,27,1228.0
2760.0,27,421.0,5.767123287671233,4.6742012428517326,14,832.0,0.20644291848464683,13,340.0,0.34850279714412735,27,1172.0
2765.0,32,501.0,6.592105263157895,5.508631779440826,20,708.0,0.23831481858881032,12,336.0,0.4510988413194774,32,1044.0
2770.0,32,590.0,7.468354430379747,4.586600221615999,18,685.0,0.2533928190397039,14,390.0,0.33681375753611803,32,1075.0
2775.0,34,721.0,8.792682926829269,4.89636045218213,19,677.0,0.2530135450934999,15,454.0,0.33854954840033036,34,1131.0
2780.0,39,860.0,10.617283950617283,4.189076017736658,24,698.0,0.1788301332492559,15,485.0,0.3443904888206454,39,1183.0
2785.0,43,1037.0,12.493975903614459,4.264509613173303,24,655.0,0.19556518858262628,19,559.0,0.31119906179822504,43,1214.0
2790.0,41,809.0,9.51764705882353,3.232457781792583,22,669.0,0.17330927064777124,19,515.0,0.21627118413069243,41,1184.0
2795.0,39,621.0,7.305882352941176,3.2301164008878156,18,586.0,0.15740562177216638,21,539.0,0.20275966608762885,39,1125.0
2800.0,43,539.0,5.923076923076923,3.2713058459237825,20,614.0,0.195629349006082,23,520.0,0.1342811953011661,43,1134.0
2805.0,43,572.0,5.958333333333333,4.098154950905489,21,626.0,0.214651078263885,22,454.0,0.21891148143600997,43,1080.0
2810.0,48,753.0,7.926315789473684,4.229413165223509,25,665.0,0.24157092416728487,23,492.0,0.28771427025293766,48,1157.0
2815.0,46,793.0,8.01010101010101,3.9110910786828357,23,644.0,0.22489794624836867,23,535.0,0.16338281584276815,46,1179.0
2820.0,39,546.0,5.571428571428571,3.9639366906403004,21,646.0,0.19186982796137442,18,506.0,0.17890027356467905,39,1152.0
2825.0,35,494.0,5.145833333333333,4.700378039547656,22,622.0,0.15023728786183033,13,452.0,0.2808261917944388,35,1074.0
2830.0,42,539.0,5.858695652173913,3.8257937673540208,31,699.0,0.08861824351564289,11,410.0,0.2616152700739768,42,1109.0
2835.0,54,696.0,7.565217391304348,3.775205308274881,35,783.0,0.0879581311880063,19,463.0,0.24268456555845772,54,1246.0
2840.0,51,815.0,9.157303370786517,3.595383230980051,32,891.0,0.1319938138649606,19,465.0,0.24822454720764678,51,1356.0
2845.0,46,854.0,9.595505617977528,3.401980507953792,29,945.0,0.16289139244811296,17,425.0,0.22055451050545258,46,1370.0
2850.0,47,932.0,10.837209302325581,3.1801291722312626,31,995.0,0.1632937820474091,16,440.0,0.22423381025799338,47,1435.0
2855.0,46,810.0,9.310344827586206,3.1625008825679335,28,981.0,0.13018710718218895,18,446.0,0.18596964823337953,46,1427.0
2860.0,34,454.0,5.101123595505618,3.513176053393342,23,914.0,0.1105317828935337,11,396.0,0.19649693064147056,34,1310.0
2865.0,35,497.0,5.6477272727272725,4.9743287504742435,22,844.0,0.11057216085820658,13,382.0,0.39232017370507416,35,1226.0
2870.0,41,658.0,7.563218390804598,4.269206247257362,27,894.0,0.06370752938887787,14,424.0,0.3770091139353726,41,1318.0
2875.0,42,806.0,9.264367816091953,4.088387764528423,23,869.0,0.1880662126369008,19,508.0,0.2365803969202453,42,1377.0
2880.0,40,710.0,8.55421686746988,3.7552613107745985,18,831.0,0.2853522396584277,22,488.0,0.15264978572397886,40,1319.0
2885.0,41,708.0,8.634146341463415,4.12879876918761,16,736.0,0.3135863522569048,25,518.0,0.18687036381028516,41,1254.0
2890.0,40,665.0,8.209876543209877,3.6994268630752023,18,691.0,0.23742418322365708,22,580.0,0.22164840629057117,40,1271.0
2895.0,33,515.0,6.518987341772152,3.3701745121997115,17,600.0,0.15205421254001666,16,575.0,0.1993284641492762,33,1175.0
2900.0,40,569.0,7.0246913580246915,3.652472017730633,24,626.0,0.12880008445371294,16,559.0,0.2083060543214499,40,1185.0
2905.0,41,492.0,5.927710843373494,3.5062153591820473,24,687.0,0.1906793941013637,17,513.0,0.14675713968182144,41,1200.0
2910.0,35,412.0,5.08641975308642,4.003317062447064,18,678.0,0.2713850518372689,17,551.0,0.13060094201052053,35,1229.0
2915.0,28,359.0,4.786666666666667,3.9571213101722402,15,632.0,0.25729605246988335,13,539.0,0.1243034856991814,28,1171.0
2920.0,36,500.0,6.578947368421052,4.11502267223792,23,678.0,0.11593019799358013,13,550.0,0.22159713988759844,36,1228.0
2925.0,38,477.0,6.534246575342466,3.9469138269773776,27,692.0,0.047162488905692704,11,531.0,0.2669624294898052,38,1223.0
2930.0,39,481.0,6.871428571428571,4.438878274646821,25,660.0,0.13504012134457055,14,506.0,0.3025787781380268,39,1166.0
2935.0,37,593.0,8.594202898550725,3.7231358192262514,22,763.0,0.16244217888681953,15,499.0,0.2503333866612434,37,1262.0
2940.0,40,679.0,9.985294117647058,3.066409693479379,27,889.0,0.059699339621962715,13,423.0,0.2972498100043452,40,1312.0
2945.0,40,703.0,10.492537313432836,2.5925295725103883,28,957.0,0.0984944587882107,12,447.0,0.20567196337375557,40,1404.0
2950.0,35,609.0,8.826086956521738,3.087389177056667,25,992.0,0.09113168053965101,10,435.0,0.22265317804810253,35,1427.0
2955.0,32,594.0,8.608695652173912,3.9014059633305678,22,993.0,0.11344141487443377,10,363.0,0.32517091475116405,32,1356.0
2960.0,25,362.0,5.402985074626866,5.30049109016286,17,896.0,0.18187022469300052,8,241.0,0.40723180585642166,25,1137.0
2965.0,21,397.0,6.107692307692307,5.848046524228176,12,790.0,0.31711157625736164,9,193.0,0.3319214438582606,21,983.0
2970.0,26,509.0,7.712121212121212,6.12850712417749,14,717.0,0.34666664330711144,12,237.0,0.27532375889124333,26,954.0
2975.0,26,545.0,8.384615384615385,5.17817280478096,14,718.0,0.2753950791225102,12,258.0,0.2584568403317446,26,976.0
2980.0,27,599.0,9.215384615384615,5.249121291241802,16,675.0,0.24047123307677085,11,279.0,0.3212465757388107,27,954.0
2985.0,29,701.0,10.621212121212121,4.562907685665208,16,714.0,0.18010620824766804,13,330.0,0.3187661026540345,29,1044.0
2990.0,29,801.0,12.323076923076924,5.513227719615235,14,716.0,0.2801811385549366,15,400.0,0.33004872565626386,29,1116.0
2995.0,28,647.0,9.803030303030303,3.9966312750400035,13,632.0,0.2645507803354443,15,378.0,0.1568542827860368,28,1010.0
3000.0,32,325.0,4.779411764705882,4.093584770411836,14,493.0,0.24423938757923339,18,352.0,0.19478639808107573,32,845.0
3005.0,26,330.0,4.714285714285714,4.084215270609866,15,536.0,0.29433499650530853,11,379.0,0.24912890952330083,26,915.0
3010.0,37,460.0,6.666666666666667,4.163042447290867,21,606.0,0.17666076664017774,16,398.0,0.31055791928277876,37,1004.0
3015.0,37,604.0,8.882352941176471,3.8949809416531243,22,619.0,0.05581194755238756,15,408.0,0.34609039162791394,37,1027.0
3020.0,37,722.0,10.027777777777779,3.982002660643964,22,589.0,0.11287484429871948,15,393.0,0.2804875723028885,37,982.0
3025.0,35,743.0,10.614285714285714,3.8293956020078035,21,624.0,0.15647995236775378,14,437.0,0.3135729934500182,35,1061.0
3030.0,35,692.0,9.746478873239436,3.4506598002268514,13,578.0,0.1725352464288015,22,524.0,0.17513539706194672,35,1102.0
3035.0,32,484.0,6.816901408450704,3.619987490795179,8,528.0,0.24922330920925045,24,504.0,0.12029955891790617,32,1032.0
3040.0,31,456.0,6.162162162162162,4.1718297676874405,10,550.0,0.27419499707163725,21,424.0,0.17065907945663156,31,974.0
3045.0,35,559.0,7.763888888888889,3.9029336056049098,15,551.0,0.26353038623339237,20,479.0,0.24046537884062724,35,1030.0
3050.0,32,595.0,8.04054054054054,3.886140156759834,12,498.0,0.24161573304969775,20,506.0,0.2055473178325851,32,1004.0
3055.0,28,432.0,5.684210526315789,3.753665927058059,8,420.0,0.27332088424420914,20,543.0,0.1309203024353173,28,963.0
3060.0,31,238.0,3.051282051282051,4.28900420553917,14,311.0,0.24606054817826167,17,516.0,0.16858608677928014,31,827.0
3065.0,29,299.0,3.9342105263157894,3.934803223968038,15,314.0,0.18699711375538794,14,547.0,0.18792809907167835,29,861.0
3070.0,32,344.0,4.410256410256411,4.4792526270685284,14,276.0,0.2380774863728746,18,559.0,0.15887432071282853,32,835.0
3075.0,31,412.0,5.493333333333333,4.623903344397193,10,249.0,0.2973336008732442,21,582.0,0.18118002795142887,31,831.0
3080.0,25,454.0,6.053333333333334,4.817908398132153,11,281.0,0.24561471889284017,14,547.0,0.2803749214116383,25,828.0
3085.0,31,318.0,4.3561643835616435,4.269517685582901,17,260.0,0.19345005999934456,14,481.0,0.2609224658682184,31,741.0
3090.0,36,329.0,4.445945945945946,4.379340078802596,21,327.0,0.14830799760463179,15,381.0,0.27417131765327746,36,708.0
3095.0,40,467.0,6.144736842105263,4.055367386858017,24,423.0,0.10780927557673077,16,398.0,0.2513417467438925,40,821.0
3100.0,37,596.0,8.394366197183098,4.232508252048759,24,521.0,0.09304204242781815,13,390.0,0.28485608734617085,37,911.0
3105.0,41,746.0,10.970588235294118,2.922876902493392,26,636.0,0.04141625219241594,15,398.0,0.22462084506314878,41,1034.0
3110.0,44,931.0,13.3,3.226919753617109,26,764.0,0.09858582629322406,18,405.0,0.15715797887148128,44,1169.0
3115.0,44,956.0,13.657142857142857,3.1464727819800364,23,800.0,0.18955419927849546,21,442.0,0.08232160461613293,44,1242.0
3120.0,44,1038.0,14.82857142857143,3.405015044379427,23,853.0,0.1699216155812702,21,446.0,0.19322602868979652,44,1299.0
3125.0,44,945.0,13.309859154929578,2.860068826881054,24,858.0,0.14883952912853687,20,460.0,0.23385240782119798,44,1318.0
3130.0,36,604.0,8.507042253521126,3.7362100993414407,16,724.0,0.1802256625826963,20,468.0,0.24092537951165116,36,1192.0
3135.0,30,383.0,5.175675675675675,3.3788145726394996,10,740.0,0.1630522593180618,20,493.0,0.20678883029981632,30,1233.0
3140.0,26,239.0,3.1447368421052633,4.187032534343615,12,761.0,0.16930704406468491,14,440.0,0.2619877979943231,26,1201.0
3145.0,30,304.0,4.164383561643835,4.079144889148157,16,710.0,0.1639753767177542,14,416.0,0.3166810708619871,30,1126.0
3150.0,31,323.0,4.549295774647887,4.227605640035151,12,546.0,0.27848227078918336,19,435.0,0.19118792151567413,31,981.0
3155.0,29,214.0,2.8533333333333335,3.845348429646243,6,418.0,0.2867246384250818,23,455.0,0.12518660588129987,29,873.0
3160.0,27,228.0,3.1666666666666665,4.498249329332311,9,389.0,0.2922940384367574,18,453.0,0.23780481178221166,27,842.0
3165.0,30,273.0,3.7916666666666665,4.30423696704806,12,419.0,0.27796300207436425,18,453.0,0.25003280468907396,30,872.0
3170.0,34,334.0,4.394736842105263,4.008689695862119,18,483.0,0.15299986638488763,16,405.0,0.19400383975448518,34,888.0
3175.0,42,404.0,5.315789473684211,3.840047998231553,22,464.0,0.19167182209154743,20,426.0,0.12663428538330093,42,890.0
3180.0,35,393.0,5.103896103896104,4.691188743205182,14,361.0,0.28116663475773546,21,461.0,0.13700218237139056,35,822.0
3185.0,29,448.0,6.222222222222222,4.977154183790848,7,291.0,0.37504838437736276,22,541.0,0.1605375770821575,29,832.0
3190.0,30,540.0,7.397260273972603,4.3350082921769415,11,327.0,0.2795620776111396,19,577.0,0.1637987894708575,30,904.0
3195.0,34,650.0,9.285714285714286,4.124345505992278,17,395.0,0.14645956187024883,17,582.0,0.22418025500328903,34,977.0
3200.0,37,622.0,9.283582089552239,3.3041777822904224,20,450.0,0.09722770376250589,17,560.0,0.18643668492113438,37,1010.0
3205.0,38,638.0,9.246376811594203,4.094152915596266,23,524.0,0.11428380769521214,15,456.0,0.21750759794701932,38,980.0
3210.0,39,714.0,10.056338028169014,3.4686626223765646,21,553.0,0.17834610598157272,18,511.0,0.20215917856904725,39,1064.0
3215.0,30,674.0,9.108108108108109,4.895337685041844,15,488.0,0.24115005820952543,15,551.0,0.31618298168330805,30,1039.0
3220.0,20,478.0,6.2894736842105265,4.700055914516214,6,418.0,0.3077302531529714,14,584.0,0.22438457463720773,20,1002.0
3225.0,26,536.0,6.871794871794871,5.434540278866996,10,340.0,0.34376883804212555,16,621.0,0.27910313112283786,26,961.0
3230.0,30,493.0,6.4868421052631575,4.5873686471466355,15,331.0,0.2764049775841096,15,609.0,0.240459089000692,30,940.0
3235.0,30,291.0,3.9324324324324325,4.804362042329923,16,271.0,0.26314950860454006,14,510.0,0.24430844677851912,30,781.0
3240.0,25,292.0,4.055555555555555,4.5211822437742875,13,301.0,0.2620796388941268,12,562.0,0.21234952123531206,25,863.0
3245.0,33,394.0,5.253333333333333,3.8476466874134445,18,326.0,0.18671709703788142,15,620.0,0.1721564775832723,33,946.0
3250.0,40,526.0,7.108108108108108,3.388815597142856,23,359.0,0.16134566028371475,17,619.0,0.242818320153163,40,978.0
3255.0,35,602.0,7.818181818181818,4.627611653696269,22,368.0,0.18655841125335304,13,575.0,0.3192488179780262,35,943.0
3260.0,25,615.0,8.424657534246576,4.854171018196823,12,373.0,0.23943360357798138,13,633.0,0.3021456745600633,25,1006.0
3265.0,34,702.0,9.887323943661972,4.431827006566316,16,349.0,0.22671031153359625,18,717.0,0.23725173101144875,34,1066.0
3270.0,38,585.0,8.125,3.410148582125234,20,398.0,0.15544671366388288,18,627.0,0.22630348464512923,38,1025.0
3275.0,43,692.0,9.746478873239436,4.120208336463837,27,457.0,0.18734981612023335,16,528.0,0.33759173770446865,43,985.0
3280.0,38,608.0,8.56338028169014,3.8796501596184925,23,512.0,0.26081151639859795,15,491.0,0.30627141736969526,38,1003.0
3285.0,38,521.0,6.946666666666666,3.827525814461667,23,559.0,0.2309674651632554,15,384.0,0.24017780285848345,38,943.0
3290.0,44,570.0,7.402597402597403,3.60338473265012,26,592.0,0.20027725060043575,18,397.0,0.21960907795840276,44,989.0
3295.0,37,401.0,5.276315789473684,3.75184036903253,21,552.0,0.20531002337305587,16,395.0,0.1805446868953176,37,947.0
3300.0,33,372.0,4.894736842105263,3.3731888269317776,16,533.0,0.2148919927509972,17,438.0,0.10972363799148875,33,971.0
3305.0,29,434.0,5.7105263157894735,3.907076109559224,18,556.0,0.15803060204427039,11,452.0,0.23318829991782353,29,1008.0
3310.0,35,522.0,6.96,3.9037771978006752,22,621.0,0.11147948618603462,13,470.0,0.2868975499362738,35,1091.0
3315.0,39,619.0,8.597222222222221,3.7352285948013395,25,696.0,0.11693789409547259,14,466.0,0.31418523611811683,39,1162.0
3320.0,45,614.0,7.974025974025974,2.647195726384935,26,712.0,0.12119253896777783,19,508.0,0.1931142040387447,45,1220.0
3325.0,45,750.0,9.615384615384615,3.8611211628100963,29,699.0,0.05855978166279182,16,547.0,0.3786213325599404,45,1246.0
3330.0,43,765.0,9.444444444444445,4.093207578419396,29,816.0,0.07131044792555177,14,519.0,0.4118351933210152,43,1335.0
3335.0,44,914.0,10.75294117647059,4.592486796732776,28,910.0,0.15298226404558235,16,471.0,0.3642044688224998,44,1381.0
3340.0,45,839.0,10.231707317073171,3.6018350776915216,25,903.0,0.1877249583172395,20,413.0,0.18277220059182522,45,1316.0
3345.0,38,577.0,7.1234567901234565,3.6017892414616424,17,766.0,0.21769897264771984,21,374.0,0.11006370457156012,38,1140.0
3350.0,37,509.0,6.283950617283951,4.197530044625369,13,594.0,0.24574012722922725,24,434.0,0.10319900678133688,37,1028.0
3355.0,32,443.0,5.469135802469136,4.9086031943362185,9,438.0,0.35393063483067116,23,496.0,0.10771372418996951,32,934.0
3360.0,24,380.0,5.0,5.443946151215851,10,359.0,0.3478517510652485,14,500.0,0.21178852754184516,24,859.0
3365.0,25,341.0,4.608108108108108,4.678998661009114,13,334.0,0.2387560483430694,12,481.0,0.2631289213411652,25,815.0
3370.0,28,394.0,5.7101449275362315,4.521167716310825,12,278.0,0.28447425708717283,16,448.0,0.19332500829708052,28,726.0
3375.0,37,364.0,5.352941176470588,2.8968689821407048,16,302.0,0.2032425277980445,21,470.0,0.10235864775316414,37,772.0
3380.0,41,444.0,6.253521126760563,3.6339465957293267,20,327.0,0.2498527410931124,21,489.0,0.21182514668384347,41,816.0
3385.0,37,438.0,5.918918918918919,4.11688250736375,18,337.0,0.24603187916020228,19,510.0,0.2977091566444706,37,847.0
3390.0,32,430.0,5.890410958904109,4.524755342887939,20,376.0,0.24151457181215205,12,438.0,0.29391097019639,32,814.0
3395.0,32,468.0,6.410958904109589,4.451171493818133,21,423.0,0.19597405397704137,11,335.0,0.2602110618633048,32,758.0
3400.0,35,567.0,7.269230769230769,5.513645957662605,22,434.0,0.2054294325837274,13,340.0,0.33409858644497076,35,774.0
3405.0,28,485.0,6.830985915492958,5.273892073878415,19,445.0,0.18806481652922236,9,299.0,0.42630989418653725,28,744.0
3410.0,24,342.0,4.75,5.667094091096972,14,400.0,0.2635040869892869,10,244.0,0.3118350143848078,24,644.0
3415.0,30,421.0,6.101449275362318,5.507407375375053,13,351.0,0.3521768484462627,17,299.0,0.2070762765293174,30,650.0
3420.0,28,460.0,6.666666666666667,4.788064161941579,13,358.0,0.26998897271219974,15,357.0,0.17792676916822564,28,715.0
3425.0,27,540.0,8.059701492537313,5.139230393770251,16,388.0,0.2497870501140702,11,379.0,0.29844647872025254,27,767.0
3430.0,33,549.0,8.194029850746269,4.749176297222201,18,426.0,0.14477625763395624,15,361.0,0.27571523333001874,33,787.0
3435.0,29,528.0,8.0,4.713408108241995,15,422.0,0.17533845507539567,14,313.0,0.2574760866379172,29,735.0
3440.0,28,374.0,5.936507936507937,4.129340357902435,17,388.0,0.2253254295135088,11,261.0,0.22990486433394997,28,649.0
3445.0,31,482.0,7.53125,4.848816666200151,15,381.0,0.3650103284445857,16,281.0,0.28352826873701037,31,662.0
3450.0,31,422.0,6.298507462686567,4.260261001289566,16,350.0,0.23658504532090188,15,330.0,0.33025940347255806,31,680.0
3455.0,31,421.0,6.378787878787879,4.729094849018361,17,327.0,0.24125895436423536,14,352.0,0.3685623087267296,31,679.0
3460.0,34,465.0,6.940298507462686,3.4385724029176803,17,351.0,0.18609751930535479,17,364.0,0.23899135741088998,34,715.0
3465.0,30,491.0,6.915492957746479,4.360749284520164,13,356.0,0.27771738608104396,17,373.0,0.16740565526778775,30,729.0
3470.0,32,615.0,8.661971830985916,4.632114032511849,14,383.0,0.3105565773470273,18,426.0,0.1787708038387979,32,809.0
3475.0,32,583.0,7.773333333333333,5.0584112880841685,12,355.0,0.27732108203064537,20,485.0,0.19690767861917316,32,840.0
3480.0,37,520.0,6.933333333333334,4.800512945098382,16,308.0,0.30180563331094945,21,488.0,0.2220927293189654,37,796.0
3485.0,29,383.0,5.175675675675675,4.815784721227958,17,327.0,0.17031719904136158,12,376.0,0.33277226548616695,29,703.0
3490.0,33,494.0,6.767123287671233,4.942390970420963,20,348.0,0.16956950784915092,13,340.0,0.33116228210765625,33,688.0
3495.0,28,524.0,7.380281690140845,5.175443402938906,16,393.0,0.18622926647727991,12,339.0,0.33579459535308576,28,732.0
3500.0,25,460.0,6.571428571428571,5.0389368777931605,9,377.0,0.3038268213930658,16,328.0,0.2067692135223697,25,705.0
3505.0,32,544.0,8.0,4.5225687072998815,9,368.0,0.41313092780684335,23,393.0,0.11640693062709641,32,761.0
3510.0,32,649.0,9.833333333333334,4.716562086095498,8,372.0,0.47149514897276584,24,451.0,0.14251947429170603,32,823.0
3515.0,32,741.0,11.578125,4.6205400212413945,11,417.0,0.38299465452312714,21,510.0,0.19898393485345486,32,927.0
3520.0,26,728.0,11.2,4.656259283740455,10,454.0,0.2621313205932675,16,495.0,0.22878197447616364,26,949.0
3525.0,25,644.0,9.907692307692308,5.000965223450661,10,493.0,0.31338455939035365,15,449.0,0.17631002099921983,25,942.0
3530.0,27,531.0,7.925373134328358,5.168106856485893,9,456.0,0.3065580672669198,18,387.0,0.19710345040839217,27,843.0
3535.0,29,308.0,4.666666666666667,5.273651876293539,7,322.0,0.3948090008839422,22,423.0,0.2619807660802203,29,745.0
3540.0,25,346.0,5.492063492063492,5.389054001603178,7,343.0,0.41586571093687413,18,434.0,0.3044366729127471,25,777.0
3545.0,28,388.0,6.258064516129032,3.9858671595234063,10,367.0,0.3056572294293711,18,454.0,0.18423732716815752,28,821.0
3550.0,25,360.0,5.625,4.239802187572224,10,328.0,0.24454691597992548,15,403.0,0.16666448208830997,25,731.0
3555.0,26,433.0,7.098360655737705,4.696679949681898,10,267.0,0.2516787027439637,16,411.0,0.24678809961648246,26,678.0
3560.0,27,511.0,8.516666666666667,4.606554882079053,11,308.0,0.2727715119331265,16,447.0,0.25634886339667196,27,755.0
3565.0,29,606.0,10.821428571428571,3.96719273968016,12,332.0,0.2822495675499079,17,485.0,0.1667616147871024,29,817.0
3570.0,27,710.0,13.39622641509434,4.627948138432797,11,333.0,0.334945932335288,16,510.0,0.11191467425749879,27,843.0
3575.0,24,632.0,11.924528301886792,4.654700940583311,11,352.0,0.16873821061572564,13,477.0,0.15447324181444702,24,829.0
3580.0,25,502.0,9.471698113207546,4.431257275472548,11,327.0,0.17538439900842484,14,396.0,0.25674750580650857,25,723.0
3585.0,23,572.0,11.673469387755102,5.184236741165734,10,297.0,0.38497099898361453,13,401.0,0.20865339088412635,23,698.0
3590.0,20,568.0,10.716981132075471,5.498744893650358,8,311.0,0.43959631018311995,12,412.0,0.21757038628043118,20,723.0
3595.0,22,646.0,12.18867924528302,6.317747758840226,8,332.0,0.4083841932246953,14,421.0,0.2671636422513848,22,753.0
3600.0,20,487.0,9.74,5.273286593101687,10,351.0,0.31875518143736953,10,329.0,0.2509701061400604,20,680.0
3605.0,18,455.0,8.425925925925926,6.091447466597476,11,377.0,0.3350520806155577,7,187.0,0.369848781424031,18,564.0
3610.0,17,192.0,3.6226415094339623,5.513164144839905,11,194.0,0.3742251913512447,6,149.0,0.3422071969385661,17,343.0
3615.0,16,122.0,2.2181818181818183,6.430516791194877,8,140.0,0.38556925437230705,8,77.0,0.3849866711214483,16,217.0
3620.0,18,174.0,3.107142857142857,6.023877731843757,10,169.0,0.2081102206893066,8,74.0,0.39560976652234536,18,243.0
3625.0,18,224.0,4.0,6.503332774749667,15,241.0,0.24752389755680584,3,59.0,0.5031944989572741,18,300.0
3630.0,21,274.0,5.169811320754717,5.435731748281138,13,288.0,0.3024490219861816,8,61.0,0.39803587584948547,21,349.0
3635.0,24,375.0,7.8125,5.227250447396176,14,345.0,0.2623382624663096,10,89.0,0.3975239096295689,24,434.0
3640.0,29,381.0,7.470588235294118,3.7022023649602938,15,352.0,0.07999822157171457,14,147.0,0.3006393334219953,29,499.0
3645.0,23,382.0,7.490196078431373,4.943691513431149,7,295.0,0.1988581995166046,16,223.0,0.2577701401183854,23,518.0
3650.0,22,392.0,7.686274509803922,4.471067413209787,7,286.0,0.2546801294216579,15,245.0,0.16443132026081403,22,531.0
3655.0,23,408.0,7.846153846153846,5.1409277112481755,11,337.0,0.29361818543918566,12,219.0,0.2048985733281618,23,556.0
3660.0,20,341.0,6.959183673469388,5.150059306860861,11,287.0,0.38530717367917233,9,212.0,0.2252851496623433,20,499.0
3665.0,18,213.0,4.096153846153846,5.318000128990964,9,214.0,0.3152213495903422,9,213.0,0.2651193424987984,18,427.0
3670.0,21,247.0,4.410714285714286,4.789426520055115,10,200.0,0.3025496735251948,11,265.0,0.28743536661369,21,465.0
3675.0,19,265.0,4.491525423728813,6.303678114697409,6,137.0,0.4492582162216986,13,319.0,0.2907006035485015,19,456.0
3680.0,18,267.0,4.603448275862069,5.876070388573245,6,143.0,0.44116829593620166,12,309.0,0.26353976094290993,18,452.0
3685.0,24,370.0,6.166666666666667,5.614981751278066,11,187.0,0.30961993116575853,13,317.0,0.2193915114850486,24,504.0
3690.0,30,443.0,7.383333333333334,4.7195493234167065,16,212.0,0.27399782758191144,14,345.0,0.21503049932106943,30,557.0
3695.0,29,572.0,9.694915254237289,5.056105585717758,15,254.0,0.2564935599076356,14,381.0,0.2859011513684094,29,635.0
3700.0,34,662.0,11.413793103448276,3.7519467559629978,18,274.0,0.16562224412915866,16,459.0,0.27624082157110047,34,733.0
3705.0,26,436.0,6.8125,4.159556131463099,9,239.0,0.2361829946943625,17,411.0,0.1892065040339046,26,650.0
3710.0,16,122.0,1.876923076923077,5.241747550088644,6,186.0,0.34764419147511366,10,267.0,0.22072984666949783,16,453.0
3715.0,18,144.0,2.25,6.051503010015681,10,179.0,0.3135669369575636,8,221.0,0.3595682218509984,18,400.0
3720.0,20,140.0,2.3333333333333335,6.112086417216679,14,194.0,0.23488661496593932,6,132.0,0.46394505048255047,20,326.0
3725.0,20,166.0,3.018181818181818,5.1772664949760765,10,159.0,0.25223507915000865,10,147.0,0.27350250748551547,20,306.0
3730.0,21,218.0,3.892857142857143,4.394115048876015,8,181.0,0.32897497586468893,13,158.0,0.08153198926306542,21,339.0
3735.0,22,292.0,5.615384615384615,5.225738785476972,14,231.0,0.23897317284496636,8,152.0,0.30871753715925726,22,383.0
3740.0,21,277.0,5.431372549019608,4.392834816853532,14,263.0,0.1874282910670231,7,153.0,0.31780531571489895,21,416.0
3745.0,27,350.0,6.363636363636363,4.645008803091752,18,304.0,0.1592870130642858,9,152.0,0.3681589437685771,27,456.0
3750.0,27,384.0,6.9818181818181815,4.640157600359268,15,319.0,0.2703557917891992,12,185.0,0.3359523567175574,27,504.0
3755.0,24,403.0,7.196428571428571,4.959163420786388,8,258.0,0.39741163194413254,16,244.0,0.24318772856428353,24,502.0
3760.0,24,298.0,5.137931034482759,5.001335807421068,10,239.0,0.3455619869073218,14,255.0,0.24268629842765144,24,494.0
3765.0,27,294.0,4.983050847457627,5.4140868971634095,11,218.0,0.31370716308155394,16,264.0,0.30152383590180554,27,482.0
3770.0,24,343.0,5.622950819672131,4.801114290873251,10,211.0,0.2575337490732196,14,299.0,0.3271628553658657,24,510.0
3775.0,26,418.0,6.741935483870968,4.7291416727397655,11,191.0,0.2772975239837966,15,358.0,0.2153213168582552,26,549.0
3780.0,28,540.0,8.852459016393443,4.697886748991042,10,197.0,0.324948514725173,18,443.0,0.18049468665976007,28,640.0
3785.0,31,660.0,10.3125,4.902347518900882,11,189.0,0.343405916826697,20,544.0,0.19642710179812053,31,733.0
3790.0,32,766.0,12.766666666666667,3.793150140982928,10,226.0,0.2960815098381249,22,637.0,0.20217491468380192,32,863.0
3795.0,35,902.0,14.548387096774194,3.876308770870967,13,256.0,0.28927843776606194,22,713.0,0.1588362145911005,35,969.0
3800.0,39,1071.0,16.227272727272727,4.17985788671025,14,291.0,0.3228893410851261,25,831.0,0.12235655195846319,39,1122.0
3805.0,34,1167.0,17.417910447761194,5.080455530346171,11,311.0,0.363987198900363,23,920.0,0.21169690113118858,34,1231.0
3810.0,34,1172.0,17.492537313432837,4.341398503107119,10,268.0,0.2903507715931994,24,991.0,0.1870575507556872,34,1259.0
3815.0,38,1056.0,15.529411764705882,3.5961442891212947,16,297.0,0.2715693346327549,22,952.0,0.15130701345622666,38,1249.0
3820.0,34,487.0,6.957142857142857,4.154793563246722,16,261.0,0.24629039434230726,18,754.0,0.21290478472421956,34,1015.0
3825.0,23,272.0,4.0,5.539525904268952,13,225.0,0.22852160009843808,10,550.0,0.3505138181113601,23,775.0
3830.0,25,356.0,5.085714285714285,5.841068371696824,17,267.0,0.1578562516406107,8,309.0,0.39248778414256125,25,576.0
3835.0,29,489.0,7.523076923076923,5.724964269193201,19,355.0,0.1579903099416524,10,216.0,0.4225084518113956,29,571.0
3840.0,31,638.0,10.813559322033898,4.8896628874563905,19,450.0,0.14355710093618812,12,223.0,0.38562473736626246,31,673.0
3845.0,29,590.0,10.350877192982455,3.6143675039625807,17,461.0,0.10688600827319865,12,245.0,0.23936473076876583,29,706.0
3850.0,27,477.0,8.517857142857142,4.548275905046533,11,393.0,0.23349994201995636,16,274.0,0.23656192516115535,27,667.0
3855.0,24,484.0,8.344827586206897,4.418427892409443,10,386.0,0.2855171165888176,14,337.0,0.2179500712227952,24,723.0
3860.0,28,576.0,9.931034482758621,5.423860915353162,13,384.0,0.2456363767981596,15,388.0,0.3213037792347268,28,772.0
3865.0,24,567.0,9.610169491525424,4.46249919574288,10,365.0,0.17382839719358195,14,387.0,0.2920905430489222,24,752.0
3870.0,22,563.0,9.080645161290322,6.2009660945700205,8,308.0,0.36770291860499577,14,388.0,0.3400711835155252,22,696.0
3875.0,19,276.0,4.677966101694915,5.976701626828027,8,236.0,0.3616078711502417,11,318.0,0.33825423484630873,19,554.0
3880.0,23,236.0,3.933333333333333,5.590319859255151,10,163.0,0.36255918061167364,13,209.0,0.2708572072834316,23,372.0
3885.0,26,231.0,3.85,4.957863934369127,9,165.0,0.41199154037258545,17,246.0,0.20363174860008756,26,411.0
3890.0,30,295.0,5.0,4.553778129901215,13,200.0,0.3864611562111095,17,274.0,0.20947534678113136,30,474.0
3895.0,32,339.0,5.467741935483871,3.0780413302205454,13,195.0,0.26576676976717917,19,309.0,0.15315917987295521,32,504.0
3900.0,24,339.0,5.296875,4.6122297216161465,8,171.0,0.350225193399137,16,329.0,0.22134499546687011,24,500.0
3905.0,26,257.0,3.893939393939394,4.464475230897224,10,154.0,0.2850035252472093,16,352.0,0.21967049598912583,26,506.0
3910.0,26,259.0,4.046875,4.854869426391593,12,139.0,0.2313949408127121,14,343.0,0.27653372409222726,26,482.0
3915.0,35,361.0,5.388059701492537,4.139672501340923,19,193.0,0.17902546423995205,16,378.0,0.27258468741446207,35,571.0
3920.0,32,477.0,7.119402985074627,4.70911970795731,17,253.0,0.23135468741957743,15,421.0,0.29196149364032087,32,674.0
3925.0,31,534.0,7.739130434782608,4.876666259360602,14,280.0,0.29538377174485636,17,440.0,0.26771560331939925,31,720.0
3930.0,28,514.0,7.23943661971831,4.81616179714398,8,238.0,0.35064504963046517,20,500.0,0.18924779193141383,28,738.0
3935.0,27,599.0,8.681159420289855,5.080206832720594,11,256.0,0.2705992677406187,16,541.0,0.2522730467392296,27,797.0
3940.0,30,631.0,8.76388888888889,5.048524623120384,13,294.0,0.1587267144654873,17,560.0,0.25476847068337916,30,854.0
3945.0,33,579.0,8.154929577464788,4.811404546259729,14,320.0,0.19382920547304955,19,536.0,0.2591076172759248,33,856.0
3950.0,29,449.0,6.701492537313433,4.500164964949746,10,295.0,0.3129936091817121,19,485.0,0.23217066617343157,29,780.0
3955.0,31,341.0,4.871428571428571,4.30620476341262,9,233.0,0.3257266386889506,22,407.0,0.1436133175537692,31,640.0
3960.0,36,388.0,5.173333333333333,5.077236828379741,12,194.0,0.4247852679827457,24,460.0,0.17331586372611477,36,654.0
3965.0,35,486.0,6.394736842105263,4.900667787663581,14,236.0,0.4123989459710941,21,507.0,0.19411746571060812,35,743.0
3970.0,41,556.0,7.220779220779221,3.9119405806683103,19,297.0,0.34608064436381614,22,547.0,0.1560901184335763,41,844.0
3975.0,38,473.0,5.7682926829268295,4.126146071000731,22,330.0,0.19508575073408832,16,517.0,0.24839236844956927,38,847.0
3980.0,32,449.0,5.6125,4.249359807416344,17,337.0,0.16958316988432873,15,487.0,0.2783677896639105,32,824.0
3985.0,26,432.0,5.333333333333333,4.9584473545179275,13,353.0,0.2925524864135595,13,422.0,0.24907520308151146,26,775.0
3990.0,29,333.0,4.1625,4.2520678729380545,10,277.0,0.2966694911494183,19,443.0,0.1820884696310008,29,720.0
3995.0,33,411.0,5.269230769230769,4.222621080681306,17,244.0,0.19967665571129292,16,451.0,0.23502787022222638,33,695.0
4000.0,38,458.0,5.7974683544303796,3.9709242291656786,21,309.0,0.17325091251121333,17,468.0,0.24976311827658776,38,777.0
4005.0,33,514.0,6.675324675324675,4.643428558578701,13,336.0,0.23044260735017796,20,493.0,0.22485089401107428,33,829.0
4010.0,32,367.0,4.95945945945946,3.9542932243063356,11,299.0,0.23190961532560508,21,485.0,0.11879922003435613,32,784.0
4015.0,39,507.0,6.671052631578948,4.499432665169135,17,316.0,0.2191252612188396,22,505.0,0.11702053726888392,39,821.0
4020.0,40,492.0,6.739726027397261,4.198325863667852,18,328.0,0.2530511376820382,22,560.0,0.1387301961189905,40,888.0
4025.0,30,424.0,5.808219178082192,4.868773711828171,18,307.0,0.22013512059197604,12,547.0,0.2403305634466449,30,854.0
4030.0,28,424.0,6.057142857142857,4.280767459278878,17,338.0,0.23300159288734934,11,513.0,0.17133841316379939,28,851.0
4035.0,27,307.0,4.205479452054795,5.1109245024242025,11,306.0,0.3114371376985271,16,462.0,0.1486403700975851,27,768.0
4040.0,26,264.0,3.7183098591549295,4.286585711113031,9,263.0,0.2606709129042273,17,490.0,0.14396753578734414,26,753.0
4045.0,25,310.0,4.2465753424657535,5.052095798128044,14,260.0,0.24444622415559403,11,465.0,0.32536638435676346,25,725.0
4050.0,30,303.0,3.986842105263158,5.0775680218360595,18,287.0,0.2877996406247236,12,411.0,0.25266348943246886,30,698.0
4055.0,27,319.0,4.253333333333333,5.685385863347353,12,270.0,0.35599812708930156,15,392.0,0.25150516087835645,27,662.0
4060.0,29,301.0,4.0675675675675675,5.257365375368856,14,287.0,0.3459319691022527,15,382.0,0.1526214147243146,29,669.0
4065.0,34,443.0,6.328571428571428,4.889055307656121,18,344.0,0.2609006161395828,16,417.0,0.23506038075093658,34,761.0
4070.0,31,483.0,7.0,4.577029847403084,19,403.0,0.2710884193479567,12,421.0,0.30062549118173365,31,824.0
4075.0,31,532.0,7.823529411764706,4.792255949030528,23,475.0,0.1760282434949414,8,374.0,0.3810572513324963,31,849.0
4080.0,35,598.0,8.542857142857143,4.0222964095454135,24,533.0,0.13125641730705,11,380.0,0.28225494632475273,35,913.0
4085.0,36,660.0,9.166666666666666,4.194478565300694,18,568.0,0.1946930459555116,18,426.0,0.1926600454269116,36,994.0
4090.0,33,754.0,10.927536231884059,4.686699471804601,18,606.0,0.21258722015118206,15,489.0,0.24918342845242117,33,1095.0
4095.0,39,919.0,13.514705882352942,4.050317787160279,23,679.0,0.16692938172732213,16,552.0,0.19900416179497257,39,1231.0
4100.0,44,977.0,13.76056338028169,3.5766476459411427,28,803.0,0.1896533910795854,16,489.0,0.2489531702967114,44,1292.0
4105.0,39,996.0,13.643835616438356,3.7564991200968287,25,879.0,0.22304805073152748,14,451.0,0.27469707316826336,39,1330.0
4110.0,36,1000.0,12.987012987012987,4.04975043568619,19,894.0,0.27134408948945554,17,443.0,0.2320307344930084,36,1337.0
4115.0,28,756.0,9.947368421052632,4.973081294006798,19,827.0,0.27660326383887013,9,359.0,0.30783390295951196,28,1186.0
4120.0,30,508.0,6.684210526315789,4.9734220704770395,20,718.0,0.14441170417099602,10,324.0,0.3544658323282985,30,1042.0
4125.0,35,439.0,5.8533333333333335,4.822778379434905,23,669.0,0.09930195891236472,12,261.0,0.3233936003440809,35,930.0
4130.0,28,470.0,6.527777777777778,5.1560268745294975,19,726.0,0.16432357025714697,9,205.0,0.4133480745883367,28,931.0
4135.0,24,499.0,7.128571428571429,5.091316370863135,14,728.0,0.26537752576971113,10,223.0,0.28658156152706377,24,951.0
4140.0,31,410.0,5.942028985507246,4.566850506348847,18,686.0,0.2069897941728345,13,254.0,0.2588680575208108,31,940.0
4145.0,35,369.0,5.054794520547945,4.878943090328355,20,621.0,0.23590518794832985,15,250.0,0.23598885058363028,35,871.0
4150.0,33,450.0,6.617647058823529,4.8136705228761825,23,704.0,0.26142137479563693,10,244.0,0.3319066128882412,33,948.0
4155.0,38,588.0,8.4,4.073019474099096,24,765.0,0.196249526011986,14,293.0,0.251685993252725,38,1058.0
4160.0,40,706.0,10.382352941176471,3.59582554416194,25,789.0,0.1301326803699662,15,364.0,0.2955071293094796,40,1153.0
4165.0,39,685.0,10.378787878787879,3.6952154070210255,25,725.0,0.07555076599203944,14,374.0,0.30991893128654024,39,1099.0
4170.0,31,605.0,9.029850746268657,3.5897739720796973,19,754.0,0.12461937107169264,12,367.0,0.27063795942422847,31,1121.0
4175.0,29,544.0,8.0,4.743993510365953,13,687.0,0.2659052406599316,16,414.0,0.2028092149646726,29,1101.0
4180.0,27,601.0,9.53968253968254,3.87990874344111,12,578.0,0.2902525261663298,15,478.0,0.14720944049031437,27,1056.0
4185.0,26,687.0,10.569230769230769,4.571400982177775,11,464.0,0.26544842007677394,15,526.0,0.19442806775223997,26,990.0
4190.0,26,513.0,7.7727272727272725,4.110405944077798,13,478.0,0.22068018635840195,13,424.0,0.2068825866637465,26,902.0
4195.0,23,519.0,7.414285714285715,5.395612794831522,12,477.0,0.26879506632376265,11,289.0,0.28616063135724185,23,766.0
4200.0,24,386.0,5.436619718309859,5.623698738382822,15,503.0,0.2587567472786674,9,242.0,0.31861301520936647,24,745.0
4205.0,25,342.0,5.104477611940299,6.132665976322038,17,519.0,0.26327937092270765,8,124.0,0.43504620475203104,25,643.0
4210.0,29,392.0,5.9393939393939394,4.820990622630094,21,539.0,0.23976277630843623,8,139.0,0.3158041514589547,29,678.0
4215.0,31,461.0,7.317460317460317,4.186708080922751,21,531.0,0.17808307624980188,10,165.0,0.3181425893075953,31,696.0
4220.0,30,493.0,7.584615384615384,4.100282908544415,20,579.0,0.18452425291132268,10,177.0,0.2625866995775028,30,756.0
4225.0,26,476.0,7.0,5.227414349049217,16,594.0,0.3001122344470689,10,185.0,0.2181938087485828,26,779.0
4230.0,23,522.0,7.676470588235294,4.569058942076512,15,594.0,0.2587928548031571,8,216.0,0.246071632223353,23,810.0
4235.0,28,605.0,8.402777777777779,5.483761719918592,20,614.0,0.17624809840846706,8,228.0,0.45692394639115186,28,842.0
4240.0,32,666.0,9.380281690140846,5.190393279118846,26,714.0,0.17180072220165468,6,188.0,0.48219656191056454,32,902.0
4245.0,36,789.0,10.808219178082192,4.545667106006559,24,788.0,0.19132837787843926,12,207.0,0.38184093231635036,36,995.0
4250.0,31,833.0,11.9,4.114175902932564,20,802.0,0.23325673843141892,11,242.0,0.3238487573037624,31,1044.0
4255.0,31,839.0,11.337837837837839,4.529682622035156,19,781.0,0.16381920308783215,12,283.0,0.33706440154802403,31,1064.0
4260.0,31,711.0,8.8875,5.245795074093138,19,779.0,0.17354458999883748,12,222.0,0.35679236170226275,31,1001.0
4265.0,33,756.0,9.0,5.617271100753705,21,862.0,0.2640346376427612,12,182.0,0.37734182605467564,33,1044.0
4270.0,36,879.0,11.126582278481013,4.474772261472419,23,937.0,0.3001608196687546,13,225.0,0.26971573063289483,36,1162.0
4275.0,42,1002.0,13.18421052631579,3.909177993368668,23,986.0,0.2808260781107253,19,278.0,0.21991362192816966,42,1264.0
4280.0,39,970.0,12.435897435897436,3.269231574925246,20,970.0,0.19145910255912435,19,296.0,0.1368732285559808,39,1266.0
4285.0,35,1027.0,12.524390243902438,4.372600311122719,22,1000.0,0.1965888863648076,13,257.0,0.25518245014990276,35,1257.0
4290.0,42,1151.0,14.036585365853659,4.483353821292827,26,1049.0,0.14980819819008856,16,311.0,0.3555739149140079,42,1360.0
4295.0,45,1286.0,16.075,4.07721250262801,30,1143.0,0.12434671315603354,15,336.0,0.3676447998898746,45,1479.0
4300.0,50,1389.0,17.582278481012658,2.7638291097002905,32,1242.0,0.05307687289626414,18,359.0,0.25305439519385714,50,1601.0
4305.0,41,1437.0,18.189873417721518,2.68053045120157,23,1302.0,0.14118925826682865,18,406.0,0.13752090842911338,41,1708.0
4310.0,37,981.0,12.417721518987342,3.5928974822775928,20,1047.0,0.17670911791286134,17,432.0,0.13615271911846077,37,1479.0
4315.0,35,661.0,8.2625,4.442865355066075,16,783.0,0.13026964673045202,19,499.0,0.24353131591133748,35,1282.0
4320.0,40,823.0,10.036585365853659,4.810365814177293,20,626.0,0.15927585790618348,20,581.0,0.2138139944371065,40,1207.0
4325.0,39,756.0,9.947368421052632,4.618213710729848,22,685.0,0.13069880824981917,17,549.0,0.3399393571415978,39,1234.0
4330.0,38,803.0,11.0,4.286151972355866,24,780.0,0.17232888578583588,14,478.0,0.3180514710184023,38,1258.0
4335.0,39,952.0,13.222222222222221,3.484603829044003,21,791.0,0.19370847079886583,18,552.0,0.2467264519442511,39,1343.0
4340.0,40,1112.0,14.631578947368421,4.329099055150849,20,782.0,0.1310480484247005,20,632.0,0.29605737111693065,40,1414.0
4345.0,40,989.0,12.844155844155845,4.299490554755736,23,800.0,0.13282621539425407,17,623.0,0.28928437926501704,40,1423.0
4350.0,31,801.0,10.26923076923077,5.270658595751737,12,706.0,0.29597939529859313,19,554.0,0.20184705753043428,31,1260.0
4355.0,29,795.0,10.192307692307692,5.279665307309061,10,623.0,0.41856031002832755,19,547.0,0.07823130272397168,29,1170.0
4360.0,31,789.0,10.381578947368421,5.8346192401735415,12,588.0,0.4041762958114124,19,517.0,0.11619244539827207,31,1105.0
4365.0,26,606.0,8.301369863013699,5.3860494529977325,10,473.0,0.34747689949405874,16,564.0,0.151410318245819,26,1037.0
4370.0,29,430.0,6.323529411764706,4.866911937174201,14,355.0,0.19948106495968282,15,564.0,0.24281456817459968,29,919.0
4375.0,32,523.0,8.171875,4.259674429199327,16,414.0,0.10892127067049025,16,593.0,0.26177106403710937,32,1007.0
4380.0,34,659.0,10.80327868852459,4.496201751991459,16,462.0,0.1119584044688811,18,638.0,0.2653525645908699,34,1100.0
4385.0,31,493.0,8.35593220338983,3.4215174498447145,14,469.0,0.14912747455129685,17,542.0,0.17914789704487855,31,1011.0
4390.0,25,415.0,6.80327868852459,5.140543874801349,13,462.0,0.24728586840041583,12,405.0,0.2999032571201103,25,867.0
4395.0,22,315.0,5.338983050847458,5.313359468589915,11,403.0,0.33507827559969156,11,411.0,0.3405568107028361,22,814.0
4400.0,26,380.0,6.229508196721311,5.9113098591091795,11,340.0,0.26673343408098193,15,440.0,0.33729182731908836,26,780.0
4405.0,28,353.0,5.883333333333334,4.285039331855971,12,282.0,0.09718090447910804,16,415.0,0.2823317183175227,28,697.0
4410.0,27,339.0,5.557377049180328,5.006714852080209,13,219.0,0.22145029269665656,14,336.0,0.2913628743506096,27,555.0
4415.0,28,384.0,6.4,4.674783966923239,9,217.0,0.3362276353737852,19,373.0,0.21763210798914293,28,590.0
4420.0,22,355.0,5.725806451612903,5.39615681341149,4,155.0,0.470961167759502,18,438.0,0.22335516915289128,22,593.0
4425.0,21,418.0,6.741935483870968,5.60200574852461,4,124.0,0.34736959059862793,17,491.0,0.2677306369382312,21,615.0
4430.0,25,411.0,6.737704918032787,4.951915703654642,12,172.0,0.16079302931729628,13,487.0,0.3033175188091453,25,659.0
4435.0,29,440.0,7.4576271186440675,5.171810736569485,12,170.0,0.22496541863574646,17,489.0,0.2835271633264722,29,659.0
4440.0,29,541.0,9.491228070175438,4.299595912337522,14,208.0,0.210230863575346,15,549.0,0.17268903667715726,29,757.0
4445.0,29,645.0,11.31578947368421,4.799197897916431,11,247.0,0.2631210634372447,18,598.0,0.19749404993177597,29,845.0
4450.0,33,780.0,13.220338983050848,4.514038028978276,14,307.0,0.18300735862051504,19,669.0,0.19029163724370315,33,976.0
4455.0,25,758.0,12.633333333333333,4.545053793841181,11,293.0,0.2662518768319484,14,697.0,0.1771122715299684,25,990.0
4460.0,19,629.0,11.436363636363636,5.191394647553085,3,174.0,0.44955766172319167,16,740.0,0.2321050635769482,19,914.0
4465.0,24,718.0,13.054545454545455,5.696888112588282,6,89.0,0.5080436459039223,18,786.0,0.2624834757403967,24,875.0
4470.0,21,496.0,8.551724137931034,4.834133550720734,5,66.0,0.3838604515926189,16,673.0,0.21256837958897673,21,739.0
4475.0,21,209.0,3.4833333333333334,5.640318071846951,11,116.0,0.33852237811812824,10,395.0,0.29758369132112245,21,511.0
4480.0,19,243.0,4.11864406779661,5.13658492361063,10,148.0,0.38052862339864785,9,424.0,0.2960409838117303,19,572.0
4485.0,23,314.0,5.147540983606557,5.303167532112321,9,157.0,0.355647425488459,14,469.0,0.19655246552958291,23,626.0
4490.0,23,390.0,6.5,5.221000896597588,8,192.0,0.37447553206180034,15,398.0,0.1760363425436736,23,590.0
4495.0,27,468.0,7.548387096774194,5.266820979340803,15,251.0,0.2574656981832949,12,309.0,0.2246297822455622,27,560.0
4500.0,25,358.0,5.966666666666667,4.6634988758418405,15,263.0,0.2663046478891968,10,270.0,0.2273492547861294,25,533.0
4505.0,31,453.0,7.677966101694915,4.885416944976425,15,258.0,0.15937109579244213,16,279.0,0.30901216550771443,31,537.0
4510.0,26,395.0,7.314814814814815,4.30670086359141,14,291.0,0.13648910533927877,12,267.0,0.27314089127029945,26,558.0
4515.0,18,357.0,6.490909090909091,5.5715694859780704,6,267.0,0.27828102432828494,12,242.0,0.22537691228881457,18,509.0
4520.0,17,368.0,7.076923076923077,6.057423613195486,5,239.0,0.4652714941353147,12,255.0,0.2110207921612838,17,494.0
4525.0,21,437.0,8.918367346938776,6.5225711526250665,7,248.0,0.42106786509957667,14,263.0,0.20484187283849398,21,511.0
4530.0,19,403.0,8.06,5.5222382266966035,8,260.0,0.34406885039476537,11,241.0,0.1896940120257116,19,501.0
4535.0,19,427.0,9.085106382978724,5.830660517922016,9,307.0,0.3782305441501131,10,160.0,0.31119695857330715,19,467.0
4540.0,18,395.0,8.777777777777779,5.55790191610504,10,322.0,0.43052929591400046,8,159.0,0.32251864642741923,18,481.0
4545.0,17,468.0,10.883720930232558,5.715711277560815,9,355.0,0.4177613404871356,8,153.0,0.2923276136171383,17,508.0
4550.0,17,461.0,10.720930232558139,5.327154008912775,9,375.0,0.28586382906547403,8,158.0,0.29713711266159554,17,533.0
4555.0,13,421.0,9.355555555555556,6.537043503260116,8,386.0,0.3331128069968017,5,130.0,0.28267805799413465,13,516.0
4560.0,15,456.0,11.4,4.88332958190891,10,429.0,0.32875155648337906,5,118.0,0.15001023956783582,15,547.0
4565.0,21,552.0,13.142857142857142,5.582467271120929,13,492.0,0.35476727636467786,8,137.0,0.1736500922569385,21,629.0
4570.0,15,311.0,7.9743589743589745,4.908530177656403,9,388.0,0.2987527682185909,6,128.0,0.24102633086598402,15,516.0
4575.0,14,171.0,4.5,5.617398854214833,7,204.0,0.25065780631959445,7,149.0,0.38987581502151325,14,353.0
4580.0,17,204.0,5.1,4.8587369499712345,10,218.0,0.1496564054967296,7,184.0,0.39153552323346225,17,402.0
4585.0,16,237.0,5.511627906976744,5.929025630729192,9,214.0,0.2613605941774639,7,189.0,0.4265818580953504,16,403.0
4590.0,15,238.0,5.173913043478261,6.659085165885911,6,189.0,0.37589579582860233,9,225.0,0.41819748525020667,15,414.0
4595.0,16,283.0,6.288888888888889,6.394166186037371,7,217.0,0.4180944164436798,9,243.0,0.32659171163631284,16,460.0
4600.0,16,288.0,6.545454545454546,6.073748034724261,5,203.0,0.5016268062693378,11,279.0,0.2757501520516776,16,482.0
4605.0,19,368.0,8.55813953488372,5.553127416298509,8,216.0,0.46509837932668546,11,324.0,0.29567966334552626,19,540.0
4610.0,20,381.0,8.659090909090908,4.522532193447896,7,125.0,0.36514062956255167,13,385.0,0.24392853483421656,20,510.0
4615.0,18,393.0,8.733333333333333,5.01481203249159,7,86.0,0.24896143269582724,11,417.0,0.34615347813041386,18,503.0
4620.0,22,495.0,11.25,5.023189486723427,10,122.0,0.1809788833521603,12,446.0,0.33916641002566905,22,568.0
4625.0,24,605.0,12.346938775510203,4.885894910224599,12,178.0,0.1674254997577919,12,497.0,0.32320609429597186,24,675.0
4630.0,24,618.0,12.36,4.769080981020814,9,171.0,0.27229769955297617,15,563.0,0.27657610850070224,24,734.0
4635.0,19,636.0,12.72,5.307968933732869,6,117.0,0.45609051705257225,13,627.0,0.2527832384946964,19,744.0
4640.0,21,722.0,14.73469387755102,5.721048075200171,5,128.0,0.3705359465617067,16,696.0,0.2458017891209078,21,824.0
4645.0,23,597.0,11.94,5.474016652197332,8,162.0,0.266815800402226,15,596.0,0.19074200443054665,23,758.0
4650.0,17,305.0,6.354166666666667,5.670014352341703,7,137.0,0.3919577924751676,10,456.0,0.23178343619746303,17,593.0
4655.0,14,194.0,4.041666666666667,6.172681175763334,8,166.0,0.42132833379256385,6,414.0,0.3643291743671907,14,580.0
4660.0,16,223.0,4.74468085106383,6.185421264406537,10,215.0,0.48835501297922246,6,355.0,0.3346532152408339,16,570.0
4665.0,25,330.0,6.470588235294118,4.856898640085484,14,272.0,0.4048480136166994,11,405.0,0.25543321204136826,25,677.0
4670.0,27,437.0,8.403846153846153,4.285632364598094,16,347.0,0.3616836721640384,11,364.0,0.2151358466641977,27,711.0
4675.0,25,388.0,6.576271186440678,3.3684772411703885,17,345.0,0.23487905375740553,8,281.0,0.22518467259881705,25,626.0
4680.0,25,331.0,5.171875,4.348735566132479,18,311.0,0.26780952620767823,7,278.0,0.286730751059038,25,589.0
4685.0,25,431.0,6.53030303030303,5.140725213273175,15,338.0,0.32661558684878766,10,290.0,0.28846329623712763,25,628.0
4690.0,23,293.0,4.246376811594203,5.231114492286407,13,298.0,0.3258842509992066,10,280.0,0.2718160364386915,23,578.0
4695.0,32,386.0,5.676470588235294,4.613828659448925,20,331.0,0.2050104608229905,12,261.0,0.27488148196296025,32,592.0
4700.0,35,461.0,6.681159420289855,4.303217663998154,22,408.0,0.14684541774333365,13,244.0,0.3188268880626807,35,652.0
4705.0,34,512.0,6.826666666666667,4.5884215908915555,25,485.0,0.17858863464981947,9,180.0,0.36971086759110017,34,665.0
4710.0,31,540.0,7.2,4.443812334649862,25,559.0,0.24162282558224296,6,201.0,0.3519837629629708,31,760.0
4715.0,31,529.0,6.9605263157894735,4.717002181379972,16,575.0,0.2874554861148464,15,242.0,0.29516286994789787,31,817.0
4720.0,32,490.0,6.2025316455696204,4.050342358113074,17,557.0,0.2390679171434627,15,272.0,0.19238270542167676,32,829.0
4725.0,34,356.0,4.506329113924051,4.586793786184001,20,507.0,0.18197819418237957,14,313.0,0.27726737532136403,34,820.0
4730.0,36,374.0,4.986666666666666,4.189704259689855,22,559.0,0.1563329283304049,14,334.0,0.29041803677997485,36,893.0
4735.0,25,352.0,4.693333333333333,4.548804522651834,13,546.0,0.2239101168203481,12,330.0,0.21157718897165392,25,876.0
4740.0,30,286.0,4.028169014084507,3.6345805338675703,18,587.0,0.2092058256743809,12,317.0,0.17990347456662506,30,904.0
4745.0,37,340.0,4.788732394366197,4.055239933533986,25,645.0,0.21208644243766317,12,262.0,0.26501954187279164,37,907.0
4750.0,40,369.0,5.125,3.21164113427814,28,714.0,0.1474814605607806,12,282.0,0.2100743545821678,40,996.0
4755.0,46,549.0,7.52054794520548,3.421354480829358,32,807.0,0.007014054857001231,14,288.0,0.31874880685992735,46,1095.0
4760.0,42,663.0,9.082191780821917,4.159661173664747,30,903.0,0.01059759028236309,12,296.0,0.3973005309585602,42,1199.0
4765.0,30,619.0,8.144736842105264,4.9321303162636925,21,939.0,0.15802096668108503,9,251.0,0.38556990671316355,30,1190.0
4770.0,29,608.0,8.32876712328767,4.707365063923744,17,971.0,0.25725070746238315,12,258.0,0.26402447778046995,29,1229.0
4775.0,38,752.0,10.742857142857142,3.8554715004420723,23,1056.0,0.225981021475153,15,262.0,0.2194922870269307,38,1318.0
4780.0,42,926.0,13.420289855072463,3.3025766065210465,25,1131.0,0.22906071321634838,17,336.0,0.1719161973319106,42,1467.0
4785.0,34,983.0,13.652777777777779,3.23198279180686,21,1149.0,0.17523530282978367,13,374.0,0.12003787139254836,34,1523.0
4790.0,29,1093.0,15.614285714285714,4.6411739652311,18,1177.0,0.18448404981993408,11,366.0,0.2724689002304278,29,1543.0
4795.0,29,994.0,13.805555555555555,5.215946413711017,18,1078.0,0.1669654491562712,11,418.0,0.2853600472923126,29,1496.0
4800.0,28,748.0,10.840579710144928,4.729590883730953,20,900.0,0.13181704224831545,8,368.0,0.2959327316981499,28,1268.0
4805.0,25,497.0,7.765625,4.783251925371852,19,955.0,0.149594666009239,6,316.0,0.4328942027432806,25,1271.0
4810.0,16,226.0,3.7049180327868854,5.173071098078198,10,963.0,0.23372569415122538,6,266.0,0.36618329220321905,16,1229.0
4815.0,20,200.0,3.278688524590164,5.165601565898921,12,980.0,0.25957062996290275,8,166.0,0.3446044799561773,20,1146.0
4820.0,26,204.0,3.3442622950819674,4.571459098317885,16,979.0,0.24045354254430462,10,168.0,0.3179325721022577,26,1147.0
4825.0,32,311.0,4.936507936507937,4.544339527726449,22,1043.0,0.2117512154476858,10,140.0,0.3446407474048453,32,1183.0
4830.0,29,409.0,6.596774193548387,4.2817094928063195,21,1126.0,0.265439144206711,8,141.0,0.3044672389618625,29,1267.0
4835.0,26,477.0,7.95,4.692782759233307,15,1160.0,0.28494537859367536,11,155.0,0.26478203261951744,26,1315.0
4840.0,28,454.0,7.442622950819672,3.7659366970328803,17,1099.0,0.18739004468363907,11,159.0,0.24323139079114556,28,1258.0
4845.0,29,429.0,6.703125,3.987311922051873,18,943.0,0.08232856878869206,11,160.0,0.3019485430468573,29,1103.0
4850.0,28,396.0,6.285714285714286,4.214678256632806,17,1008.0,0.13033589241623558,11,192.0,0.35066024330825696,28,1200.0
4855.0,33,483.0,7.430769230769231,4.356510694491113,24,1107.0,0.16502793204385333,9,200.0,0.30127146364685736,33,1307.0
4860.0,31,534.0,8.34375,3.3824741535221294,21,1167.0,0.19312599345593626,10,227.0,0.15479521569047805,31,1394.0
4865.0,28,476.0,7.212121212121212,4.056883706030767,16,1168.0,0.2513228593895922,12,273.0,0.15746689105142492,28,1441.0
4870.0,27,577.0,8.242857142857142,5.396259701361245,16,1167.0,0.3498223378733076,11,294.0,0.22596698026475065,27,1461.0
4875.0,22,582.0,7.972602739726027,5.573110814894986,14,1098.0,0.3303048399455703,8,306.0,0.3040832754025342,22,1404.0
4880.0,27,597.0,8.178082191780822,4.988592102298366,16,1050.0,0.28519138796210775,11,332.0,0.23754383770478668,27,1382.0
4885.0,36,698.0,9.561643835616438,4.289919626737285,25,912.0,0.21742298684794134,11,376.0,0.24967657778052862,36,1288.0
4890.0,38,801.0,11.125,3.8660537565992255,29,991.0,0.1690892767472498,9,400.0,0.3168647560532554,38,1391.0
4895.0,34,859.0,12.271428571428572,3.7982512854773858,23,1016.0,0.17681967936285287,11,435.0,0.3069714262070927,34,1451.0
4900.0,32,695.0,10.373134328358208,3.81809793692469,21,878.0,0.20479369379180135,11,486.0,0.19821539914562653,32,1364.0
4905.0,31,726.0,10.371428571428572,4.426008045638241,19,816.0,0.20457160886850242,12,549.0,0.2566113911644531,31,1365.0
4910.0,37,697.0,9.957142857142857,3.978864921325901,24,864.0,0.150582394127279,13,547.0,0.364055699920212,37,1411.0
4915.0,33,684.0,9.36986301369863,4.7158316408117145,25,909.0,0.19129150372117665,8,471.0,0.4015407552679487,33,1380.0
4920.0,33,436.0,5.8133333333333335,4.700042906912404,24,857.0,0.2598265543058246,9,307.0,0.38147413369006133,33,1164.0
4925.0,34,451.0,5.567901234567901,4.778313901075888,23,695.0,0.2365241521509519,11,229.0,0.3518135401664455,34,924.0
4930.0,40,617.0,7.433734939759036,4.55717226857682,26,659.0,0.24217600652143548,14,288.0,0.33983019745146803,40,947.0
4935.0,46,835.0,9.597701149425287,4.387072950727689,29,742.0,0.20735922684506106,17,370.0,0.34628917829859124,46,1112.0
4940.0,49,988.0,11.761904761904763,3.1036748675288406,32,851.0,0.17443639561653668,17,376.0,0.2394017280989864,49,1227.0
4945.0,58,1186.0,13.477272727272727,2.6924406761955835,35,983.0,0.14773532713603985,23,417.0,0.1663265466946281,58,1400.0
4950.0,61,1449.0,16.280898876404493,2.3171261489915502,39,1145.0,0.09773729147902939,22,511.0,0.19459363125013743,61,1656.0
4955.0,63,1728.0,18.98901098901099,2.465391052192064,38,1330.0,0.11925026540439733,25,626.0,0.150900414229596,63,1956.0
4960.0,61,1715.0,19.055555555555557,1.9755388084307202,38,1392.0,0.0847266732112737,23,678.0,0.15692942379376854,61,2070.0
4965.0,53,1415.0,14.894736842105264,2.939062578513945,36,1334.0,0.10923346588659963,17,655.0,0.2139043800322958,53,1989.0
4970.0,48,1535.0,15.66326530612245,3.3583037408271665,36,1494.0,0.11267032027028859,12,645.0,0.27673293626138823,48,2139.0
4975.0,50,1723.0,17.23,3.6627025652698055,39,1668.0,0.11516026602358521,11,558.0,0.27710422135846047,50,2226.0
4980.0,49,1434.0,14.058823529411764,3.478552856052268,42,1712.0,0.059123547562321646,7,435.0,0.3372845846457135,49,2147.0
4985.0,51,883.0,8.572815533980583,3.544914518123199,38,1590.0,0.10713229720233178,13,394.0,0.2582624299852181,51,1984.0
4990.0,47,743.0,7.213592233009709,3.692635625649904,28,1445.0,0.19472529398000193,19,349.0,0.17835287684283826,47,1794.0
4995.0,51,774.0,7.4423076923076925,3.73668351748559,23,1338.0,0.21147120277734616,28,441.0,0.1425042898659615,51,1779.0
5000.0,52,862.0,8.450980392156863,3.5126791955724856,20,1161.0,0.22553035788715303,32,521.0,0.15125668127680572,52,1682.0
5005.0,44,749.0,7.133333333333334,4.119857029229832,20,1089.0,0.19309944832480988,24,536.0,0.25791293067166476,44,1625.0
5010.0,39,685.0,6.523809523809524,3.8739558314206866,25,1028.0,0.11252424435318589,14,526.0,0.3025939942749593,39,1554.0
5015.0,39,707.0,6.931372549019608,3.76954067387067,24,964.0,0.13944374626196232,15,527.0,0.21413410639481703,39,1491.0
5020.0,44,852.0,8.352941176470589,3.3061539358346117,21,927.0,0.18012374749416118,23,598.0,0.12143106867742695,44,1525.0
5025.0,50,876.0,8.673267326732674,3.500071419014471,18,823.0,0.21589839297434707,32,714.0,0.11208747343508192,50,1537.0
5030.0,57,942.0,9.515151515151516,3.485807330704875,21,795.0,0.17760596048312072,36,860.0,0.19006974171674337,57,1655.0
5035.0,57,1027.0,9.970873786407767,3.3487031439539785,24,805.0,0.14784124459347406,33,971.0,0.25085100309858555,57,1776.0
5040.0,65,1030.0,9.903846153846153,2.6272419618668055,30,789.0,0.15804851846972096,35,1041.0,0.162654145918626,65,1830.0
5045.0,61,987.0,9.22429906542056,3.0207751329722754,28,794.0,0.1750600512443988,33,1021.0,0.18125643126793076,61,1815.0
5050.0,60,980.0,9.074074074074074,3.400750345665197,30,785.0,0.11809120842449589,30,1011.0,0.20601328395338275,60,1796.0
5055.0,57,999.0,9.1651376146789,3.1237093588837217,32,865.0,0.08536781861112522,25,1081.0,0.1540335471828223,57,1946.0
5060.0,54,981.0,9.342857142857143,3.1665782126546147,24,880.0,0.15215236796798756,30,1182.0,0.12983051584856828,54,2062.0
5065.0,50,717.0,6.894230769230769,2.8886154084884765,17,879.0,0.20794305917912614,33,1169.0,0.05448688766003873,50,2048.0
5070.0,53,623.0,6.048543689320389,3.158061554649493,20,818.0,0.2159863336762095,33,1136.0,0.10024792315832494,53,1954.0
5075.0,60,755.0,7.330097087378641,2.4306182575207047,24,850.0,0.16123915639968475,36,1194.0,0.10402851321900546,60,2044.0
5080.0,61,860.0,8.26923076923077,3.04733233950962,31,923.0,0.13326163260164972,30,1127.0,0.13322573432670218,61,2050.0
5085.0,59,810.0,7.714285714285714,3.0762555629124613,34,996.0,0.13664542300617433,25,1169.0,0.17592840690086273,59,2165.0
5090.0,45,683.0,6.443396226415095,3.4000702920671415,24,957.0,0.13328806339000646,21,1103.0,0.1692270672767839,45,2060.0
5095.0,46,672.0,6.653465346534653,3.521194901813513,19,897.0,0.2411391806953378,27,1155.0,0.1384380900575723,46,2052.0
5100.0,50,787.0,7.715686274509804,3.550583477501149,18,897.0,0.23856914130820614,32,1224.0,0.09801549713159532,50,2121.0
5105.0,57,979.0,9.88888888888889,2.8626660014210086,20,955.0,0.18666666289857156,37,1274.0,0.06794486719823994,57,2229.0
5110.0,58,950.0,9.595959595959595,2.771291756381414,26,930.0,0.14199069160443867,32,1212.0,0.09489526855704968,58,2142.0
5115.0,54,830.0,8.46938775510204,3.3734049506512904,27,848.0,0.17008151771740337,27,1221.0,0.14670348062837224,54,2069.0
5120.0,48,938.0,9.670103092783505,3.7407946900296403,28,861.0,0.14100159589424918,20,1146.0,0.22277036459278426,48,2007.0
5125.0,45,986.0,10.378947368421052,3.436013985334605,28,879.0,0.12049441291139974,17,1113.0,0.22462963557820556,45,1992.0
5130.0,41,902.0,9.698924731182796,4.0153486779589755,21,784.0,0.18386679380970652,20,1102.0,0.225975735923494,41,1886.0
5135.0,42,705.0,7.921348314606742,3.2347743790354246,17,853.0,0.16437904261905503,25,1018.0,0.13718060959792527,42,1871.0
5140.0,47,598.0,6.873563218390805,3.132805191727515,22,956.0,0.17741159235681989,25,810.0,0.15217639369468028,47,1766.0
5145.0,50,577.0,6.556818181818182,2.3347852258035546,23,963.0,0.147081109541603,27,848.0,0.12118362706368148,50,1811.0
5150.0,48,586.0,6.976190476190476,2.8529688961726283,26,953.0,0.11201074852162451,22,805.0,0.1706035538725108,48,1758.0
5155.0,47,540.0,6.206896551724138,2.8291703245296502,31,980.0,0.08448263707186876,16,835.0,0.19501559132016338,47,1815.0
5160.0,38,513.0,5.896551724137931,3.422149599074286,22,882.0,0.16796888548315908,16,838.0,0.16495144110731064,38,1720.0
5165.0,35,468.0,5.258426966292135,3.275333286275372,16,890.0,0.16339658068599944,19,845.0,0.11130321873847543,35,1735.0
5170.0,34,382.0,4.2444444444444445,3.580797939982112,13,804.0,0.16033650608194897,21,791.0,0.1573616053748578,34,1595.0
5175.0,37,515.0,5.786516853932584,3.966537114951114,21,790.0,0.1209528167375413,16,757.0,0.2808243812560422,37,1547.0
5180.0,38,609.0,6.842696629213483,3.7647409972671086,25,790.0,0.09714783098652623,13,788.0,0.2833950509538171,38,1578.0
5185.0,41,670.0,7.790697674418604,3.771146852684545,20,698.0,0.19659572089471017,21,844.0,0.1885218627634209,41,1542.0
5190.0,39,741.0,8.821428571428571,2.6586179610668474,14,750.0,0.2395194466011518,25,900.0,0.07359233671967869,39,1650.0
5195.0,44,862.0,9.908045977011493,3.2964941977843827,20,828.0,0.18986143372159503,24,929.0,0.13807375554578238,44,1757.0
5200.0,39,720.0,8.275862068965518,3.0209138516554743,22,862.0,0.12547370124940993,17,805.0,0.17365405896637479,39,1667.0
5205.0,44,721.0,8.011111111111111,3.520182049688045,27,916.0,0.12819546481121424,17,637.0,0.2058340009592365,44,1553.0
5210.0,51,862.0,9.369565217391305,3.20371630359265,28,934.0,0.16256546253509616,23,673.0,0.16453858493097442,51,1607.0
5215.0,52,977.0,10.619565217391305,3.4046102898301656,23,833.0,0.21044276399792228,29,798.0,0.1570350129261962,52,1631.0
5220.0,50,1088.0,11.574468085106384,3.8395793739952286,17,750.0,0.2517094133005409,33,951.0,0.1879197458504013,50,1701.0
5225.0,44,1098.0,11.204081632653061,3.718278542660247,15,762.0,0.2235591311152651,29,1023.0,0.20953257943915043,44,1785.0
5230.0,40,1059.0,10.485148514851485,3.9748513573519224,17,815.0,0.1533638961651421,23,1014.0,0.25814256752730286,40,1829.0
5235.0,42,819.0,8.443298969072165,3.771046600839826,21,821.0,0.11906922918980453,21,833.0,0.24952641255278663,42,1654.0
5240.0,40,719.0,7.568421052631579,3.7740588773010013,18,756.0,0.12377674578356926,22,710.0,0.1776287032337391,40,1466.0
5245.0,46,835.0,8.882978723404255,3.1933159910566107,20,846.0,0.15327633669796584,26,806.0,0.09942806869943631,46,1652.0
5250.0,52,1051.0,11.54945054945055,2.728783479926527,20,945.0,0.1526605596478497,32,925.0,0.07077664309227576,52,1870.0
5255.0,57,1270.0,13.655913978494624,2.487959305079458,24,991.0,0.1608780117069756,33,1023.0,0.05906989849916767,57,2014.0
5260.0,49,1419.0,15.593406593406593,2.841610790688542,20,982.0,0.1889046218784548,29,1071.0,0.07691831371099178,49,2053.0
5265.0,45,1231.0,13.236559139784946,3.3119697160991244,18,981.0,0.24173692894574247,27,1068.0,0.10868825533490267,45,2049.0
5270.0,42,1140.0,12.258064516129032,3.8436327140382285,21,993.0,0.19668730270532492,21,981.0,0.1763499337630578,42,1974.0
5275.0,44,757.0,8.411111111111111,2.9229493565733726,25,856.0,0.14645929348316866,19,949.0,0.1626778099824804,44,1805.0
5280.0,42,382.0,4.197802197802198,2.93386306930153,27,635.0,0.05722862493851617,15,788.0,0.21233985226126909,42,1423.0
5285.0,51,583.0,6.550561797752809,3.955867096436862,33,678.0,0.08368754669057861,18,669.0,0.30490632863550565,51,1347.0
5290.0,52,843.0,9.16304347826087,4.234738055927218,34,827.0,0.06873283601361185,18,633.0,0.2992702414473863,52,1460.0
5295.0,52,1020.0,11.08695652173913,3.614687357672477,35,991.0,0.07564952237294531,17,618.0,0.19864180501821155,52,1609.0
5300.0,51,1132.0,12.577777777777778,3.661499915852997,36,1167.0,0.09243629911483982,15,524.0,0.21991569100536712,51,1691.0
5305.0,56,1310.0,15.057471264367816,3.110934251699687,37,1349.0,0.0916052911341336,19,563.0,0.19835849305818196,56,1912.0
5310.0,63,1509.0,17.964285714285715,2.490958755060319,36,1463.0,0.0975986660732205,27,637.0,0.1370971915673403,63,2100.0
5315.0,61,1751.0,20.6,2.164105395410983,37,1613.0,0.0775161557292051,24,703.0,0.14323598287499742,61,2316.0
5320.0,51,1687.0,20.083333333333332,2.9374840638181077,35,1638.0,0.05970343739429033,16,728.0,0.24478528206675793,51,2366.0
5325.0,44,1379.0,17.02469135802469,3.5753122051297663,27,1475.0,0.10421839630963352,17,781.0,0.22816327950773804,44,2256.0
5330.0,43,1184.0,14.987341772151899,3.375452812562889,21,1305.0,0.16528450890495586,22,871.0,0.10270788305737413,43,2176.0
5335.0,41,913.0,11.4125,3.4319730824803294,14,1072.0,0.2180120866812108,27,997.0,0.10334049899839853,41,2069.0
5340.0,35,936.0,11.414634146341463,4.241014935129039,8,898.0,0.3558327962622761,27,1127.0,0.11762789649273817,35,2025.0
5345.0,29,951.0,11.457831325301205,4.8506171346667095,6,833.0,0.4176631244321568,23,1188.0,0.1735415068679328,29,2021.0
5350.0,32,1032.0,12.433734939759036,5.369247833460661,12,862.0,0.38239920146685974,20,1192.0,0.23816537797920462,32,2054.0
5355.0,38,936.0,11.414634146341463,3.9193811688848625,18,813.0,0.20040812573236097,20,1090.0,0.16288500264394654,38,1903.0
5360.0,35,761.0,9.883116883116884,3.847105201709338,18,669.0,0.15959582703057906,17,975.0,0.14816542314796047,35,1644.0
5365.0,32,809.0,11.082191780821917,3.604307448487022,16,544.0,0.21352558095721907,16,1022.0,0.08993156333107591,32,1566.0
5370.0,30,855.0,12.04225352112676,4.143938822311779,13,510.0,0.24197949728247667,17,1082.0,0.09888467415290689,30,1592.0
5375.0,32,693.0,10.043478260869565,3.9931111633967715,16,510.0,0.20323339781527586,16,976.0,0.21033416803335933,32,1486.0
5380.0,29,426.0,6.173913043478261,4.124629615326087,20,515.0,0.1518458979940817,9,670.0,0.3112506160576681,29,1185.0
5385.0,24,459.0,6.6521739130434785,5.163516182914653,16,477.0,0.2317229734287558,8,597.0,0.2742132739588152,24,1074.0
5390.0,20,483.0,7.208955223880597,5.77217883596742,12,450.0,0.30882983159332456,8,504.0,0.2847736186909978,20,954.0
5395.0,29,605.0,9.307692307692308,5.714542143004925,14,486.0,0.3216525852425057,15,472.0,0.2199172101510245,29,958.0
5400.0,27,513.0,7.7727272727272725,4.631423675096769,15,441.0,0.2568459152995805,12,392.0,0.16865195848433115,27,833.0
5405.0,22,336.0,5.25,5.5532042062152795,13,426.0,0.2635550007733906,9,403.0,0.32780195202484935,22,829.0
5410.0,28,401.0,6.265625,4.93608195852938,16,471.0,0.1499025960672034,12,450.0,0.3906205184323195,28,921.0
5415.0,28,488.0,7.625,5.238412511187951,14,490.0,0.2003613471662901,14,513.0,0.3549798740626325,28,1003.0
5420.0,28,432.0,7.2,4.398463827464622,14,507.0,0.23358367428146268,14,366.0,0.2169783967658392,28,873.0
5425.0,29,440.0,7.333333333333333,4.237369394277102,16,553.0,0.19616948616484442,13,207.0,0.2701281606840276,29,760.0
5430.0,29,495.0,7.983870967741935,4.44869238433168,16,531.0,0.2300862207314991,13,256.0,0.3136562455846856,29,787.0
5435.0,32,568.0,8.477611940298507,4.891734264497688,13,456.0,0.27149417765770123,19,339.0,0.30354286952050813,32,795.0
5440.0,33,556.0,7.942857142857143,3.7092039425030845,14,475.0,0.16779786287035195,19,373.0,0.2749857012670362,33,848.0
5445.0,32,629.0,8.985714285714286,4.628742009232753,12,465.0,0.22244803215284115,20,395.0,0.29120601999439,32,860.0
5450.0,33,674.0,9.36111111111111,4.176486066908102,12,495.0,0.28536305983218113,21,399.0,0.15414530148547498,33,894.0
5455.0,36,742.0,9.636363636363637,4.958624878384999,17,541.0,0.32443953941148185,19,422.0,0.18332833041674443,36,963.0
5460.0,35,444.0,5.92,4.447275244699043,16,416.0,0.29037263236596905,19,415.0,0.23387350283469416,35,831.0
5465.0,32,351.0,4.743243243243243,4.57909584759185,17,379.0,0.2359146303523841,15,328.0,0.26602573843269545,32,707.0
5470.0,30,377.0,5.094594594594595,4.628413524664077,18,424.0,0.22557929470870047,12,326.0,0.2920036987274443,30,750.0
5475.0,32,422.0,5.552631578947368,4.418216579176782,13,404.0,0.2474546580989466,19,381.0,0.1788930929369096,32,785.0
5480.0,34,450.0,5.8441558441558445,3.980372740209979,13,431.0,0.25576257604845515,21,416.0,0.17665816485799885,34,847.0
5485.0,36,535.0,6.9480519480519485,5.011791317973916,15,484.0,0.32074548673197817,21,425.0,0.27882392878379963,36,909.0
5490.0,36,663.0,8.723684210526315,4.160807350976479,16,521.0,0.29331875884498027,20,515.0,0.23878411797125748,36,1036.0
5495.0,41,820.0,10.789473684210526,3.8069592727285375,16,536.0,0.2743062851090518,25,623.0,0.11097276374712037,41,1159.0
5500.0,41,840.0,10.5,3.7225301757662095,17,559.0,0.24842869437484605,24,648.0,0.08006772844570978,41,1207.0
5505.0,39,770.0,9.625,4.081862351922169,22,625.0,0.16684308149306484,17,584.0,0.20888053953853827,39,1209.0
5510.0,38,853.0,10.6625,4.461040454476465,23,708.0,0.16605150764219176,15,651.0,0.33611099133716965,38,1359.0
5515.0,35,978.0,12.379746835443038,3.8513829020206733,15,737.0,0.22934673350675716,20,737.0,0.19305238558096172,35,1474.0
5520.0,44,1016.0,12.860759493670885,3.1852927403783298,18,789.0,0.20593171349501033,26,773.0,0.13933097266148983,44,1562.0
5525.0,49,1091.0,13.144578313253012,3.719135608144677,22,828.0,0.2926776208524507,27,786.0,0.10847641890394825,49,1614.0
5530.0,49,1229.0,14.987804878048781,3.4401851357029054,21,911.0,0.3053893549860856,28,823.0,0.13920073602455105,49,1734.0
5535.0,43,1282.0,16.025,3.5507616544730354,23,1001.0,0.2544053555256883,20,765.0,0.16327276844984837,43,1766.0
5540.0,42,1124.0,13.380952380952381,3.22648029024322,26,919.0,0.12737263078158628,16,830.0,0.21075053680545874,42,1749.0
5545.0,45,954.0,10.96551724137931,3.567886124566971,26,799.0,0.16402278885616586,19,907.0,0.1817003984690093,45,1706.0
5550.0,45,653.0,7.593023255813954,3.297711913306263,22,841.0,0.15724803168458176,23,823.0,0.19525604056280935,45,1664.0
5555.0,41,461.0,5.3604651162790695,3.544424963626645,17,803.0,0.16221248355483053,24,719.0,0.1893064260069375,41,1522.0
5560.0,50,671.0,7.712643678160919,4.171342115078634,21,807.0,0.2410093758209048,29,768.0,0.1865681960668703,50,1575.0
5565.0,50,758.0,8.422222222222222,3.560210698496407,22,845.0,0.20313131925450092,28,815.0,0.13982387371452482,50,1660.0
5570.0,52,994.0,11.168539325842696,3.9127058138411503,25,958.0,0.2450971088635852,27,912.0,0.1605000256346033,52,1870.0
5575.0,54,1177.0,13.077777777777778,3.509552989764683,26,945.0,0.26428643315133415,28,1038.0,0.15437332098085713,54,1983.0
5580.0,56,1346.0,15.295454545454545,3.0129423035463443,24,884.0,0.2155137422747661,32,1179.0,0.1487298416963374,56,2063.0
5585.0,58,1495.0,16.0752688172043,2.294338722726417,28,942.0,0.13276821543189388,30,1287.0,0.14297441557627344,58,2229.0
5590.0,53,1609.0,17.48913043478261,2.5246034538340885,24,973.0,0.15650423681504314,29,1397.0,0.1151711267349309,53,2370.0
5595.0,55,1827.0,19.64516129032258,2.881680741640703,22,1051.0,0.1839166168962393,33,1527.0,0.12213761344778465,55,2578.0
5600.0,59,1871.0,18.8989898989899,3.034508059428292,29,1178.0,0.16588158640442316,30,1487.0,0.18913068432786723,59,2665.0
5605.0,53,1547.0,16.815217391304348,2.415743823697606,32,1289.0,0.10006703273188076,21,1243.0,0.1873049162496078,53,2532.0
5610.0,47,1310.0,14.555555555555555,3.311486598434952,31,1374.0,0.09674169864607042,16,1034.0,0.2759498956115126,47,2408.0
5615.0,31,1114.0,12.241758241758241,4.203065972811938,23,1374.0,0.12425835603487734,8,766.0,0.2791458154057018,31,2140.0
5620.0,38,1153.0,12.532608695652174,4.760840951824286,26,1300.0,0.11832629035790095,12,549.0,0.3301727199641442,38,1849.0
5625.0,39,1253.0,14.238636363636363,4.437814946895663,28,1388.0,0.12091489563001816,11,477.0,0.31063088659952315,39,1865.0
5630.0,39,1364.0,16.433734939759034,4.009199758084972,25,1446.0,0.15624415182854187,14,518.0,0.1962537141070604,39,1964.0
5635.0,40,1504.0,19.28205128205128,3.3013972259973903,24,1501.0,0.16720104438501585,16,502.0,0.12503036726464298,40,2003.0
5640.0,37,1615.0,21.824324324324323,3.279211163357731,28,1535.0,0.11641578377821685,9,431.0,0.1978559805677169,37,1966.0
5645.0,43,1366.0,19.239436619718308,2.8592304074125057,31,1435.0,0.07501922372001996,12,437.0,0.25578137464157574,43,1872.0
5650.0,42,817.0,10.61038961038961,3.4128831713684806,28,1120.0,0.14522856556904437,14,499.0,0.24807818343097907,42,1619.0
5655.0,41,869.0,11.14102564102564,4.178361092072875,24,916.0,0.24192400655236976,17,577.0,0.29479130382924973,41,1493.0
5660.0,43,1072.0,13.073170731707316,4.732015953378182,25,758.0,0.23507078662256006,18,666.0,0.35643700500834136,43,1424.0
5665.0,46,1289.0,15.345238095238095,4.342229117032109,25,814.0,0.21111033947638186,21,758.0,0.3013045923669429,46,1572.0
5670.0,50,1392.0,16.571428571428573,3.3299028483252395,26,847.0,0.1891134020736192,24,863.0,0.20912651132152818,50,1710.0
5675.0,45,1206.0,14.188235294117646,3.2089123294303143,22,784.0,0.1639402545104659,23,893.0,0.14937283281453528,45,1677.0
5680.0,33,999.0,12.4875,3.3954295568453423,16,797.0,0.15368388301115005,17,862.0,0.196869922741539,33,1659.0
5685.0,30,1045.0,13.397435897435898,4.391124376502478,16,773.0,0.16625011634485742,14,847.0,0.3017724613664831,30,1620.0
5690.0,34,1124.0,14.597402597402597,3.04649406660091,21,809.0,0.07705314378843328,13,885.0,0.18964231433158635,34,1694.0
5695.0,53,1317.0,17.56,2.52663110961798,30,899.0,0.08619786883002002,23,984.0,0.13256915935018496,53,1883.0
5700.0,51,1205.0,15.448717948717949,2.6841006853288993,28,919.0,0.12018574078690283,23,908.0,0.15445274174034307,51,1827.0
5705.0,39,1157.0,15.223684210526315,4.0001481109546875,19,813.0,0.2204304623145403,20,827.0,0.171883836437621,39,1640.0
5710.0,31,921.0,12.28,3.5921992086674117,12,729.0,0.22115642864299326,19,875.0,0.14979885544764285,31,1604.0
5715.0,30,925.0,11.708860759493671,4.10240957413364,17,687.0,0.12430736764557776,13,868.0,0.2719613758304007,30,1555.0
5720.0,38,1042.0,13.532467532467532,3.8933693579026776,23,682.0,0.08560117590315604,15,927.0,0.314925772668508,38,1609.0
5725.0,37,1162.0,15.289473684210526,4.356974247289049,16,592.0,0.20042767794047142,21,1013.0,0.2070588743701874,37,1605.0
5730.0,32,1188.0,15.84,3.6287051877263488,11,599.0,0.22421388595605343,21,1069.0,0.07012247591700743,32,1668.0
5735.0,32,1171.0,15.824324324324325,4.051040981433203,15,567.0,0.1600880984082133,17,1076.0,0.19777045651037342,32,1643.0
5740.0,41,1252.0,16.91891891891892,3.499674270268733,21,587.0,0.10648318570750828,20,1165.0,0.21300529040263766,41,1752.0
5745.0,48,1452.0,19.89041095890411,3.279976189261518,24,638.0,0.05675635240727125,24,1279.0,0.20237809365476161,48,1917.0
5750.0,51,1056.0,14.27027027027027,2.644297456507472,26,707.0,0.10331552464685897,25,1083.0,0.18220723138842154,51,1790.0
5755.0,41,737.0,9.826666666666666,3.934206155134605,24,815.0,0.20474779258834017,17,689.0,0.24317096993077517,41,1504.0
5760.0,45,874.0,11.35064935064935,3.4522297142122946,25,933.0,0.20857516260855652,20,724.0,0.2134935915678414,45,1657.0
5765.0,47,986.0,11.738095238095237,3.1494852356777585,29,1068.0,0.12427091120804994,18,714.0,0.2015689335358597,47,1782.0
5770.0,47,851.0,9.895348837209303,3.443138140192478,29,1056.0,0.12472293654783281,18,680.0,0.2674832435993235,47,1736.0
5775.0,40,613.0,6.965909090909091,4.2736995929159285,21,909.0,0.19658750376383657,19,612.0,0.2411646403340394,40,1521.0
5780.0,39,478.0,5.195652173913044,3.5333335345112697,16,892.0,0.20071286818786568,23,664.0,0.12020554295241721,39,1556.0
5785.0,35,447.0,4.912087912087912,4.4748269037077195,16,886.0,0.23593349839187097,19,696.0,0.2006299054971171,35,1582.0
5790.0,39,424.0,4.818181818181818,3.904445493278102,17,785.0,0.15105269437104366,22,735.0,0.2010292979753236,39,1520.0
5795.0,39,520.0,5.977011494252873,3.9364958286689564,16,646.0,0.16743089652461854,23,789.0,0.1380097682214139,39,1435.0
5800.0,35,468.0,5.571428571428571,3.773562225932344,12,614.0,0.2250530054709584,23,676.0,0.08649526907498599,35,1290.0
5805.0,36,410.0,4.712643678160919,4.434443871119864,19,700.0,0.235808723099564,17,510.0,0.21091666396948666,36,1210.0
5810.0,42,464.0,5.590361445783133,3.2541781823871676,26,766.0,0.20725435242483062,16,533.0,0.21313835480681506,42,1299.0
5815.0,46,569.0,6.694117647058824,3.1189861384183963,30,877.0,0.14894542029054086,16,505.0,0.20132796479370824,46,1382.0
5820.0,50,623.0,7.079545454545454,2.7800198818749653,34,916.0,0.0814992954529328,16,490.0,0.21776633235363207,50,1406.0
5825.0,49,641.0,6.89247311827957,4.049137614665962,31,882.0,0.13625073538965307,18,470.0,0.29267295079014416,49,1352.0
5830.0,42,752.0,8.355555555555556,4.409785768664421,23,886.0,0.262153625632169,19,517.0,0.17895787830448154,42,1403.0
5835.0,38,787.0,8.554347826086957,4.397377138710143,18,943.0,0.2624360402691329,20,486.0,0.16558676838230824,38,1429.0
5840.0,46,871.0,9.467391304347826,3.96923374335416,29,1046.0,0.19409800676191225,17,415.0,0.24935038432284765,46,1461.0
5845.0,51,1000.0,10.989010989010989,3.0745832053820417,33,1138.0,0.14328180889584605,18,448.0,0.26442817465751856,51,1586.0
5850.0,48,1175.0,12.5,3.44637200326111,30,1199.0,0.16645950789791947,18,512.0,0.21380264095573526,48,1711.0
5855.0,45,1124.0,11.708333333333334,3.3612398973637903,26,1237.0,0.18383298760098712,19,519.0,0.19566275874317343,45,1756.0
5860.0,40,760.0,7.916666666666667,3.7175545796219276,28,1189.0,0.14061454684185978,12,425.0,0.2438758167958142,40,1614.0
5865.0,43,703.0,7.4787234042553195,3.743316773726558,31,1152.0,0.12212687479109388,12,361.0,0.33455272363045113,43,1513.0
5870.0,49,719.0,7.815217391304348,4.010586587058843,37,1169.0,0.10942109797609462,12,339.0,0.3445854715990133,49,1508.0
5875.0,45,764.0,8.21505376344086,3.6107109012787917,35,1273.0,0.12559887180767002,10,351.0,0.23713797896375802,45,1624.0
5880.0,41,762.0,8.282608695652174,3.6859241603917665,28,1286.0,0.13796198963771025,13,365.0,0.19641858554992916,41,1651.0
5885.0,38,628.0,7.056179775280899,3.4438885314965018,22,1324.0,0.1400393633106405,16,282.0,0.20489112969921103,38,1606.0
5890.0,39,739.0,8.303370786516854,3.6148185261746737,25,1374.0,0.12031288447239087,14,261.0,0.2971406993089592,39,1635.0
5895.0,46,870.0,9.666666666666666,3.05425280457176,34,1437.0,0.11259726081065795,12,288.0,0.31741948870863723,46,1725.0
5900.0,44,911.0,10.010989010989011,3.6349007924347236,37,1530.0,0.10412397325491538,7,273.0,0.4302120445429946,44,1803.0
5905.0,50,1072.0,11.284210526315789,3.57930679255224,41,1561.0,0.10060940353645909,9,264.0,0.34800850754898277,50,1825.0
5910.0,47,897.0,9.34375,3.812510443501143,38,1520.0,0.12387194247847648,9,279.0,0.3146831897925168,47,1799.0
5915.0,49,857.0,8.835051546391753,4.066382225452765,34,1411.0,0.16730035461767337,15,336.0,0.27590506756895083,49,1747.0
5920.0,54,1039.0,11.417582417582418,2.744224770848842,37,1556.0,0.09875181423977364,17,393.0,0.27967374640806963,54,1949.0
5925.0,67,1338.0,14.866666666666667,2.000512918271732,48,1783.0,0.0015595669742169002,19,446.0,0.23102429640928113,67,2229.0
5930.0,72,1522.0,16.543478260869566,1.6986135938767448,49,1886.0,0.012563885399018926,23,550.0,0.12238800727504033,72,2436.0
5935.0,63,1362.0,14.48936170212766,2.1885080715086698,39,1830.0,0.06533236081385951,24,611.0,0.07394054637260095,63,2441.0
5940.0,47,1159.0,12.736263736263735,3.6582549780943143,32,1765.0,0.10964418092763244,15,613.0,0.20300258634867954,47,2378.0
5945.0,33,669.0,7.6022727272727275,4.782997933716095,25,1623.0,0.16283719251841944,8,457.0,0.2669180887937764,33,2080.0
5950.0,32,710.0,8.160919540229886,5.073473213700315,21,1550.0,0.2480917724126842,11,329.0,0.18804360212054866,32,1879.0
5955.0,42,888.0,10.962962962962964,4.596802276187445,21,1456.0,0.271348669857259,21,394.0,0.14977492742993503,42,1850.0
5960.0,39,904.0,11.024390243902438,4.426620346005157,21,1408.0,0.23060245119408687,18,424.0,0.17131134590659933,39,1832.0
5965.0,34,752.0,9.518987341772151,4.149778282405151,23,1308.0,0.1243673144169243,11,373.0,0.28810484198040337,34,1681.0
5970.0,37,692.0,8.871794871794872,4.129102785048252,25,1258.0,0.10295926229898339,12,315.0,0.31780232487512866,37,1573.0
5975.0,34,493.0,6.2405063291139244,4.249873670984469,24,1180.0,0.13764563982630232,10,292.0,0.331886874498268,34,1472.0
5980.0,35,412.0,5.15,4.582207221087362,25,1043.0,0.14008193914525968,10,254.0,0.3927418121546947,35,1297.0
5985.0,38,456.0,5.7,4.370528019974968,25,1057.0,0.16880725191391183,13,287.0,0.350421911952685,38,1344.0
5990.0,37,406.0,5.205128205128205,3.8825477062550826,19,963.0,0.2272848322549643,18,322.0,0.21652210187043852,37,1285.0
5995.0,38,507.0,6.671052631578948,3.7895073941587905,15,895.0,0.27835173405150376,23,422.0,0.13629083683399051,38,1317.0
6000.0,39,546.0,7.47945205479452,3.6744920863398045,16,791.0,0.264876004308122,23,462.0,0.1298471783395522,39,1253.0
6005.0,33,477.0,6.36,3.8746633778283064,18,702.0,0.15295105367940087,15,435.0,0.2093468355631862,33,1137.0
6010.0,36,481.0,6.166666666666667,3.797485621640981,20,720.0,0.17242786700627138,16,444.0,0.17929834060524433,36,1164.0
6015.0,39,542.0,6.860759493670886,4.136067697764018,21,793.0,0.21528305995775798,18,459.0,0.20096500080012525,39,1252.0
6020.0,43,629.0,8.064102564102564,3.665884458909014,22,827.0,0.1962748375901161,21,534.0,0.249166196048061,43,1361.0
6025.0,39,665.0,8.75,3.666185783530279,17,783.0,0.22641876827093357,22,610.0,0.20021350372761448,39,1393.0
6030.0,41,624.0,8.0,3.0640109768513377,16,739.0,0.19471452666967146,25,663.0,0.11354516158511328,41,1402.0
6035.0,37,637.0,7.864197530864198,3.873713914014337,18,743.0,0.1671040195166345,19,652.0,0.17237264789828685,37,1395.0
6040.0,38,743.0,9.405063291139241,4.154884954351073,22,796.0,0.12091530934535358,16,644.0,0.25266849171497235,38,1440.0
6045.0,34,787.0,10.08974358974359,4.449877867627385,16,796.0,0.19606299301612778,18,648.0,0.20331210971552305,34,1444.0
6050.0,33,817.0,11.191780821917808,3.9013163323840807,12,670.0,0.34412924954118973,21,703.0,0.04173990115629794,33,1373.0
6055.0,28,737.0,10.528571428571428,4.329548017215446,11,484.0,0.2741671513749443,17,737.0,0.14353449462008763,28,1221.0
6060.0,30,475.0,6.597222222222222,4.532901436930322,15,512.0,0.21579238220230182,15,614.0,0.25066349720105474,30,1126.0
6065.0,34,409.0,5.76056338028169,4.9798381796904065,20,604.0,0.1888274403965146,14,429.0,0.3674170547003704,34,1033.0
6070.0,36,440.0,6.567164179104478,4.106498464236292,20,665.0,0.2685152469735786,16,442.0,0.2911501803738907,36,1107.0
6075.0,31,464.0,6.823529411764706,4.123066331481083,11,657.0,0.30217468938855513,20,464.0,0.1743810021259297,31,1121.0
6080.0,34,511.0,7.097222222222222,3.899903605052053,12,594.0,0.2715976542266623,22,512.0,0.1351007930668784,34,1106.0
6085.0,30,498.0,6.64,4.63727790228646,17,483.0,0.16266781613741288,13,506.0,0.31691979677550086,30,989.0
6090.0,36,436.0,5.972602739726027,3.705127115200165,23,505.0,0.11450086744214784,13,485.0,0.33289496389609885,36,990.0
6095.0,38,428.0,5.783783783783784,4.142927517070162,19,501.0,0.19460778576839502,19,443.0,0.27686553068349706,38,944.0
6100.0,40,471.0,6.28,3.471008059245015,18,569.0,0.20219933116112312,22,418.0,0.2064533111800955,40,987.0
6105.0,44,583.0,7.571428571428571,3.201441059830674,24,669.0,0.1301212112839652,20,385.0,0.20293165861367224,44,1054.0
6110.0,45,652.0,8.049382716049383,3.4372902151132907,24,712.0,0.19605390954811666,21,459.0,0.20189172415226114,45,1171.0
6115.0,38,543.0,6.703703703703703,3.938388835733569,16,650.0,0.2498265696718243,22,535.0,0.17397253264820003,38,1185.0
6120.0,34,483.0,6.0375,3.4558342221882454,10,620.0,0.2409041915928789,24,566.0,0.13045165356645963,34,1186.0
6125.0,37,395.0,4.817073170731708,3.79263064973114,18,595.0,0.17974387019021304,19,513.0,0.1980976619397059,37,1108.0
6130.0,40,517.0,6.544303797468355,4.011975913366205,26,704.0,0.1506878534326123,14,433.0,0.267391434037037,40,1137.0
6135.0,40,630.0,8.289473684210526,3.463420304052701,28,757.0,0.11410437201851868,12,394.0,0.29453493737141356,40,1151.0
6140.0,38,682.0,9.342465753424657,4.073872069198344,23,723.0,0.2173425004177127,15,414.0,0.22777193438927135,38,1137.0
6145.0,33,768.0,10.24,4.390318360670395,14,633.0,0.2823606018379248,19,487.0,0.10585400407541595,33,1120.0
6150.0,36,899.0,11.379746835443038,4.3306423599554575,17,708.0,0.25499334939331,19,535.0,0.1772013091425086,36,1243.0
6155.0,35,1024.0,13.653333333333334,4.491754356603417,23,804.0,0.19734179047995776,12,541.0,0.3155885925802405,35,1345.0
6160.0,37,863.0,11.355263157894736,3.664116135782589,25,779.0,0.12216316826294026,12,529.0,0.299292168282066,37,1308.0
6165.0,40,670.0,8.7012987012987,4.145891455447787,26,645.0,0.14840136020105563,14,499.0,0.29366192514825196,40,1144.0
6170.0,40,553.0,7.276315789473684,3.4517481465227506,24,762.0,0.16699920481742384,16,431.0,0.2514885828419958,40,1193.0
6175.0,44,660.0,8.68421052631579,3.6071182643769024,29,898.0,0.1841397933101508,15,276.0,0.2547244167348814,44,1174.0
6180.0,48,737.0,9.826666666666666,2.8245739172788236,31,960.0,0.17259620641491544,17,327.0,0.16968903501053936,48,1287.0
6185.0,39,658.0,8.891891891891891,2.8626340434888577,24,947.0,0.11584214438513941,15,372.0,0.17106195111695766,39,1319.0
6190.0,41,719.0,9.460526315789474,3.684753879706052,23,923.0,0.18815571210942256,18,434.0,0.14352087915049577,41,1357.0
6195.0,29,524.0,6.717948717948718,3.7380001381354564,15,847.0,0.201575554980281,14,441.0,0.13266874935149767,29,1288.0
6200.0,29,453.0,6.04,4.499874990423833,21,822.0,0.16993515130001247,8,362.0,0.3361350640292412,29,1184.0
6205.0,31,502.0,6.605263157894737,4.323208914883519,23,868.0,0.13925916134953784,8,328.0,0.30396107761718383,31,1196.0
6210.0,33,569.0,7.794520547945205,4.055368948554029,19,880.0,0.1691225962563038,14,296.0,0.2169247812837713,33,1176.0
6215.0,29,612.0,8.742857142857142,3.7887262961561614,14,880.0,0.2247405053640352,15,297.0,0.1740138864472907,29,1177.0
6220.0,29,706.0,10.231884057971014,4.117398076084764,19,957.0,0.11228269452105198,10,248.0,0.29887107584329686,29,1205.0
6225.0,35,731.0,10.152777777777779,3.5685227120641,24,949.0,0.06132973787568422,11,276.0,0.26731766243917515,35,1225.0
6230.0,40,664.0,8.972972972972974,4.233352244958529,24,872.0,0.17885215769515084,16,350.0,0.2652573160741919,40,1222.0
6235.0,32,467.0,6.671428571428572,3.7802823701656028,17,890.0,0.23021425788986147,15,369.0,0.26474041281597854,32,1259.0
6240.0,26,403.0,5.676056338028169,4.565207300790815,13,816.0,0.2671212670917022,13,366.0,0.2804564103882707,26,1182.0
6245.0,26,340.0,4.722222222222222,4.247480876859239,12,834.0,0.2533903469245176,14,381.0,0.2073509290799077,26,1215.0
6250.0,33,418.0,5.5,4.505731672673821,20,898.0,0.14868735648359774,13,366.0,0.2512907464357789,33,1264.0
6255.0,34,517.0,7.082191780821918,4.032347545408051,21,889.0,0.1216995022391609,13,418.0,0.28713697314498265,34,1307.0
6260.0,41,628.0,8.263157894736842,4.254183462702971,21,792.0,0.18040825711411426,20,508.0,0.23703381609407798,41,1300.0
6265.0,42,790.0,10.394736842105264,3.782377478970645,20,889.0,0.2528074079841755,22,614.0,0.17291006734351855,42,1503.0
6270.0,45,710.0,9.220779220779221,3.0697248681362264,24,1001.0,0.23293948524021232,21,535.0,0.1413845612790088,45,1536.0
6275.0,47,736.0,9.68421052631579,2.807875605274943,26,1016.0,0.16608601193207312,21,441.0,0.17711474629764465,47,1457.0
6280.0,43,599.0,7.582278481012659,3.548062635736046,24,932.0,0.21020470244286887,19,476.0,0.18623733161314315,43,1408.0
6285.0,31,473.0,6.064102564102564,4.14175903123568,20,852.0,0.17870431979735907,11,436.0,0.2001430146640993,31,1288.0
6290.0,28,566.0,7.075,5.127063030415329,16,885.0,0.22683618813437229,12,419.0,0.24196901144974337,28,1304.0
6295.0,35,685.0,8.896103896103897,4.07818021217168,22,966.0,0.1544394658907283,13,432.0,0.2016123477453992,35,1398.0
6300.0,48,865.0,11.233766233766234,3.4896774631464504,29,1018.0,0.16101933789537856,19,515.0,0.19660149137403404,48,1533.0
6305.0,38,896.0,12.108108108108109,3.9920319918168916,22,1006.0,0.21584178850081037,16,531.0,0.24225343777481356,38,1537.0
6310.0,38,847.0,11.0,4.29725207626889,23,1054.0,0.22953974558752344,15,466.0,0.17645131393412783,38,1520.0
6315.0,36,828.0,10.615384615384615,4.142644996691705,24,1100.0,0.18541124622391125,12,465.0,0.20739571390233774,36,1565.0
6320.0,38,845.0,10.974025974025974,4.5386221072121735,28,1122.0,0.13424760232756247,10,403.0,0.3518887827524501,38,1525.0
6325.0,42,870.0,11.447368421052632,3.709912455181683,29,1076.0,0.06811144174716954,13,455.0,0.2935331996373083,42,1531.0
6330.0,44,816.0,11.178082191780822,3.666586475462171,27,955.0,0.10363206001654275,17,536.0,0.26664413537580045,44,1491.0
6335.0,37,588.0,8.054794520547945,3.3822955331036706,20,1030.0,0.13618305650162765,17,501.0,0.23637933762760682,37,1531.0
6340.0,35,491.0,6.635135135135135,4.129020955919874,17,1067.0,0.19719693520379114,18,483.0,0.2490921841023937,35,1550.0
6345.0,32,443.0,5.906666666666666,3.6538895022174027,15,1115.0,0.2152528609474453,17,494.0,0.19115382340460066,32,1609.0
6350.0,31,454.0,6.053333333333334,4.598541614041968,20,1147.0,0.20048613688408945,11,481.0,0.3063282369995754,31,1628.0
6355.0,32,474.0,6.676056338028169,3.2005895437732277,22,1216.0,0.12448291117563003,10,403.0,0.22535157373542494,32,1619.0
6360.0,37,467.0,6.3108108108108105,3.2727935449136414,25,1302.0,0.09856798977389411,12,282.0,0.15681195914086035,37,1584.0
6365.0,36,452.0,6.026666666666666,4.0358496501613965,24,1299.0,0.1805014721271761,12,304.0,0.1756724282135187,36,1603.0
6370.0,35,555.0,7.708333333333333,5.115029831833998,26,1353.0,0.23006704357996044,9,302.0,0.3180833230962129,35,1655.0
6375.0,34,579.0,7.931506849315069,4.5875424732351,24,1303.0,0.21563052037662678,10,309.0,0.29312364472865154,34,1612.0
6380.0,37,570.0,8.028169014084508,3.6950728194728475,22,1163.0,0.14557764080292712,15,357.0,0.24195074921235926,37,1520.0
6385.0,37,465.0,6.642857142857143,3.319196541448249,21,1235.0,0.097866676340955,16,385.0,0.2834425799572438,37,1620.0
6390.0,41,565.0,7.847222222222222,3.475994072760282,23,1321.0,0.13640048063465998,18,443.0,0.2730066038525583,41,1764.0
6395.0,36,517.0,7.180555555555555,3.594533554584471,18,1394.0,0.19694952053963066,18,431.0,0.19919385459160444,36,1825.0
6400.0,42,648.0,8.64,3.800216176467138,21,1477.0,0.18811910670128285,21,401.0,0.22727776007402803,42,1878.0
6405.0,45,753.0,9.907894736842104,3.0544547056596434,27,1600.0,0.1319701053319664,18,423.0,0.2401449647928715,45,2023.0
6410.0,45,733.0,9.397435897435898,2.746103844724192,32,1752.0,0.1176371221894971,13,366.0,0.14781325477023305,45,2118.0
6415.0,44,702.0,8.560975609756097,2.968830921952529,34,1831.0,0.1159988102231004,10,395.0,0.19545309900314234,44,2226.0
6420.0,43,611.0,7.273809523809524,3.5731610691810403,27,1805.0,0.13360363799377087,16,453.0,0.20295037063162627,43,2258.0
6425.0,50,789.0,9.282352941176471,2.801850633436225,27,1926.0,0.12999085688799472,23,551.0,0.1693619290095005,50,2477.0
6430.0,58,984.0,11.0561797752809,2.54009535297115,33,2080.0,0.10011779979552429,25,628.0,0.18804870423011544,58,2708.0
6435.0,56,1183.0,13.597701149425287,2.9891624852664975,35,2225.0,0.15897525194648496,21,682.0,0.22185114796515645,56,2907.0
6440.0,62,1477.0,16.054347826086957,3.0149760371484686,37,2397.0,0.16949437449202276,25,798.0,0.2186282836417914,62,3195.0
6445.0,64,1711.0,17.459183673469386,2.836846629486295,36,2462.0,0.07146055557806838,28,930.0,0.26006585650843966,64,3392.0
6450.0,58,1731.0,17.484848484848484,2.914947708078334,31,2445.0,0.0969921478421142,27,932.0,0.20778297676855287,58,3377.0
6455.0,54,1934.0,19.535353535353536,3.7672707021027567,26,2428.0,0.19742550309172602,28,1027.0,0.18426884772603677,54,3455.0
6460.0,57,2002.0,19.436893203883496,3.432161146366586,26,2535.0,0.17519068269174692,31,1031.0,0.1276582438333294,57,3566.0
6465.0,60,1864.0,18.097087378640776,3.6686553111476323,32,2666.0,0.14818502758717497,28,903.0,0.19615318998375803,60,3569.0
6470.0,54,1865.0,18.106796116504853,3.749762059412156,33,2775.0,0.099605120093407,21,776.0,0.2498822906049093,54,3551.0
6475.0,48,1978.0,19.584158415841586,3.8414711165221567,28,2863.0,0.12742943844366986,20,785.0,0.20882588935917287,48,3648.0
6480.0,51,1910.0,18.54368932038835,3.5225129874472274,29,2747.0,0.13262727899166138,22,846.0,0.17221958302168258,51,3593.0
6485.0,55,1682.0,16.82,3.63049865229643,29,2507.0,0.16677606190093874,26,829.0,0.1816772236021648,55,3336.0
6490.0,46,1330.0,13.434343434343434,3.6720099945289997,23,2571.0,0.13280574143710347,23,742.0,0.22086467513723818,46,3313.0
6495.0,49,1132.0,11.434343434343434,3.5335047231915264,25,2654.0,0.13589227156159156,24,823.0,0.21476440120414036,49,3477.0
6500.0,51,908.0,9.26530612244898,3.042159013558958,25,2591.0,0.16104134173190704,26,880.0,0.16472037873939607,51,3471.0
6505.0,53,804.0,8.288659793814434,2.6480575607554178,20,2349.0,0.1802069816847613,33,897.0,0.1455085718182796,53,3246.0
6510.0,49,660.0,6.534653465346534,2.783911824917608,17,2372.0,0.17583881651937014,32,896.0,0.16739010039352425,49,3268.0
6515.0,43,635.0,6.35,3.4016200506987047,10,2306.0,0.23755622853586886,33,936.0,0.1616490658911222,43,3242.0
6520.0,43,502.0,4.921568627450981,3.2901095273078664,12,2246.0,0.20900816583958792,31,918.0,0.13088973882511037,43,3164.0
6525.0,49,502.0,4.735849056603773,3.4339145339672896,24,2220.0,0.16211492798571042,25,938.0,0.15100351837944628,49,3158.0
6530.0,53,655.0,6.421568627450981,3.7134834119386215,26,2282.0,0.23518390313525658,27,916.0,0.17553570017608897,53,3198.0
6535.0,53,845.0,8.284313725490197,3.943978193149687,21,2304.0,0.3036567288076071,32,1007.0,0.10214682180024247,53,3311.0
6540.0,56,1054.0,10.54,3.374815060752199,22,2351.0,0.27659973161679335,34,1091.0,0.05145144379346578,56,3442.0
6545.0,57,1223.0,11.990196078431373,3.446593675134724,30,2481.0,0.18794342271336842,27,1110.0,0.1051144087157779,57,3591.0
6550.0,57,1422.0,14.510204081632653,3.157700138075006,34,2606.0,0.10319700198819817,23,1093.0,0.16482664083673482,57,3699.0
6555.0,47,1486.0,15.31958762886598,3.6056094007050916,27,2701.0,0.09542758129070761,20,1094.0,0.19852663539899515,47,3795.0
6560.0,47,1416.0,14.75,3.5345662314539026,27,2808.0,0.15123014756188635,20,1041.0,0.14622163859216447,47,3849.0
6565.0,46,1448.0,15.404255319148936,3.7421601151599306,28,2873.0,0.1485123884036907,18,1095.0,0.21328669456576402,46,3968.0
6570.0,46,1567.0,17.60674157303371,3.6828834473230625,30,2906.0,0.1294976869537381,16,1108.0,0.25434784751848516,46,4014.0
6575.0,55,1537.0,16.89010989010989,3.003926851738058,32,3025.0,0.09987284901763369,23,1050.0,0.15819289812068713,55,4075.0
6580.0,46,1336.0,15.181818181818182,4.10416410865673,26,3111.0,0.16327957123910877,20,879.0,0.2234439521922712,46,3990.0
6585.0,42,1364.0,14.666666666666666,3.7478948170683113,25,3204.0,0.1537090335646024,17,944.0,0.19375245648244657,42,4148.0
6590.0,57,1620.0,17.419354838709676,3.0808998036310644,34,3362.0,0.12786254242226122,23,1043.0,0.19072507290360396,57,4405.0
6595.0,63,1841.0,19.585106382978722,3.0829206439407475,37,3489.0,0.16021429270691537,26,1084.0,0.18434743460277925,63,4573.0
6600.0,60,2087.0,22.934065934065934,2.70457676573699,37,3614.0,0.18230930026345055,23,1055.0,0.14603410612626222,60,4669.0
6605.0,63,2212.0,23.78494623655914,2.4478927631002385,38,3746.0,0.12195516257268635,25,1089.0,0.19024506154846507,63,4835.0
6610.0,50,2178.0,24.2,2.3944603695005777,31,3810.0,0.06960511751267216,19,1062.0,0.162667455030452,50,4872.0
6615.0,50,2203.0,24.208791208791208,3.0891854492079878,30,3869.0,0.12102505080610584,20,1002.0,0.10368212642682698,50,4871.0
6620.0,47,2190.0,24.333333333333332,4.350649110404681,28,3937.0,0.2229231531823305,19,812.0,0.08654034675645245,47,4749.0
6625.0,48,2307.0,26.21590909090909,4.307144802641717,28,4050.0,0.18809725212284745,20,767.0,0.11873767625139982,48,4817.0
6630.0,47,2190.0,26.071428571428573,3.8293566845163696,28,3857.0,0.1457291507141774,19,849.0,0.15671863953342052,47,4706.0
6635.0,45,1807.0,22.036585365853657,3.7293720447597556,23,3358.0,0.21079361590948947,22,952.0,0.13563450896841764,45,4310.0
6640.0,48,1580.0,19.506172839506174,3.6033173327010815,22,2936.0,0.24056937623451072,26,1068.0,0.15427687991533795,48,4004.0
6645.0,49,1259.0,15.54320987654321,3.5726708893871484,21,2508.0,0.22847991892026726,28,1201.0,0.22716081890687861,49,3709.0
6650.0,52,1220.0,14.878048780487806,2.5819389687033145,21,1854.0,0.15278010198721648,31,1350.0,0.17798979357865388,52,3204.0
6655.0,57,1402.0,16.49411764705882,2.727884348232934,20,1552.0,0.2422188886236917,37,1522.0,0.13506510207838532,57,3074.0
6660.0,62,1694.0,19.03370786516854,2.768620453151046,21,1262.0,0.2998534084033421,41,1714.0,0.12193001000280657,62,2976.0
6665.0,66,2008.0,21.591397849462364,2.2144366501376522,20,934.0,0.23794543328610882,46,1928.0,0.10871832286537096,66,2862.0
6670.0,71,2354.0,24.2680412371134,1.9780813370183257,23,865.0,0.1936256754648078,48,2164.0,0.09970294323075253,71,3029.0
6675.0,82,2739.0,26.59223300970874,1.9675307107558198,28,907.0,0.15480272455289548,54,2422.0,0.11510507376417357,82,3329.0
6680.0,79,2665.0,25.141509433962263,1.4930472305005609,26,891.0,0.17737963104495255,53,2517.0,0.056312174441138965,79,3408.0
6685.0,74,2333.0,21.80373831775701,2.064904524392152,22,886.0,0.20449417426024036,52,2463.0,0.044217969370755866,74,3349.0
6690.0,67,2361.0,21.080357142857142,2.967194779091726,22,949.0,0.2086370426600942,45,2437.0,0.08949270879983783,67,3386.0
6695.0,59,2331.0,20.8125,3.757859731539931,22,1041.0,0.22701370538572,37,2375.0,0.14318750294069765,59,3416.0
6700.0,59,2253.0,20.2972972972973,3.131928908047516,22,1139.0,0.19129041353031143,37,2409.0,0.14000584109394085,59,3548.0
6705.0,55,2102.0,19.462962962962962,2.8176928884098236,27,1260.0,0.1754406431052764,28,2461.0,0.14091298158501428,55,3721.0
6710.0,52,1752.0,16.073394495412845,2.747370679317749,28,1203.0,0.08725032738357141,24,2376.0,0.17625591854864683,52,3579.0
6715.0,52,1778.0,16.31192660550459,3.399327623813387,27,1010.0,0.11023350993428459,25,2359.0,0.23118423748319,52,3369.0
6720.0,50,1465.0,13.080357142857142,2.9271478090579417,24,965.0,0.1309584000974997,26,2305.0,0.1681764743201002,50,3270.0
6725.0,51,673.0,6.063063063063063,2.997925975754001,17,757.0,0.2232466530220349,34,2107.0,0.11699336510214751,51,2864.0
6730.0,57,858.0,8.018691588785046,3.4395835250041413,14,486.0,0.27811021010027087,43,2070.0,0.12969691480973594,57,2556.0
6735.0,65,1165.0,10.787037037037036,3.199426518810329,15,461.0,0.3119626571251829,50,2133.0,0.06616614773649154,65,2594.0
6740.0,74,1509.0,14.371428571428572,2.7004800369230844,15,510.0,0.35727323747913964,59,2401.0,0.025934045176083876,74,2911.0
6745.0,73,1568.0,14.933333333333334,2.4535920890412695,14,502.0,0.3041119418281898,59,2578.0,0.01581989728617554,73,3080.0
6750.0,76,1870.0,17.476635514018692,2.8220195903333067,20,521.0,0.25641465289321974,56,2753.0,0.06552063832940241,76,3274.0
6755.0,78,2155.0,20.330188679245282,2.2365004599404608,20,526.0,0.24562915829317575,58,3020.0,0.04353980952715604,78,3546.0
6760.0,82,2351.0,21.97196261682243,1.6838402368384136,25,606.0,0.19526406380298336,57,3093.0,0.0360014192894119,82,3699.0
6765.0,74,2311.0,21.201834862385322,2.00632761177315,23,686.0,0.2030081868597113,51,2986.0,0.04548666062729678,74,3672.0
6770.0,70,2128.0,19.17117117117117,2.2400623234082326,20,716.0,0.20204646070146842,50,3076.0,0.050355065796986266,70,3792.0
6775.0,56,1720.0,15.221238938053098,3.328410535066409,16,756.0,0.21110606726003006,40,2986.0,0.1066222380073217,56,3742.0
6780.0,48,1210.0,10.521739130434783,3.583627367152727,16,729.0,0.1648858411569004,32,2895.0,0.1645795686217973,48,3624.0
6785.0,45,578.0,5.026086956521739,4.2082000997159446,21,669.0,0.10938212924271762,24,2613.0,0.21868382959013988,45,3282.0
6790.0,45,481.0,4.372727272727273,4.291667039636753,23,704.0,0.14023141248835289,22,2487.0,0.22891487277259556,45,3191.0
6795.0,47,682.0,6.433962264150943,4.117086892079459,23,667.0,0.1127051201662979,24,2346.0,0.21478516057935607,47,3013.0
6800.0,57,949.0,9.49,3.850331994602359,26,717.0,0.06835480571721556,31,2275.0,0.22427984577351678,57,2992.0
6805.0,53,993.0,10.34375,3.1949347201806764,23,758.0,0.06470035548606518,30,2162.0,0.18911314481745295,53,2920.0
6810.0,46,826.0,8.604166666666666,3.69942202896927,16,717.0,0.1851101570744289,30,1957.0,0.1241719169220983,46,2674.0
6815.0,46,878.0,9.440860215053764,4.1243620869893665,13,665.0,0.31100618492981624,33,1836.0,0.10386534180898406,46,2501.0
6820.0,44,757.0,8.13978494623656,3.828093835121464,13,619.0,0.2927368106282025,31,1927.0,0.10554546580607885,44,2546.0
6825.0,47,764.0,8.395604395604396,3.35527379983041,16,597.0,0.28057350934398306,31,2059.0,0.13556068582921058,47,2656.0
6830.0,48,686.0,7.456521739130435,3.1787613395763192,18,570.0,0.3030512839386957,30,2097.0,0.15854520275496503,48,2667.0
6835.0,43,651.0,6.925531914893617,3.732288264307245,19,544.0,0.28219572854497255,24,2031.0,0.17960913659651936,43,2575.0
6840.0,47,685.0,7.2105263157894735,3.530092618130881,23,536.0,0.12263914484351791,24,1977.0,0.2106537696846734,47,2513.0
6845.0,48,826.0,8.694736842105263,3.7887955245013485,24,580.0,0.07572796273117074,24,1982.0,0.23677297523156055,48,2562.0
6850.0,52,909.0,9.774193548387096,3.4229584751175497,24,598.0,0.034546764918362324,28,1902.0,0.20877376358645325,52,2500.0
6855.0,46,810.0,8.804347826086957,3.309453463396161,16,530.0,0.15383792750672998,30,1728.0,0.13032448028012572,46,2258.0
6860.0,44,831.0,9.233333333333333,3.929860153715978,9,486.0,0.3235323632822387,35,1608.0,0.12256805530013484,44,2094.0
6865.0,45,946.0,10.282608695652174,4.355578673032932,11,433.0,0.3724108742700426,34,1670.0,0.14196302580272535,45,2103.0
6870.0,43,1082.0,12.295454545454545,4.349029713281346,10,422.0,0.39105880375964763,33,1629.0,0.14931830258104334,43,2051.0
6875.0,45,1282.0,15.08235294117647,4.183995237036663,12,462.0,0.3631650495298838,33,1600.0,0.14323032773831115,45,2062.0
6880.0,43,1329.0,15.453488372093023,3.5441508224299048,11,410.0,0.32666577946333064,32,1690.0,0.12194622279472718,43,2100.0
6885.0,40,1222.0,14.209302325581396,3.8680809131626606,10,411.0,0.34860882698517215,30,1708.0,0.13579070550244604,40,2119.0
6890.0,39,1308.0,15.571428571428571,4.3174436981857855,12,413.0,0.27237695054331423,27,1726.0,0.22013801209116557,39,2139.0
6895.0,40,1457.0,16.370786516853933,4.487762630428441,12,461.0,0.2823030374814592,28,1710.0,0.19079557902073357,40,2171.0
6900.0,44,1588.0,17.84269662921348,4.412055953734724,10,495.0,0.36953404440009924,34,1679.0,0.15137739404716677,44,2174.0
6905.0,42,1416.0,16.46511627906977,3.760604824852841,9,362.0,0.39131040072186724,33,1790.0,0.13156052984864414,42,2152.0
6910.0,47,1593.0,18.523255813953487,3.6780346400328634,11,269.0,0.3760045790055189,36,1933.0,0.12749188796073335,47,2202.0
6915.0,57,1858.0,22.3855421686747,3.03532832468181,14,334.0,0.296272322157273,43,2133.0,0.1183632688704849,57,2467.0
6920.0,57,1851.0,22.573170731707318,2.25612136389451,12,218.0,0.19652940641252648,45,2263.0,0.06786972684689417,57,2481.0
6925.0,56,1932.0,24.15,2.3622749969309558,16,235.0,0.02639272464260716,40,2311.0,0.11940089075080358,56,2546.0
6930.0,47,2019.0,24.325301204819276,3.0806948325066354,13,247.0,0.11502103521508299,34,2382.0,0.15522348639464914,47,2629.0
6935.0,43,2135.0,25.11764705882353,4.361979953392215,6,195.0,0.3439770365458811,37,2516.0,0.16632841567796125,43,2711.0
6940.0,41,2169.0,26.451219512195124,4.231758753837603,4,165.0,0.4023687579343013,37,2557.0,0.14115749774661712,41,2722.0
6945.0,44,2180.0,26.265060240963855,4.320234864433214,5,105.0,0.42716491614637536,39,2557.0,0.12307484559286042,44,2662.0
6950.0,44,2277.0,28.82278481012658,4.021323040716332,7,117.0,0.39228900407918776,37,2582.0,0.11810846927620737,44,2699.0
6955.0,49,2477.0,31.354430379746834,3.6538415518608263,10,161.0,0.3933785784701327,39,2706.0,0.11334729419463177,49,2867.0
6960.0,42,2614.0,34.85333333333333,3.257026139092697,7,185.0,0.3776344405181292,35,2776.0,0.09984050453825907,42,2961.0
6965.0,43,2699.0,35.986666666666665,3.462403236758365,10,221.0,0.3832610224412781,33,2831.0,0.10520137970144257,43,3052.0
6970.0,41,2234.0,28.27848101265823,4.034628989760845,7,233.0,0.3765374270894113,34,2676.0,0.13160095225668178,41,2909.0
6975.0,38,1228.0,15.160493827160494,4.44085554006696,9,257.0,0.270987534490231,29,2250.0,0.21363764844160255,38,2507.0
6980.0,36,904.0,11.160493827160494,4.478489723063392,8,285.0,0.37876954785592,28,1864.0,0.20503629586558914,36,2149.0
6985.0,36,749.0,9.602564102564102,4.667607487841253,8,306.0,0.48388312677717304,28,1480.0,0.15517645501002744,36,1786.0
6990.0,40,896.0,11.487179487179487,4.1476956913737215,11,348.0,0.3639489940595315,29,1378.0,0.1486220857801776,40,1726.0
6995.0,42,1097.0,14.064102564102564,4.216232693159585,12,407.0,0.33727313420709726,30,1336.0,0.15516688815187246,42,1743.0
7000.0,47,1317.0,16.4625,4.061191883545242,16,474.0,0.356693071073975,31,1341.0,0.10630929486989167,47,1815.0
7005.0,39,1184.0,16.21917808219178,3.7223066142966195,10,373.0,0.442709230893693,29,1375.0,0.06417159988962601,39,1748.0
7010.0,29,953.0,13.81159420289855,3.999094469374916,7,228.0,0.3579699299841193,22,1324.0,0.09311104528242296,29,1552.0
7015.0,35,1090.0,16.26865671641791,3.3957707163125184,9,263.0,0.24718540114168305,26,1365.0,0.09150825936961147,35,1628.0
7020.0,41,1251.0,18.397058823529413,3.453290763688299,16,325.0,0.15595116615706275,25,1410.0,0.08207904293816393,41,1735.0
7025.0,37,1399.0,22.206349206349206,3.0803457206775344,13,327.0,0.271956361528791,24,1452.0,0.05471422112282944,37,1779.0
7030.0,35,1530.0,24.677419354838708,3.6910962667483793,11,328.0,0.29123157063023064,24,1479.0,0.10748423290276435,35,1807.0
7035.0,27,1155.0,19.576271186440678,3.961611455174489,6,267.0,0.3101508437523415,21,1381.0,0.14076869462869088,27,1648.0
7040.0,26,1005.0,16.475409836065573,5.266829122570459,8,224.0,0.3585748200667828,18,1168.0,0.2180314144897696,26,1392.0
7045.0,33,1155.0,19.25,4.819664478400992,12,259.0,0.38762916457859514,21,1174.0,0.15094673463028782,33,1433.0
7050.0,31,1236.0,20.6,4.52557592498161,11,298.0,0.3577846530737175,20,1242.0,0.20806217646743883,31,1540.0
7055.0,31,1327.0,21.75409836065574,4.4683462763191075,12,338.0,0.29470783382637455,19,1262.0,0.1895362327208835,31,1600.0
7060.0,29,1360.0,23.448275862068964,4.339801421611181,11,348.0,0.3527941187429107,18,1312.0,0.18566753960231014,29,1660.0
7065.0,27,1419.0,24.46551724137931,5.062783480909275,10,342.0,0.23919411995214088,17,1360.0,0.2510243543252912,27,1702.0
7070.0,27,1501.0,26.333333333333332,4.412463490924642,11,359.0,0.12090657009053257,16,1401.0,0.2614522442331471,27,1760.0
7075.0,35,1658.0,28.10169491525424,4.245434401712017,15,424.0,0.2317288418444984,20,1479.0,0.13701641879493182,35,1903.0
7080.0,30,1490.0,25.25423728813559,3.770476978711124,11,288.0,0.38143981025385904,19,1558.0,0.05643635442939457,30,1846.0
7085.0,28,1596.0,28.0,5.470387108918683,10,200.0,0.425663016555456,18,1628.0,0.1548337865327423,28,1828.0
7090.0,28,1638.0,27.76271186440678,4.328466558560529,9,203.0,0.2508416485469381,19,1708.0,0.17213941390437343,28,1911.0
7095.0,27,1726.0,28.766666666666666,5.16776660067284,8,178.0,0.29581568835665206,19,1802.0,0.2219106601805222,27,1980.0
7100.0,30,1525.0,27.727272727272727,4.814498026756399,11,199.0,0.3123965939536693,19,1643.0,0.1850356302173939,30,1842.0
7105.0,24,975.0,17.410714285714285,4.591266326291584,10,252.0,0.261200624490315,14,1366.0,0.16633845636856892,24,1618.0
7110.0,27,617.0,11.218181818181819,4.611526715263465,12,304.0,0.25525899814081826,15,1108.0,0.22458067328968045,27,1412.0
7115.0,25,576.0,10.105263157894736,4.699216069823475,14,367.0,0.268132209404493,11,1015.0,0.2988226870590662,25,1382.0
7120.0,25,699.0,11.847457627118644,5.218602050150298,14,432.0,0.3172334680864804,11,809.0,0.32062330232514746,25,1241.0
7125.0,28,832.0,14.101694915254237,5.240820716168685,14,502.0,0.3502665444640456,14,627.0,0.2548576873989737,28,1129.0
7130.0,30,973.0,16.491525423728813,5.220550057869957,16,573.0,0.3357770916148056,14,489.0,0.21807149963170705,30,1062.0
7135.0,33,1129.0,20.527272727272727,3.5045102377739186,16,651.0,0.2392500637908588,17,523.0,0.10680651713515901,33,1174.0
7140.0,32,995.0,17.45614035087719,3.00604488994974,17,645.0,0.2734458529429684,15,524.0,0.018561677460532295,32,1169.0
7145.0,29,1024.0,17.964912280701753,4.7826323430291735,15,635.0,0.3396452522321525,14,448.0,0.18878651410650596,29,1083.0
7150.0,25,883.0,15.491228070175438,5.499210720940602,12,581.0,0.3608080764848379,13,470.0,0.24961969358457234,25,1051.0
7155.0,22,913.0,15.741379310344827,6.452742759644838,11,500.0,0.31997829405221656,11,499.0,0.35793276803302587,22,999.0
7160.0,26,1010.0,19.056603773584907,5.278306431850536,13,549.0,0.28364612298006364,13,558.0,0.2892468841924107,26,1107.0
7165.0,28,1124.0,21.20754716981132,4.500440201499103,16,612.0,0.16711776585772264,12,596.0,0.2880440239426924,28,1208.0
7170.0,31,1244.0,23.471698113207548,4.252211571645717,18,682.0,0.13613493143784688,13,635.0,0.20971703482771997,31,1317.0
7175.0,28,1354.0,24.618181818181817,4.875499657897581,16,721.0,0.20985595623048625,12,691.0,0.2296197355681204,28,1412.0
7180.0,28,1489.0,26.589285714285715,5.094595113890219,16,802.0,0.2721961492601252,12,744.0,0.23895700396163075,28,1546.0
7185.0,27,1555.0,28.796296296296298,4.554460577929093,15,831.0,0.2901583263944949,12,789.0,0.2836097016793219,27,1620.0
7190.0,31,1661.0,29.140350877192983,4.660380875328334,16,861.0,0.2738155108791523,15,857.0,0.3296418106305203,31,1718.0
7195.0,25,1329.0,22.52542372881356,4.654838085728249,15,743.0,0.18026151581696456,10,845.0,0.4056885951524421,25,1588.0
7200.0,22,917.0,15.542372881355933,5.632858834464947,12,481.0,0.21686033782482017,10,777.0,0.4398328304382279,22,1258.0
