step,system_total_stopped,system_total_waiting_time,system_mean_waiting_time,system_mean_speed,J17_stopped,J17_accumulated_waiting_time,J17_average_speed,J18_stopped,J18_accumulated_waiting_time,J18_average_speed,agents_total_stopped,agents_total_accumulated_waiting_time
5.0,1,0.0,0.0,2.0622635239153166,0,0.0,1.0,1,0.0,0.1803803863858827,1,0.0
10.0,0,0.0,0.0,6.940293363865126,0,0.0,0.414921986768678,0,0.0,0.6382692490007064,0,0.0
15.0,1,0.0,0.0,9.46236358999769,0,0.0,0.7553689059866304,1,0.0,0.6620537596227722,1,0.0
20.0,1,0.0,0.0,10.073186910072632,1,0.0,0.6979919078257466,0,0.0,0.7802359882688584,1,0.0
25.0,0,0.0,0.0,8.30661641061172,0,0.0,0.503181896181864,0,0.0,0.6999530601306796,0,0.0
30.0,6,15.0,0.75,7.303607609066612,5,12.0,0.4640595991094511,1,3.0,0.6159425304152231,6,15.0
35.0,6,40.0,1.7391304347826086,7.442431053679443,3,27.0,0.575419557457076,3,13.0,0.5298524165695923,6,40.0
40.0,9,73.0,2.8076923076923075,7.122167761601815,4,43.0,0.5202930922796448,5,30.0,0.49021165581094994,9,73.0
45.0,13,122.0,4.206896551724138,5.887018979119268,6,65.0,0.2529178524759669,7,57.0,0.4711167049283007,13,122.0
50.0,10,116.0,3.515151515151515,5.292447225524074,6,70.0,0.24046469673395485,4,56.0,0.36660468014813036,10,126.0
55.0,12,176.0,5.5,6.205983807103742,6,103.0,0.40863049801031603,6,76.0,0.3350605867799424,12,179.0
60.0,10,163.0,5.09375,6.230225316785058,3,79.0,0.4721815306473076,7,106.0,0.3469180965442135,10,185.0
65.0,11,217.0,6.2,6.677783392446823,5,92.0,0.49107399092914233,6,131.0,0.23562106743329211,11,223.0
70.0,15,236.0,6.2105263157894735,5.808154462029783,8,118.0,0.4064546663528699,7,123.0,0.2673202603247476,15,241.0
75.0,14,267.0,6.512195121951219,6.535709680010746,6,128.0,0.34393854314533606,8,156.0,0.3421252723808134,14,284.0
80.0,17,320.0,7.619047619047619,5.737469439212528,10,153.0,0.27300424483248653,7,185.0,0.39250267976974357,17,338.0
85.0,20,412.0,9.581395348837209,5.727472137369973,11,207.0,0.2846814669172089,9,214.0,0.4367411989098833,20,421.0
90.0,18,327.0,7.431818181818182,5.389153400148891,12,266.0,0.3237448770986545,6,143.0,0.42530373622571405,18,409.0
95.0,15,290.0,6.444444444444445,5.16448539331748,9,292.0,0.38585789882466454,6,62.0,0.3362218270558502,15,354.0
100.0,16,341.0,7.413043478260869,5.291373996468586,8,285.0,0.4076407530659056,8,90.0,0.23617504577311557,16,375.0
105.0,25,371.0,7.571428571428571,4.74959438082399,11,261.0,0.40767055058457574,14,147.0,0.15220184087450625,25,408.0
110.0,27,423.0,7.833333333333333,4.344675096971584,16,326.0,0.16228688732173072,11,168.0,0.33783906110068207,27,494.0
115.0,25,331.0,6.490196078431373,4.507336847640966,15,295.0,0.17874772689390792,10,178.0,0.4717112522326507,25,473.0
120.0,19,266.0,5.115384615384615,5.256134291174972,12,220.0,0.30686834667072016,7,174.0,0.4064109312654226,19,394.0
125.0,22,261.0,4.9245283018867925,5.219434674106978,11,236.0,0.22255877910811184,11,153.0,0.342112499539811,22,389.0
130.0,18,242.0,4.653846153846154,5.72050591560304,6,191.0,0.14450875698302093,12,202.0,0.3192541506768936,18,393.0
135.0,22,261.0,5.117647058823529,5.4231698381771185,9,161.0,0.21722286286764494,13,244.0,0.2070680374444636,22,405.0
140.0,29,388.0,8.434782608695652,4.561969514072341,13,219.0,0.284731111867142,16,319.0,0.1408649529214498,29,538.0
145.0,28,508.0,11.28888888888889,3.5354801199041654,14,285.0,0.22238806523577806,14,378.0,0.12251923538127298,28,663.0
150.0,30,650.0,14.444444444444445,3.367030694426916,16,357.0,0.12599811097886737,14,440.0,0.17903033166222537,30,797.0
155.0,27,648.0,13.5,3.6537925092798584,16,372.0,0.18351301369817352,11,439.0,0.16820683624223154,27,811.0
160.0,22,657.0,13.408163265306122,5.065718849654643,13,387.0,0.2782826909418967,9,432.0,0.3173376326459848,22,819.0
165.0,22,539.0,10.78,5.0204634354593445,15,457.0,0.3062104807604432,7,334.0,0.39927321506438823,22,791.0
170.0,23,437.0,8.568627450980392,5.103345595052976,20,553.0,0.27237584007439786,3,133.0,0.4925600305537132,23,686.0
175.0,22,391.0,7.377358490566038,4.458413286555687,19,545.0,0.2589938664486307,3,143.0,0.40299796532916565,22,688.0
180.0,25,304.0,5.527272727272727,3.7158750892730046,16,435.0,0.1687222007617323,9,175.0,0.27040008556229317,25,610.0
185.0,20,236.0,4.140350877192983,5.124365263193403,11,346.0,0.2759359999864723,9,186.0,0.3573880664775529,20,532.0
190.0,17,239.0,4.120689655172414,5.49244902297609,8,272.0,0.2851805091758194,9,228.0,0.38391455395207597,17,500.0
195.0,22,241.0,4.016666666666667,5.121370681171024,14,265.0,0.23000111697873452,8,224.0,0.46891833657179843,22,489.0
200.0,19,302.0,5.206896551724138,5.300958989691049,10,287.0,0.21293897927324432,9,225.0,0.43177189053706944,19,512.0
205.0,18,211.0,3.767857142857143,5.135790625645326,11,277.0,0.22789176170963032,7,134.0,0.28846874600744593,18,411.0
210.0,22,214.0,3.8214285714285716,5.204083649474652,14,242.0,0.19788988702923507,8,77.0,0.2565173238697267,22,319.0
215.0,22,250.0,4.385964912280702,4.683047542938376,17,295.0,0.23097834605019818,5,79.0,0.3162813913775275,22,374.0
220.0,17,297.0,5.5,6.051787186918939,12,325.0,0.36671283761565043,5,87.0,0.37165939208458376,17,412.0
225.0,14,209.0,3.8,5.654171841440113,10,302.0,0.3594297191082609,4,78.0,0.23864592512196553,14,380.0
230.0,20,256.0,4.19672131147541,5.989051976922555,16,309.0,0.2947055580367733,4,59.0,0.5107734882133049,20,368.0
235.0,25,296.0,4.774193548387097,5.043710098800676,21,365.0,0.2580221583532535,4,39.0,0.5540709158663758,25,404.0
240.0,20,335.0,5.583333333333333,6.004785125913092,15,392.0,0.2630403138258773,5,56.0,0.6294830053466363,20,448.0
245.0,19,245.0,3.828125,5.073509096764804,13,366.0,0.23322964676821023,6,62.0,0.36552836439450803,19,428.0
250.0,25,256.0,3.878787878787879,5.148718158040424,16,331.0,0.24913579095143074,9,100.0,0.284569301169368,25,431.0
255.0,33,239.0,3.621212121212121,4.362689911007758,24,332.0,0.2230979756319718,9,110.0,0.32595669686135076,33,442.0
260.0,29,302.0,4.6461538461538465,5.067351818689574,21,331.0,0.2678072677760547,8,118.0,0.4312566472135896,29,449.0
265.0,31,324.0,4.628571428571429,4.270251383551864,25,387.0,0.23781252878480394,6,119.0,0.3468768163772597,31,506.0
270.0,27,279.0,3.72,4.99786525534079,20,391.0,0.22126228268948323,7,123.0,0.3918263200106679,27,514.0
275.0,24,323.0,4.25,5.959051896853322,16,388.0,0.24178173397315533,8,154.0,0.43157753057138876,24,542.0
280.0,23,361.0,4.688311688311688,6.00550812336323,17,424.0,0.2274809100322917,6,162.0,0.4933532729447862,23,586.0
285.0,28,465.0,6.283783783783784,5.412281685480733,21,478.0,0.22446545107980653,7,186.0,0.2741542600229318,28,664.0
290.0,32,388.0,5.464788732394366,4.926068131451257,27,526.0,0.1918229144209553,5,116.0,0.4352622599814114,32,642.0
295.0,31,393.0,5.779411764705882,4.827977298240586,26,574.0,0.16902076413054073,5,63.0,0.5309203938239608,31,637.0
300.0,28,360.0,5.454545454545454,4.735640072259836,24,626.0,0.20022432758080433,4,35.0,0.5858148604292166,28,661.0
305.0,24,346.0,5.323076923076923,4.3711239228812415,18,603.0,0.17735401084952668,6,58.0,0.4272936465797533,24,661.0
310.0,23,372.0,6.0,4.298173313783319,19,598.0,0.21970684295453766,4,64.0,0.20180649865837716,23,662.0
315.0,26,404.0,6.121212121212121,5.292338147612216,19,611.0,0.1994697270688682,7,65.0,0.22675994265513155,26,676.0
320.0,26,478.0,7.134328358208955,5.488321649224622,21,654.0,0.10090635261224337,5,80.0,0.45106678843315356,26,734.0
325.0,28,392.0,6.125,5.905232146138186,24,652.0,0.15322831015805066,4,66.0,0.6296590442865424,28,718.0
330.0,26,388.0,6.466666666666667,4.774937120005723,23,614.0,0.21754714487068152,3,64.0,0.49705934744714353,26,678.0
335.0,27,434.0,7.233333333333333,4.279994713224861,19,635.0,0.25998276964313577,8,77.0,0.28942792119948835,27,712.0
340.0,30,391.0,6.306451612903226,4.320583729916883,20,626.0,0.28727546172504703,10,103.0,0.2524481210176206,30,729.0
345.0,33,400.0,6.153846153846154,3.343427440156315,21,644.0,0.18164258463868574,12,155.0,0.28902823768103997,33,799.0
350.0,27,253.0,4.015873015873016,3.5111026290819414,17,585.0,0.14265379706609982,10,175.0,0.29734628154368836,27,760.0
355.0,21,247.0,4.049180327868853,4.777178498769937,16,564.0,0.22537615938775146,5,137.0,0.3236295637133562,21,701.0
360.0,23,318.0,4.96875,4.960791871508642,14,515.0,0.2673602265679702,9,156.0,0.25519350993597023,23,671.0
365.0,30,396.0,6.0,4.814192771847482,17,460.0,0.260256241193516,13,218.0,0.2869597785036905,30,678.0
370.0,32,392.0,6.125,3.5909334357025715,22,490.0,0.17434858302733852,10,195.0,0.3558524765485802,32,685.0
375.0,35,423.0,6.042857142857143,3.7424094849749956,24,568.0,0.15158596896006898,11,185.0,0.39469266965730493,35,753.0
380.0,37,513.0,6.9324324324324325,4.100135224627442,27,623.0,0.20171050842288143,10,181.0,0.34637390711593663,37,804.0
385.0,39,662.0,8.487179487179487,4.243269220880603,25,676.0,0.23025609248351317,14,236.0,0.2877469439251389,39,912.0
390.0,43,725.0,9.0625,3.2821176559642753,25,723.0,0.18934689951071754,18,288.0,0.23767102448365954,43,1011.0
395.0,40,680.0,8.60759493670886,3.6897133176534718,23,706.0,0.17974158548713665,17,365.0,0.2414642114716204,40,1071.0
400.0,39,656.0,8.098765432098766,3.47912523495944,21,688.0,0.19799010523402882,18,357.0,0.16641438343986412,39,1045.0
405.0,31,568.0,6.926829268292683,4.665431118466001,22,747.0,0.18906063459609163,9,253.0,0.31018235497032465,31,1000.0
410.0,30,618.0,7.725,4.267366051154495,24,821.0,0.12352258396138914,6,220.0,0.3593886444428481,30,1041.0
415.0,43,699.0,8.848101265822784,3.536442138191661,29,874.0,0.15295383857769174,14,259.0,0.1996196611194078,43,1133.0
420.0,46,676.0,8.779220779220779,2.758174919697307,30,937.0,0.10865825135810724,16,269.0,0.16000291050455243,46,1206.0
425.0,45,766.0,9.948051948051948,2.905232201521313,30,998.0,0.10867819679384524,15,288.0,0.23711071800569097,45,1286.0
430.0,36,735.0,9.423076923076923,3.9109072252033195,23,974.0,0.16957383628763134,13,286.0,0.24324116073055016,36,1260.0
435.0,26,681.0,8.960526315789474,4.580956303090617,19,976.0,0.1566707612784933,7,221.0,0.28077283893789295,26,1197.0
440.0,25,414.0,5.671232876712328,4.513526070330084,18,856.0,0.13347478760144355,7,211.0,0.25952052569476586,25,1067.0
445.0,36,440.0,5.945945945945946,4.321467135635507,23,709.0,0.11786062355606201,13,246.0,0.2510798085426222,36,955.0
450.0,39,576.0,8.112676056338028,3.915923147083054,26,780.0,0.16036388776077465,13,257.0,0.29975417832000384,39,1037.0
455.0,25,616.0,8.927536231884059,5.012673949661599,17,796.0,0.18928339072353975,8,214.0,0.36948511977870824,25,1010.0
460.0,28,482.0,6.9855072463768115,4.567901989083897,18,780.0,0.14510558479257116,10,170.0,0.28148533210471266,28,950.0
465.0,32,472.0,6.647887323943662,4.527821034059977,20,765.0,0.10533754156965003,12,155.0,0.2381207104371838,32,920.0
470.0,37,529.0,8.138461538461538,3.9495667894843964,24,776.0,0.1329128150990699,13,201.0,0.31279322618555383,37,977.0
475.0,35,497.0,7.765625,4.413965152812116,19,733.0,0.18054703408226402,16,269.0,0.32547047183520805,35,1002.0
480.0,32,433.0,6.661538461538462,3.363788939622088,17,743.0,0.17685049062904967,15,288.0,0.2563023253885827,32,1031.0
485.0,20,332.0,5.107692307692307,4.882616846330407,10,685.0,0.21656280848077117,10,248.0,0.3189585147482567,20,933.0
490.0,21,285.0,4.453125,5.329180205398865,13,628.0,0.27075287184278496,8,189.0,0.3281859740602397,21,817.0
495.0,24,337.0,5.106060606060606,5.354170551889166,12,553.0,0.2759984725114721,12,158.0,0.28644620475257493,24,711.0
500.0,30,426.0,6.65625,4.118667533718629,18,584.0,0.24795501956654456,12,201.0,0.3040808016689593,30,785.0
505.0,25,494.0,7.841269841269841,4.793418118543366,15,600.0,0.2881621738228301,10,214.0,0.2507687891649743,25,814.0
510.0,20,328.0,4.96969696969697,4.89384446920411,11,495.0,0.24548199747696475,9,220.0,0.2868081370687832,20,715.0
515.0,24,375.0,5.357142857142857,5.432874581003946,13,452.0,0.2722193889241758,11,229.0,0.3132615113920545,24,681.0
520.0,29,461.0,6.585714285714285,5.153300959422178,19,496.0,0.27510556508771317,10,270.0,0.3574905939405646,29,766.0
525.0,25,534.0,7.739130434782608,5.835815428575876,16,536.0,0.2891492640099232,9,283.0,0.41662346812050133,25,819.0
530.0,23,362.0,5.569230769230769,5.447009549270785,15,477.0,0.2935301029580372,8,236.0,0.3162149007046262,23,713.0
535.0,29,315.0,4.7727272727272725,5.0418177824629,17,441.0,0.21850593613739328,12,149.0,0.20355000784299393,29,590.0
540.0,29,366.0,5.903225806451613,4.230909776831255,19,443.0,0.1686333849351642,10,167.0,0.30319153637138835,29,610.0
545.0,30,374.0,6.56140350877193,4.051001780337216,20,459.0,0.18732277048884421,10,198.0,0.32776067146721466,30,657.0
550.0,31,425.0,7.203389830508475,3.6315425843583684,19,395.0,0.1596197124850736,12,252.0,0.28252338307914326,31,647.0
555.0,31,422.0,6.806451612903226,4.110490164325098,19,414.0,0.13563393253074477,12,264.0,0.33440644239851225,31,678.0
560.0,25,393.0,6.338709677419355,4.514868804599303,19,445.0,0.09316405841461134,6,229.0,0.40792839866500147,25,674.0
565.0,18,232.0,3.6825396825396823,4.703795161896992,12,407.0,0.17209311252196655,6,167.0,0.29861985297731203,18,574.0
570.0,25,300.0,4.477611940298507,4.741729572563146,13,402.0,0.2340801923616495,12,162.0,0.21221312228477068,25,564.0
575.0,30,349.0,5.132352941176471,5.069248600191336,15,401.0,0.2906278594073513,15,208.0,0.29758536696800775,30,609.0
580.0,33,474.0,6.869565217391305,5.239280327376808,14,413.0,0.3424802705477568,19,289.0,0.30019970542852487,33,702.0
585.0,31,527.0,8.234375,4.271232999462642,13,404.0,0.3520675896525902,18,328.0,0.1521387858705331,31,732.0
590.0,27,512.0,8.126984126984127,4.726367882288793,13,451.0,0.28100136081091454,14,319.0,0.2337359369011202,27,770.0
595.0,21,385.0,5.833333333333333,4.843605716731385,14,438.0,0.1704730211128782,7,257.0,0.28210481200321047,21,695.0
600.0,24,245.0,3.6029411764705883,5.372543397460678,12,377.0,0.2518015893137797,12,267.0,0.2648399571965167,24,644.0
605.0,24,200.0,3.0303030303030303,4.827188870131477,9,353.0,0.3013931454107905,15,296.0,0.29294725134125593,24,649.0
610.0,29,324.0,4.835820895522388,4.888168247692052,12,349.0,0.30395027201907415,17,355.0,0.27924870387570894,29,704.0
615.0,33,373.0,5.405797101449275,4.543382430257219,12,345.0,0.353724424010192,21,430.0,0.2355011499651269,33,775.0
620.0,36,508.0,7.36231884057971,4.239245279894857,13,368.0,0.3462107327685827,23,541.0,0.19574480751667062,36,909.0
625.0,41,529.0,7.450704225352113,3.477798634953635,17,395.0,0.1789413876976201,24,576.0,0.2465952700827661,41,971.0
630.0,29,380.0,5.277777777777778,3.881339174357589,11,413.0,0.1865662152905453,18,489.0,0.18144096492266246,29,902.0
635.0,29,410.0,5.694444444444445,5.467311271863197,12,448.0,0.2094376475635313,17,429.0,0.21932915707055783,29,877.0
640.0,25,448.0,6.136986301369863,6.0254333954784505,12,415.0,0.09817774336558242,13,357.0,0.31710004790384366,25,772.0
645.0,20,332.0,4.882352941176471,5.928011486390076,10,298.0,0.19481931648150974,10,340.0,0.33187162280443183,20,638.0
650.0,24,361.0,5.73015873015873,4.5766083124146695,11,326.0,0.23826696384155682,13,333.0,0.2803047608941851,24,659.0
655.0,30,354.0,5.446153846153846,4.767529661106003,12,373.0,0.35518952605011195,18,323.0,0.2580106500571781,30,696.0
660.0,29,314.0,4.757575757575758,4.976627580079456,10,346.0,0.4132929022744255,19,326.0,0.2629302187189445,29,672.0
665.0,31,384.0,5.731343283582089,4.418170082070901,11,317.0,0.347037937830067,20,369.0,0.19236892530361366,31,686.0
670.0,30,321.0,4.791044776119403,4.045108966761363,12,316.0,0.18610291152998307,18,353.0,0.22984389417764597,30,669.0
675.0,23,284.0,4.115942028985507,4.401379666869323,8,290.0,0.20496030544185648,15,386.0,0.18201706025009665,23,676.0
680.0,20,276.0,4.119402985074627,5.0878977283984606,5,287.0,0.3799217406174472,15,380.0,0.17234305929856586,20,667.0
685.0,31,352.0,5.101449275362318,4.990070578042042,12,328.0,0.34402928411417044,19,411.0,0.1589421851845412,31,739.0
690.0,36,474.0,6.970588235294118,4.331012185317384,11,358.0,0.32146112779651254,25,479.0,0.13402077022116224,36,837.0
695.0,32,531.0,7.8088235294117645,4.130182258395439,8,356.0,0.3397366127999437,24,514.0,0.13912296617875586,32,870.0
700.0,23,505.0,7.318840579710145,5.803230317873272,9,374.0,0.345559106165294,14,473.0,0.2530782137187893,23,847.0
705.0,23,505.0,7.013888888888889,5.440130627097386,11,408.0,0.25247032397241614,12,469.0,0.2498808708111234,23,877.0
710.0,32,604.0,8.507042253521126,5.309273098426742,17,481.0,0.2502319626215154,15,431.0,0.22231883859545662,32,912.0
715.0,35,494.0,7.264705882352941,3.8759893901329727,17,440.0,0.2686569902920448,18,436.0,0.10208852431993923,35,876.0
720.0,36,436.0,6.606060606060606,3.977653626884027,16,316.0,0.3166746731705987,20,465.0,0.13521882015935724,36,781.0
725.0,35,463.0,7.123076923076923,3.536513676893259,19,363.0,0.26664154841207083,16,429.0,0.19462649985904037,35,792.0
730.0,27,332.0,5.03030303030303,3.666814276017106,15,358.0,0.20264622487209413,12,347.0,0.1480546569701136,27,705.0
735.0,20,287.0,4.220588235294118,3.99891012631799,11,389.0,0.21876217286896593,9,361.0,0.14338408986428128,20,750.0
740.0,32,393.0,5.383561643835616,4.582554957821766,17,443.0,0.25015339994933344,15,373.0,0.21307995753044195,32,816.0
745.0,37,489.0,6.52,4.6380316817159395,23,495.0,0.2222915098062176,14,398.0,0.31199901000614216,37,893.0
750.0,36,589.0,8.068493150684931,4.457013117816932,22,542.0,0.1919163530923695,14,387.0,0.3458448166193257,36,929.0
755.0,38,634.0,8.805555555555555,3.6708250471568897,23,590.0,0.18628937753954597,15,373.0,0.30162802137490996,38,963.0
760.0,29,526.0,7.735294117647059,3.995811732730155,17,558.0,0.15932059138285848,12,297.0,0.27532976074723226,29,855.0
765.0,24,181.0,2.6231884057971016,3.624062960168285,13,453.0,0.14833273265848088,11,285.0,0.17366038314457924,24,738.0
770.0,32,231.0,3.3,4.332092997966207,16,413.0,0.17520060701571166,16,277.0,0.21607618880701984,32,690.0
775.0,38,331.0,4.728571428571429,3.933714841425639,18,430.0,0.18159958252782518,20,306.0,0.18188236751472273,38,736.0
780.0,23,355.0,5.0,4.849933079678587,11,388.0,0.1933256801608654,12,287.0,0.21665433938255557,23,675.0
785.0,20,313.0,4.347222222222222,5.830352254159235,13,368.0,0.24167729491598597,7,259.0,0.35475913335255166,20,627.0
790.0,27,329.0,4.768115942028985,5.518128014544667,14,363.0,0.2298262312890576,13,282.0,0.35870832977028944,27,645.0
795.0,31,421.0,6.2835820895522385,4.693950177977276,15,386.0,0.30704724587541044,16,318.0,0.2612309589974841,31,704.0
800.0,25,462.0,7.0,4.759885738430678,12,348.0,0.2941753344883241,13,306.0,0.20204991007219167,25,654.0
805.0,26,422.0,5.943661971830986,4.245139501967157,14,350.0,0.19175189443760185,12,297.0,0.183748081127013,26,647.0
810.0,35,550.0,7.2368421052631575,5.314892265033865,17,370.0,0.25685384427133817,18,353.0,0.24898613143273865,35,723.0
815.0,31,436.0,6.228571428571429,5.370634696955322,15,392.0,0.25252470799764615,16,319.0,0.3539179963125331,31,711.0
820.0,29,528.0,7.542857142857143,5.514167774759088,16,408.0,0.27669123336418877,13,279.0,0.37046053664330714,29,687.0
825.0,35,548.0,8.17910447761194,3.870328365335063,17,432.0,0.24037854902219116,18,297.0,0.22211086190396837,35,729.0
830.0,27,527.0,7.5285714285714285,4.544437940522604,12,427.0,0.25331716364228735,15,277.0,0.20182089122185543,27,704.0
835.0,24,556.0,8.057971014492754,4.577450853366189,12,434.0,0.1860436944600357,12,297.0,0.19038993476288152,24,731.0
840.0,34,691.0,9.871428571428572,4.621077338877183,16,492.0,0.20904771197330782,18,355.0,0.1693266856469358,34,847.0
845.0,33,445.0,6.544117647058823,4.369871179737721,15,419.0,0.24721952106253486,18,372.0,0.1913094897792114,33,791.0
850.0,27,334.0,5.138461538461539,5.175704049284243,9,249.0,0.3210417827570517,18,366.0,0.23101976377934766,27,615.0
855.0,30,339.0,5.296875,4.1201975558441255,13,244.0,0.19409571083778757,17,386.0,0.23849724742456935,30,630.0
860.0,17,207.0,3.0441176470588234,5.336700002824821,6,208.0,0.32025752770998556,11,356.0,0.21508966136654936,17,564.0
865.0,19,288.0,4.721311475409836,6.8782030052665215,7,180.0,0.4588221525697803,12,322.0,0.2630464146899025,19,502.0
870.0,22,342.0,5.60655737704918,5.619578967527041,9,199.0,0.27949050230069755,13,345.0,0.1877816847339984,22,544.0
875.0,30,450.0,7.758620689655173,4.263682643021858,15,266.0,0.178002019191564,15,374.0,0.17945122129276606,30,640.0
880.0,30,466.0,8.472727272727273,3.53381227158525,15,260.0,0.18355971136900068,15,400.0,0.2422777541383788,30,660.0
885.0,29,582.0,10.581818181818182,4.495786010691063,13,220.0,0.2988672313894771,16,464.0,0.2969586015664522,29,684.0
890.0,28,587.0,10.120689655172415,4.517234548893163,12,237.0,0.31170486394660596,16,497.0,0.2769832328869168,28,734.0
895.0,19,518.0,8.779661016949152,5.13521485366661,7,206.0,0.25260824901766454,12,472.0,0.2876723987948975,19,678.0
900.0,21,317.0,5.283333333333333,4.824131097592126,9,225.0,0.23091373466865106,12,353.0,0.17293204611958343,21,578.0
905.0,25,321.0,5.015625,5.297550002882593,11,271.0,0.3024337632253496,14,211.0,0.23980900421088758,25,482.0
910.0,26,205.0,3.360655737704918,4.874062434459321,11,229.0,0.3124712808611823,15,236.0,0.2903819526398822,26,465.0
915.0,26,278.0,4.711864406779661,5.218442312815108,11,206.0,0.3537232664823614,15,269.0,0.3325342205188078,26,475.0
920.0,27,269.0,4.483333333333333,5.09247808897745,11,170.0,0.30623040104195726,16,280.0,0.347429511364189,27,450.0
925.0,17,183.0,3.1551724137931036,4.722658847554716,6,120.0,0.3109753409644932,11,233.0,0.21261719451848338,17,353.0
930.0,22,226.0,3.830508474576271,4.402499836506425,8,138.0,0.2084611920088635,14,266.0,0.16480103173869226,22,404.0
935.0,28,315.0,5.338983050847458,4.239826926596619,11,166.0,0.20141704377194167,17,324.0,0.17223004470783515,28,490.0
940.0,28,392.0,6.758620689655173,4.330487498558121,9,180.0,0.31444335217784963,19,369.0,0.20677361416453474,28,549.0
945.0,21,418.0,7.333333333333333,5.04856313018704,8,156.0,0.37230324141840854,13,375.0,0.2299133279495767,21,531.0
950.0,23,361.0,5.918032786885246,5.060558513535952,11,152.0,0.25352386616510003,12,348.0,0.24748531946634209,23,500.0
955.0,29,410.0,6.507936507936508,5.360430574700552,12,164.0,0.3076969558044507,17,372.0,0.23695735964590056,29,536.0
960.0,28,378.0,6.631578947368421,4.207465421645981,12,221.0,0.3219799877775815,16,355.0,0.18021281611405493,28,576.0
965.0,28,383.0,7.092592592592593,4.243013081739347,13,285.0,0.3023363763488952,15,292.0,0.21307798093750152,28,577.0
970.0,29,380.0,6.909090909090909,3.2870602807616236,13,303.0,0.2676172960887152,16,309.0,0.10328240321777099,29,612.0
975.0,20,349.0,5.816666666666666,5.271879096825907,11,292.0,0.26534292357424705,9,273.0,0.2226567695034546,20,565.0
980.0,18,248.0,4.065573770491803,5.587811367127632,10,265.0,0.2423284880235089,8,261.0,0.24593535954422505,18,526.0
985.0,25,206.0,3.3225806451612905,5.980572365280043,11,240.0,0.3179631295357935,14,266.0,0.24569540608376075,25,506.0
990.0,21,260.0,4.642857142857143,4.466643161375587,9,265.0,0.3184231305788495,12,293.0,0.2500542017465703,21,558.0
995.0,21,297.0,5.120689655172414,5.7348743933872655,11,274.0,0.3023314573020744,10,262.0,0.3522752756920113,21,536.0
1000.0,20,246.0,4.169491525423729,5.564196848093463,10,205.0,0.3164532441996616,10,259.0,0.26260758544260365,20,464.0
1005.0,25,348.0,5.8,5.936695647469491,13,256.0,0.336822609105968,12,295.0,0.2458116146119368,25,551.0
1010.0,25,264.0,4.551724137931035,4.770738889754378,14,263.0,0.28079865906488377,11,228.0,0.2357684896285778,25,491.0
1015.0,28,331.0,5.610169491525424,5.222214068678799,17,310.0,0.3082373181252136,11,188.0,0.2722765424383605,28,498.0
1020.0,27,321.0,5.440677966101695,4.5139595712439124,16,354.0,0.27913126979419395,11,180.0,0.24653007275421018,27,534.0
1025.0,16,288.0,4.721311475409836,5.852204565253735,10,347.0,0.2538945754669188,6,141.0,0.333147368831373,16,488.0
1030.0,15,203.0,3.3833333333333333,5.615210305491243,10,299.0,0.21339822511525722,5,111.0,0.3153286921514656,15,410.0
1035.0,26,205.0,3.253968253968254,5.3101251719901095,15,223.0,0.16897651258890536,11,158.0,0.26790898046620754,26,381.0
1040.0,30,264.0,4.551724137931035,4.714375051804817,16,249.0,0.19453118981592044,14,223.0,0.33508628263618573,30,472.0
1045.0,25,332.0,5.824561403508772,4.626131707679794,14,276.0,0.20579737981832003,11,247.0,0.30818106823532704,25,523.0
1050.0,24,342.0,6.107142857142857,4.933394243197242,14,288.0,0.20426550086427644,10,229.0,0.37302670974141333,24,517.0
1055.0,20,309.0,5.327586206896552,5.88130914689618,8,241.0,0.2927379990562531,12,264.0,0.2917306575576266,20,505.0
1060.0,18,270.0,4.354838709677419,5.425960989798117,7,258.0,0.33678537362786115,11,258.0,0.12639473019561612,18,516.0
1065.0,26,365.0,5.887096774193548,6.124201631787589,13,288.0,0.3529983690747052,13,270.0,0.2574889420468396,26,558.0
1070.0,28,475.0,8.05084745762712,5.779264882345903,16,362.0,0.28798257555232115,12,303.0,0.3787973192974932,28,665.0
1075.0,34,627.0,10.45,3.9636835243389457,20,457.0,0.14579428369869513,14,363.0,0.3029169405229224,34,820.0
1080.0,33,656.0,11.11864406779661,2.752828287892852,20,492.0,0.09184657148172293,13,393.0,0.24993114568172758,33,885.0
1085.0,27,660.0,10.476190476190476,4.046824204139932,15,437.0,0.12162293424581874,12,388.0,0.262388908624598,27,825.0
1090.0,24,644.0,10.387096774193548,4.587805190796929,10,385.0,0.18966664657103624,14,444.0,0.16555695260348863,24,829.0
1095.0,30,618.0,9.80952380952381,4.801618552048517,12,320.0,0.19890851179174882,18,527.0,0.15083224181868504,30,847.0
1100.0,26,386.0,6.327868852459017,3.8707539333336247,12,355.0,0.16847634382673,14,447.0,0.19325777965497473,26,802.0
1105.0,26,286.0,4.8474576271186445,4.601679794413058,17,377.0,0.2043515086344204,9,241.0,0.3272923279893521,26,618.0
1110.0,26,302.0,5.11864406779661,4.40947686362568,17,419.0,0.25715666094784567,9,230.0,0.3113463543746632,26,649.0
1115.0,30,393.0,6.238095238095238,4.554241156488074,17,430.0,0.2453006440445831,13,232.0,0.24857960622684835,30,662.0
1120.0,25,309.0,4.983870967741935,4.289766267869009,14,420.0,0.2375438160707372,11,227.0,0.28539542636609366,25,647.0
1125.0,18,162.0,2.7,5.0085718925368985,12,354.0,0.22021998967962714,6,186.0,0.31127252302312924,18,540.0
1130.0,18,232.0,3.9322033898305087,5.972610440257468,10,286.0,0.2697890681916961,8,202.0,0.27383800953427245,18,488.0
1135.0,23,312.0,5.2,5.990737702337375,14,284.0,0.25045194543804433,9,239.0,0.16267995123270357,23,523.0
1140.0,25,381.0,7.326923076923077,4.760006716654649,16,276.0,0.2013030232106828,9,287.0,0.22687710620394821,25,563.0
1145.0,24,322.0,6.44,3.7762608846191528,16,324.0,0.15477841172962184,8,218.0,0.31548494361408413,24,542.0
1150.0,21,276.0,5.2075471698113205,4.3751395298836595,17,380.0,0.17389115478068945,4,151.0,0.466380784551933,21,531.0
1155.0,26,335.0,5.775862068965517,4.462757652863708,21,446.0,0.2071619646756037,5,126.0,0.46550284784618867,26,572.0
1160.0,26,432.0,6.857142857142857,5.386552365344868,18,498.0,0.299239669281476,8,158.0,0.43750392272951966,26,656.0
1165.0,29,403.0,6.2,4.473220378964482,20,514.0,0.18832810437402306,9,157.0,0.45416389962057757,29,671.0
1170.0,22,304.0,4.676923076923077,5.135450510964922,15,461.0,0.20407571601363017,7,166.0,0.4418036060097743,22,627.0
1175.0,20,183.0,2.8153846153846156,4.761917199182932,10,407.0,0.24441508917978327,10,156.0,0.2972091746906545,20,563.0
1180.0,33,269.0,3.9558823529411766,4.2437076667761815,16,413.0,0.19515145240417162,17,136.0,0.19719540719172302,33,549.0
1185.0,37,355.0,5.634920634920635,3.7272001846033134,21,469.0,0.17158837108512734,16,191.0,0.24448942146953237,37,660.0
1190.0,34,478.0,7.587301587301587,3.912775423268797,21,517.0,0.16335736883159316,13,226.0,0.3023914599874228,34,743.0
1195.0,36,510.0,7.96875,3.2628460816801947,22,530.0,0.1817726044336051,14,255.0,0.21572807156544907,36,785.0
1200.0,28,419.0,6.348484848484849,4.0095504989666395,16,458.0,0.1697443052994919,12,239.0,0.23954709072693636,28,697.0
1205.0,21,453.0,6.969230769230769,6.132647939626462,9,427.0,0.31135906055709667,12,252.0,0.2863899486829103,21,679.0
1210.0,20,437.0,6.426470588235294,5.830483815467507,8,360.0,0.2546182685529795,12,278.0,0.22409949319279374,20,638.0
1215.0,25,427.0,6.569230769230769,5.288779311165839,12,353.0,0.20372136907904645,13,317.0,0.26308795240225075,25,670.0
1220.0,26,501.0,7.828125,5.179610716423992,15,376.0,0.23659766319514267,11,355.0,0.3668531472415487,26,731.0
1225.0,21,547.0,8.967213114754099,5.507911239011952,11,355.0,0.26895837048585985,10,387.0,0.3314330269951867,21,742.0
1230.0,18,395.0,6.583333333333333,5.135967205907068,8,295.0,0.2725996341645163,10,336.0,0.2575386252180927,18,631.0
1235.0,23,450.0,7.5,5.14024657180064,13,291.0,0.2016404483094327,10,336.0,0.23864227149085132,23,627.0
1240.0,30,407.0,6.783333333333333,4.471651705087613,19,307.0,0.18755348168649852,11,318.0,0.2280342916100084,30,625.0
1245.0,26,291.0,5.017241379310345,4.18228117309479,17,358.0,0.21910214111129953,9,236.0,0.2567273351035737,26,594.0
1250.0,26,317.0,5.4655172413793105,4.2899071470852705,18,378.0,0.21566209379168128,8,252.0,0.3628403114219121,26,630.0
1255.0,31,453.0,7.55,4.513254456153437,22,478.0,0.1823146941652102,9,267.0,0.39761121322098963,31,745.0
1260.0,32,419.0,6.983333333333333,3.8882278545942204,22,499.0,0.19366531628336864,10,258.0,0.27549875785263117,32,757.0
1265.0,26,282.0,4.7,4.55677998912233,15,428.0,0.15440128959597357,11,264.0,0.2364864458257161,26,692.0
1270.0,24,293.0,4.4393939393939394,5.358922066079955,10,352.0,0.24433669276484055,14,320.0,0.1399949459448528,24,672.0
1275.0,19,302.0,4.3768115942028984,6.728273590607665,8,264.0,0.3772175611109632,11,360.0,0.21070693726153145,19,624.0
1280.0,16,300.0,4.6875,7.035590219203007,7,236.0,0.38421473375284676,9,384.0,0.39784670449668835,16,620.0
1285.0,21,298.0,5.0508474576271185,5.961427148177849,14,262.0,0.3328350561960064,7,331.0,0.3906263797123756,21,593.0
1290.0,25,276.0,4.677966101694915,4.910211078415463,20,342.0,0.13419080093630548,5,231.0,0.46756841440358854,25,573.0
1295.0,23,261.0,4.278688524590164,4.794467614994444,22,417.0,0.15212837445465183,1,181.0,0.48430590122109995,23,598.0
1300.0,26,359.0,5.698412698412699,5.446590634100202,20,484.0,0.22768791179940986,6,140.0,0.4762689881579711,26,624.0
1305.0,28,374.0,5.753846153846154,4.683567632440454,20,488.0,0.2590807531358083,8,158.0,0.3174653296920409,28,646.0
1310.0,22,258.0,3.9692307692307693,5.301120455691336,14,409.0,0.22605703631924778,8,184.0,0.3206064370097524,22,593.0
1315.0,22,292.0,4.492307692307692,6.001651513314465,12,356.0,0.25049370346207306,10,230.0,0.35015148485237585,22,586.0
1320.0,19,229.0,3.318840579710145,6.133629058813751,10,302.0,0.23407440354632775,9,255.0,0.3317967467262361,19,557.0
1325.0,26,332.0,5.107692307692307,5.183693865223934,16,328.0,0.19263933790984483,10,306.0,0.3556528751394981,26,634.0
1330.0,27,361.0,5.82258064516129,4.956650930392637,18,361.0,0.2459157659805944,9,272.0,0.3777284114847554,27,633.0
1335.0,24,333.0,5.370967741935484,5.1863278786726665,15,334.0,0.25716484699583964,9,200.0,0.375804154293355,24,534.0
1340.0,23,275.0,4.435483870967742,4.6420830263917825,14,335.0,0.2821882707878652,9,189.0,0.15912849185459083,23,524.0
1345.0,32,333.0,5.285714285714286,4.651638145119257,18,338.0,0.24188261332722752,14,240.0,0.12070860992841997,32,578.0
1350.0,29,369.0,5.857142857142857,4.261351895065102,19,376.0,0.1880318199176663,10,255.0,0.25923196447909086,29,631.0
1355.0,21,381.0,6.145161290322581,5.822297426371944,14,389.0,0.21008078644275766,7,228.0,0.4463438858858747,21,617.0
1360.0,19,360.0,6.101694915254237,5.419238490080962,13,410.0,0.18771391011991592,6,228.0,0.4090826046947956,19,638.0
1365.0,29,455.0,7.711864406779661,4.380869635755646,19,466.0,0.09585601138854949,10,219.0,0.2949190475785927,29,685.0
1370.0,37,605.0,10.083333333333334,3.5983274173387456,23,526.0,0.19001027416878358,14,279.0,0.13612785459601776,37,805.0
1375.0,32,709.0,11.816666666666666,4.4793444163696305,20,591.0,0.2437572738718555,12,335.0,0.27212804279547415,32,926.0
1380.0,33,702.0,11.898305084745763,4.38348149292324,20,575.0,0.2414796552874689,13,381.0,0.3261925069194855,33,956.0
1385.0,28,525.0,8.076923076923077,4.583534888159171,17,548.0,0.2676257023019064,11,380.0,0.319767692584021,28,928.0
1390.0,24,425.0,6.343283582089552,4.924478348096441,18,552.0,0.19390802447639008,6,319.0,0.4661014564509834,24,871.0
1395.0,20,295.0,4.402985074626866,5.8796879509225635,13,472.0,0.2662117404702654,7,309.0,0.4543855741667439,20,781.0
1400.0,23,358.0,5.424242424242424,5.8896773602156305,12,417.0,0.30390669252549085,11,347.0,0.17523574285995203,23,764.0
1405.0,24,290.0,4.754098360655738,5.473105490206935,11,338.0,0.32111436047685016,13,257.0,0.04553753855189628,24,595.0
1410.0,26,315.0,5.526315789473684,5.059456515933508,14,259.0,0.22864214766293595,12,157.0,0.19013258835221725,26,416.0
1415.0,20,261.0,5.019230769230769,4.588561995432139,12,271.0,0.2686225568240679,8,165.0,0.3393207050723882,20,436.0
1420.0,20,289.0,5.351851851851852,5.7476012722569765,15,301.0,0.2547874946075317,5,142.0,0.506055214979228,20,443.0
1425.0,23,211.0,3.5762711864406778,5.055444396418951,17,310.0,0.23165569251833593,6,132.0,0.45261727708633814,23,442.0
1430.0,24,269.0,4.483333333333333,5.490442606683752,14,316.0,0.27937587156624316,10,146.0,0.36530984293968366,24,462.0
1435.0,25,324.0,5.311475409836065,5.052231894480064,13,318.0,0.2480864164111711,12,190.0,0.35856647556219007,25,508.0
1440.0,29,407.0,6.564516129032258,4.305513157743956,14,311.0,0.1475823264027497,15,261.0,0.29660322451560844,29,572.0
1445.0,31,316.0,5.180327868852459,3.6172261031413786,16,307.0,0.1271578422250735,15,278.0,0.28670522354945216,31,585.0
1450.0,18,193.0,2.9692307692307693,5.092555700129751,10,247.0,0.21667801044285903,8,249.0,0.30617718930376264,18,496.0
1455.0,18,280.0,4.3076923076923075,6.641169125208302,10,236.0,0.29924693229831734,8,228.0,0.33527476089476543,18,464.0
1460.0,19,305.0,4.552238805970149,6.053352768915434,9,222.0,0.14720159385150886,10,255.0,0.2843738082418174,19,477.0
1465.0,25,330.0,5.15625,6.249168750840214,8,207.0,0.26004164549973746,17,320.0,0.2867158770385513,25,527.0
1470.0,23,397.0,6.964912280701754,5.063090910309799,8,225.0,0.27360758952271685,15,363.0,0.29987784761970604,23,588.0
1475.0,23,453.0,8.236363636363636,5.087600488099919,10,271.0,0.30631701548750323,13,358.0,0.22407212626473808,23,629.0
1480.0,17,416.0,7.849056603773585,5.519733578623035,9,272.0,0.35788740981809863,8,351.0,0.2928327477292475,17,623.0
1485.0,21,378.0,6.517241379310345,5.635780073157728,9,232.0,0.3663136223838585,12,337.0,0.24436982186935374,21,569.0
1490.0,21,298.0,5.418181818181818,5.379649787141369,8,224.0,0.39441493388624504,13,310.0,0.2926225937186314,21,534.0
1495.0,21,239.0,4.267857142857143,5.788126944913595,9,187.0,0.4260406785003677,12,217.0,0.2796920077896698,21,404.0
1500.0,27,276.0,4.677966101694915,4.25177677320697,14,207.0,0.3195421671941494,13,246.0,0.2374564527198102,27,453.0
1505.0,24,313.0,4.815384615384615,5.2618817274210326,13,241.0,0.28976379513998196,11,234.0,0.3305729264821379,24,475.0
1510.0,25,349.0,5.369230769230769,5.443860046291931,15,277.0,0.27582992475311074,10,234.0,0.38303150591663826,25,511.0
1515.0,26,440.0,6.666666666666667,5.280219162726072,13,307.0,0.29106368789636755,13,261.0,0.2579191448935916,26,568.0
1520.0,30,538.0,8.67741935483871,4.116285999118169,14,348.0,0.3103137562073051,16,313.0,0.09300728191728923,30,661.0
1525.0,28,637.0,10.442622950819672,4.804028039320624,16,395.0,0.25405287608174604,12,348.0,0.1988462132794406,28,743.0
1530.0,29,614.0,10.233333333333333,4.124608104306502,18,407.0,0.18331516535312206,11,307.0,0.23772545695160976,29,714.0
1535.0,32,717.0,11.754098360655737,4.629680735160433,19,436.0,0.21947526839738507,13,330.0,0.23289078642751965,32,766.0
1540.0,29,644.0,10.0625,4.142656639159659,18,517.0,0.2609501554896891,11,281.0,0.21457374324857523,29,798.0
1545.0,33,699.0,10.279411764705882,5.231851030667555,21,603.0,0.2913174883017813,12,152.0,0.35597937934165974,33,755.0
1550.0,31,675.0,9.926470588235293,4.731148645520051,21,646.0,0.23266936594062054,10,159.0,0.3724495452147212,31,805.0
1555.0,19,591.0,8.82089552238806,5.296644613559655,14,624.0,0.2186239960779156,5,117.0,0.32147530877445846,19,741.0
1560.0,24,357.0,5.409090909090909,4.881872954306678,16,478.0,0.2634270115232864,8,141.0,0.16673753086930138,24,619.0
1565.0,32,280.0,4.117647058823529,4.718684347824554,16,326.0,0.2594668047670626,16,202.0,0.17946255072988362,32,528.0
1570.0,30,379.0,5.656716417910448,4.298834819375854,18,371.0,0.19678315299082624,12,243.0,0.3434276738787336,30,614.0
1575.0,25,426.0,6.358208955223881,4.796964203314489,16,374.0,0.15359147939696463,9,245.0,0.35893187800775944,25,619.0
1580.0,26,361.0,5.231884057971015,4.6329860160581235,19,433.0,0.15692166788529063,7,206.0,0.3134264832709496,26,639.0
1585.0,36,442.0,6.405797101449275,5.0643840962433195,23,499.0,0.17572103463007566,13,159.0,0.3318677452691308,36,658.0
1590.0,36,482.0,7.303030303030303,4.244036153557626,22,511.0,0.202406715444238,14,208.0,0.28846671229173165,36,719.0
1595.0,37,565.0,8.56060606060606,3.781896672060562,22,548.0,0.1520211880951866,15,280.0,0.22368145132580772,37,828.0
1600.0,38,607.0,9.059701492537313,3.078909448666599,24,596.0,0.10096055920179763,14,308.0,0.21619799463315828,38,904.0
1605.0,28,573.0,8.304347826086957,4.846438159815255,18,589.0,0.2052863926531692,10,281.0,0.2290224471293704,28,870.0
1610.0,26,500.0,7.142857142857143,4.6157057252439095,18,641.0,0.2184169071382443,8,210.0,0.19795320676422695,26,851.0
1615.0,34,603.0,8.26027397260274,5.19485747888082,23,696.0,0.26134790033462385,11,156.0,0.30732621838398577,34,852.0
1620.0,31,499.0,7.231884057971015,5.369292054017808,22,656.0,0.2800785000554141,9,162.0,0.4060241409868741,31,818.0
1625.0,28,386.0,5.848484848484849,4.538263526867204,15,519.0,0.21623079969368653,13,179.0,0.3404983843585028,28,698.0
1630.0,33,399.0,5.955223880597015,3.4671692701532946,20,542.0,0.11682173806517276,13,177.0,0.29043613301369114,33,719.0
1635.0,28,346.0,5.164179104477612,4.473017967331498,19,534.0,0.13176242895721152,9,134.0,0.29375313756512084,28,668.0
1640.0,23,308.0,4.463768115942029,4.89845332300781,16,533.0,0.16165945292616743,7,146.0,0.2895202489970564,23,679.0
1645.0,32,320.0,4.383561643835616,4.804405045979229,18,486.0,0.19299244538135046,14,205.0,0.2074101679971692,32,691.0
1650.0,37,373.0,5.485294117647059,4.39201481463539,21,540.0,0.17592981757322468,16,242.0,0.33845332471250306,37,782.0
1655.0,37,548.0,7.71830985915493,4.331260195094294,20,619.0,0.2033013574866968,17,305.0,0.2753777855980134,37,924.0
1660.0,39,600.0,8.219178082191782,3.8696641994100207,21,649.0,0.2439333406767035,18,333.0,0.20364733650467567,39,982.0
1665.0,28,523.0,7.164383561643835,5.019607784882484,15,618.0,0.32551916553199306,13,328.0,0.20814836236276266,28,946.0
1670.0,27,474.0,6.676056338028169,4.764820093641417,17,648.0,0.2468093645915189,10,268.0,0.19803466378088364,27,916.0
1675.0,37,583.0,7.878378378378378,4.319454770730275,24,753.0,0.16194611200766115,13,205.0,0.22682688780766075,37,958.0
1680.0,42,598.0,7.868421052631579,3.828308503192792,25,686.0,0.21364977903716525,17,268.0,0.25597724435371955,42,954.0
1685.0,31,398.0,5.4520547945205475,4.606025067244715,16,570.0,0.2917059741345534,15,318.0,0.3549481802264185,31,888.0
1690.0,30,389.0,5.1866666666666665,4.57770131394524,11,446.0,0.31520769590178876,19,376.0,0.3101761584214344,30,822.0
1695.0,37,485.0,6.0625,4.074940152884016,15,425.0,0.29901629983148603,22,471.0,0.19152211956661908,37,896.0
1700.0,46,505.0,6.0843373493975905,3.902160274883156,23,443.0,0.2646953234182098,23,497.0,0.22018187472226394,46,940.0
1705.0,32,396.0,4.829268292682927,4.356084912979737,18,485.0,0.22879421630242006,14,434.0,0.21906278760871412,32,919.0
1710.0,30,461.0,5.7625,5.028450047365471,21,560.0,0.21876989046607906,9,376.0,0.28127400507358236,30,936.0
1715.0,34,566.0,7.075,5.087740403895397,22,609.0,0.11166029121434291,12,323.0,0.3555067451789839,34,932.0
1720.0,34,596.0,7.544303797468355,5.041897488629327,22,676.0,0.17721352311388083,12,308.0,0.2759181710059545,34,984.0
1725.0,35,562.0,7.493333333333333,4.760574660772152,22,635.0,0.16998428017309247,13,298.0,0.3018103118735029,35,933.0
1730.0,32,526.0,7.205479452054795,5.2812720124592225,16,509.0,0.22178691749241708,16,339.0,0.347901002648123,32,848.0
1735.0,35,509.0,6.972602739726027,4.419313553426278,18,564.0,0.21443888297287772,17,319.0,0.2826129805704845,35,883.0
1740.0,38,613.0,8.397260273972602,4.327117682150688,22,640.0,0.24199963798985463,16,293.0,0.2809379211048462,38,933.0
1745.0,38,717.0,9.68918918918919,3.530693356459831,20,627.0,0.24685710266776362,18,346.0,0.18912078801136473,38,973.0
1750.0,43,879.0,11.415584415584416,4.030125966809586,20,634.0,0.32258107881536857,23,432.0,0.18069337861000126,43,1066.0
1755.0,43,807.0,10.215189873417721,3.1977164364808046,20,644.0,0.2180655842029234,23,451.0,0.21162273166292195,43,1095.0
1760.0,36,587.0,7.246913580246914,3.9331703312729216,19,598.0,0.20414280836300236,17,375.0,0.21098476062494478,36,973.0
1765.0,27,658.0,8.225,5.2521931432570454,17,614.0,0.22394955889879245,10,295.0,0.32341133615136475,27,909.0
1770.0,26,525.0,6.5625,4.606654081354068,19,622.0,0.12466156276164309,7,274.0,0.31359497454259355,26,896.0
1775.0,36,407.0,5.426666666666667,4.551473195144501,23,578.0,0.156008350829144,13,272.0,0.2935842803217109,36,850.0
1780.0,34,488.0,6.684931506849315,3.8482086169615894,21,639.0,0.20227346700355373,13,292.0,0.224037501249603,34,931.0
1785.0,29,519.0,7.309859154929577,3.8423769734773936,18,666.0,0.18209390898850128,11,265.0,0.20199150520365855,29,931.0
1790.0,28,416.0,5.859154929577465,4.1875739753199674,17,652.0,0.17203166797517963,11,228.0,0.26051530917000915,28,880.0
1795.0,33,444.0,6.166666666666667,4.892058975293953,19,614.0,0.15657444540941506,14,213.0,0.28097405276919946,33,827.0
1800.0,36,540.0,8.059701492537313,4.568087834706375,19,623.0,0.16196975420025186,17,276.0,0.35343992040968636,36,899.0
1805.0,36,626.0,9.484848484848484,3.6280931801437792,18,572.0,0.14494216007800168,18,322.0,0.24485470776596277,36,894.0
1810.0,39,665.0,9.779411764705882,3.092242910336956,20,604.0,0.19905794480584246,19,343.0,0.1782291296933647,39,947.0
1815.0,26,582.0,8.434782608695652,4.567957614385025,11,568.0,0.3473323912556768,15,315.0,0.15625539879677428,26,883.0
1820.0,25,570.0,8.142857142857142,4.625338627813522,12,578.0,0.26164662867106975,13,288.0,0.23629653510085566,25,866.0
1825.0,32,607.0,8.430555555555555,4.851413319769565,18,612.0,0.22223873946055023,14,245.0,0.28290222433732415,32,857.0
1830.0,34,425.0,5.985915492957746,4.18880159753556,20,548.0,0.21903810105873744,14,271.0,0.2558053128452895,34,819.0
1835.0,39,470.0,6.527777777777778,3.9780451482487575,20,438.0,0.20067155894374494,19,343.0,0.22952045470031077,39,781.0
1840.0,39,516.0,7.068493150684931,3.9465625476661432,20,463.0,0.21783411205792538,19,370.0,0.2329939506188305,39,833.0
1845.0,25,407.0,5.575342465753424,4.4866767596690655,13,423.0,0.2603545579818308,12,335.0,0.1628684966514728,25,758.0
1850.0,24,289.0,4.013888888888889,4.249451903563288,14,367.0,0.2252961971958678,10,301.0,0.17784093201214743,24,668.0
1855.0,27,312.0,4.105263157894737,4.645232945069974,17,400.0,0.22917918696093112,10,264.0,0.23756393741105516,27,664.0
1860.0,33,408.0,5.298701298701299,5.090865946611658,20,444.0,0.289165264058417,13,277.0,0.32469785654553196,33,721.0
1865.0,22,423.0,5.716216216216216,5.771376918722424,13,437.0,0.3169888642337939,9,258.0,0.37393095373986857,22,695.0
1870.0,23,492.0,6.929577464788732,5.147730560192784,14,482.0,0.2587760321698309,9,251.0,0.2477688992617605,23,733.0
1875.0,36,618.0,8.465753424657533,4.791364189907031,20,554.0,0.13923284841550615,16,285.0,0.28495251616191175,36,839.0
1880.0,39,625.0,9.057971014492754,3.7835432838089873,22,559.0,0.13479248564148733,17,339.0,0.2901656615456772,39,898.0
1885.0,37,641.0,9.712121212121213,3.5526070695736336,19,562.0,0.19867083119030188,18,408.0,0.2566833531058112,37,970.0
1890.0,41,685.0,9.785714285714286,2.8797578653953875,20,591.0,0.18525101760671414,21,449.0,0.18664817922814142,41,1040.0
1895.0,28,625.0,8.928571428571429,4.407242466880832,14,571.0,0.22366750897137386,14,438.0,0.24647842391091754,28,1009.0
1900.0,27,598.0,8.422535211267606,4.600819000285273,12,493.0,0.21961455173945316,15,476.0,0.25156035673693283,27,969.0
1905.0,35,627.0,8.25,4.2504884241242875,15,425.0,0.19923557450342905,20,570.0,0.20684493721792727,35,995.0
1910.0,43,560.0,7.777777777777778,3.9634300802337794,19,454.0,0.19783401528614747,24,508.0,0.2518817467226877,43,962.0
1915.0,38,599.0,8.319444444444445,4.007059385590376,18,479.0,0.2018964738510922,20,443.0,0.3088490372829597,38,922.0
1920.0,30,519.0,6.828947368421052,3.965449919091634,9,442.0,0.3098802520100087,21,458.0,0.18587421269389776,30,900.0
1925.0,37,487.0,6.012345679012346,4.517147785852949,10,403.0,0.3094663758446753,27,483.0,0.19970571413349877,37,886.0
1930.0,37,535.0,6.6875,4.142363547104378,12,388.0,0.30758146847750295,25,533.0,0.15227461995022457,37,921.0
1935.0,39,455.0,5.617283950617284,3.9217968331966273,17,413.0,0.16989400195218396,22,510.0,0.18705573016599672,39,923.0
1940.0,31,497.0,6.716216216216216,4.267907685957153,13,410.0,0.17180179305527593,18,492.0,0.22088457981816367,31,902.0
1945.0,25,370.0,4.6835443037974684,4.577877129345589,8,323.0,0.2013423499122533,17,478.0,0.22084413497909933,25,801.0
1950.0,32,337.0,4.376623376623376,4.794493022460078,11,186.0,0.31136677950122216,21,459.0,0.20354408702807575,32,645.0
1955.0,35,438.0,5.918918918918919,4.7475255957663505,13,213.0,0.34441678328276126,22,500.0,0.2672342203523037,35,713.0
1960.0,25,457.0,6.436619718309859,4.363851368786851,8,199.0,0.2017631028907544,17,504.0,0.23581525005530451,25,703.0
1965.0,28,522.0,7.25,4.001516687805469,9,184.0,0.24026374944388806,19,560.0,0.1519842276165213,28,744.0
1970.0,34,634.0,8.929577464788732,4.35379694849982,11,217.0,0.3201207182711716,23,629.0,0.13624825191188084,34,846.0
1975.0,39,577.0,8.36231884057971,3.414199662488797,15,255.0,0.32704198162311154,24,642.0,0.12061333205076284,39,897.0
1980.0,40,692.0,10.028985507246377,4.021034936948793,18,328.0,0.25853687960561794,22,605.0,0.2142661881002035,40,933.0
1985.0,38,738.0,10.10958904109589,3.5860154551850543,17,361.0,0.18770789237636532,21,640.0,0.1789049485792731,38,1001.0
1990.0,26,619.0,8.71830985915493,4.520169397298067,11,330.0,0.21371946202481934,15,611.0,0.16919456656897247,26,941.0
1995.0,23,680.0,9.714285714285714,5.664016908492974,8,289.0,0.2340216750975093,15,612.0,0.24868374491576184,23,901.0
2000.0,22,456.0,6.608695652173913,5.422256648789981,8,180.0,0.26384567720995833,14,522.0,0.15936510884072844,22,702.0
2005.0,28,333.0,5.045454545454546,4.894408757083781,13,238.0,0.22310019139451276,15,448.0,0.2105846322069673,28,686.0
2010.0,30,414.0,6.088235294117647,4.409336479037011,15,269.0,0.2776633943047174,15,494.0,0.22086245984113037,30,763.0
2015.0,21,434.0,6.888888888888889,5.8594848517802225,7,248.0,0.3818320231661763,14,508.0,0.29015245926054295,21,756.0
2020.0,16,250.0,4.237288135593221,5.25302084246239,6,188.0,0.2828564971463769,10,461.0,0.26772825195769473,16,649.0
2025.0,25,251.0,4.048387096774194,4.676208639598741,12,168.0,0.17472214550814064,13,407.0,0.2616570807503901,25,575.0
2030.0,30,247.0,3.9206349206349205,4.510419919210162,16,204.0,0.2428537547510626,14,400.0,0.22971679290554714,30,604.0
2035.0,23,304.0,5.066666666666666,5.655211810623906,9,202.0,0.37357485145589775,14,381.0,0.25100290610041237,23,583.0
2040.0,20,348.0,5.612903225806452,6.083912205957705,8,211.0,0.38199224399815007,12,411.0,0.27020769895546715,20,622.0
2045.0,16,293.0,5.051724137931035,5.984665645915406,7,170.0,0.25649887671832033,9,403.0,0.29556125322486754,16,573.0
2050.0,21,299.0,5.155172413793103,5.732875301628346,9,159.0,0.18724565495597723,12,446.0,0.25912513494659345,21,605.0
2055.0,23,379.0,6.890909090909091,5.839392807348229,9,193.0,0.2577384593231452,14,499.0,0.2992000636896514,23,692.0
2060.0,22,451.0,9.02,4.8841889602683555,8,220.0,0.3616605006711,14,540.0,0.20785223961824925,22,760.0
2065.0,20,531.0,11.543478260869565,5.017499680613095,7,230.0,0.3065161223113888,13,576.0,0.19622618861712668,20,806.0
2070.0,25,514.0,10.708333333333334,4.281944092641093,11,232.0,0.16726756385769162,14,519.0,0.2049185402466854,25,751.0
2075.0,22,372.0,7.914893617021277,4.713900492858843,9,204.0,0.2621024844498908,13,362.0,0.2578541829383062,22,566.0
2080.0,22,465.0,10.568181818181818,5.212055903545486,7,180.0,0.4812519335870854,15,346.0,0.26154542483035675,22,526.0
2085.0,18,431.0,8.795918367346939,4.985710651779044,4,173.0,0.46010351894768153,14,363.0,0.2371974930400761,18,536.0
2090.0,21,488.0,9.20754716981132,5.900102717662962,7,176.0,0.4389668727284746,14,378.0,0.26404033524044446,21,554.0
2095.0,23,579.0,10.722222222222221,5.966621324253513,6,197.0,0.49183041050437226,17,455.0,0.19914417777251237,23,652.0
2100.0,30,710.0,12.678571428571429,4.9818993248128205,8,222.0,0.338630627004148,22,556.0,0.14835830855290122,30,778.0
2105.0,30,678.0,12.555555555555555,3.665794289889604,9,105.0,0.3242986968285666,21,661.0,0.08802646484860512,30,766.0
2110.0,29,544.0,10.264150943396226,4.194010196597451,10,107.0,0.37105287809433785,19,592.0,0.15335223689089547,29,699.0
2115.0,24,541.0,10.018518518518519,5.097178190928971,9,137.0,0.3308188707845842,15,483.0,0.2966770764388568,24,620.0
2120.0,28,487.0,8.39655172413793,4.5366624613604865,15,187.0,0.2395259140573591,13,463.0,0.2924457925501293,28,650.0
2125.0,20,233.0,4.017241379310345,4.84258062817763,12,203.0,0.22093761506848422,8,335.0,0.3153235691919615,20,538.0
2130.0,18,179.0,2.9344262295081966,6.201636240344066,7,147.0,0.3002484687011167,11,247.0,0.30060212085341415,18,394.0
2135.0,16,250.0,4.310344827586207,7.870070090406529,5,112.0,0.4763976700469376,11,235.0,0.29959051484496063,16,347.0
2140.0,13,244.0,4.4363636363636365,6.8776514804708775,4,69.0,0.3101186524878158,9,260.0,0.2578066522423616,13,329.0
2145.0,21,329.0,6.854166666666667,6.250016083454646,11,113.0,0.16922917024797374,10,302.0,0.31068396184248676,21,415.0
2150.0,17,283.0,6.431818181818182,5.623018787569903,8,140.0,0.23457697467292624,9,259.0,0.296453262102755,17,399.0
2155.0,12,273.0,6.204545454545454,6.417600498843698,5,138.0,0.3710706719869693,7,224.0,0.28773455955006194,12,362.0
2160.0,12,100.0,2.0833333333333335,6.389363908134638,4,77.0,0.46182814004426354,8,153.0,0.2406902492450221,12,230.0
2165.0,13,123.0,2.46,7.574444815499899,5,79.0,0.5474836156185128,8,116.0,0.36945103164394255,13,195.0
2170.0,10,148.0,2.96,7.62799270475749,4,86.0,0.5071598439682259,6,118.0,0.4505151333068063,10,204.0
2175.0,18,217.0,4.173076923076923,6.798791782556185,8,114.0,0.45178171657200694,10,144.0,0.3544605238480266,18,258.0
2180.0,17,261.0,5.22,6.097636386463973,8,144.0,0.2977981678811806,9,170.0,0.3811773665925374,17,314.0
2185.0,22,358.0,6.884615384615385,5.881208979236939,11,194.0,0.3262909772378343,11,208.0,0.3517313455271285,22,402.0
2190.0,22,312.0,6.117647058823529,4.6352283181779805,11,197.0,0.31954227766004273,11,225.0,0.2899541656835201,22,422.0
2195.0,21,371.0,7.0,4.94541676398983,9,195.0,0.40226172745226596,12,242.0,0.2621324795254249,21,437.0
2200.0,25,461.0,8.232142857142858,5.053889226418937,12,233.0,0.3498747908379688,13,288.0,0.3120439185243307,25,521.0
2205.0,26,443.0,7.637931034482759,4.85514064216697,13,220.0,0.26835197446248354,13,339.0,0.34832014740783285,26,559.0
2210.0,28,337.0,5.616666666666666,4.333514394871854,16,183.0,0.2538128283719319,12,277.0,0.29854781652785445,28,460.0
2215.0,25,295.0,4.916666666666667,5.160481551071257,14,203.0,0.2547527317675022,11,197.0,0.30119558633393323,25,400.0
2220.0,21,317.0,5.19672131147541,5.872039410692555,8,169.0,0.2335384610654549,13,237.0,0.2588115854700038,21,406.0
2225.0,17,239.0,3.9833333333333334,5.524810208890066,7,157.0,0.2155278741936381,10,203.0,0.038604784617341355,17,360.0
2230.0,28,255.0,4.322033898305085,5.608126962214907,13,172.0,0.23319931355794352,15,206.0,0.12171889790615582,28,378.0
2235.0,22,313.0,5.589285714285714,5.349876833289392,12,195.0,0.2821960070198234,10,241.0,0.3033688513210863,22,436.0
2240.0,18,350.0,6.481481481481482,6.960983955823319,9,179.0,0.3465838833110598,9,256.0,0.4364692827782776,18,435.0
2245.0,12,189.0,3.5660377358490565,6.242465526117426,7,152.0,0.27202021911988256,5,196.0,0.389109598515947,12,348.0
2250.0,16,226.0,3.9649122807017543,6.413841795316296,9,159.0,0.258025134810882,7,135.0,0.3708454621115677,16,294.0
2255.0,19,264.0,5.076923076923077,6.504875132547131,9,148.0,0.3634069894834369,10,179.0,0.46009960897837504,19,327.0
2260.0,20,352.0,6.901960784313726,6.786656097286903,8,145.0,0.4661411660832499,12,239.0,0.4017237411350327,20,384.0
2265.0,19,346.0,6.784313725490196,4.349660837157189,7,132.0,0.31410898157612943,12,282.0,0.2578780627729725,19,414.0
2270.0,19,370.0,6.851851851851852,5.220828553023034,9,107.0,0.28505455714251826,10,299.0,0.24939489883310628,19,406.0
2275.0,23,420.0,7.368421052631579,5.563764241103664,9,127.0,0.316672153079994,14,350.0,0.2206247112235513,23,477.0
2280.0,26,513.0,8.40983606557377,6.057614912750992,9,144.0,0.3529480670782238,17,419.0,0.24815084783507832,26,563.0
2285.0,22,400.0,7.142857142857143,5.426321845842764,8,103.0,0.35081164156297395,14,419.0,0.2693994465034885,22,522.0
2290.0,26,334.0,6.072727272727272,5.208794568152432,12,159.0,0.28121305301433897,14,343.0,0.29907583885653016,26,502.0
2295.0,23,307.0,5.482142857142857,4.1146923243077165,9,172.0,0.32004162334786335,14,363.0,0.22246051720863488,23,535.0
2300.0,19,289.0,5.0701754385964914,5.79915850346227,7,151.0,0.3616392244829648,12,332.0,0.2858041881068615,19,483.0
2305.0,19,308.0,5.220338983050848,5.131767992360484,8,150.0,0.23595946529146278,11,373.0,0.21306866604884311,19,523.0
2310.0,27,403.0,6.296875,5.820694248091234,11,153.0,0.304179421912767,16,436.0,0.19802589982826982,27,589.0
2315.0,26,398.0,6.317460317460317,5.94178259995173,7,170.0,0.49264656703546167,19,477.0,0.18971432624830645,26,647.0
2320.0,25,413.0,6.883333333333334,5.380697622215379,8,197.0,0.49596230045139883,17,471.0,0.2136050899415633,25,668.0
2325.0,26,396.0,6.387096774193548,4.435371898053739,9,199.0,0.4603633616998519,17,490.0,0.20054577881757926,26,689.0
2330.0,21,361.0,5.73015873015873,5.393046121981794,9,176.0,0.4384472143516731,12,457.0,0.2371265319674115,21,633.0
2335.0,22,305.0,4.765625,4.929268490349527,12,153.0,0.23087499016859997,10,451.0,0.3043977208575669,22,604.0
2340.0,29,385.0,5.579710144927536,4.941115889203218,16,145.0,0.19880543679324883,13,463.0,0.2996932613742673,29,608.0
2345.0,33,342.0,5.34375,4.0771721792637265,16,186.0,0.23520118267516688,17,422.0,0.26265265295140183,33,608.0
2350.0,31,350.0,5.46875,4.753624595847279,12,190.0,0.3503250403177055,19,340.0,0.2148594044000803,31,530.0
2355.0,30,359.0,5.202898550724638,3.5051161037150855,11,202.0,0.2429092039146911,19,372.0,0.14202873111555114,30,574.0
2360.0,26,330.0,4.852941176470588,5.440571782253634,13,192.0,0.32238827624380384,13,357.0,0.22407211178259026,26,549.0
2365.0,20,275.0,3.8732394366197185,5.54857745533715,12,219.0,0.2880316523242781,8,293.0,0.2661643213512566,20,512.0
2370.0,26,363.0,5.112676056338028,5.416514540317123,14,247.0,0.265216847564861,12,303.0,0.267450046419912,26,550.0
2375.0,25,318.0,4.3561643835616435,5.8394081261489115,14,238.0,0.346019013703246,11,291.0,0.37591145861061565,25,529.0
2380.0,26,424.0,5.888888888888889,6.028768126834759,13,240.0,0.3543320903689365,13,326.0,0.363534997080653,26,566.0
2385.0,29,443.0,6.611940298507463,4.24202937542614,15,265.0,0.21802951743874985,14,353.0,0.25865436569628486,29,618.0
2390.0,30,473.0,7.276923076923077,4.512851574650166,19,274.0,0.17657687668749453,11,332.0,0.1833722907053069,30,606.0
2395.0,32,369.0,6.15,3.5069346451143337,17,278.0,0.13522059484674404,15,305.0,0.05137400888446081,32,583.0
2400.0,31,353.0,5.786885245901639,4.270661942728012,17,282.0,0.1572588146350795,14,276.0,0.12709324976324346,31,558.0
2405.0,31,407.0,7.017241379310345,3.7736893400969165,19,339.0,0.16347209363732323,12,311.0,0.2553393641380449,31,650.0
2410.0,31,419.0,7.224137931034483,4.653306781949138,18,369.0,0.21041603511894488,13,342.0,0.37364803590733037,31,711.0
2415.0,27,428.0,7.133333333333334,4.239673641381877,13,383.0,0.26216332232026046,14,408.0,0.2913557260529708,27,791.0
2420.0,31,443.0,7.262295081967213,3.4374776236001336,16,364.0,0.16662615441479356,15,400.0,0.24268665413469862,31,764.0
2425.0,25,401.0,6.467741935483871,4.497231059724305,15,392.0,0.1869492255016935,10,327.0,0.3226312219653427,25,719.0
2430.0,20,244.0,3.753846153846154,5.212917358748505,11,379.0,0.18855555224496065,9,284.0,0.335374521203962,20,663.0
2435.0,21,275.0,4.166666666666667,5.251582716029973,8,367.0,0.3033551419093132,13,279.0,0.18210387687946686,21,646.0
2440.0,31,289.0,4.446153846153846,5.050954491713411,13,331.0,0.341756657161142,18,284.0,0.2030764918269886,31,615.0
2445.0,26,271.0,4.106060606060606,4.84784684968136,9,327.0,0.31318449749375,17,278.0,0.24393403059325044,26,605.0
2450.0,26,291.0,4.619047619047619,4.6478651069403325,11,290.0,0.36305941656411256,15,281.0,0.1994050226817131,26,571.0
2455.0,21,261.0,4.142857142857143,5.400965958703647,10,296.0,0.3772027731669057,11,281.0,0.20245743279549652,21,577.0
2460.0,22,344.0,5.212121212121212,6.212256770744875,13,343.0,0.13669665080537438,9,239.0,0.33839682326226606,22,582.0
2465.0,20,355.0,5.378787878787879,6.298703580893224,12,334.0,0.1897932054868847,8,247.0,0.34376847167895525,20,581.0
2470.0,27,455.0,7.222222222222222,5.819741715646288,12,325.0,0.305484774496768,15,299.0,0.22544539697357868,27,624.0
2475.0,23,413.0,7.120689655172414,5.344697773991842,9,310.0,0.40256853885773547,14,303.0,0.2576751219432967,23,613.0
2480.0,22,452.0,7.793103448275862,5.550385213653025,9,302.0,0.3946143190363909,13,285.0,0.2971006500328464,22,587.0
2485.0,23,466.0,8.03448275862069,5.166233038545147,10,329.0,0.3599527174585847,13,288.0,0.32304737679313106,23,617.0
2490.0,18,437.0,7.406779661016949,5.496389405285731,11,367.0,0.2767868682571927,7,229.0,0.3281175631327184,18,596.0
2495.0,19,260.0,4.333333333333333,5.271461713225429,10,279.0,0.22947130665001245,9,226.0,0.2923006164034527,19,505.0
2500.0,22,254.0,4.031746031746032,5.375849941555711,10,138.0,0.2787527184730164,12,263.0,0.25785416455090826,22,401.0
2505.0,25,327.0,5.45,4.998316042312199,8,169.0,0.36494345773248993,17,289.0,0.2643654279313798,25,458.0
2510.0,21,374.0,6.678571428571429,5.54221749067206,9,203.0,0.3895857837097372,12,274.0,0.23473906551944884,21,477.0
2515.0,18,228.0,3.864406779661017,4.6253139424250165,8,186.0,0.25804243043000835,10,215.0,0.1530920250603855,18,401.0
2520.0,24,299.0,5.067796610169491,5.494228766902418,8,143.0,0.32956803882453717,16,266.0,0.17597432804427732,24,409.0
2525.0,26,265.0,4.818181818181818,4.654773431222414,9,132.0,0.32066562002298593,17,278.0,0.2190258533305942,26,410.0
2530.0,24,344.0,5.931034482758621,5.200106087339156,9,153.0,0.39406710877368073,15,285.0,0.22148771149607535,24,438.0
2535.0,24,348.0,6.105263157894737,4.718328318993168,9,169.0,0.4147507531480955,15,308.0,0.18309545352174197,24,477.0
2540.0,22,292.0,4.9491525423728815,5.538088983849533,9,174.0,0.44529524443035623,13,269.0,0.200998791940246,22,443.0
2545.0,20,352.0,5.966101694915254,5.693491841664195,14,228.0,0.16162080323161054,6,216.0,0.3128172191948248,20,444.0
2550.0,18,271.0,4.1692307692307695,6.156001199937985,12,190.0,0.19208991844682427,6,218.0,0.29664240519197504,18,408.0
2555.0,23,342.0,5.7,6.058004071667051,11,181.0,0.2978994835423244,12,251.0,0.2498792101176047,23,432.0
2560.0,21,223.0,3.982142857142857,5.684299427729818,8,172.0,0.3660207375506348,13,211.0,0.28003002127010135,21,383.0
2565.0,21,282.0,5.035714285714286,6.009281765168275,8,167.0,0.4633345459453704,13,213.0,0.30607236469206117,21,380.0
2570.0,23,323.0,6.09433962264151,5.539932870251622,10,215.0,0.4685464980509322,13,220.0,0.28701794491330185,23,435.0
2575.0,19,307.0,5.581818181818182,5.472705332283816,11,269.0,0.3104786276781583,8,164.0,0.3403741738962956,19,433.0
2580.0,16,211.0,3.8363636363636364,5.0407457666116215,12,244.0,0.1406908384340364,4,154.0,0.3632552225328328,16,398.0
2585.0,22,201.0,3.526315789473684,4.745419587939814,14,238.0,0.2082957859461135,8,178.0,0.28368839444570687,22,416.0
2590.0,24,204.0,3.5172413793103448,4.2772904176752515,11,240.0,0.31237373597795687,13,212.0,0.25578196419559335,24,452.0
2595.0,27,273.0,4.475409836065574,4.9920476716066196,12,232.0,0.4202350926158605,15,284.0,0.2065508774934621,27,516.0
2600.0,27,289.0,4.737704918032787,4.678062504101249,11,254.0,0.38452620543801974,16,298.0,0.1957511541039904,27,552.0
2605.0,21,264.0,4.4,5.262922840391393,13,279.0,0.24457063588778635,8,246.0,0.3059987524449274,21,525.0
2610.0,21,288.0,4.721311475409836,4.683935600106979,16,296.0,0.05452110825501505,5,169.0,0.3145335979646419,21,465.0
2615.0,24,346.0,5.492063492063492,5.588802967267549,18,313.0,0.15825662310623584,6,161.0,0.3397294451218515,24,474.0
2620.0,25,324.0,5.311475409836065,5.369647044653721,15,313.0,0.2728553486269804,10,194.0,0.29171597117057435,25,507.0
2625.0,28,380.0,6.551724137931035,4.920232505242155,14,282.0,0.2529349360771505,14,259.0,0.3016541055358392,28,541.0
2630.0,24,384.0,6.857142857142857,4.78356927873765,12,307.0,0.29307780738005235,12,278.0,0.30994797050191397,24,585.0
2635.0,24,395.0,6.810344827586207,4.811632848370273,15,309.0,0.20547124534602182,9,244.0,0.2787720100513294,24,553.0
2640.0,23,259.0,4.245901639344262,5.057659958898712,13,298.0,0.2318457743989218,10,196.0,0.25297990769242923,23,494.0
2645.0,26,302.0,4.7936507936507935,5.622114654010885,15,298.0,0.24963654253717624,11,169.0,0.3416891541707697,26,467.0
2650.0,24,275.0,4.508196721311475,5.418025130232184,13,319.0,0.2745060417852814,11,150.0,0.3409610333905841,24,469.0
2655.0,25,341.0,5.412698412698413,5.598917254357255,13,314.0,0.3012073445036174,12,196.0,0.339337156946338,25,510.0
2660.0,25,355.0,5.819672131147541,4.656450282156315,13,329.0,0.26236578838482,12,205.0,0.3376687180582205,25,534.0
2665.0,23,369.0,5.857142857142857,5.482274302212468,14,345.0,0.3086040824069296,9,161.0,0.2902962602390302,23,506.0
2670.0,21,333.0,5.285714285714286,5.4618977549438394,11,300.0,0.2845313996258853,10,165.0,0.2579203535670124,21,465.0
2675.0,28,310.0,4.769230769230769,5.668558982584736,11,262.0,0.3474687246663826,17,230.0,0.20018863406344348,28,492.0
2680.0,25,343.0,5.359375,5.3106631436682035,12,249.0,0.3491599330965115,13,253.0,0.26695384765775176,25,502.0
2685.0,25,377.0,5.890625,5.017181307712318,12,281.0,0.3065781872423921,13,247.0,0.37318820339508724,25,528.0
2690.0,28,356.0,5.933333333333334,5.12860514034054,15,321.0,0.2860341892916383,13,220.0,0.3561816426978901,28,541.0
2695.0,26,450.0,7.5,5.213897474361484,14,369.0,0.285945408601863,12,217.0,0.2842689266499133,26,586.0
2700.0,26,452.0,7.0625,4.9393658949748165,12,392.0,0.29061419854189185,14,218.0,0.22472332334719006,26,610.0
2705.0,22,460.0,7.419354838709677,5.745023519378504,15,444.0,0.33911798446850994,7,178.0,0.331212546888623,22,622.0
2710.0,23,384.0,5.818181818181818,5.3144146755315385,14,403.0,0.2780790345009998,9,205.0,0.36251997538041825,23,608.0
2715.0,25,377.0,5.544117647058823,5.429987452845951,13,325.0,0.281768848123401,12,260.0,0.3487934424356235,25,585.0
2720.0,27,418.0,6.333333333333333,4.771942092201653,12,345.0,0.2756202491425898,15,284.0,0.3421131966431292,27,629.0
2725.0,25,485.0,7.950819672131147,5.007493690686908,13,371.0,0.26310348065097044,12,278.0,0.2646267341196374,25,649.0
2730.0,23,322.0,5.366666666666666,4.324975280796852,11,296.0,0.20838335690696433,12,258.0,0.18004236643138152,23,554.0
2735.0,28,364.0,5.870967741935484,4.782892916136636,13,227.0,0.1883504438217319,15,262.0,0.23020218042193558,28,489.0
2740.0,27,310.0,5.254237288135593,4.9494525222426935,11,215.0,0.3304794227403236,16,266.0,0.26494582150272766,27,481.0
2745.0,25,343.0,5.716666666666667,5.559528936644539,10,183.0,0.38082461222172315,15,261.0,0.3148513351557806,25,444.0
2750.0,24,342.0,5.7,4.163249557138281,9,193.0,0.28021853821314285,15,288.0,0.27305331287291446,24,481.0
2755.0,23,323.0,5.046875,5.076651461154328,10,172.0,0.30426626310222016,13,277.0,0.25716433097516245,23,449.0
2760.0,18,277.0,4.196969696969697,5.787999127743871,8,128.0,0.3693141102688446,10,286.0,0.2881004565640642,18,414.0
2765.0,20,309.0,4.544117647058823,6.057934528987765,6,97.0,0.4454409087112092,14,328.0,0.26403965640884924,20,425.0
2770.0,26,254.0,3.735294117647059,5.117809252623825,6,95.0,0.4425229802519599,20,334.0,0.26108997377609333,26,429.0
2775.0,31,329.0,4.633802816901408,4.834106381776533,11,128.0,0.39922320016564716,20,336.0,0.2519185608224287,31,464.0
2780.0,37,392.0,5.36986301369863,4.640031452291018,14,167.0,0.36755632357769846,23,387.0,0.24956544064032019,37,554.0
2785.0,26,372.0,4.96,5.106286400926834,12,183.0,0.33870223564288826,14,380.0,0.19363387047178687,26,563.0
2790.0,23,288.0,3.789473684210526,4.76451208006505,11,230.0,0.17904521965341877,12,322.0,0.23944040219907006,23,552.0
2795.0,31,359.0,4.544303797468355,4.86377889780084,19,298.0,0.1890502931205042,12,293.0,0.2542988955403107,31,591.0
2800.0,36,412.0,5.282051282051282,4.2986218779649175,18,336.0,0.258187653298247,18,329.0,0.23659991744991182,36,665.0
2805.0,39,498.0,6.384615384615385,4.486409138358384,14,344.0,0.36045377539847917,25,438.0,0.20964547902437647,39,782.0
2810.0,39,558.0,6.888888888888889,3.9589424600531804,15,371.0,0.2689385860452123,24,498.0,0.23601379578372308,39,869.0
2815.0,33,524.0,6.238095238095238,4.2431946380396175,15,370.0,0.28925056633604346,18,471.0,0.17976476746427114,33,841.0
2820.0,31,580.0,6.9879518072289155,4.855958409790766,15,403.0,0.2836944069164173,16,443.0,0.23194579938823284,31,846.0
2825.0,32,616.0,7.333333333333333,4.936335138488243,19,429.0,0.16972623363831274,13,451.0,0.2602070610790625,32,880.0
2830.0,39,522.0,6.365853658536586,4.120747876238399,22,407.0,0.13941052801748624,17,454.0,0.19376923134333768,39,861.0
2835.0,47,636.0,8.153846153846153,3.6265310596645404,21,330.0,0.20969538215722175,26,555.0,0.165367169377035,47,885.0
2840.0,46,756.0,9.569620253164556,3.8302897830115996,22,375.0,0.23169541066381116,24,649.0,0.234974595007526,46,1024.0
2845.0,39,605.0,7.5625,3.518374500368578,15,385.0,0.27272974708544384,24,646.0,0.18676963023074342,39,1031.0
2850.0,45,618.0,7.725,3.6630876236627756,17,370.0,0.23013726235675086,28,599.0,0.18419939070637706,45,969.0
2855.0,46,595.0,7.4375,3.2664230205906706,14,333.0,0.21059044213287556,32,649.0,0.09555984222492307,46,982.0
2860.0,40,533.0,6.6625,3.9916849033986423,17,347.0,0.19506279619898922,23,607.0,0.13672218608615608,40,954.0
2865.0,34,558.0,7.44,5.107316122656551,17,411.0,0.1608256438419519,17,516.0,0.2376857152381834,34,927.0
2870.0,26,490.0,6.621621621621622,4.753438269843908,15,439.0,0.0942465275551221,11,532.0,0.2741121728411794,26,971.0
2875.0,27,446.0,5.792207792207792,4.872369695769444,14,428.0,0.24876535056589147,13,541.0,0.22109997446758572,27,969.0
2880.0,35,449.0,6.0675675675675675,4.173855828197534,12,399.0,0.3666933259028982,23,605.0,0.18297014607477574,35,1004.0
2885.0,36,478.0,6.638888888888889,4.388917056344799,7,304.0,0.4716862973098257,29,703.0,0.14984317864969135,36,1007.0
2890.0,40,575.0,7.876712328767123,3.692135341909845,10,293.0,0.34601865856198866,30,766.0,0.1344383285292886,40,1059.0
2895.0,40,605.0,8.066666666666666,3.7289752798977975,11,238.0,0.2980417998332073,29,883.0,0.12716667207481996,40,1121.0
2900.0,45,642.0,8.56,3.164764745429852,15,205.0,0.18856651358882373,30,930.0,0.14072146579539002,45,1135.0
2905.0,40,523.0,6.792207792207792,3.3588847587126907,16,244.0,0.2429807806720115,24,844.0,0.09570270606347685,40,1088.0
2910.0,30,441.0,6.041095890410959,4.821390927253286,11,251.0,0.3653618804428938,19,766.0,0.131551248186956,30,1017.0
2915.0,25,503.0,6.986111111111111,5.864036996585357,13,287.0,0.2971504804967161,12,650.0,0.20764556743169577,25,937.0
2920.0,23,446.0,6.757575757575758,6.223891192167606,14,275.0,0.1833218640178942,9,505.0,0.3362218431691092,23,780.0
2925.0,20,347.0,5.596774193548387,5.670793475604767,12,255.0,0.21975794567151374,8,430.0,0.31910752909350837,20,685.0
2930.0,24,321.0,5.836363636363636,3.9443722418664797,10,269.0,0.2253205631934713,14,439.0,0.2499387352108239,24,708.0
2935.0,28,322.0,5.75,3.29184045372727,9,285.0,0.26531366235122145,19,492.0,0.17356467694099606,28,777.0
2940.0,28,377.0,6.5,3.396503352895089,9,297.0,0.18499114113391618,19,533.0,0.2609369374041718,28,830.0
2945.0,24,388.0,6.928571428571429,4.274071588854699,12,345.0,0.17932072696639956,12,493.0,0.25501604239669057,24,838.0
2950.0,23,462.0,8.105263157894736,4.881376731618886,14,407.0,0.18331523797601693,9,453.0,0.26350952317628795,23,860.0
2955.0,19,376.0,6.482758620689655,5.337374329159394,11,423.0,0.1917342586089339,8,352.0,0.27036829787441075,19,775.0
2960.0,25,448.0,8.296296296296296,4.6444720874405885,10,434.0,0.3423661527040863,15,363.0,0.21591909832832754,25,797.0
2965.0,23,329.0,5.771929824561403,4.809242978616461,7,315.0,0.37683036768279754,16,340.0,0.2820039920951083,23,655.0
2970.0,26,367.0,6.327586206896552,4.985083257460264,10,291.0,0.3957931855986244,16,335.0,0.25305774889833693,26,626.0
2975.0,29,406.0,6.548387096774194,4.582954374982645,11,323.0,0.3858970945461524,18,361.0,0.20612206451997447,29,684.0
2980.0,22,400.0,6.25,5.790981884640648,10,347.0,0.3874586127714029,12,320.0,0.24072781838159846,22,667.0
2985.0,21,360.0,5.625,5.840298044459701,10,306.0,0.31861366817047093,11,257.0,0.28227347772804584,21,563.0
2990.0,24,333.0,5.285714285714286,5.791036896816157,12,250.0,0.30808729180400757,12,285.0,0.2828171003893895,24,535.0
2995.0,26,282.0,4.622950819672131,4.860811525624529,11,227.0,0.3054887595091976,15,293.0,0.2615636901247755,26,520.0
3000.0,25,286.0,5.017543859649122,4.330735532447451,11,188.0,0.29409529584927996,14,289.0,0.2700393127820639,25,477.0
3005.0,27,317.0,5.19672131147541,4.052701086812426,14,191.0,0.2881862347314062,13,297.0,0.2611878669016445,27,488.0
3010.0,34,451.0,7.046875,4.603407679705628,16,268.0,0.2729535123554488,18,325.0,0.2613888738358674,34,593.0
3015.0,32,429.0,6.703125,4.4277430036967855,15,292.0,0.2736558033395906,17,345.0,0.2623124393352528,32,637.0
3020.0,21,307.0,4.582089552238806,4.225114204898097,7,243.0,0.18934716511114819,14,314.0,0.19208815265879292,21,557.0
3025.0,19,234.0,3.4925373134328357,4.743952526091787,7,193.0,0.18068813556674576,12,318.0,0.22981970932791465,19,511.0
3030.0,26,247.0,3.5285714285714285,5.142520148545495,11,192.0,0.21482174125577133,15,327.0,0.22325813231005298,26,519.0
3035.0,29,319.0,4.907692307692308,4.603879093028871,13,204.0,0.2785709921909294,16,354.0,0.241408683809383,29,558.0
3040.0,18,306.0,4.707692307692308,5.281223108248469,3,155.0,0.339920487879354,15,346.0,0.23389777861680366,18,501.0
3045.0,19,254.0,3.9076923076923076,5.241460888963031,4,136.0,0.30976652509608604,15,335.0,0.1906184011657327,19,471.0
3050.0,31,332.0,4.882352941176471,4.694148236804184,12,179.0,0.20819469843780639,19,323.0,0.1967222092599283,31,502.0
3055.0,32,358.0,5.682539682539683,4.039157171759399,12,186.0,0.3008664353522937,20,379.0,0.16435463814972653,32,565.0
3060.0,34,446.0,7.311475409836065,3.9550544051982643,15,215.0,0.31383347774887976,19,402.0,0.14203548166214272,34,617.0
3065.0,30,468.0,7.548387096774194,3.7977340146003593,14,236.0,0.32344309451232367,16,442.0,0.12054175673341037,30,678.0
3070.0,19,320.0,4.923076923076923,5.2460326954811975,6,189.0,0.3016869570042897,13,415.0,0.18563655256259523,19,604.0
3075.0,16,214.0,3.3968253968253967,5.661654662857947,6,156.0,0.28182465190383615,10,363.0,0.250440460960837,16,519.0
3080.0,22,198.0,3.09375,5.910934159667409,9,172.0,0.2475059979329816,13,307.0,0.3120998115777734,22,479.0
3085.0,26,215.0,3.6440677966101696,4.774277996848231,12,161.0,0.29247455358332813,14,345.0,0.24629941243190204,26,506.0
3090.0,31,364.0,6.066666666666666,5.0495962700347,14,227.0,0.2879494991664634,17,425.0,0.33159754800195984,31,652.0
3095.0,26,378.0,6.3,3.5921280960790187,11,236.0,0.18685391407167004,15,429.0,0.26648879465891023,26,665.0
3100.0,21,327.0,5.637931034482759,4.896816839465334,10,200.0,0.24157616802806361,11,364.0,0.27418266653029955,21,564.0
3105.0,19,314.0,5.607142857142857,4.604712153445882,9,217.0,0.13601287052919553,10,328.0,0.2645707013443767,19,545.0
3110.0,30,420.0,7.11864406779661,4.527365608138233,16,256.0,0.12558392708885552,14,349.0,0.2087894368293065,30,605.0
3115.0,29,507.0,9.053571428571429,4.285612240216089,14,288.0,0.2743269924963465,15,383.0,0.19584474597636578,29,671.0
3120.0,19,542.0,10.226415094339623,5.65077872773422,7,290.0,0.333976221184745,12,402.0,0.2798461139884611,19,692.0
3125.0,20,448.0,8.145454545454545,4.263317402215265,7,225.0,0.12218074403783126,13,414.0,0.2498084172345807,20,639.0
3130.0,29,504.0,8.842105263157896,5.011006130235539,13,200.0,0.17563132783578755,16,486.0,0.28264644730754035,29,686.0
3135.0,25,566.0,9.929824561403509,4.491861423614923,11,205.0,0.1244318203090692,14,533.0,0.34985061774888215,25,738.0
3140.0,22,614.0,11.163636363636364,5.319108069272135,7,183.0,0.251751942271155,15,580.0,0.31068723550833227,22,763.0
3145.0,25,630.0,11.25,4.783474274835356,10,200.0,0.24166813972951465,15,602.0,0.2215606883567747,25,802.0
3150.0,27,730.0,12.807017543859649,5.801309983602662,11,252.0,0.36159198472520443,16,640.0,0.23479946967865878,27,892.0
3155.0,25,570.0,10.0,4.6944476339705155,9,242.0,0.3675042054754069,16,596.0,0.19063441467589234,25,838.0
3160.0,26,357.0,6.155172413793103,5.005129970201732,11,245.0,0.3634576472640603,15,458.0,0.24567324844701105,26,703.0
3165.0,22,256.0,4.413793103448276,4.484125444268906,10,211.0,0.33144566422725236,12,498.0,0.24037986294528801,22,709.0
3170.0,23,346.0,5.672131147540983,4.910652313332989,12,234.0,0.3574660389636181,11,528.0,0.23872613465838602,23,762.0
3175.0,33,428.0,7.016393442622951,4.127783591258582,18,309.0,0.3383293056675228,15,564.0,0.2075922175772962,33,873.0
3180.0,32,423.0,6.609375,4.452633918430594,15,299.0,0.3647876588227305,17,594.0,0.2171596561469065,32,893.0
3185.0,23,293.0,4.507692307692308,4.1119915297304095,9,211.0,0.27680368322304494,14,585.0,0.20206737697533594,23,796.0
3190.0,24,331.0,5.015151515151516,4.36760086556679,9,227.0,0.2209353763321406,15,578.0,0.17831773907660314,24,805.0
3195.0,32,419.0,6.253731343283582,4.246287926528296,17,295.0,0.11095382015885781,15,543.0,0.2735070360382012,32,838.0
3200.0,33,330.0,5.15625,4.411479688958535,19,318.0,0.1493586459622105,14,443.0,0.3233590636683715,33,761.0
3205.0,27,353.0,5.883333333333334,4.013548321727913,18,344.0,0.19633311275118415,9,469.0,0.27929008426132557,27,813.0
3210.0,29,370.0,5.606060606060606,3.592747660156994,17,367.0,0.18674555848756128,12,478.0,0.19460796270945632,29,845.0
3215.0,26,288.0,4.056338028169014,4.680801367552472,12,303.0,0.2608098149142029,14,504.0,0.25327920196692344,26,807.0
3220.0,21,340.0,4.788732394366197,6.07888915216922,6,277.0,0.3770930659488066,15,529.0,0.3131999158720047,21,806.0
3225.0,22,309.0,4.232876712328767,6.001334201128788,6,185.0,0.39238708679996154,16,575.0,0.1914600291119821,22,760.0
3230.0,27,372.0,5.23943661971831,5.278187064630346,11,155.0,0.364830179523913,16,641.0,0.1527678116916202,27,796.0
3235.0,38,436.0,6.318840579710145,4.472187651392944,18,208.0,0.2779732483641117,20,627.0,0.2138186873792678,38,835.0
3240.0,35,462.0,7.0,3.6403491478213814,20,265.0,0.19329547012774073,15,540.0,0.2818822100505301,35,805.0
3245.0,39,564.0,7.833333333333333,3.382578552422003,23,351.0,0.24829749241300605,16,484.0,0.21966714943104654,39,835.0
3250.0,36,636.0,8.594594594594595,4.158224091917817,22,445.0,0.26852495902937895,14,521.0,0.3451753413357265,36,966.0
3255.0,40,674.0,8.868421052631579,3.5018787121713144,26,488.0,0.1264586396291306,14,520.0,0.3486749926207825,40,1008.0
3260.0,32,381.0,5.148648648648648,3.978873419331957,18,451.0,0.16481890676381442,14,431.0,0.26930656535284087,32,882.0
3265.0,32,433.0,5.851351351351352,4.426631821056978,11,402.0,0.24619759701433253,21,444.0,0.17804759125756758,32,846.0
3270.0,34,543.0,7.647887323943662,4.106871491141456,13,416.0,0.2941813645604005,21,473.0,0.16441754211999948,34,889.0
3275.0,40,589.0,8.180555555555555,3.811461980144625,21,434.0,0.2132266433042227,19,469.0,0.23777448131448536,40,903.0
3280.0,32,473.0,6.569444444444445,3.810005756816068,19,498.0,0.24664149278939615,13,457.0,0.2655042248205519,32,955.0
3285.0,37,507.0,6.671052631578948,3.187204694328678,21,523.0,0.2131301854781544,16,418.0,0.15821925098790685,37,941.0
3290.0,40,482.0,6.342105263157895,3.439792280789584,18,496.0,0.23485585797043648,22,469.0,0.12315696183376428,40,965.0
3295.0,29,458.0,6.1891891891891895,4.59305942381029,15,479.0,0.2500857104523025,14,444.0,0.15502428830300244,29,923.0
3300.0,29,450.0,6.164383561643835,4.374146265892993,15,466.0,0.2341153209310848,14,432.0,0.15531352209272173,29,898.0
3305.0,34,469.0,6.337837837837838,3.9587319027229033,17,429.0,0.16186565497378774,17,509.0,0.1500478436872863,34,938.0
3310.0,42,541.0,7.728571428571429,3.5641213141807047,22,467.0,0.15557799421969165,20,544.0,0.2203838628836692,42,1011.0
3315.0,36,527.0,7.984848484848484,3.490176940403173,21,489.0,0.15424953410341002,15,525.0,0.2971774145412598,36,1014.0
3320.0,39,573.0,8.070422535211268,2.8758540360666194,22,541.0,0.13346014824307775,17,531.0,0.23951560517993903,39,1072.0
3325.0,30,467.0,6.144736842105263,4.061138395204722,15,520.0,0.1147139070262628,15,496.0,0.3063652628545082,30,1016.0
3330.0,25,529.0,7.347222222222222,5.580670834645632,13,458.0,0.23366569682829216,12,525.0,0.3921432185703529,25,983.0
3335.0,28,563.0,7.712328767123288,5.475233885294849,10,384.0,0.2920587414979929,18,599.0,0.2988007137368728,28,983.0
3340.0,34,631.0,9.144927536231885,4.690841625450825,10,364.0,0.3664154275737894,24,646.0,0.17970719130942184,34,1010.0
3345.0,40,744.0,11.104477611940299,2.9750725025978855,14,364.0,0.2818501312272314,26,654.0,0.12317639265812276,40,1018.0
3350.0,41,640.0,9.142857142857142,2.77914039698649,16,394.0,0.23102180230081656,25,628.0,0.1332455876443565,41,1022.0
3355.0,39,667.0,9.26388888888889,3.4416977104266273,15,409.0,0.25123955308421564,24,539.0,0.19015881101072954,39,948.0
3360.0,39,670.0,8.933333333333334,3.6090300351356253,16,424.0,0.25231519698484767,23,562.0,0.19451106254215145,39,986.0
3365.0,30,529.0,7.053333333333334,4.572545437810482,13,406.0,0.3156790055115776,17,529.0,0.16907776052350434,30,935.0
3370.0,25,525.0,7.291666666666667,4.40923204268951,14,449.0,0.24835842317682982,11,533.0,0.17739660663685558,25,982.0
3375.0,31,628.0,8.845070422535212,4.3357187484216455,16,499.0,0.24234944718465432,15,546.0,0.14295812971069682,31,1045.0
3380.0,38,389.0,5.402777777777778,3.817460310435459,17,386.0,0.23946860797293043,21,568.0,0.19629034937093448,38,954.0
3385.0,36,483.0,6.616438356164384,4.419196406905606,12,330.0,0.3221327203436307,24,641.0,0.23093509061485773,36,971.0
3390.0,40,565.0,7.533333333333333,3.843094353468426,17,373.0,0.28500556491439005,23,664.0,0.20866914030570727,40,1037.0
3395.0,30,517.0,6.8933333333333335,4.231279130937293,13,397.0,0.3114848641503078,17,585.0,0.14071826751151295,30,982.0
3400.0,31,517.0,6.802631578947368,4.483232799776013,16,404.0,0.23630871827602234,15,522.0,0.20839923393743773,31,926.0
3405.0,30,428.0,5.558441558441558,5.249408707093127,17,392.0,0.22988497873823294,13,463.0,0.3056248373123287,30,855.0
3410.0,31,347.0,4.626666666666667,4.309679657783623,18,387.0,0.22129749345136296,13,406.0,0.2552143372962087,31,793.0
3415.0,33,427.0,5.8493150684931505,4.096895477576866,13,357.0,0.2862674506275268,20,420.0,0.21104712147876178,33,777.0
3420.0,39,485.0,6.466666666666667,3.620410854054893,14,374.0,0.28962982354672434,25,485.0,0.170654095194519,39,859.0
3425.0,42,652.0,8.35897435897436,3.9245265024393543,16,401.0,0.28216459550628586,26,582.0,0.13671346480768093,42,983.0
3430.0,43,726.0,9.075,3.7523564391073676,17,425.0,0.21107614375325798,26,602.0,0.1529131378575662,43,1027.0
3435.0,42,700.0,8.641975308641975,4.1067808819058715,22,452.0,0.1552849163335549,20,549.0,0.21691118001714593,42,1001.0
3440.0,34,742.0,9.636363636363637,4.75283511216844,21,525.0,0.1814542908317064,13,516.0,0.32342763664037827,34,1041.0
3445.0,33,691.0,8.746835443037975,4.8574735004037715,20,604.0,0.1708192600748747,13,405.0,0.28644112848262915,33,1009.0
3450.0,36,741.0,9.379746835443038,4.34033102104057,18,626.0,0.17678876680649872,18,416.0,0.2449962936165033,36,1042.0
3455.0,38,782.0,10.426666666666666,4.241473532796831,16,592.0,0.24470975262255762,22,498.0,0.214798471426534,38,1090.0
3460.0,38,636.0,8.368421052631579,4.277273360234362,13,511.0,0.30807512792224695,25,568.0,0.16602774650316304,38,1079.0
3465.0,37,502.0,6.51948051948052,3.9492585217320624,14,338.0,0.22563418859529497,23,623.0,0.18619007515616165,37,961.0
3470.0,35,497.0,6.371794871794871,4.0679641121934065,12,355.0,0.2264827094985314,23,648.0,0.2112373112130601,35,1003.0
3475.0,34,536.0,6.871794871794871,4.400892696813717,12,372.0,0.29107198538168794,22,660.0,0.1972164662048414,34,1032.0
3480.0,33,447.0,5.730769230769231,5.1562329567630645,15,428.0,0.33073113431867873,18,570.0,0.21547672845978835,33,998.0
3485.0,31,487.0,6.407894736842105,5.426699086052839,16,498.0,0.24275005305642966,15,497.0,0.2660716591785341,31,995.0
3490.0,29,464.0,6.025974025974026,5.196641125642946,15,521.0,0.21954673692335164,14,513.0,0.2547790877121464,29,1034.0
3495.0,31,470.0,6.351351351351352,5.092310181424165,13,491.0,0.3170634691580524,18,549.0,0.21016552045358208,31,1040.0
3500.0,37,500.0,7.246376811594203,3.628316884298312,11,456.0,0.28818271742924106,26,611.0,0.17643573015162628,37,1067.0
3505.0,36,526.0,7.6231884057971016,3.678748838083067,10,353.0,0.4107003928924033,26,644.0,0.12296371215669388,36,997.0
3510.0,41,719.0,10.126760563380282,4.264358011152234,11,366.0,0.44591253680722415,30,738.0,0.1658427843271656,41,1104.0
3515.0,40,737.0,10.095890410958905,3.5310769347215683,11,361.0,0.3157067179325979,29,793.0,0.16227591910703051,40,1154.0
3520.0,44,863.0,11.506666666666666,3.3737593454130272,14,372.0,0.2552911046093785,30,845.0,0.17555261926318316,44,1217.0
3525.0,44,870.0,11.012658227848101,3.0398395830806995,14,405.0,0.26539421147804443,30,859.0,0.15433981744306838,44,1264.0
3530.0,33,699.0,8.961538461538462,3.868025701834142,9,406.0,0.33507220114844993,24,761.0,0.16872283082042616,33,1167.0
3535.0,31,666.0,8.430379746835444,5.2530423630349015,10,435.0,0.3383010046306285,21,673.0,0.24262467781408187,31,1108.0
3540.0,26,730.0,9.35897435897436,5.947243972828561,11,480.0,0.31107525383273316,15,551.0,0.27436354356041787,26,1031.0
3545.0,30,690.0,9.324324324324325,4.910304366636482,13,500.0,0.17412983276673494,17,537.0,0.25283353820878135,30,1037.0
3550.0,32,756.0,10.5,4.221776717725968,14,562.0,0.2520471424069434,18,519.0,0.18927737195047925,32,1081.0
3555.0,33,687.0,9.814285714285715,4.17258020320636,11,558.0,0.3408021891834604,22,540.0,0.17160714070815283,33,1098.0
3560.0,35,769.0,11.308823529411764,4.764030169209446,11,555.0,0.39667780981848805,24,579.0,0.1856107792507569,35,1134.0
3565.0,35,796.0,11.880597014925373,3.5441314880779213,11,572.0,0.27910590585821954,24,608.0,0.11972441178807662,35,1180.0
3570.0,28,777.0,12.333333333333334,4.37918102511435,10,569.0,0.37358422050130174,18,564.0,0.0735815954301419,28,1133.0
3575.0,27,859.0,15.070175438596491,4.637947591898444,12,618.0,0.19216348035188402,15,538.0,0.1902094178199503,27,1156.0
3580.0,23,779.0,12.983333333333333,4.7162130440717,10,658.0,0.18198527117991647,13,466.0,0.19051645735634504,23,1124.0
3585.0,26,855.0,14.741379310344827,5.234580805297204,12,704.0,0.33877633287747333,14,427.0,0.16221583422393032,26,1131.0
3590.0,27,476.0,8.654545454545454,5.044006719086912,9,483.0,0.4567068633470653,18,443.0,0.1849063552156354,27,926.0
3595.0,26,387.0,6.910714285714286,5.043861813664658,7,266.0,0.3990482387418518,19,457.0,0.239323166875552,26,723.0
3600.0,30,523.0,9.175438596491228,5.0714374148072645,10,168.0,0.27578881625831647,20,549.0,0.2828258059366203,30,717.0
3605.0,33,680.0,11.525423728813559,4.050431369278901,13,225.0,0.24239777853088298,20,649.0,0.22200491917328816,33,874.0
3610.0,33,669.0,10.790322580645162,3.2373566515705834,11,189.0,0.25396199831236066,22,728.0,0.13198899812958875,33,917.0
3615.0,34,816.0,12.952380952380953,4.470224070209828,11,194.0,0.3442787543121967,23,825.0,0.21406709140400515,34,1019.0
3620.0,31,708.0,10.727272727272727,4.415844271900806,9,175.0,0.3686108862248545,22,819.0,0.24061714842101603,31,994.0
3625.0,20,443.0,7.031746031746032,5.407566004806696,6,118.0,0.38708796285603236,14,697.0,0.266853422337769,20,815.0
3630.0,19,481.0,7.758064516129032,6.237682165831215,6,104.0,0.37504888674284254,13,591.0,0.33381371813650196,19,695.0
3635.0,16,453.0,7.55,5.65178437033656,6,93.0,0.10590969781834435,10,555.0,0.2593358521858616,16,648.0
3640.0,24,531.0,9.31578947368421,5.566601706200238,9,112.0,0.2536449206149959,15,581.0,0.25474966954725253,24,693.0
3645.0,24,541.0,10.018518518518519,4.775854270546353,6,102.0,0.34726940605603146,18,637.0,0.1871434135050663,24,739.0
3650.0,26,637.0,12.490196078431373,5.11993052880819,6,103.0,0.5192586408892185,20,717.0,0.24274761850974003,26,820.0
3655.0,22,629.0,11.436363636363636,4.194450372522128,2,87.0,0.4488203471491643,20,737.0,0.16315454524030776,22,824.0
3660.0,16,616.0,12.07843137254902,5.858437656868314,2,73.0,0.6308393933485446,14,702.0,0.19398879090908566,16,775.0
3665.0,16,694.0,13.346153846153847,6.2801520667282285,3,84.0,0.43978565269093767,13,704.0,0.23978089975179548,16,788.0
3670.0,14,650.0,13.0,5.861073668537883,2,15.0,0.4923334827391047,12,719.0,0.194418655692392,14,734.0
3675.0,20,739.0,14.490196078431373,6.195499577557069,4,33.0,0.5633300832578494,16,773.0,0.19137665122040398,20,806.0
3680.0,17,429.0,8.411764705882353,6.476909430390683,3,20.0,0.602894654155823,14,610.0,0.2514683744496772,17,630.0
3685.0,15,232.0,4.549019607843137,6.776240181398963,5,29.0,0.5282420362961142,10,365.0,0.2974297122604052,15,394.0
3690.0,22,319.0,6.134615384615385,5.814947684042963,8,55.0,0.47918819587723044,14,297.0,0.25483006157421967,22,352.0
3695.0,23,429.0,8.09433962264151,6.053979661136442,9,97.0,0.44106365768568534,14,353.0,0.28029982368242357,23,450.0
3700.0,20,377.0,7.113207547169812,4.82450533116007,9,100.0,0.30345876489477286,11,360.0,0.2940097083410244,20,460.0
3705.0,16,371.0,7.0,5.164209420285953,7,99.0,0.2661453788824299,9,313.0,0.2888245673627647,16,412.0
3710.0,17,208.0,3.7818181818181817,5.099008992149993,8,136.0,0.31575793849660233,9,222.0,0.211053717422757,17,358.0
3715.0,25,246.0,4.241379310344827,6.066185711669694,15,192.0,0.2969608846067942,10,97.0,0.32731061614491425,25,289.0
3720.0,23,255.0,5.0,4.5399594121179945,13,192.0,0.2630225837086091,10,136.0,0.2685800715753598,23,328.0
3725.0,28,369.0,7.096153846153846,4.474106877100274,16,245.0,0.29718517071272726,12,189.0,0.22402848260015992,28,434.0
3730.0,25,358.0,6.884615384615385,3.593440719546236,14,281.0,0.23160977517249004,11,189.0,0.2602980976070774,25,470.0
3735.0,19,320.0,6.2745098039215685,5.573962864968014,12,274.0,0.2726146892446235,7,151.0,0.39352943001897883,19,425.0
3740.0,18,248.0,4.592592592592593,4.594776635659067,11,225.0,0.1560296822816272,7,177.0,0.26274406212189827,18,402.0
3745.0,28,308.0,5.4035087719298245,4.740007695885296,15,226.0,0.1443127696885916,13,226.0,0.28938357899818423,28,452.0
3750.0,24,365.0,6.636363636363637,4.817291349765967,12,252.0,0.25275074846023826,12,247.0,0.35777345860501814,24,499.0
3755.0,21,403.0,7.0701754385964914,5.599153822662537,11,248.0,0.3084905950967645,10,243.0,0.32308132250492244,21,491.0
3760.0,21,330.0,5.7894736842105265,5.855847250336018,11,261.0,0.30370118121752593,10,233.0,0.29240731963390454,21,494.0
3765.0,25,382.0,6.586206896551724,6.159382212257425,12,277.0,0.23020189132847987,13,211.0,0.3531159659431002,25,488.0
3770.0,24,349.0,6.232142857142857,4.863830140989932,12,248.0,0.2493409933863464,12,256.0,0.317462994529085,24,504.0
3775.0,25,460.0,8.679245283018869,5.354484484089885,12,234.0,0.3207378997247663,13,316.0,0.3444034809272452,25,550.0
3780.0,28,573.0,10.052631578947368,4.719233700029543,13,291.0,0.2924312572292109,15,361.0,0.31817201005226037,28,652.0
3785.0,32,704.0,11.540983606557377,4.483134939942982,16,364.0,0.3199631858106005,16,421.0,0.2663572470321309,32,785.0
3790.0,32,548.0,9.448275862068966,3.6498777428051623,15,362.0,0.31325231770705414,17,391.0,0.21582832412926917,32,753.0
3795.0,31,482.0,7.650793650793651,4.492974805641164,14,342.0,0.3046409119608738,17,320.0,0.23362307824777714,31,662.0
3800.0,28,338.0,5.121212121212121,4.405354631974905,13,319.0,0.288822199411398,15,314.0,0.28146123712087034,28,633.0
3805.0,16,166.0,2.5538461538461537,5.496341537637427,9,274.0,0.2999903670498084,7,226.0,0.32092238216916785,16,500.0
3810.0,19,152.0,2.303030303030303,4.792610830118244,12,273.0,0.22691967094960366,7,212.0,0.27882915121476054,19,485.0
3815.0,26,231.0,3.347826086956522,4.529160380829029,14,248.0,0.20544378935469687,12,240.0,0.23306533292371884,26,488.0
3820.0,34,319.0,4.6231884057971016,4.189200398373834,18,292.0,0.2273857727098358,16,253.0,0.25326964330626367,34,545.0
3825.0,20,316.0,4.861538461538461,5.680343054926737,11,302.0,0.24055936824176524,9,211.0,0.3957798850842863,20,513.0
3830.0,21,402.0,6.28125,6.064620839625206,12,327.0,0.27866915765722505,9,181.0,0.36100540842975165,21,508.0
3835.0,20,328.0,5.466666666666667,5.818090636627044,13,303.0,0.21299480407177193,7,164.0,0.3227622298385584,20,467.0
3840.0,28,427.0,7.625,5.416694729735639,17,334.0,0.23649374584930982,11,191.0,0.3071012766123151,28,525.0
3845.0,24,289.0,5.5576923076923075,4.400892017397869,16,322.0,0.2336409744698291,8,137.0,0.30912853234125426,24,459.0
3850.0,20,332.0,6.148148148148148,5.946295675229185,13,347.0,0.29179832429460417,7,121.0,0.4883426876823492,20,468.0
3855.0,21,300.0,5.2631578947368425,4.906718905254034,13,361.0,0.2237419097621473,8,125.0,0.35725553583350844,21,486.0
3860.0,18,289.0,5.0701754385964914,5.4681468102322395,10,344.0,0.25871641137233536,8,114.0,0.3538166769682138,18,458.0
3865.0,24,373.0,6.216666666666667,4.7089010093469295,11,361.0,0.278735697280078,13,167.0,0.21342253243990417,24,528.0
3870.0,30,471.0,7.596774193548387,4.672216007610835,14,405.0,0.27602629677264107,16,224.0,0.24536179990169676,30,629.0
3875.0,30,452.0,7.533333333333333,4.740973442871852,15,355.0,0.2557194954464028,15,261.0,0.36679206628181565,30,616.0
3880.0,30,370.0,5.873015873015873,3.911093161510687,15,300.0,0.2590677451296091,15,259.0,0.28438487873316415,30,559.0
3885.0,27,342.0,5.2615384615384615,3.8981854384868,15,321.0,0.28043452344571007,12,230.0,0.2113091368071344,27,551.0
3890.0,25,346.0,5.492063492063492,4.962475849678643,10,272.0,0.28357835734148945,15,237.0,0.2627185158060192,25,509.0
3895.0,20,223.0,3.378787878787879,4.158529233223346,7,244.0,0.22868450435769294,13,231.0,0.1341135247817355,20,475.0
3900.0,33,341.0,5.166666666666667,5.057959888250653,15,263.0,0.24718160630856503,18,258.0,0.22576787722450828,33,521.0
3905.0,31,434.0,6.78125,4.908147530502298,15,286.0,0.24742003295895001,16,317.0,0.26935044996705143,31,603.0
3910.0,21,458.0,7.633333333333334,5.263453028394034,9,248.0,0.23525145699484645,12,335.0,0.28535628761974124,21,583.0
3915.0,24,413.0,6.453125,4.8917738714979455,11,203.0,0.24855486657925194,13,342.0,0.13198464813103059,24,545.0
3920.0,26,387.0,6.344262295081967,5.392438307788693,11,222.0,0.3103727859267483,15,327.0,0.2216855088299483,26,549.0
3925.0,24,383.0,6.383333333333334,5.108453942844849,12,267.0,0.35942876345922475,12,330.0,0.291102362742192,24,597.0
3930.0,25,380.0,6.551724137931035,4.703388969521926,12,297.0,0.33212213271225716,13,303.0,0.29137928271134317,25,600.0
3935.0,27,373.0,6.016129032258065,3.9296057002082576,13,302.0,0.2622522921136819,14,330.0,0.23885853480916294,27,632.0
3940.0,22,389.0,5.8059701492537314,5.212941388383257,11,285.0,0.22341175371685917,11,349.0,0.311836640276001,22,634.0
3945.0,26,452.0,6.848484848484849,5.210569153321563,13,321.0,0.21668222654407626,13,358.0,0.30015665225343424,26,679.0
3950.0,33,545.0,7.785714285714286,4.799923369999085,17,399.0,0.1876109743476315,16,349.0,0.2598250801584514,33,748.0
3955.0,34,610.0,8.970588235294118,3.926202891066521,17,454.0,0.26762215398060474,17,371.0,0.18858754221383361,34,825.0
3960.0,33,716.0,10.529411764705882,4.147084111663503,16,480.0,0.31834744961023803,17,405.0,0.19319569669119152,33,885.0
3965.0,34,738.0,10.10958904109589,4.343361785894812,17,504.0,0.3605458808240071,17,437.0,0.18252500142972417,34,941.0
3970.0,28,690.0,8.846153846153847,5.544983694967025,12,477.0,0.36063038686806204,16,410.0,0.26197383110287586,28,887.0
3975.0,27,459.0,5.7375,5.194107055704447,14,355.0,0.24301422829702787,13,454.0,0.2988821793182595,27,809.0
3980.0,35,496.0,6.2,4.942031372141611,16,209.0,0.22603867131802366,19,518.0,0.2885283193033041,35,727.0
3985.0,39,413.0,5.434210526315789,4.048975401270287,21,273.0,0.2254744034330433,18,466.0,0.29254170158036613,39,739.0
3990.0,45,566.0,7.256410256410256,3.4976018490983565,25,392.0,0.18731458690977873,20,411.0,0.24265890729480522,45,803.0
3995.0,48,663.0,8.2875,3.282193389955263,27,464.0,0.20380161593511695,21,450.0,0.17154946339275554,48,914.0
4000.0,36,591.0,7.296296296296297,3.6954188932899936,20,479.0,0.19364566903676744,16,434.0,0.1412795578005113,36,913.0
4005.0,25,508.0,6.512820512820513,4.351610594383206,13,473.0,0.16917974530784663,12,471.0,0.25376676246317337,25,944.0
4010.0,35,550.0,7.2368421052631575,4.012798357954847,15,438.0,0.2026382740036611,20,552.0,0.16321700818135002,35,990.0
4015.0,36,548.0,7.116883116883117,3.6327861799662275,18,441.0,0.1745963141058824,18,603.0,0.212875581896135,36,1044.0
4020.0,44,698.0,9.561643835616438,3.8229299067025573,27,500.0,0.15056337383703078,17,615.0,0.29592837412270895,44,1115.0
4025.0,43,782.0,10.289473684210526,3.8993058944281365,26,562.0,0.1985691598058046,17,639.0,0.27905187299686385,43,1201.0
4030.0,29,672.0,8.842105263157896,4.121039739306772,20,535.0,0.2104488085788138,9,588.0,0.17832771363910296,29,1123.0
4035.0,25,696.0,9.03896103896104,5.423630726143711,14,496.0,0.2591434030587471,11,567.0,0.22446347893321122,25,1063.0
4040.0,25,779.0,10.116883116883116,6.091117893837853,14,462.0,0.2474721988491615,11,589.0,0.29001021238876296,25,1051.0
4045.0,27,781.0,10.142857142857142,5.68427347983077,17,436.0,0.2611871467200214,10,619.0,0.18536058144884907,27,1055.0
4050.0,32,844.0,11.253333333333334,4.957470903935191,18,436.0,0.27562163761160374,14,676.0,0.16877459946083498,32,1112.0
4055.0,33,749.0,10.7,4.4771633843680565,20,496.0,0.29469711470325366,13,623.0,0.2402026316392329,33,1119.0
4060.0,30,471.0,6.826086956521739,4.647218119964682,21,548.0,0.2808518689968292,9,463.0,0.34930332906125033,30,1011.0
4065.0,38,483.0,6.802816901408451,3.5938028039025425,27,554.0,0.14087470946153682,11,500.0,0.3364618754126885,38,1054.0
4070.0,44,661.0,8.697368421052632,3.778049891898663,29,651.0,0.14196281986455997,15,567.0,0.29605051937890975,44,1218.0
4075.0,44,842.0,11.226666666666667,3.5325446555037585,30,779.0,0.14390881705185996,14,541.0,0.2744988473198109,44,1320.0
4080.0,49,1053.0,13.5,3.36918846217874,34,936.0,0.13185551421650976,15,425.0,0.2331112906045611,49,1361.0
4085.0,48,989.0,12.518987341772151,2.8706033594822653,32,985.0,0.14126354537839633,16,421.0,0.2039213590964356,48,1406.0
4090.0,36,716.0,9.421052631578947,3.847674611578361,25,897.0,0.11857012437675174,11,361.0,0.2582444600730352,36,1258.0
4095.0,30,722.0,9.376623376623376,5.054035836340592,19,807.0,0.19024385010323774,11,355.0,0.3088348591498945,30,1162.0
4100.0,33,681.0,8.204819277108435,4.611949975092937,21,800.0,0.2037626381266095,12,375.0,0.13180234648091102,33,1175.0
4105.0,37,646.0,8.177215189873417,4.897162435265443,21,792.0,0.23758997986814384,16,437.0,0.2172524273614226,37,1229.0
4110.0,35,701.0,8.873417721518987,5.081205677887407,22,810.0,0.30179866885140466,13,481.0,0.3133965390817953,35,1291.0
4115.0,33,769.0,9.85897435897436,4.688975298785776,23,877.0,0.20987082669180718,10,490.0,0.39031264740348415,33,1367.0
4120.0,38,606.0,7.87012987012987,3.542094383927126,27,929.0,0.08500369063875578,11,412.0,0.33481477923095143,38,1341.0
4125.0,44,578.0,7.3164556962025316,3.847994582329258,31,956.0,0.10264984567550788,13,264.0,0.3834457338173621,44,1220.0
4130.0,38,510.0,6.538461538461538,3.9057258749076524,25,875.0,0.18567653870614279,13,310.0,0.27033619350981425,38,1185.0
4135.0,31,561.0,6.925925925925926,5.009435646104971,19,815.0,0.22127924052357,12,349.0,0.2763943271956043,31,1164.0
4140.0,31,610.0,7.625,4.837499632118524,20,825.0,0.2099342090753362,11,378.0,0.2590793665938009,31,1203.0
4145.0,36,666.0,8.222222222222221,4.785193814462462,21,795.0,0.18148380167998363,15,440.0,0.2517945193007063,36,1235.0
4150.0,34,518.0,6.906666666666666,4.32423014942006,23,781.0,0.17925986591300896,11,384.0,0.2840444582028881,34,1165.0
4155.0,37,468.0,6.24,4.112183401784123,28,806.0,0.17017682896013744,9,361.0,0.2647927210311153,37,1167.0
4160.0,37,527.0,7.219178082191781,3.5846348735278175,29,835.0,0.13467856262343922,8,371.0,0.31635764681536405,37,1206.0
4165.0,35,534.0,7.628571428571429,4.026548456437548,22,778.0,0.11241741015421396,13,397.0,0.2929193053521472,35,1175.0
4170.0,32,605.0,8.402777777777779,4.403205776629074,19,751.0,0.144300992871142,13,459.0,0.19630247522328034,32,1210.0
4175.0,30,619.0,8.479452054794521,5.062332021524464,18,750.0,0.2368560758588254,12,444.0,0.15573930785391688,30,1194.0
4180.0,30,528.0,7.6521739130434785,4.345317359863903,19,726.0,0.1838307381041208,11,407.0,0.2618345996500743,30,1133.0
4185.0,32,427.0,6.46969696969697,3.462584925790389,22,730.0,0.18889634227362515,10,338.0,0.2627020847925791,32,1068.0
4190.0,36,392.0,5.9393939393939394,3.548186197587327,26,716.0,0.18515440854669152,10,258.0,0.3376477032828289,36,974.0
4195.0,36,423.0,6.042857142857143,3.5480167290011857,27,786.0,0.18874567369774195,9,222.0,0.3281612548947494,36,1008.0
4200.0,36,537.0,7.458333333333333,4.347253614109573,29,842.0,0.19509963215850648,7,198.0,0.4994051211192878,36,1040.0
4205.0,38,555.0,7.708333333333333,3.2797449492896495,29,874.0,0.14527359654651623,9,173.0,0.4437447200925174,38,1047.0
4210.0,37,452.0,6.366197183098592,3.086992244594201,28,845.0,0.14044290183521146,9,127.0,0.35202922239885664,37,972.0
4215.0,36,429.0,5.797297297297297,2.947992380852455,26,785.0,0.16628397256237132,10,147.0,0.16615689755602053,36,932.0
4220.0,30,467.0,6.226666666666667,4.99847311262611,21,780.0,0.30001855994919147,9,157.0,0.1717112795244965,30,937.0
4225.0,25,507.0,6.671052631578948,4.908895617291173,15,735.0,0.3064446633607978,10,191.0,0.09537254380945288,25,926.0
4230.0,34,610.0,7.7215189873417724,4.707507086578512,20,770.0,0.22751236393874993,14,260.0,0.27427163128822063,34,1030.0
4235.0,36,541.0,6.679012345679013,3.961440481090595,24,750.0,0.1144581830222109,12,260.0,0.384551679020398,36,1010.0
4240.0,37,477.0,6.037974683544304,4.267322480059126,28,700.0,0.17067350387424562,9,236.0,0.4327631926097123,37,936.0
4245.0,37,525.0,6.402439024390244,4.22622360788941,26,766.0,0.21876418048981122,11,241.0,0.3311810411581154,37,1007.0
4250.0,30,476.0,5.666666666666667,4.209501447950568,22,754.0,0.15116066341134043,8,198.0,0.2861507786233392,30,952.0
4255.0,30,386.0,4.541176470588235,4.019931328979969,22,746.0,0.13639965729824297,8,164.0,0.29183980554507527,30,910.0
4260.0,31,453.0,5.089887640449438,5.415059094126025,19,770.0,0.25095147440920734,12,146.0,0.3563028083681268,31,916.0
4265.0,35,320.0,3.5164835164835164,5.267826632257734,22,706.0,0.29292603163523995,13,162.0,0.33814124271777457,35,868.0
4270.0,42,448.0,5.149425287356322,4.333862724310211,24,702.0,0.24208882020798966,18,196.0,0.2744401644220133,42,898.0
4275.0,49,550.0,6.395348837209302,3.221416745691637,31,771.0,0.18049154093733386,18,240.0,0.2210421658062441,49,1011.0
4280.0,42,523.0,5.876404494382022,3.5690994443680224,29,785.0,0.16546831415715033,13,231.0,0.16908250501115277,42,1016.0
4285.0,38,652.0,7.2444444444444445,4.558957005507766,24,792.0,0.1665577101252847,14,237.0,0.26426323686069425,38,1029.0
4290.0,37,709.0,7.706521739130435,4.58464094023185,23,852.0,0.12415025955243111,14,273.0,0.2709884428325908,37,1125.0
4295.0,44,771.0,8.761363636363637,3.9871754099597143,27,913.0,0.050371714989247925,17,307.0,0.28896019505886117,44,1220.0
4300.0,52,856.0,10.439024390243903,2.823025912410675,33,946.0,0.06425541931002865,19,375.0,0.23653100989479586,52,1321.0
4305.0,52,818.0,10.098765432098766,3.0307162591238517,30,924.0,0.14116805820538836,22,436.0,0.20583147712147554,52,1360.0
4310.0,46,677.0,8.358024691358025,2.9550714055495053,22,976.0,0.17117075564209885,24,462.0,0.1835333788615624,46,1438.0
4315.0,42,692.0,8.439024390243903,3.363419956835676,18,961.0,0.1819113369317465,24,451.0,0.14979469044810054,42,1412.0
4320.0,43,736.0,8.867469879518072,3.2970788778421705,19,949.0,0.24089505361446537,24,498.0,0.11757223817154272,43,1447.0
4325.0,38,699.0,8.421686746987952,4.941185419353979,21,939.0,0.270309160491473,17,469.0,0.16736022192005606,38,1408.0
4330.0,30,733.0,8.939024390243903,5.203343910532893,19,969.0,0.20543531734793383,11,427.0,0.24374165958267643,30,1396.0
4335.0,34,808.0,10.1,4.703937024627393,25,992.0,0.0626444986863921,9,391.0,0.3072288902252288,34,1383.0
4340.0,40,968.0,12.253164556962025,4.3397935200751725,26,1107.0,0.11735012170154643,14,420.0,0.2880239723546523,40,1527.0
4345.0,37,993.0,13.24,4.392459866287789,20,1172.0,0.23663232813323656,17,415.0,0.26329490128805566,37,1587.0
4350.0,36,966.0,13.054054054054054,4.353319308122346,20,1157.0,0.2652371547341825,16,387.0,0.16196804364071285,36,1544.0
4355.0,37,969.0,12.584415584415584,4.641493690869551,19,1072.0,0.2793705067309725,18,396.0,0.21866780065172073,37,1468.0
4360.0,38,761.0,9.883116883116884,4.291541585739873,19,989.0,0.29256034564096756,19,486.0,0.1918232259346381,38,1475.0
4365.0,37,511.0,6.723684210526316,3.7328853404865785,20,770.0,0.25335078028041286,17,484.0,0.19356715175808561,37,1254.0
4370.0,42,640.0,8.205128205128204,3.76616808876161,25,856.0,0.1751195528573853,17,516.0,0.22942677045144036,42,1372.0
4375.0,48,714.0,9.153846153846153,3.63175652790497,32,971.0,0.11892663926100115,16,491.0,0.2375321685062561,48,1462.0
4380.0,41,508.0,6.597402597402597,3.752672536298988,31,1058.0,0.060598853084936115,10,359.0,0.3124488007004929,41,1417.0
4385.0,30,438.0,5.918918918918919,4.58283334567723,24,1073.0,0.056365195214559335,6,233.0,0.371672286858017,30,1306.0
4390.0,20,373.0,5.109589041095891,4.842705451553008,16,996.0,0.09649071172194716,4,178.0,0.3413304907932016,20,1174.0
4395.0,30,426.0,6.0,5.079418998856916,18,956.0,0.13183508868738092,12,206.0,0.3499846440787194,30,1162.0
4400.0,36,501.0,7.367647058823529,4.439980880368885,23,1026.0,0.10386485532788683,13,228.0,0.34214406218439686,36,1254.0
4405.0,40,693.0,10.043478260869565,3.7532072128894667,24,1149.0,0.14037694631658557,16,283.0,0.24873110084202082,40,1432.0
4410.0,39,755.0,10.785714285714286,3.54452193964092,22,1189.0,0.1705960579060262,17,277.0,0.207416302166866,39,1466.0
4415.0,23,621.0,9.132352941176471,4.536433971097705,13,1135.0,0.18251319949413805,10,223.0,0.2514644210525094,23,1358.0
4420.0,19,439.0,6.552238805970149,5.438426679569501,12,986.0,0.21126372982439393,7,155.0,0.3327138524027442,19,1141.0
4425.0,25,244.0,3.588235294117647,5.025982741454683,13,788.0,0.16517254131553194,12,157.0,0.27307374978644827,25,945.0
4430.0,28,274.0,4.2153846153846155,4.597603723844913,15,792.0,0.16384342698229412,13,183.0,0.3260157634563858,28,975.0
4435.0,20,309.0,4.983870967741935,5.546822993826596,11,722.0,0.19780101693457833,9,182.0,0.3712815152917391,20,904.0
4440.0,20,378.0,6.75,4.832299962595548,11,625.0,0.1369714609573051,9,211.0,0.24032976574627474,20,836.0
4445.0,29,478.0,8.535714285714286,4.081809019101982,12,442.0,0.1642772318950812,17,275.0,0.13866580722272526,29,717.0
4450.0,29,493.0,8.35593220338983,4.631522592500451,14,451.0,0.2494035986372948,15,276.0,0.25175474738841475,29,727.0
4455.0,23,431.0,7.431034482758621,5.092678456845808,12,398.0,0.32470754566625687,11,246.0,0.3554679047386568,23,644.0
4460.0,24,416.0,6.933333333333334,5.1920947686295555,15,419.0,0.3233720822995142,9,203.0,0.3645434209634411,24,622.0
4465.0,26,425.0,6.746031746031746,5.179004173253055,14,420.0,0.27680938986280335,12,208.0,0.35775045713045633,26,628.0
4470.0,21,353.0,5.515625,5.254724676493035,9,355.0,0.30704520307763955,12,215.0,0.29903784722128696,21,570.0
4475.0,20,378.0,5.90625,6.0764282901026165,10,362.0,0.3681393147668715,10,175.0,0.28499473714492907,20,537.0
4480.0,23,250.0,3.787878787878788,5.524495269833106,10,199.0,0.27008185272554286,13,186.0,0.222025843228687,23,385.0
4485.0,27,215.0,3.257575757575758,5.776265497507009,8,115.0,0.4061746156894826,19,213.0,0.22881599665403485,27,328.0
4490.0,29,263.0,4.311475409836065,5.020425462764425,12,129.0,0.3671888884855335,17,278.0,0.2504561492617046,29,407.0
4495.0,29,327.0,5.45,4.619386566050788,14,175.0,0.31038577895568825,15,322.0,0.24517832577684787,29,497.0
4500.0,29,336.0,5.419354838709677,4.019327546811294,15,211.0,0.18238833301404653,14,334.0,0.25186797680417905,29,545.0
4505.0,23,327.0,5.274193548387097,4.81499915831712,10,214.0,0.1912997730085386,13,305.0,0.24674599721246315,23,519.0
4510.0,20,303.0,5.315789473684211,4.958565132517742,8,197.0,0.23408310493771692,12,310.0,0.1960422801604003,20,507.0
4515.0,27,391.0,6.627118644067797,5.290575496396596,10,178.0,0.23762446137349258,17,354.0,0.159550001824999,27,532.0
4520.0,24,252.0,4.5,5.389696990192882,8,168.0,0.34349223925771977,16,343.0,0.1962734536053519,24,511.0
4525.0,23,331.0,6.490196078431373,5.416057159151142,10,186.0,0.37742969522725234,13,291.0,0.2379109333764319,23,477.0
4530.0,20,305.0,5.648148148148148,4.766473672761608,10,185.0,0.36106589078542123,10,289.0,0.22989731631576732,20,474.0
4535.0,15,273.0,5.150943396226415,6.274379972816972,5,134.0,0.378350584804685,10,279.0,0.334130959932484,15,413.0
4540.0,15,188.0,3.6862745098039214,5.978906582595842,5,89.0,0.3408809049394829,10,276.0,0.2761372191892396,15,365.0
4545.0,18,187.0,3.5961538461538463,5.433891490241356,7,84.0,0.25703839782187726,11,278.0,0.28586680035268835,18,362.0
4550.0,21,234.0,4.9787234042553195,4.42193602433417,8,112.0,0.31348299267881596,13,300.0,0.2200633627168444,21,412.0
4555.0,19,298.0,6.930232558139535,5.5976560253575895,5,113.0,0.40409620131475815,14,311.0,0.2318626506975466,19,424.0
4560.0,16,209.0,4.75,5.105511661581198,4,63.0,0.3114001024961378,12,326.0,0.1611447859187284,16,389.0
4565.0,16,179.0,3.977777777777778,6.690582048240118,7,69.0,0.4328883601555455,9,315.0,0.24856477234114466,16,384.0
4570.0,14,173.0,4.119047619047619,5.546648854483748,6,76.0,0.3946412383630939,8,270.0,0.2576030110508243,14,346.0
4575.0,16,192.0,4.682926829268292,5.941354470548897,7,89.0,0.39118605498367737,9,213.0,0.3117681835726352,16,302.0
4580.0,14,179.0,4.261904761904762,4.938627503649837,7,78.0,0.2915995709872116,7,208.0,0.2707413925843893,14,286.0
4585.0,21,255.0,5.543478260869565,5.422137515783478,10,117.0,0.28335996019642634,11,196.0,0.2443143039229705,21,313.0
4590.0,19,195.0,3.979591836734694,5.368283831322303,9,134.0,0.33104107227999985,10,169.0,0.25109746367769287,19,303.0
4595.0,16,215.0,4.387755102040816,7.098833289110318,9,143.0,0.43264865216201026,7,136.0,0.4280805324022566,16,279.0
4600.0,13,149.0,3.1702127659574466,6.173389099279925,7,143.0,0.3802724585507158,6,117.0,0.40018936943972344,13,260.0
4605.0,15,165.0,3.6666666666666665,6.619167477688333,5,110.0,0.3391033310240415,10,128.0,0.3558003934699321,15,238.0
4610.0,18,239.0,5.311111111111111,5.912133582257046,7,110.0,0.30055868136591446,11,177.0,0.14921225280620642,18,287.0
4615.0,15,221.0,4.702127659574468,6.293495457780092,6,127.0,0.19796539546937367,9,168.0,0.23262301601637908,15,295.0
4620.0,16,264.0,6.0,6.94631786135204,8,153.0,0.3042497139789064,8,152.0,0.35355973355374937,16,305.0
4625.0,13,248.0,5.904761904761905,6.147424509194883,8,180.0,0.3483408988683388,5,140.0,0.4557557802272172,13,320.0
4630.0,15,315.0,7.0,7.038651079758647,9,224.0,0.4011537931633047,6,126.0,0.5255901407382326,15,350.0
4635.0,16,332.0,7.904761904761905,5.764990360404073,9,237.0,0.4239573936401489,7,150.0,0.4285611740825591,16,387.0
4640.0,14,378.0,9.0,5.728086631720429,6,230.0,0.4407818628272694,8,180.0,0.2949790058967005,14,410.0
4645.0,13,315.0,7.875,4.850562123957741,4,212.0,0.37824854020296195,9,183.0,0.11039371809276759,13,395.0
4650.0,16,289.0,6.568181818181818,5.868250562149073,9,232.0,0.38603262966403645,7,130.0,0.2075088848857783,16,362.0
4655.0,14,301.0,6.688888888888889,6.192347574373108,9,266.0,0.4099340863712058,5,124.0,0.38694705792422324,14,390.0
4660.0,22,393.0,8.543478260869565,6.275363902565368,15,330.0,0.3943813039791322,7,147.0,0.4738304390283295,22,477.0
4665.0,19,364.0,7.428571428571429,4.1206978784937816,13,364.0,0.30792737379918955,6,138.0,0.26672342866797744,19,502.0
4670.0,15,389.0,8.104166666666666,5.579858299301693,9,377.0,0.3086673444511129,6,113.0,0.3520582485340894,15,490.0
4675.0,14,147.0,2.7222222222222223,5.315152594303481,9,243.0,0.30062993412039035,5,73.0,0.21109828554439858,14,316.0
4680.0,25,205.0,3.4166666666666665,5.749574990409245,19,187.0,0.21055380517337713,6,68.0,0.41225776566241773,25,255.0
4685.0,23,285.0,4.913793103448276,5.548662865326949,18,271.0,0.255343783652791,5,74.0,0.4832798678691659,23,345.0
4690.0,23,381.0,6.568965517241379,5.7335449752691146,17,338.0,0.3026656040879412,6,106.0,0.4821456884160402,23,444.0
4695.0,25,380.0,6.440677966101695,4.379596565316839,18,378.0,0.23508123675015027,7,97.0,0.3761987503392675,25,475.0
4700.0,23,393.0,6.661016949152542,4.875192352474286,14,362.0,0.21350048487350387,9,116.0,0.32645611156882787,23,478.0
4705.0,26,357.0,5.409090909090909,4.446794175443052,19,398.0,0.18640419197188227,7,94.0,0.23027749963797986,26,492.0
4710.0,28,309.0,4.611940298507463,5.6288601177183955,20,402.0,0.25760833978046976,8,134.0,0.3792082319279214,28,536.0
4715.0,27,359.0,5.523076923076923,5.679751316040917,18,419.0,0.3566985592987942,9,145.0,0.3689346334076312,27,564.0
4720.0,26,330.0,4.852941176470588,4.559803915623258,20,463.0,0.2263258108043807,6,123.0,0.42413038428527994,26,586.0
4725.0,31,400.0,5.797101449275362,4.4818163872112615,25,529.0,0.22611960418043506,6,121.0,0.436989184365115,31,650.0
4730.0,36,471.0,6.826086956521739,3.780806803678311,26,575.0,0.16690416766027502,10,147.0,0.38762904232942164,36,722.0
4735.0,32,412.0,5.5675675675675675,4.24797906493577,24,568.0,0.19038787796230844,8,149.0,0.2679690817833088,32,717.0
4740.0,28,459.0,6.287671232876712,4.684870508396679,20,583.0,0.15762463794381673,8,148.0,0.34727910495505454,28,731.0
4745.0,30,480.0,6.575342465753424,4.717711557541807,21,587.0,0.1463152248066689,9,152.0,0.263249669535907,30,739.0
4750.0,32,338.0,4.694444444444445,4.361396955439849,21,577.0,0.13270244941889964,11,126.0,0.29750334214601043,32,703.0
4755.0,36,356.0,5.085714285714285,4.3707876358630235,25,522.0,0.13337244147945854,11,161.0,0.36748341009533186,36,683.0
4760.0,36,452.0,6.848484848484849,3.8972144702357845,26,568.0,0.03824099130129459,10,171.0,0.4561279916500032,36,739.0
4765.0,30,463.0,6.614285714285714,4.9489666608319345,20,575.0,0.10316687608048405,10,221.0,0.4295282902463844,30,796.0
4770.0,22,389.0,5.8059701492537314,5.336676716004288,13,590.0,0.2363018677002176,9,213.0,0.30603578741947085,22,803.0
4775.0,24,396.0,6.1875,4.8200068959613835,13,590.0,0.2409476327171353,11,197.0,0.28705380282011844,24,787.0
4780.0,32,395.0,6.583333333333333,3.222314408295668,19,611.0,0.20998764745736354,13,205.0,0.20104328757302387,32,816.0
4785.0,28,456.0,7.354838709677419,3.539643514969945,14,599.0,0.21155467723373678,14,199.0,0.17012399061835423,28,798.0
4790.0,27,483.0,7.546875,3.837194243968762,13,633.0,0.2111845159159187,14,198.0,0.19919786597038883,27,831.0
4795.0,28,515.0,7.923076923076923,4.327424631256592,16,617.0,0.1947651707403691,12,209.0,0.31623235391217885,28,826.0
4800.0,31,548.0,8.5625,3.351304197037221,22,658.0,0.15026569654564387,9,212.0,0.27035646921593454,31,870.0
4805.0,29,613.0,9.887096774193548,3.9612548621563737,18,659.0,0.11999230725783522,11,204.0,0.3241499132810287,29,863.0
4810.0,21,530.0,8.548387096774194,4.6075919502012725,10,556.0,0.19151895887293152,11,220.0,0.2523499055528662,21,776.0
4815.0,27,640.0,9.696969696969697,5.066693346867599,14,551.0,0.17813133108500423,13,254.0,0.30293710278323344,27,805.0
4820.0,29,430.0,6.935483870967742,4.425627570808019,20,521.0,0.16727537703487874,9,230.0,0.44311537125117617,29,751.0
4825.0,30,331.0,5.171875,5.24767091275662,20,446.0,0.23607523076684322,10,137.0,0.4383793836266758,30,583.0
4830.0,28,329.0,5.061538461538461,4.3222519917683195,18,486.0,0.23003130026973004,10,146.0,0.2674651684949525,28,632.0
4835.0,23,301.0,4.703125,5.330742073680639,12,454.0,0.20978080159164028,11,149.0,0.3214877817822681,23,603.0
4840.0,22,378.0,6.096774193548387,5.355142091331739,10,431.0,0.206060913966855,12,201.0,0.17244554915198573,22,632.0
4845.0,19,325.0,5.158730158730159,6.21462483783995,7,378.0,0.2014049317978527,12,191.0,0.23099804550938308,19,569.0
4850.0,17,334.0,5.859649122807017,5.92503530866715,10,342.0,0.17251153948743772,7,163.0,0.3371017926996975,17,505.0
4855.0,20,254.0,4.703703703703703,5.3570986185304985,14,300.0,0.25827313383491035,6,168.0,0.31301833814188385,20,468.0
4860.0,19,228.0,4.30188679245283,5.2867835442476645,13,234.0,0.3062801186776333,6,148.0,0.3452434042344047,19,382.0
4865.0,23,253.0,4.517857142857143,4.463176275026804,13,237.0,0.3064960651946889,10,164.0,0.27058302065855266,23,401.0
4870.0,17,178.0,2.966666666666667,5.6190050825509585,8,191.0,0.3850932340842789,9,185.0,0.3142938124903732,17,376.0
4875.0,14,158.0,2.507936507936508,5.750080855287296,6,162.0,0.39648646088724177,8,190.0,0.28068870920394146,14,352.0
4880.0,25,252.0,3.8181818181818183,4.949286002164822,13,213.0,0.34043696511904736,12,212.0,0.24658856111359087,25,425.0
4885.0,33,349.0,5.287878787878788,4.172811727117513,18,240.0,0.3218350125413126,15,266.0,0.1834755618622703,33,506.0
4890.0,25,390.0,6.0,4.182744564635358,13,215.0,0.29742391927500655,12,305.0,0.1705734965849023,25,520.0
4895.0,28,384.0,5.731343283582089,4.310449543897915,14,227.0,0.27380075245043745,14,304.0,0.17788050843396144,28,531.0
4900.0,23,403.0,6.106060606060606,5.777847782295915,16,267.0,0.27476395119990504,7,256.0,0.26077737469752077,23,523.0
4905.0,25,267.0,4.045454545454546,5.106854713711273,16,271.0,0.2529996223070661,9,209.0,0.2526628686028069,25,480.0
4910.0,32,395.0,5.984848484848484,5.1203560848720056,19,319.0,0.20605996796980308,13,199.0,0.31757119873327894,32,518.0
4915.0,30,408.0,6.276923076923077,4.476865171712942,18,358.0,0.19875283371106978,12,223.0,0.3367473753259851,30,581.0
4920.0,30,470.0,6.911764705882353,4.756436964655961,18,377.0,0.265007606655142,12,232.0,0.3283341884037646,30,609.0
4925.0,33,458.0,6.361111111111111,4.5490182085083966,18,387.0,0.3150798158396576,15,286.0,0.3153249251371928,33,673.0
4930.0,32,473.0,6.064102564102564,4.833743041484972,14,327.0,0.3351908823407593,18,365.0,0.3041720643290257,32,692.0
4935.0,37,430.0,5.180722891566265,4.32418745426719,18,348.0,0.29299662479656974,19,379.0,0.28255441978219364,37,727.0
4940.0,28,302.0,3.5952380952380953,4.661218260262507,16,326.0,0.2661010919657701,12,326.0,0.24054539228703176,28,652.0
4945.0,25,229.0,2.6941176470588237,4.253557617891704,15,365.0,0.20983016088774845,10,311.0,0.18471566415133525,25,676.0
4950.0,37,349.0,4.154761904761905,4.448909761748106,22,431.0,0.173855194533167,15,303.0,0.20484788248545624,37,734.0
4955.0,43,473.0,5.987341772151899,3.3388627348277677,26,491.0,0.14615783501552465,17,365.0,0.16557934454244252,43,856.0
4960.0,48,647.0,8.402597402597403,3.5422575287622813,25,561.0,0.23062529040108937,23,437.0,0.11878912663020301,48,998.0
4965.0,51,749.0,9.481012658227849,3.018489332850838,26,609.0,0.17031320078208753,25,477.0,0.12677910872142337,51,1086.0
4970.0,33,625.0,7.716049382716049,3.872598337444329,18,577.0,0.17782636159927426,15,446.0,0.16080802695303212,33,1023.0
4975.0,25,630.0,7.682926829268292,5.702648166152868,15,568.0,0.29350238879104085,10,420.0,0.27941949771982233,25,988.0
4980.0,22,406.0,4.833333333333333,5.610102056709972,14,498.0,0.19983484651237382,8,383.0,0.32952014926950085,22,881.0
4985.0,32,266.0,3.325,4.566117593638843,20,450.0,0.17308435964449675,12,362.0,0.2809336160907546,32,812.0
4990.0,36,323.0,4.0375,3.92148887627271,19,493.0,0.22911549413941204,17,383.0,0.21559493412522177,36,876.0
4995.0,31,358.0,4.64935064935065,4.261708542109737,14,490.0,0.22807957319623784,17,366.0,0.22373924523355596,31,856.0
5000.0,32,450.0,5.625,4.657295114138992,16,485.0,0.22489123469875047,16,385.0,0.257271625862726,32,870.0
5005.0,35,546.0,6.658536585365853,4.405222490289254,17,517.0,0.13061758809032317,18,419.0,0.28110515247532114,35,936.0
5010.0,42,649.0,8.1125,4.141190933396694,19,513.0,0.1848359512892113,23,474.0,0.2731471264909663,42,987.0
5015.0,44,759.0,9.73076923076923,3.6461214783308824,17,574.0,0.2268932944267172,27,550.0,0.20991605043313033,44,1124.0
5020.0,48,872.0,11.037974683544304,2.794782680739297,16,599.0,0.25008389043608503,32,616.0,0.08783770866696616,48,1215.0
5025.0,45,921.0,11.096385542168674,3.91492454754957,16,663.0,0.24337274692754438,29,602.0,0.13297647202159193,45,1265.0
5030.0,34,876.0,10.682926829268293,5.2803934810857704,14,651.0,0.216265295015516,20,599.0,0.27598900287578476,34,1250.0
5035.0,30,809.0,9.630952380952381,5.5195076680210375,12,586.0,0.18148238916689252,18,611.0,0.3413050522372998,30,1197.0
5040.0,35,660.0,7.951807228915663,4.821340947201872,12,506.0,0.20507355378011205,23,649.0,0.26419056840436234,35,1155.0
5045.0,38,735.0,9.074074074074074,4.371591378061903,11,372.0,0.3318692091738282,27,719.0,0.20966462356753976,38,1091.0
5050.0,42,766.0,9.575,4.047737963082582,12,398.0,0.34607932806593145,30,785.0,0.19509568289711585,42,1183.0
5055.0,47,852.0,10.784810126582279,3.710502818186198,15,468.0,0.33217697160106996,32,820.0,0.13280334665977656,47,1288.0
5060.0,48,999.0,12.333333333333334,3.093259471375892,13,444.0,0.30830286743778773,35,910.0,0.07190164959897609,48,1354.0
5065.0,49,1167.0,14.407407407407407,3.3181996433846694,15,382.0,0.3164483085224551,34,1047.0,0.07533266049968333,49,1429.0
5070.0,52,1395.0,17.4375,3.217275054097878,18,457.0,0.2756663841056745,34,1174.0,0.12700677728985593,52,1631.0
5075.0,53,1282.0,15.08235294117647,2.829196414400382,18,522.0,0.2485943759464839,35,1150.0,0.09700915332902653,53,1672.0
5080.0,41,1092.0,13.0,4.157272292460751,15,558.0,0.36681724417908174,26,1053.0,0.1404838311118196,41,1611.0
5085.0,44,1163.0,13.845238095238095,3.62886016065899,16,553.0,0.29315793808884255,28,1164.0,0.10976401209390127,44,1717.0
5090.0,53,1363.0,15.488636363636363,3.451852462163082,15,541.0,0.22204931903267616,38,1334.0,0.1277016263003912,53,1875.0
5095.0,52,1425.0,17.16867469879518,2.9307911815455885,17,514.0,0.17882110403412638,35,1399.0,0.1883376308194522,52,1913.0
5100.0,52,1371.0,16.321428571428573,2.847821806885714,19,513.0,0.21319463519109955,33,1390.0,0.15581565261594602,52,1903.0
5105.0,47,1199.0,14.273809523809524,2.7040603854924834,12,458.0,0.2937705272916637,35,1404.0,0.10440325340092067,47,1862.0
5110.0,42,764.0,8.681818181818182,3.3124286264369363,11,445.0,0.2751703041917719,31,1264.0,0.07560532966609944,42,1709.0
5115.0,39,637.0,7.157303370786517,4.391166856998185,14,477.0,0.30400687822405736,25,1138.0,0.14535943784115335,39,1615.0
5120.0,35,732.0,8.318181818181818,5.732468343747032,16,534.0,0.29039440730208715,19,995.0,0.2584010102322518,35,1529.0
5125.0,29,618.0,7.357142857142857,5.338195106401216,14,549.0,0.23629301868555155,15,934.0,0.2416680968857867,29,1483.0
5130.0,36,548.0,6.85,4.328788182684585,17,587.0,0.22702308831532958,19,884.0,0.16113049128964663,36,1471.0
5135.0,35,534.0,7.315068493150685,3.9021145422573817,15,529.0,0.2553064884223394,20,924.0,0.17946268992563458,35,1453.0
5140.0,37,545.0,7.898550724637682,3.7985313244854515,11,438.0,0.23342218701701029,26,956.0,0.18628693442419547,37,1394.0
5145.0,39,562.0,8.028571428571428,3.0794863617999013,10,402.0,0.270050992379387,29,1026.0,0.11298708240114691,39,1428.0
5150.0,39,661.0,9.442857142857143,3.526080433345621,11,362.0,0.2827446331794094,28,1059.0,0.11462010885393421,39,1421.0
5155.0,40,662.0,9.194444444444445,3.0940774722864672,12,375.0,0.24898610168727467,28,1063.0,0.1490044404262692,40,1438.0
5160.0,31,557.0,7.957142857142857,3.796621384156763,9,357.0,0.3025936745416703,22,923.0,0.12946779574473033,31,1280.0
5165.0,28,509.0,7.3768115942028984,4.79459149684534,11,387.0,0.24355542909837347,17,825.0,0.18746132892009748,28,1212.0
5170.0,24,582.0,7.972602739726027,6.093168907381232,10,418.0,0.18427601798541066,14,746.0,0.2700790331886859,24,1164.0
5175.0,21,359.0,5.202898550724638,6.212084749992069,11,388.0,0.17384168999548577,10,552.0,0.35906114038948905,21,940.0
5180.0,20,289.0,4.313432835820896,6.185874546496356,8,278.0,0.40359441195319706,12,397.0,0.2897415468688492,20,675.0
5185.0,24,242.0,3.903225806451613,4.841513816818948,5,244.0,0.4222297674562628,19,406.0,0.21965436337778477,24,650.0
5190.0,28,275.0,4.661016949152542,4.4810097783756895,6,224.0,0.556579244152348,22,436.0,0.13950857914593803,28,660.0
5195.0,29,358.0,5.868852459016393,4.575658673107782,6,254.0,0.5111558845014347,23,478.0,0.1633673712883546,29,732.0
5200.0,26,358.0,5.774193548387097,4.6581094223062935,8,290.0,0.37678792441464415,18,433.0,0.17471730275320208,26,723.0
5205.0,25,429.0,6.402985074626866,5.285483969995763,11,333.0,0.23253457945133554,14,421.0,0.21706134869837335,25,754.0
5210.0,18,400.0,5.797101449275362,5.956867275567282,7,282.0,0.3992687727209736,11,420.0,0.20035871286933618,18,702.0
5215.0,28,492.0,7.235294117647059,5.622111263423406,8,202.0,0.4638196299358815,20,472.0,0.18430670190037549,28,674.0
5220.0,29,436.0,6.411764705882353,5.725505447220456,5,107.0,0.49419657559938107,24,531.0,0.2737124379047349,29,638.0
5225.0,30,499.0,7.338235294117647,4.778071195543284,11,100.0,0.2950024500651523,19,560.0,0.29236335678573283,30,660.0
5230.0,30,526.0,7.514285714285714,4.258693266757095,9,124.0,0.2681556950353043,21,590.0,0.3082825656547859,30,714.0
5235.0,24,511.0,7.405797101449275,4.747179025063582,7,125.0,0.29996090470116493,17,562.0,0.26341550142516545,24,687.0
5240.0,25,521.0,7.893939393939394,4.545802027611411,4,75.0,0.2627986094672441,21,604.0,0.22368400549594555,25,679.0
5245.0,33,615.0,8.91304347826087,4.072727415081297,8,62.0,0.18666316345104986,25,679.0,0.139178939175598,33,741.0
5250.0,37,722.0,11.107692307692307,3.7584347961751363,9,104.0,0.31778268398160153,28,779.0,0.11649769047388683,37,883.0
5255.0,32,797.0,12.075757575757576,4.28349755272314,5,115.0,0.435445560576322,27,856.0,0.10806653508307883,32,971.0
5260.0,32,591.0,9.092307692307692,4.295064935438458,4,86.0,0.5214187059745257,28,790.0,0.07201251841788908,32,876.0
5265.0,27,408.0,6.08955223880597,5.383770570142475,3,59.0,0.5546816410793273,24,674.0,0.1343576358661949,27,733.0
5270.0,26,410.0,6.40625,5.359880742682242,6,83.0,0.5337282045765991,20,694.0,0.198557167192681,26,777.0
5275.0,21,274.0,4.349206349206349,5.206315857858269,5,95.0,0.41465704760232813,16,643.0,0.2175721280398707,21,738.0
5280.0,20,315.0,5.163934426229508,4.950318453269479,6,109.0,0.2038067060100525,14,648.0,0.23340043523481416,20,757.0
5285.0,26,308.0,4.967741935483871,4.8766600455492615,9,74.0,0.16527021580043003,17,674.0,0.15172471347879032,26,748.0
5290.0,29,362.0,6.241379310344827,5.089268721238813,8,90.0,0.34780892627311033,21,722.0,0.14801273080380337,29,812.0
5295.0,28,372.0,6.2,4.431875481382172,6,106.0,0.3808991929406926,22,783.0,0.15119100846731154,28,889.0
5300.0,26,429.0,7.271186440677966,4.99724528010882,5,115.0,0.4674215748704957,21,803.0,0.21120030567901835,26,918.0
5305.0,20,417.0,7.315789473684211,5.889015660909892,6,138.0,0.4539034971090784,14,725.0,0.22814210275236196,20,863.0
5310.0,17,317.0,5.4655172413793105,5.85893421066063,3,104.0,0.36833010777364356,14,651.0,0.23798323051077075,17,755.0
5315.0,21,282.0,5.127272727272727,5.0962799760577004,5,125.0,0.36351903821386317,16,543.0,0.17124710150429542,21,668.0
5320.0,25,353.0,6.660377358490566,4.886300698568965,6,144.0,0.4701847240168749,19,570.0,0.19049946050722685,25,714.0
5325.0,24,447.0,8.764705882352942,5.622148491633557,6,177.0,0.47418964732934715,18,549.0,0.19469551945808092,24,726.0
5330.0,24,496.0,9.538461538461538,4.375170550071128,6,204.0,0.35880246969792684,18,556.0,0.1397325193282319,24,760.0
5335.0,25,491.0,9.264150943396226,4.8139409282117995,10,238.0,0.3193549533854309,15,496.0,0.17820939124420362,25,734.0
5340.0,22,378.0,6.75,4.718899871502052,6,248.0,0.3923205533975269,16,468.0,0.16224591024339535,22,716.0
5345.0,21,446.0,7.824561403508772,6.084593025947931,5,245.0,0.533845389619085,16,439.0,0.25047792140745695,21,684.0
5350.0,19,289.0,5.160714285714286,6.225617625777906,4,112.0,0.576943982781799,15,484.0,0.27469441365191777,19,596.0
5355.0,21,329.0,5.875,6.027422157765223,8,56.0,0.45282338293391466,13,520.0,0.3273466150518296,21,576.0
5360.0,22,323.0,5.666666666666667,4.915273672322008,8,63.0,0.32945740938911683,14,483.0,0.217537891144391,22,546.0
5365.0,28,302.0,5.298245614035087,4.463181978319973,14,127.0,0.2232330518898791,14,398.0,0.2098918452108483,28,525.0
5370.0,28,268.0,4.872727272727273,3.5344613425320817,14,171.0,0.23380479978243549,14,369.0,0.1646804946634613,28,540.0
5375.0,19,216.0,4.0754716981132075,5.200879740037618,10,174.0,0.2333249085648659,9,254.0,0.2848582991395648,19,428.0
5380.0,17,198.0,3.96,5.1980694445575555,11,180.0,0.19878158809416324,6,218.0,0.3183894762814355,17,398.0
5385.0,23,272.0,5.333333333333333,5.738393916395949,12,198.0,0.28210827626772256,11,255.0,0.2152914119500482,23,453.0
5390.0,20,294.0,6.25531914893617,5.369066954949596,10,226.0,0.3181458544189083,10,280.0,0.31812064886259,20,506.0
5395.0,21,366.0,7.956521739130435,4.611110688758694,9,224.0,0.2596891198816238,12,303.0,0.2714061179241757,21,527.0
5400.0,23,411.0,8.22,4.908545545685541,13,266.0,0.25495616938553933,10,310.0,0.27018904760294216,23,576.0
5405.0,14,305.0,5.648148148148148,6.380173954999397,8,230.0,0.3253299500626651,6,288.0,0.3524822205690909,14,518.0
5410.0,15,223.0,4.2075471698113205,6.736653383650651,9,141.0,0.19954945889781972,6,220.0,0.5168473767072614,15,361.0
5415.0,13,125.0,2.450980392156863,7.025106913815136,7,134.0,0.3185251325116494,6,106.0,0.5509521607470367,13,240.0
5420.0,15,173.0,3.5306122448979593,7.160494852280616,6,102.0,0.5090949461686911,9,92.0,0.40974494281677215,15,194.0
5425.0,15,170.0,3.4693877551020407,5.262986299750115,5,101.0,0.40017617594584853,10,110.0,0.29652383995746695,15,211.0
5430.0,20,260.0,5.0,5.930431885001936,7,122.0,0.3645707973565269,13,156.0,0.3070056524007998,20,278.0
5435.0,21,290.0,5.087719298245614,6.217068555609316,8,162.0,0.39669033318027425,13,182.0,0.2841001836875127,21,344.0
5440.0,15,306.0,5.464285714285714,6.885028103386396,7,184.0,0.3892189926293663,8,165.0,0.3936905634887256,15,349.0
5445.0,19,280.0,5.283018867924528,5.943216081151036,10,210.0,0.21636934131569383,9,148.0,0.40435897179888863,19,358.0
5450.0,18,251.0,4.735849056603773,6.006032219664995,9,217.0,0.3259505348034836,9,108.0,0.36242154090867873,18,325.0
5455.0,19,218.0,4.037037037037037,5.578462924827242,8,188.0,0.419930678888701,11,129.0,0.24694262711923207,19,317.0
5460.0,24,306.0,5.464285714285714,5.428569340772627,8,216.0,0.38578961744830953,16,178.0,0.30563441193540225,24,394.0
5465.0,26,397.0,6.844827586206897,4.855969529389318,14,271.0,0.30268564600043635,12,229.0,0.3304399118604672,26,500.0
5470.0,27,378.0,6.406779661016949,4.653537946568302,14,253.0,0.38212958182303186,13,257.0,0.24489115314723778,27,510.0
5475.0,31,413.0,6.555555555555555,3.9269949536239017,16,275.0,0.2630577723565819,15,265.0,0.21651010543181573,31,540.0
5480.0,25,383.0,5.7164179104477615,4.774060637141274,17,311.0,0.19623977503787168,8,225.0,0.3675941353535621,25,536.0
5485.0,23,389.0,5.984615384615385,6.2899337439115515,13,290.0,0.23856152517597098,10,233.0,0.4889101634603428,23,523.0
5490.0,20,266.0,4.03030303030303,5.621682532941682,10,264.0,0.27908787620876213,10,177.0,0.2838075611592718,20,441.0
5495.0,28,234.0,3.65625,5.150006512759177,13,248.0,0.22638576735165916,15,156.0,0.22700464865235687,28,404.0
5500.0,29,246.0,4.032786885245901,4.0971718227827765,16,294.0,0.202891430925003,13,186.0,0.25829812871499414,29,480.0
5505.0,31,356.0,5.5625,4.62141365189307,18,371.0,0.22945196827290099,13,194.0,0.307031484316794,31,565.0
5510.0,31,334.0,5.138461538461539,4.265202143440625,20,406.0,0.22654614103435836,11,199.0,0.3400121969338393,31,605.0
5515.0,25,338.0,5.044776119402985,5.279103820064831,14,379.0,0.28347223777380803,11,174.0,0.3764205433965327,25,553.0
5520.0,27,344.0,4.9855072463768115,4.880789633370084,15,401.0,0.321785475529733,12,213.0,0.24357324710609413,27,614.0
5525.0,31,459.0,6.464788732394366,4.6742711724207,17,420.0,0.28897491054188457,14,264.0,0.23445310077981965,31,684.0
5530.0,31,439.0,6.183098591549296,4.063808999007273,20,456.0,0.21457164676052046,11,253.0,0.28830535881056274,31,709.0
5535.0,23,382.0,5.617647058823529,5.009108656793482,18,477.0,0.22407971847722688,5,151.0,0.359694350151147,23,628.0
5540.0,21,375.0,5.769230769230769,4.487944804880338,14,479.0,0.2399850030628469,7,138.0,0.22561874344082955,21,617.0
5545.0,29,307.0,4.582089552238806,4.329519122079542,18,438.0,0.19569963741814592,11,184.0,0.19106459431973405,29,622.0
5550.0,31,286.0,4.268656716417911,4.415081407943803,20,488.0,0.16071124071384127,11,167.0,0.3512789961085147,31,655.0
5555.0,32,407.0,6.166666666666667,4.758674489396305,23,541.0,0.12600443266741296,9,178.0,0.4738766842426719,32,719.0
5560.0,33,434.0,6.2,4.4916022833970155,24,611.0,0.12550170231508137,9,160.0,0.40045093326794007,33,771.0
5565.0,25,355.0,5.071428571428571,5.172473751023409,17,611.0,0.16966632166759701,8,119.0,0.43027266898105426,25,730.0
5570.0,24,382.0,5.380281690140845,5.292588468029989,14,588.0,0.2752549866584473,10,155.0,0.2497239522176651,24,743.0
5575.0,30,435.0,5.878378378378378,5.410624696864736,16,519.0,0.28649411507583794,14,218.0,0.26531347635853864,30,737.0
5580.0,29,512.0,7.641791044776119,4.418232731831902,17,543.0,0.2357415920171081,12,251.0,0.3298156050654331,29,794.0
5585.0,28,568.0,8.352941176470589,4.2536953214859246,17,544.0,0.17421253398909697,11,280.0,0.2947352721791529,28,824.0
5590.0,25,332.0,4.811594202898551,4.84876139753142,15,465.0,0.19804324374958754,10,215.0,0.2648589108428233,25,680.0
5595.0,27,301.0,4.36231884057971,5.190644441634479,16,417.0,0.22863265283562492,11,159.0,0.31282250667030104,27,576.0
5600.0,27,363.0,5.185714285714286,4.714836577715195,16,448.0,0.2624054364596385,11,181.0,0.30892329425736603,27,629.0
5605.0,25,437.0,6.828125,5.099358812010619,14,460.0,0.27569713018700304,11,208.0,0.3500866901375031,25,668.0
5610.0,28,507.0,7.921875,4.906942822496248,17,508.0,0.27961165600757043,11,225.0,0.2062351629325323,28,733.0
5615.0,25,523.0,8.171875,5.102461917307311,16,495.0,0.2186564249346683,9,207.0,0.23655979522623666,25,702.0
5620.0,28,359.0,5.790322580645161,4.342279793500984,19,479.0,0.1741486877763304,9,152.0,0.18339120757740318,28,631.0
5625.0,28,311.0,5.271186440677966,4.367907466506656,19,473.0,0.22043481223578415,9,121.0,0.2863144887355777,28,594.0
5630.0,30,456.0,7.728813559322034,4.954424911325534,22,532.0,0.2259558031561316,8,148.0,0.46040471803505156,30,680.0
5635.0,29,488.0,8.56140350877193,4.3397698119441195,23,598.0,0.17419223268332618,6,142.0,0.5176688254346516,29,740.0
5640.0,26,449.0,8.163636363636364,3.805053742201178,17,612.0,0.14774572494049212,9,178.0,0.328176307305966,26,790.0
5645.0,25,484.0,8.491228070175438,3.914469569818305,14,610.0,0.22147229054356352,11,193.0,0.0523176262767005,25,803.0
5650.0,22,563.0,9.080645161290322,6.110705163816109,15,615.0,0.30667783693404843,7,188.0,0.22233465397695645,22,803.0
5655.0,16,320.0,5.161290322580645,6.152800698866563,12,533.0,0.24097603244993074,4,103.0,0.3752489199979479,16,636.0
5660.0,20,285.0,4.523809523809524,6.912574784446902,14,465.0,0.32119178182226604,6,66.0,0.45464694038105197,20,531.0
5665.0,24,307.0,5.116666666666666,5.9751562879569065,14,443.0,0.3172130111984116,10,104.0,0.41978030243811887,24,547.0
5670.0,26,279.0,4.810344827586207,4.985060081168855,13,361.0,0.26937117321830617,13,155.0,0.3303407886849143,26,516.0
5675.0,27,316.0,5.3559322033898304,3.8588436955462533,15,356.0,0.1720056028646986,12,176.0,0.326280949716282,27,532.0
5680.0,27,397.0,6.508196721311475,5.206411385208962,16,392.0,0.2429949962350179,11,190.0,0.40119204574639605,27,582.0
5685.0,25,306.0,5.186440677966102,4.492903149440027,16,409.0,0.2439308815067171,9,177.0,0.2817799589853732,25,586.0
5690.0,20,210.0,3.6842105263157894,4.8645213008822985,11,349.0,0.20079661557625392,9,130.0,0.2418245858353127,20,479.0
5695.0,24,317.0,5.4655172413793105,5.546356514059139,15,346.0,0.19829758460751615,9,137.0,0.1995002164998425,24,483.0
5700.0,26,318.0,5.213114754098361,5.633824905519127,16,400.0,0.1656694482780941,10,125.0,0.1327224378937708,26,525.0
5705.0,25,416.0,7.703703703703703,5.905549383381433,15,453.0,0.3400498496129837,10,145.0,0.26890762380496397,25,598.0
5710.0,24,432.0,8.64,5.017271718121799,16,450.0,0.28320846832957597,8,160.0,0.37762836043339765,24,610.0
5715.0,23,396.0,8.081632653061224,4.6426471931927615,14,396.0,0.2094642791364594,9,191.0,0.44037786984089405,23,587.0
5720.0,20,264.0,5.076923076923077,4.687519689129435,14,356.0,0.2041829389030532,6,164.0,0.4158667544011605,20,520.0
5725.0,24,308.0,5.703703703703703,5.5548238502863345,16,386.0,0.23905417620391564,8,117.0,0.4137137745925924,24,503.0
5730.0,22,221.0,4.092592592592593,4.55871279859038,15,394.0,0.2418025801449783,7,98.0,0.34584863718455705,22,492.0
5735.0,15,162.0,2.892857142857143,5.614156611343134,9,337.0,0.2807736960953123,6,71.0,0.3558671405173051,15,408.0
5740.0,19,245.0,4.298245614035087,6.900838824006606,11,328.0,0.3049723860929847,8,98.0,0.37540642164264365,19,426.0
5745.0,17,243.0,4.339285714285714,6.4837742209222125,10,323.0,0.20750351581824492,7,120.0,0.28500630150797823,17,443.0
5750.0,23,317.0,5.763636363636364,6.187766797660125,14,346.0,0.24396152904036092,9,139.0,0.3171424928346664,23,485.0
5755.0,22,299.0,6.1020408163265305,5.366151522326163,14,336.0,0.3064746209616366,8,149.0,0.3340282789721578,22,485.0
5760.0,21,296.0,6.166666666666667,5.156327199747688,12,267.0,0.3263982834803326,9,159.0,0.38360335869259193,21,426.0
5765.0,21,228.0,4.1454545454545455,4.661475342469238,13,270.0,0.2550089432706825,8,134.0,0.392116602917304,21,404.0
5770.0,25,321.0,5.35,5.857925825613164,17,333.0,0.2647797409255611,8,118.0,0.4930565183237809,25,451.0
5775.0,23,265.0,4.274193548387097,5.419469068941127,16,355.0,0.2772121788529869,7,117.0,0.4401707995308026,23,472.0
5780.0,21,237.0,3.485294117647059,5.339090512964269,13,317.0,0.2863206018472924,8,93.0,0.2528444716735398,21,410.0
5785.0,23,206.0,3.0294117647058822,5.08905668898708,12,316.0,0.23757148032228065,11,102.0,0.23465605441501672,23,418.0
5790.0,27,237.0,3.590909090909091,5.600555610536169,14,320.0,0.26178126894190046,13,156.0,0.27530236956549287,27,476.0
5795.0,24,290.0,4.393939393939394,4.849489828227416,13,334.0,0.19803008397838473,11,193.0,0.28820822949650693,24,527.0
5800.0,22,341.0,5.5,5.404937126553337,12,339.0,0.2536270111530441,10,206.0,0.2314526675736011,22,545.0
5805.0,22,271.0,4.370967741935484,4.894165005478813,14,285.0,0.18227542594005722,8,203.0,0.2503122272705547,22,488.0
5810.0,27,325.0,5.158730158730159,5.8405382015186085,17,281.0,0.24123081543190214,10,193.0,0.30537197949940126,27,474.0
5815.0,27,294.0,4.983050847457627,4.709302921067595,17,327.0,0.2627799658459375,10,160.0,0.28685901097112687,27,487.0
5820.0,26,324.0,5.225806451612903,4.837716120306545,17,348.0,0.2586803870206133,9,131.0,0.33165771377698733,26,479.0
5825.0,24,323.0,5.046875,4.505211749927655,16,378.0,0.2256298305589024,8,148.0,0.42602706887532077,24,526.0
5830.0,18,290.0,4.393939393939394,5.6864956534257995,13,365.0,0.30089803582955804,5,144.0,0.4069894406778186,18,509.0
5835.0,19,270.0,4.029850746268656,5.639340291450593,12,325.0,0.30012008526854916,7,172.0,0.2970954111165696,19,497.0
5840.0,32,378.0,5.178082191780822,5.177700787172244,21,366.0,0.15160683339550807,11,223.0,0.3800472131335124,32,589.0
5845.0,33,490.0,6.805555555555555,5.11043033169966,24,437.0,0.16287837750984918,9,246.0,0.42225375969963436,33,683.0
5850.0,26,572.0,8.289855072463768,5.400966774520265,19,488.0,0.23198811290786342,7,249.0,0.4005284444136025,26,737.0
5855.0,28,461.0,6.402777777777778,5.097922079546687,18,526.0,0.23298583823710223,10,179.0,0.2983752848557994,28,705.0
5860.0,35,485.0,6.736111111111111,5.321014158760114,22,533.0,0.2561072721134863,13,157.0,0.27983546720347596,35,690.0
5865.0,29,333.0,4.897058823529412,4.143348584521591,15,514.0,0.26347659823685415,14,161.0,0.260328325664461,29,675.0
5870.0,29,303.0,4.391304347826087,4.451536834586863,15,446.0,0.2744115302566743,14,181.0,0.2545714921326567,29,627.0
5875.0,35,322.0,4.351351351351352,3.684124898029016,22,496.0,0.20514204407467823,13,203.0,0.25824746682327654,35,699.0
5880.0,27,326.0,4.465753424657534,4.61781146739169,20,515.0,0.1874172536455246,7,166.0,0.30546030231059934,27,681.0
5885.0,28,286.0,4.085714285714285,4.158423224003023,22,569.0,0.0991954958082076,6,126.0,0.3112724994471404,28,695.0
5890.0,34,362.0,5.027777777777778,4.3101810369093805,26,630.0,0.08497121584640449,8,103.0,0.31447414323052303,34,733.0
5895.0,38,489.0,6.887323943661972,3.9089093222480993,25,726.0,0.15538624913978788,13,133.0,0.3043578739180822,38,859.0
5900.0,26,547.0,7.927536231884058,5.172933145256157,20,776.0,0.2259498814728871,6,134.0,0.37344597253824335,26,910.0
5905.0,27,484.0,6.914285714285715,4.612075928208252,20,743.0,0.16481792824278882,7,95.0,0.2773235991562075,27,838.0
5910.0,29,417.0,5.873239436619718,4.758557423397554,18,693.0,0.22482277820717725,11,112.0,0.24051460948039047,29,805.0
5915.0,30,282.0,4.208955223880597,4.26171040631219,13,637.0,0.2813665155857694,17,179.0,0.20807673614226976,30,816.0
5920.0,33,348.0,5.2727272727272725,4.28719986529082,14,572.0,0.2748714850619408,19,273.0,0.22132023669729955,33,845.0
5925.0,36,380.0,5.9375,2.8508253283997536,18,605.0,0.08536616657261116,18,319.0,0.21211838097087796,36,924.0
5930.0,30,336.0,5.090909090909091,3.797692785966115,18,634.0,0.08945492824576312,12,300.0,0.17761756494532172,30,934.0
5935.0,26,419.0,6.348484848484849,4.48037116424013,16,691.0,0.0834818440331209,10,270.0,0.24275580019097362,26,961.0
5940.0,32,486.0,7.043478260869565,5.210866291382653,21,781.0,0.10390253485595163,11,250.0,0.294960896042137,32,1031.0
5945.0,30,440.0,6.875,4.7563177750426275,19,801.0,0.19637167722158555,11,233.0,0.274554453578104,30,1034.0
5950.0,36,586.0,9.60655737704918,3.611920270504033,21,878.0,0.19906998853756247,15,285.0,0.20701414856213965,36,1163.0
5955.0,38,658.0,11.152542372881356,2.9993424932717074,19,848.0,0.20069007397004715,19,367.0,0.15866321962600208,38,1215.0
5960.0,36,633.0,10.047619047619047,3.350873474953883,17,746.0,0.20830907343704738,19,429.0,0.19818476380235064,36,1175.0
5965.0,32,490.0,7.65625,3.4116836718527814,14,745.0,0.22861863414638864,18,464.0,0.22744524057197693,32,1209.0
5970.0,24,367.0,5.397058823529412,3.7646164967682463,6,665.0,0.2698152162310738,18,469.0,0.16866996466863257,24,1134.0
5975.0,25,273.0,4.014705882352941,5.084173267847261,12,652.0,0.2905213547208127,13,390.0,0.24815547965795628,25,1042.0
5980.0,18,170.0,2.5,5.52545401071134,12,609.0,0.18465723299369244,6,284.0,0.36544349104851925,18,893.0
5985.0,25,215.0,3.208955223880597,5.407080763790356,13,495.0,0.23550638703218166,12,269.0,0.3180503193269476,25,764.0
5990.0,30,243.0,3.7384615384615385,4.47451022700859,11,514.0,0.32744135892886234,19,311.0,0.23380288408054908,30,825.0
5995.0,30,346.0,5.242424242424242,4.055025260238636,13,579.0,0.25033517391517857,17,361.0,0.258043968420157,30,940.0
6000.0,36,382.0,6.063492063492063,3.2532581368168687,18,609.0,0.21719555770656898,18,365.0,0.22262888452054955,36,974.0
6005.0,29,324.0,4.909090909090909,3.548592039168343,14,606.0,0.18532645555625288,15,310.0,0.15748464944339222,29,916.0
6010.0,28,288.0,4.235294117647059,4.1242773211404735,12,572.0,0.21221262095922622,16,339.0,0.18361804829486014,28,911.0
6015.0,30,328.0,4.685714285714286,4.9854683815288485,13,603.0,0.3235418390469018,17,362.0,0.20920569623219723,30,965.0
6020.0,35,393.0,5.865671641791045,4.411762250983127,14,556.0,0.3105532311909859,21,423.0,0.24076057121369465,35,979.0
6025.0,32,368.0,5.841269841269841,3.5188955401520796,13,414.0,0.2246872977098357,19,469.0,0.24956374089137429,32,883.0
6030.0,33,361.0,5.46969696969697,3.3463425461039895,12,424.0,0.24977865449098796,21,513.0,0.19485415243603926,33,937.0
6035.0,37,486.0,7.043478260869565,4.030229872399803,11,411.0,0.3689084723594521,26,607.0,0.10722266798208095,37,1018.0
6040.0,38,562.0,8.028571428571428,4.327338931786932,12,452.0,0.3522412576417176,26,642.0,0.12475090901810937,38,1094.0
6045.0,31,479.0,6.746478873239437,5.3017036600981715,14,517.0,0.2781233610436177,17,579.0,0.1797480621614409,31,1096.0
6050.0,26,491.0,7.115942028985507,5.291324993592125,15,558.0,0.20961744536622373,11,510.0,0.23318014159019992,26,1068.0
6055.0,27,571.0,8.651515151515152,5.3228107170538195,16,604.0,0.20994362686204585,11,469.0,0.2634186183209885,27,1073.0
6060.0,34,623.0,9.734375,4.204987012839863,15,554.0,0.22792766495080477,19,475.0,0.20754145832815993,34,1029.0
6065.0,31,573.0,9.39344262295082,4.061586086519023,13,435.0,0.23209772593761227,18,495.0,0.28353841037808997,31,930.0
6070.0,30,332.0,5.354838709677419,4.275178861867153,14,399.0,0.3051672612211281,16,451.0,0.24143941494143803,30,850.0
6075.0,31,412.0,6.338461538461538,4.625386457783048,11,321.0,0.33674781502339723,20,447.0,0.21279195011943358,31,768.0
6080.0,33,479.0,7.044117647058823,4.260051908446393,14,367.0,0.2703187152460022,19,458.0,0.2436495088566058,33,825.0
6085.0,27,322.0,4.666666666666667,4.927255579024424,15,377.0,0.1913474678461032,12,396.0,0.36874309994938237,27,773.0
6090.0,19,240.0,3.4285714285714284,4.647109419940441,11,349.0,0.22728699628491816,8,366.0,0.29556288282883686,19,715.0
6095.0,25,228.0,3.257142857142857,4.957117600865528,9,354.0,0.30508917565815635,16,389.0,0.2212182033980798,25,743.0
6100.0,37,310.0,4.366197183098592,4.344193194925028,12,358.0,0.296626393118528,25,443.0,0.1574259204596969,37,801.0
6105.0,35,410.0,5.774647887323944,4.051306644981549,11,353.0,0.24267549531775234,24,492.0,0.19728521413405997,35,845.0
6110.0,28,455.0,6.594202898550725,4.2912998839908765,8,350.0,0.3540761443819875,20,501.0,0.20431974058143407,28,851.0
6115.0,26,418.0,6.430769230769231,4.75316796508129,8,372.0,0.4103439425484187,18,438.0,0.1809578161836654,26,810.0
6120.0,23,467.0,7.296875,5.749574099043421,10,414.0,0.28276438174994145,13,376.0,0.24991148891195594,23,790.0
6125.0,20,388.0,5.969230769230769,5.613888066171995,10,341.0,0.22496917740122627,10,323.0,0.2751946467631741,20,664.0
6130.0,25,421.0,6.901639344262295,5.452334756062095,9,199.0,0.4166672748231827,16,349.0,0.18947660578194642,25,548.0
6135.0,27,418.0,7.206896551724138,4.432223345592451,7,175.0,0.44184955467344006,20,411.0,0.1877046905757907,27,586.0
6140.0,23,445.0,7.807017543859649,5.234769713899706,6,163.0,0.48398695066815006,17,440.0,0.2512472831678504,23,603.0
6145.0,25,504.0,8.129032258064516,4.7306444987413405,8,196.0,0.4111840613295252,17,464.0,0.2155616774773646,25,660.0
6150.0,26,357.0,5.3283582089552235,4.804328414917589,11,129.0,0.2710935385056919,15,439.0,0.29041918010997664,26,568.0
6155.0,24,270.0,4.153846153846154,4.653076673899503,14,147.0,0.2305513080442366,10,369.0,0.27132920750870404,24,516.0
6160.0,26,259.0,3.7,4.873585582915269,14,185.0,0.19896040348572033,12,324.0,0.2667699682548453,26,509.0
6165.0,35,348.0,5.043478260869565,4.43098954748086,16,231.0,0.268875911214665,19,350.0,0.17830241693651736,35,581.0
6170.0,34,366.0,5.304347826086956,4.088137995033689,14,250.0,0.27801701102858206,20,379.0,0.19874450911834737,34,629.0
6175.0,25,282.0,4.338461538461538,4.082619600877388,7,198.0,0.34165569790865136,18,400.0,0.17281788080109758,25,598.0
6180.0,20,232.0,3.5692307692307694,5.06154694470721,6,155.0,0.3765897554022481,14,368.0,0.16189707272352993,20,523.0
6185.0,17,264.0,4.0,6.3263178071879835,6,149.0,0.3304095666362226,11,347.0,0.22788864002507392,17,496.0
6190.0,21,241.0,3.6515151515151514,5.4737686401401735,10,146.0,0.09317879518644852,11,360.0,0.1832489443952996,21,506.0
6195.0,25,274.0,4.419354838709677,5.112911725227713,11,140.0,0.2506675048634703,14,391.0,0.18411953182208765,25,531.0
6200.0,25,280.0,4.912280701754386,5.181089391414181,9,149.0,0.3414752835833858,16,403.0,0.2801800297403447,25,552.0
6205.0,30,388.0,7.185185185185185,4.070884913266825,12,192.0,0.3686182256638675,18,400.0,0.20945373918606597,30,592.0
6210.0,30,459.0,8.345454545454546,3.399234194193941,11,180.0,0.31836159403433023,19,477.0,0.17370791126034446,30,657.0
6215.0,34,606.0,10.631578947368421,3.7761804570116615,13,245.0,0.30415032541193976,21,550.0,0.18055732378595504,34,795.0
6220.0,32,551.0,9.5,3.4254547845675836,13,250.0,0.20018218264887408,19,562.0,0.21196375547260812,32,812.0
6225.0,20,315.0,5.080645161290323,4.543286587849788,9,179.0,0.2382688008443079,11,446.0,0.2017340188878119,20,625.0
6230.0,17,365.0,5.7936507936507935,6.384221800325838,8,177.0,0.3518974530433504,9,396.0,0.32981874951324747,17,573.0
6235.0,16,216.0,3.3230769230769233,6.048154876300369,6,178.0,0.3380001183598621,10,296.0,0.20701521858893235,16,474.0
6240.0,26,322.0,5.278688524590164,5.5793130093769765,12,204.0,0.31636571676156033,14,298.0,0.18528594846353977,26,502.0
6245.0,23,283.0,4.796610169491525,5.611380169403495,8,171.0,0.3544881145770017,15,346.0,0.257649502464047,23,517.0
6250.0,22,274.0,4.892857142857143,5.172668101765922,9,116.0,0.3951751893648227,13,372.0,0.2749894209137914,22,488.0
6255.0,23,258.0,4.526315789473684,4.66626546953193,9,121.0,0.35112731843638634,14,345.0,0.27332457123034354,23,466.0
6260.0,16,202.0,3.3666666666666667,6.005939053153387,7,117.0,0.3995767098819016,9,251.0,0.28412423347237975,16,368.0
6265.0,14,106.0,1.7666666666666666,6.205745595222,7,95.0,0.4350642590947067,7,191.0,0.23501891370362443,14,286.0
6270.0,22,176.0,2.8852459016393444,6.152801121463555,10,90.0,0.4378354286412928,12,237.0,0.2367586489088905,22,327.0
6275.0,27,260.0,4.482758620689655,5.318222867731915,13,147.0,0.35834741095004946,14,264.0,0.29707357801640843,27,411.0
6280.0,25,308.0,5.5,4.879663550457915,13,190.0,0.32000270778325257,12,259.0,0.3690127313150427,25,449.0
6285.0,26,327.0,5.637931034482759,4.422257472362664,13,203.0,0.27795532717610566,13,244.0,0.2436217264953709,26,447.0
6290.0,22,333.0,5.55,5.434604213418086,14,254.0,0.3280785146451297,8,197.0,0.1684184334349419,22,451.0
6295.0,18,293.0,4.883333333333334,5.818583673862478,12,272.0,0.2919695165547446,6,151.0,0.25258197211897954,18,423.0
6300.0,27,377.0,6.080645161290323,5.323013969839568,16,284.0,0.31362564212854643,11,195.0,0.18217801717188217,27,479.0
6305.0,27,402.0,6.590163934426229,5.021826094263817,15,324.0,0.3189160483306624,12,220.0,0.28844439736123995,27,544.0
6310.0,30,515.0,8.583333333333334,4.892074078187878,16,358.0,0.34882574948277933,14,247.0,0.3060135045678585,30,605.0
6315.0,29,544.0,8.5,3.958649298235505,18,414.0,0.23291989907899865,11,245.0,0.32329087086666647,29,659.0
6320.0,25,569.0,8.753846153846155,4.678977150884835,20,478.0,0.1779228059528125,5,158.0,0.3801718668059511,25,636.0
6325.0,26,510.0,8.225806451612904,5.342913224149326,19,457.0,0.16003282243679462,7,130.0,0.4553997339394605,26,587.0
6330.0,25,406.0,6.548387096774194,5.722346992549336,17,411.0,0.11813795780896547,8,162.0,0.38904677994432246,25,573.0
6335.0,21,212.0,3.719298245614035,5.30104579897304,14,437.0,0.1637469535677132,7,93.0,0.36558947606145886,21,530.0
6340.0,19,226.0,3.9649122807017543,5.538011104607236,10,465.0,0.19758684326497228,9,115.0,0.41330030912454485,19,580.0
6345.0,18,179.0,3.2545454545454544,4.905500129779361,11,484.0,0.24317002888768216,7,105.0,0.3712151214167835,18,589.0
6350.0,21,251.0,4.826923076923077,5.750828390968356,14,520.0,0.2528281585772665,7,86.0,0.45940094614479027,21,606.0
6355.0,25,283.0,5.339622641509434,4.549859252623978,16,530.0,0.24120968609096846,9,92.0,0.24410373055831025,25,622.0
6360.0,22,287.0,5.125,5.3025661762865015,16,477.0,0.2218106798500054,6,91.0,0.3173888437301143,22,568.0
6365.0,18,310.0,5.43859649122807,6.080122594667994,11,437.0,0.26883234249540566,7,122.0,0.4203761037128358,18,559.0
6370.0,14,298.0,5.418181818181818,6.720330148091728,10,461.0,0.29822214334051744,4,124.0,0.5497131012037878,14,585.0
6375.0,19,381.0,6.927272727272728,6.201074551659745,15,517.0,0.2835498824287908,4,132.0,0.49374037896861,19,649.0
6380.0,25,416.0,7.703703703703703,4.717241182077903,17,564.0,0.1667892826822836,8,139.0,0.42543500790134336,25,703.0
6385.0,28,491.0,9.627450980392156,3.856175102512799,18,609.0,0.10517993127804064,10,183.0,0.34234568424343687,28,792.0
6390.0,28,553.0,10.054545454545455,3.1198106909617294,18,633.0,0.09897807875123815,10,214.0,0.18751002850486928,28,847.0
6395.0,22,550.0,10.185185185185185,4.748714820695744,15,601.0,0.16925113699131653,7,220.0,0.33989328850627604,22,821.0
6400.0,22,388.0,7.185185185185185,4.909931475337533,14,636.0,0.24462173221477973,8,115.0,0.3428335971874202,22,751.0
6405.0,21,455.0,8.125,5.5069140121408315,17,719.0,0.17731971620335893,4,53.0,0.5233383858043767,21,772.0
6410.0,24,296.0,5.192982456140351,4.863348077230099,18,641.0,0.25802465245313994,6,76.0,0.2674535738576926,24,717.0
6415.0,27,330.0,5.409836065573771,5.174648504311075,15,582.0,0.27717382785519457,12,129.0,0.2924940154584678,27,711.0
6420.0,30,312.0,5.2,4.258170392971023,20,595.0,0.16788776927592358,10,140.0,0.4050505377471218,30,735.0
6425.0,24,314.0,5.147540983606557,5.06754735950457,18,586.0,0.15399673298786506,6,127.0,0.4421486439029161,24,713.0
6430.0,24,353.0,5.515625,5.455868170568744,15,562.0,0.1767890980970073,9,152.0,0.3531910507733833,24,714.0
6435.0,27,355.0,5.461538461538462,6.24452816232063,16,490.0,0.2158400615526051,11,206.0,0.3430952981988169,27,696.0
6440.0,21,285.0,4.384615384615385,5.348314451733088,12,538.0,0.1574169227442488,9,190.0,0.38184762204122713,21,728.0
6445.0,25,315.0,4.846153846153846,5.598334234022703,18,616.0,0.16533747676157556,7,131.0,0.5106231226947856,25,747.0
6450.0,26,298.0,4.806451612903226,5.277159573340302,18,605.0,0.23331928927908283,8,146.0,0.4725096959311613,26,751.0
6455.0,26,330.0,5.0,6.068787213453435,15,559.0,0.3376592616194948,11,170.0,0.41405542708396376,26,729.0
6460.0,27,387.0,5.6911764705882355,4.996891650802182,16,545.0,0.26658106677773774,11,179.0,0.3559404432647815,27,724.0
6465.0,32,448.0,6.309859154929577,4.779327306985296,14,484.0,0.2860328248526381,18,225.0,0.33783018564037687,32,709.0
6470.0,33,381.0,5.219178082191781,4.244684638717359,15,452.0,0.29143413224973713,18,275.0,0.27500448709142034,33,727.0
6475.0,26,389.0,5.1866666666666665,4.593668177663511,10,348.0,0.229377099981364,16,316.0,0.26972958465152663,26,664.0
6480.0,27,311.0,4.038961038961039,4.8291954927328495,10,342.0,0.2831803744218183,17,277.0,0.19409247375408034,27,619.0
6485.0,35,375.0,4.8076923076923075,4.888494077360595,15,374.0,0.19862942406597361,20,320.0,0.26286458684600816,35,694.0
6490.0,38,397.0,5.223684210526316,4.131822434846974,20,411.0,0.17661321624072723,18,353.0,0.27263818842808885,38,764.0
6495.0,36,488.0,6.777777777777778,3.856746522643994,18,485.0,0.1920341186480849,18,370.0,0.24147791587844059,36,855.0
6500.0,42,549.0,7.32,3.511509107065004,19,522.0,0.18327926536396813,23,437.0,0.1986441372699869,42,959.0
6505.0,30,475.0,6.1688311688311686,4.215452344774174,10,493.0,0.18239710849747567,20,461.0,0.18989589171897103,30,954.0
6510.0,29,456.0,6.0,4.2892963994742,10,510.0,0.22963111998712482,19,476.0,0.18961444807376376,29,986.0
6515.0,36,525.0,6.818181818181818,4.324674538519724,15,576.0,0.22738311910200562,21,461.0,0.19068991535380325,36,1037.0
6520.0,43,568.0,7.573333333333333,3.4748513418033773,17,554.0,0.24407309798885227,26,541.0,0.15566930982516788,43,1095.0
6525.0,43,549.0,7.223684210526316,3.110558317499862,16,455.0,0.2355233341631934,27,612.0,0.13175309866786483,43,1067.0
6530.0,47,636.0,8.153846153846153,3.325631122227893,19,476.0,0.26822327730468765,28,681.0,0.1391762932310449,47,1157.0
6535.0,33,549.0,6.8625,4.462344872757868,12,426.0,0.33997015206085995,21,695.0,0.13470541125902838,33,1121.0
6540.0,29,440.0,5.301204819277109,4.044157327773257,8,409.0,0.24444648849775627,21,710.0,0.11766782826437275,29,1119.0
6545.0,36,368.0,4.329411764705882,4.714289955031842,15,443.0,0.25560644083235906,21,656.0,0.16369151381383787,36,1099.0
6550.0,39,411.0,5.269230769230769,3.7899774257729324,19,474.0,0.22294159462673235,20,695.0,0.1974134246569221,39,1169.0
6555.0,30,465.0,6.038961038961039,4.205047695647179,14,464.0,0.17918925994098292,16,672.0,0.2145445021451038,30,1136.0
6560.0,28,372.0,4.769230769230769,4.472423114638158,12,467.0,0.1810395963950817,16,634.0,0.2214307441986655,28,1101.0
6565.0,37,455.0,5.9868421052631575,5.042102221885321,17,511.0,0.2383823110438828,20,574.0,0.22976481604064886,37,1085.0
6570.0,39,527.0,7.219178082191781,4.149746559342069,18,580.0,0.2557688585409279,21,620.0,0.21819204094590242,39,1200.0
6575.0,40,601.0,8.585714285714285,3.3391375406769144,22,666.0,0.17252931627783594,18,623.0,0.19910362937852907,40,1289.0
6580.0,43,678.0,9.549295774647888,2.9003745519625412,24,714.0,0.13650478505731997,19,672.0,0.21131554778132342,43,1386.0
6585.0,33,605.0,7.756410256410256,4.171197635292493,16,687.0,0.14593399429282547,17,674.0,0.2688522815136546,33,1361.0
6590.0,26,664.0,8.3,5.521719529761146,11,656.0,0.2423925941913077,15,708.0,0.311944027605966,26,1364.0
6595.0,21,601.0,7.419753086419753,6.1939909590534015,6,515.0,0.3650492989209616,15,733.0,0.24012256121077633,21,1248.0
6600.0,25,508.0,6.684210526315789,5.0718953560256335,6,312.0,0.3383425714714131,19,749.0,0.16464615968803833,25,1061.0
6605.0,37,559.0,7.657534246575342,3.9037194216128506,17,368.0,0.19792819871687917,20,748.0,0.19024925789954367,37,1116.0
6610.0,45,502.0,7.27536231884058,2.6951812655758873,27,479.0,0.10249118799534147,18,644.0,0.20808912875706245,45,1123.0
6615.0,41,541.0,7.728571428571429,2.5453645763492845,26,542.0,0.13986019393706217,15,686.0,0.12754775980839625,41,1228.0
6620.0,29,481.0,6.971014492753623,3.7807232487806575,15,506.0,0.20452536154573037,14,686.0,0.13821957849368935,29,1192.0
6625.0,27,528.0,7.764705882352941,5.087587440347629,11,457.0,0.25755224332529186,16,722.0,0.15133686824063328,27,1179.0
6630.0,23,524.0,7.9393939393939394,5.739336225864804,8,400.0,0.3178503691721061,15,700.0,0.1790603866412844,23,1100.0
6635.0,25,580.0,9.35483870967742,5.573058289458346,11,420.0,0.32616413427337876,14,587.0,0.27935445500918843,25,1007.0
6640.0,27,536.0,9.084745762711865,4.308259939561209,14,363.0,0.25533493065332047,13,593.0,0.3024260622782648,27,956.0
6645.0,28,496.0,8.40677966101695,4.445384309066522,17,312.0,0.22170421703039858,11,590.0,0.38759122847958954,28,902.0
6650.0,35,632.0,10.193548387096774,3.4601739636366613,21,402.0,0.17363460576184472,14,563.0,0.2810599235246822,35,965.0
6655.0,40,813.0,12.318181818181818,3.360541002532564,22,513.0,0.22196024730069455,18,569.0,0.17843285780230395,40,1082.0
6660.0,44,859.0,12.44927536231884,2.7718385190452137,22,530.0,0.18949728665529889,22,632.0,0.15221192874338293,44,1162.0
6665.0,33,767.0,10.80281690140845,3.746875499817188,14,453.0,0.20357624587794976,19,671.0,0.17308435133702313,33,1124.0
6670.0,28,457.0,6.175675675675675,4.479257598813399,11,509.0,0.2286719222972813,17,570.0,0.1797316790059392,28,1079.0
6675.0,30,396.0,5.076923076923077,5.175457079991903,14,565.0,0.26292713569549114,16,363.0,0.20907522946182294,30,928.0
6680.0,33,450.0,5.921052631578948,4.422196601104544,16,557.0,0.26978203236331644,17,371.0,0.18274577729304248,33,928.0
6685.0,28,393.0,5.24,4.512127843776268,12,484.0,0.28727436654756705,16,354.0,0.18683980172228395,28,838.0
6690.0,27,381.0,5.08,4.851571156352153,14,418.0,0.3141583188696686,13,389.0,0.22112260334282677,27,807.0
6695.0,28,412.0,5.35064935064935,4.478871111580139,14,402.0,0.27856227652661936,14,429.0,0.2190217718195925,28,831.0
6700.0,41,525.0,6.818181818181818,3.5711611213847108,21,470.0,0.20368802624142157,20,483.0,0.26563660697769476,41,953.0
6705.0,41,552.0,7.2631578947368425,3.3683941968677686,25,550.0,0.18837577975016007,16,493.0,0.2639820766914403,41,1043.0
6710.0,42,594.0,7.156626506024097,3.4688433091012634,27,596.0,0.09123077720316598,15,445.0,0.2952389937785296,42,1041.0
6715.0,36,505.0,5.9411764705882355,4.1769965693780495,23,575.0,0.11410614556167174,13,399.0,0.30086305105111694,36,974.0
6720.0,37,583.0,6.625,4.4189969972163645,18,656.0,0.21044266429809624,19,405.0,0.21801991991294106,37,1061.0
6725.0,40,649.0,7.546511627906977,3.75248751472735,19,707.0,0.2353574882570924,21,435.0,0.1861273977572642,40,1142.0
6730.0,38,583.0,7.109756097560975,3.3583540685645317,22,748.0,0.13346111926796897,16,396.0,0.30179425407605853,38,1144.0
6735.0,43,631.0,7.511904761904762,2.8890514439787784,28,771.0,0.08925849829937851,15,410.0,0.22764041614491934,43,1181.0
6740.0,45,672.0,7.724137931034483,3.2449846994076053,32,844.0,0.0652436537388746,13,378.0,0.23545403553940958,45,1222.0
6745.0,41,716.0,8.423529411764706,4.492364330705759,25,831.0,0.13644279700596196,16,382.0,0.22505593877578028,41,1213.0
6750.0,39,786.0,9.24705882352941,4.745323903399471,20,814.0,0.16101900048331327,19,457.0,0.1680750019590174,39,1271.0
6755.0,27,434.0,5.2926829268292686,5.003998268239155,10,627.0,0.21052546224203172,17,496.0,0.155337615243457,27,1123.0
6760.0,37,547.0,7.103896103896104,4.474684945132437,18,539.0,0.23056762971607508,19,555.0,0.19254396700993717,37,1094.0
6765.0,35,587.0,7.9324324324324325,3.8475816010928345,19,565.0,0.20891931009976025,16,510.0,0.24806132615084134,35,1075.0
6770.0,27,548.0,7.506849315068493,4.396585805061686,14,539.0,0.20487509734276133,13,435.0,0.3008955917098497,27,974.0
6775.0,24,438.0,5.918918918918919,4.207167088456236,13,531.0,0.21277839085081338,11,393.0,0.26372876368490517,24,924.0
6780.0,27,277.0,3.4625,3.9521199436821375,15,502.0,0.1608221162466342,12,352.0,0.2856566504545147,27,854.0
6785.0,37,412.0,5.215189873417722,3.9417114811502123,21,537.0,0.1629560202705874,16,368.0,0.3475020151860072,37,905.0
6790.0,34,419.0,5.371794871794871,3.6300187765277943,18,521.0,0.19383219921030695,16,390.0,0.22354403608250528,34,911.0
6795.0,29,426.0,5.532467532467533,4.394014012160842,13,495.0,0.2099567929311952,16,380.0,0.15965272234643654,29,875.0
6800.0,30,364.0,4.7272727272727275,4.417103482845123,13,403.0,0.22121120326101654,17,394.0,0.09618265776942617,30,797.0
6805.0,35,354.0,4.783783783783784,4.186697784327085,16,392.0,0.15477365591181244,19,400.0,0.1561460273120041,35,792.0
6810.0,37,338.0,4.828571428571428,3.3975702153909517,20,417.0,0.14592807689842027,17,460.0,0.2044520958167861,37,877.0
6815.0,38,477.0,6.71830985915493,3.271552021975469,21,480.0,0.1839250205960081,17,505.0,0.20218076513166525,38,985.0
6820.0,42,527.0,7.121621621621622,3.3431126178207298,23,533.0,0.20198611230307592,19,518.0,0.25413481235705027,42,1051.0
6825.0,29,436.0,5.7368421052631575,4.569105943009374,15,526.0,0.2601196966950472,14,480.0,0.24409331657004663,29,1006.0
6830.0,29,499.0,6.3164556962025316,5.265590377477135,12,507.0,0.2828768032656494,17,486.0,0.21915911786383346,29,993.0
6835.0,24,343.0,4.182926829268292,5.523959275705345,8,412.0,0.30501637876966414,16,486.0,0.19149855632127044,24,898.0
6840.0,35,418.0,5.428571428571429,4.736326151622895,13,378.0,0.24343553910758026,22,517.0,0.1898903889792333,35,895.0
6845.0,39,465.0,6.36986301369863,3.539089982462792,19,401.0,0.1597370773280495,20,542.0,0.20515022260844862,39,943.0
6850.0,39,504.0,7.2,3.674984122603209,21,444.0,0.1383397637137189,18,502.0,0.2392231396345408,39,946.0
6855.0,38,523.0,7.164383561643835,3.099938293602516,20,484.0,0.12101043536632733,18,530.0,0.21288622643313992,38,1014.0
6860.0,29,402.0,5.36,4.408118861134449,15,445.0,0.13338853593088637,14,520.0,0.26637875358586094,29,965.0
6865.0,23,204.0,2.6493506493506493,4.642320010895296,8,391.0,0.24077586932906903,15,497.0,0.20262714542477717,23,888.0
6870.0,29,235.0,3.051948051948052,5.354190046774166,12,412.0,0.2638844137571401,17,490.0,0.23485870338535547,29,902.0
6875.0,34,330.0,4.45945945945946,3.848436122454373,15,418.0,0.20725816311080306,19,533.0,0.1913226747969171,34,951.0
6880.0,24,348.0,4.833333333333333,3.9138571862717666,9,362.0,0.17633074797204523,15,538.0,0.16767376188156663,24,900.0
6885.0,26,314.0,4.422535211267606,4.492376784661501,7,247.0,0.2651830744508751,19,538.0,0.17496934672282424,26,785.0
6890.0,27,239.0,3.1866666666666665,4.800876262696062,8,198.0,0.2917904140887519,19,488.0,0.16862237481948658,27,686.0
6895.0,36,357.0,4.76,4.556859266543659,14,226.0,0.31383849447388296,22,476.0,0.2170003924667256,36,702.0
6900.0,37,453.0,6.205479452054795,4.1369862354090206,15,292.0,0.3486364122429256,22,521.0,0.21976484033054264,37,813.0
6905.0,40,578.0,7.706666666666667,3.926767242601875,18,382.0,0.27782578819323683,22,541.0,0.21901666234271291,40,923.0
6910.0,40,602.0,7.818181818181818,3.590804732051764,18,394.0,0.2543080473183587,22,589.0,0.18943962230232367,40,983.0
6915.0,32,386.0,5.012987012987013,4.107347584411209,12,309.0,0.21566677756681718,20,577.0,0.1664988046335102,32,886.0
6920.0,27,447.0,6.208333333333333,4.863386791722313,9,259.0,0.25033529227523804,18,579.0,0.16597300868166961,27,838.0
6925.0,27,377.0,5.164383561643835,4.681179550166346,9,257.0,0.17291078732043721,18,572.0,0.15393939868434256,27,829.0
6930.0,35,489.0,6.698630136986301,4.437989504439482,13,285.0,0.18488072749393555,22,581.0,0.1459279220392311,35,866.0
6935.0,34,501.0,7.477611940298507,4.518523778521624,12,273.0,0.310823248992862,22,621.0,0.19137926206733583,34,894.0
6940.0,33,610.0,9.104477611940299,4.799985035721136,13,333.0,0.30326226188964284,20,634.0,0.24472912739046151,33,967.0
6945.0,33,632.0,9.432835820895523,3.8976030239068864,13,328.0,0.30666257233409716,20,658.0,0.18569648712798906,33,986.0
6950.0,23,500.0,7.575757575757576,4.691677291648162,8,246.0,0.2714395240087082,15,620.0,0.20624822065604745,23,866.0
6955.0,20,334.0,5.21875,5.210342510068086,5,87.0,0.3243869861082607,15,572.0,0.2008798018395144,20,659.0
6960.0,23,197.0,3.126984126984127,5.209026323333109,8,99.0,0.28627834917266864,15,491.0,0.2026149475002511,23,590.0
6965.0,28,252.0,4.131147540983607,4.7807562791711025,10,126.0,0.3376945550630969,18,533.0,0.21799675246829264,28,659.0
6970.0,28,350.0,5.737704918032787,4.689424393237944,9,166.0,0.42243764448223525,19,570.0,0.19738393279609626,28,736.0
6975.0,30,373.0,5.828125,4.191641464907963,8,162.0,0.34779574964486965,22,601.0,0.22517881808944004,30,763.0
6980.0,20,323.0,5.046875,5.40988495710099,5,120.0,0.4053907452136331,15,585.0,0.2778662184015927,20,705.0
6985.0,18,192.0,3.0476190476190474,5.334953762594977,4,80.0,0.35004617378324854,14,544.0,0.2495175263471558,18,624.0
6990.0,31,291.0,4.476923076923077,4.945491121309458,11,88.0,0.33945312895049395,20,554.0,0.15951431586973372,31,642.0
6995.0,32,362.0,5.746031746031746,4.296808757119678,9,109.0,0.3644859493331819,23,572.0,0.1230944048696825,32,681.0
7000.0,34,397.0,6.203125,3.7900851501705377,13,155.0,0.33554912389327723,21,529.0,0.14106634353824732,34,684.0
7005.0,27,369.0,5.951612903225806,3.929328715177543,11,175.0,0.37333858902307465,16,543.0,0.15769528450216042,27,718.0
7010.0,18,277.0,4.775862068965517,4.763082420426979,7,146.0,0.40701141277451375,11,488.0,0.13470548194076126,18,634.0
7015.0,17,337.0,6.2407407407407405,4.3333002046134474,6,139.0,0.2486909691603091,11,438.0,0.131226894626042,17,577.0
7020.0,26,421.0,7.517857142857143,4.083983610652952,13,189.0,0.17608093522019388,13,422.0,0.12269597104798763,26,611.0
7025.0,27,356.0,6.980392156862745,3.965970985898193,12,164.0,0.2896047609574097,15,426.0,0.19062448243880117,27,590.0
7030.0,26,338.0,6.5,4.052536869735018,12,207.0,0.29159931296548464,14,412.0,0.20819399929043383,26,619.0
7035.0,25,346.0,6.528301886792453,3.8567023035732024,10,230.0,0.36788066095856636,15,413.0,0.14478635112617858,25,643.0
7040.0,18,326.0,6.269230769230769,5.532050348372143,8,203.0,0.41924447973229934,10,369.0,0.2020172854553297,18,572.0
7045.0,14,196.0,4.0,5.2052008360521,5,145.0,0.35810077655030714,9,346.0,0.15597459666461086,14,491.0
7050.0,18,151.0,2.9607843137254903,5.8167560201843225,7,71.0,0.3055705341342555,11,317.0,0.20895584570928616,18,388.0
7055.0,15,185.0,3.8541666666666665,5.318720278089799,6,84.0,0.3272474910263438,9,337.0,0.2862142138509084,15,421.0
7060.0,14,219.0,4.760869565217392,7.6717677531624044,7,96.0,0.46280945349802255,7,318.0,0.42899329457976837,14,414.0
7065.0,16,234.0,5.571428571428571,5.4363845175022725,7,94.0,0.1895710919969031,9,323.0,0.33279339703464367,16,417.0
7070.0,21,330.0,7.5,5.134384610628216,10,131.0,0.19274582961489273,11,349.0,0.23132600870463874,21,480.0
7075.0,20,312.0,7.255813953488372,4.358856317011429,8,133.0,0.3247601252389397,12,338.0,0.1888535606333367,20,471.0
7080.0,16,285.0,6.195652173913044,5.920302678010908,6,110.0,0.500045630950272,10,248.0,0.23773690594111396,16,358.0
7085.0,13,236.0,5.2444444444444445,5.771271730424374,3,88.0,0.5468260637158318,10,255.0,0.2617873534306409,13,343.0
7090.0,14,243.0,5.282608695652174,6.670171179285342,6,82.0,0.49042511934816757,8,234.0,0.30019538619150943,14,316.0
7095.0,12,109.0,2.369565217391304,5.59297679286244,7,94.0,0.2930343810732923,5,140.0,0.27863371143521104,12,234.0
7100.0,24,199.0,4.061224489795919,5.765369135028069,15,136.0,0.27771652900194643,9,124.0,0.3100361963318849,24,260.0
7105.0,19,253.0,5.270833333333333,5.307700135948104,11,181.0,0.31845761303103065,8,143.0,0.3611670384197632,19,324.0
7110.0,21,329.0,7.311111111111111,5.100557064456448,10,200.0,0.33080256356933757,11,189.0,0.3353088968084487,21,389.0
7115.0,22,360.0,7.2,5.109093674280435,12,247.0,0.2832198842945995,10,187.0,0.3114813101426396,22,434.0
7120.0,12,232.0,4.296296296296297,6.1282290005282265,7,198.0,0.22479540512284457,5,150.0,0.3852091292437193,12,348.0
7125.0,15,251.0,4.648148148148148,7.159927136011207,9,145.0,0.2798759838226822,6,170.0,0.4240682885232186,15,315.0
7130.0,20,333.0,6.66,7.074349071303413,11,190.0,0.3044384579924847,9,205.0,0.44178789374699096,20,395.0
7135.0,20,431.0,9.369565217391305,5.536870135566339,10,240.0,0.31015938740121374,10,256.0,0.306651743416537,20,496.0
7140.0,25,376.0,8.173913043478262,3.9084969365502924,11,195.0,0.3336015644032378,14,319.0,0.13035855066910287,25,514.0
7145.0,23,307.0,6.26530612244898,4.17944573596815,10,129.0,0.38655431888043756,13,296.0,0.13805990963191594,23,425.0
7150.0,23,285.0,5.588235294117647,4.953691567353691,9,126.0,0.4272784198012188,14,269.0,0.2169229863600107,23,395.0
7155.0,17,272.0,5.230769230769231,5.859000453539655,7,89.0,0.4456011851433022,10,276.0,0.27414390841369596,17,365.0
7160.0,13,242.0,4.938775510204081,6.79448678227186,9,125.0,0.39190632700061934,4,205.0,0.3379868941784726,13,330.0
7165.0,12,227.0,4.829787234042553,6.4513985217725605,7,118.0,0.33135389798845183,5,188.0,0.3054456399357527,12,306.0
7170.0,17,272.0,5.551020408163265,6.331890210340366,7,120.0,0.3416334976792479,10,228.0,0.31264078174328946,17,348.0
7175.0,19,290.0,6.444444444444445,5.811997594793336,9,114.0,0.3539647097437229,10,274.0,0.39959213299359186,19,388.0
7180.0,18,371.0,7.8936170212765955,5.784047410095237,8,126.0,0.3746660291647825,10,324.0,0.33569633372690405,18,450.0
7185.0,16,361.0,7.078431372549019,5.362292730012104,8,155.0,0.33018740032066995,8,303.0,0.307487197963641,16,458.0
7190.0,14,376.0,6.962962962962963,6.543586371767999,9,176.0,0.2838456688267024,5,243.0,0.402714255774791,14,419.0
7195.0,15,340.0,6.538461538461538,6.445158441373124,8,133.0,0.2650834288412794,7,262.0,0.42806079431779065,15,395.0
7200.0,20,417.0,7.867924528301887,6.3556256240233635,9,132.0,0.26325900609193026,11,310.0,0.3731833176050208,20,442.0
