step,system_total_stopped,system_total_waiting_time,system_mean_waiting_time,system_mean_speed,J17_stopped,J17_accumulated_waiting_time,J17_average_speed,J18_stopped,J18_accumulated_waiting_time,J18_average_speed,agents_total_stopped,agents_total_accumulated_waiting_time
5.0,1,0.0,0.0,1.4875856447964906,0,0.0,1.0,1,0.0,0.10039144977264522,1,0.0
10.0,0,0.0,0.0,6.43982856516183,0,0.0,0.35586134846798273,0,0.0,0.5321587328218166,0,0.0
15.0,1,0.0,0.0,9.642339389164036,0,0.0,0.7358082538332459,1,0.0,0.6458210445333658,1,0.0
20.0,1,0.0,0.0,9.263992999502092,1,0.0,0.6691107860670188,0,0.0,0.6806738724870073,1,0.0
25.0,1,4.0,0.26666666666666666,8.095840651524556,0,0.0,0.5899341346104433,1,4.0,0.6322910129114043,1,4.0
30.0,5,15.0,0.75,7.854740907659405,4,6.0,0.49089439908075044,1,9.0,0.6624283616098859,5,15.0
35.0,6,33.0,1.434782608695652,7.543057908485635,3,17.0,0.5548134548288279,3,16.0,0.5519662091317422,6,33.0
40.0,8,53.0,2.12,6.709903186686779,4,21.0,0.5314520743872385,4,32.0,0.5060691398120095,8,53.0
45.0,11,97.0,3.4642857142857144,5.60632939339671,4,41.0,0.32963410091369105,7,59.0,0.4413645840327409,11,100.0
50.0,13,129.0,4.03125,5.240202016000357,7,68.0,0.22321075044466096,6,64.0,0.43801989208205905,13,132.0
55.0,14,197.0,5.96969696969697,5.72937061083683,7,109.0,0.38846030161983025,7,97.0,0.3937595857174607,14,206.0
60.0,11,139.0,4.088235294117647,5.607035878890902,4,91.0,0.5193720110123603,7,84.0,0.3157640880539148,11,175.0
65.0,12,184.0,5.257142857142857,5.840097295973334,6,109.0,0.4427965360855398,6,89.0,0.28299542754155643,12,198.0
70.0,13,132.0,3.2195121951219514,5.262692350878839,6,76.0,0.3421070446310393,7,110.0,0.2568371999840006,13,186.0
75.0,16,192.0,4.465116279069767,6.663866975176791,7,53.0,0.3579061998596365,9,153.0,0.4091139592185112,16,206.0
80.0,12,106.0,2.409090909090909,6.056211862852683,6,64.0,0.2660190912106726,6,118.0,0.4518092490674802,12,182.0
85.0,9,112.0,2.488888888888889,8.041267085245257,4,68.0,0.48393154554747714,5,68.0,0.5220456072365086,9,136.0
90.0,12,144.0,3.272727272727273,6.944097439500951,4,65.0,0.49513561179846755,8,97.0,0.3683588917742069,12,162.0
95.0,16,204.0,4.434782608695652,7.263037618531203,4,73.0,0.5285192639400159,12,153.0,0.27658113157898195,16,226.0
100.0,13,148.0,3.2888888888888888,5.947863115280317,4,25.0,0.3898745010241977,9,167.0,0.22288560752022762,13,192.0
105.0,19,214.0,4.976744186046512,6.466705573639771,8,64.0,0.4465057156204137,11,180.0,0.34664568255371936,19,244.0
110.0,14,143.0,3.25,5.674710990109652,6,70.0,0.4392565511936643,8,166.0,0.3821597737969577,14,236.0
115.0,11,156.0,3.7142857142857144,6.835185165347716,5,73.0,0.49660400500066093,6,134.0,0.4517324873813894,11,207.0
120.0,15,158.0,3.590909090909091,5.579963420662603,6,92.0,0.3735392680669388,9,130.0,0.2894454540893094,15,222.0
125.0,21,212.0,4.608695652173913,5.441737543964983,10,138.0,0.3746712146338096,11,121.0,0.24093380587354077,21,259.0
130.0,19,250.0,5.813953488372093,3.7137067121376095,11,190.0,0.24349288657312892,8,133.0,0.25904335058535777,19,323.0
135.0,25,349.0,7.931818181818182,4.358114693925568,16,257.0,0.20641824130332925,9,133.0,0.26623350726367023,25,390.0
140.0,21,362.0,8.418604651162791,4.097253648964662,13,291.0,0.25870431408406336,8,149.0,0.12902362467556364,21,440.0
145.0,20,398.0,8.844444444444445,5.442994422290999,8,270.0,0.3779891788990708,12,174.0,0.08980147764555724,20,444.0
150.0,18,396.0,9.428571428571429,4.604997734799283,8,231.0,0.2706717072842621,10,215.0,0.17944609385282495,18,446.0
155.0,21,472.0,10.488888888888889,5.021102327259032,11,247.0,0.2876061968620055,10,268.0,0.23235246265153223,21,515.0
160.0,17,404.0,9.181818181818182,4.642328376954122,10,289.0,0.2212948256811944,7,229.0,0.3662779505527722,17,518.0
165.0,18,448.0,9.73913043478261,6.344970528259953,12,345.0,0.36671947581832975,6,155.0,0.5022110623113426,18,500.0
170.0,18,470.0,10.444444444444445,5.810331877332837,11,353.0,0.3673881889922353,7,187.0,0.4624287774777697,18,540.0
175.0,16,514.0,11.422222222222222,5.775918855111527,9,317.0,0.39146031984592244,7,222.0,0.3363710931432966,16,539.0
180.0,22,454.0,9.08,4.733594497841076,12,342.0,0.28900950134759307,10,192.0,0.2502545457520331,22,534.0
185.0,22,450.0,9.0,5.248110049777552,13,376.0,0.2830481174478255,9,138.0,0.3723973920895195,22,514.0
190.0,19,440.0,8.30188679245283,5.284317453739913,13,409.0,0.27055325147851256,6,128.0,0.4183489885619453,19,537.0
195.0,24,494.0,9.148148148148149,5.382690809484655,16,461.0,0.2416060340118643,8,104.0,0.4447817191842392,24,565.0
200.0,22,525.0,9.90566037735849,4.9025880992373985,14,494.0,0.13938514016146653,8,124.0,0.45000286962449054,22,618.0
205.0,20,554.0,10.653846153846153,5.967988801670372,8,484.0,0.29645325402354056,12,175.0,0.3594710187698143,20,659.0
210.0,20,241.0,4.634615384615385,4.437597136035581,10,302.0,0.24064583385345378,10,216.0,0.18144626076916595,20,518.0
215.0,19,262.0,5.038461538461538,5.488569299511861,9,139.0,0.2875435055989481,10,257.0,0.21209669793137315,19,396.0
220.0,22,281.0,5.403846153846154,5.395447993807216,11,162.0,0.3004455583591662,11,243.0,0.24603657891629824,22,405.0
225.0,21,269.0,5.0754716981132075,5.833907409054073,14,226.0,0.3055582323588571,7,228.0,0.35500668160009063,21,454.0
230.0,19,230.0,4.181818181818182,5.00434445814323,13,255.0,0.33280558746514743,6,185.0,0.3160360961910344,19,440.0
235.0,27,332.0,5.627118644067797,5.4709701949337175,15,293.0,0.3448490017651897,12,192.0,0.34990055741274967,27,485.0
240.0,26,306.0,5.1,5.704160929121909,14,288.0,0.34880333315268847,12,231.0,0.4202640447436401,26,519.0
245.0,22,239.0,3.7936507936507935,4.875659278552941,9,199.0,0.28438326252509405,13,270.0,0.26291415341250995,22,469.0
250.0,19,199.0,3.1587301587301586,5.236460420004408,5,153.0,0.42370556112838526,14,298.0,0.12918422050214165,19,451.0
255.0,21,242.0,3.723076923076923,5.328740764358757,11,183.0,0.299243737050538,10,272.0,0.24176173972427123,21,455.0
260.0,31,311.0,4.859375,4.781881108583917,19,258.0,0.24003968983283205,12,269.0,0.2688788266919132,31,527.0
265.0,30,304.0,4.470588235294118,4.726032475130066,20,303.0,0.24210141112439065,10,220.0,0.2980640448053985,30,523.0
270.0,25,304.0,4.537313432835821,4.372489567652863,14,294.0,0.29367605075081366,11,241.0,0.2381702811684955,25,535.0
275.0,25,298.0,4.257142857142857,4.996477431905028,14,299.0,0.2494081676848958,11,256.0,0.330918797619936,25,555.0
280.0,27,361.0,4.878378378378378,5.190671030278068,18,330.0,0.20499418056069219,9,248.0,0.36368764200244996,27,578.0
285.0,30,353.0,4.902777777777778,4.795194135136559,19,344.0,0.2422060518668077,11,231.0,0.3192280873287385,30,575.0
290.0,33,424.0,5.808219178082192,4.6443535429337,22,377.0,0.23223598404318205,11,268.0,0.3007460811361605,33,645.0
295.0,35,492.0,6.739726027397261,4.350055970845795,22,406.0,0.13343442198229472,13,302.0,0.2843865564234941,35,708.0
300.0,31,341.0,4.671232876712328,4.572391597131196,21,395.0,0.1449959603494066,10,260.0,0.226649870413308,31,655.0
305.0,29,448.0,6.588235294117647,5.2948303941344275,16,381.0,0.25665912653196377,13,258.0,0.15335451281361034,29,639.0
310.0,27,493.0,7.584615384615384,4.62273652770973,16,388.0,0.2804063237781744,11,301.0,0.055901697991598075,27,689.0
315.0,29,525.0,8.203125,4.890210627390467,16,403.0,0.25278648377614354,13,346.0,0.22511673285955527,29,749.0
320.0,30,515.0,8.306451612903226,4.275743156713239,19,413.0,0.13583598633171173,11,353.0,0.3425861855253009,30,766.0
325.0,29,542.0,8.603174603174603,4.838978898806593,23,498.0,0.14907421553762534,6,330.0,0.4736418026321458,29,828.0
330.0,29,405.0,6.639344262295082,3.659907770513163,23,551.0,0.19171514395518535,6,244.0,0.3669634800340261,29,795.0
335.0,24,388.0,6.158730158730159,4.7323174677665225,14,556.0,0.28420109779493913,10,187.0,0.2767916176782387,24,743.0
340.0,27,298.0,4.65625,4.141339754893195,13,504.0,0.2869564657165696,14,212.0,0.09210250281128111,27,716.0
345.0,30,315.0,4.701492537313433,4.98436898186285,15,414.0,0.2700529346996634,15,288.0,0.29671855604320097,30,702.0
350.0,30,371.0,5.796875,3.939100360518416,19,445.0,0.20029278014751692,11,295.0,0.3687094122603886,30,740.0
355.0,25,416.0,6.4,4.301196232343957,16,448.0,0.2105183395333059,9,245.0,0.3572105646982286,25,693.0
360.0,21,376.0,5.449275362318841,4.113026012481711,11,432.0,0.2730339904800663,10,239.0,0.18660084707694005,21,671.0
365.0,23,400.0,5.555555555555555,5.52822786144857,17,483.0,0.2540228424176981,6,183.0,0.3533371717884084,23,666.0
370.0,25,432.0,6.084507042253521,4.637680447928326,18,526.0,0.16037285241261057,7,160.0,0.31207472786503326,25,686.0
375.0,28,500.0,6.8493150684931505,5.056530713214635,16,568.0,0.2206750765270561,12,165.0,0.3155535377475806,28,733.0
380.0,27,463.0,6.614285714285714,4.981543274477928,15,539.0,0.2983393724431574,12,180.0,0.2860559499506786,27,719.0
385.0,25,355.0,5.144927536231884,4.867278419479083,16,447.0,0.2156233885072352,9,174.0,0.3599215292325389,25,621.0
390.0,28,352.0,5.0285714285714285,4.201476017311388,19,495.0,0.2027103916012722,9,142.0,0.32591206042477844,28,637.0
395.0,21,395.0,5.642857142857143,5.482311925199063,13,516.0,0.26910987266571895,8,131.0,0.39892682716568567,21,647.0
400.0,24,298.0,4.257142857142857,5.016185375422116,15,457.0,0.2845473460537626,9,150.0,0.3006043292940091,24,607.0
405.0,30,322.0,4.735294117647059,4.820108455283832,20,426.0,0.1915693032881578,10,189.0,0.39098024427959216,30,615.0
410.0,30,356.0,5.313432835820896,4.260032798560248,22,493.0,0.1509497242445602,8,184.0,0.38051557236809924,30,677.0
415.0,27,434.0,6.477611940298507,4.725640972488896,19,541.0,0.19447837309686541,8,188.0,0.2634970772321018,27,729.0
420.0,28,483.0,7.0,4.400023774469123,17,511.0,0.2028667992547688,11,234.0,0.15167867909975957,28,745.0
425.0,32,508.0,7.470588235294118,4.8903974855890855,21,484.0,0.15395306952201987,11,292.0,0.33043256619930833,32,776.0
430.0,31,504.0,7.753846153846154,4.87330868394535,23,533.0,0.11958750894046598,8,297.0,0.47056893156926005,31,830.0
435.0,27,541.0,8.587301587301587,4.66115899370736,21,612.0,0.14521553475450336,6,281.0,0.41922838963352477,27,893.0
440.0,32,580.0,10.0,3.2284434976977816,22,669.0,0.13717273161991542,10,298.0,0.3028495015634945,32,967.0
445.0,29,554.0,9.233333333333333,3.984363480245381,17,666.0,0.1502734768659071,12,327.0,0.3472113512694888,29,993.0
450.0,26,636.0,10.095238095238095,4.097323762509645,18,706.0,0.19187753731087545,8,356.0,0.30430636333987415,26,1062.0
455.0,29,723.0,10.954545454545455,4.956696297600212,19,736.0,0.16626341591357716,10,383.0,0.36907641911712347,29,1119.0
460.0,29,367.0,5.6461538461538465,4.360594455754765,22,731.0,0.08906059640793247,7,237.0,0.4158993762420653,29,968.0
465.0,33,498.0,7.661538461538462,4.5333154283329264,25,774.0,0.11153427167862498,8,130.0,0.41049104951059984,33,904.0
470.0,32,507.0,7.8,4.387502830826047,24,817.0,0.15613277951780005,8,110.0,0.39301062727333386,32,927.0
475.0,24,457.0,7.253968253968254,5.024970467739687,14,761.0,0.18810760579252275,10,97.0,0.408781427594114,24,858.0
480.0,23,474.0,7.645161290322581,4.9042453986051315,12,716.0,0.2701567978713932,11,109.0,0.2790413093962398,23,825.0
485.0,25,455.0,7.459016393442623,5.3716316446317585,10,623.0,0.3711932926778611,15,135.0,0.18658560628627985,25,758.0
490.0,25,255.0,4.112903225806452,4.886741723766499,11,489.0,0.3065293902664519,14,174.0,0.25789574896648854,25,663.0
495.0,22,292.0,4.709677419354839,5.090701675611037,12,505.0,0.254376106920603,10,173.0,0.3953052494618738,22,678.0
500.0,19,290.0,4.754098360655738,5.774454129193507,10,502.0,0.28221533889473366,9,170.0,0.3741303193993129,19,672.0
505.0,22,335.0,5.583333333333333,5.461385609371613,12,456.0,0.33769571400440634,10,172.0,0.19720343548477268,22,628.0
510.0,26,402.0,6.590163934426229,4.621344951592861,16,356.0,0.2569267103035735,10,200.0,0.25294916447037646,26,556.0
515.0,26,456.0,7.354838709677419,5.1469077342872795,16,389.0,0.2555810757052068,10,231.0,0.3838673412048936,26,620.0
520.0,27,392.0,6.32258064516129,5.234200374513256,19,440.0,0.2522636077652046,8,182.0,0.43493143157232955,27,622.0
525.0,27,438.0,6.7384615384615385,5.308862082488052,18,497.0,0.27494865376777106,9,125.0,0.4204939431215827,27,622.0
530.0,21,401.0,6.365079365079365,5.528795629211098,13,498.0,0.3564634771641353,8,128.0,0.34643858608326683,21,626.0
535.0,29,484.0,8.066666666666666,4.332159979161253,14,470.0,0.32813966203550265,15,174.0,0.12172731439028531,29,644.0
540.0,29,515.0,8.442622950819672,3.7489655511372892,16,493.0,0.1552520110294264,13,206.0,0.2243859751407157,29,699.0
545.0,27,604.0,10.596491228070175,3.783522012422663,19,555.0,0.09485355032018304,8,214.0,0.36436649650392317,27,769.0
550.0,23,586.0,10.10344827586207,4.706383285313485,17,578.0,0.13631737271547648,6,173.0,0.40207773532993896,23,751.0
555.0,22,416.0,7.298245614035087,5.367632863754184,16,536.0,0.16614545935091138,6,87.0,0.36642935801950566,22,623.0
560.0,20,286.0,4.931034482758621,5.741483590335703,14,405.0,0.21849446476548315,6,103.0,0.3761419703891235,20,508.0
565.0,18,235.0,4.2727272727272725,5.705278363216739,11,392.0,0.2498362280357789,7,102.0,0.4126584486179372,18,494.0
570.0,21,251.0,4.5636363636363635,5.385711654263888,17,386.0,0.1550348352445454,4,91.0,0.41174420336473233,21,477.0
575.0,27,374.0,6.448275862068965,5.49420605854502,19,473.0,0.17261665906988477,8,117.0,0.4993620681514577,27,590.0
580.0,26,351.0,5.9491525423728815,5.316797398528606,19,513.0,0.2470155751405605,7,83.0,0.4690489219606791,26,596.0
585.0,26,375.0,6.3559322033898304,5.104706693036272,15,505.0,0.3854153719549061,11,120.0,0.2979185756572785,26,625.0
590.0,27,381.0,6.35,4.207934048405297,13,509.0,0.3342768247064755,14,172.0,0.2513860692474204,27,681.0
595.0,29,425.0,6.640625,4.795409128769315,15,468.0,0.23600654560299636,14,226.0,0.3208425680825897,29,694.0
600.0,28,367.0,5.477611940298507,4.4929310039034585,16,440.0,0.2246357337004337,12,231.0,0.25753573153266285,28,671.0
605.0,22,203.0,2.985294117647059,5.3683036244468525,16,427.0,0.21135075145665796,6,170.0,0.3522452648248328,22,597.0
610.0,21,220.0,3.283582089552239,4.769852797640582,16,420.0,0.17645277053085934,5,176.0,0.3670227431458907,21,596.0
615.0,32,355.0,5.071428571428571,4.89064518033319,18,480.0,0.25501649546110416,14,220.0,0.3273709751901009,32,700.0
620.0,35,453.0,6.7611940298507465,4.346206812254754,16,500.0,0.2674283965412751,19,301.0,0.2791850533120021,35,801.0
625.0,33,511.0,7.405797101449275,3.6898813580872347,10,481.0,0.1951063037738075,23,404.0,0.19858818178628254,33,885.0
630.0,34,527.0,7.63768115942029,4.170361755045435,11,435.0,0.2710720223479091,23,440.0,0.17662524046324743,34,875.0
635.0,30,395.0,5.72463768115942,4.141786088939697,13,380.0,0.16823960023547746,17,413.0,0.22216986953030007,30,793.0
640.0,26,352.0,5.333333333333333,4.779632339195083,15,416.0,0.06008654483136633,11,333.0,0.38772129839800656,26,749.0
645.0,25,360.0,5.454545454545454,5.294669313183424,13,424.0,0.24489822466602815,12,298.0,0.3023404863361898,25,722.0
650.0,29,364.0,5.432835820895522,4.056550110944513,12,433.0,0.2727554591502887,17,321.0,0.1604345682647584,29,754.0
655.0,32,450.0,6.617647058823529,5.062265210638993,14,463.0,0.40032382413144624,18,329.0,0.22542635631804794,32,792.0
660.0,29,439.0,6.552238805970149,4.2499165345508745,13,466.0,0.33013638046525423,16,345.0,0.25992339517892205,29,811.0
665.0,29,475.0,7.196969696969697,4.450975428425421,16,488.0,0.22825775598996256,13,301.0,0.2863069070733306,29,789.0
670.0,33,525.0,7.608695652173913,3.882722265273868,17,527.0,0.15348762140128283,16,330.0,0.21961089764755093,33,857.0
675.0,32,579.0,8.391304347826088,4.205563081167196,10,522.0,0.24964286651193898,22,378.0,0.15475256175803873,32,900.0
680.0,31,543.0,7.647887323943662,4.187543589334817,9,436.0,0.32834757926267405,22,424.0,0.1484315796132646,31,860.0
685.0,28,411.0,5.871428571428571,4.833222687942065,12,301.0,0.312303208623442,16,428.0,0.202806877529031,28,729.0
690.0,30,424.0,6.235294117647059,4.331082450920926,14,348.0,0.2278951644370943,16,431.0,0.2359659097304787,30,779.0
695.0,33,374.0,5.267605633802817,4.99715572407192,21,440.0,0.19040365430381861,12,361.0,0.34087707707527976,33,801.0
700.0,31,341.0,4.871428571428571,4.314492852955838,18,484.0,0.21121896664648693,13,354.0,0.3168356512226606,31,838.0
705.0,31,270.0,3.857142857142857,4.1952040945375915,14,455.0,0.23603488323259156,17,354.0,0.2597553854212011,31,809.0
710.0,23,257.0,3.6714285714285713,4.056274891611112,7,375.0,0.29250775986532274,16,396.0,0.1944794332238558,23,771.0
715.0,27,290.0,3.8666666666666667,4.400901616247036,11,295.0,0.2701188387916898,16,425.0,0.16025436535746293,27,720.0
720.0,34,363.0,4.905405405405405,4.289816558853024,17,359.0,0.2538772017049587,17,417.0,0.1684581116931548,34,776.0
725.0,40,453.0,6.121621621621622,4.250805775515209,26,473.0,0.19796812870641453,14,327.0,0.19388378087158162,40,800.0
730.0,42,548.0,7.405405405405405,2.957224564648294,27,523.0,0.17414663769905342,15,364.0,0.08458571448292991,42,887.0
735.0,39,577.0,7.904109589041096,3.1039256111851654,20,492.0,0.1965958676815981,19,403.0,0.08362951796387408,39,895.0
740.0,34,526.0,6.921052631578948,3.5654379508380907,16,509.0,0.23200291904759202,18,437.0,0.15237402929052907,34,946.0
745.0,27,511.0,6.3875,4.6931415970379025,16,544.0,0.20741628795324804,11,410.0,0.3278819301113189,27,954.0
750.0,30,449.0,5.8311688311688314,4.438706170368681,21,565.0,0.15028546368542442,9,306.0,0.41812553169356464,30,871.0
755.0,30,494.0,6.415584415584416,5.021213366708115,20,556.0,0.14426324584213895,10,268.0,0.44209721671694757,30,824.0
760.0,23,280.0,3.7837837837837838,4.521394936248711,14,521.0,0.1737533558948809,9,234.0,0.2878762148376483,23,755.0
765.0,26,219.0,2.9594594594594597,4.496240928405161,15,472.0,0.1905566162246984,11,165.0,0.24548781740182418,26,637.0
770.0,31,247.0,3.4305555555555554,3.8774596464832984,19,523.0,0.17090862223506145,12,183.0,0.2285149100318758,31,706.0
775.0,41,377.0,5.309859154929577,3.852719632797532,29,602.0,0.1297639076275313,12,175.0,0.30166991318618824,41,777.0
780.0,37,442.0,6.054794520547945,3.8177129223667388,29,668.0,0.09617404824427485,8,191.0,0.36493089627094305,37,859.0
785.0,34,451.0,5.857142857142857,4.797126431100173,22,635.0,0.19124195071856342,12,213.0,0.3290428442245482,34,848.0
790.0,26,389.0,5.328767123287672,5.415770020615124,13,584.0,0.27558680476078734,13,202.0,0.3454371368314748,26,786.0
795.0,25,409.0,5.602739726027397,5.397415022431208,11,542.0,0.32822857586192333,14,226.0,0.2390962333580711,25,768.0
800.0,27,400.0,5.555555555555555,4.662406529784418,14,523.0,0.2647794102837368,13,246.0,0.18610885441463784,27,769.0
805.0,30,425.0,5.821917808219178,4.3671366265212415,19,542.0,0.1831942956591307,11,221.0,0.28594709315097433,30,763.0
810.0,29,498.0,6.64,4.847429796566286,17,521.0,0.20130163258818254,12,264.0,0.2966650072034762,29,785.0
815.0,24,430.0,6.056338028169014,5.582983912904692,12,471.0,0.26806433733147716,12,294.0,0.3383751891858287,24,765.0
820.0,25,426.0,5.916666666666667,4.773703172816921,14,403.0,0.17134864065536448,11,313.0,0.27920737305058824,25,716.0
825.0,30,457.0,6.720588235294118,4.624174904747897,18,423.0,0.09537887616615685,12,336.0,0.35644717904634127,30,759.0
830.0,31,378.0,5.478260869565218,5.1242400469810025,20,466.0,0.11126441360478133,11,264.0,0.39370515149733265,31,730.0
835.0,33,403.0,6.014925373134329,4.868769291503204,19,493.0,0.2095861829953421,14,178.0,0.3451235124372289,33,671.0
840.0,25,307.0,4.723076923076923,5.446273223663353,10,435.0,0.3767147367292302,15,178.0,0.2715200742881211,25,613.0
845.0,26,417.0,6.415384615384616,4.805358807319665,10,386.0,0.39054081190948586,16,208.0,0.14408604593697788,26,594.0
850.0,26,330.0,4.925373134328358,5.0035036260721935,8,314.0,0.3262215584297794,18,252.0,0.2252009775745613,26,566.0
855.0,25,380.0,5.588235294117647,5.658384996984834,15,271.0,0.22375211388141927,10,276.0,0.37232160095951905,25,547.0
860.0,23,345.0,5.2272727272727275,5.289420557183238,14,315.0,0.22458516316991659,9,213.0,0.3352357296665757,23,528.0
865.0,19,356.0,5.741935483870968,5.861479430413609,9,339.0,0.3323493865873024,10,156.0,0.23159566016292626,19,495.0
870.0,22,329.0,5.483333333333333,4.6376983613884715,10,277.0,0.3002874099367535,12,184.0,0.09435184154144594,22,461.0
875.0,28,331.0,5.706896551724138,4.677517596365599,18,247.0,0.18352453684501457,10,205.0,0.22584693151729743,28,452.0
880.0,25,245.0,4.298245614035087,4.334994977902534,17,245.0,0.08543427426698647,8,165.0,0.3463274547849459,25,410.0
885.0,27,317.0,5.372881355932203,5.559511509962676,16,276.0,0.1833774870186369,11,181.0,0.4153563501584455,27,457.0
890.0,24,306.0,5.368421052631579,5.243356001950035,13,287.0,0.19056208551727744,11,195.0,0.40776733979917157,24,482.0
895.0,19,201.0,3.526315789473684,5.466724284616388,6,234.0,0.27686887334992105,13,194.0,0.3036374669768691,19,428.0
900.0,20,184.0,3.1724137931034484,4.393838987064548,6,183.0,0.3263809607852962,14,223.0,0.16863789347559768,20,406.0
905.0,20,164.0,2.6885245901639343,5.249083071511539,9,203.0,0.2781557303913215,11,202.0,0.26061266241059616,20,405.0
910.0,17,191.0,3.23728813559322,5.600383247260615,9,185.0,0.21722701118639628,8,194.0,0.40478247614698554,17,379.0
915.0,17,226.0,3.7666666666666666,6.018597418977061,5,117.0,0.2997145797103304,12,230.0,0.3314338567402379,17,347.0
920.0,22,194.0,3.4642857142857144,5.633506583046381,7,122.0,0.36746174670634524,15,230.0,0.24461147450420687,22,352.0
925.0,26,284.0,5.163636363636364,5.096172288279142,8,141.0,0.36044537334083787,18,248.0,0.18605783291983607,26,389.0
930.0,27,302.0,5.592592592592593,4.132960827831224,10,132.0,0.26537506626681,17,284.0,0.21065529308514414,27,416.0
935.0,23,311.0,6.098039215686274,4.621502896318085,13,193.0,0.20264058885521036,10,265.0,0.2999296444074091,23,458.0
940.0,21,350.0,6.481481481481482,4.320979517105122,12,206.0,0.17901399043271732,9,295.0,0.25589184580502844,21,501.0
945.0,23,387.0,6.672413793103448,4.813238462221111,9,197.0,0.3060323735709441,14,340.0,0.1386993535711363,23,537.0
950.0,23,395.0,6.810344827586207,5.3666541216222186,8,194.0,0.37308628872394023,15,377.0,0.21913868351213567,23,571.0
955.0,14,314.0,5.508771929824562,6.751699162128856,6,164.0,0.4440026452799108,8,350.0,0.3511837364126546,14,514.0
960.0,15,185.0,3.425925925925926,6.00208500495578,9,152.0,0.38967897075983277,6,263.0,0.3407183221055997,15,415.0
965.0,20,252.0,4.754716981132075,5.838796621674233,8,142.0,0.3601016978436583,12,250.0,0.30040839421897314,20,392.0
970.0,20,218.0,4.36,4.524217813374781,7,115.0,0.3531208555578777,13,268.0,0.14671020608003932,20,383.0
975.0,24,240.0,4.615384615384615,4.512867235456025,9,117.0,0.3067002338411322,15,240.0,0.14904295662167313,24,357.0
980.0,21,204.0,3.709090909090909,5.187164177248002,7,112.0,0.371492245359646,14,240.0,0.1845657407364689,21,352.0
985.0,14,167.0,3.036363636363636,6.975994403261047,9,109.0,0.41199992050046585,5,192.0,0.4285046890178492,14,301.0
990.0,14,187.0,3.280701754385965,6.457995405221864,7,131.0,0.41027957888639754,7,185.0,0.3012105963610391,14,316.0
995.0,20,266.0,4.666666666666667,6.850858166648656,7,146.0,0.41584097140071935,13,217.0,0.34227936241020446,20,363.0
1000.0,20,265.0,4.732142857142857,5.35810200218515,8,134.0,0.33548040021139824,12,234.0,0.24029688963647083,20,368.0
1005.0,19,289.0,5.254545454545455,6.044087807505856,10,109.0,0.36424640590853563,9,203.0,0.349665413486293,19,312.0
1010.0,20,255.0,4.636363636363637,5.544992594236405,9,142.0,0.2795218350083327,11,199.0,0.3289713004136302,20,341.0
1015.0,22,319.0,5.907407407407407,5.7811020529675385,9,152.0,0.3523709343441722,13,192.0,0.2983695427667522,22,344.0
1020.0,20,271.0,5.113207547169812,4.882334880112435,8,124.0,0.3894534372376078,12,212.0,0.15895973670064834,20,336.0
1025.0,18,335.0,6.320754716981132,6.352015487904311,9,127.0,0.4256101297126181,9,223.0,0.2605017196014155,18,350.0
1030.0,18,228.0,4.30188679245283,5.811216395081534,10,151.0,0.23597871992309996,8,171.0,0.33859932290076344,18,322.0
1035.0,22,262.0,4.763636363636364,6.29907113809981,14,195.0,0.2816018585886779,8,114.0,0.4183647662526877,22,309.0
1040.0,19,268.0,5.153846153846154,5.891776118508735,9,212.0,0.4223831614762016,10,131.0,0.36647522951600064,19,343.0
1045.0,21,331.0,6.490196078431373,6.079551213464862,8,192.0,0.4872183456073066,13,193.0,0.3013896440254568,21,385.0
1050.0,19,309.0,5.722222222222222,4.115286929095378,6,197.0,0.26284970037913996,13,218.0,0.1515037495176934,19,415.0
1055.0,20,336.0,5.894736842105263,5.448197484766688,10,202.0,0.30725055986391775,10,209.0,0.20030490735627296,20,411.0
1060.0,17,296.0,5.103448275862069,5.803192722845573,8,219.0,0.36874586707211476,9,199.0,0.2545999301438561,17,418.0
1065.0,18,349.0,5.816666666666666,6.661408650141842,7,227.0,0.4810341576989154,11,188.0,0.24151688188543627,18,415.0
1070.0,19,321.0,5.5344827586206895,6.061442926417148,7,236.0,0.3666361334038686,12,168.0,0.29738376024847385,19,404.0
1075.0,21,402.0,7.052631578947368,6.008103823416413,10,279.0,0.31091015046947623,11,162.0,0.35661505604589155,21,441.0
1080.0,19,209.0,3.732142857142857,5.759799211130589,10,162.0,0.2811227869776994,9,156.0,0.4143589838712689,19,318.0
1085.0,24,243.0,4.2631578947368425,5.597072644647656,17,165.0,0.18971758462601102,7,131.0,0.4613834295162606,24,296.0
1090.0,19,211.0,3.9074074074074074,4.978814793965229,12,201.0,0.1648011701614736,7,100.0,0.3328497223294084,19,301.0
1095.0,20,266.0,4.836363636363636,5.8470340358909425,8,218.0,0.31447924898420343,12,130.0,0.1186058919787029,20,348.0
1100.0,20,339.0,6.39622641509434,4.8820793646360015,10,251.0,0.1899649411442806,10,149.0,0.17179960837353866,20,400.0
1105.0,25,433.0,8.326923076923077,5.222684350168394,17,324.0,0.1632544728164009,8,139.0,0.2722985947572635,25,463.0
1110.0,21,440.0,8.979591836734693,4.925183889186862,14,377.0,0.2029137688756671,7,115.0,0.30499561881292914,21,492.0
1115.0,18,476.0,9.916666666666666,6.070919320704067,12,392.0,0.3165062209477629,6,104.0,0.28803557546660885,18,496.0
1120.0,16,382.0,8.883720930232558,5.6462492738945365,13,400.0,0.3177028831565328,3,67.0,0.30117192854014824,16,467.0
1125.0,13,353.0,8.209302325581396,6.426028587694274,10,378.0,0.36182970383411034,3,40.0,0.34415485634571114,13,418.0
1130.0,15,401.0,9.113636363636363,5.467950145475505,13,432.0,0.2762013028524718,2,34.0,0.6242295168772151,15,466.0
1135.0,23,499.0,10.847826086956522,5.6483534537329305,19,517.0,0.2638528664156852,4,44.0,0.526977173405403,23,561.0
1140.0,21,583.0,13.25,4.742768839517497,18,572.0,0.21194085440035368,3,59.0,0.46409967271188457,21,631.0
1145.0,27,674.0,14.652173913043478,3.9226345196711176,21,621.0,0.14395847520008603,6,84.0,0.28468577492383546,27,705.0
1150.0,25,708.0,14.448979591836734,3.5167231416069,16,662.0,0.1174576431921429,9,113.0,0.3767410808304894,25,775.0
1155.0,25,730.0,13.773584905660377,4.824285635198646,16,665.0,0.21819714361110257,9,149.0,0.4037185786624233,25,814.0
1160.0,20,465.0,8.017241379310345,5.050232082659613,14,539.0,0.18328176619032144,6,136.0,0.45777092450775786,20,675.0
1165.0,23,204.0,3.2903225806451615,5.468827193440536,13,421.0,0.23597844608900592,10,111.0,0.40106127168531197,23,532.0
1170.0,25,198.0,3.142857142857143,4.911816718200494,13,468.0,0.2925522641367653,12,118.0,0.3488360600437082,25,586.0
1175.0,25,271.0,4.516666666666667,5.36385227726518,17,538.0,0.266695015652331,8,110.0,0.38287612937908166,25,648.0
1180.0,30,316.0,5.015873015873016,3.803075488194596,19,567.0,0.1544248100324516,11,142.0,0.19658763209850508,30,709.0
1185.0,30,384.0,6.620689655172414,4.244016888658631,14,557.0,0.1865618155486281,16,195.0,0.20475989014212792,30,752.0
1190.0,29,381.0,6.803571428571429,3.408748897402376,13,547.0,0.18749748816586057,16,245.0,0.15142132743001754,29,792.0
1195.0,31,445.0,7.946428571428571,3.8764500918342573,18,528.0,0.12029933839597136,13,267.0,0.1989817766479178,31,795.0
1200.0,32,471.0,8.120689655172415,3.7630120715565183,19,603.0,0.12378176178960482,13,261.0,0.24539468582031912,32,864.0
1205.0,22,422.0,7.275862068965517,5.53893795371688,16,644.0,0.2860731004788043,6,193.0,0.41023269729989015,22,837.0
1210.0,19,415.0,7.280701754385965,5.4822970634716075,11,633.0,0.3567785088753231,8,205.0,0.3396793509107881,19,838.0
1215.0,22,424.0,7.310344827586207,4.944082318583798,11,553.0,0.26641963368288374,11,246.0,0.2682669476478538,22,799.0
1220.0,23,331.0,5.253968253968254,5.237440950463588,13,428.0,0.1836658486487251,10,250.0,0.33819753197563535,23,678.0
1225.0,21,280.0,4.516129032258065,5.86594854497984,14,409.0,0.26485770099299966,7,227.0,0.422411604231815,21,636.0
1230.0,25,250.0,4.098360655737705,5.612484005895158,17,431.0,0.28341231795720956,8,151.0,0.37789802832066915,25,582.0
1235.0,27,277.0,4.694915254237288,4.5262540640388735,17,454.0,0.17185441213007516,10,146.0,0.3343299063796602,27,600.0
1240.0,22,237.0,3.8852459016393444,4.632914964845961,14,432.0,0.21203107999294493,8,172.0,0.26650771554774877,22,604.0
1245.0,20,275.0,4.508196721311475,4.971871285850993,10,372.0,0.20872107271118143,10,213.0,0.20505122690360347,20,585.0
1250.0,20,240.0,3.870967741935484,5.373917387297582,11,279.0,0.17379497605300065,9,221.0,0.32770131540763764,20,500.0
1255.0,19,259.0,4.17741935483871,5.787132726086042,12,281.0,0.1863551217381456,7,215.0,0.4433470875825101,19,496.0
1260.0,15,161.0,2.875,5.774450317081866,9,240.0,0.26028839704769613,6,179.0,0.3639690416732783,15,419.0
1265.0,17,152.0,2.814814814814815,5.426314117368172,9,251.0,0.27675281993521716,8,119.0,0.2830595679673296,17,370.0
1270.0,21,185.0,3.135593220338983,4.16104276863105,12,239.0,0.2202442270126693,9,145.0,0.19478707944895632,21,384.0
1275.0,25,249.0,4.016129032258065,5.020383363902893,13,263.0,0.34472919963968407,12,171.0,0.3334999300994478,25,434.0
1280.0,16,275.0,4.365079365079365,6.193351492935894,7,229.0,0.4259279388651569,9,198.0,0.37548988936709676,16,427.0
1285.0,19,341.0,5.5,5.9851996048436,9,219.0,0.3638279746286487,10,227.0,0.38361756915754,19,446.0
1290.0,23,326.0,4.9393939393939394,4.319223874001565,13,224.0,0.2093360871877553,10,222.0,0.24745586503719225,23,446.0
1295.0,27,300.0,4.615384615384615,4.008183625168346,18,226.0,0.125111110591287,9,189.0,0.37360489519127643,27,415.0
1300.0,30,291.0,4.409090909090909,4.862123192040229,23,283.0,0.16736747075906996,7,147.0,0.41053760810632917,30,430.0
1305.0,31,352.0,5.0285714285714285,5.080377162799277,23,346.0,0.22269762074903618,8,94.0,0.32219944205226403,31,440.0
1310.0,20,263.0,3.925373134328358,5.652973298998253,13,344.0,0.3178480822838293,7,83.0,0.32202512720456045,20,427.0
1315.0,21,288.0,4.298507462686567,5.75565343070215,11,341.0,0.282570021359371,10,109.0,0.2984965767533499,21,450.0
1320.0,21,290.0,4.264705882352941,5.096642224611772,13,371.0,0.22268404112424706,8,131.0,0.30452481770584133,21,502.0
1325.0,26,358.0,5.424242424242424,5.1050251103665,19,404.0,0.18297383800804545,7,124.0,0.4294092523886441,26,528.0
1330.0,23,393.0,6.046153846153846,5.301245881721098,16,405.0,0.22552510917009488,7,121.0,0.3696831730619639,23,526.0
1335.0,27,482.0,7.1940298507462686,5.365356469281376,18,454.0,0.22233979177166371,9,152.0,0.27288802973228493,27,606.0
1340.0,30,565.0,8.828125,4.582189814597662,21,494.0,0.21934872735492406,9,179.0,0.21470214730530965,30,673.0
1345.0,33,511.0,8.241935483870968,4.06946773006828,24,483.0,0.15886040972875634,9,195.0,0.2837653856967844,33,678.0
1350.0,30,419.0,6.446153846153846,4.293886010562477,23,470.0,0.15704056879826023,7,140.0,0.35041389803046813,30,610.0
1355.0,28,462.0,6.895522388059701,5.605088296375189,23,509.0,0.1570985624115843,5,80.0,0.5397865816639605,28,589.0
1360.0,22,410.0,6.507936507936508,5.838406630862459,15,494.0,0.21402778146093435,7,88.0,0.45363877958255366,22,582.0
1365.0,27,394.0,5.96969696969697,4.573501291743243,14,472.0,0.21830802805371674,13,137.0,0.15017334252181702,27,609.0
1370.0,30,283.0,4.421875,3.668140542966707,17,458.0,0.1488112487321719,13,172.0,0.17958486410595179,30,630.0
1375.0,26,333.0,5.55,4.67777466817,17,493.0,0.17269386077500287,9,175.0,0.41189893559071467,26,668.0
1380.0,21,306.0,5.1,5.147547223431393,11,459.0,0.20489169598113166,10,171.0,0.3572277644253134,21,630.0
1385.0,27,392.0,6.426229508196721,4.929079039311298,14,454.0,0.2294028651740513,13,167.0,0.29160853108201473,27,621.0
1390.0,28,396.0,6.387096774193548,4.769948900506032,16,432.0,0.27574771542256266,12,173.0,0.3104178367383062,28,605.0
1395.0,26,370.0,6.065573770491803,5.108938819988816,14,433.0,0.3299926121417272,12,153.0,0.3229864260829568,26,586.0
1400.0,27,466.0,7.396825396825397,5.297240167035573,17,448.0,0.3516728983577325,10,197.0,0.27922915453297437,27,645.0
1405.0,29,430.0,6.71875,4.757211776643505,17,433.0,0.2954373887630072,12,231.0,0.24721672157141933,29,664.0
1410.0,27,368.0,5.575757575757576,4.169380481483025,17,356.0,0.23210884753411434,10,220.0,0.23392939494912468,27,576.0
1415.0,27,294.0,4.388059701492537,4.275318572269673,21,373.0,0.1652194296288875,6,149.0,0.30983484676400647,27,522.0
1420.0,24,246.0,3.727272727272727,4.753971759914608,16,339.0,0.17751441915770858,8,132.0,0.29928605295736527,24,471.0
1425.0,25,271.0,3.927536231884058,5.003555972768762,12,289.0,0.23672370232725562,13,180.0,0.2518488714376208,25,469.0
1430.0,27,293.0,4.650793650793651,4.851599261772571,13,248.0,0.21534868788489603,14,204.0,0.28245897798990566,27,452.0
1435.0,20,336.0,5.508196721311475,5.3336837466034925,13,286.0,0.221454677029743,7,202.0,0.3538012960165464,20,488.0
1440.0,23,358.0,6.067796610169491,4.778395034687607,14,307.0,0.10763490211462175,9,204.0,0.35164835906260766,23,511.0
1445.0,30,362.0,6.033333333333333,4.397019572840955,15,310.0,0.19434738281761252,15,202.0,0.20752891058683803,30,512.0
1450.0,28,366.0,6.203389830508475,4.441679441437023,10,307.0,0.321161423773015,18,255.0,0.1840703599734598,28,562.0
1455.0,17,355.0,6.228070175438597,5.1790965147694425,6,294.0,0.3620338867432037,11,260.0,0.30613879955661155,17,554.0
1460.0,19,269.0,4.409836065573771,4.62050818351585,9,267.0,0.19452674167211192,10,237.0,0.2977877928401451,19,504.0
1465.0,26,345.0,5.390625,5.095437974785939,11,297.0,0.2427716437027319,15,200.0,0.3160914563899875,26,497.0
1470.0,30,401.0,6.1692307692307695,5.374131707072647,14,359.0,0.2595433353753691,16,214.0,0.2790052031937643,30,573.0
1475.0,29,438.0,6.7384615384615385,4.7504145453422675,12,360.0,0.327190587007841,17,247.0,0.13357167624051883,29,607.0
1480.0,21,417.0,6.223880597014926,5.289281377069847,8,328.0,0.38256451300787425,13,266.0,0.21577624118388627,21,594.0
1485.0,23,352.0,5.253731343283582,5.469819233621997,11,342.0,0.36429782300908575,12,234.0,0.29230248800985226,23,576.0
1490.0,19,386.0,5.848484848484849,5.685544559206249,13,362.0,0.357828432920587,6,233.0,0.356649740034065,19,595.0
1495.0,23,238.0,3.6615384615384614,4.784875094032717,12,292.0,0.3540447859237792,11,272.0,0.2423334965966522,23,564.0
1500.0,33,356.0,5.393939393939394,4.221106363036007,18,249.0,0.2955234500340386,15,298.0,0.2310526013330546,33,547.0
1505.0,26,362.0,5.246376811594203,4.282681247046284,16,287.0,0.2259870760792645,10,282.0,0.25158688061865914,26,569.0
1510.0,20,300.0,4.285714285714286,5.52478761913315,12,288.0,0.24651940532471395,8,233.0,0.32673218894032025,20,521.0
1515.0,25,416.0,6.028985507246377,6.036137975906109,12,321.0,0.34079208870452804,13,268.0,0.23473441622962274,25,589.0
1520.0,29,460.0,6.865671641791045,4.484136180074496,13,348.0,0.2646514240403612,16,304.0,0.0763940824182183,29,652.0
1525.0,24,483.0,7.790322580645161,4.67275356974032,14,368.0,0.23562228598214652,10,309.0,0.18447533969654248,24,677.0
1530.0,25,470.0,7.580645161290323,4.757191341945365,15,339.0,0.1830822951074781,10,348.0,0.28366787125453286,25,687.0
1535.0,32,470.0,7.704918032786885,4.630862981105803,15,288.0,0.25453296867552877,17,420.0,0.18253608210310346,32,708.0
1540.0,31,525.0,8.333333333333334,3.624935219735569,13,303.0,0.24153859479870798,18,462.0,0.1711113665477199,31,765.0
1545.0,30,614.0,9.303030303030303,4.424310788653715,18,362.0,0.19106055447244874,12,466.0,0.32719718955821464,30,828.0
1550.0,25,495.0,7.734375,5.7148317575960865,16,385.0,0.20681694319896707,9,395.0,0.5091266188056512,25,780.0
1555.0,19,311.0,4.7846153846153845,6.059626680490329,12,349.0,0.29903060586186364,7,279.0,0.4175820399016022,19,628.0
1560.0,21,287.0,4.415384615384616,4.88398310690003,12,334.0,0.32454672718997424,9,294.0,0.19308424398460228,21,628.0
1565.0,24,328.0,5.125,5.811454115376342,11,317.0,0.39415343667240227,13,324.0,0.2094057949337446,24,641.0
1570.0,23,352.0,5.415384615384616,4.9030132259884915,12,282.0,0.24584705739238175,11,368.0,0.26646031585629515,23,650.0
1575.0,33,440.0,6.567164179104478,4.566806601010944,16,250.0,0.17810285792800107,17,442.0,0.29403602132555057,33,692.0
1580.0,29,469.0,7.0,4.452357257520283,16,265.0,0.21988388583854998,13,433.0,0.3111709765497646,29,698.0
1585.0,30,503.0,7.7384615384615385,4.946061238195234,13,236.0,0.24253170031766627,17,420.0,0.2919504601918203,30,656.0
1590.0,30,338.0,5.121212121212121,3.9199792536173086,13,273.0,0.25991024254636147,17,348.0,0.14060219747556182,30,621.0
1595.0,40,471.0,7.029850746268656,4.1090533939584075,21,325.0,0.1857646636536864,19,300.0,0.19510640783255806,40,625.0
1600.0,41,557.0,8.072463768115941,4.053085249618088,23,426.0,0.2341255087644548,18,331.0,0.22929094835791386,41,757.0
1605.0,32,449.0,6.602941176470588,4.089758912802933,22,460.0,0.2629212917283562,10,283.0,0.1991020879445064,32,743.0
1610.0,28,419.0,5.985714285714286,4.0738341280344725,19,473.0,0.23920423886682174,9,269.0,0.24460753806556634,28,742.0
1615.0,32,460.0,6.133333333333334,4.378114188094708,19,498.0,0.2287528152167381,13,290.0,0.2980504404430485,32,788.0
1620.0,30,441.0,6.125,4.6871692420217,17,486.0,0.29777052090558676,13,301.0,0.2680422989975019,30,787.0
1625.0,26,412.0,5.802816901408451,4.508589135883353,15,493.0,0.2051172181692911,11,255.0,0.25133144430147114,26,748.0
1630.0,29,324.0,4.563380281690141,4.198732486323986,19,524.0,0.08191615068722367,10,244.0,0.2896310703831324,29,768.0
1635.0,40,417.0,5.957142857142857,3.9197260301680825,24,575.0,0.12587400772723592,16,275.0,0.21092607463753557,40,850.0
1640.0,35,516.0,7.371428571428571,4.2872084967815445,22,592.0,0.21441964745966816,13,302.0,0.2610044118832209,35,894.0
1645.0,33,612.0,8.5,4.185542246237126,24,641.0,0.13616734586706625,9,297.0,0.333930545731635,33,938.0
1650.0,29,551.0,7.445945945945946,4.9840280495167475,22,643.0,0.14709223445280467,7,238.0,0.431951509235434,29,881.0
1655.0,33,518.0,6.815789473684211,4.781385436377091,20,655.0,0.19578415261097906,13,133.0,0.3365253289982157,33,788.0
1660.0,29,384.0,5.333333333333333,4.631332894472387,15,577.0,0.261562187490046,14,170.0,0.25739836451946757,29,747.0
1665.0,32,510.0,6.891891891891892,5.482977223433763,15,516.0,0.36548027969263125,17,244.0,0.151046052817184,32,760.0
1670.0,39,653.0,8.824324324324325,4.314213143185176,18,496.0,0.2769146934566725,21,331.0,0.08988300451531922,39,827.0
1675.0,42,788.0,10.64864864864865,3.6127692377102605,21,570.0,0.18234482448788458,21,420.0,0.17354303258358944,42,990.0
1680.0,41,629.0,8.276315789473685,3.2421700934235216,23,540.0,0.17424029561122514,18,446.0,0.23514326565843188,41,986.0
1685.0,31,446.0,6.109589041095891,4.387972199717473,20,469.0,0.20503240757403973,11,385.0,0.3118314028651163,31,854.0
1690.0,32,473.0,6.223684210526316,4.345416794517866,20,507.0,0.17782399307613603,12,420.0,0.28064180739198374,32,927.0
1695.0,38,568.0,7.012345679012346,4.358804791810834,22,533.0,0.2068473694839518,16,448.0,0.15554938675159127,38,981.0
1700.0,40,555.0,7.115384615384615,3.9091405854776773,20,489.0,0.19630928641590556,20,463.0,0.14861901458358973,40,952.0
1705.0,30,551.0,7.346666666666667,5.44248115934213,17,457.0,0.2816679311969321,13,422.0,0.3017698040881335,30,879.0
1710.0,26,403.0,5.757142857142857,4.593164541557964,16,462.0,0.187317701932465,10,335.0,0.3258315182397921,26,797.0
1715.0,32,434.0,5.864864864864865,5.0006043098103925,18,432.0,0.20581227635538918,14,284.0,0.3483458645884641,32,716.0
1720.0,39,541.0,7.410958904109589,4.909641848966953,21,502.0,0.3067047713176414,18,319.0,0.35558855009831264,39,821.0
1725.0,35,625.0,8.445945945945946,4.402962058701548,18,525.0,0.2859135221077527,17,342.0,0.30060341301064797,35,867.0
1730.0,34,663.0,8.723684210526315,3.806060580771348,15,534.0,0.23456375425113826,19,369.0,0.21863998098198154,34,903.0
1735.0,37,636.0,8.25974025974026,4.061050494722697,20,553.0,0.13733613788913654,17,347.0,0.29547078101454344,37,900.0
1740.0,32,477.0,5.9625,3.8606235809355405,21,526.0,0.1206519054504043,11,366.0,0.26570498688114774,32,892.0
1745.0,35,440.0,5.5,3.9330878530654916,18,552.0,0.25597733477131956,17,410.0,0.1963590070596127,35,962.0
1750.0,37,371.0,4.69620253164557,3.9680704545255603,14,543.0,0.3475990825152547,23,403.0,0.11096797300965468,37,946.0
1755.0,40,421.0,5.329113924050633,3.729129702522068,15,544.0,0.3034477290722837,25,413.0,0.10255000104820274,40,957.0
1760.0,45,510.0,6.144578313253012,3.913394459554274,19,578.0,0.23311649914594626,26,474.0,0.17459709841564047,45,1052.0
1765.0,37,513.0,6.333333333333333,4.275474339134686,22,611.0,0.1977084094556167,15,453.0,0.28257002353175614,37,1064.0
1770.0,33,418.0,5.225,3.94779666944235,23,584.0,0.14116117941317716,10,428.0,0.29816127910479984,33,1012.0
1775.0,37,516.0,6.615384615384615,4.035922492393474,23,583.0,0.17752861676858175,14,418.0,0.26488004998274184,37,1001.0
1780.0,41,516.0,6.701298701298701,3.1704535531435067,21,600.0,0.16414507138972698,20,448.0,0.1879510196223818,41,1048.0
1785.0,41,605.0,7.658227848101266,3.4548272129442665,23,606.0,0.10996890975344366,18,429.0,0.19672997598892233,41,1035.0
1790.0,35,565.0,6.9753086419753085,3.655933960817386,22,631.0,0.0898078419913628,13,443.0,0.25407776795082265,35,1074.0
1795.0,30,443.0,5.469135802469136,4.650671811073631,13,562.0,0.2072024486535202,17,453.0,0.25260963800737163,30,1015.0
1800.0,32,504.0,6.631578947368421,3.7761641398135235,10,546.0,0.24336786531344878,22,488.0,0.16534757789972818,32,1034.0
1805.0,35,561.0,7.48,3.8621133969386436,15,525.0,0.17302812397029035,20,476.0,0.16884259163413484,35,1001.0
1810.0,31,483.0,6.527027027027027,3.6646542995308087,18,563.0,0.14233233292027042,13,421.0,0.22387760188858125,31,984.0
1815.0,33,519.0,6.92,4.2365935441367,20,665.0,0.29642143922743813,13,341.0,0.20222673352507736,33,1006.0
1820.0,37,584.0,7.786666666666667,3.880922602225452,17,659.0,0.3392058266059401,20,395.0,0.16638968689085085,37,1054.0
1825.0,38,603.0,7.934210526315789,3.52398263558043,11,544.0,0.237927807391265,27,482.0,0.1579470673590839,38,1026.0
1830.0,38,546.0,7.090909090909091,3.593847990926796,12,411.0,0.25009846021457705,26,551.0,0.16770636772769318,38,962.0
1835.0,30,429.0,5.5,4.346539482681595,12,330.0,0.24642223538166552,18,550.0,0.21129208132505373,30,880.0
1840.0,29,367.0,4.6455696202531644,3.870402936038275,15,347.0,0.16368387928450545,14,553.0,0.21649388840587264,29,900.0
1845.0,31,387.0,5.025974025974026,4.152281297450994,14,342.0,0.2711535926292167,17,539.0,0.13563001871716568,31,881.0
1850.0,34,407.0,5.217948717948718,3.669464276646182,12,315.0,0.2978753679487173,22,574.0,0.06543818590786843,34,889.0
1855.0,32,421.0,5.134146341463414,4.278919303604167,14,311.0,0.2299109996498204,18,566.0,0.16685684070018242,32,877.0
1860.0,28,318.0,3.925925925925926,5.044917670935839,17,358.0,0.24101065877768812,11,459.0,0.33560029818204207,28,817.0
1865.0,34,392.0,4.839506172839506,5.010576745711982,20,414.0,0.27941746659339345,14,359.0,0.280332584273133,34,773.0
1870.0,40,417.0,5.2784810126582276,4.22613887967491,21,456.0,0.25061822357626584,19,376.0,0.23639675020023349,40,832.0
1875.0,39,457.0,5.7125,4.128164354450305,17,454.0,0.20647468611966244,22,451.0,0.20015721895917235,39,905.0
1880.0,37,472.0,6.051282051282051,3.349207691236857,17,434.0,0.17109464041661723,20,483.0,0.12649679065243935,37,917.0
1885.0,36,463.0,6.012987012987013,3.807103534532006,20,433.0,0.14891499500758956,16,451.0,0.1967749311286858,36,884.0
1890.0,38,454.0,5.82051282051282,3.596561949939796,25,484.0,0.0822018883340249,13,435.0,0.2749450036257048,38,919.0
1895.0,39,449.0,5.8311688311688314,3.878575837581933,25,531.0,0.14899209979585853,14,416.0,0.24483398311413057,39,947.0
1900.0,41,507.0,6.5,3.808499182474943,23,598.0,0.19692239804136155,18,437.0,0.23592941941807308,41,1035.0
1905.0,37,560.0,7.0886075949367084,3.819026764194974,23,603.0,0.12094797994602935,14,413.0,0.2892359482299239,37,1016.0
1910.0,37,602.0,7.818181818181818,4.20364925591734,23,628.0,0.13145655420938857,14,392.0,0.35525030330460344,37,1020.0
1915.0,31,464.0,5.8734177215189876,4.369220994445742,16,530.0,0.19045146272382021,15,385.0,0.2819931055951058,31,915.0
1920.0,29,296.0,3.654320987654321,3.597151033986238,9,523.0,0.2170443105489718,20,390.0,0.17143329989954698,29,913.0
1925.0,42,378.0,4.725,4.109629896450393,16,526.0,0.2760439796234607,26,403.0,0.22699906765491215,42,929.0
1930.0,41,447.0,5.5875,3.5101946263964408,16,512.0,0.274951981580721,25,475.0,0.18629792641094403,41,987.0
1935.0,42,565.0,7.0625,2.9218597437777922,14,444.0,0.20772076682137564,28,536.0,0.09923066101109071,42,980.0
1940.0,41,537.0,6.62962962962963,3.093057930371461,13,341.0,0.21375365159325502,28,599.0,0.10441376336892592,41,940.0
1945.0,31,449.0,5.2823529411764705,3.930337497561651,11,358.0,0.19492042272187754,20,567.0,0.18639627054476074,31,925.0
1950.0,26,371.0,4.524390243902439,4.454985415975587,14,349.0,0.1952730607099246,12,497.0,0.25083555667877083,26,846.0
1955.0,21,348.0,4.2439024390243905,5.062155371957875,10,314.0,0.23600263125781323,11,460.0,0.2713781810490892,21,774.0
1960.0,22,172.0,2.1772151898734178,4.539428669563155,6,229.0,0.27391469433108645,16,467.0,0.18238933688102776,22,696.0
1965.0,32,206.0,2.710526315789474,4.2729415491604525,12,178.0,0.26632045314209774,20,467.0,0.21663144825965167,32,645.0
1970.0,36,333.0,4.5,3.820148287662602,14,206.0,0.30674250115634893,22,537.0,0.14935989381377343,36,743.0
1975.0,37,442.0,5.8933333333333335,3.089058768895631,11,206.0,0.2530833768877254,26,605.0,0.05552806393393085,37,811.0
1980.0,33,459.0,6.12,3.1546876019071655,7,214.0,0.24360984759749446,26,642.0,0.08925175021129915,33,856.0
1985.0,28,365.0,4.740259740259741,4.330143956691366,11,240.0,0.22308963892463277,17,575.0,0.18289708746376693,28,815.0
1990.0,27,333.0,4.5,4.412116013992384,16,254.0,0.18285841181942225,11,480.0,0.22970943496752907,27,734.0
1995.0,35,458.0,6.026315789473684,4.668177730081427,22,296.0,0.11832045190812115,13,504.0,0.283704035941766,35,800.0
2000.0,42,590.0,7.972972972972973,3.5340999556892156,24,360.0,0.1318595026103105,18,580.0,0.1971600361043042,42,940.0
2005.0,39,499.0,6.743243243243243,3.3805325074511776,17,351.0,0.17479997619411555,22,580.0,0.15588044438871604,39,931.0
2010.0,37,532.0,7.093333333333334,4.207500482717558,13,339.0,0.29585023762569096,24,604.0,0.15410814437920536,37,943.0
2015.0,28,513.0,6.75,5.1820635998873925,7,292.0,0.39134287315736566,21,616.0,0.18371826411804648,28,908.0
2020.0,23,427.0,5.8493150684931505,4.970582687844679,10,300.0,0.2834792540861799,13,538.0,0.24337228082577037,23,838.0
2025.0,26,297.0,4.183098591549296,3.534423048513785,17,353.0,0.1315610773036593,9,460.0,0.2564127215150253,26,813.0
2030.0,40,296.0,3.8947368421052633,3.406652249268519,27,471.0,0.1484969857504963,13,320.0,0.1945400933775799,40,791.0
2035.0,45,406.0,5.413333333333333,3.5509345404922024,26,539.0,0.22413111103024796,19,370.0,0.20808979910612058,45,909.0
2040.0,39,459.0,6.12,3.8604870122871215,19,519.0,0.20407742497874173,20,459.0,0.20390865370709574,39,978.0
2045.0,31,407.0,5.426666666666667,3.53762083408844,14,545.0,0.17425513809879647,17,461.0,0.1912948499944529,31,1006.0
2050.0,30,349.0,4.532467532467533,4.031261553484361,19,577.0,0.11094585378595351,11,387.0,0.26818875579733903,30,964.0
2055.0,31,307.0,4.205479452054795,4.35233811554905,23,591.0,0.11699554835681372,8,311.0,0.39327170587976495,31,902.0
2060.0,32,261.0,3.5753424657534247,4.45615538829161,25,623.0,0.11980779239425232,7,207.0,0.3287070806598953,32,830.0
2065.0,35,346.0,5.0144927536231885,4.046149668966049,24,663.0,0.17789970933733903,11,174.0,0.27347644986820946,35,837.0
2070.0,33,293.0,4.185714285714286,4.16856380359214,19,588.0,0.1920436151007233,14,216.0,0.22071240089244165,33,804.0
2075.0,28,280.0,4.17910447761194,4.520060893245086,14,522.0,0.24683741263188708,14,241.0,0.13044217449511372,28,763.0
2080.0,24,307.0,4.582089552238806,4.915548187514776,12,550.0,0.29997616706651203,12,237.0,0.13460788866045717,24,787.0
2085.0,21,286.0,4.4,4.685576772747243,17,625.0,0.19178926895200452,4,155.0,0.29696153357028476,21,780.0
2090.0,28,347.0,5.507936507936508,3.772106451994541,24,660.0,0.11530677596271821,4,122.0,0.32383314182177314,28,782.0
2095.0,28,414.0,6.9,4.135901718835462,19,629.0,0.16494968616928696,9,158.0,0.2372719821864301,28,787.0
2100.0,26,477.0,7.819672131147541,3.5959044899344668,16,702.0,0.18521819689446523,10,168.0,0.1927496079371291,26,870.0
2105.0,28,576.0,9.442622950819672,3.6994739961725327,21,792.0,0.15561737423186872,7,127.0,0.2095023743437599,28,919.0
2110.0,31,438.0,7.064516129032258,3.616216460558749,24,787.0,0.10517426941709632,7,112.0,0.2662428054115571,31,899.0
2115.0,31,457.0,7.253968253968254,5.03800913871179,25,745.0,0.16173783431101277,6,102.0,0.49032633653976904,31,847.0
2120.0,33,490.0,7.777777777777778,4.0538738450943494,26,775.0,0.11259224562520821,7,94.0,0.4042262315009377,33,869.0
2125.0,27,481.0,7.885245901639344,4.88732323653669,19,714.0,0.16646735304353272,8,111.0,0.4410462367225876,27,825.0
2130.0,22,434.0,6.676923076923077,5.484739307491261,13,677.0,0.28753178239800237,9,117.0,0.21076312382362605,22,794.0
2135.0,19,454.0,6.984615384615385,6.329505928124629,11,676.0,0.3130086318421202,8,106.0,0.25215744672291646,19,782.0
2140.0,24,480.0,7.619047619047619,5.55688462247047,19,733.0,0.2204215177003418,5,86.0,0.32972447815450595,24,819.0
2145.0,27,558.0,9.457627118644067,4.433773200230756,22,781.0,0.07032368159152591,5,48.0,0.39393280910271306,27,829.0
2150.0,21,592.0,10.571428571428571,4.852185312151541,17,775.0,0.10484184822959489,4,49.0,0.3377617687943499,21,824.0
2155.0,17,534.0,9.535714285714286,5.743886042638801,13,680.0,0.1941432559499652,4,66.0,0.39428805298311287,17,746.0
2160.0,17,527.0,9.24561403508772,6.189564431543209,12,621.0,0.2643198383930517,5,70.0,0.3788772637951305,17,691.0
2165.0,19,607.0,10.839285714285714,6.902348125175929,14,665.0,0.3424149513430451,5,68.0,0.542516495628806,19,733.0
2170.0,19,489.0,8.89090909090909,6.205391420536861,15,607.0,0.2724161699680227,4,79.0,0.66802224467878,19,686.0
2175.0,22,264.0,4.47457627118644,5.245040005206657,16,445.0,0.26920679493457905,6,106.0,0.4912778967693196,22,551.0
2180.0,23,219.0,3.65,4.3703959374495005,15,462.0,0.18034008171446608,8,98.0,0.47851131031617283,23,560.0
2185.0,20,173.0,2.703125,5.056571020913399,10,422.0,0.2241016029115188,10,101.0,0.45350198943176423,20,523.0
2190.0,23,183.0,2.859375,4.903124202529001,11,349.0,0.31463767603833664,12,111.0,0.2668503538017229,23,460.0
2195.0,23,217.0,3.2388059701492535,4.824176762828108,12,275.0,0.2670607841802267,11,116.0,0.22234725425017546,23,391.0
2200.0,25,258.0,3.8507462686567164,4.237001765825241,13,289.0,0.1527220720942664,12,142.0,0.2880685226011077,25,431.0
2205.0,23,295.0,4.538461538461538,5.348185141591554,12,293.0,0.22404797143547342,11,165.0,0.3608199478972014,23,458.0
2210.0,22,325.0,5.158730158730159,4.741948437927201,13,292.0,0.27031790238456,9,174.0,0.2372721628505177,22,466.0
2215.0,29,404.0,6.622950819672131,4.746544354568315,15,340.0,0.2963578276977773,14,190.0,0.2003702513512543,29,530.0
2220.0,26,316.0,5.266666666666667,4.090379932872373,13,320.0,0.2416529888805442,13,205.0,0.2037396750935327,26,525.0
2225.0,28,408.0,7.0344827586206895,4.211213049736039,17,327.0,0.15990582199432532,11,208.0,0.25503818034875025,28,535.0
2230.0,31,389.0,6.593220338983051,3.7994370968747764,20,374.0,0.13730665722366825,11,206.0,0.16697851864640073,31,580.0
2235.0,22,404.0,6.3125,5.529708963511686,12,359.0,0.23778594326735802,10,189.0,0.2726576855433474,22,548.0
2240.0,22,305.0,5.0,5.7687721898347935,11,323.0,0.29147965045665886,11,196.0,0.3304845687137725,22,519.0
2245.0,20,261.0,4.278688524590164,5.641239519414407,11,315.0,0.29928432934007765,9,172.0,0.33265436242564206,20,487.0
2250.0,20,233.0,3.819672131147541,4.894124705693619,13,287.0,0.260103497492358,7,171.0,0.38141992427664967,20,458.0
2255.0,19,170.0,2.7868852459016393,5.782338387085478,13,274.0,0.2622929845407526,6,140.0,0.4599952145923118,19,414.0
2260.0,23,203.0,3.3833333333333333,5.866010979466367,13,274.0,0.2775453107092434,10,126.0,0.4220706538934578,23,400.0
2265.0,26,233.0,3.7580645161290325,5.001726273069381,13,282.0,0.253716990661816,13,163.0,0.32462311075136874,26,445.0
2270.0,26,227.0,3.6031746031746033,4.127237481059275,12,228.0,0.28383508873473084,14,205.0,0.14753639724985335,26,433.0
2275.0,25,273.0,4.333333333333333,4.634445380955731,13,250.0,0.264589920518721,12,236.0,0.2237059605015419,25,486.0
2280.0,26,260.0,3.823529411764706,4.836009131969644,14,260.0,0.19203750366960223,12,237.0,0.27877012012767705,26,497.0
2285.0,27,269.0,4.014925373134329,4.91111394142333,14,281.0,0.2482763952258305,13,215.0,0.2809881339980499,27,496.0
2290.0,32,327.0,5.030769230769231,4.238271644958644,17,301.0,0.2572382156930839,15,257.0,0.2964439365162023,32,558.0
2295.0,34,412.0,6.338461538461538,3.883175588073101,16,325.0,0.2339818805575169,18,310.0,0.2720583452070281,34,635.0
2300.0,29,385.0,5.833333333333333,4.198864808204435,12,290.0,0.20417165733322523,17,354.0,0.24323094847676674,29,644.0
2305.0,25,354.0,5.057142857142857,4.295800907622955,14,308.0,0.15138971164311082,11,341.0,0.20762143370468011,25,649.0
2310.0,26,404.0,5.45945945945946,5.058536557194965,16,317.0,0.1914059709038434,10,381.0,0.27412323042687187,26,698.0
2315.0,34,467.0,6.486111111111111,4.893326851333602,16,331.0,0.30675713930204423,18,452.0,0.2145554319396548,34,783.0
2320.0,33,546.0,7.378378378378378,4.62962852109805,15,348.0,0.3487913432108157,18,498.0,0.1703115164933068,33,846.0
2325.0,29,577.0,8.126760563380282,4.448474340684702,16,354.0,0.25873658505578473,13,495.0,0.28632534877353566,29,849.0
2330.0,26,449.0,6.1506849315068495,4.55454006625431,13,307.0,0.25317300552527894,13,488.0,0.24516920926196314,26,795.0
2335.0,27,329.0,4.386666666666667,4.3859128488492445,13,308.0,0.2305784592077596,14,430.0,0.20757741968855353,27,738.0
2340.0,33,422.0,5.48051948051948,4.377587062732824,16,310.0,0.20788274529724185,17,476.0,0.2366292348774841,33,786.0
2345.0,28,479.0,6.652777777777778,4.737630254067145,16,342.0,0.18499903336180204,12,491.0,0.29463984852982855,28,833.0
2350.0,29,429.0,6.042253521126761,4.99736535142554,16,328.0,0.22246835823917335,13,422.0,0.22008404972025655,29,750.0
2355.0,31,485.0,6.6438356164383565,4.025243440211556,14,386.0,0.17461209906656283,17,358.0,0.12494616556057762,31,744.0
2360.0,36,617.0,8.569444444444445,5.049307827414596,17,429.0,0.310063645854308,19,432.0,0.17539783250786603,36,861.0
2365.0,29,699.0,9.575342465753424,5.18281103149033,14,468.0,0.28116337180644707,15,459.0,0.25139169335553213,29,927.0
2370.0,32,706.0,9.54054054054054,4.905470222704873,18,495.0,0.23070156846820286,14,438.0,0.26304303105558496,32,933.0
2375.0,36,879.0,11.26923076923077,5.33358448922102,19,586.0,0.3013904265132927,17,491.0,0.2755526826231424,36,1077.0
2380.0,34,824.0,11.135135135135135,5.002596329510377,17,560.0,0.29845775889184756,17,543.0,0.3198132216708031,34,1103.0
2385.0,33,859.0,11.930555555555555,4.941920447735781,13,456.0,0.29843489577176174,20,627.0,0.23234691804084365,33,1083.0
2390.0,35,808.0,11.710144927536232,3.7064370473513275,17,500.0,0.1810714683914663,18,588.0,0.20990517205917456,35,1088.0
2395.0,35,666.0,10.246153846153845,3.6621845578489225,18,542.0,0.2202938025807947,17,477.0,0.19102179653511567,35,1019.0
2400.0,32,465.0,6.940298507462686,3.3109313879636804,16,479.0,0.22265729055096775,16,477.0,0.1607240935029848,32,956.0
2405.0,27,253.0,3.7205882352941178,3.983199216615351,16,408.0,0.17334651964417142,11,420.0,0.2459208230758063,27,828.0
2410.0,34,273.0,3.9565217391304346,3.5357616507066107,20,434.0,0.08151540906068708,14,442.0,0.2825676043313582,34,876.0
2415.0,41,397.0,5.671428571428572,4.017439632196432,21,447.0,0.11107042845867,20,506.0,0.2682411849814135,41,953.0
2420.0,39,461.0,6.585714285714285,3.7970406052124304,20,501.0,0.12736529310724234,19,504.0,0.23084115625141777,39,1005.0
2425.0,33,469.0,6.797101449275362,4.213306776080827,13,509.0,0.2555257394171672,20,478.0,0.17016741357738252,33,987.0
2430.0,32,504.0,7.304347826086956,3.849268693252149,13,461.0,0.23591066438156455,19,493.0,0.15807226290171358,32,954.0
2435.0,28,466.0,6.753623188405797,4.813018113229184,15,438.0,0.27725072693050923,13,464.0,0.23476946907607146,28,902.0
2440.0,32,346.0,5.088235294117647,3.8464675049433237,18,437.0,0.20644975210119995,14,435.0,0.23555861250025642,32,872.0
2445.0,31,346.0,5.0144927536231885,4.24485923457159,12,407.0,0.267410684161814,19,477.0,0.19186784280243446,31,884.0
2450.0,40,486.0,7.043478260869565,3.8242746427515235,15,434.0,0.31375248788010524,25,499.0,0.14726378161133052,40,933.0
2455.0,36,564.0,7.833333333333333,3.6374819322888743,14,458.0,0.3151384365275515,22,510.0,0.14211339389663985,36,968.0
2460.0,43,768.0,10.520547945205479,3.762365418908248,18,535.0,0.21564075300626265,25,585.0,0.24992743129158157,43,1120.0
2465.0,46,878.0,11.706666666666667,3.2669533698604893,22,585.0,0.1862482138725739,24,622.0,0.22364213409296096,46,1207.0
2470.0,43,865.0,11.381578947368421,3.254647171861276,23,630.0,0.17160038241745215,20,568.0,0.1999022818819381,43,1198.0
2475.0,34,601.0,7.805194805194805,3.248938688404529,22,619.0,0.1907543119813689,12,514.0,0.20401094295105554,34,1133.0
2480.0,31,589.0,7.271604938271605,4.122616635387557,20,647.0,0.21584270098945318,11,428.0,0.24585347665980764,31,1075.0
2485.0,36,731.0,9.253164556962025,4.410043166057578,20,676.0,0.27679276661035807,16,425.0,0.25034375497260164,36,1101.0
2490.0,37,647.0,7.795180722891566,3.691766273177585,21,651.0,0.09804859560722232,16,375.0,0.23246678377797814,37,1026.0
2495.0,28,298.0,3.6341463414634148,4.003583879269399,15,505.0,0.1607040429549722,13,376.0,0.20707114833088106,28,881.0
2500.0,23,227.0,2.7023809523809526,4.881456540191612,8,370.0,0.29469899871998567,15,380.0,0.18952474809001046,23,750.0
2505.0,24,276.0,3.325301204819277,4.594970780434705,6,381.0,0.332379166047071,18,404.0,0.1490590607403188,24,785.0
2510.0,31,363.0,4.594936708860759,4.049797910916661,13,432.0,0.22247284238406806,18,389.0,0.1430608605970228,31,821.0
2515.0,35,339.0,4.346153846153846,3.467349099369129,20,472.0,0.16766886228734318,15,390.0,0.1391743836077019,35,862.0
2520.0,34,435.0,5.64935064935065,4.2450631815843,21,577.0,0.1672070591968287,13,360.0,0.22616868553723715,34,937.0
2525.0,39,499.0,6.653333333333333,3.427650052522002,21,578.0,0.2478486884104706,18,394.0,0.14655990334299096,39,972.0
2530.0,38,498.0,6.30379746835443,3.4025170674524734,12,474.0,0.2558340695841667,26,469.0,0.059437223777474256,38,943.0
2535.0,33,397.0,5.1558441558441555,3.611530428403123,6,407.0,0.32803922628957616,27,539.0,0.05192592406868612,33,946.0
2540.0,29,349.0,4.3625,4.26226403920714,9,408.0,0.23566287993037577,20,529.0,0.15406117536049205,29,937.0
2545.0,22,159.0,1.9875,4.016386547265714,15,375.0,0.11672028344783714,7,479.0,0.2677729732889377,22,854.0
2550.0,29,211.0,2.573170731707317,4.001585589126988,15,293.0,0.16869004798974885,14,493.0,0.169705080797062,29,786.0
2555.0,27,261.0,3.2222222222222223,4.897869372894174,11,330.0,0.27250187914500035,16,502.0,0.1822707996731821,27,832.0
2560.0,31,339.0,4.291139240506329,4.726825657231014,17,387.0,0.1824446688903915,14,454.0,0.20680643673578974,31,841.0
2565.0,32,421.0,5.467532467532467,3.7629662467793983,19,405.0,0.18681833991918176,13,511.0,0.17893960481027688,32,916.0
2570.0,34,509.0,6.6103896103896105,4.1567521656372195,14,367.0,0.2803194645215194,20,587.0,0.11811024959624021,34,954.0
2575.0,35,395.0,5.197368421052632,3.3560338968196897,13,357.0,0.1673198145719965,22,594.0,0.15559682123083127,35,951.0
2580.0,44,506.0,6.487179487179487,4.117011283192816,18,368.0,0.18949663584958523,26,593.0,0.2124631018746777,44,961.0
2585.0,46,656.0,8.41025641025641,3.754793240252975,21,460.0,0.21140586762004532,25,624.0,0.1944916073632412,46,1084.0
2590.0,39,639.0,8.08860759493671,3.9841495083985166,18,486.0,0.2620021168924347,21,564.0,0.13157062060280783,39,1050.0
2595.0,26,494.0,6.333333333333333,4.30130895341151,13,457.0,0.29716356446528863,13,565.0,0.14005215853698968,26,1022.0
2600.0,25,438.0,5.7631578947368425,4.707092228126714,12,453.0,0.2954599953014501,13,565.0,0.17100229652205012,25,1018.0
2605.0,34,353.0,4.77027027027027,3.965862145897107,15,413.0,0.1928672228194996,19,561.0,0.18733478857038818,34,974.0
2610.0,35,422.0,5.943661971830986,3.1253041570430757,18,465.0,0.12353937073332658,17,472.0,0.18192169024641588,35,937.0
2615.0,28,406.0,5.561643835616438,3.6008569133637747,17,495.0,0.18801272672823005,11,473.0,0.17739278222110016,28,968.0
2620.0,27,333.0,4.44,4.647081800881313,14,465.0,0.28427095234034944,13,487.0,0.17924634029886638,27,952.0
2625.0,36,371.0,5.013513513513513,4.426516463431343,18,390.0,0.2575038433173707,18,490.0,0.19242873574516073,36,880.0
2630.0,30,428.0,6.028169014084507,4.949398743111978,18,401.0,0.2226715682481249,12,424.0,0.28272041875237613,30,825.0
2635.0,27,356.0,5.085714285714285,4.4878362072675895,18,375.0,0.1414157765277406,9,347.0,0.276840319474811,27,722.0
2640.0,30,329.0,4.506849315068493,4.562312177068661,16,387.0,0.18195800731531678,14,334.0,0.26945951946201635,30,721.0
2645.0,31,367.0,5.027397260273973,4.932180606096421,16,339.0,0.21596738132171042,15,348.0,0.33047158020060124,31,687.0
2650.0,24,340.0,4.788732394366197,5.20198529994264,14,348.0,0.22733947260091666,10,297.0,0.3611272110839404,24,645.0
2655.0,21,227.0,3.1971830985915495,5.214302803765877,12,294.0,0.255656964280141,9,228.0,0.2713953778839946,21,522.0
2660.0,25,254.0,3.5277777777777777,5.629272357685052,13,287.0,0.27184116929890906,12,184.0,0.2723863826939856,25,471.0
2665.0,28,306.0,4.25,5.039580372816087,14,287.0,0.2995200403011323,14,223.0,0.20582261344776628,28,510.0
2670.0,24,375.0,5.357142857142857,5.280313177779768,12,309.0,0.30450898086642736,12,247.0,0.3038614968573197,24,556.0
2675.0,25,397.0,5.671428571428572,5.0245326531435595,12,331.0,0.3112085609063454,13,262.0,0.1995765400888804,25,593.0
2680.0,31,398.0,5.527777777777778,5.1658941941902095,15,325.0,0.35229946425870756,16,278.0,0.15396779106380282,31,603.0
2685.0,31,494.0,6.675675675675675,5.345471070529603,16,312.0,0.2832266762209011,15,334.0,0.3007225525526608,31,646.0
2690.0,27,549.0,8.194029850746269,5.341254382949298,15,343.0,0.17713209104758448,12,344.0,0.42259374320094817,27,687.0
2695.0,24,392.0,5.764705882352941,5.161473520212,15,356.0,0.16673601988894848,9,281.0,0.35481723471581555,24,637.0
2700.0,27,407.0,5.898550724637682,4.421219795198647,14,402.0,0.22326022146010943,13,228.0,0.22600038812474135,27,630.0
2705.0,31,482.0,7.088235294117647,4.644508973799894,13,411.0,0.3234531242361193,18,281.0,0.16557756420832878,31,692.0
2710.0,28,553.0,8.132352941176471,5.30707250198189,14,435.0,0.3458970011836095,14,313.0,0.2480341495665622,28,748.0
2715.0,25,621.0,8.871428571428572,5.4597530643387495,14,449.0,0.3127944015375377,11,334.0,0.29350249092339503,25,783.0
2720.0,30,663.0,9.608695652173912,4.9418976793361775,13,462.0,0.24901860230214287,17,394.0,0.3097566512226506,30,856.0
2725.0,35,766.0,11.606060606060606,4.617226654316838,17,467.0,0.2591462447739111,18,451.0,0.2649605458817151,35,918.0
2730.0,33,843.0,13.171875,3.7127916504846823,15,506.0,0.14003870690745215,18,482.0,0.24028202560810416,33,988.0
2735.0,30,759.0,11.161764705882353,4.365897561471903,13,516.0,0.14795470927485932,17,417.0,0.27092817152781185,30,933.0
2740.0,28,806.0,12.212121212121213,5.29528628432627,13,569.0,0.24949703569102288,15,384.0,0.24434655803507027,28,953.0
2745.0,26,590.0,9.21875,4.650254545331747,10,383.0,0.30979684648090317,16,438.0,0.1337591081609832,26,821.0
2750.0,25,554.0,8.393939393939394,5.629696893133349,9,206.0,0.3136422287367679,16,487.0,0.2030152576423662,25,693.0
2755.0,24,417.0,6.725806451612903,5.378821007190489,9,200.0,0.2923112668448388,15,438.0,0.22971200004541262,24,638.0
2760.0,22,409.0,6.390625,6.56098299404,9,246.0,0.3888237679443537,13,343.0,0.3346033278890438,22,589.0
2765.0,23,499.0,7.676923076923077,5.792732028048384,11,297.0,0.4132857280910306,12,382.0,0.3065959550430498,23,679.0
2770.0,27,581.0,8.544117647058824,5.7430743996886795,11,326.0,0.3726770911206633,16,421.0,0.3289995813095138,27,747.0
2775.0,27,558.0,7.859154929577465,5.551696152619636,12,376.0,0.3711826274573699,15,403.0,0.28177481851887715,27,779.0
2780.0,30,495.0,6.875,5.86752760404266,12,353.0,0.37330383465268563,18,365.0,0.23685547103334229,30,718.0
2785.0,30,368.0,5.257142857142857,5.411810608149738,11,290.0,0.36402133534411285,19,385.0,0.21300904349313607,30,675.0
2790.0,27,383.0,5.632352941176471,4.5928248078775695,9,326.0,0.3231230096737777,18,376.0,0.23023014540883285,27,702.0
2795.0,35,469.0,6.897058823529412,3.4067215303762466,18,395.0,0.1885907959155117,17,436.0,0.26630459437774934,35,831.0
2800.0,37,560.0,7.5675675675675675,3.7696585361939645,21,426.0,0.20773976591769097,16,440.0,0.24737743238276577,37,866.0
2805.0,31,551.0,7.1558441558441555,4.754244721466587,16,435.0,0.26558516665590737,15,386.0,0.29458596690564826,31,821.0
2810.0,33,566.0,6.902439024390244,5.5053485808423535,19,474.0,0.3253476987739516,14,312.0,0.3385171145062818,33,786.0
2815.0,39,530.0,6.309523809523809,4.1743340022073125,22,454.0,0.27723884031296536,17,366.0,0.2315672088733437,39,820.0
2820.0,36,499.0,6.0120481927710845,4.375517379705274,19,407.0,0.24448226246697066,17,415.0,0.2451875958841184,36,822.0
2825.0,39,591.0,7.2073170731707314,3.9170271009244373,21,474.0,0.18335536721752047,18,436.0,0.22178216889750507,39,910.0
2830.0,48,756.0,9.0,3.5776271464676164,26,550.0,0.11244070737818669,22,478.0,0.17764819422346467,48,1028.0
2835.0,51,929.0,11.19277108433735,2.926388699004867,27,626.0,0.15040602129570158,24,568.0,0.1522787615591787,51,1194.0
2840.0,37,1028.0,12.238095238095237,4.465222360033747,20,645.0,0.19062228659628344,17,614.0,0.28037437479992566,37,1259.0
2845.0,39,931.0,11.216867469879517,3.989586312810094,22,650.0,0.15553606960472224,17,611.0,0.2706726246300153,39,1261.0
2850.0,37,601.0,7.5125,3.857995276631732,17,564.0,0.2044383601452059,20,575.0,0.15135591890442449,37,1139.0
2855.0,35,396.0,5.142857142857143,3.586021019512637,14,538.0,0.21348615399544366,21,525.0,0.13165770928729284,35,1063.0
2860.0,32,406.0,5.2727272727272725,3.7854895606347596,14,543.0,0.19015383803237854,18,405.0,0.16873168646648487,32,948.0
2865.0,38,405.0,5.259740259740259,3.855161163461688,19,547.0,0.16835405199237513,19,456.0,0.2204613111933747,38,1003.0
2870.0,38,397.0,4.9625,4.344746101789601,23,586.0,0.11632408608993261,15,451.0,0.29486202343181767,38,1037.0
2875.0,36,473.0,5.7682926829268295,4.077277036878796,21,577.0,0.1364909605353764,15,463.0,0.2688812660212852,36,1040.0
2880.0,31,405.0,4.879518072289157,4.729959794627376,13,458.0,0.2728560776884407,18,460.0,0.22324622002316608,31,918.0
2885.0,31,468.0,5.924050632911392,5.287017695942015,8,368.0,0.46329937450378944,23,483.0,0.16460268253719343,31,851.0
2890.0,33,474.0,6.076923076923077,4.403094980578984,10,322.0,0.34215493579465106,23,536.0,0.12683936878901225,33,858.0
2895.0,34,458.0,5.871794871794871,3.9293764067213486,16,291.0,0.18051847238642443,18,525.0,0.16841913859589372,34,816.0
2900.0,36,559.0,7.554054054054054,3.8481066304199993,20,332.0,0.1255952289064817,16,528.0,0.25093299832951266,36,860.0
2905.0,32,654.0,8.95890410958904,3.7882934738336487,15,359.0,0.2583155780164123,17,551.0,0.10608868867692753,32,910.0
2910.0,33,695.0,9.520547945205479,3.689852420621363,13,346.0,0.3180579609731827,20,613.0,0.037455483177775445,33,959.0
2915.0,33,675.0,9.642857142857142,4.14303118653994,16,319.0,0.24982700449353962,17,650.0,0.14310966615983137,33,969.0
2920.0,28,546.0,8.029411764705882,4.264306346636567,15,344.0,0.1785036696435486,13,567.0,0.2415360448920741,28,911.0
2925.0,32,565.0,8.432835820895523,4.58731905476429,20,433.0,0.09647541471888456,12,479.0,0.29956804329344433,32,912.0
2930.0,35,621.0,10.180327868852459,4.249199261368079,21,494.0,0.14652473790009593,14,493.0,0.27206625685967484,35,987.0
2935.0,30,629.0,9.984126984126984,4.778714547921519,15,497.0,0.22867036650078132,15,483.0,0.22375746041133762,30,980.0
2940.0,25,607.0,10.46551724137931,4.442017037308845,12,426.0,0.1829027844704515,13,516.0,0.31141459064871946,25,942.0
2945.0,24,620.0,11.272727272727273,5.3255639873326714,14,413.0,0.1555663498369445,10,527.0,0.38322742840877627,24,940.0
2950.0,25,491.0,9.092592592592593,3.7308781274083453,15,392.0,0.11075086138458855,10,479.0,0.236866837019175,25,871.0
2955.0,25,232.0,4.0701754385964914,4.941248146570212,13,358.0,0.21572712649927162,12,375.0,0.30742141506484316,25,733.0
2960.0,20,220.0,4.074074074074074,4.71290136842177,12,372.0,0.27051713647591474,8,374.0,0.3676349939089158,20,746.0
2965.0,22,247.0,4.186440677966102,4.949900490339891,8,333.0,0.31752367401569476,14,415.0,0.22967554524613437,22,748.0
2970.0,28,340.0,5.396825396825397,4.63707990687441,10,319.0,0.3002173008067956,18,415.0,0.18211283137154818,28,734.0
2975.0,31,430.0,6.417910447761194,5.166897210008026,13,281.0,0.3186476484139825,18,407.0,0.24875691301227967,31,688.0
2980.0,32,570.0,8.636363636363637,4.124186945625397,15,311.0,0.2770040676874356,17,483.0,0.2452828253091543,32,794.0
2985.0,36,691.0,10.161764705882353,3.7344812789162045,14,335.0,0.2903774700966157,22,575.0,0.21718945417389202,36,910.0
2990.0,28,629.0,8.985714285714286,4.396257592520823,8,314.0,0.2900896595962322,20,600.0,0.23747922393024853,28,914.0
2995.0,22,488.0,6.777777777777778,4.380269130317856,7,290.0,0.26587937631055364,15,556.0,0.15079656223661914,22,846.0
3000.0,30,393.0,5.3108108108108105,4.281367013708066,13,323.0,0.15960481391007336,17,433.0,0.20307773595059042,30,756.0
3005.0,32,348.0,4.578947368421052,4.6475398352699795,16,303.0,0.23802267903383129,16,386.0,0.220941033607026,32,689.0
3010.0,38,431.0,5.824324324324325,4.833238394576054,18,250.0,0.28521414937395567,20,409.0,0.2236269307888658,38,659.0
3015.0,33,481.0,7.073529411764706,4.1521477608197355,18,275.0,0.138636899405176,15,402.0,0.2683687436095354,33,677.0
3020.0,31,445.0,6.357142857142857,3.7765027654184036,12,245.0,0.11441161576642646,19,461.0,0.174544494413773,31,706.0
3025.0,32,504.0,7.304347826086956,3.687968021575873,8,255.0,0.19661480284709487,24,571.0,0.12985702278985536,32,826.0
3030.0,40,655.0,9.776119402985074,2.826137514806672,13,303.0,0.175926170212775,27,661.0,0.14368301501365466,40,964.0
3035.0,36,744.0,11.104477611940299,3.3743373360435096,16,323.0,0.17545703875033125,20,712.0,0.19371603479067007,36,1035.0
3040.0,28,720.0,10.285714285714286,4.381269504542282,7,275.0,0.29451609884569574,21,740.0,0.15624352833792104,28,1015.0
3045.0,26,708.0,9.833333333333334,5.204205889391144,5,218.0,0.370141167126632,21,760.0,0.16929115235877235,26,978.0
3050.0,31,825.0,11.458333333333334,4.578064478069156,11,236.0,0.24611976965519555,20,836.0,0.2094922296592193,31,1072.0
3055.0,32,930.0,13.880597014925373,4.413914473361506,14,289.0,0.2273544593132113,18,867.0,0.2507205266108815,32,1156.0
3060.0,37,877.0,12.897058823529411,3.844601577427617,19,372.0,0.20310251082256478,18,808.0,0.1232391831186432,37,1180.0
3065.0,34,551.0,8.102941176470589,4.129095553463139,14,365.0,0.28368080458438244,20,697.0,0.0962934644130958,34,1062.0
3070.0,30,439.0,6.455882352941177,4.659047968863892,17,416.0,0.26422009462269364,13,745.0,0.2504620949362095,30,1161.0
3075.0,31,411.0,6.044117647058823,4.499304614689212,15,402.0,0.2680552438739305,16,761.0,0.2964784013091654,31,1163.0
3080.0,29,279.0,4.043478260869565,4.7259268464919035,10,291.0,0.2867335943166213,19,820.0,0.2768959036726723,29,1111.0
3085.0,30,419.0,6.161764705882353,4.891931883976249,8,209.0,0.4120371813733671,22,924.0,0.15647374127230443,30,1133.0
3090.0,30,419.0,6.161764705882353,4.781486799529812,6,142.0,0.413260526745885,24,967.0,0.16186501795744723,30,1109.0
3095.0,26,392.0,5.9393939393939394,4.628341584916278,10,170.0,0.19138487912038776,16,933.0,0.26671748965014963,26,1103.0
3100.0,32,394.0,6.061538461538461,4.287714996652033,14,203.0,0.09640595491366523,18,883.0,0.277004634559078,32,1086.0
3105.0,35,365.0,5.703125,3.9613427668059513,15,215.0,0.15111382406379897,20,771.0,0.21163167637603428,35,986.0
3110.0,29,298.0,4.885245901639344,2.9874994142590143,13,233.0,0.21140067524076311,16,811.0,0.17881274698992725,29,1044.0
3115.0,31,398.0,6.317460317460317,3.7929275788750387,14,280.0,0.29626630318548847,17,853.0,0.14305904322053756,31,1133.0
3120.0,34,402.0,6.184615384615385,3.570811356454233,11,266.0,0.30197779933030844,23,920.0,0.10315346560214933,34,1186.0
3125.0,31,399.0,5.867647058823529,4.146195965117299,4,196.0,0.2973828985460033,27,1013.0,0.13538053710321318,31,1209.0
3130.0,32,479.0,7.149253731343284,3.837537945348611,5,174.0,0.2856739663032103,27,1032.0,0.15121174150554775,32,1206.0
3135.0,34,555.0,8.161764705882353,3.702840567648249,11,193.0,0.16268732571047131,23,940.0,0.24313958099057523,34,1133.0
3140.0,35,641.0,9.426470588235293,4.05166436811081,14,192.0,0.28318010240721686,21,868.0,0.272200293449669,35,1060.0
3145.0,29,707.0,10.246376811594203,4.4603980354392965,6,138.0,0.391306180761952,23,847.0,0.24256989073137247,29,985.0
3150.0,27,693.0,9.9,4.250113902690323,3,83.0,0.4815587335316932,24,919.0,0.14138421162429693,27,1002.0
3155.0,36,820.0,10.64935064935065,4.114447108133308,10,97.0,0.3083211683355691,26,1007.0,0.17669004857618992,36,1104.0
3160.0,41,956.0,12.578947368421053,3.793475577935459,13,122.0,0.3072080910999327,28,1099.0,0.18626026065194007,41,1221.0
3165.0,35,1046.0,13.946666666666667,4.205211800163309,8,112.0,0.35593357535028536,27,1172.0,0.16152913318543294,35,1284.0
3170.0,30,875.0,11.513157894736842,4.034357706001788,2,92.0,0.426911791121596,28,1116.0,0.09820218423498142,30,1208.0
3175.0,31,397.0,5.293333333333333,4.348737196058647,10,113.0,0.35560714002172567,21,918.0,0.11524480336135674,31,1031.0
3180.0,29,256.0,3.4133333333333336,4.091621516054468,13,146.0,0.2893201593786946,16,956.0,0.14751274035015244,29,1102.0
3185.0,38,389.0,5.1866666666666665,4.1977011260506245,18,221.0,0.23924813174046283,20,981.0,0.21543100909672502,38,1202.0
3190.0,42,436.0,5.891891891891892,3.661639886282587,17,266.0,0.27822532945288514,25,1047.0,0.21638006334024742,42,1313.0
3195.0,32,381.0,5.291666666666667,3.676208074077124,9,240.0,0.2686650178492358,23,1091.0,0.18846069477236807,32,1331.0
3200.0,34,406.0,5.561643835616438,3.30877031645184,8,246.0,0.2683255987813387,26,1039.0,0.11536225011363346,34,1285.0
3205.0,38,412.0,5.493333333333333,3.394813320547387,15,268.0,0.12561467912747254,23,846.0,0.1350429411455008,38,1114.0
3210.0,31,434.0,5.564102564102564,3.437589545926533,16,300.0,0.10344541351784167,15,891.0,0.22621963969504738,31,1191.0
3215.0,29,474.0,5.851851851851852,4.639069461628622,12,269.0,0.23569554504255857,17,913.0,0.25048959608216625,29,1182.0
3220.0,30,370.0,4.567901234567901,4.408562942738294,6,223.0,0.3609313807468431,24,946.0,0.1406861114180456,30,1169.0
3225.0,36,308.0,3.6666666666666665,4.402488742337717,9,185.0,0.3594645637218417,27,954.0,0.15076713284297763,36,1139.0
3230.0,43,429.0,5.2317073170731705,3.7240137741124113,17,248.0,0.321877571157499,26,901.0,0.16457652919738586,43,1149.0
3235.0,43,473.0,5.7682926829268295,3.2675502288571936,23,351.0,0.1940723452508567,20,731.0,0.1737679423643558,43,1082.0
3240.0,41,543.0,6.703703703703703,3.309628995553632,27,458.0,0.13082448392055016,14,678.0,0.23080786914412704,41,1136.0
3245.0,46,712.0,8.279069767441861,3.230902453753584,29,582.0,0.16271686664681836,17,664.0,0.2114317484897256,46,1246.0
3250.0,45,749.0,8.709302325581396,3.121276471903603,25,617.0,0.23143192272238272,20,699.0,0.2050959146221442,45,1316.0
3255.0,45,610.0,7.011494252873563,3.4836714285530217,19,578.0,0.22530841723669817,26,735.0,0.18708612588938012,45,1313.0
3260.0,40,615.0,6.988636363636363,2.971291129627669,13,640.0,0.17981222125962185,27,768.0,0.12430658465280689,40,1408.0
3265.0,44,673.0,7.477777777777778,3.5453416469702,20,711.0,0.15240162482732025,24,717.0,0.17376325188202832,44,1428.0
3270.0,38,421.0,4.677777777777778,3.0761917682569884,22,704.0,0.1157821106583169,16,681.0,0.1957435313083991,38,1385.0
3275.0,48,484.0,5.438202247191011,3.662165497680401,26,685.0,0.18906132783254775,22,719.0,0.18043600021736672,48,1404.0
3280.0,51,692.0,7.688888888888889,4.002310587391853,26,739.0,0.2362386777953869,25,739.0,0.22805325948844707,51,1478.0
3285.0,47,767.0,8.715909090909092,2.76772515656175,27,758.0,0.13912494030307299,20,710.0,0.15833216045365422,47,1468.0
3290.0,40,718.0,8.348837209302326,3.8277703762924418,22,660.0,0.20010200589470364,18,693.0,0.17451085146764655,40,1353.0
3295.0,30,627.0,7.646341463414634,4.539693656659016,16,517.0,0.22234889342892417,14,668.0,0.18946396133831445,30,1185.0
3300.0,32,601.0,7.154761904761905,4.256763974865244,12,525.0,0.24997772080848554,20,640.0,0.13422648624344505,32,1165.0
3305.0,36,682.0,8.419753086419753,3.6187638531858894,15,551.0,0.22680530471123128,21,684.0,0.14563076465424116,36,1235.0
3310.0,35,774.0,10.18421052631579,3.2267337920899046,17,536.0,0.1177705622351314,18,691.0,0.22805757657924292,35,1227.0
3315.0,31,657.0,9.0,3.949649742169339,18,490.0,0.14268292390245285,13,596.0,0.266569110529746,31,1086.0
3320.0,30,349.0,4.4743589743589745,3.88072027883233,13,468.0,0.19599822595192887,17,592.0,0.17431510367798272,30,1060.0
3325.0,37,385.0,4.8125,4.27040672281748,16,459.0,0.18727322012936293,21,577.0,0.24797139845579722,37,1036.0
3330.0,37,462.0,5.848101265822785,4.570372261029607,21,520.0,0.16043699100085415,16,590.0,0.3220841583881788,37,1110.0
3335.0,34,426.0,5.325,4.082586833125076,20,562.0,0.15500210749006646,14,568.0,0.28021845020925923,34,1130.0
3340.0,41,530.0,6.708860759493671,4.101673046851698,19,567.0,0.2140870452680798,22,605.0,0.21036557763378833,41,1172.0
3345.0,43,502.0,6.51948051948052,2.895666332899329,14,477.0,0.24901668561390364,29,687.0,0.056570978204013654,43,1164.0
3350.0,42,605.0,7.857142857142857,3.8993398916027404,13,429.0,0.2992140729901111,29,760.0,0.08725279411881384,42,1189.0
3355.0,41,714.0,9.394736842105264,4.013439662851123,13,409.0,0.3125204257317029,28,839.0,0.09703542928605649,41,1248.0
3360.0,34,691.0,9.465753424657533,4.497227597581782,15,431.0,0.25833046873970367,19,836.0,0.2017265995165577,34,1267.0
3365.0,31,633.0,9.308823529411764,3.9040338707253217,17,467.0,0.21122501048509656,14,765.0,0.2631133103257114,31,1232.0
3370.0,33,590.0,8.676470588235293,3.702302703455372,17,517.0,0.2451957754305747,16,649.0,0.1957987138769747,33,1166.0
3375.0,35,517.0,7.492753623188406,3.0750394116270043,15,437.0,0.21199681969085052,20,675.0,0.1861659140960535,35,1112.0
3380.0,33,481.0,6.5,3.594319095639705,16,348.0,0.15273794529602674,17,666.0,0.22679436086380395,33,1014.0
3385.0,35,614.0,8.078947368421053,4.230428027785758,18,416.0,0.14964505069767664,17,643.0,0.29236418428087035,35,1059.0
3390.0,37,748.0,9.58974358974359,4.220812910804629,18,488.0,0.2292162283965818,19,600.0,0.22171937495457644,37,1088.0
3395.0,44,893.0,11.597402597402597,3.2727708566945144,17,530.0,0.29557429621312564,27,656.0,0.1388577021001803,44,1186.0
3400.0,41,1005.0,12.721518987341772,3.5533763306491086,18,588.0,0.22587636633353847,23,695.0,0.19385122849414546,41,1283.0
3405.0,32,816.0,10.461538461538462,4.236532962227501,17,554.0,0.23438676566759364,15,636.0,0.2468540530935292,32,1190.0
3410.0,33,653.0,8.1625,4.5839508116879815,14,413.0,0.2710247862826933,19,604.0,0.1868596266575888,33,1017.0
3415.0,36,769.0,9.85897435897436,4.420478103031857,10,338.0,0.3313119268321795,26,708.0,0.10719046633126203,36,1046.0
3420.0,41,803.0,10.0375,4.3800188756509355,12,317.0,0.3584227224617541,29,815.0,0.09465221553874206,41,1132.0
3425.0,33,814.0,10.30379746835443,4.782235595517698,14,255.0,0.3003484665405552,19,861.0,0.19802696037822376,33,1116.0
3430.0,35,548.0,7.116883116883117,4.478892583655029,16,287.0,0.15879923911337937,19,777.0,0.26474204713784777,35,1064.0
3435.0,36,481.0,6.0886075949367084,4.520791747883478,18,336.0,0.21848492226440636,18,583.0,0.21966437441212322,36,919.0
3440.0,44,503.0,6.532467532467533,3.744657956855536,17,366.0,0.25402087571555565,27,613.0,0.18922805212839128,44,979.0
3445.0,42,517.0,6.628205128205129,3.933452461481563,15,392.0,0.28937296016481423,27,642.0,0.20630955943249357,42,1034.0
3450.0,43,614.0,7.580246913580247,3.5487976881860943,15,394.0,0.2306342698816207,28,693.0,0.2033037917241103,43,1087.0
3455.0,40,610.0,7.625,3.3276566997602033,11,326.0,0.18659890512071808,29,807.0,0.16755998398799812,40,1133.0
3460.0,42,681.0,8.304878048780488,3.4842669370139423,9,344.0,0.24726639962339086,33,900.0,0.08385693363269905,42,1244.0
3465.0,46,712.0,8.279069767441861,3.4865109372737315,14,352.0,0.21425124926636963,32,960.0,0.10063167066998434,46,1312.0
3470.0,42,555.0,6.607142857142857,3.7560040222216444,17,349.0,0.16514162309928196,25,905.0,0.19744148237366743,42,1254.0
3475.0,31,411.0,5.074074074074074,3.6071804629761184,13,312.0,0.17676622715164306,18,967.0,0.18378564937036088,31,1279.0
3480.0,30,381.0,4.430232558139535,4.1338176883593105,10,315.0,0.2701562214494566,20,1001.0,0.1558728252021697,30,1316.0
3485.0,39,501.0,5.825581395348837,3.588172985660118,15,319.0,0.237785015829725,24,1008.0,0.16076858868631203,39,1327.0
3490.0,42,552.0,6.133333333333334,3.7658768729009955,19,334.0,0.17122795295843798,23,937.0,0.19542046226300178,42,1271.0
3495.0,41,646.0,7.511627906976744,3.7297172354882973,23,413.0,0.15107334656112378,18,938.0,0.19704569672502356,41,1351.0
3500.0,42,723.0,8.215909090909092,3.629962270252499,20,451.0,0.17580368722979076,22,967.0,0.17256925633137168,42,1418.0
3505.0,41,720.0,8.181818181818182,3.329933980808865,14,401.0,0.2647874486384895,27,1048.0,0.09349398267445742,41,1449.0
3510.0,44,778.0,8.741573033707866,3.4064028284927117,8,418.0,0.28990946724839983,36,1158.0,0.10015657553856314,44,1576.0
3515.0,50,935.0,10.50561797752809,3.435460777306737,14,459.0,0.22986418309540627,36,1216.0,0.11682943557071038,50,1675.0
3520.0,45,916.0,10.528735632183908,3.1390739118502196,17,469.0,0.098258412984733,28,1173.0,0.150323323099139,45,1642.0
3525.0,43,600.0,6.741573033707865,3.149340640682095,22,467.0,0.09834239446986048,21,1055.0,0.1483530946603214,43,1522.0
3530.0,40,421.0,4.626373626373627,3.9179068038567744,23,511.0,0.20127498326836984,17,834.0,0.24284940954790032,40,1345.0
3535.0,40,360.0,4.090909090909091,3.2405838884217815,17,449.0,0.23635859235248113,23,862.0,0.17081988343177265,40,1311.0
3540.0,43,398.0,4.47191011235955,3.6444690089191205,9,374.0,0.2624358491236877,34,943.0,0.14006516819136935,43,1317.0
3545.0,45,496.0,5.450549450549451,3.393684019185076,9,344.0,0.2490468467319463,36,989.0,0.08020586572606186,45,1333.0
3550.0,41,529.0,5.877777777777778,3.7528555924495106,12,348.0,0.25242375971927183,29,937.0,0.13292064752835017,41,1285.0
3555.0,34,432.0,4.9655172413793105,3.517518943948199,15,345.0,0.19043525018661348,19,970.0,0.18207933938164975,34,1315.0
3560.0,35,445.0,5.2976190476190474,3.8237793976053815,13,328.0,0.25522289762301875,22,980.0,0.14615622062117223,35,1308.0
3565.0,32,428.0,5.35,3.0363817568196234,7,245.0,0.2741882703615491,25,1004.0,0.045347912320659885,32,1249.0
3570.0,34,514.0,6.7631578947368425,4.20657977496658,9,228.0,0.34362254812325643,25,978.0,0.09935503250521631,34,1206.0
3575.0,27,414.0,5.75,4.179734256272454,11,210.0,0.1723468508417192,16,840.0,0.19122869026608819,27,1050.0
3580.0,28,360.0,4.864864864864865,4.288300190617054,13,267.0,0.2060277876767449,15,670.0,0.20790196350787649,28,937.0
3585.0,35,452.0,6.366197183098592,4.249137557468603,15,296.0,0.34907847590635077,20,660.0,0.09834038247703619,35,956.0
3590.0,41,586.0,8.13888888888889,3.6401348145335826,17,336.0,0.2916878400990797,24,675.0,0.10912267492435589,41,1011.0
3595.0,35,588.0,8.4,3.909382463070237,20,365.0,0.1506524409644289,15,612.0,0.267969962726947,35,977.0
3600.0,25,348.0,5.043478260869565,3.7775402886145457,15,317.0,0.12174078428734561,10,537.0,0.25583800951011276,25,854.0
3605.0,23,339.0,4.774647887323944,4.7772402486614,8,263.0,0.27063467679268777,15,500.0,0.22407511109509043,23,763.0
3610.0,28,374.0,5.194444444444445,4.8776568526938355,9,184.0,0.37909979142510297,19,512.0,0.151257859269029,28,696.0
3615.0,22,407.0,5.985294117647059,5.077275578514184,10,205.0,0.3290053517980106,12,480.0,0.23436653657882764,22,685.0
3620.0,26,402.0,5.911764705882353,4.294358378424419,14,233.0,0.1450927923823326,12,476.0,0.32448748766878055,26,709.0
3625.0,31,517.0,7.7164179104477615,5.1471737392885615,18,297.0,0.2308771856937057,13,501.0,0.38320903311836946,31,798.0
3630.0,33,595.0,8.880597014925373,4.672459167559525,14,325.0,0.2813638775471459,19,561.0,0.33251633553951687,33,886.0
3635.0,31,611.0,9.546875,4.352356076979376,8,275.0,0.29391120240710666,23,666.0,0.21961259679681547,31,941.0
3640.0,33,669.0,9.985074626865671,3.323383896945322,8,280.0,0.21592688083883724,25,721.0,0.1405078458505285,33,1001.0
3645.0,32,690.0,10.454545454545455,3.3365649401739197,13,323.0,0.13579782028383178,19,707.0,0.1440913561829805,32,1030.0
3650.0,32,624.0,9.454545454545455,4.029264707528294,17,306.0,0.12002244780159947,15,686.0,0.25431119933581364,32,992.0
3655.0,31,696.0,10.545454545454545,4.587886349426649,17,349.0,0.253723781427208,14,659.0,0.209954230161419,31,1008.0
3660.0,29,718.0,11.396825396825397,4.551861513925172,13,341.0,0.309655354702994,16,705.0,0.17867724422470682,29,1046.0
3665.0,27,669.0,10.453125,4.544955818514826,7,234.0,0.28435704054090555,20,756.0,0.10138439674610977,27,990.0
3670.0,22,410.0,6.029411764705882,4.649135615532559,4,249.0,0.3361504824300162,18,631.0,0.10007434628608415,22,880.0
3675.0,26,306.0,4.434782608695652,5.496187275902331,10,281.0,0.32117032930679595,16,441.0,0.22860744879303285,26,722.0
3680.0,30,316.0,4.7164179104477615,4.62418734665017,18,316.0,0.30818304711866173,12,441.0,0.24516116749471173,30,757.0
3685.0,31,295.0,4.402985074626866,4.153507494129389,23,413.0,0.1783324901485429,8,360.0,0.2543022560138407,31,773.0
3690.0,31,320.0,4.776119402985074,4.065622440551972,24,499.0,0.1701557053421269,7,287.0,0.2899960820134356,31,786.0
3695.0,34,469.0,7.0,4.254687587920446,24,613.0,0.12505481867135645,10,285.0,0.2864095222053068,34,898.0
3700.0,41,549.0,8.194029850746269,3.2642480472291364,25,625.0,0.09951959723476514,16,353.0,0.24350896245745896,41,978.0
3705.0,37,470.0,6.619718309859155,3.7492137987911778,17,538.0,0.13766431641504975,20,439.0,0.23869569621874853,37,977.0
3710.0,27,311.0,4.507246376811594,4.113726903228014,8,486.0,0.3250598178043055,19,378.0,0.13067882318559002,27,864.0
3715.0,26,308.0,4.338028169014085,5.399359416238486,9,494.0,0.3667629030805613,17,399.0,0.22525586863440558,26,893.0
3720.0,27,300.0,4.411764705882353,4.241979500119313,11,525.0,0.2524552077675584,16,384.0,0.19350813666210653,27,909.0
3725.0,32,263.0,3.925373134328358,3.667735527841877,22,593.0,0.10472525491108448,10,304.0,0.23758280115721553,32,897.0
3730.0,31,277.0,4.134328358208955,3.5051884508904143,22,603.0,0.11169574905789488,9,330.0,0.21050499129366765,31,933.0
3735.0,29,285.0,4.253731343283582,4.455754435787472,16,510.0,0.20809448410687603,13,380.0,0.17929859369345194,29,890.0
3740.0,27,314.0,4.757575757575758,4.701222475737256,7,395.0,0.31975662621227874,20,467.0,0.14828964711989512,27,862.0
3745.0,31,365.0,5.615384615384615,4.14431761543126,11,373.0,0.23345341005922565,20,525.0,0.19987301931763618,31,898.0
3750.0,36,475.0,7.3076923076923075,3.71280317884526,17,420.0,0.19964952382110188,19,557.0,0.23096301865417576,36,977.0
3755.0,39,500.0,7.246376811594203,3.346642593034344,20,480.0,0.23959333935765148,19,548.0,0.1787068692044533,39,1028.0
3760.0,30,388.0,5.791044776119403,3.963887330831728,18,522.0,0.21831700516962962,12,459.0,0.265962156035952,30,981.0
3765.0,29,424.0,6.144927536231884,4.085078891650636,18,508.0,0.11549504583174257,11,502.0,0.34982270651417763,29,1010.0
3770.0,31,411.0,5.708333333333333,3.8653717723876295,14,420.0,0.13796218699648577,17,569.0,0.18179118763656196,31,989.0
3775.0,34,437.0,5.986301369863014,3.6162780791316425,12,446.0,0.16207653413052553,22,613.0,0.15247375061001323,34,1059.0
3780.0,40,607.0,7.9868421052631575,4.278064316095076,17,521.0,0.21281267930467979,23,701.0,0.20930456084728197,40,1222.0
3785.0,42,564.0,7.621621621621622,3.6459364870546342,21,585.0,0.2634239363785722,21,701.0,0.18912570517229543,42,1286.0
3790.0,45,681.0,9.32876712328767,3.6935075056103477,21,622.0,0.2747028905312587,24,674.0,0.1700887946634634,45,1296.0
3795.0,45,646.0,8.5,2.8058032666549617,21,604.0,0.1965767410403487,24,671.0,0.15597002959905995,45,1275.0
3800.0,45,580.0,7.25,3.489563387572177,28,674.0,0.13546372710041604,17,527.0,0.248304023213705,45,1201.0
3805.0,37,497.0,6.2125,3.519404728676117,27,685.0,0.11729504474142424,10,546.0,0.2526841823998038,37,1231.0
3810.0,36,395.0,4.817073170731708,3.930803481400194,19,569.0,0.16420694158314572,17,586.0,0.17467373861223148,36,1155.0
3815.0,33,340.0,4.0476190476190474,3.613303849154794,13,557.0,0.2087753286646791,20,561.0,0.09178944413965043,33,1118.0
3820.0,32,367.0,4.369047619047619,4.4395655389852875,13,543.0,0.2132240755301638,19,495.0,0.18782125817064593,32,1038.0
3825.0,26,300.0,3.8461538461538463,4.305437612082416,16,518.0,0.14975715416740035,10,451.0,0.3138068255385336,26,969.0
3830.0,29,355.0,4.4375,4.486246759502596,14,424.0,0.20598882215909545,15,421.0,0.23483821348396752,29,845.0
3835.0,31,441.0,5.653846153846154,4.618408225773753,11,380.0,0.3008965214249969,20,470.0,0.14496958122937142,31,850.0
3840.0,35,522.0,6.868421052631579,4.395703545629763,9,363.0,0.29503886806599816,26,554.0,0.14248585247475345,35,917.0
3845.0,39,641.0,9.028169014084508,3.606145668719742,14,408.0,0.2604645738536557,25,596.0,0.16179200733828825,39,1004.0
3850.0,34,640.0,8.767123287671232,3.9296227556556307,17,432.0,0.12903246865982154,17,537.0,0.270325746815565,34,969.0
3855.0,23,469.0,6.424657534246576,4.196240533179235,12,414.0,0.1752058129938855,11,465.0,0.22760464617403037,23,879.0
3860.0,26,519.0,6.92,5.436002305960207,11,426.0,0.34818221446578623,15,408.0,0.21708185775323607,26,834.0
3865.0,29,365.0,4.866666666666666,4.501183652743472,8,329.0,0.32161814930147536,21,459.0,0.15169817215341455,29,788.0
3870.0,35,430.0,5.733333333333333,4.979259734085359,11,246.0,0.4000514646101027,24,524.0,0.16853518158079037,35,770.0
3875.0,37,519.0,7.109589041095891,3.965258903371646,13,281.0,0.26992208228639397,24,555.0,0.17076867956193173,37,836.0
3880.0,35,550.0,7.638888888888889,4.169393812784708,16,359.0,0.24071772532397148,19,507.0,0.24001738055806354,35,866.0
3885.0,29,483.0,6.802816901408451,3.625108198223981,14,387.0,0.2159299444067083,15,538.0,0.24076491135393438,29,925.0
3890.0,27,371.0,5.152777777777778,3.772681770586925,8,353.0,0.33566702069355075,19,549.0,0.1269716849649373,27,902.0
3895.0,27,271.0,3.6621621621621623,3.412776536477012,5,234.0,0.3179447390737425,22,571.0,0.09548884427442372,27,805.0
3900.0,32,350.0,4.72972972972973,4.318122545793022,12,213.0,0.2392233056241345,20,540.0,0.17535844605654116,32,753.0
3905.0,37,490.0,6.901408450704225,4.262309196537758,20,296.0,0.14705321303391902,17,541.0,0.2696999971956223,37,837.0
3910.0,35,533.0,7.614285714285714,3.5345567067756405,18,350.0,0.11727041412509046,17,580.0,0.21437088140509233,35,930.0
3915.0,38,573.0,7.958333333333333,3.360414529306551,17,410.0,0.23430166855282797,21,598.0,0.1485144730310462,38,1008.0
3920.0,38,500.0,6.944444444444445,3.23067169406791,15,404.0,0.29802254979692616,23,608.0,0.1352866093212762,38,1012.0
3925.0,38,458.0,5.9480519480519485,4.322245148034003,10,324.0,0.3752393050660356,28,613.0,0.13856774214211257,38,937.0
3930.0,38,604.0,7.743589743589744,4.264499537709057,12,341.0,0.34584180767653,26,706.0,0.13026606114090322,38,1047.0
3935.0,40,732.0,9.037037037037036,4.299787959470935,13,378.0,0.22023909362770755,27,791.0,0.1972348084446763,40,1169.0
3940.0,46,895.0,11.329113924050633,3.2498300402209312,19,381.0,0.19025666197467936,27,913.0,0.18192100962524857,46,1294.0
3945.0,45,1062.0,13.275,3.308642059515158,14,344.0,0.19904749940151575,31,1053.0,0.15137185320494512,45,1397.0
3950.0,41,1084.0,13.21951219512195,3.407607520285441,12,350.0,0.23980902441937843,29,1085.0,0.14643575671536257,41,1435.0
3955.0,37,891.0,10.48235294117647,4.096945357823736,15,362.0,0.23628221519710307,22,1012.0,0.1988047728317411,37,1374.0
3960.0,32,828.0,9.741176470588234,3.7340247028641063,17,414.0,0.23966479154905787,15,1071.0,0.18458843036197076,32,1485.0
3965.0,35,896.0,10.298850574712644,4.093688320388395,15,441.0,0.27480674292126606,20,1128.0,0.14102897640382547,35,1569.0
3970.0,40,1024.0,11.50561797752809,3.9738403320034426,14,481.0,0.2881589496977593,26,1141.0,0.08992621326110214,40,1622.0
3975.0,40,1136.0,12.622222222222222,4.326322868537118,21,522.0,0.21408835692131725,19,1080.0,0.21652411290552814,40,1602.0
3980.0,39,1136.0,12.909090909090908,4.142446116793145,23,523.0,0.14314373660240767,16,1032.0,0.2955518178986465,39,1555.0
3985.0,43,1265.0,14.055555555555555,4.586062858613328,28,558.0,0.12587679709230024,15,1048.0,0.3262428783552023,43,1606.0
3990.0,50,1425.0,15.659340659340659,4.1591081261909855,26,639.0,0.1700076378900987,24,1145.0,0.22291788335301543,50,1784.0
3995.0,43,1468.0,17.270588235294117,3.8067343154824997,17,648.0,0.23087326117151039,26,1206.0,0.1354730177969552,43,1854.0
4000.0,37,1491.0,17.96385542168675,3.4430198908830976,14,681.0,0.1947643229870456,23,1212.0,0.12248461738516052,37,1893.0
4005.0,36,1550.0,18.902439024390244,4.031760591415316,18,721.0,0.1251856109831494,18,1269.0,0.19772736008821984,36,1990.0
4010.0,46,1367.0,17.525641025641026,3.224712832847118,22,601.0,0.12416930409466921,24,1327.0,0.14954762430739083,46,1928.0
4015.0,45,1407.0,17.5875,3.700427035695187,19,474.0,0.20858638231892732,26,1401.0,0.16561720997228035,45,1875.0
4020.0,38,1472.0,18.632911392405063,4.134409667023858,20,494.0,0.17634637532213393,18,1426.0,0.23834128205953306,38,1920.0
4025.0,32,1223.0,15.2875,3.799356956986993,13,432.0,0.1805434036935985,19,1362.0,0.16038334760293582,32,1794.0
4030.0,32,722.0,8.91358024691358,4.508636777396514,11,353.0,0.3651416169254765,21,1162.0,0.04404697237292327,32,1515.0
4035.0,30,378.0,4.784810126582278,4.686390850675453,9,314.0,0.3820362947368308,21,1207.0,0.09581243929694366,30,1521.0
4040.0,37,416.0,5.333333333333333,4.2615421757400425,16,323.0,0.262510682321613,21,1260.0,0.22224895922448257,37,1583.0
4045.0,41,534.0,6.675,4.201332114119818,21,398.0,0.26637701255750845,20,1302.0,0.24136303570583345,41,1700.0
4050.0,32,497.0,6.135802469135802,4.008179756700879,18,425.0,0.28973341243090245,14,1272.0,0.14652554212921343,32,1697.0
4055.0,28,525.0,6.325301204819277,4.7298979362089,13,402.0,0.3013837873131167,15,1175.0,0.1743390232145415,28,1577.0
4060.0,31,583.0,6.940476190476191,4.932459776023518,15,425.0,0.30563796974187823,16,967.0,0.15908527062229624,31,1392.0
4065.0,37,698.0,8.725,4.893745398027443,19,486.0,0.23074426538328116,18,791.0,0.21429727945937915,37,1277.0
4070.0,38,726.0,9.428571428571429,4.12751686257339,21,519.0,0.240598512721999,17,811.0,0.18697251626884695,38,1330.0
4075.0,31,636.0,8.833333333333334,4.602232048844609,18,495.0,0.227936718211162,13,760.0,0.2708161113589403,31,1255.0
4080.0,33,622.0,8.520547945205479,3.9031882283511883,18,539.0,0.18113473334883193,15,784.0,0.21517405068498943,33,1323.0
4085.0,41,762.0,10.16,4.318374429798342,20,593.0,0.199021344224601,21,856.0,0.24483075734243098,41,1449.0
4090.0,41,875.0,11.986301369863014,3.900124609855093,21,675.0,0.16283204356190908,20,826.0,0.2738441629097628,41,1501.0
4095.0,38,947.0,12.797297297297296,4.328403953613341,22,749.0,0.20478007374855745,16,705.0,0.2644100955839477,38,1454.0
4100.0,41,785.0,9.8125,3.6137561711893644,20,660.0,0.21203788579007896,21,725.0,0.1408624301475611,41,1385.0
4105.0,36,662.0,8.073170731707316,4.249056922866454,20,609.0,0.2395014253177268,16,694.0,0.20067348704157828,36,1303.0
4110.0,33,521.0,6.432098765432099,4.725053480591562,19,630.0,0.2827677621373728,14,621.0,0.29349159885784015,33,1251.0
4115.0,32,366.0,4.518518518518518,5.0715995524164885,17,596.0,0.2533169656540837,15,505.0,0.36025378406741804,32,1101.0
4120.0,36,376.0,4.6419753086419755,3.835890908871554,16,631.0,0.1879184129395051,20,477.0,0.21020684443247548,36,1108.0
4125.0,39,452.0,5.580246913580247,4.017246899604624,16,641.0,0.2208993066760973,23,466.0,0.17846357164926596,39,1107.0
4130.0,41,542.0,6.691358024691358,3.282724986799758,21,669.0,0.15832050410083567,20,511.0,0.1537142288477107,41,1180.0
4135.0,39,517.0,6.08235294117647,3.9584067735969644,23,669.0,0.16718879390677738,16,507.0,0.22363813483113887,39,1176.0
4140.0,36,374.0,4.4,4.201164303738448,21,693.0,0.20333743741510432,15,493.0,0.2674953256164553,36,1186.0
4145.0,44,484.0,5.627906976744186,4.405997830493599,25,709.0,0.2267707052844893,19,464.0,0.23005018728462487,44,1173.0
4150.0,47,603.0,7.178571428571429,3.8752990110220122,25,779.0,0.22208287048618963,22,512.0,0.15701143033738138,47,1291.0
4155.0,45,654.0,7.694117647058824,3.6373855846134306,21,796.0,0.18928299165202286,24,587.0,0.08780097071043794,45,1383.0
4160.0,39,681.0,8.407407407407407,3.3660726357912156,16,759.0,0.20144573566111457,23,631.0,0.09516530751693482,39,1390.0
4165.0,32,521.0,6.594936708860759,4.343555111433438,15,654.0,0.17936288348969942,17,594.0,0.20016100571346188,32,1248.0
4170.0,26,435.0,5.576923076923077,4.549992648996058,15,695.0,0.1370058690751368,11,480.0,0.2851190590259523,26,1175.0
4175.0,30,463.0,6.342465753424658,4.6472571168236305,14,716.0,0.24972488178191743,16,416.0,0.15491116893171436,30,1132.0
4180.0,35,427.0,6.188405797101449,3.8895869096655518,17,702.0,0.26947368051443493,18,434.0,0.12235072428592042,35,1136.0
4185.0,30,330.0,4.782608695652174,4.769415380329641,15,654.0,0.31853648062145906,15,396.0,0.1962303777145723,30,1050.0
4190.0,31,361.0,5.3088235294117645,3.91503386855355,18,708.0,0.27013762597936325,13,382.0,0.1926366328553272,31,1090.0
4195.0,38,441.0,6.3,3.636757188534452,27,819.0,0.1447425090464919,11,315.0,0.31042699532027457,38,1134.0
4200.0,40,497.0,6.902777777777778,3.0641239817682204,29,921.0,0.09831466649219486,11,308.0,0.2880682503887116,40,1229.0
4205.0,37,545.0,7.465753424657534,4.010234072950478,22,983.0,0.14338424378449938,15,306.0,0.2956788710390724,37,1289.0
4210.0,34,597.0,8.178082191780822,3.882735589555468,20,1001.0,0.2093667569700466,14,324.0,0.185883778400913,34,1325.0
4215.0,34,650.0,8.783783783783784,3.5894222340177993,21,984.0,0.13004634277634147,13,339.0,0.22726566867866566,34,1323.0
4220.0,35,601.0,8.347222222222221,3.5859488194237676,23,951.0,0.18446536537375455,12,311.0,0.21583638632764582,35,1262.0
4225.0,35,477.0,6.276315789473684,4.043003252630015,23,948.0,0.21016057235716704,12,309.0,0.1881287355545466,35,1257.0
4230.0,34,384.0,5.052631578947368,3.648607046929545,23,1013.0,0.18117658916588814,11,276.0,0.260231126191674,34,1289.0
4235.0,40,508.0,6.195121951219512,3.949048406741444,25,1067.0,0.18151130711433408,15,245.0,0.33609282512508426,40,1312.0
4240.0,43,606.0,7.129411764705883,3.6977204839759152,31,1172.0,0.16201502390340705,12,261.0,0.3598471856113325,43,1433.0
4245.0,47,751.0,8.83529411764706,3.9172463134781816,38,1337.0,0.11575857272535865,9,241.0,0.4105384023459444,47,1578.0
4250.0,48,756.0,8.49438202247191,3.4693316115614192,38,1430.0,0.08756007666068799,10,203.0,0.2985827702320096,48,1633.0
4255.0,46,639.0,7.021978021978022,3.2193563838785217,30,1404.0,0.10708816195416053,16,231.0,0.22389450691848345,46,1635.0
4260.0,45,593.0,6.177083333333333,3.647109779451062,24,1478.0,0.1668099776477335,21,294.0,0.2477618824557006,45,1772.0
4265.0,38,618.0,6.242424242424242,4.325770460322496,24,1520.0,0.1976440610991608,14,325.0,0.2830643841362283,38,1845.0
4270.0,46,721.0,7.43298969072165,3.7067590907917043,29,1612.0,0.165345748013982,17,353.0,0.2610308949218345,46,1965.0
4275.0,62,889.0,9.071428571428571,3.2129445106831764,41,1639.0,0.135494782637611,21,369.0,0.22400750714714415,62,2008.0
4280.0,64,859.0,8.76530612244898,2.4050564355618347,41,1706.0,0.16013329376171245,23,396.0,0.12356959450875227,64,2102.0
4285.0,61,826.0,8.178217821782178,2.486343684303722,39,1868.0,0.1330529738658481,22,378.0,0.17734766168906424,61,2246.0
4290.0,63,944.0,9.076923076923077,2.67309123000395,40,2044.0,0.05768737854681457,23,459.0,0.23457024374135216,63,2503.0
4295.0,68,1078.0,10.466019417475728,2.5758132267612095,43,2103.0,0.04572066437491835,25,530.0,0.25295586821545635,68,2633.0
4300.0,64,973.0,9.35576923076923,2.5052628563921284,38,1995.0,0.06588707326726531,26,588.0,0.15795938627197756,64,2583.0
4305.0,56,788.0,7.801980198019802,2.696482385957846,34,1931.0,0.10856455168515403,22,570.0,0.11407191930509647,56,2501.0
4310.0,42,702.0,7.163265306122449,3.7846851525168876,25,1810.0,0.17392538471589852,17,640.0,0.1491881475851947,42,2450.0
4315.0,41,774.0,7.979381443298969,3.7883405828876904,22,1741.0,0.2005831389783558,19,711.0,0.14558092028691233,41,2452.0
4320.0,49,832.0,8.577319587628866,3.0268948380870584,24,1578.0,0.19069553879568213,25,749.0,0.1193493706774663,49,2327.0
4325.0,45,754.0,8.10752688172043,2.838070578143598,24,1588.0,0.1376561018937112,21,733.0,0.18675255258790574,45,2321.0
4330.0,39,625.0,6.648936170212766,3.3404344147281475,25,1588.0,0.11407607431338528,14,694.0,0.23644161663424934,39,2282.0
4335.0,47,619.0,6.381443298969073,3.240111256862264,31,1617.0,0.0926923192309982,16,636.0,0.2055817989950498,47,2253.0
4340.0,46,649.0,6.622448979591836,3.571125874727631,26,1531.0,0.13554617581829032,20,657.0,0.19905222537105355,46,2188.0
4345.0,38,670.0,7.052631578947368,4.09472251746227,22,1478.0,0.17327071424295737,16,626.0,0.19296186736143192,38,2104.0
4350.0,33,742.0,8.153846153846153,5.243360041650599,18,1351.0,0.25063808587720426,15,633.0,0.27621815928125276,33,1984.0
4355.0,37,536.0,5.763440860215054,4.246029838388629,19,1189.0,0.22866870588953706,18,552.0,0.15271836358121002,37,1741.0
4360.0,39,410.0,4.712643678160919,3.640883348964081,20,1194.0,0.24859547108191893,19,430.0,0.2089110223491054,39,1624.0
4365.0,46,549.0,6.310344827586207,3.6341250634173057,26,1275.0,0.2637917441251359,20,496.0,0.20851130960661818,46,1771.0
4370.0,45,658.0,7.4772727272727275,3.409886740668756,29,1307.0,0.1043226249461072,16,526.0,0.2519066792374591,45,1833.0
4375.0,44,584.0,6.870588235294117,3.6855249246492043,28,1264.0,0.06499653796625394,16,492.0,0.21242520479773885,44,1756.0
4380.0,40,569.0,6.694117647058824,4.00653335084452,20,1296.0,0.12072340948747569,20,511.0,0.16864948800056095,40,1807.0
4385.0,41,654.0,7.975609756097561,3.6654000352090215,22,1306.0,0.10509274173793952,19,575.0,0.1807587399913784,41,1881.0
4390.0,41,783.0,9.91139240506329,3.6717401277486346,25,1337.0,0.02193936401321258,16,605.0,0.30415015713296534,41,1942.0
4395.0,36,792.0,10.025316455696203,4.615486322114855,21,1302.0,0.07673964442631827,15,580.0,0.32593231892817504,36,1882.0
4400.0,29,624.0,7.8,4.602511963602677,15,1217.0,0.14740192752493558,14,472.0,0.2272968545938615,29,1689.0
4405.0,32,575.0,7.565789473684211,4.332008176723375,16,1042.0,0.16483296599619354,16,523.0,0.26420902302086047,32,1565.0
4410.0,35,516.0,6.88,4.273731224856955,17,1045.0,0.1807270816033809,18,573.0,0.23802236076083316,35,1618.0
4415.0,41,517.0,7.082191780821918,3.486780722178003,21,1143.0,0.14930367106510775,20,559.0,0.2216278515516749,41,1702.0
4420.0,39,476.0,6.181818181818182,3.7969436995226347,24,1164.0,0.1492943166664165,15,498.0,0.2675486374935742,39,1662.0
4425.0,34,434.0,5.864864864864865,4.029395611467033,15,1096.0,0.2817003662119718,19,453.0,0.23156032129046655,34,1549.0
4430.0,33,456.0,5.922077922077922,4.221249866003652,14,1029.0,0.24257292494596214,19,426.0,0.23215110402388062,33,1455.0
4435.0,35,480.0,6.233766233766234,3.9079500025654275,16,871.0,0.19731170606854698,19,492.0,0.22516373231334913,35,1363.0
4440.0,37,540.0,7.297297297297297,3.3694386980128903,19,873.0,0.135865103348809,18,521.0,0.19862263978582018,37,1394.0
4445.0,33,463.0,6.430555555555555,3.321942612693196,13,809.0,0.14047632237693672,20,487.0,0.14623095980607284,33,1296.0
4450.0,35,541.0,7.213333333333333,4.718326429695039,14,788.0,0.29706180769197116,21,461.0,0.13888530657918163,35,1249.0
4455.0,33,648.0,8.756756756756756,4.178838940358878,13,722.0,0.26042512602818313,20,528.0,0.12281914908967337,33,1250.0
4460.0,36,764.0,10.465753424657533,4.47275894045933,16,559.0,0.19128602691184346,20,580.0,0.24487089683817784,36,1139.0
4465.0,34,546.0,7.690140845070423,4.054493746611597,19,513.0,0.1513187219283151,15,530.0,0.28964047892450595,34,1043.0
4470.0,33,509.0,6.972602739726027,5.046152481213047,19,458.0,0.18640407995811792,14,430.0,0.3648535354403789,33,888.0
4475.0,37,554.0,7.589041095890411,4.662830740342636,20,489.0,0.2196555265712604,17,410.0,0.32825031777311364,37,899.0
4480.0,40,566.0,7.648648648648648,4.454832598659691,22,501.0,0.24776916984294634,18,394.0,0.29723163767872623,40,895.0
4485.0,37,572.0,7.526315789473684,3.2336393124462606,20,527.0,0.21905694640011056,17,424.0,0.19719742069486504,37,951.0
4490.0,34,448.0,5.973333333333334,3.9542318212145466,14,489.0,0.2547686796558103,20,435.0,0.18303932197983727,34,924.0
4495.0,28,502.0,6.783783783783784,4.333193336903286,11,457.0,0.3081864117711515,17,494.0,0.16619228646635528,28,951.0
4500.0,33,624.0,8.32,4.401157381943187,16,505.0,0.19937056032319153,17,534.0,0.21615252049453346,33,1039.0
4505.0,40,473.0,6.47945205479452,3.158734888692798,20,459.0,0.06449668265975185,20,536.0,0.21446604524460544,40,995.0
4510.0,41,509.0,7.169014084507042,4.2456405666097305,20,424.0,0.1968021005944846,21,503.0,0.22942846445628276,41,927.0
4515.0,38,601.0,8.464788732394366,3.7849091695910504,19,464.0,0.23723164427881022,19,548.0,0.15530849076466374,38,1012.0
4520.0,30,593.0,8.123287671232877,4.68062447491054,10,441.0,0.2819642147379571,20,614.0,0.1750712790831962,30,1055.0
4525.0,35,583.0,8.44927536231884,3.7319552381948267,14,475.0,0.21980446008713425,21,599.0,0.10411588401731259,35,1074.0
4530.0,40,612.0,8.5,3.400295762493813,20,558.0,0.13903645903759718,20,519.0,0.15745768375577196,40,1077.0
4535.0,41,672.0,9.6,3.048459767162597,24,667.0,0.14702791880532465,17,542.0,0.20354341270958493,41,1209.0
4540.0,39,693.0,9.9,3.3688057284464468,26,735.0,0.09914366626193406,13,494.0,0.2556309550054,39,1229.0
4545.0,29,700.0,10.0,3.7832425186943364,14,716.0,0.19753553570107968,15,511.0,0.13584314765161729,29,1227.0
4550.0,33,770.0,11.0,4.691130388688984,13,714.0,0.2831058425485401,20,503.0,0.09748795482217255,33,1217.0
4555.0,33,882.0,12.782608695652174,4.05264392898292,15,778.0,0.24777254647951968,18,522.0,0.0861753931745246,33,1300.0
4560.0,38,976.0,14.352941176470589,4.049242312568789,22,878.0,0.20055525148025796,16,509.0,0.13214541112413783,38,1387.0
4565.0,34,655.0,10.076923076923077,3.8061153731793085,21,786.0,0.23139438784537225,13,483.0,0.1612255091109078,34,1269.0
4570.0,33,653.0,10.203125,3.9192154622776405,20,584.0,0.23321507039125924,13,482.0,0.19793640629114406,33,1066.0
4575.0,40,841.0,13.34920634920635,3.6519596710834015,23,693.0,0.12224095275824605,17,552.0,0.2675925860029751,40,1245.0
4580.0,41,763.0,11.388059701492537,3.253009286324986,24,634.0,0.009503153723277223,17,584.0,0.2875181762590064,41,1218.0
4585.0,35,779.0,11.128571428571428,4.555259280947498,20,551.0,0.13425029460996757,15,574.0,0.3426003905426194,35,1125.0
4590.0,34,759.0,10.842857142857143,4.200885106454991,20,637.0,0.22302831791616481,14,516.0,0.2540766043572153,34,1153.0
4595.0,35,810.0,11.73913043478261,4.495340684192281,23,746.0,0.19836246685113768,12,387.0,0.2981002497179944,35,1133.0
4600.0,36,719.0,10.573529411764707,3.390866324251544,22,750.0,0.17293353725697352,14,369.0,0.12535227571654722,36,1119.0
4605.0,34,439.0,6.753846153846154,4.235119288647489,15,621.0,0.26817060066695864,19,353.0,0.1529360625733026,34,974.0
4610.0,26,326.0,5.015384615384615,3.410793529070804,7,618.0,0.21772122377087297,19,409.0,0.10750053695587344,26,1027.0
4615.0,27,401.0,6.265625,4.233819605885155,12,657.0,0.196611752760208,15,437.0,0.255006764267338,27,1094.0
4620.0,28,390.0,6.290322580645161,3.4246815954872067,15,685.0,0.09872176931672173,13,432.0,0.29055239360219176,28,1117.0
4625.0,34,504.0,7.411764705882353,4.58076475665605,21,781.0,0.17689783545977306,13,411.0,0.34743807655577724,34,1192.0
4630.0,32,558.0,7.9714285714285715,5.172226267434611,19,755.0,0.30714344114225356,13,428.0,0.372499767138053,32,1183.0
4635.0,29,525.0,8.203125,4.310507911143417,15,592.0,0.24048000802945493,14,447.0,0.3067690134852085,29,1039.0
4640.0,26,571.0,9.360655737704919,3.6720281138490427,8,401.0,0.29567908748589733,18,525.0,0.07938819184841901,26,926.0
4645.0,26,600.0,9.375,3.5782593624017136,7,414.0,0.3052688289273393,19,576.0,0.011972970312526907,26,990.0
4650.0,26,666.0,10.918032786885245,3.7327995111911996,13,458.0,0.24395750311126727,13,583.0,0.1354639266864347,26,1041.0
4655.0,26,637.0,10.11111111111111,3.7645625114429286,15,455.0,0.18552186307564197,11,537.0,0.2406542213361908,26,992.0
4660.0,24,402.0,6.184615384615385,5.011231974882795,14,405.0,0.2851489541721961,10,411.0,0.25652861527102033,24,816.0
4665.0,21,441.0,7.112903225806452,5.338045677163162,10,376.0,0.36380731974627517,11,445.0,0.22787139073126597,21,821.0
4670.0,24,530.0,8.412698412698413,5.076009236623517,10,401.0,0.36080855447928667,14,510.0,0.1454554339283989,24,911.0
4675.0,32,638.0,9.522388059701493,3.674697555578531,15,442.0,0.23241319944995265,17,526.0,0.15363517210795183,32,968.0
4680.0,34,739.0,10.710144927536232,3.7625916892913813,21,507.0,0.20122835681965837,13,465.0,0.2989984166309446,34,972.0
4685.0,26,626.0,8.942857142857143,4.594375665491841,16,542.0,0.2733695665239867,10,422.0,0.31605118321182385,26,964.0
4690.0,30,671.0,9.191780821917808,4.700969101596773,16,570.0,0.3215914604267104,14,362.0,0.24539405254193683,30,932.0
4695.0,35,753.0,10.175675675675675,3.9372579834089168,18,612.0,0.3014988620597017,17,368.0,0.17015783405254806,35,980.0
4700.0,38,557.0,7.426666666666667,3.3239783326853813,22,490.0,0.2143455335756492,16,394.0,0.2332536082324847,38,884.0
4705.0,40,459.0,5.530120481927711,3.633082778851536,28,397.0,0.21052634665306313,12,350.0,0.27441658797092594,40,747.0
4710.0,38,412.0,4.963855421686747,4.05484929800272,30,487.0,0.18023872776077302,8,216.0,0.329130822160935,38,703.0
4715.0,38,414.0,4.870588235294117,4.150817811967347,25,529.0,0.18460277514178,13,249.0,0.26122433591438005,38,778.0
4720.0,40,429.0,4.875,3.6258703429233354,22,577.0,0.17160713528672766,18,304.0,0.16197994260268023,40,881.0
4725.0,44,456.0,5.181818181818182,3.8589924598657617,24,590.0,0.19785734776324737,20,335.0,0.21026510814225327,44,925.0
4730.0,39,563.0,6.623529411764705,4.014537475678214,24,657.0,0.16098293204265923,15,340.0,0.2703579770515339,39,997.0
4735.0,36,563.0,6.546511627906977,3.7295137242017002,22,665.0,0.14041711188334402,14,355.0,0.1792126030872514,36,1020.0
4740.0,35,577.0,6.788235294117647,4.093984718733843,19,687.0,0.17983296034193172,16,356.0,0.1696634441726146,35,1043.0
4745.0,44,654.0,7.975609756097561,3.8052258863656925,26,726.0,0.16097281112807052,18,378.0,0.22530588646814534,44,1104.0
4750.0,43,646.0,8.075,3.3095061879987044,28,793.0,0.1149432660637333,15,360.0,0.271619818205695,43,1153.0
4755.0,45,718.0,8.975,2.9495121643844877,30,861.0,0.09652330729640239,15,388.0,0.2897118293786042,45,1249.0
4760.0,41,762.0,9.407407407407407,3.370757263490308,28,924.0,0.049939259991248285,13,364.0,0.323532233449931,41,1288.0
4765.0,34,716.0,8.325581395348838,4.028699902259832,23,896.0,0.09607919425087805,11,367.0,0.3072623880370327,34,1263.0
4770.0,36,761.0,9.05952380952381,5.257619424832741,18,889.0,0.26337894815631546,18,371.0,0.23045276381539634,36,1260.0
4775.0,35,865.0,10.8125,4.406819755362113,15,892.0,0.26966412990562727,20,409.0,0.11287910440154034,35,1301.0
4780.0,37,916.0,12.052631578947368,3.1668667857864037,18,915.0,0.19484054501642595,19,395.0,0.11880998985646758,37,1310.0
4785.0,41,785.0,10.328947368421053,2.7292852378657715,23,833.0,0.18206158784898208,18,431.0,0.174210125120036,41,1264.0
4790.0,40,525.0,7.0,3.613862112119501,26,768.0,0.10828728414390074,14,416.0,0.317246809204225,40,1184.0
4795.0,39,528.0,6.857142857142857,3.485558575369924,25,839.0,0.08927924976067286,14,425.0,0.2787090571914403,39,1264.0
4800.0,38,507.0,6.584415584415584,3.7557624540129697,19,823.0,0.14062965094041516,19,405.0,0.19124312899255766,38,1228.0
4805.0,34,530.0,7.162162162162162,3.148352710708853,15,858.0,0.18333792666637452,19,454.0,0.1122346858121969,34,1312.0
4810.0,35,602.0,7.921052631578948,3.6291090355821316,19,848.0,0.1349674243847597,16,473.0,0.22265036714102357,35,1321.0
4815.0,37,678.0,9.287671232876713,3.3450401463851653,22,885.0,0.0762000692675557,15,444.0,0.2838528469564336,37,1329.0
4820.0,30,685.0,9.51388888888889,4.337446840463422,19,879.0,0.15188447211241313,11,418.0,0.33005478094555507,30,1297.0
4825.0,28,541.0,7.410958904109589,4.085136740592735,15,844.0,0.23971185895025923,13,376.0,0.20873755569757418,28,1220.0
4830.0,29,433.0,5.931506849315069,4.302376459479049,15,730.0,0.24653544091368312,14,249.0,0.2141770295269126,29,979.0
4835.0,35,497.0,7.0,4.031341862108295,19,759.0,0.2102228459391891,16,274.0,0.23601197298080215,35,1033.0
4840.0,33,569.0,7.902777777777778,3.740620760452122,17,744.0,0.12084813486670042,16,298.0,0.24289249785535122,33,1042.0
4845.0,34,705.0,10.217391304347826,4.0500294587801875,16,746.0,0.20302526441446112,18,375.0,0.17046866597718816,34,1121.0
4850.0,30,767.0,11.115942028985508,3.8053837905822347,13,704.0,0.21288493735932437,17,411.0,0.2072348483789067,30,1115.0
4855.0,38,898.0,12.82857142857143,3.821799772068472,18,669.0,0.1938925238121586,20,492.0,0.17111627116306513,38,1161.0
4860.0,37,675.0,9.782608695652174,3.159922955346542,18,553.0,0.13752997230014619,19,517.0,0.18980952602885764,37,1070.0
4865.0,41,678.0,9.549295774647888,3.6029661732990528,25,494.0,0.1852018141582284,16,505.0,0.2373978821905378,41,999.0
4870.0,41,729.0,9.346153846153847,3.729333410243585,26,551.0,0.23524476120689597,15,561.0,0.22754841750439747,41,1112.0
4875.0,32,684.0,8.55,4.486813064822993,17,549.0,0.29523966941108554,15,619.0,0.2304892525233285,32,1168.0
4880.0,25,320.0,3.855421686746988,4.465183347639976,8,454.0,0.31901061575256856,17,583.0,0.16078963261588897,25,1037.0
4885.0,30,214.0,2.5783132530120483,4.236868908149269,17,401.0,0.25366771306340763,13,456.0,0.1423866220837023,30,857.0
4890.0,35,297.0,3.6666666666666665,3.97738916816741,21,477.0,0.18320300348250806,14,468.0,0.20784909009644287,35,945.0
4895.0,44,408.0,4.857142857142857,4.038264121326797,26,573.0,0.15977940215536632,18,444.0,0.2288637073007293,44,1017.0
4900.0,49,551.0,6.719512195121951,3.406447382805333,28,641.0,0.17042548205681557,21,526.0,0.24545346635693985,49,1167.0
4905.0,52,738.0,8.785714285714286,3.075452876240761,26,708.0,0.1930767294217215,26,647.0,0.1716333343728739,52,1355.0
4910.0,58,892.0,10.372093023255815,2.742069415449936,28,746.0,0.12524954702640342,30,736.0,0.19860401636018402,58,1482.0
4915.0,51,874.0,9.604395604395604,3.4386809887190783,22,682.0,0.19712412118813566,29,791.0,0.1367223354954596,51,1473.0
4920.0,42,742.0,7.978494623655914,3.447508652410302,11,665.0,0.2664664819560409,31,818.0,0.06786997260443875,42,1483.0
4925.0,41,647.0,6.6020408163265305,4.165155620921793,16,703.0,0.2598117401230003,25,790.0,0.15451119838849187,41,1493.0
4930.0,39,666.0,6.66,4.522431947437676,23,755.0,0.2123961016180649,16,771.0,0.2673220800187207,39,1526.0
4935.0,45,673.0,6.533980582524272,4.391652708060258,29,829.0,0.18591125346866594,16,725.0,0.2975913373801044,45,1554.0
4940.0,53,511.0,5.11,3.320533559748938,34,912.0,0.1711748854754649,19,731.0,0.21147176526543393,53,1643.0
4945.0,58,701.0,7.153061224489796,2.7384227678746833,32,989.0,0.1612749252413272,26,777.0,0.18596736912202444,58,1766.0
4950.0,58,819.0,8.443298969072165,2.2925883249887913,34,1017.0,0.05843862429025067,24,773.0,0.18245310864198458,58,1790.0
4955.0,49,782.0,8.145833333333334,2.4972395392656814,31,923.0,0.08863074050762129,18,798.0,0.12278082752843128,49,1721.0
4960.0,41,757.0,7.968421052631579,3.464109960310385,22,797.0,0.1856897130548409,19,752.0,0.1097170598566656,41,1549.0
4965.0,44,767.0,8.073684210526316,2.9746652615124254,17,841.0,0.22612882883411217,27,807.0,0.06735537305143778,44,1648.0
4970.0,41,815.0,8.578947368421053,3.4685246203432087,18,867.0,0.21933312621028056,23,824.0,0.15699512194743953,41,1691.0
4975.0,42,884.0,8.929292929292929,3.73629483651821,22,900.0,0.16751882437647714,20,872.0,0.2271178481213068,42,1772.0
4980.0,44,855.0,8.465346534653465,4.248631656932478,29,954.0,0.12762816091021806,15,827.0,0.29901393401047155,44,1781.0
4985.0,56,907.0,8.892156862745098,3.603289388491828,37,1089.0,0.1422951282104216,19,729.0,0.24790207915646595,56,1818.0
4990.0,58,909.0,9.0,2.89341482792826,35,1227.0,0.17164581032249926,23,703.0,0.1697384409302026,58,1930.0
4995.0,60,989.0,9.792079207920793,2.7039537632549053,34,1251.0,0.14194867157336866,26,638.0,0.17811489987879855,60,1889.0
5000.0,62,957.0,9.114285714285714,2.875073534027965,32,1138.0,0.11233084418349021,30,674.0,0.175162825108813,62,1812.0
5005.0,60,963.0,9.0,3.384527434718257,28,1024.0,0.14302947916138067,32,679.0,0.16583599014880854,60,1703.0
5010.0,56,1134.0,10.598130841121495,4.111500504793819,23,977.0,0.20930119321893254,33,784.0,0.18147987985811012,56,1761.0
5015.0,52,1185.0,11.285714285714286,3.432644617650021,18,938.0,0.22438940215560546,34,874.0,0.11030031958323258,52,1812.0
5020.0,50,1077.0,10.065420560747663,3.6966472693269576,19,966.0,0.21167600293467068,31,884.0,0.12211421573817277,50,1850.0
5025.0,51,1052.0,9.74074074074074,3.2056642870590077,23,991.0,0.1033058749836552,28,977.0,0.15941680714494666,51,1968.0
5030.0,42,1076.0,10.247619047619047,3.8024310123973644,20,967.0,0.15229809601263622,22,1025.0,0.2113888712709016,42,1992.0
5035.0,43,1024.0,9.752380952380953,3.592220684351053,16,973.0,0.22516946963232726,27,1031.0,0.18770548296333592,43,2004.0
5040.0,49,1019.0,9.798076923076923,3.938114913727365,17,927.0,0.30579547577732635,32,994.0,0.18258877975169965,49,1921.0
5045.0,56,890.0,8.39622641509434,3.306468583914261,19,818.0,0.25987552408886005,37,1137.0,0.14792198985840638,56,1955.0
5050.0,61,835.0,7.877358490566038,3.4075886620717206,19,562.0,0.2157941269197478,42,1290.0,0.1556925407095588,61,1852.0
5055.0,68,953.0,8.99056603773585,2.577609401890641,25,612.0,0.161640207468987,43,1417.0,0.09865814958055297,68,2029.0
5060.0,69,1047.0,9.877358490566039,2.6488154167210918,22,624.0,0.1687146140211793,47,1523.0,0.044036417651666555,69,2147.0
5065.0,59,1142.0,10.98076923076923,2.5965304431619223,16,596.0,0.20757450809609865,43,1678.0,0.038001417842555715,59,2274.0
5070.0,57,1280.0,12.075471698113208,3.5079722401558935,17,576.0,0.25403988659289045,40,1756.0,0.0943282976781483,57,2332.0
5075.0,67,1559.0,14.847619047619048,2.592160288625863,24,667.0,0.20767084646288966,43,1911.0,0.10984961586018312,67,2578.0
5080.0,73,1802.0,17.0,2.0343131768659566,29,708.0,0.1569345427565008,44,2070.0,0.06133042430997505,73,2778.0
5085.0,82,2126.0,19.869158878504674,1.972749367376163,37,834.0,0.15488578202603157,45,2256.0,0.09348299810183035,82,3090.0
5090.0,82,2343.0,21.10810810810811,1.7951118829358785,35,925.0,0.0960036908275759,47,2417.0,0.10469688506576028,82,3342.0
5095.0,81,2343.0,21.10810810810811,1.9268319947146129,35,975.0,0.12507441773135725,46,2447.0,0.0924150794549779,81,3422.0
5100.0,76,1928.0,17.36936936936937,1.8628642386467622,34,1034.0,0.0848224637434289,42,2268.0,0.09478068954918639,76,3302.0
5105.0,64,1391.0,12.87962962962963,2.3715154297430305,29,985.0,0.10831754134735733,35,2308.0,0.08554276537537094,64,3293.0
5110.0,56,887.0,8.063636363636364,3.0177265418049117,25,935.0,0.17358548498042112,31,2399.0,0.09230956826193364,56,3334.0
5115.0,40,596.0,5.274336283185841,3.083175394467259,15,915.0,0.20541823027060294,25,2339.0,0.09898736384638175,40,3254.0
5120.0,37,611.0,5.554545454545455,3.508217990713186,13,948.0,0.22739551450361936,24,2066.0,0.15080297205983978,37,3014.0
5125.0,32,555.0,5.138888888888889,3.130039418047349,18,932.0,0.1745531390352922,14,1975.0,0.15697240346987815,32,2907.0
5130.0,35,604.0,5.592592592592593,3.310278868416081,18,835.0,0.1543343975201061,17,1986.0,0.14933997049993777,35,2821.0
5135.0,41,716.0,6.884615384615385,2.8025575955195285,18,883.0,0.13591125157686407,23,1888.0,0.11376316029791801,41,2771.0
5140.0,37,802.0,7.862745098039215,3.01956764434367,20,914.0,0.09562415356965451,17,1632.0,0.15040439156837526,37,2546.0
5145.0,40,518.0,5.128712871287129,2.6954040885833934,22,910.0,0.0999841279715599,18,1543.0,0.1478871130551564,40,2453.0
5150.0,48,551.0,5.622448979591836,3.024024976506638,26,932.0,0.1555309924817405,22,1379.0,0.16349379595487806,48,2311.0
5155.0,56,605.0,6.173469387755102,1.9343493294578662,29,953.0,0.14580173028086868,27,1407.0,0.07151400514024903,56,2360.0
5160.0,52,643.0,6.697916666666667,2.3780444462583055,24,867.0,0.12315185212172834,28,1473.0,0.09514413069863022,52,2340.0
5165.0,50,508.0,5.1313131313131315,2.333704973488713,20,850.0,0.1451497514611321,30,1413.0,0.059065222017586606,50,2263.0
5170.0,43,403.0,3.912621359223301,3.222830847526944,16,874.0,0.1363782504441859,27,1220.0,0.14332372545062674,43,2094.0
5175.0,38,392.0,3.881188118811881,3.3733132581140657,17,837.0,0.13131420161590007,21,1217.0,0.21310506771375606,38,2054.0
5180.0,36,391.0,3.796116504854369,3.74231990312561,15,705.0,0.17957678420090983,21,1300.0,0.18448261679960795,36,2005.0
5185.0,33,374.0,3.6666666666666665,3.560151895411464,15,730.0,0.1910619973156568,18,1239.0,0.17059323559836653,33,1969.0
5190.0,34,429.0,4.29,3.4323529329685494,18,790.0,0.16663964552335211,16,1037.0,0.16657851529526593,34,1827.0
5195.0,33,387.0,3.87,3.1661167566972575,20,774.0,0.16068520347110038,13,965.0,0.12905598099395832,33,1739.0
5200.0,35,450.0,4.639175257731959,3.368300393994051,18,700.0,0.1431362725212656,17,1004.0,0.14725533193849286,35,1704.0
5205.0,36,339.0,3.4591836734693877,2.8414433575781275,17,694.0,0.13531258200092722,19,992.0,0.1438733442597273,36,1686.0
5210.0,39,409.0,4.09,3.2835645633132526,16,664.0,0.19990329522027292,23,1026.0,0.12219356402707719,39,1690.0
5215.0,47,396.0,3.8823529411764706,2.728605308940808,18,624.0,0.16735580989223803,29,1011.0,0.14112713555456474,47,1635.0
5220.0,52,481.0,4.625,3.204678295997998,27,694.0,0.13270734899737596,25,878.0,0.23256034582750032,52,1572.0
5225.0,51,490.0,4.622641509433962,2.8501867275242914,31,731.0,0.08318843973355672,20,950.0,0.25661060320175444,51,1681.0
5230.0,46,425.0,3.935185185185185,3.0000760879945463,27,701.0,0.08852580555896819,19,993.0,0.22125845343639122,46,1694.0
5235.0,38,340.0,3.238095238095238,3.1067780142275625,21,737.0,0.12015044397654766,17,979.0,0.21886653164719191,38,1716.0
5240.0,45,370.0,3.5238095238095237,3.0457912045472475,21,810.0,0.10153350869346715,24,854.0,0.16612305841008185,45,1664.0
5245.0,43,371.0,3.5673076923076925,2.4553339724402012,17,808.0,0.10179292858041869,26,925.0,0.10486285259963186,43,1733.0
5250.0,38,425.0,4.166666666666667,3.1844334177104567,13,714.0,0.18258283035908723,25,979.0,0.10466110746219007,38,1693.0
5255.0,37,360.0,3.495145631067961,2.8362882361829436,9,677.0,0.18766793380467314,28,1071.0,0.09189972352335624,37,1748.0
5260.0,44,454.0,4.3238095238095235,3.3872431931263516,11,629.0,0.22910154217206347,33,1148.0,0.09814185791351149,44,1777.0
5265.0,50,533.0,5.076190476190476,2.9859616388196497,15,630.0,0.20888138570403852,35,1201.0,0.09859029242437707,50,1831.0
5270.0,55,627.0,6.087378640776699,3.4579273745274706,24,709.0,0.16806584970011024,31,1100.0,0.16579799271717735,55,1809.0
5275.0,49,544.0,5.551020408163265,2.517049956311132,27,722.0,0.08401076665062494,22,1060.0,0.13322574542646937,49,1782.0
5280.0,43,397.0,3.97,3.460132691267564,23,642.0,0.1419260253742408,20,1042.0,0.1453037342055851,43,1684.0
5285.0,35,376.0,3.797979797979798,3.356551787351799,16,665.0,0.12369905905274921,19,1020.0,0.14871693933356298,35,1685.0
5290.0,33,399.0,4.15625,3.6994808897948364,16,743.0,0.14310578910846683,17,901.0,0.17383527110729577,33,1644.0
5295.0,31,384.0,4.0,2.8858968310109545,14,719.0,0.12755244176793076,17,933.0,0.12982320522891946,31,1652.0
5300.0,32,432.0,4.453608247422681,3.6764003683110325,10,614.0,0.19929555965086995,22,939.0,0.14341089060500967,32,1553.0
5305.0,37,534.0,5.680851063829787,3.3619507704895653,12,664.0,0.19233592845002445,25,948.0,0.15395967033329647,37,1612.0
5310.0,36,623.0,6.627659574468085,3.256343077616083,15,728.0,0.16233512248089005,21,879.0,0.13187871184003128,36,1607.0
5315.0,36,508.0,5.404255319148936,3.1775778886999597,17,740.0,0.13244779120360697,19,844.0,0.15109363495379993,36,1584.0
5320.0,38,458.0,4.978260869565218,3.5776834535550504,24,839.0,0.08343977031014918,14,720.0,0.24267933207605358,38,1559.0
5325.0,48,522.0,5.8,3.200328002342243,28,869.0,0.08591168155454708,20,726.0,0.18639558071233644,48,1595.0
5330.0,50,548.0,6.372093023255814,3.077707421324533,24,789.0,0.11573380815691803,26,707.0,0.1007656587185421,50,1496.0
5335.0,49,659.0,7.845238095238095,3.486207622187011,18,711.0,0.22773573927270135,31,831.0,0.08341726452494862,49,1542.0
5340.0,39,514.0,5.775280898876405,3.6890074544743636,11,565.0,0.2745983961168213,28,864.0,0.11521100673170451,39,1429.0
5345.0,30,424.0,4.65934065934066,4.8899599808399845,13,552.0,0.3276940387076744,17,760.0,0.24440044820888568,30,1312.0
5350.0,32,449.0,4.934065934065934,5.257067966968481,19,633.0,0.3053498086230843,13,658.0,0.33602095390219555,32,1291.0
5355.0,39,548.0,6.021978021978022,3.781385629756096,26,649.0,0.1635760567375231,13,705.0,0.244861856793295,39,1354.0
5360.0,44,638.0,7.333333333333333,3.1332262487744864,25,604.0,0.12289961798633396,19,779.0,0.09093539337667948,44,1383.0
5365.0,46,665.0,7.916666666666667,2.739619860160447,22,675.0,0.1452718431812321,24,811.0,0.056814112373155354,46,1486.0
5370.0,31,623.0,7.691358024691358,3.518958263734896,15,683.0,0.12741635466245957,16,765.0,0.17903568235514983,31,1448.0
5375.0,32,610.0,7.922077922077922,2.6958236195362,19,680.0,0.09423410310416656,13,751.0,0.22570441454311166,32,1431.0
5380.0,37,592.0,7.308641975308642,3.6305045873633226,21,628.0,0.14856054197176452,16,730.0,0.2221117337896104,37,1358.0
5385.0,35,691.0,8.85897435897436,3.404464413220977,18,658.0,0.20481846862948289,17,734.0,0.17311707423077782,35,1392.0
5390.0,27,744.0,9.662337662337663,4.095753621085563,15,709.0,0.16738551604154944,12,694.0,0.2528492067739424,27,1403.0
5395.0,31,835.0,11.283783783783784,3.4627189885818592,19,705.0,0.11358485025397758,12,673.0,0.28508022556449836,31,1378.0
5400.0,36,929.0,12.223684210526315,3.5846791942423026,21,669.0,0.14897736837791103,15,679.0,0.18507399819413073,36,1348.0
5405.0,29,570.0,7.5,3.922308726945209,12,602.0,0.24292492604272864,17,542.0,0.1911033575102792,29,1144.0
5410.0,31,426.0,5.3924050632911396,4.784997048110481,15,521.0,0.21760251571732803,16,283.0,0.3311565464486626,31,804.0
5415.0,32,290.0,3.717948717948718,4.499244477634426,18,467.0,0.21862066238803174,14,299.0,0.31791602739412167,32,766.0
5420.0,34,323.0,4.25,4.572602264336111,25,487.0,0.1707285043451984,9,278.0,0.30693459200523043,34,765.0
5425.0,34,381.0,5.0131578947368425,3.6215648404151524,24,528.0,0.08263131491626516,10,268.0,0.2759277504908985,34,796.0
5430.0,32,393.0,5.3108108108108105,4.499867973118555,18,497.0,0.1481437937846147,14,302.0,0.3128850621664552,32,799.0
5435.0,26,351.0,4.618421052631579,4.199866036541132,10,543.0,0.21861612834981406,16,290.0,0.22872852714006844,26,833.0
5440.0,31,423.0,5.222222222222222,4.937710992178614,17,594.0,0.22628861627461244,14,250.0,0.32172561517744896,31,844.0
5445.0,34,346.0,4.4935064935064934,4.354451272578849,19,582.0,0.23111677749947815,15,271.0,0.3518687357291836,34,853.0
5450.0,34,323.0,4.306666666666667,3.617642614445113,23,552.0,0.13913598596997256,11,247.0,0.2770731331551866,34,799.0
5455.0,42,370.0,4.6835443037974684,3.3849722349037195,28,588.0,0.1276727782734308,14,241.0,0.21567972536046992,42,829.0
5460.0,40,389.0,4.686746987951807,4.184165429587446,20,526.0,0.19497064409352297,20,305.0,0.17763279982671856,40,831.0
5465.0,31,333.0,3.9642857142857144,4.549658123651985,11,571.0,0.2703381194861318,20,345.0,0.2036832798188539,31,916.0
5470.0,32,359.0,4.325301204819277,4.798190651044961,14,605.0,0.2635305016069599,18,357.0,0.23953715897889477,32,962.0
5475.0,35,392.0,4.666666666666667,3.9688777219472278,18,630.0,0.2353988428387752,17,369.0,0.20491662622338083,35,999.0
5480.0,39,448.0,5.270588235294118,4.069335542260366,27,736.0,0.10280216025295479,12,324.0,0.3243117921604593,39,1060.0
5485.0,43,459.0,5.464285714285714,4.022628691213055,31,776.0,0.13726174263079186,12,304.0,0.3210460723733903,43,1080.0
5490.0,39,458.0,5.3882352941176475,4.037753395534503,21,706.0,0.17714841418474966,18,302.0,0.18575766494459808,39,1008.0
5495.0,38,383.0,4.670731707317073,3.6485658780218655,15,701.0,0.2210130557426318,23,366.0,0.09882717122825398,38,1067.0
5500.0,30,394.0,4.987341772151899,3.8450889865592344,15,665.0,0.16985703745732372,15,368.0,0.19993528751839373,30,1033.0
5505.0,36,440.0,5.5,3.1326945917038342,22,662.0,0.12595128275739143,14,390.0,0.24316635405345577,36,1052.0
5510.0,40,524.0,6.313253012048193,4.258834328823014,21,592.0,0.2075090151216203,19,410.0,0.247611844547523,40,1002.0
5515.0,32,434.0,5.2926829268292686,4.083562814338994,14,635.0,0.24604344399339584,18,404.0,0.21593506748837393,32,1039.0
5520.0,33,347.0,4.034883720930233,4.573526836175289,17,637.0,0.2250022485192835,16,333.0,0.28807935873837515,33,970.0
5525.0,40,376.0,4.476190476190476,3.3744887694466366,22,691.0,0.22739250365149086,18,347.0,0.18054063334004491,40,1038.0
5530.0,41,441.0,5.444444444444445,3.68354406586658,28,776.0,0.16568761719731886,13,320.0,0.31522213404333305,41,1096.0
5535.0,46,503.0,6.209876543209877,3.129854201114342,34,826.0,0.12867844199742656,12,334.0,0.2705930932249639,46,1160.0
5540.0,43,520.0,6.190476190476191,3.711748929704398,26,774.0,0.17387688147247077,17,345.0,0.17525229477180782,43,1119.0
5545.0,41,549.0,6.535714285714286,3.283256015875249,20,824.0,0.1865249150815443,21,426.0,0.08080646527430023,41,1250.0
5550.0,38,583.0,6.858823529411764,3.8324712257860623,18,806.0,0.1697920522176649,20,459.0,0.22334254418689387,38,1265.0
5555.0,32,621.0,7.666666666666667,3.6233795698550137,22,805.0,0.1004987515180208,10,422.0,0.34883167858794534,32,1227.0
5560.0,34,591.0,7.035714285714286,3.932257926428273,24,738.0,0.0911693680212088,10,373.0,0.3156476503352508,34,1111.0
5565.0,33,669.0,7.870588235294117,4.538869400554885,18,784.0,0.19968080681140696,15,363.0,0.26971097548473727,33,1147.0
5570.0,37,641.0,7.453488372093023,4.883708917540026,20,851.0,0.2694565890948177,17,309.0,0.2371049257725374,37,1160.0
5575.0,36,601.0,7.070588235294117,4.389485186107869,24,889.0,0.2340618400603185,12,227.0,0.31511583821673056,36,1116.0
5580.0,41,677.0,8.156626506024097,3.9279385888816414,28,897.0,0.1915792181561563,13,241.0,0.32541132415423396,41,1138.0
5585.0,44,740.0,8.705882352941176,3.000693153077509,34,949.0,0.054049822842435355,10,179.0,0.35716288417115105,44,1128.0
5590.0,40,743.0,8.845238095238095,3.4858607947308697,31,950.0,0.0860143373496374,9,183.0,0.2836588000215745,40,1133.0
5595.0,36,797.0,9.267441860465116,4.579788642235572,25,957.0,0.18331405362801323,11,197.0,0.27434420160810347,36,1154.0
5600.0,30,577.0,6.48314606741573,4.646724227460493,15,884.0,0.20301435234262996,15,225.0,0.2187780600616371,30,1109.0
5605.0,24,349.0,4.204819277108434,5.187371427687494,14,747.0,0.20856952272086007,10,240.0,0.3481357653129356,24,987.0
5610.0,28,322.0,3.9753086419753085,4.505936753541752,17,757.0,0.15688901577223882,11,220.0,0.2719787219383626,28,977.0
5615.0,33,404.0,5.17948717948718,4.592091786121266,18,714.0,0.17454784187281064,15,286.0,0.22776999695594424,33,1000.0
5620.0,34,473.0,6.391891891891892,3.425439820298179,18,695.0,0.1760977137855012,16,331.0,0.06434493262068616,34,1026.0
5625.0,27,559.0,7.657534246575342,3.8889262401506097,15,702.0,0.1845111783379386,12,354.0,0.16292278213087702,27,1056.0
5630.0,32,451.0,6.442857142857143,3.130572892622448,22,716.0,0.09937148981843397,10,297.0,0.27443981853269805,32,1013.0
5635.0,39,569.0,8.367647058823529,3.806647913074074,32,853.0,0.12404590560464493,7,205.0,0.49205875975113633,39,1058.0
5640.0,39,587.0,8.761194029850746,3.0603854436199547,33,925.0,0.10192057373082432,6,154.0,0.3770097915280501,39,1079.0
5645.0,35,537.0,8.261538461538462,3.218188951047258,26,915.0,0.12645486312987686,9,112.0,0.28995403661861247,35,1027.0
5650.0,29,313.0,4.287671232876712,3.3314705882228735,21,910.0,0.17594605259846113,8,119.0,0.1656449712262637,29,1029.0
5655.0,23,280.0,3.835616438356164,4.749912419535812,18,861.0,0.17998509816424682,5,124.0,0.45753847814995985,23,985.0
5660.0,23,282.0,3.810810810810811,5.091800200169248,18,871.0,0.19364625043513153,5,110.0,0.543165218559293,23,981.0
5665.0,23,302.0,4.026666666666666,5.571090225866645,17,799.0,0.23497436871451818,6,97.0,0.5085705086705439,23,896.0
5670.0,20,255.0,3.493150684931507,4.074863567864713,14,791.0,0.19337786419436817,6,98.0,0.2748131844404683,20,889.0
5675.0,27,222.0,3.0,4.342311448025285,19,714.0,0.1639511302788107,8,125.0,0.3401024899587712,27,839.0
5680.0,26,288.0,3.9452054794520546,4.232395446320107,20,715.0,0.14511065889267447,6,152.0,0.439825460674733,26,867.0
5685.0,23,331.0,4.661971830985915,4.833010859938715,18,664.0,0.17286772935907185,5,157.0,0.4341141922168187,23,821.0
5690.0,23,218.0,3.253731343283582,3.639445583651394,17,641.0,0.15621541636985986,6,109.0,0.16662872127491485,23,750.0
5695.0,25,251.0,3.63768115942029,4.230298082628597,17,638.0,0.17390532201216627,8,115.0,0.22987225770426734,25,753.0
5700.0,30,303.0,4.455882352941177,3.646107309707133,22,662.0,0.17860544546176324,8,144.0,0.3460716926348221,30,806.0
5705.0,36,466.0,6.955223880597015,3.730341355500069,29,788.0,0.12822759361577798,7,182.0,0.4573768134148495,36,970.0
5710.0,38,487.0,7.268656716417911,2.95874152686355,33,856.0,0.09739022496394925,5,110.0,0.4167699628101129,38,966.0
5715.0,37,500.0,7.246376811594203,3.8406931082019438,31,854.0,0.09845345177164039,6,98.0,0.5060470066084627,37,952.0
5720.0,36,564.0,8.057142857142857,3.837556379240666,26,855.0,0.16041632126981392,10,135.0,0.2740713730047546,36,990.0
5725.0,25,393.0,5.535211267605634,4.377264402872136,16,817.0,0.19351426189111953,9,117.0,0.2538833907282759,25,934.0
5730.0,19,204.0,2.9565217391304346,4.934311559473582,14,753.0,0.21712532125984038,5,60.0,0.3746402302994684,19,813.0
5735.0,24,253.0,3.6666666666666665,4.38194239387948,17,765.0,0.1541695025375735,7,77.0,0.3554590305153239,24,842.0
5740.0,25,317.0,4.5285714285714285,4.289591377599608,17,729.0,0.1248505914759962,8,117.0,0.35676266646641064,25,846.0
5745.0,24,367.0,5.477611940298507,3.816126473443814,17,757.0,0.12553260870935895,7,118.0,0.32669603424839627,24,875.0
5750.0,25,445.0,6.357142857142857,4.475052527102467,17,742.0,0.16047617720388047,8,133.0,0.37924937886037213,25,875.0
5755.0,25,440.0,6.470588235294118,4.002569477984503,20,772.0,0.15483011850635683,5,78.0,0.36174289557087147,25,850.0
5760.0,26,501.0,7.1571428571428575,4.943570250031303,20,758.0,0.1909164868054575,6,96.0,0.44883389898924564,26,854.0
5765.0,20,327.0,4.47945205479452,4.781401211600831,17,718.0,0.20533518248891833,3,76.0,0.3593854958090416,20,794.0
5770.0,28,333.0,4.324675324675325,5.329771878887598,21,678.0,0.21423033839362304,7,64.0,0.5079578430752385,28,742.0
5775.0,35,346.0,4.675675675675675,4.514347573800754,27,702.0,0.17468127568955774,8,95.0,0.5372651984084584,35,797.0
5780.0,43,503.0,6.618421052631579,3.8354896250569817,33,769.0,0.15195585178128415,10,143.0,0.4247696994815142,43,912.0
5785.0,42,549.0,7.038461538461538,3.114205108801751,32,839.0,0.12050064121512208,10,147.0,0.33945331702356535,42,986.0
5790.0,42,606.0,7.769230769230769,3.8691433001086453,33,907.0,0.10664888124474897,9,141.0,0.405062803481645,42,1048.0
5795.0,38,549.0,6.949367088607595,3.5525068120613277,30,953.0,0.07391499359330535,8,128.0,0.4062069399822987,38,1081.0
5800.0,34,404.0,4.987654320987654,4.022985056320998,22,878.0,0.14325413533347864,12,150.0,0.21144905480475945,34,1028.0
5805.0,31,350.0,4.320987654320987,3.824255455386675,18,933.0,0.17035349266272318,13,194.0,0.18927876421287246,31,1127.0
5810.0,29,348.0,4.296296296296297,4.144321892614565,20,986.0,0.15467370950131215,9,213.0,0.3337347819133901,29,1199.0
5815.0,32,395.0,5.0,3.8126252110044354,20,937.0,0.17611016455733103,12,218.0,0.22591077341174157,32,1155.0
5820.0,34,489.0,6.1125,3.9025244411626145,18,840.0,0.15390383501675192,16,288.0,0.22912562064438488,34,1128.0
5825.0,32,341.0,4.158536585365853,3.78881486393771,19,745.0,0.15268097037876832,13,287.0,0.2463233684534084,32,1032.0
5830.0,34,322.0,3.8795180722891565,4.857942292322329,21,805.0,0.2585846480082718,13,233.0,0.3083288273644517,34,1038.0
5835.0,37,372.0,4.65,3.9160274453426682,26,841.0,0.21335934396010242,11,255.0,0.31783582982873315,37,1096.0
5840.0,47,478.0,5.690476190476191,3.4323205340157976,39,970.0,0.057221566595312245,8,223.0,0.4023182138392669,47,1193.0
5845.0,48,564.0,6.635294117647059,3.75075284720609,38,1049.0,0.08243681643348225,10,209.0,0.3972932424871562,48,1258.0
5850.0,41,576.0,6.47191011235955,4.074901347670223,30,1024.0,0.15943344789478608,11,202.0,0.2867182478402632,41,1226.0
5855.0,33,552.0,6.133333333333334,3.742598969821127,20,1080.0,0.1918561748343918,13,172.0,0.19345606772784887,33,1252.0
5860.0,36,631.0,6.858695652173913,4.700703041654471,24,1099.0,0.20059955111011166,12,190.0,0.27580812141792255,36,1289.0
5865.0,40,686.0,7.456521739130435,4.202617607990808,30,1139.0,0.11711331334762623,10,181.0,0.32406698871352624,40,1320.0
5870.0,41,780.0,8.478260869565217,4.186119074947837,28,1094.0,0.14282123211386186,13,171.0,0.21717676026069677,41,1265.0
5875.0,36,791.0,8.887640449438202,3.995158952007066,22,1103.0,0.20912671031865265,14,212.0,0.14499571732405853,36,1315.0
5880.0,33,627.0,7.464285714285714,3.8791428702018322,23,1045.0,0.13062576925699826,10,233.0,0.2499033094383114,33,1278.0
5885.0,35,480.0,5.647058823529412,3.48654852898509,24,1091.0,0.05883510961376264,11,234.0,0.2613389100301023,35,1325.0
5890.0,36,494.0,6.098765432098766,3.495586451830904,21,1074.0,0.1188611223051331,15,270.0,0.20578319844771956,36,1344.0
5895.0,32,578.0,7.3164556962025316,3.3868138971295205,16,1075.0,0.20903876950895836,16,322.0,0.16279072773058115,32,1397.0
5900.0,29,612.0,7.555555555555555,3.9103638716857283,20,995.0,0.14215434245819927,9,330.0,0.31267499754034683,29,1325.0
5905.0,34,421.0,5.072289156626506,3.3023571399230494,25,1022.0,0.11410214306124065,9,278.0,0.29529300834406313,34,1300.0
5910.0,40,515.0,6.204819277108434,3.948974889371497,28,1040.0,0.1720394984766128,12,256.0,0.3647223268493734,40,1296.0
5915.0,43,433.0,5.154761904761905,3.6590599120401004,28,1064.0,0.18260049969701253,15,258.0,0.2670544771948366,43,1322.0
5920.0,53,653.0,7.867469879518072,2.704168684042221,34,1135.0,0.10469606485358436,19,277.0,0.22140535835847144,53,1412.0
5925.0,58,815.0,9.819277108433734,2.3106585974870675,37,1222.0,0.0721594073559875,21,318.0,0.22029323517207267,58,1540.0
5930.0,50,854.0,10.047058823529412,2.683828377589363,37,1245.0,0.052009909667557946,13,293.0,0.19973179032026456,50,1538.0
5935.0,40,753.0,8.460674157303371,3.024318485073105,30,1276.0,0.07469561388520246,10,320.0,0.21511696594759147,40,1596.0
5940.0,34,489.0,5.620689655172414,3.7394731528276286,22,1179.0,0.1415280499183804,12,329.0,0.24836003779819416,34,1508.0
5945.0,31,367.0,4.421686746987952,2.9899411955983184,16,1142.0,0.15100166216347877,15,344.0,0.1332154129862408,31,1486.0
5950.0,28,294.0,3.5,3.166247127967324,14,1070.0,0.12969708834466467,14,335.0,0.17375689406174652,28,1405.0
5955.0,29,362.0,4.414634146341464,3.8205708998707464,19,1035.0,0.1492320485486632,10,359.0,0.28069562493277367,29,1394.0
5960.0,39,478.0,5.690476190476191,3.213673713038987,22,1025.0,0.1588814516116607,17,418.0,0.23018146161387062,39,1443.0
5965.0,42,523.0,6.378048780487805,3.081590473507172,22,923.0,0.13960634735921892,20,464.0,0.20385690532950873,42,1387.0
5970.0,45,632.0,7.435294117647059,3.4162632278550817,20,842.0,0.18933945030282318,25,522.0,0.14979596653490812,45,1364.0
5975.0,39,704.0,8.0,4.03890888759783,16,794.0,0.2173072958805732,23,578.0,0.16657285027854926,39,1372.0
5980.0,29,641.0,7.202247191011236,4.641122239523385,13,764.0,0.19818129538524873,16,550.0,0.2844159627861537,29,1314.0
5985.0,30,553.0,6.662650602409639,4.54789171452808,18,728.0,0.15291853717455375,12,511.0,0.3580967133236543,30,1239.0
5990.0,41,526.0,6.188235294117647,4.179629637277192,28,816.0,0.1195167075265559,13,436.0,0.30034405136912506,41,1252.0
5995.0,44,595.0,7.083333333333333,3.6484931145876254,27,868.0,0.13035611654267157,17,338.0,0.22787925707357953,44,1206.0
6000.0,45,613.0,7.6625,3.5660585227050325,20,795.0,0.17808418785265104,25,415.0,0.14901933431753872,45,1210.0
6005.0,40,640.0,8.0,3.389956419967489,15,705.0,0.18967325444304098,25,496.0,0.10815193450691794,40,1201.0
6010.0,38,702.0,8.457831325301205,3.844165636225964,14,711.0,0.2767016774515431,24,550.0,0.10790826066501871,38,1261.0
6015.0,35,646.0,8.177215189873417,3.8174803631369976,16,680.0,0.26312395434418695,19,524.0,0.16010074072536137,35,1204.0
6020.0,36,723.0,8.925925925925926,3.6201625309585204,19,679.0,0.14135311384165172,17,575.0,0.24420026758614974,36,1254.0
6025.0,39,828.0,10.35,4.090597775173784,19,660.0,0.17937354412519504,20,614.0,0.21351823799564149,39,1274.0
6030.0,39,578.0,7.605263157894737,3.6710826857431913,14,526.0,0.24224753704261215,25,668.0,0.11607910739712475,39,1194.0
6035.0,40,679.0,8.705128205128204,4.118277080680386,13,403.0,0.3034817402159473,27,748.0,0.10799087639252647,40,1151.0
6040.0,44,822.0,10.405063291139241,4.294097789874628,19,437.0,0.25226025147813563,25,788.0,0.17013411286784763,44,1225.0
6045.0,35,806.0,10.333333333333334,4.037990121875238,18,475.0,0.1638247573589352,17,736.0,0.18857592932695671,35,1211.0
6050.0,25,673.0,8.973333333333333,4.992789940184182,13,454.0,0.23939084778872485,12,669.0,0.16212323008825563,25,1123.0
6055.0,24,504.0,7.0,5.690905150827812,13,449.0,0.3361635030622572,11,583.0,0.15821366676184895,24,1032.0
6060.0,26,405.0,5.5479452054794525,4.7275996763954975,13,439.0,0.2240272855077624,13,580.0,0.16662077289940558,26,1019.0
6065.0,22,418.0,6.2388059701492535,5.349625219377558,14,421.0,0.22968077368262005,8,519.0,0.3022392908141153,22,940.0
6070.0,23,484.0,7.934426229508197,5.145649616187173,14,471.0,0.2258295638399252,9,444.0,0.36091289037530366,23,915.0
6075.0,25,556.0,8.825396825396826,4.765985208604008,13,503.0,0.25941986809485984,12,369.0,0.2189031583655722,25,872.0
6080.0,28,599.0,9.359375,4.364840136973188,16,552.0,0.2554660872051473,12,366.0,0.18450769649987933,28,918.0
6085.0,30,723.0,10.954545454545455,5.232045971355191,14,600.0,0.3029769440686876,16,428.0,0.3010870488970801,30,1028.0
6090.0,30,629.0,9.388059701492537,4.93102189822972,13,590.0,0.24108859791087206,17,439.0,0.3224544673060104,30,1029.0
6095.0,31,744.0,11.446153846153846,5.179860624697175,14,589.0,0.3294151380847541,17,455.0,0.296490819464193,31,1044.0
6100.0,34,687.0,10.569230769230769,3.701450652665828,14,474.0,0.2569450372080918,20,538.0,0.21463996729957482,34,1012.0
6105.0,39,633.0,9.447761194029852,3.6504951218823645,14,370.0,0.24352325827132731,25,657.0,0.17742947022443534,39,1027.0
6110.0,42,668.0,9.277777777777779,3.1265195172678424,15,383.0,0.21755819805423518,27,698.0,0.1503002208076283,42,1081.0
6115.0,33,633.0,8.915492957746478,4.11539164925621,10,358.0,0.30338022644428214,23,684.0,0.1927964182077106,33,1042.0
6120.0,29,458.0,6.450704225352113,3.8865932204905356,8,349.0,0.33485022577194595,21,688.0,0.1684812907174927,29,1037.0
6125.0,33,262.0,3.4473684210526314,4.558303792825165,15,342.0,0.29457029296826337,18,589.0,0.19225746164979912,33,931.0
6130.0,31,317.0,4.283783783783784,4.786225572107814,17,420.0,0.2356784254900735,14,514.0,0.2578031085712225,31,934.0
6135.0,30,369.0,4.855263157894737,4.472355773807894,16,451.0,0.24796313017679292,14,502.0,0.22655526089161868,30,953.0
6140.0,26,338.0,4.76056338028169,4.206165030015001,10,431.0,0.30193830622281354,16,497.0,0.12979654858320397,26,928.0
6145.0,31,410.0,5.694444444444445,3.6071283579579756,10,472.0,0.3364747344835875,21,520.0,0.09484864145208477,31,992.0
6150.0,33,491.0,6.546666666666667,4.4010686809219015,17,536.0,0.2602077834745616,16,494.0,0.20418071863267098,33,1030.0
6155.0,30,491.0,6.915492957746479,4.376567339825461,19,581.0,0.19985039720660072,11,473.0,0.2952160973312063,30,1054.0
6160.0,26,504.0,7.0,4.0535630748159015,12,575.0,0.21773113466201519,14,468.0,0.21069964680201636,26,1043.0
6165.0,33,506.0,7.027777777777778,4.192903110866944,13,450.0,0.31636994604060503,20,507.0,0.14375252554621462,33,957.0
6170.0,31,511.0,7.3,4.443479939153799,13,317.0,0.28982942356413394,18,519.0,0.1977959542828522,31,836.0
6175.0,24,323.0,4.82089552238806,3.975965045055022,12,258.0,0.1967241108948651,12,485.0,0.24149329460947216,24,743.0
6180.0,38,459.0,6.75,3.9014148937576407,18,246.0,0.22959316310894778,20,557.0,0.16864024822561208,38,803.0
6185.0,35,502.0,7.723076923076923,2.7962087276963055,14,279.0,0.1505861425487655,21,583.0,0.09213424409009978,35,862.0
6190.0,33,388.0,5.791044776119403,3.717467435856603,11,280.0,0.2176190080314508,22,553.0,0.0887159411539003,33,833.0
6195.0,28,317.0,4.594202898550725,4.158763854253869,11,296.0,0.2447212969637821,17,582.0,0.13526466197856504,28,878.0
6200.0,24,267.0,3.926470588235294,5.132850754787651,15,314.0,0.2056531593898879,9,539.0,0.2892637713249695,24,853.0
6205.0,26,307.0,4.651515151515151,4.674466565893372,15,342.0,0.20065401837276034,11,511.0,0.2598928972921809,26,853.0
6210.0,26,359.0,5.523076923076923,4.994339278507685,10,327.0,0.2620871264514705,16,482.0,0.22500507280025633,26,809.0
6215.0,27,340.0,5.396825396825397,4.055831037246821,11,294.0,0.26088710596441606,16,490.0,0.12302912667396258,27,784.0
6220.0,22,312.0,5.032258064516129,4.960387595425629,11,247.0,0.23860190355009583,11,449.0,0.2421858801431251,22,696.0
6225.0,27,349.0,5.629032258064516,4.237667387565207,12,257.0,0.17173867067492735,15,452.0,0.2372658247077299,27,709.0
6230.0,25,424.0,6.625,5.420272306401213,11,273.0,0.3232450768580536,14,443.0,0.2310083329756041,25,716.0
6235.0,23,423.0,6.934426229508197,4.8569981212002595,10,274.0,0.39425946109421733,13,455.0,0.18736715488850778,23,729.0
6240.0,20,482.0,7.774193548387097,5.786630888654413,11,296.0,0.3315903291771732,9,419.0,0.2994437782531259,20,715.0
6245.0,23,359.0,5.983333333333333,4.768612927571956,10,226.0,0.2132960992646675,13,397.0,0.2761197214092975,23,623.0
6250.0,29,472.0,7.492063492063492,5.155265675375519,10,222.0,0.3372147960565994,19,477.0,0.2700497600316653,29,699.0
6255.0,32,539.0,8.983333333333333,4.585590797353897,10,181.0,0.3942528942316948,22,579.0,0.21943281862483055,32,760.0
6260.0,30,600.0,9.375,4.306769272511197,10,148.0,0.39597409017170315,20,647.0,0.18773340755884732,30,795.0
6265.0,29,640.0,9.552238805970148,4.177781534552516,12,175.0,0.3420086324500783,17,667.0,0.17308536535569186,29,842.0
6270.0,30,560.0,8.235294117647058,4.57126134229263,15,245.0,0.32151090452065956,15,572.0,0.2299729819756918,30,817.0
6275.0,27,474.0,6.771428571428571,4.658940218224732,14,237.0,0.2832278724768721,13,481.0,0.24883839228976515,27,718.0
6280.0,30,431.0,6.246376811594203,4.586067283798428,10,190.0,0.3016909410113302,20,490.0,0.20910727530308498,30,680.0
6285.0,35,385.0,5.661764705882353,4.208739823636584,13,204.0,0.2839623620742515,22,475.0,0.136481877810333,35,679.0
6290.0,33,341.0,4.871428571428571,3.8727775576124284,15,234.0,0.28153748859491645,18,518.0,0.10443735370999709,33,752.0
6295.0,29,336.0,4.9411764705882355,4.421412748966954,16,259.0,0.321873408215509,13,508.0,0.1676664414722502,29,767.0
6300.0,30,298.0,4.082191780821918,4.4007153183234555,16,250.0,0.25116706759904006,14,554.0,0.22300776561250554,30,804.0
6305.0,35,376.0,5.1506849315068495,4.837977312387193,15,229.0,0.31626056150136406,20,641.0,0.22790635732451056,35,870.0
6310.0,37,465.0,6.283783783783784,4.038954740117998,16,255.0,0.2935320365989135,21,695.0,0.19396362421245547,37,950.0
6315.0,33,548.0,7.116883116883117,4.446011638733108,17,316.0,0.2120175895787166,16,692.0,0.23471691120971566,33,1008.0
6320.0,33,481.0,6.246753246753247,4.363776251156265,20,336.0,0.11543101931927002,13,659.0,0.32883418940383813,33,995.0
6325.0,30,430.0,5.657894736842105,4.942775927042476,12,292.0,0.23544802082532582,18,636.0,0.25151087752114387,30,928.0
6330.0,34,504.0,7.098591549295775,4.256899071742051,15,300.0,0.2773095966771568,19,632.0,0.1317988401822918,34,932.0
6335.0,38,515.0,7.463768115942029,4.307898374115726,18,343.0,0.2311119390139234,20,573.0,0.09389172246119509,38,916.0
6340.0,32,509.0,7.3768115942028984,3.983423300124176,18,401.0,0.16087557455907,14,601.0,0.1867861561736307,32,1002.0
6345.0,23,415.0,6.0144927536231885,4.910640839932345,16,435.0,0.21206600950633958,7,554.0,0.2973334073994823,23,989.0
6350.0,22,329.0,5.140625,5.166556280953717,12,418.0,0.26720380989046727,10,550.0,0.33909478588950165,22,968.0
6355.0,34,439.0,6.968253968253968,3.8120677823687568,15,421.0,0.1849952542234975,19,631.0,0.1840828005001108,34,1052.0
6360.0,40,408.0,6.08955223880597,2.915211758947666,19,377.0,0.11668339554276905,21,689.0,0.1371842353802082,40,1066.0
6365.0,32,466.0,7.0606060606060606,3.917645213312945,17,329.0,0.15904942819816453,15,688.0,0.2282883673923854,32,1017.0
6370.0,27,447.0,6.7727272727272725,4.703609342598355,16,376.0,0.2488761057720739,11,607.0,0.29991037650986324,27,983.0
6375.0,23,362.0,5.246376811594203,5.378111766466234,11,359.0,0.3511720614040794,12,449.0,0.24601157180950406,23,808.0
6380.0,27,359.0,5.358208955223881,4.311126642883554,12,353.0,0.2796250965647919,15,479.0,0.19621815052712385,27,832.0
6385.0,26,310.0,4.696969696969697,4.920229504483875,13,325.0,0.180048507719137,13,509.0,0.2661377383081226,26,834.0
6390.0,23,215.0,3.3076923076923075,4.249018880883447,12,336.0,0.17698527403401,11,452.0,0.2369957917942692,23,788.0
6395.0,30,337.0,5.349206349206349,4.644302886258641,14,386.0,0.23878463117599266,16,468.0,0.2854440440259143,30,854.0
6400.0,34,432.0,6.75,4.558723204411444,13,390.0,0.35526046096102326,21,562.0,0.22767909168255693,34,952.0
6405.0,30,498.0,7.432835820895522,4.4727593765379465,12,394.0,0.2806623407684159,18,623.0,0.22567057074686095,30,1017.0
6410.0,25,485.0,7.132352941176471,4.688961755609483,13,397.0,0.27717530890019654,12,619.0,0.18796890267517513,25,1016.0
6415.0,24,452.0,6.366197183098592,5.199150721465819,14,342.0,0.261925311980214,10,539.0,0.278365602334357,24,881.0
6420.0,28,353.0,5.042857142857143,4.911679870958224,13,335.0,0.24633511193510488,15,404.0,0.28735869816210474,28,739.0
6425.0,30,286.0,3.9178082191780823,4.473340465901355,10,268.0,0.2923558986133267,20,352.0,0.19640025403205752,30,620.0
6430.0,36,434.0,5.864864864864865,4.8820129127130345,9,261.0,0.3929317652709067,27,474.0,0.18252596231487142,36,735.0
6435.0,33,503.0,6.797297297297297,4.9914172373093075,9,214.0,0.3867758396334839,24,529.0,0.19381789149665857,33,743.0
6440.0,26,436.0,5.7368421052631575,4.789046370564208,10,235.0,0.21656909420267806,16,499.0,0.2532715514826343,26,734.0
6445.0,27,300.0,4.0,4.754121098456889,15,247.0,0.10325916203009262,12,449.0,0.36885113278944137,27,696.0
6450.0,30,374.0,4.921052631578948,5.456652826650296,17,290.0,0.2152074930802051,13,433.0,0.36483616117161827,30,723.0
6455.0,34,435.0,5.723684210526316,4.423488682550436,12,287.0,0.30727411417862016,22,504.0,0.2923282431070585,34,791.0
6460.0,31,491.0,6.4605263157894735,4.619783217931355,7,214.0,0.4010641350301856,24,603.0,0.2008426090524746,31,817.0
6465.0,40,567.0,7.177215189873418,3.9090351535108794,8,217.0,0.3411005219071008,32,669.0,0.136345421082994,40,886.0
6470.0,37,584.0,7.3,4.516618852116444,13,213.0,0.21835095419380302,24,672.0,0.21890135147208523,37,885.0
6475.0,32,430.0,5.443037974683544,3.742270515670325,13,237.0,0.1741998884827528,19,637.0,0.2227768438511216,32,874.0
6480.0,33,466.0,5.825,4.1126054391328895,9,252.0,0.3289403692519965,24,639.0,0.15665046683494596,33,891.0
6485.0,35,487.0,6.243589743589744,3.650993391641705,9,223.0,0.31100490287432386,26,683.0,0.15171400514663128,35,906.0
6490.0,35,497.0,6.2125,4.23508395881806,10,188.0,0.2661243653272628,25,679.0,0.19009234492389326,35,867.0
6495.0,33,415.0,5.1875,3.940674372616532,10,180.0,0.23144372872253494,23,709.0,0.19473412734743753,33,889.0
6500.0,39,506.0,6.246913580246914,4.257660229993796,13,225.0,0.24961712290603547,26,702.0,0.19981513862747874,39,927.0
6505.0,42,605.0,7.658227848101266,3.5670160857122153,11,237.0,0.32106521369707025,31,808.0,0.16295146695615323,42,1045.0
6510.0,40,649.0,8.1125,3.125499578691551,5,191.0,0.3078524817562198,35,910.0,0.11194365096790179,40,1101.0
6515.0,42,745.0,9.3125,3.3941154184138256,5,159.0,0.3498414664144716,37,1007.0,0.129031063277563,42,1166.0
6520.0,42,741.0,8.927710843373495,3.6273074751663783,12,145.0,0.24773597542209735,30,1024.0,0.16129622233073282,42,1169.0
6525.0,42,804.0,9.458823529411765,3.2221909237958264,15,162.0,0.17719814411991858,27,1113.0,0.18172352564074845,42,1275.0
6530.0,33,871.0,10.24705882352941,4.317573922420888,7,165.0,0.4106940403468622,26,1192.0,0.12220682315863794,33,1357.0
6535.0,37,844.0,9.929411764705883,4.323766279106716,5,120.0,0.5069688343121894,32,1253.0,0.06569769109163955,37,1373.0
6540.0,49,958.0,11.011494252873563,4.0909852691009005,14,149.0,0.30485986264445053,35,1291.0,0.09724764799950338,49,1440.0
6545.0,52,1080.0,12.705882352941176,2.906949769756031,17,191.0,0.25589891236872303,35,1361.0,0.03149085956604479,52,1552.0
6550.0,47,1148.0,14.0,3.8148944814999517,18,249.0,0.26913767508885084,29,1350.0,0.12279072232604638,47,1599.0
6555.0,36,856.0,10.439024390243903,3.5234902115916187,16,292.0,0.12640457771974614,20,1270.0,0.19112723763849196,36,1562.0
6560.0,35,506.0,5.952941176470588,3.9712758919694044,13,301.0,0.18823662570665145,22,1100.0,0.1618397710089046,35,1401.0
6565.0,35,501.0,6.341772151898734,4.719354991061749,10,282.0,0.3508807879644084,25,1050.0,0.18499334821365251,35,1332.0
6570.0,35,490.0,6.049382716049383,4.291945015079824,10,224.0,0.34573063296835965,25,1073.0,0.14012113827312583,35,1297.0
6575.0,32,483.0,6.2727272727272725,3.589324110733586,14,224.0,0.24381972391820672,18,1003.0,0.12968419258100464,32,1227.0
6580.0,34,545.0,7.266666666666667,3.832254991495672,16,256.0,0.20034366084911504,18,969.0,0.20715390086976643,34,1225.0
6585.0,30,627.0,7.936708860759493,4.224968858267553,9,256.0,0.27997278192162073,21,919.0,0.18064960701639515,30,1175.0
6590.0,29,513.0,6.333333333333333,4.527617794858889,8,235.0,0.29058677831930285,21,899.0,0.20052528139744746,29,1134.0
6595.0,38,630.0,7.777777777777778,4.876516513800509,13,238.0,0.3572208843959919,25,922.0,0.21648903081540474,38,1160.0
6600.0,42,667.0,8.3375,3.7531366927929932,14,255.0,0.35223095439151464,28,954.0,0.1554117626039164,42,1209.0
6605.0,39,677.0,8.569620253164556,3.5273641663020103,17,261.0,0.22946261575266597,22,880.0,0.15483560762905102,39,1141.0
6610.0,34,686.0,8.469135802469136,3.452565794169522,18,285.0,0.12768330940716158,16,908.0,0.1836690365755936,34,1193.0
6615.0,33,605.0,7.469135802469136,3.5893164277612284,15,269.0,0.17044103570501634,18,894.0,0.10622957510465884,33,1163.0
6620.0,29,685.0,8.782051282051283,4.3835288060959305,7,247.0,0.35112284433677166,22,928.0,0.09411306093236335,29,1175.0
6625.0,31,694.0,9.378378378378379,4.171636133779954,4,163.0,0.41506437049887623,27,946.0,0.09072848578007614,31,1109.0
6630.0,31,731.0,9.746666666666666,4.143874471355794,11,168.0,0.240873152226169,20,917.0,0.16721562584560873,31,1085.0
6635.0,29,588.0,8.054794520547945,4.290601022798029,14,197.0,0.20622119755989934,15,851.0,0.20438191795494592,29,1048.0
6640.0,25,292.0,4.055555555555555,4.577142951600769,10,190.0,0.29577392274841535,15,709.0,0.16526612036125177,25,899.0
6645.0,30,389.0,5.720588235294118,4.5288118303695715,9,187.0,0.3974249005600883,21,774.0,0.15013034425106847,30,961.0
6650.0,35,498.0,7.545454545454546,4.368107949429081,10,226.0,0.3390291553220958,25,836.0,0.1426231601892222,35,1062.0
6655.0,35,594.0,8.608695652173912,4.049107093943388,11,268.0,0.3278505014778585,24,870.0,0.11789646362840424,35,1138.0
6660.0,32,604.0,9.292307692307693,4.450804232831942,14,327.0,0.3160247071726557,18,821.0,0.18316688115075752,32,1148.0
6665.0,29,367.0,5.397058823529412,4.0752821044674645,12,293.0,0.2773906253409647,17,787.0,0.16211562561544787,29,1080.0
6670.0,35,444.0,6.3428571428571425,4.479281398497468,13,217.0,0.30376095443616247,22,817.0,0.20462646236674104,35,1034.0
6675.0,38,518.0,7.295774647887324,4.385484162166032,13,243.0,0.34772607969114655,25,893.0,0.26710118310692355,38,1136.0
6680.0,28,542.0,7.424657534246576,5.153827081848512,9,236.0,0.45857757951804623,19,938.0,0.21630602274995203,28,1174.0
6685.0,34,446.0,6.027027027027027,3.953389518426816,13,177.0,0.32475380968565787,21,941.0,0.12220870726877218,34,1118.0
6690.0,34,425.0,5.448717948717949,4.2182353056286335,16,168.0,0.28926761876057683,18,865.0,0.11928981765501859,34,1033.0
6695.0,31,378.0,5.04,4.033745039545493,15,200.0,0.23109665014806374,16,799.0,0.2128492220138747,31,999.0
6700.0,33,276.0,3.5384615384615383,4.484479090677182,14,221.0,0.2830895059409398,19,631.0,0.22963820470643634,33,852.0
6705.0,35,374.0,4.921052631578948,3.743262102567039,14,269.0,0.285485931682165,21,626.0,0.2036544868262283,35,895.0
6710.0,38,468.0,5.777777777777778,3.811600181939097,18,322.0,0.16256843951977504,20,587.0,0.2277913620535559,38,909.0
6715.0,35,447.0,5.451219512195122,4.232504541420564,18,343.0,0.12763443650913284,17,620.0,0.30214215777797027,35,963.0
6720.0,31,352.0,4.190476190476191,4.968829221561129,13,300.0,0.2643107168300561,18,616.0,0.23226835171930316,31,916.0
6725.0,36,411.0,5.012195121951219,4.063684621928403,13,310.0,0.28620219921865064,23,658.0,0.15159890897997574,36,968.0
6730.0,32,423.0,5.158536585365853,4.387109881581871,11,304.0,0.2319081588285001,21,689.0,0.18802407233180324,32,993.0
6735.0,31,444.0,5.620253164556962,3.94018217879372,12,322.0,0.17800739372481822,19,669.0,0.21345576374804565,31,991.0
6740.0,33,484.0,6.205128205128205,3.8537601548578753,9,315.0,0.24136879394017086,24,631.0,0.11702474152668436,33,946.0
6745.0,41,628.0,8.155844155844155,3.8127258536812847,12,329.0,0.30830137801314594,29,724.0,0.06289042338534685,41,1053.0
6750.0,37,726.0,9.552631578947368,4.518360016704389,13,330.0,0.2763530109279811,24,785.0,0.15802613690035835,37,1115.0
6755.0,31,750.0,10.416666666666666,3.650783328038694,10,352.0,0.1843398055599282,21,783.0,0.17209100118699114,31,1135.0
6760.0,35,764.0,10.186666666666667,4.079571196643385,12,352.0,0.2654769702702861,23,776.0,0.11077049665102673,35,1128.0
6765.0,31,733.0,10.04109589041096,4.373250570211988,11,330.0,0.3382188392312039,20,840.0,0.14734820521146627,31,1170.0
6770.0,27,800.0,10.666666666666666,5.259647291869219,10,352.0,0.35959705357376787,17,841.0,0.1916752291687943,27,1193.0
6775.0,26,409.0,5.527027027027027,4.950926028824178,9,252.0,0.2632562544987141,17,744.0,0.24932150626654237,26,996.0
6780.0,33,390.0,5.2,4.79223786423554,12,241.0,0.30467257519070484,21,613.0,0.26826965004572184,33,854.0
6785.0,37,484.0,6.54054054054054,4.096294347530942,11,262.0,0.3535117952352143,26,673.0,0.23232768549825458,37,935.0
6790.0,35,561.0,7.791666666666667,4.690983280033247,8,267.0,0.47263563100494976,27,702.0,0.19846726612774265,35,969.0
6795.0,33,570.0,7.916666666666667,3.2386699582737966,10,288.0,0.32452783430303317,23,759.0,0.09411895082034308,33,1047.0
6800.0,36,580.0,8.169014084507042,3.024747487316336,14,313.0,0.14597203629734345,22,784.0,0.13002868330215106,36,1097.0
6805.0,37,494.0,6.957746478873239,2.9172874212976314,15,310.0,0.11852075792583495,22,783.0,0.16264221332779297,37,1093.0
6810.0,40,411.0,5.708333333333333,3.2304344685552926,14,263.0,0.22028953162030443,26,779.0,0.1477011113302565,40,1042.0
6815.0,41,540.0,7.297297297297297,3.501054748325886,12,294.0,0.3085016920487352,29,870.0,0.17243325208774393,41,1164.0
6820.0,38,525.0,7.0,3.2796321090395466,5,255.0,0.3165888021304647,33,928.0,0.12162982472037188,38,1183.0
6825.0,39,549.0,7.038461538461538,3.666874513053732,6,240.0,0.3218624914288994,33,973.0,0.13585402672098534,39,1213.0
6830.0,42,532.0,6.333333333333333,3.7154164209176037,12,270.0,0.3276613294199101,30,975.0,0.13828260915310966,42,1245.0
6835.0,45,656.0,7.809523809523809,3.5164608175589156,14,290.0,0.2844252001876716,31,999.0,0.15218344624365268,45,1289.0
6840.0,47,680.0,8.19277108433735,3.1806915328455427,10,259.0,0.27426690971768625,37,1056.0,0.106535523760711,47,1315.0
6845.0,36,549.0,6.383720930232558,4.108868946788727,9,257.0,0.23663730176760145,27,1011.0,0.1272503034726495,36,1268.0
6850.0,31,473.0,5.630952380952381,5.320969074360879,9,272.0,0.30929305924749884,22,1050.0,0.1677335621914968,31,1322.0
6855.0,29,348.0,4.192771084337349,4.5202250142613245,10,201.0,0.20475696405532032,19,1006.0,0.14372234224801936,29,1207.0
6860.0,35,418.0,5.291139240506329,4.027250005315165,11,163.0,0.25627104706036774,24,1011.0,0.1754147901552389,35,1174.0
6865.0,36,495.0,6.346153846153846,3.559121888873792,13,204.0,0.2445125344638646,23,925.0,0.16956830442880721,36,1129.0
6870.0,28,394.0,5.116883116883117,4.27915780086895,7,205.0,0.34525341221724365,21,920.0,0.18163809243049173,28,1125.0
6875.0,25,328.0,4.259740259740259,4.845624012376632,6,190.0,0.4003686859303752,19,873.0,0.18067803457890844,25,1063.0
6880.0,33,402.0,5.36,4.245563629384696,8,188.0,0.3376708709976047,25,892.0,0.13433748006366986,33,1080.0
6885.0,35,370.0,4.933333333333334,3.853290788686313,9,147.0,0.26381276633267037,26,833.0,0.12490014146170002,35,980.0
6890.0,33,468.0,6.157894736842105,4.043236116876517,11,156.0,0.18055750827113204,22,889.0,0.18239972275787836,33,1045.0
6895.0,32,528.0,6.769230769230769,4.429409181726316,10,178.0,0.2830216012591511,22,921.0,0.2205318274652356,32,1099.0
6900.0,33,613.0,7.961038961038961,4.419458481395986,7,157.0,0.4738542726536246,26,943.0,0.13643839780220135,33,1100.0
6905.0,32,646.0,8.5,4.578907644736043,7,151.0,0.42650633839758056,25,927.0,0.14675137146672787,32,1078.0
6910.0,24,554.0,7.386666666666667,5.042778097773304,7,136.0,0.33387382580707214,17,917.0,0.20967291456633463,24,1053.0
6915.0,31,574.0,7.972222222222222,4.671595643545917,8,74.0,0.32939095398677853,23,945.0,0.19758700334861615,31,1019.0
6920.0,38,709.0,10.128571428571428,3.832507294921322,12,122.0,0.3127635355784766,26,1026.0,0.1482028978361362,38,1148.0
6925.0,39,811.0,11.926470588235293,3.2758417766478565,8,156.0,0.29845613691045175,31,1093.0,0.11278740893274941,39,1249.0
6930.0,40,916.0,13.085714285714285,3.127449145738237,10,163.0,0.26759825595086506,30,1161.0,0.1255646029817606,40,1324.0
6935.0,33,833.0,11.569444444444445,4.171874449043551,8,141.0,0.3273132112780495,25,1153.0,0.15635683871301675,33,1294.0
6940.0,20,636.0,8.95774647887324,5.121986541593003,3,68.0,0.42930991542694835,17,1109.0,0.18387217004410028,20,1177.0
6945.0,22,357.0,5.028169014084507,5.267925069352761,4,69.0,0.4691332907586975,18,960.0,0.16464864925193168,22,1029.0
6950.0,30,300.0,4.477611940298507,4.798860036171104,7,96.0,0.4238150668061188,23,971.0,0.14623670493694596,30,1067.0
6955.0,33,339.0,5.059701492537314,4.128010285966569,7,80.0,0.3892035370099364,26,1010.0,0.14268020429814554,33,1090.0
6960.0,26,366.0,6.0,4.296549366530238,7,103.0,0.339369659744357,19,977.0,0.18486643199976968,26,1080.0
6965.0,22,278.0,4.557377049180328,4.342555726220781,5,84.0,0.32194576101109756,17,974.0,0.1877717347065809,22,1058.0
6970.0,29,387.0,6.046875,5.115433519461716,5,79.0,0.5105324807750654,24,1048.0,0.1626327260627129,29,1127.0
6975.0,35,478.0,7.3538461538461535,4.677733793266395,5,64.0,0.4376861712573619,30,1181.0,0.1887647885669019,35,1245.0
6980.0,35,606.0,9.044776119402986,4.244320628142844,6,66.0,0.455423614783923,29,1247.0,0.16441841924454859,35,1313.0
6985.0,29,596.0,9.169230769230769,3.9835910122249,4,55.0,0.4112657219133324,25,1218.0,0.15958543819339094,29,1273.0
6990.0,25,593.0,9.265625,4.073468902624381,5,52.0,0.3348496838788314,20,1151.0,0.13077903049333658,25,1203.0
6995.0,30,569.0,9.031746031746032,3.735653383462584,7,85.0,0.3730278437001949,23,1150.0,0.07946552238667456,30,1235.0
7000.0,36,619.0,9.523076923076923,3.4607008706600215,11,122.0,0.398203100852154,25,973.0,0.07294723631140881,36,1095.0
7005.0,30,668.0,10.603174603174603,4.119046505059947,6,118.0,0.562852360699845,24,1006.0,0.08714444353816575,30,1124.0
7010.0,22,673.0,11.216666666666667,4.5176510488962185,7,131.0,0.45589450929541464,15,957.0,0.1416685379359987,22,1088.0
7015.0,27,567.0,9.45,3.5727420833543975,10,138.0,0.16351272450909374,17,915.0,0.14644429648177104,27,1053.0
7020.0,33,387.0,6.142857142857143,4.169238070184193,13,157.0,0.19813265685644732,20,822.0,0.16741605862595083,33,979.0
7025.0,28,362.0,6.033333333333333,4.3091074208862725,9,183.0,0.3462521811450775,19,827.0,0.18165494645966118,28,1010.0
7030.0,28,407.0,6.898305084745763,4.198078182631522,8,189.0,0.4099746575950073,20,795.0,0.11986577733576924,28,984.0
7035.0,30,492.0,8.338983050847459,4.56492023988177,8,204.0,0.43769753484819807,22,853.0,0.09248853840515917,30,1057.0
7040.0,32,606.0,10.271186440677965,4.094761118833205,9,232.0,0.41511306877471704,23,886.0,0.03845897976534207,32,1118.0
7045.0,33,701.0,12.517857142857142,3.734777467309783,10,266.0,0.4070753458677312,23,858.0,0.09742915296358667,33,1124.0
7050.0,29,529.0,9.280701754385966,3.4466844911634698,11,172.0,0.31044553134801894,18,853.0,0.18122713117117065,29,1025.0
7055.0,23,380.0,6.785714285714286,4.29995239046083,12,175.0,0.30043954882836194,11,742.0,0.22397490302037132,23,917.0
7060.0,22,390.0,6.964285714285714,4.899161205829094,10,195.0,0.28057841048154913,12,694.0,0.2764706691652196,22,889.0
7065.0,23,406.0,7.518518518518518,4.909510892279985,9,186.0,0.2745103434941002,14,651.0,0.25568444530043166,23,837.0
7070.0,24,369.0,6.962264150943396,3.5031157394469035,9,154.0,0.2776901046615882,15,655.0,0.12385809169031926,24,809.0
7075.0,21,409.0,7.574074074074074,5.017050931738231,8,91.0,0.3724636344783328,13,617.0,0.19657235742338963,21,708.0
7080.0,20,380.0,6.666666666666667,4.987700198492589,7,74.0,0.41805818302588166,13,602.0,0.18372371283245367,20,676.0
7085.0,23,370.0,6.607142857142857,5.794189826645346,7,77.0,0.4884951757117211,16,538.0,0.19819021752908816,23,615.0
7090.0,26,450.0,8.181818181818182,4.2812455944282055,8,113.0,0.3673762084760024,18,564.0,0.13952732071364432,26,677.0
7095.0,23,535.0,9.727272727272727,4.755667094550896,12,170.0,0.2757859573744115,11,580.0,0.24387431888587777,23,750.0
7100.0,25,496.0,8.857142857142858,4.32904149666281,13,180.0,0.1775557202407457,12,571.0,0.2508398158177748,25,751.0
7105.0,21,496.0,9.018181818181818,4.542035707292139,6,135.0,0.2883503008034479,15,557.0,0.2090593454085884,21,692.0
7110.0,22,225.0,4.166666666666667,4.487123291550511,5,112.0,0.33819233541376137,17,405.0,0.23217478951034495,22,517.0
7115.0,25,264.0,4.631578947368421,5.081463352248113,9,128.0,0.34348081216461757,16,337.0,0.2801497199178705,25,465.0
7120.0,22,297.0,4.95,5.633819946749823,7,140.0,0.39393284221354924,15,319.0,0.3445985208134705,22,459.0
7125.0,23,346.0,5.864406779661017,5.927616219913491,5,126.0,0.5135832162925816,18,300.0,0.2782004072986412,23,426.0
7130.0,23,416.0,7.172413793103448,5.191969941526812,5,115.0,0.5345872323953152,18,362.0,0.12058468134056827,23,477.0
7135.0,29,542.0,9.033333333333333,5.378816270551158,7,144.0,0.4746281846656757,22,450.0,0.03166768665650171,29,594.0
7140.0,28,593.0,10.05084745762712,5.295479860670477,7,110.0,0.4294211732089945,21,543.0,0.003724446924407956,28,653.0
7145.0,27,710.0,12.456140350877194,5.401266151609845,7,116.0,0.4558423401188046,20,633.0,0.07921428128671895,27,749.0
7150.0,22,538.0,9.607142857142858,5.288841967592908,6,69.0,0.4212210197066638,16,617.0,0.18213840957938635,22,686.0
7155.0,16,256.0,4.7407407407407405,5.973898848353441,8,77.0,0.360615963060208,8,470.0,0.3289079902090202,16,547.0
7160.0,14,195.0,3.823529411764706,5.604779779348935,8,90.0,0.3056109474164665,6,499.0,0.36958936690981115,14,589.0
7165.0,17,243.0,4.673076923076923,5.205174535121908,8,78.0,0.3078434146591362,9,539.0,0.21972740064905102,17,617.0
7170.0,27,174.0,3.2222222222222223,4.103993074875823,10,79.0,0.253514089704844,17,513.0,0.14641837578158384,27,592.0
7175.0,29,313.0,5.796296296296297,5.04010315514548,10,133.0,0.4293902951350506,19,560.0,0.18501953870141985,29,693.0
7180.0,24,328.0,5.963636363636364,4.432947854835536,7,143.0,0.45159783459530417,17,526.0,0.14787038829833812,24,669.0
7185.0,21,285.0,5.181818181818182,5.111307235978363,11,172.0,0.33700412106281286,10,365.0,0.2669682493277675,21,537.0
7190.0,20,212.0,3.593220338983051,4.589911993786832,12,176.0,0.23603859607420438,8,383.0,0.28562211345011096,20,559.0
7195.0,22,260.0,4.126984126984127,5.058359979113903,11,186.0,0.29620302357751627,11,415.0,0.275432575774463,22,601.0
7200.0,24,330.0,5.409836065573771,4.71504094869582,10,226.0,0.31052770467626517,14,383.0,0.30165684633121104,24,609.0
