step,system_total_stopped,system_total_waiting_time,system_mean_waiting_time,system_mean_speed,J17_stopped,J17_accumulated_waiting_time,J17_average_speed,J18_stopped,J18_accumulated_waiting_time,J18_average_speed,agents_total_stopped,agents_total_accumulated_waiting_time
5.0,1,0.0,0.0,1.7218358298763636,0,0.0,1.0,1,0.0,0.11885164215731216,1,0.0
10.0,0,0.0,0.0,6.73645936792406,0,0.0,0.3531178747811303,0,0.0,0.5535512107803245,0,0.0
15.0,1,0.0,0.0,9.883209199741783,0,0.0,0.70996501628556,1,0.0,0.6631308384264272,1,0.0
20.0,0,0.0,0.0,10.822819674022094,0,0.0,0.8096452373259473,0,0.0,0.7180198253323228,0,0.0
25.0,0,0.0,0.0,7.300517123354731,0,0.0,0.3918930372759099,0,0.0,0.6905500338037383,0,0.0
30.0,6,16.0,0.8,7.499030154465369,5,14.0,0.45478402956194536,1,2.0,0.6617424304100893,6,16.0
35.0,4,36.0,1.565217391304348,8.42865167828,3,29.0,0.5555293742213883,1,7.0,0.6436085652854552,4,36.0
40.0,7,59.0,2.269230769230769,7.479571091473931,4,45.0,0.5360571302026856,3,14.0,0.5336042535459629,7,59.0
45.0,11,101.0,3.4827586206896552,6.276122661363318,6,71.0,0.3559041392767525,5,30.0,0.5102620761268335,11,101.0
50.0,11,114.0,3.5625,6.0279187816759965,4,65.0,0.3801847297233001,7,56.0,0.4136088905450029,11,121.0
55.0,11,165.0,5.0,6.910826480163405,4,78.0,0.4183143464387554,7,87.0,0.3568499568397339,11,165.0
60.0,14,231.0,7.0,6.112644135780602,4,101.0,0.3871615113947137,10,133.0,0.23038117153016097,14,234.0
65.0,18,315.0,9.264705882352942,4.452831537878747,7,132.0,0.2608168546609807,11,186.0,0.1654312090145198,18,318.0
70.0,20,341.0,9.216216216216216,4.035119657656788,7,124.0,0.2688190184502786,13,247.0,0.2030956380696726,20,371.0
75.0,20,427.0,11.54054054054054,4.611211059835373,7,123.0,0.24315677757752033,13,310.0,0.31888726718720894,20,433.0
80.0,21,527.0,13.175,5.4240525356320575,8,161.0,0.35081110634922996,13,375.0,0.3739618390680557,21,536.0
85.0,22,631.0,14.674418604651162,5.12828092633534,7,196.0,0.44857718549913256,15,444.0,0.29820517219902726,22,640.0
90.0,21,618.0,13.434782608695652,5.160904941309743,4,125.0,0.45189859865918475,17,524.0,0.2661735623846002,21,649.0
95.0,24,691.0,14.702127659574469,5.146662325138474,6,94.0,0.33554279933581316,18,607.0,0.272468538613535,24,701.0
100.0,29,823.0,16.46,3.926389591661915,10,138.0,0.30552975924774284,19,698.0,0.17027963101921978,29,836.0
105.0,32,978.0,19.176470588235293,3.714563403372574,12,194.0,0.29784226909274175,20,798.0,0.18048568355433992,32,992.0
110.0,31,1059.0,19.61111111111111,3.627754775951701,11,194.0,0.15419523994840045,20,893.0,0.2046024515656347,31,1087.0
115.0,34,1207.0,22.35185185185185,4.057265383334925,13,221.0,0.1227049686023273,21,998.0,0.22545788241419765,34,1219.0
120.0,37,1382.0,25.12727272727273,3.8080279102495984,13,281.0,0.22449945009764538,24,1113.0,0.17845236055484184,37,1394.0
125.0,36,1225.0,22.685185185185187,3.1179054574437943,13,346.0,0.173217236263624,23,1053.0,0.19087291795111094,36,1399.0
130.0,32,1093.0,19.87272727272727,2.735389107148191,15,419.0,0.11381030363315334,17,908.0,0.19870849095615756,32,1327.0
135.0,35,1223.0,21.45614035087719,3.708280201785514,18,503.0,0.25516228686135095,17,868.0,0.19122769479276955,35,1371.0
140.0,37,1402.0,24.17241379310345,3.940960621852788,17,588.0,0.3515565332284074,20,855.0,0.11106395912107248,37,1443.0
145.0,34,1003.0,17.29310344827586,2.825285017092316,16,530.0,0.29606203939259484,18,765.0,0.07213298832848981,34,1295.0
150.0,25,453.0,7.677966101694915,3.827823740736318,11,393.0,0.20609299311843174,14,544.0,0.15594834043830094,25,937.0
155.0,25,516.0,8.32258064516129,5.402945871691487,11,291.0,0.33765970055938743,14,448.0,0.1742605793460764,25,739.0
160.0,27,643.0,10.046875,6.153565535936627,13,312.0,0.36797410063057057,14,413.0,0.17076243643521538,27,725.0
165.0,29,784.0,12.852459016393443,5.556986454666374,13,373.0,0.3383807274402819,16,440.0,0.17631758735958764,29,813.0
170.0,32,937.0,16.43859649122807,4.8921141187399115,16,446.0,0.3028139303643766,16,520.0,0.17909142345946574,32,966.0
175.0,29,989.0,17.660714285714285,4.141500496806415,16,500.0,0.23911677640212348,13,533.0,0.21107166700223393,29,1033.0
180.0,33,1114.0,19.54385964912281,4.303489261181016,18,588.0,0.22101492699447228,15,535.0,0.2468355876918055,33,1123.0
185.0,31,1034.0,17.82758620689655,4.449722816329303,16,521.0,0.2961609072889654,15,593.0,0.28416652856108676,31,1114.0
190.0,24,937.0,15.616666666666667,4.669743581862577,10,447.0,0.35265449279531275,14,663.0,0.20553638066870755,24,1110.0
195.0,38,1098.0,17.70967741935484,4.049900553588271,18,418.0,0.22311023062978275,20,753.0,0.27602871002731244,38,1171.0
200.0,36,986.0,15.40625,3.789809191541175,19,503.0,0.16727095349314336,17,689.0,0.2939135815776754,36,1192.0
205.0,37,941.0,15.426229508196721,3.518316468976571,23,609.0,0.10567287032990687,14,502.0,0.27761553319643545,37,1111.0
210.0,35,1013.0,16.338709677419356,3.541950057889407,21,660.0,0.1053755709642959,14,514.0,0.24686821538751472,35,1174.0
215.0,31,1080.0,16.875,4.521226744573963,13,656.0,0.2114360491229944,18,594.0,0.17488008819181203,31,1250.0
220.0,38,1247.0,19.184615384615384,3.81209015531379,18,724.0,0.25103305333466247,20,689.0,0.07682444966888463,38,1413.0
225.0,40,1369.0,20.742424242424242,3.843056522765195,20,814.0,0.2676844669849025,20,755.0,0.11701950379796337,40,1569.0
230.0,36,1420.0,20.88235294117647,3.4456888632926264,20,870.0,0.26383555465497976,16,775.0,0.1897020499588835,36,1645.0
235.0,35,1575.0,22.5,4.468018088374653,18,914.0,0.31816815427837153,17,804.0,0.248840337967737,35,1718.0
240.0,33,954.0,13.43661971830986,4.54176507625927,18,809.0,0.3117844948957039,15,668.0,0.2856343834837578,33,1477.0
245.0,30,551.0,7.445945945945946,5.02316909315217,18,564.0,0.2887398016208352,12,427.0,0.31349231206972655,30,991.0
250.0,36,718.0,9.573333333333334,4.579090238938056,20,426.0,0.29596074312958154,16,442.0,0.24730171044429922,36,868.0
255.0,46,928.0,11.45679012345679,4.267301807481191,28,534.0,0.23298157478682116,18,530.0,0.278296428637722,46,1064.0
260.0,46,1057.0,13.049382716049383,3.3696287233481734,28,633.0,0.2013742714539338,18,601.0,0.20359682355059244,46,1234.0
265.0,44,1162.0,13.511627906976743,3.5504992254384353,22,687.0,0.23113682424078735,22,683.0,0.1081612596167023,44,1370.0
270.0,43,1113.0,12.94186046511628,3.5335547318458422,20,615.0,0.2525238376572592,23,797.0,0.13231737366781207,43,1412.0
275.0,46,1094.0,12.021978021978022,3.6043433117468227,20,486.0,0.20704735700626997,26,924.0,0.20193713255322207,46,1410.0
280.0,49,1086.0,11.804347826086957,3.2747770249644392,26,498.0,0.162159442637726,23,978.0,0.22743013889025862,49,1476.0
285.0,54,1190.0,12.795698924731182,3.2361724732297,30,550.0,0.1782649761001552,24,1016.0,0.1791163135417308,54,1566.0
290.0,53,1352.0,14.083333333333334,3.1276171976925267,28,651.0,0.163471471639157,25,1132.0,0.18267007428072748,53,1783.0
295.0,64,1604.0,16.536082474226806,2.849432256641209,31,725.0,0.1447976150167998,33,1279.0,0.11611892086830175,64,2004.0
300.0,70,1866.0,19.4375,2.4657923822191927,36,780.0,0.10128153389103958,34,1444.0,0.1580014371838917,70,2224.0
305.0,71,2166.0,22.8,2.352635734358684,34,883.0,0.11124902642960177,37,1624.0,0.11406607354261805,71,2507.0
310.0,72,2138.0,22.74468085106383,1.7165001379872562,36,991.0,0.08213036431288254,36,1579.0,0.06621743424963834,72,2570.0
315.0,66,1691.0,17.614583333333332,2.2084854258032878,36,1133.0,0.060583474981361705,30,1343.0,0.11258858573899849,66,2476.0
320.0,58,1600.0,16.666666666666668,3.3270565226491553,34,1282.0,0.08345533726833605,24,1135.0,0.20272918441888163,58,2417.0
325.0,51,1629.0,16.79381443298969,3.9765079420055334,35,1453.0,0.08988769349524044,16,953.0,0.2724055025360521,51,2406.0
330.0,48,1787.0,19.21505376344086,3.785067831434466,36,1628.0,0.0862911682256164,12,788.0,0.31652289203586575,48,2416.0
335.0,50,2020.0,21.956521739130434,3.8922939801025396,37,1810.0,0.11618097422011282,13,703.0,0.3303494242859097,50,2513.0
340.0,49,2050.0,23.03370786516854,3.2517137118294692,36,1913.0,0.10798185076070772,13,654.0,0.2601621057878048,49,2567.0
345.0,48,1847.0,20.07608695652174,3.3927065838327635,34,1969.0,0.1156142145418272,14,617.0,0.2175171356856385,48,2586.0
350.0,48,1720.0,19.11111111111111,2.9682231742247596,30,1951.0,0.12141175483059236,18,668.0,0.20273300843163478,48,2619.0
355.0,54,1221.0,13.566666666666666,2.6208018744507737,29,1750.0,0.1246479112855419,25,765.0,0.11976996263904427,54,2515.0
360.0,49,790.0,8.494623655913978,2.5477057044917686,23,1813.0,0.14060887178232426,26,805.0,0.10254616953696329,49,2618.0
365.0,43,538.0,5.663157894736842,3.7256375936226656,22,1884.0,0.17263308592212526,21,783.0,0.21044814800452222,43,2667.0
370.0,35,496.0,5.221052631578948,3.8105021653596842,22,1952.0,0.14328907247883327,13,750.0,0.3111580099532609,35,2702.0
375.0,46,649.0,6.622448979591836,3.9165037296066645,32,2083.0,0.12682075721338873,14,677.0,0.31666052066409817,46,2760.0
380.0,58,901.0,9.193877551020408,3.220372078169417,39,2244.0,0.14940978776204475,19,698.0,0.22418950045972325,58,2942.0
385.0,66,1170.0,11.7,2.5413026264799283,43,2446.0,0.08979368694148104,23,783.0,0.1859400330738707,66,3229.0
390.0,74,1423.0,13.950980392156863,2.2816386350244535,46,2560.0,0.10158548086881472,28,891.0,0.16874971292246901,74,3451.0
395.0,68,1315.0,12.766990291262136,2.4781119870109554,45,2606.0,0.09596237824207714,23,871.0,0.2010759763807859,68,3477.0
400.0,67,1446.0,13.514018691588785,2.764595055819501,44,2829.0,0.11224613827427903,23,742.0,0.21780223481848224,67,3571.0
405.0,77,1686.0,16.057142857142857,1.8545384074333648,52,3068.0,0.06741723324418078,24,743.0,0.2032643207464457,76,3811.0
410.0,73,1591.0,15.298076923076923,1.6733602879932177,53,3068.0,0.04159307124397139,19,632.0,0.15155091818280905,72,3700.0
415.0,63,1284.0,12.346153846153847,2.3198788012797587,48,2808.0,0.07168839112748501,14,646.0,0.14218321128943726,62,3454.0
420.0,55,1075.0,10.141509433962264,2.985290358497873,39,2533.0,0.09690923613203949,14,681.0,0.1448053600893906,53,3214.0
425.0,56,1012.0,9.73076923076923,3.3064621799743485,32,2250.0,0.1551685938288691,20,756.0,0.14372932195606303,52,3006.0
430.0,58,986.0,10.061224489795919,3.2858184994119006,26,1867.0,0.2146855493218298,28,880.0,0.11358372760768679,54,2747.0
435.0,52,994.0,10.354166666666666,3.668074970506121,18,1615.0,0.27503590392847,30,1029.0,0.10153210419265321,48,2644.0
440.0,55,1140.0,12.127659574468085,3.5548638781962487,20,1519.0,0.28794675678779996,35,1190.0,0.07819481848457825,55,2709.0
445.0,53,1363.0,14.347368421052632,3.73144935998324,21,1465.0,0.28480681784987355,32,1324.0,0.12455339184579257,53,2789.0
450.0,52,1618.0,17.03157894736842,3.9143333833608907,21,1358.0,0.28093766589777414,31,1462.0,0.13949092237323596,52,2820.0
455.0,53,1877.0,19.552083333333332,4.363284509422769,20,1276.0,0.2970961672981265,33,1621.0,0.16759799707520226,53,2897.0
460.0,54,2142.0,22.78723404255319,4.171617116982359,21,1244.0,0.25522431503389537,33,1786.0,0.13399328101012747,54,3030.0
465.0,54,2291.0,26.03409090909091,3.075096787857243,18,1200.0,0.1824041215768858,36,1957.0,0.10782750967479542,54,3157.0
470.0,63,2580.0,30.0,2.3419591301985974,25,1277.0,0.09393714538995565,38,2146.0,0.12699818231908983,63,3423.0
475.0,60,2608.0,30.68235294117647,2.1647057953110473,24,1361.0,0.0909676921319616,36,2196.0,0.14277537033049179,60,3557.0
480.0,54,2738.0,32.21176470588235,2.616547165026637,20,1415.0,0.15436845640285454,34,2194.0,0.1253514125237521,54,3609.0
485.0,54,2740.0,31.86046511627907,3.0316739842585068,19,1498.0,0.2429816187819517,35,2172.0,0.10444807443943839,54,3670.0
490.0,58,2896.0,31.824175824175825,3.4193576374885613,22,1604.0,0.215483838557606,36,2172.0,0.12345899810666396,58,3776.0
495.0,55,2578.0,28.644444444444446,3.1394883364966244,22,1471.0,0.2697961900155137,33,2098.0,0.11666220365208567,55,3569.0
500.0,48,1616.0,17.565217391304348,3.802826687018923,20,1279.0,0.23422804045417914,28,1776.0,0.17902162348031225,48,3055.0
505.0,42,966.0,10.733333333333333,3.7343626121769984,21,1150.0,0.2033306595191792,21,1447.0,0.175841914887852,42,2597.0
510.0,41,1023.0,11.119565217391305,3.9676460104242786,24,1049.0,0.1707773689727589,17,1083.0,0.21085014585856737,41,2132.0
515.0,42,1229.0,13.505494505494505,4.537956188946119,26,923.0,0.16960592639294164,16,845.0,0.33887761697901847,42,1768.0
520.0,44,1445.0,15.87912087912088,4.988255287352685,27,1045.0,0.2099835209941996,17,642.0,0.3564017671763047,44,1687.0
525.0,47,1671.0,18.36263736263736,4.871405088437611,28,1180.0,0.1688695139709909,19,644.0,0.3536148372801862,47,1824.0
530.0,51,1918.0,22.04597701149425,4.161340006598515,30,1328.0,0.1655265158045149,21,721.0,0.26262332799153437,51,2049.0
535.0,50,1815.0,20.862068965517242,3.1941652098827,29,1385.0,0.09624188767106134,21,723.0,0.17363460887316318,50,2108.0
540.0,42,1499.0,17.63529411764706,3.3663008776983743,23,1338.0,0.11825418646768335,19,670.0,0.14674179171045804,42,2008.0
545.0,40,1309.0,15.963414634146341,3.3469139704675674,18,1350.0,0.17259782868293272,22,642.0,0.10183605094024678,40,1992.0
550.0,45,1405.0,17.34567901234568,4.179964651890856,21,1357.0,0.20041982592827898,24,650.0,0.2017935734973872,45,2007.0
555.0,50,1559.0,19.4875,3.5575385411882463,27,1468.0,0.17964218546477728,23,732.0,0.2224680199859281,50,2200.0
560.0,43,1644.0,20.55,2.849798203597747,29,1611.0,0.0847325346835917,14,751.0,0.22203588474937522,43,2362.0
565.0,44,1714.0,20.650602409638555,2.8739326341982756,30,1641.0,0.06644040752082475,14,738.0,0.2411057310097026,44,2379.0
570.0,40,1711.0,19.8953488372093,3.7051626479704556,23,1605.0,0.16520321592206882,17,690.0,0.20276407534329102,40,2295.0
575.0,37,1526.0,17.74418604651163,4.504241942683828,16,1484.0,0.2800993257759183,21,608.0,0.22219934037238637,37,2092.0
580.0,41,1546.0,18.188235294117646,4.775291435220253,18,1428.0,0.30472912384900847,23,455.0,0.19835942145105284,41,1883.0
585.0,42,1732.0,21.121951219512194,4.567344790004309,19,1457.0,0.35876055777879307,23,545.0,0.1406099137420609,42,2002.0
590.0,47,1940.0,23.658536585365855,4.199734206917779,18,1532.0,0.304581398240957,29,678.0,0.10195620783359154,47,2210.0
595.0,51,2069.0,24.927710843373493,3.666217489476835,25,1634.0,0.1828154537601128,26,731.0,0.18677031038176875,51,2365.0
600.0,42,2008.0,26.07792207792208,3.596973614332769,24,1733.0,0.1430201270718128,18,663.0,0.27136054830632206,42,2396.0
605.0,32,1922.0,24.961038961038962,3.6951015151217628,22,1815.0,0.14395309939495027,10,595.0,0.24644486378370925,32,2410.0
610.0,37,1929.0,24.1125,3.8293191863774596,23,1787.0,0.16088399596272476,14,581.0,0.24526244975738962,37,2368.0
615.0,43,2070.0,25.555555555555557,3.9129023897655966,21,1846.0,0.28994280267296313,22,668.0,0.19564947478057365,43,2514.0
620.0,47,2265.0,28.3125,3.6543668152497433,18,1928.0,0.2709452345149463,29,799.0,0.22081796621158314,47,2727.0
625.0,49,2441.0,29.76829268292683,3.048045211822899,20,2004.0,0.1956483411502389,29,845.0,0.14604752706120658,49,2849.0
630.0,45,2525.0,30.79268292682927,3.830097295549794,21,2102.0,0.12295054724389717,24,794.0,0.17525385640062144,45,2896.0
635.0,35,2536.0,30.926829268292682,3.7980767024633537,19,2161.0,0.08752184307199429,16,843.0,0.17233531655749101,35,3004.0
640.0,39,2673.0,32.59756097560975,4.350363068393446,19,2243.0,0.15139844287491885,20,886.0,0.19909600184200152,39,3129.0
645.0,43,2074.0,26.935064935064936,3.8434494590882555,17,1874.0,0.27689538459268265,26,993.0,0.16667871508728604,43,2867.0
650.0,39,1184.0,15.179487179487179,4.842995417202792,9,1286.0,0.43509593015298964,30,1143.0,0.1993433527988121,39,2429.0
655.0,40,966.0,12.384615384615385,4.541378799530594,7,781.0,0.39322747840656064,33,1296.0,0.19967718139986593,40,2077.0
660.0,39,1070.0,13.375,4.177571296396886,7,554.0,0.3361065161230276,32,1453.0,0.19723044979647292,39,2007.0
665.0,48,1288.0,16.303797468354432,3.7653315566609455,11,363.0,0.37124636772787717,37,1624.0,0.16332133674982108,48,1987.0
670.0,52,1540.0,19.012345679012345,2.9462247143491425,12,253.0,0.30370292099545704,40,1817.0,0.10960490525401935,52,2070.0
675.0,54,1660.0,20.0,2.0980127804453303,15,323.0,0.18574942156352833,39,1864.0,0.10026933916476519,54,2187.0
680.0,56,1565.0,17.988505747126435,2.4552430409063613,24,422.0,0.15046352859674167,32,1734.0,0.10939321149082816,56,2156.0
685.0,55,1586.0,18.441860465116278,3.0477628548559283,27,549.0,0.16126111677489235,28,1669.0,0.13830556555126342,55,2218.0
690.0,43,1409.0,15.655555555555555,3.2428065352106827,24,597.0,0.10890063313787139,19,1624.0,0.16910805233022486,43,2221.0
695.0,42,1325.0,14.887640449438202,3.6955925443170514,18,571.0,0.19014199102953852,24,1637.0,0.17614252866483507,42,2208.0
700.0,39,1341.0,14.736263736263735,3.6588190946121157,11,550.0,0.26302113612497224,28,1728.0,0.13520433610096724,39,2278.0
705.0,51,1512.0,16.258064516129032,3.648250109992848,16,558.0,0.25001131000729987,35,1890.0,0.15440281478133777,51,2448.0
710.0,55,1681.0,17.882978723404257,3.461340130652712,22,639.0,0.2088022090392232,33,1935.0,0.15313669069795452,55,2574.0
715.0,54,1795.0,19.301075268817204,2.892871754168648,27,746.0,0.15520700797046255,27,1841.0,0.12436073758554463,54,2587.0
720.0,53,1865.0,20.053763440860216,3.0810793088108333,27,795.0,0.17939396134969543,26,1951.0,0.11664070806855502,53,2746.0
725.0,49,1903.0,20.24468085106383,3.1837204333852673,22,743.0,0.19142180707470796,27,2073.0,0.06850098230806465,49,2816.0
730.0,45,1464.0,15.91304347826087,2.953561292851924,17,717.0,0.2167214318683348,28,1862.0,0.03654939603152411,45,2579.0
735.0,45,936.0,10.064516129032258,3.4645987985760747,15,668.0,0.2368825047482173,30,1580.0,0.06460426297563514,45,2248.0
740.0,46,776.0,8.16842105263158,3.599385542866587,18,656.0,0.21886920814349972,28,1596.0,0.1484297224460007,46,2252.0
745.0,42,752.0,7.833333333333333,4.051352311200599,25,745.0,0.1588224746490896,17,1465.0,0.25773351911343667,42,2210.0
750.0,45,859.0,9.138297872340425,4.099819297789485,30,881.0,0.1116583255979383,15,1348.0,0.3093489766539397,45,2229.0
755.0,50,1068.0,11.608695652173912,4.141856687220534,33,1043.0,0.08423771200469976,17,1257.0,0.3273775502182952,50,2300.0
760.0,49,1218.0,13.840909090909092,2.997350005445934,31,1101.0,0.05681684745487381,18,1321.0,0.22136445784330755,49,2422.0
765.0,51,1257.0,14.616279069767442,2.880086307625328,24,1073.0,0.08340599452064097,27,1436.0,0.08712736601105117,51,2509.0
770.0,49,1334.0,16.26829268292683,3.405236152325451,19,1027.0,0.17476417326495294,30,1412.0,0.03163070101693852,49,2439.0
775.0,46,1005.0,11.823529411764707,3.721268479056919,16,871.0,0.20372194646866548,30,1260.0,0.05310241072820592,46,2131.0
780.0,39,694.0,8.675,3.6159102254404987,18,651.0,0.23204157940298778,21,1255.0,0.19742850289668623,39,1906.0
785.0,44,724.0,8.51764705882353,4.154277375616345,25,734.0,0.20906330730687883,19,1182.0,0.3193620791582263,44,1916.0
790.0,51,927.0,10.905882352941177,3.734693959336891,27,843.0,0.23318708935456697,24,1154.0,0.26075691417410146,51,1997.0
795.0,51,1082.0,12.295454545454545,3.07728873210508,24,874.0,0.23358765120622388,27,1059.0,0.16015849559017914,51,1933.0
800.0,50,1180.0,13.563218390804598,2.872182881248493,20,806.0,0.23565529274967068,30,1035.0,0.08422029480014057,50,1841.0
805.0,52,1304.0,13.872340425531915,2.870010611900468,20,814.0,0.22515724315138533,32,1109.0,0.07856329013360475,52,1923.0
810.0,54,1495.0,15.255102040816327,3.8063493303896987,22,794.0,0.25197093276019805,32,1236.0,0.17264660993479627,54,2030.0
815.0,57,1288.0,13.702127659574469,3.178404119503384,26,765.0,0.217529581895864,31,1238.0,0.1982680522006096,57,2003.0
820.0,49,746.0,7.612244897959184,2.9996738005911348,25,670.0,0.1075761547771615,24,1105.0,0.18643683553858817,49,1775.0
825.0,52,709.0,7.23469387755102,4.001209514543805,31,663.0,0.09460604279550022,21,970.0,0.23754508443635333,52,1633.0
830.0,51,921.0,9.21,4.293761218789733,33,769.0,0.05390730654056713,18,835.0,0.25122015152497507,51,1604.0
835.0,48,956.0,9.958333333333334,3.646215614951128,31,798.0,0.049900181559350526,17,787.0,0.2333317722561587,48,1585.0
840.0,41,790.0,8.68131868131868,3.745011060428369,21,712.0,0.1666915417620554,20,752.0,0.1604591572623651,41,1464.0
845.0,39,793.0,8.619565217391305,3.49958326391872,13,662.0,0.23414768570613914,26,823.0,0.10997824010441269,39,1485.0
850.0,43,777.0,8.35483870967742,3.7989858760967214,12,625.0,0.25356734088126665,31,869.0,0.14568876215060067,43,1494.0
855.0,43,824.0,9.054945054945055,4.067777465992613,18,595.0,0.210647310597997,25,822.0,0.19710194633488878,43,1417.0
860.0,43,978.0,10.747252747252746,4.094137951875927,24,680.0,0.15133822594637847,19,805.0,0.19061256029357693,43,1485.0
865.0,46,1120.0,12.584269662921349,3.793748391371563,25,719.0,0.1381098404591575,21,867.0,0.16467715292998125,46,1586.0
870.0,42,1156.0,13.44186046511628,3.30842043567447,17,667.0,0.1963727183953443,25,915.0,0.07389874849519766,42,1582.0
875.0,40,894.0,10.771084337349398,2.765630620765978,12,610.0,0.19970350696476524,28,930.0,0.09248692190518645,40,1540.0
880.0,43,934.0,10.988235294117647,3.733455118983506,9,511.0,0.25966484858327166,34,1031.0,0.16893942968365422,43,1542.0
885.0,50,1064.0,12.372093023255815,3.174008748430029,20,553.0,0.13854550307129745,30,1118.0,0.19485547830562452,50,1671.0
890.0,52,1161.0,13.5,3.085416208331516,28,684.0,0.09186949192874633,24,1132.0,0.1944540643290122,52,1816.0
895.0,47,1235.0,14.529411764705882,2.8442522944087636,26,714.0,0.0959263926297438,21,1167.0,0.15589102781073025,47,1881.0
900.0,42,1239.0,14.406976744186046,3.499269876640801,18,610.0,0.22030296038483063,24,1223.0,0.10672538719369173,42,1833.0
905.0,42,1327.0,15.25287356321839,3.9315894220090626,11,545.0,0.3177270151456745,31,1340.0,0.10782797093587265,42,1885.0
910.0,41,1381.0,15.873563218390805,4.032383235930546,10,455.0,0.30320105206916975,31,1459.0,0.1489344660791794,41,1914.0
915.0,48,1554.0,18.28235294117647,3.792801703925115,15,375.0,0.22150232961033078,33,1597.0,0.20750598206840792,48,1972.0
920.0,55,1713.0,20.63855421686747,2.6768301271551382,19,386.0,0.13672469616141933,36,1769.0,0.14866505161940333,55,2155.0
925.0,59,1435.0,16.88235294117647,2.0050594118044387,22,441.0,0.12238042263293622,37,1676.0,0.0614013877565314,59,2117.0
930.0,53,860.0,10.0,2.5795327653164297,20,465.0,0.1394047577402165,33,1399.0,0.11852054499415639,53,1864.0
935.0,42,876.0,10.305882352941177,3.527859946958024,13,392.0,0.2403957066643057,29,1188.0,0.14070637909258102,42,1580.0
940.0,41,1023.0,11.895348837209303,4.603269613936038,11,317.0,0.36308761279619445,30,1151.0,0.13746944813480036,41,1468.0
945.0,43,1229.0,14.126436781609195,4.697140945081695,11,275.0,0.4080392632362857,32,1252.0,0.07851754120452871,43,1527.0
950.0,41,1156.0,13.761904761904763,4.173277801004927,11,285.0,0.33178216306610314,30,1262.0,0.12234390389138729,41,1547.0
955.0,33,716.0,8.626506024096386,5.003768036494473,11,277.0,0.29283152813987245,22,1104.0,0.23107336797369202,33,1381.0
960.0,29,457.0,5.858974358974359,3.964003735589513,14,313.0,0.22110373327348729,15,1169.0,0.1845889231880381,29,1482.0
965.0,26,428.0,5.558441558441558,4.084780064870122,10,312.0,0.23675999799282457,16,1236.0,0.09897055380474304,26,1548.0
970.0,37,490.0,6.805555555555555,3.439362691055221,14,357.0,0.2743865019920456,23,1285.0,0.04688444383661814,37,1642.0
975.0,40,447.0,5.881578947368421,3.8378825078926364,14,354.0,0.24279428808644318,26,1306.0,0.08374298475590512,40,1660.0
980.0,43,579.0,8.041666666666666,3.5413015623747035,16,373.0,0.2648488586118832,27,1274.0,0.14608443754183306,43,1647.0
985.0,32,561.0,7.901408450704225,4.056931847550266,14,430.0,0.27097987759976966,18,1064.0,0.20916542789948114,32,1494.0
990.0,23,470.0,6.714285714285714,4.479531839277309,13,474.0,0.31534173409548705,10,913.0,0.19738364180879867,23,1387.0
995.0,22,338.0,4.694444444444445,4.975277942162598,12,429.0,0.2866855427719816,10,939.0,0.2573570975018551,22,1368.0
1000.0,26,368.0,5.041095890410959,4.916617182339169,14,372.0,0.3276048568287219,12,845.0,0.2536266818122221,26,1217.0
1005.0,26,372.0,5.027027027027027,5.178552321985088,16,374.0,0.2781269934388484,10,650.0,0.2597166900215888,26,1024.0
1010.0,26,299.0,4.095890410958904,4.970353623484561,15,321.0,0.1900110913736008,11,495.0,0.25677877651889464,26,816.0
1015.0,29,429.0,5.797297297297297,5.599132271576883,17,289.0,0.2010395934332821,12,375.0,0.3283702486778563,29,664.0
1020.0,32,576.0,8.228571428571428,5.295604263911575,19,329.0,0.19810027013525022,13,365.0,0.31742225830133153,32,694.0
1025.0,32,730.0,10.895522388059701,5.520281376736654,20,424.0,0.20345998885942182,12,415.0,0.3360556550103896,32,839.0
1030.0,28,677.0,10.257575757575758,4.842330478904882,17,445.0,0.15992364435794976,11,418.0,0.3207322966370665,28,863.0
1035.0,26,586.0,8.878787878787879,4.504726273681489,12,388.0,0.2151066811753052,14,457.0,0.17715746136681773,26,845.0
1040.0,27,531.0,7.925373134328358,5.187214985336954,11,363.0,0.3145649369490235,16,468.0,0.1969658951960376,27,831.0
1045.0,35,682.0,10.65625,5.064213299064297,17,422.0,0.2859600721641942,18,517.0,0.22420258893594078,35,939.0
1050.0,35,678.0,10.935483870967742,3.5666257154895713,20,513.0,0.22186879562523984,15,445.0,0.14104721824767028,35,958.0
1055.0,37,679.0,10.287878787878787,3.540559178918543,21,543.0,0.22449172532713035,16,430.0,0.11142436407471168,37,973.0
1060.0,30,665.0,9.925373134328359,4.153340507270697,15,485.0,0.3000187114688895,15,454.0,0.1051015153739035,30,939.0
1065.0,26,633.0,9.042857142857143,5.549671053018468,16,512.0,0.3359250435871607,10,406.0,0.23551948029335623,26,918.0
1070.0,26,627.0,9.220588235294118,5.573914637925542,18,550.0,0.19298717789348993,8,377.0,0.3607315376485072,26,927.0
1075.0,30,751.0,10.728571428571428,5.824109604433467,21,626.0,0.11703740427691249,9,363.0,0.4346552530214579,30,989.0
1080.0,27,568.0,8.738461538461538,4.963413127578785,20,584.0,0.10020360047779221,7,361.0,0.4302500250407633,27,945.0
1085.0,28,342.0,5.34375,4.895383164412763,16,428.0,0.18530956335348356,12,408.0,0.341206692986782,28,836.0
1090.0,22,267.0,4.377049180327869,4.704692353103167,11,449.0,0.242029962165541,11,388.0,0.2751107464031585,22,837.0
1095.0,27,304.0,4.903225806451613,5.226794121822443,12,428.0,0.25024016238462865,15,431.0,0.21269976496631907,27,859.0
1100.0,26,347.0,5.596774193548387,4.072834962948236,14,473.0,0.18140388614540565,12,445.0,0.1208497227271194,26,918.0
1105.0,29,396.0,6.491803278688525,5.174256402930078,18,513.0,0.2053756543987161,11,416.0,0.27828603394649887,29,929.0
1110.0,26,417.0,7.189655172413793,4.6187783407462755,17,479.0,0.16969855391533906,9,444.0,0.3623703788449252,26,923.0
1115.0,26,452.0,7.661016949152542,4.899855601629038,15,342.0,0.23414053480821545,11,485.0,0.29053119478022565,26,827.0
1120.0,24,467.0,7.915254237288136,5.058975272342354,12,339.0,0.2979231018747733,12,530.0,0.2830520626516711,24,869.0
1125.0,27,499.0,8.60344827586207,4.908219713826784,12,295.0,0.30893105037977064,15,575.0,0.1434628706423008,27,870.0
1130.0,26,530.0,8.983050847457626,4.174876311613346,13,320.0,0.24177172587263274,13,591.0,0.1425960592220503,26,911.0
1135.0,24,545.0,9.39655172413793,5.492759088890734,16,345.0,0.28037792883038276,8,583.0,0.26659932843495115,24,928.0
1140.0,22,349.0,6.462962962962963,4.758831684025186,15,374.0,0.21231491409282302,7,400.0,0.30719831898173117,22,774.0
1145.0,23,295.0,5.566037735849057,5.065340564450063,14,398.0,0.23526711226697614,9,156.0,0.272609358164409,23,554.0
1150.0,23,307.0,5.385964912280702,4.661788199363032,14,389.0,0.1888763329457505,9,157.0,0.24549316205398425,23,546.0
1155.0,23,275.0,4.508196721311475,6.169915878496096,16,345.0,0.22754633417273953,7,141.0,0.4209298680802029,23,486.0
1160.0,23,335.0,5.677966101694915,6.052231489145492,16,380.0,0.20820341415837515,7,170.0,0.4856771953799376,23,550.0
1165.0,25,390.0,6.190476190476191,5.782009730300927,19,402.0,0.169889637119792,6,134.0,0.46710709592622734,25,536.0
1170.0,29,505.0,8.278688524590164,5.268771236866774,20,460.0,0.17928889156576897,9,162.0,0.45916010707857924,29,622.0
1175.0,27,522.0,8.847457627118644,5.038501823992728,19,485.0,0.2208830748747592,8,131.0,0.47629652593537064,27,616.0
1180.0,30,527.0,8.639344262295081,3.597904385805484,20,519.0,0.17060465288321872,10,133.0,0.3112389119207396,30,652.0
1185.0,29,494.0,8.098360655737705,4.8301252380335695,16,487.0,0.2928229727749314,13,188.0,0.3126238285834804,29,675.0
1190.0,27,387.0,6.046875,4.174126966456743,12,412.0,0.2181263661737982,15,257.0,0.22423674777360814,27,669.0
1195.0,27,365.0,5.53030303030303,4.341650314391232,14,335.0,0.19406474801265203,13,283.0,0.16668761059734424,27,618.0
1200.0,27,310.0,4.5588235294117645,4.761111974186555,19,346.0,0.12468283276083642,8,252.0,0.2894500699757495,27,598.0
1205.0,29,319.0,5.063492063492063,5.154654109525556,24,433.0,0.16450784248569947,5,193.0,0.39382476139923756,29,626.0
1210.0,31,382.0,5.96875,4.210922615559225,21,459.0,0.1397730313732942,10,164.0,0.28225331331578823,31,623.0
1215.0,25,289.0,4.515625,4.506452901373191,13,402.0,0.22750216589789593,12,183.0,0.25970964607349994,25,585.0
1220.0,21,202.0,3.2063492063492065,4.4832460144795165,7,387.0,0.24065675773159056,14,212.0,0.27450289593828375,21,599.0
1225.0,23,261.0,4.015384615384615,4.911017519070348,11,381.0,0.2858727082140161,12,238.0,0.2961065147472573,23,619.0
1230.0,29,362.0,5.484848484848484,4.197548051534353,14,388.0,0.23809346881928495,15,303.0,0.2781104616461591,29,691.0
1235.0,29,437.0,6.723076923076923,3.92718349612758,13,352.0,0.2130051167066517,16,372.0,0.18021639800544975,29,724.0
1240.0,30,531.0,7.8088235294117645,3.80322241555229,11,395.0,0.19704274093238003,19,461.0,0.15341849158169849,30,856.0
1245.0,26,499.0,7.128571428571429,3.9705163939768973,11,422.0,0.18706007452877116,15,454.0,0.1948439692413608,26,876.0
1250.0,23,326.0,4.9393939393939394,3.849226071013272,15,431.0,0.12851784778143893,8,326.0,0.3598197135910751,23,757.0
1255.0,20,293.0,4.373134328358209,4.816854067745395,13,386.0,0.18251579007463575,7,291.0,0.3529622810905449,20,677.0
1260.0,20,194.0,2.9393939393939394,4.935782345603391,6,312.0,0.27174978476287154,14,288.0,0.23292916060412125,20,600.0
1265.0,29,198.0,3.0,4.570351021369312,12,241.0,0.26142787685861457,17,330.0,0.14713049952628388,29,571.0
1270.0,34,296.0,4.352941176470588,3.7040635621425677,18,260.0,0.18346059890764654,16,366.0,0.14331142004343653,34,626.0
1275.0,31,356.0,4.944444444444445,4.731845177944,14,255.0,0.32631232130046545,17,418.0,0.1652138895945923,31,673.0
1280.0,24,387.0,5.375,4.91812204205303,8,254.0,0.3265326086938144,16,484.0,0.25938921556355454,24,738.0
1285.0,28,411.0,5.788732394366197,4.596691190774097,14,301.0,0.25317791356378166,14,446.0,0.32570067491192145,28,747.0
1290.0,32,335.0,4.652777777777778,3.8929078864504567,23,400.0,0.1135939286667617,9,286.0,0.3318435093666275,32,686.0
1295.0,35,419.0,5.739726027397261,3.6359913596715483,28,472.0,0.05828059027377895,7,267.0,0.3134469797753258,35,739.0
1300.0,33,469.0,6.513888888888889,4.793071614258406,19,486.0,0.21912612108868237,14,297.0,0.24054442450568186,33,783.0
1305.0,33,555.0,7.602739726027397,4.671050221291644,13,463.0,0.3011374849752421,20,374.0,0.11077337238373103,33,837.0
1310.0,28,524.0,7.380281690140845,4.706307308829879,11,449.0,0.3121897586411579,17,397.0,0.156807784889216,28,846.0
1315.0,35,677.0,9.81159420289855,4.191344369261074,18,501.0,0.1951748867441643,17,443.0,0.25850494312858413,35,944.0
1320.0,40,674.0,9.492957746478874,3.7700800036555107,22,477.0,0.16146368792751395,18,533.0,0.26766299505763896,40,1010.0
1325.0,38,549.0,7.625,3.34723916097049,20,453.0,0.1514920644771977,18,565.0,0.23084158982016123,38,1018.0
1330.0,35,596.0,7.842105263157895,4.401920766742353,18,489.0,0.23990337178261878,17,552.0,0.2484803725270055,35,1041.0
1335.0,33,616.0,8.105263157894736,4.490548174572014,14,457.0,0.2350461016980108,19,634.0,0.219669206471537,33,1091.0
1340.0,34,533.0,7.0131578947368425,4.3211951124352135,15,479.0,0.2885631379742495,19,583.0,0.08630280493912616,34,1062.0
1345.0,32,284.0,3.736842105263158,4.2934288231228495,18,506.0,0.2091910998719437,14,426.0,0.15860817208302147,32,932.0
1350.0,30,355.0,4.733333333333333,4.747384153917337,22,566.0,0.14817646069856644,8,287.0,0.3623724144803611,30,853.0
1355.0,31,407.0,5.5,5.163827824696153,25,606.0,0.12414443806422333,6,208.0,0.4812373101485371,31,814.0
1360.0,28,444.0,6.434782608695652,4.943291256802253,16,586.0,0.22147402517607073,12,255.0,0.3091444277640204,28,841.0
1365.0,29,377.0,5.385714285714286,3.2263790608306167,13,588.0,0.140380444596854,16,266.0,0.11633301688288357,29,854.0
1370.0,40,531.0,7.375,3.8062622210194723,21,633.0,0.12206998334137713,19,310.0,0.13754036693978303,40,943.0
1375.0,40,641.0,9.028169014084508,4.445605324032207,22,716.0,0.22247571129062826,18,333.0,0.2071250427765664,40,1049.0
1380.0,32,657.0,9.125,5.036007908984804,21,803.0,0.1769217202067864,11,279.0,0.30921702735222084,32,1082.0
1385.0,34,696.0,9.80281690140845,4.087852324241396,27,927.0,0.12137223917804099,7,252.0,0.33289687146331565,34,1179.0
1390.0,35,654.0,8.837837837837839,4.030419764140963,24,898.0,0.1867819960477543,11,233.0,0.29894816375232225,35,1131.0
1395.0,36,541.0,7.410958904109589,4.736431843065866,19,782.0,0.2957199630010599,17,306.0,0.2449841339024395,36,1088.0
1400.0,37,583.0,7.986301369863014,4.2093920351771805,17,753.0,0.27860447694580215,20,399.0,0.21327748330027083,37,1152.0
1405.0,36,451.0,6.178082191780822,3.669153608057113,16,647.0,0.24349003750123985,20,467.0,0.07454786722210205,36,1114.0
1410.0,37,545.0,7.569444444444445,3.346265453107098,13,532.0,0.2289413596688942,24,577.0,0.07460889169189817,37,1109.0
1415.0,35,576.0,7.890410958904109,3.760303512657078,15,515.0,0.21381004859682715,20,599.0,0.17167493628666997,35,1114.0
1420.0,30,447.0,6.123287671232877,3.477985604455128,18,510.0,0.1207727487048747,12,502.0,0.21784494157736575,30,1012.0
1425.0,26,493.0,6.662162162162162,4.536018624629273,17,472.0,0.12551230512273462,9,404.0,0.3011640203674327,26,876.0
1430.0,23,540.0,7.9411764705882355,6.235454422892353,14,501.0,0.230906434415446,9,316.0,0.43451350815324963,23,817.0
1435.0,27,644.0,9.470588235294118,5.6441103152300744,17,528.0,0.14292129561562433,10,350.0,0.35853171327618233,27,878.0
1440.0,33,526.0,7.96969696969697,4.679007294351489,23,547.0,0.056167684602172724,10,272.0,0.33790544308187576,33,819.0
1445.0,29,528.0,8.380952380952381,5.075807623843885,18,549.0,0.1811237783538194,11,170.0,0.3453926639268726,29,719.0
1450.0,27,580.0,9.206349206349206,4.267193702460064,15,620.0,0.24298684012254637,12,203.0,0.22364084602215045,27,823.0
1455.0,29,717.0,11.95,4.633034338534534,18,706.0,0.17489192556300892,11,234.0,0.35637281049141817,29,940.0
1460.0,32,679.0,10.609375,3.8326090173721346,23,726.0,0.09744006632654037,9,222.0,0.3562242139031905,32,948.0
1465.0,29,687.0,10.734375,5.113752569130265,17,701.0,0.21919953467156106,12,225.0,0.39092921977122425,29,926.0
1470.0,26,739.0,11.73015873015873,4.75866305651991,16,676.0,0.2502981579229519,10,260.0,0.2787761683265417,26,936.0
1475.0,26,762.0,11.373134328358208,5.342105410986626,14,660.0,0.2720529457975497,12,292.0,0.24798768812937136,26,952.0
1480.0,22,472.0,7.044776119402985,5.000506594793877,13,546.0,0.2459981059047008,9,281.0,0.32595594717412096,22,827.0
1485.0,30,427.0,6.1,5.913490418208487,17,392.0,0.2964323555713322,13,305.0,0.4064575471884489,30,697.0
1490.0,28,501.0,7.367647058823529,5.47867624434339,18,451.0,0.31062651957221793,10,342.0,0.4242274563592605,28,793.0
1495.0,31,629.0,9.115942028985508,5.526933689834647,20,526.0,0.30170174020090185,11,372.0,0.3614745179087381,31,898.0
1500.0,31,592.0,8.457142857142857,3.8967186674837455,20,535.0,0.19436120614768565,11,362.0,0.22086452681381727,31,897.0
1505.0,34,578.0,7.706666666666667,4.499175315892958,18,521.0,0.21149750297907924,16,371.0,0.22744677548774786,34,892.0
1510.0,27,601.0,8.232876712328768,5.0185114369352375,14,490.0,0.2970843550112317,13,421.0,0.2544572452274087,27,911.0
1515.0,27,583.0,8.44927536231884,5.088925553458866,16,442.0,0.2091414318535911,11,447.0,0.3424792854093153,27,889.0
1520.0,30,415.0,6.102941176470588,3.8830085311083984,21,484.0,0.15972799156478326,9,345.0,0.22188716259613558,30,829.0
1525.0,28,391.0,5.666666666666667,4.73861946564659,16,508.0,0.2105868956820324,12,195.0,0.20688452619911216,28,703.0
1530.0,27,304.0,4.75,4.729122471425708,15,426.0,0.27681625271988725,12,185.0,0.1195791823113766,27,611.0
1535.0,30,398.0,6.123076923076923,5.217375136257885,17,432.0,0.2558578707911419,13,191.0,0.15892120990440606,30,623.0
1540.0,29,348.0,5.117647058823529,4.811271614723064,19,458.0,0.2300045362960272,10,202.0,0.2526989442788239,29,660.0
1545.0,25,320.0,4.776119402985074,6.190939710848899,18,437.0,0.23099433500475403,7,165.0,0.4952968436293042,25,602.0
1550.0,27,317.0,4.953125,5.4451399782791015,20,480.0,0.1730747948187024,7,157.0,0.5099067566892119,27,637.0
1555.0,24,305.0,4.765625,5.102412698045188,15,482.0,0.22793328737293947,9,148.0,0.32864846792950625,24,630.0
1560.0,26,305.0,4.621212121212121,4.533405571117072,17,455.0,0.2781970753079951,9,155.0,0.09355663395538442,26,610.0
1565.0,25,273.0,4.136363636363637,5.086096018874636,17,398.0,0.252641050098864,8,165.0,0.23143021418101029,25,563.0
1570.0,23,280.0,4.3076923076923075,5.391556961217162,18,448.0,0.22999502558922466,5,113.0,0.42991742681453504,23,561.0
1575.0,23,338.0,5.28125,5.031903926943961,17,463.0,0.16797899854384868,6,83.0,0.4011120632517885,23,546.0
1580.0,22,298.0,4.885245901639344,5.70663493840515,18,466.0,0.24373498213681138,4,69.0,0.5163735552670292,22,535.0
1585.0,25,401.0,6.467741935483871,6.2858293373735235,18,497.0,0.29711250816653434,7,105.0,0.5118253056411948,25,602.0
1590.0,24,362.0,6.241379310344827,4.71240577449911,18,490.0,0.20908893703076797,6,108.0,0.4785064219065697,24,598.0
1595.0,27,337.0,5.810344827586207,4.465369992413375,20,472.0,0.155098822758994,7,127.0,0.42301974564037587,27,599.0
1600.0,24,295.0,4.916666666666667,4.373008754526075,18,508.0,0.14617827431396913,6,74.0,0.3666200245614077,24,582.0
1605.0,23,339.0,5.296875,5.6511787894505545,14,531.0,0.258280746322416,9,90.0,0.2702529145957916,23,621.0
1610.0,25,392.0,6.030769230769231,5.4017405430954355,16,574.0,0.2921416321547719,9,109.0,0.19549341691701427,25,683.0
1615.0,30,531.0,7.8088235294117645,5.671332281219013,20,659.0,0.2713169929596222,10,165.0,0.3529242017861788,30,824.0
1620.0,26,590.0,9.516129032258064,5.245515909862536,20,730.0,0.24144267020699564,6,174.0,0.4454146608578712,26,904.0
1625.0,25,651.0,11.033898305084746,5.546119120179451,17,762.0,0.22300376383620515,8,163.0,0.4012663374797943,25,925.0
1630.0,27,635.0,10.76271186440678,3.8930787146007453,19,721.0,0.028425947878705424,8,195.0,0.2581664820187586,27,916.0
1635.0,30,498.0,8.586206896551724,4.701332674363554,19,660.0,0.1484440434817469,11,238.0,0.24598654609906448,30,898.0
1640.0,22,436.0,7.785714285714286,4.551228392013028,14,705.0,0.23388650342734338,8,217.0,0.33853209517970523,22,922.0
1645.0,24,470.0,7.833333333333333,5.028579310114705,16,734.0,0.21590074549061652,8,138.0,0.28038644553844855,24,872.0
1650.0,22,504.0,8.262295081967213,5.413878565817983,15,740.0,0.17660690843820173,7,129.0,0.3954896023734277,22,869.0
1655.0,20,556.0,8.553846153846154,6.5249395064259215,16,694.0,0.2179485958029946,4,104.0,0.5023358368108785,20,798.0
1660.0,24,649.0,10.46774193548387,5.509944296364313,17,766.0,0.2539816359684252,7,131.0,0.35662065401315657,24,897.0
1665.0,30,782.0,13.033333333333333,4.529407265395,19,841.0,0.24405038627420025,11,182.0,0.24774778760170685,30,1023.0
1670.0,37,819.0,12.796875,3.5654266553855596,25,956.0,0.1999379028427715,12,139.0,0.12220618731163538,37,1095.0
1675.0,34,863.0,13.919354838709678,3.6061702193903273,26,1029.0,0.1672573903026064,8,119.0,0.2781556475762573,34,1148.0
1680.0,31,912.0,13.611940298507463,4.101294856703022,26,1106.0,0.1697111472335062,5,112.0,0.359095394286259,31,1218.0
1685.0,34,1002.0,15.181818181818182,4.946710792230748,27,1148.0,0.19474740657890155,7,99.0,0.4753155537417634,34,1247.0
1690.0,34,1053.0,15.716417910447761,4.599365083798376,25,1186.0,0.14966470596780676,9,130.0,0.44287728708323987,34,1316.0
1695.0,32,1098.0,15.685714285714285,4.331512268531814,23,1278.0,0.1826911202364751,9,111.0,0.38061824301229824,32,1389.0
1700.0,38,1269.0,17.87323943661972,4.127685708462325,27,1384.0,0.13490894195599257,11,161.0,0.41582161854970917,38,1545.0
1705.0,45,1467.0,20.375,3.7882086034145237,31,1496.0,0.18092824222616624,14,226.0,0.35820117648666777,45,1722.0
1710.0,41,1584.0,21.12,3.4415714810189697,29,1582.0,0.1661048481462108,12,250.0,0.30376296895489435,41,1832.0
1715.0,44,1299.0,16.443037974683545,3.0554673223927056,29,1486.0,0.1425717894443783,15,254.0,0.2758674583833739,44,1740.0
1720.0,41,694.0,8.463414634146341,3.515380746555776,25,1153.0,0.1844888632218347,16,295.0,0.27001946012268385,41,1448.0
1725.0,35,530.0,6.235294117647059,4.4372013380105075,24,944.0,0.18758367217808092,11,289.0,0.3299462727058064,35,1233.0
1730.0,35,642.0,7.379310344827586,5.2621329181547,21,787.0,0.19188966912469366,14,308.0,0.3767281165976704,35,1095.0
1735.0,41,828.0,9.627906976744185,5.737295615543711,24,709.0,0.14118469970505793,17,366.0,0.4144116911209298,41,1075.0
1740.0,40,765.0,8.793103448275861,4.851122661384163,24,716.0,0.12521367986928753,16,403.0,0.31682107152373606,40,1119.0
1745.0,38,692.0,8.871794871794872,4.442307535864836,18,632.0,0.24732027650052324,20,481.0,0.19526433957126008,38,1113.0
1750.0,40,830.0,10.921052631578947,3.6685569686161563,16,656.0,0.2952363391769353,24,589.0,0.075966077159402,40,1245.0
1755.0,43,957.0,11.814814814814815,3.63573516199573,19,661.0,0.23110533930598695,24,687.0,0.13603516622465728,43,1348.0
1760.0,41,1073.0,13.4125,4.2109435324066595,22,697.0,0.18044794988730134,19,738.0,0.2817773260070945,41,1435.0
1765.0,32,953.0,12.539473684210526,4.8565691014154035,18,663.0,0.19381790233422969,14,664.0,0.3308601444745713,32,1327.0
1770.0,29,749.0,10.121621621621621,4.720826390308833,18,655.0,0.2001018893404148,11,504.0,0.2735712097547221,29,1159.0
1775.0,36,669.0,9.422535211267606,4.654755683332416,20,600.0,0.1979785209140673,16,482.0,0.2641430000320427,36,1082.0
1780.0,34,614.0,8.771428571428572,3.946122164797331,17,644.0,0.20322917052702594,17,442.0,0.20855582144146437,34,1086.0
1785.0,35,591.0,8.565217391304348,3.966570019911674,19,680.0,0.1964939463717841,16,378.0,0.19488426418928803,35,1058.0
1790.0,35,726.0,10.521739130434783,3.7443659318424634,18,705.0,0.19349861179677705,17,422.0,0.18690326831970197,35,1127.0
1795.0,39,872.0,12.457142857142857,4.462816564504564,18,670.0,0.19808202124590016,21,489.0,0.2245036049679054,39,1159.0
1800.0,35,690.0,10.454545454545455,3.8229399783599782,16,621.0,0.19405670513747,19,525.0,0.2550174189100077,35,1146.0
1805.0,36,711.0,10.772727272727273,3.9978685180807423,18,524.0,0.2249025355412735,18,521.0,0.23859827240878936,36,1045.0
1810.0,42,742.0,10.450704225352112,3.8605515906467027,20,520.0,0.24079151223284026,22,558.0,0.21199504574982175,42,1078.0
1815.0,38,736.0,9.945945945945946,4.212802206298389,17,495.0,0.3063334707869982,21,571.0,0.1973947040220105,38,1066.0
1820.0,41,727.0,9.56578947368421,3.9740448164505593,20,511.0,0.2965140466914708,21,557.0,0.21842749466355027,41,1068.0
1825.0,38,597.0,7.753246753246753,3.643143228013057,23,621.0,0.15104727031219506,15,430.0,0.27985376187475297,38,1051.0
1830.0,36,646.0,8.38961038961039,3.1697757965457307,26,675.0,0.08728534757587995,10,428.0,0.2705803981558328,36,1103.0
1835.0,39,772.0,9.530864197530864,3.4614226872698675,24,691.0,0.14733975900703336,15,472.0,0.23390851052312672,39,1163.0
1840.0,43,764.0,9.317073170731707,3.0321234022951646,22,707.0,0.20689336819620058,21,520.0,0.15430201294769003,43,1227.0
1845.0,41,588.0,7.35,2.746452606241752,16,639.0,0.21834987755972735,25,570.0,0.06940072568363814,41,1209.0
1850.0,43,578.0,6.880952380952381,2.79117145748237,13,706.0,0.2328430912842235,30,596.0,0.047654415459953144,43,1302.0
1855.0,41,624.0,6.933333333333334,3.4151573689486963,20,787.0,0.18744174200864397,21,542.0,0.1293090200156352,41,1329.0
1860.0,37,684.0,7.7727272727272725,3.957563851332789,23,807.0,0.17088769635676973,14,535.0,0.24719503614424898,37,1342.0
1865.0,32,696.0,7.820224719101123,4.482583427277708,21,741.0,0.1825263435391572,11,534.0,0.2815117701312711,32,1275.0
1870.0,32,634.0,7.372093023255814,3.836911126431354,16,685.0,0.1951057170937014,16,579.0,0.15881882760317645,32,1264.0
1875.0,37,441.0,5.068965517241379,4.026655953738701,17,639.0,0.19605288333154605,20,540.0,0.23054158472779387,37,1179.0
1880.0,41,497.0,5.916666666666667,3.894679970026913,21,672.0,0.14870534641490454,20,455.0,0.2523284786665989,41,1127.0
1885.0,49,580.0,7.073170731707317,3.1316929012518315,29,714.0,0.1397281046027828,20,550.0,0.17970148989073426,49,1264.0
1890.0,57,775.0,9.011627906976743,2.7752383035138846,32,756.0,0.11293900821602919,25,664.0,0.16494113810741226,57,1420.0
1895.0,50,865.0,10.176470588235293,3.1878238417898963,27,705.0,0.14654990897965908,23,777.0,0.17565155973042113,50,1482.0
1900.0,43,919.0,10.686046511627907,3.4779186743985036,19,753.0,0.18909241770963886,24,889.0,0.18114169792161589,43,1642.0
1905.0,38,840.0,9.23076923076923,3.9244310296820437,16,726.0,0.20815039871212693,22,898.0,0.24898219419471085,38,1624.0
1910.0,35,552.0,6.2727272727272725,3.782584557240611,21,748.0,0.12541505996377172,14,771.0,0.3483629707452962,35,1519.0
1915.0,41,580.0,6.590909090909091,3.5998127185776085,30,830.0,0.058181974864232884,11,578.0,0.2879644807898545,41,1408.0
1920.0,42,700.0,7.777777777777778,4.1435872488170125,33,906.0,0.05593721405922601,9,512.0,0.3798305759497348,42,1418.0
1925.0,50,893.0,10.264367816091953,4.239928543088797,35,958.0,0.15018242291413902,15,551.0,0.35720286164988696,50,1509.0
1930.0,54,1115.0,13.117647058823529,2.5390420219024126,35,1130.0,0.10726137950321529,19,619.0,0.21423118977343597,54,1749.0
1935.0,66,1410.0,16.022727272727273,1.8760966396753957,40,1322.0,0.10429693672441011,26,707.0,0.12060997742918642,66,2029.0
1940.0,67,1535.0,17.055555555555557,1.5085474428786902,39,1366.0,0.0642659620030428,28,757.0,0.1277678032584399,67,2123.0
1945.0,55,1363.0,14.655913978494624,2.6301235542291606,35,1288.0,0.07798648830826198,20,760.0,0.18148616105754747,55,2048.0
1950.0,43,1188.0,12.375,3.5522050435357975,26,1399.0,0.14218546834827572,17,833.0,0.20966897173878396,43,2232.0
1955.0,46,1140.0,11.515151515151516,3.713552813788644,23,1515.0,0.16281412491751718,23,928.0,0.18489309067476606,46,2443.0
1960.0,49,1207.0,12.443298969072165,2.9167175436135264,23,1499.0,0.12760355590556047,26,1022.0,0.1560689407200823,49,2521.0
1965.0,47,1304.0,13.872340425531915,2.914947388696709,19,1349.0,0.1840571593425137,28,1116.0,0.09648930069070795,47,2465.0
1970.0,45,1163.0,12.780219780219781,2.7337536585122493,18,1221.0,0.1956909450083072,27,1079.0,0.04181330468301738,45,2300.0
1975.0,40,887.0,9.641304347826088,3.7019721942501347,16,1080.0,0.2259877111234697,24,891.0,0.07796148783487887,40,1971.0
1980.0,37,1024.0,11.636363636363637,4.37128437994243,15,986.0,0.2579293062101077,22,791.0,0.14144593996256444,37,1777.0
1985.0,41,1222.0,14.045977011494253,4.713756186612801,18,921.0,0.3107497995300907,23,796.0,0.12017789540079603,41,1717.0
1990.0,43,1426.0,17.390243902439025,4.427219936121679,19,902.0,0.33033465109768356,24,891.0,0.08274291563286348,43,1793.0
1995.0,46,1646.0,20.073170731707318,3.98539432053205,21,916.0,0.26351340503347714,25,979.0,0.08774631383848333,46,1895.0
2000.0,44,1537.0,18.518072289156628,3.251441970607194,22,938.0,0.18283660897430906,22,966.0,0.08741668800937788,44,1904.0
2005.0,38,1240.0,14.588235294117647,4.190711943472029,25,964.0,0.16075833465252864,13,797.0,0.22647748528936829,38,1761.0
2010.0,38,1237.0,14.218390804597702,4.118731021776436,26,1067.0,0.15337408968031277,12,846.0,0.28069483692245617,38,1913.0
2015.0,38,1361.0,16.011764705882353,4.508728448864981,21,1148.0,0.21035015522234077,17,906.0,0.2100558087700032,38,2054.0
2020.0,34,1259.0,15.936708860759493,3.7008619669045135,16,1110.0,0.20173967875041138,18,858.0,0.1435976226865037,34,1968.0
2025.0,32,1198.0,15.35897435897436,4.0528477730935135,17,1030.0,0.14694070632883524,15,690.0,0.19658814995400511,32,1720.0
2030.0,33,663.0,8.61038961038961,3.358388215719757,23,859.0,0.11229436936923817,10,632.0,0.23693127255197394,33,1491.0
2035.0,34,373.0,4.782051282051282,4.567218964036248,22,625.0,0.25054940264428904,12,510.0,0.27167203910643695,34,1135.0
2040.0,40,564.0,7.324675324675325,4.544032236915552,22,468.0,0.28490745830821235,18,590.0,0.2771340619510769,40,1058.0
2045.0,43,672.0,8.50632911392405,3.391041712655646,23,553.0,0.1820805434038838,20,549.0,0.19370455623710442,43,1102.0
2050.0,44,709.0,9.08974358974359,3.143180616632146,25,625.0,0.09167350825575162,19,428.0,0.21163659551350028,44,1053.0
2055.0,40,844.0,10.96103896103896,3.784591281525983,28,715.0,0.12162065969992475,12,417.0,0.27011563589041865,40,1132.0
2060.0,38,947.0,12.2987012987013,4.114872844256252,25,747.0,0.10921569953166821,13,404.0,0.29699436662066414,38,1151.0
2065.0,38,1046.0,14.32876712328767,3.6103894380400425,25,796.0,0.11675854342285943,13,439.0,0.2500222840108933,38,1235.0
2070.0,45,1203.0,16.256756756756758,2.8882335920825497,25,883.0,0.14120687774730567,20,525.0,0.1611575295916786,45,1408.0
2075.0,45,1287.0,17.63013698630137,2.9611856642147165,23,984.0,0.16852197351480663,22,566.0,0.16373306463243495,45,1550.0
2080.0,45,1153.0,16.01388888888889,3.0353896290757074,23,974.0,0.1534797558335465,22,572.0,0.16948234830748915,45,1546.0
2085.0,39,621.0,8.28,3.616426910183675,13,816.0,0.23485836107061392,26,572.0,0.10234257705407991,39,1388.0
2090.0,37,498.0,6.467532467532467,4.221628480677359,8,641.0,0.30643647016180836,29,580.0,0.11590669056109267,37,1221.0
2095.0,31,506.0,6.837837837837838,4.861280140450324,5,411.0,0.41747393227737417,26,641.0,0.1282693340371127,31,1052.0
2100.0,28,386.0,5.287671232876712,4.508193175236943,10,440.0,0.27216678596626837,18,601.0,0.17504029737358234,28,1041.0
2105.0,22,211.0,2.8904109589041096,3.9846044556497575,15,471.0,0.19075385067616518,7,621.0,0.19347899836507143,22,1092.0
2110.0,36,363.0,5.041666666666667,4.151287028587842,21,551.0,0.2311750157646118,15,665.0,0.19665391470125426,36,1216.0
2115.0,41,490.0,7.101449275362318,3.3783861921319045,20,542.0,0.18069489083010595,21,753.0,0.19869260963661084,41,1295.0
2120.0,37,533.0,7.614285714285714,3.1538859801546564,12,405.0,0.16251232357128506,25,860.0,0.15258745592136588,37,1265.0
2125.0,33,579.0,8.391304347826088,4.200927312509967,8,307.0,0.3031225308303423,25,918.0,0.11290729329970971,33,1225.0
2130.0,31,557.0,7.426666666666667,4.353792694785682,8,309.0,0.3150945135047666,23,906.0,0.10341792326217814,31,1215.0
2135.0,33,709.0,9.453333333333333,5.035613972009973,12,330.0,0.33906932435374537,21,1013.0,0.16755408343766154,33,1343.0
2140.0,39,859.0,12.098591549295774,3.8226856460654046,15,358.0,0.23652873562559756,24,1127.0,0.18470561366631322,39,1485.0
2145.0,36,966.0,14.205882352941176,3.433806381697327,11,335.0,0.1715401466163426,25,1191.0,0.14568638152241234,36,1526.0
2150.0,30,1063.0,16.873015873015873,3.5909589039663588,6,306.0,0.29976725588897724,24,1267.0,0.11839961346462743,30,1573.0
2155.0,30,1008.0,15.044776119402986,4.108900934704608,8,314.0,0.3010737308978538,22,1220.0,0.14777094362125573,30,1534.0
2160.0,29,679.0,9.985294117647058,4.3423261587022015,13,367.0,0.26075926552757595,16,1014.0,0.22999474138796488,29,1381.0
2165.0,25,429.0,5.876712328767123,4.790854980688981,17,443.0,0.2704904681934457,8,1015.0,0.27349426350094835,25,1458.0
2170.0,30,555.0,7.602739726027397,5.008072553152753,20,535.0,0.22219502647376116,10,1026.0,0.3392795361697412,30,1561.0
2175.0,35,486.0,6.48,3.806016691474271,20,518.0,0.18154411114640742,15,931.0,0.25065094433098745,35,1449.0
2180.0,32,443.0,5.906666666666666,4.201047376321238,17,442.0,0.14297611501102564,15,689.0,0.3009124686396921,32,1131.0
2185.0,33,570.0,7.6,4.918476649309574,21,465.0,0.15629980318217762,12,461.0,0.37355970195131527,33,926.0
2190.0,37,740.0,9.61038961038961,5.247170998840303,21,563.0,0.17863197092769012,16,308.0,0.3609545314489793,37,871.0
2195.0,41,928.0,12.051948051948052,4.577588538444307,20,663.0,0.2148032569342479,21,336.0,0.2526056841990982,41,999.0
2200.0,36,867.0,11.25974025974026,4.286757108425675,16,650.0,0.16412975368077182,20,387.0,0.22414016256117086,36,1037.0
2205.0,30,555.0,7.302631578947368,4.928446881160959,11,523.0,0.24744831664367467,19,430.0,0.21408947729889077,30,953.0
2210.0,26,450.0,6.164383561643835,4.6398211508489275,8,477.0,0.35826759401365027,18,462.0,0.1338555609456219,26,939.0
2215.0,34,520.0,7.428571428571429,4.184547499979892,14,513.0,0.29106420294390256,20,454.0,0.11596636825471168,34,967.0
2220.0,38,607.0,9.059701492537313,3.420518921628851,17,575.0,0.22484247688235823,21,522.0,0.09142889933050992,38,1097.0
2225.0,39,692.0,10.484848484848484,3.608914985704003,20,635.0,0.14094402446223028,19,558.0,0.12152961305630364,39,1193.0
2230.0,35,607.0,9.196969696969697,3.534072819661821,19,614.0,0.1310737859109309,16,512.0,0.1431467426701988,35,1126.0
2235.0,25,431.0,6.246376811594203,5.420753329937035,11,458.0,0.2340595283525758,14,425.0,0.290539227388675,25,883.0
2240.0,25,506.0,7.666666666666667,5.886034812353042,9,344.0,0.37426666508771156,16,404.0,0.27766516850000944,25,748.0
2245.0,29,638.0,9.522388059701493,5.6246772191833365,10,322.0,0.41363031829114705,19,477.0,0.1802629084438174,29,799.0
2250.0,28,533.0,7.955223880597015,4.616370150015903,9,269.0,0.26243580054472754,19,517.0,0.2247979501924455,28,786.0
2255.0,25,514.0,7.907692307692308,5.492040550470568,10,183.0,0.28507146550098744,15,544.0,0.3097725083666013,25,727.0
2260.0,28,588.0,9.333333333333334,5.530797867236396,11,178.0,0.24727149623385072,17,605.0,0.2910582109159383,28,783.0
2265.0,34,725.0,11.153846153846153,4.802746865432162,14,217.0,0.21978006868517244,20,695.0,0.1922087128072253,34,912.0
2270.0,35,825.0,12.692307692307692,3.8955582812492437,12,226.0,0.20028356569459832,23,799.0,0.16493880881202533,35,1025.0
2275.0,31,880.0,13.538461538461538,4.887040508519499,10,194.0,0.34225667469136817,21,885.0,0.23466951967969496,31,1079.0
2280.0,33,1002.0,15.181818181818182,4.86680594914886,12,228.0,0.28644637610439494,21,960.0,0.20202344946174092,33,1188.0
2285.0,33,940.0,14.029850746268657,4.863291087943833,16,298.0,0.2088338877985839,17,897.0,0.19529701668729615,33,1195.0
2290.0,32,901.0,13.861538461538462,5.2063728545284755,18,386.0,0.24350444295899043,14,786.0,0.2785495343360758,32,1172.0
2295.0,30,978.0,15.28125,4.979813642168212,15,398.0,0.2740094175324136,15,776.0,0.2866232511395691,30,1174.0
2300.0,26,916.0,14.53968253968254,4.702741645481138,11,413.0,0.28126281586011526,15,827.0,0.25385024895878894,26,1240.0
2305.0,31,941.0,14.476923076923077,4.4359282523409735,15,401.0,0.17042462481683834,16,879.0,0.2797895102794229,31,1280.0
2310.0,28,948.0,14.149253731343284,4.979109163722637,11,352.0,0.2555322146940219,17,941.0,0.26484674914603684,28,1293.0
2315.0,29,1060.0,15.82089552238806,5.0267831208269165,10,349.0,0.3420081827666788,19,1014.0,0.20142166764695746,29,1363.0
2320.0,30,1091.0,15.81159420289855,4.600821742318022,12,309.0,0.3653826414465316,18,1049.0,0.1581237288662788,30,1358.0
2325.0,32,1194.0,17.057142857142857,4.5785609054719085,15,327.0,0.33562850080322576,17,1069.0,0.20879514688820275,32,1396.0
2330.0,31,1288.0,17.88888888888889,4.841591268018291,13,340.0,0.326885564931829,18,1149.0,0.21024919112318494,31,1489.0
2335.0,35,1429.0,19.575342465753426,4.769148285130721,15,366.0,0.2675157146196688,20,1242.0,0.26091246189799777,35,1608.0
2340.0,36,1487.0,19.56578947368421,3.950496182017573,19,362.0,0.14745351724797623,17,1286.0,0.21724480393476958,36,1648.0
2345.0,36,1476.0,20.788732394366196,4.201225371800883,21,379.0,0.12370023912608222,15,1284.0,0.2965708200758582,36,1663.0
2350.0,39,1299.0,18.295774647887324,4.2976762555041015,23,402.0,0.1578653009828543,16,1178.0,0.29274167922389793,39,1580.0
2355.0,36,787.0,10.493333333333334,4.221994938049987,20,487.0,0.1990193558977485,16,954.0,0.2522093135888575,36,1441.0
2360.0,32,608.0,8.444444444444445,4.3843222841412155,20,554.0,0.2659250942173782,12,988.0,0.2739470347947867,32,1542.0
2365.0,31,723.0,9.513157894736842,4.353115772854103,18,610.0,0.24402231977141375,13,1015.0,0.2544389744164358,31,1625.0
2370.0,39,881.0,10.614457831325302,4.173390239365546,24,717.0,0.1973351722593214,15,932.0,0.2654470798132398,39,1649.0
2375.0,44,1050.0,12.068965517241379,4.6853282979074775,26,834.0,0.2593219598440837,18,737.0,0.2857923643305279,44,1571.0
2380.0,39,1194.0,13.883720930232558,4.270549906558401,23,936.0,0.26047034520647794,16,796.0,0.2760086751169931,39,1732.0
2385.0,40,1162.0,14.345679012345679,3.52167372753689,25,934.0,0.14048633159809956,15,831.0,0.29565496310624473,40,1765.0
2390.0,49,1224.0,15.11111111111111,2.655384009058557,28,947.0,0.05340688184522766,21,785.0,0.18215859148602984,49,1732.0
2395.0,51,1211.0,14.950617283950617,2.8182135477677313,28,960.0,0.09931695484381343,23,646.0,0.14880571685217783,51,1606.0
2400.0,43,730.0,8.902439024390244,2.9290633798812227,22,827.0,0.13831598751219545,21,654.0,0.10506383837781985,43,1481.0
2405.0,37,643.0,8.0375,4.048301538160551,16,685.0,0.21655743080561216,21,628.0,0.10547170727705885,37,1313.0
2410.0,37,505.0,6.3125,4.232507738532438,15,645.0,0.2208461382421599,22,600.0,0.16830470078981488,37,1245.0
2415.0,38,565.0,7.0625,4.437079164650342,18,644.0,0.1657227857090928,20,592.0,0.2483117099565899,38,1236.0
2420.0,42,722.0,9.626666666666667,3.79385388982438,21,617.0,0.17752947138805775,21,637.0,0.24964695989945818,42,1254.0
2425.0,36,835.0,11.283783783783784,3.7118489017441663,14,552.0,0.23384625815406695,22,690.0,0.17189321038401276,36,1242.0
2430.0,39,999.0,12.974025974025974,4.270698071425475,13,548.0,0.2941737160104255,26,805.0,0.14831506402657024,39,1353.0
2435.0,35,933.0,12.608108108108109,4.023695623198304,12,499.0,0.34073551730026225,23,828.0,0.09933806293070672,35,1327.0
2440.0,36,716.0,9.421052631578947,3.9970785802263755,18,463.0,0.21772103088432157,18,752.0,0.16950830349374735,36,1215.0
2445.0,32,605.0,8.175675675675675,4.049763978254322,19,469.0,0.17854255804713443,13,629.0,0.27285079178098604,32,1098.0
2450.0,32,343.0,4.635135135135135,4.339136971217817,17,442.0,0.23609750613539507,15,538.0,0.23478751241104603,32,980.0
2455.0,34,400.0,5.405405405405405,3.549880894124719,17,476.0,0.23769039580729218,17,592.0,0.18849308788705998,34,1068.0
2460.0,38,451.0,5.857142857142857,4.087657322753795,14,465.0,0.2338639596501414,24,684.0,0.21931960897998126,38,1149.0
2465.0,34,495.0,6.1875,4.25271721630224,12,450.0,0.2524216665864564,22,716.0,0.21063770371759044,34,1166.0
2470.0,36,539.0,6.822784810126582,4.202605890884352,17,503.0,0.191686066693671,19,679.0,0.2020299137327391,36,1182.0
2475.0,34,591.0,7.481012658227848,3.9452353132269913,21,528.0,0.16818606250086743,13,679.0,0.22913873946058258,34,1207.0
2480.0,44,716.0,8.95,3.650761726004377,25,495.0,0.18554967296824962,19,638.0,0.17873815103288557,44,1133.0
2485.0,46,554.0,7.194805194805195,3.1658200699836714,23,533.0,0.20219856687110668,23,593.0,0.18665357959833292,46,1126.0
2490.0,39,529.0,6.69620253164557,3.619638358446676,19,543.0,0.18332198082753354,20,488.0,0.23761494100780953,39,1031.0
2495.0,43,661.0,8.160493827160494,3.255282445739849,24,646.0,0.14187170202614172,19,513.0,0.23250505366627144,43,1159.0
2500.0,48,736.0,8.658823529411764,3.3174727963637016,29,785.0,0.09936608757316544,19,465.0,0.19377867844012986,48,1250.0
2505.0,40,669.0,7.870588235294117,3.2766690214629715,26,815.0,0.12689821286551958,14,497.0,0.17956337320872515,40,1312.0
2510.0,38,474.0,5.710843373493976,3.7934462307143675,19,720.0,0.20179557612367752,19,543.0,0.12573005327798065,38,1263.0
2515.0,34,388.0,4.511627906976744,3.858698610196208,11,712.0,0.25610708212325806,23,585.0,0.07901297155500826,34,1297.0
2520.0,35,476.0,5.8765432098765435,4.130528859313311,16,754.0,0.22011244755217563,19,555.0,0.16251130706052874,35,1309.0
2525.0,36,389.0,4.987179487179487,3.502070303734271,23,759.0,0.15876195958982256,13,523.0,0.1925777377879984,36,1282.0
2530.0,38,363.0,4.481481481481482,4.0078714254678705,25,739.0,0.2061297121103204,13,450.0,0.20764390725079943,38,1189.0
2535.0,45,504.0,6.3,3.9298517923241376,28,850.0,0.19859604432030561,17,471.0,0.23885911646043026,45,1321.0
2540.0,42,618.0,7.536585365853658,3.7045030435083848,28,960.0,0.16113172605781045,14,440.0,0.2019315046978705,42,1400.0
2545.0,37,643.0,7.841463414634147,3.650978401249546,31,1098.0,0.08152272505182553,6,331.0,0.3122267631764116,37,1429.0
2550.0,49,861.0,10.129411764705882,3.3622239869022343,34,1267.0,0.10276023293554763,15,351.0,0.22054218782636095,49,1618.0
2555.0,49,978.0,11.505882352941176,3.2643565277919606,31,1375.0,0.1518785432188981,18,374.0,0.180597655295043,49,1749.0
2560.0,53,1162.0,13.833333333333334,3.498452742448437,30,1473.0,0.19141325103503476,23,407.0,0.22600842697870274,53,1880.0
2565.0,57,1399.0,16.267441860465116,3.0323589619847717,30,1600.0,0.17681342507074624,27,498.0,0.19205395539762826,57,2098.0
2570.0,60,1576.0,17.90909090909091,2.603269568944252,33,1720.0,0.1834110842793623,27,543.0,0.10175545632809684,60,2263.0
2575.0,51,1422.0,15.8,3.190997928164589,31,1666.0,0.1265746586506643,20,512.0,0.2144779179726315,51,2178.0
2580.0,40,824.0,9.363636363636363,3.2642028360609845,26,1415.0,0.09853916991450039,14,506.0,0.21120002282451275,40,1921.0
2585.0,34,452.0,4.913043478260869,3.9354627788674246,23,1180.0,0.17695746082425293,11,506.0,0.17279475533048327,34,1686.0
2590.0,32,363.0,3.9456521739130435,4.355749290657824,14,892.0,0.2625940875695224,18,566.0,0.10655949135211237,32,1458.0
2595.0,39,538.0,5.912087912087912,4.40677816057556,15,721.0,0.3341441531528808,24,675.0,0.08375321329495532,39,1396.0
2600.0,47,750.0,8.522727272727273,4.053352658686594,16,586.0,0.32397050931679905,31,816.0,0.07640306793511067,47,1402.0
2605.0,51,996.0,11.717647058823529,4.079779024059865,18,497.0,0.2764745126588985,33,980.0,0.10555470457482027,51,1477.0
2610.0,48,974.0,11.195402298850574,2.804296059666359,17,502.0,0.13572207212292217,31,1023.0,0.07147820544857285,48,1525.0
2615.0,46,845.0,9.49438202247191,3.549633559850127,21,481.0,0.1373878725532038,25,952.0,0.12874948887270207,46,1433.0
2620.0,31,618.0,7.357142857142857,4.166897780985886,20,528.0,0.20648671353583625,11,886.0,0.21924512585222486,31,1414.0
2625.0,30,578.0,6.8,5.002873228689037,18,570.0,0.24832016403193855,12,850.0,0.2469691547305318,30,1420.0
2630.0,33,449.0,5.54320987654321,4.29194960344356,17,546.0,0.2211634866798084,16,860.0,0.17624644039753168,33,1406.0
2635.0,37,452.0,5.445783132530121,4.3966398144351135,16,473.0,0.22034880598501158,21,911.0,0.1792081912966162,37,1384.0
2640.0,44,460.0,5.609756097560975,3.384961197882735,17,480.0,0.16654177798863287,27,901.0,0.1741546124375312,44,1381.0
2645.0,39,371.0,4.580246913580247,4.044394893076439,21,447.0,0.14912243133815686,18,827.0,0.26462543659788,39,1274.0
2650.0,30,329.0,4.1125,4.041069499940673,19,493.0,0.16476280610606017,11,764.0,0.2810842312541577,30,1257.0
2655.0,29,316.0,4.0,3.7520613057909125,15,480.0,0.21395627797995417,14,795.0,0.1701128807911484,29,1275.0
2660.0,34,353.0,4.3580246913580245,3.683796499681181,15,463.0,0.227088509380621,19,835.0,0.14609036053011018,34,1298.0
2665.0,41,472.0,5.619047619047619,4.559057636063344,17,465.0,0.29269464201087775,24,921.0,0.18577565214949912,41,1386.0
2670.0,44,573.0,6.741176470588235,3.793981345857396,18,502.0,0.2783794700767611,26,903.0,0.15341464275331207,44,1405.0
2675.0,41,559.0,6.654761904761905,3.867789606478201,20,532.0,0.245318612118644,21,742.0,0.17637939106523903,41,1274.0
2680.0,37,643.0,7.564705882352941,4.614019579452402,22,598.0,0.2409758535274172,15,601.0,0.2547556080691783,37,1199.0
2685.0,36,666.0,7.655172413793103,3.967561145020439,25,632.0,0.09703942364346178,11,584.0,0.3080719114546065,36,1216.0
2690.0,39,695.0,8.273809523809524,3.9571241276706313,21,614.0,0.11453255807150255,18,655.0,0.26081093946731604,39,1269.0
2695.0,35,812.0,10.024691358024691,4.0870085438764345,16,610.0,0.2278174557930022,19,652.0,0.16827975170584192,35,1262.0
2700.0,37,917.0,10.916666666666666,4.110060224353189,18,665.0,0.14427004328148788,19,576.0,0.1562852714299346,37,1241.0
2705.0,33,597.0,7.192771084337349,4.537342867878768,19,572.0,0.21053827658308044,14,517.0,0.22203733010142407,33,1089.0
2710.0,36,595.0,7.0,5.034736749752847,19,535.0,0.293990535965055,17,439.0,0.22302072181964355,36,974.0
2715.0,38,455.0,5.416666666666667,4.36320707177695,18,507.0,0.2583166886071939,20,447.0,0.23014682337889797,38,954.0
2720.0,39,418.0,4.976190476190476,4.548815430454168,13,394.0,0.2530014187067808,26,478.0,0.2304381805297101,39,872.0
2725.0,46,484.0,5.9753086419753085,3.618139792922256,16,395.0,0.20428491005574717,30,594.0,0.16769475975543904,46,989.0
2730.0,47,610.0,7.439024390243903,3.2266869600382777,13,339.0,0.2312853273865047,34,725.0,0.07852320526330742,47,1064.0
2735.0,47,681.0,8.5125,2.788987192528836,13,321.0,0.2185875311638841,34,796.0,0.08145019109970823,47,1117.0
2740.0,42,617.0,7.810126582278481,3.7353185603691057,16,359.0,0.2204114980120749,26,756.0,0.14564054616785507,42,1115.0
2745.0,36,444.0,5.6923076923076925,3.266992532590187,17,355.0,0.16587105505777716,19,777.0,0.16945381787582978,36,1132.0
2750.0,37,416.0,5.2,3.417506487500556,22,435.0,0.16088246210501472,15,759.0,0.17806257641675496,37,1194.0
2755.0,41,526.0,6.337349397590361,3.2683936342181656,19,496.0,0.23433851832812738,22,831.0,0.15082822774525723,41,1327.0
2760.0,40,601.0,6.908045977011494,3.457481632790221,12,486.0,0.2957756806450342,28,957.0,0.12886652511507168,40,1443.0
2765.0,46,719.0,8.07865168539326,3.7505927444756075,12,504.0,0.330086972848312,34,1006.0,0.1357925014231496,46,1510.0
2770.0,45,751.0,7.98936170212766,4.030983872920233,14,542.0,0.27013838271781065,31,970.0,0.17188062369156015,45,1512.0
2775.0,40,783.0,8.419354838709678,3.5350462903941255,20,629.0,0.18994872054126763,20,947.0,0.22492827684016775,40,1576.0
2780.0,46,861.0,9.063157894736841,3.707549262738419,27,751.0,0.23254618214868542,19,954.0,0.19446356776594273,46,1705.0
2785.0,45,843.0,8.96808510638298,3.3234090539892485,24,696.0,0.2706235785619359,21,952.0,0.1601893595053251,45,1648.0
2790.0,38,681.0,7.168421052631579,3.3567882070845143,20,575.0,0.17183197914042347,18,869.0,0.19087671286746566,38,1444.0
2795.0,45,873.0,9.09375,3.3054601160507926,27,495.0,0.13840014651193275,18,794.0,0.18762069966769043,45,1289.0
2800.0,48,1092.0,11.030303030303031,3.684457472154707,29,624.0,0.14455393238267308,19,722.0,0.20423521291372052,48,1346.0
2805.0,44,1128.0,11.058823529411764,3.78231305162318,25,653.0,0.18393942424460683,19,770.0,0.21843875156858547,44,1423.0
2810.0,41,996.0,9.764705882352942,4.467101595296319,18,577.0,0.26077098770290746,23,839.0,0.21996919029876927,41,1416.0
2815.0,45,1036.0,10.058252427184467,4.470089841889619,15,469.0,0.3571654321978114,30,902.0,0.15618106210452798,45,1371.0
2820.0,50,1153.0,11.086538461538462,3.7226807699905398,15,471.0,0.28773541356507804,35,1044.0,0.08561608222238089,50,1515.0
2825.0,58,1250.0,12.755102040816327,2.9948411275044635,18,462.0,0.22798821677448347,40,1169.0,0.10395835203118325,58,1631.0
2830.0,58,1347.0,13.606060606060606,2.8383598761646494,25,495.0,0.13436476880908316,33,1228.0,0.1271741144748141,58,1723.0
2835.0,53,1420.0,14.05940594059406,3.1275222614640175,22,507.0,0.11743960297270639,31,1373.0,0.1245443630326617,53,1880.0
2840.0,44,1359.0,13.323529411764707,3.349667293914885,18,506.0,0.1824013274823738,26,1498.0,0.10615968842555581,44,2004.0
2845.0,46,1335.0,13.217821782178218,3.655668585565492,17,443.0,0.22490357034337946,29,1570.0,0.16168363591537946,46,2013.0
2850.0,44,1407.0,14.96808510638298,3.159334524022492,17,474.0,0.1817511532770255,27,1583.0,0.16230179108883533,44,2057.0
2855.0,52,1609.0,17.117021276595743,3.122515306424716,25,558.0,0.051235180236977804,27,1629.0,0.19192305636565019,52,2187.0
2860.0,48,1754.0,18.270833333333332,2.833769299253847,24,606.0,0.048238436343583414,24,1681.0,0.1612912808100602,48,2287.0
2865.0,49,1951.0,20.75531914893617,3.4810825110027115,19,613.0,0.1423161339397611,30,1824.0,0.18544851758100347,49,2437.0
2870.0,49,1546.0,16.273684210526316,2.939877432473855,18,614.0,0.16268183522708454,31,1699.0,0.13850502058734304,49,2313.0
2875.0,43,669.0,6.896907216494846,3.45973178439946,12,547.0,0.2779030526829157,31,1370.0,0.10616508395285915,43,1917.0
2880.0,45,683.0,7.26595744680851,3.9234138752934284,12,475.0,0.44147357571660656,33,1470.0,0.10676459087482197,45,1945.0
2885.0,51,810.0,8.709677419354838,3.9471771600076373,12,469.0,0.4177869526968831,39,1580.0,0.09422495080118222,51,2049.0
2890.0,55,1039.0,11.293478260869565,3.2612417061705514,15,521.0,0.30215386733155086,40,1563.0,0.06336673594103182,55,2084.0
2895.0,55,1253.0,13.76923076923077,3.424963495478529,18,600.0,0.19605416174419257,37,1378.0,0.08602917028365586,55,1978.0
2900.0,58,1529.0,16.802197802197803,3.8628627620749403,22,701.0,0.2580130658738713,36,1322.0,0.11907739523361516,58,2023.0
2905.0,58,1799.0,19.76923076923077,3.2582199785376527,20,793.0,0.2620150791901742,38,1488.0,0.01458170577558382,58,2281.0
2910.0,57,2037.0,23.413793103448278,3.476639091395743,19,873.0,0.3324025043637417,38,1650.0,0.010066736405177435,57,2523.0
2915.0,60,2326.0,27.36470588235294,3.2790580035884513,22,972.0,0.2713411309803614,38,1825.0,0.009438961842137189,60,2797.0
2920.0,58,2369.0,27.546511627906977,2.7202720087223256,21,942.0,0.1754477250225106,37,1956.0,0.01987264009080976,58,2898.0
2925.0,56,2230.0,26.867469879518072,2.4712374541866797,22,847.0,0.1490314368654483,34,2024.0,0.10121581811409862,56,2871.0
2930.0,53,2160.0,27.0,1.9856866937033815,20,939.0,0.163712998582097,33,2011.0,0.1014996241215313,53,2950.0
2935.0,53,1763.0,21.240963855421686,2.408907971044126,25,1047.0,0.10123850531718746,28,1810.0,0.12199503829175516,53,2857.0
2940.0,49,1489.0,17.726190476190474,2.755584011661701,29,1183.0,0.022342082133689566,20,1805.0,0.197460701764326,49,2988.0
2945.0,47,1181.0,14.05952380952381,3.0157895943090023,27,1288.0,0.05824473972415209,20,1848.0,0.18631492705090505,47,3136.0
2950.0,44,1167.0,14.5875,2.830491265017308,22,1318.0,0.14211816146121023,22,1920.0,0.15403453658642408,44,3238.0
2955.0,43,928.0,11.317073170731707,2.897298320657955,19,1230.0,0.19193282046374616,24,2049.0,0.13967630470800427,43,3279.0
2960.0,42,659.0,7.845238095238095,3.197402895042168,15,1030.0,0.21284874757681085,27,1975.0,0.13696056538147405,42,3005.0
2965.0,42,536.0,6.090909090909091,3.829331863057354,17,1110.0,0.2231794821671605,25,1701.0,0.1722650184698762,42,2811.0
2970.0,39,598.0,6.719101123595506,4.06554169422354,21,1200.0,0.19014473485233832,18,1452.0,0.20047796316204933,39,2652.0
2975.0,43,728.0,8.179775280898877,4.600531532956951,25,1315.0,0.15683893582912925,18,1052.0,0.27790151681872205,43,2367.0
2980.0,40,851.0,9.895348837209303,4.657376900748798,29,1454.0,0.11047810528232851,11,744.0,0.3429606151283806,40,2198.0
2985.0,46,1063.0,12.36046511627907,4.535603631662557,33,1610.0,0.11013446804471165,13,515.0,0.4011657792413854,46,2125.0
2990.0,48,1298.0,16.225,4.071740769358886,34,1775.0,0.11727815007192456,14,475.0,0.3897992754846007,48,2250.0
2995.0,51,1546.0,20.07792207792208,3.19740012891994,35,1949.0,0.09172092037980765,16,459.0,0.2952463382652008,51,2408.0
3000.0,52,1642.0,21.05128205128205,2.589059941301208,33,2016.0,0.06329129089541558,19,493.0,0.16226768499590333,52,2509.0
3005.0,43,1519.0,18.524390243902438,4.070512685196008,25,1992.0,0.1531366126290734,18,545.0,0.1987720752937982,43,2537.0
3010.0,38,1504.0,18.341463414634145,4.3046286701645915,22,1944.0,0.14624567739004127,16,577.0,0.22997930446766765,38,2521.0
3015.0,42,1486.0,19.05128205128205,4.040741652296392,26,1918.0,0.1276207451238522,16,655.0,0.2843412557689222,42,2573.0
3020.0,48,1581.0,20.532467532467532,3.0328513493511435,27,2043.0,0.11307968401809891,21,742.0,0.2094464932098859,48,2785.0
3025.0,53,1814.0,23.86842105263158,2.5729169284716833,33,2189.0,0.037046129133267304,20,819.0,0.2561619875568213,53,3008.0
3030.0,51,1981.0,25.727272727272727,2.6241595085060676,31,2251.0,0.12459754096873257,20,883.0,0.20174148885942775,51,3134.0
3035.0,40,1829.0,23.753246753246753,3.2307514855084136,21,2173.0,0.20013003954046082,19,825.0,0.1780608439600602,40,2998.0
3040.0,45,1833.0,22.9125,3.3955262128992643,21,2148.0,0.21385622216520317,24,791.0,0.11866571506820307,45,2939.0
3045.0,46,1966.0,24.271604938271604,3.7656994998228823,22,2002.0,0.19455979074188354,24,814.0,0.1916857437711778,46,2816.0
3050.0,51,2195.0,26.44578313253012,3.534460172915931,27,1912.0,0.17461981633082901,24,934.0,0.2216376929506442,51,2846.0
3055.0,49,1967.0,23.98780487804878,2.663040111595548,27,1755.0,0.14800131537937808,22,999.0,0.20067997621860628,49,2754.0
3060.0,49,1509.0,18.180722891566266,3.6626214368787386,28,1408.0,0.1901157953399896,21,1017.0,0.23134471625865943,49,2425.0
3065.0,48,1481.0,17.63095238095238,3.2837147623275884,25,1503.0,0.1578184350459796,23,1127.0,0.17428172089706417,48,2630.0
3070.0,59,1750.0,20.114942528735632,2.7969347464227923,31,1646.0,0.09011116462083171,28,1259.0,0.17416531359185655,59,2905.0
3075.0,59,1788.0,20.089887640449437,2.1879161743498874,31,1669.0,0.05098096942950916,28,1319.0,0.16768984863910366,59,2988.0
3080.0,51,1644.0,19.11627906976744,3.088456044223496,25,1587.0,0.17569644729623843,26,1333.0,0.1603853307590847,51,2920.0
3085.0,45,1666.0,19.372093023255815,3.4583579421924138,19,1607.0,0.2565201854034647,26,1427.0,0.10270549947457687,45,3034.0
3090.0,46,1801.0,20.235955056179776,3.685850937004158,24,1716.0,0.13901865147772843,22,1469.0,0.15400782672996086,46,3185.0
3095.0,48,1956.0,22.482758620689655,2.8513684755232958,27,1749.0,0.04326626502519466,21,1561.0,0.15516569851351913,48,3310.0
3100.0,58,2046.0,24.357142857142858,3.042326267534272,30,1809.0,0.11235960922716341,28,1675.0,0.1667978912642591,58,3484.0
3105.0,53,2160.0,26.666666666666668,2.4675498555595805,27,1655.0,0.12202305901652458,26,1772.0,0.16502389682574709,53,3427.0
3110.0,53,2234.0,27.925,2.490769368843708,26,1422.0,0.09313308261039553,27,1865.0,0.17966511611409633,53,3287.0
3115.0,55,2382.0,29.40740740740741,2.99875996014059,27,1228.0,0.11857102769216452,28,2000.0,0.1878944154565704,55,3228.0
3120.0,57,2574.0,31.012048192771083,2.908807299362211,29,1351.0,0.09649710006431965,28,2066.0,0.20351142221490695,57,3417.0
3125.0,63,2808.0,33.42857142857143,1.9907131554529591,34,1511.0,0.07665862900324265,29,2132.0,0.1651473758126699,63,3643.0
3130.0,67,3086.0,35.883720930232556,1.796257664776047,33,1574.0,0.11248111712530239,34,2261.0,0.1135458875551561,67,3835.0
3135.0,67,3369.0,37.853932584269664,2.0265305690101414,30,1585.0,0.06241235170456451,37,2439.0,0.16452795236402057,67,4024.0
3140.0,63,3436.0,37.75824175824176,1.8862063002054015,29,1556.0,0.07931013618042955,34,2592.0,0.14249634220027863,63,4148.0
3145.0,60,3206.0,34.1063829787234,2.9765468846675103,23,1355.0,0.14518139011410938,37,2723.0,0.1292142084498406,60,4078.0
3150.0,53,3150.0,33.51063829787234,3.7559328085628025,15,1147.0,0.27574981567731943,38,2875.0,0.08029442848376486,53,4022.0
3155.0,52,3298.0,33.6530612244898,3.9936385096289237,13,1060.0,0.2958052121883882,39,3007.0,0.09553081238002119,52,4067.0
3160.0,58,3505.0,37.68817204301075,2.984489980589456,19,1040.0,0.2274754488959089,39,3186.0,0.11026462832906832,58,4226.0
3165.0,64,3776.0,42.42696629213483,2.3554095778243656,22,1020.0,0.21727789351899277,42,3367.0,0.11848010916527565,64,4387.0
3170.0,56,3148.0,34.21739130434783,2.7942576455653465,16,898.0,0.28405130443207055,40,3107.0,0.10613916534401945,56,4005.0
3175.0,47,1832.0,19.28421052631579,3.265041515037295,17,954.0,0.3178447176104951,30,2514.0,0.09241200447782347,47,3468.0
3180.0,47,1341.0,13.683673469387756,4.0459632577655,21,1037.0,0.32610072766304193,26,1997.0,0.1715912103814322,47,3034.0
3185.0,47,1199.0,12.11111111111111,4.1174547593800375,28,1167.0,0.17542035790510338,19,1583.0,0.27316676389568456,47,2750.0
3190.0,53,1339.0,13.525252525252526,4.236372275108231,37,1332.0,0.12075093803956813,16,1174.0,0.3808964845555573,53,2506.0
3195.0,57,1617.0,16.333333333333332,4.040600985007797,40,1528.0,0.13971814790067508,17,867.0,0.3507386315177373,57,2395.0
3200.0,66,1925.0,20.052083333333332,2.6594404050360136,45,1742.0,0.06108660792007625,21,776.0,0.24884764082218286,66,2518.0
3205.0,76,2281.0,23.515463917525775,2.010391480295909,50,1979.0,0.08422966062259644,26,750.0,0.09201789918444853,76,2729.0
3210.0,74,2439.0,24.14851485148515,1.444999681170172,48,2078.0,0.0477687987059428,26,838.0,0.11262984512440914,74,2916.0
3215.0,66,2389.0,23.194174757281555,2.497265627878441,45,2043.0,0.08875191099281445,21,888.0,0.1895990054560024,66,2931.0
3220.0,62,2458.0,22.75925925925926,2.8890004859020655,39,2243.0,0.1309468630079573,23,998.0,0.14436166259264996,62,3241.0
3225.0,64,2625.0,23.863636363636363,2.5141627150963006,36,2430.0,0.13650383011522382,28,1130.0,0.07267896920769028,64,3560.0
3230.0,66,2453.0,22.0990990990991,2.0594312838534563,36,2371.0,0.13138806922834856,30,1279.0,0.08894219968384015,66,3650.0
3235.0,65,1867.0,16.81981981981982,2.0440612045880164,35,2084.0,0.1349262888795528,30,1342.0,0.13029933732696106,65,3426.0
3240.0,66,1484.0,13.132743362831858,2.159964751271256,40,2137.0,0.0945339100753745,26,1320.0,0.1893415608359741,66,3457.0
3245.0,70,1653.0,14.008474576271187,2.086536216837204,42,2142.0,0.105256541375947,28,1347.0,0.18184282113727157,70,3489.0
3250.0,80,1664.0,13.866666666666667,2.095078357670674,51,2350.0,0.08571968647760271,29,1286.0,0.22644563089552733,80,3636.0
3255.0,79,1276.0,10.373983739837398,2.2894165389764876,57,2482.0,0.04327890318937089,22,1048.0,0.2510007640879696,79,3530.0
3260.0,69,1093.0,8.886178861788618,2.5369408795710298,51,2485.0,0.06888296282686547,18,1089.0,0.1715983766414836,69,3574.0
3265.0,64,1108.0,8.793650793650794,3.005108427000225,46,2482.0,0.0907402940890167,18,1143.0,0.1501269396019991,64,3625.0
3270.0,57,1045.0,8.293650793650794,2.9129439273133335,35,2367.0,0.12866652074920706,22,1080.0,0.09984495072866113,57,3447.0
3275.0,52,873.0,7.275,3.1576445012826073,29,2253.0,0.14572542288761098,23,923.0,0.13497987585249763,52,3176.0
3280.0,44,598.0,5.245614035087719,3.23444422694974,25,2105.0,0.16799364472124753,18,692.0,0.1958661846183373,43,2797.0
3285.0,29,348.0,3.079646017699115,3.673337423730555,18,1948.0,0.1690805997548868,11,663.0,0.22203174850403917,29,2611.0
3290.0,35,471.0,4.321100917431193,3.8741720725446545,20,1836.0,0.1958755035391843,15,592.0,0.1866683457582659,35,2428.0
3295.0,43,660.0,6.226415094339623,3.58031988874118,22,1745.0,0.1908370812356255,21,573.0,0.09186404999781705,43,2318.0
3300.0,61,918.0,8.660377358490566,3.424996126715095,31,1660.0,0.17668723498172928,30,659.0,0.06611801839226271,61,2319.0
3305.0,61,1198.0,12.1010101010101,3.2682446129528455,32,1603.0,0.18460087370864,29,804.0,0.08566287819756681,61,2407.0
3310.0,54,1326.0,13.8125,3.6776316053048146,27,1512.0,0.25443699409126735,27,835.0,0.11757852477684774,54,2347.0
3315.0,45,1238.0,13.456521739130435,3.68097124755913,28,1413.0,0.18758651344646618,17,775.0,0.23940118879753,45,2188.0
3320.0,42,886.0,9.326315789473684,2.8733364634523624,29,1460.0,0.07486581595120097,13,701.0,0.23952044218409257,42,2161.0
3325.0,46,794.0,7.94,3.8103640997797283,31,1492.0,0.11596442441194682,15,621.0,0.3107961735731642,46,2113.0
3330.0,53,919.0,9.282828282828282,3.7323697022967193,32,1556.0,0.12712048305202908,21,700.0,0.34634412046594376,53,2256.0
3335.0,56,1031.0,10.520408163265307,3.3853088911769924,30,1541.0,0.15199528409036506,26,807.0,0.22618854338978228,56,2348.0
3340.0,56,1105.0,11.631578947368421,2.7923588071616665,28,1547.0,0.18437682296512953,28,850.0,0.10940497814814554,56,2397.0
3345.0,54,1127.0,11.618556701030927,2.7252783688344366,31,1484.0,0.11883773094412786,23,802.0,0.1253498480063552,54,2286.0
3350.0,45,1032.0,10.75,2.58604617175326,29,1556.0,0.09679621370857491,16,808.0,0.1811217969884144,45,2364.0
3355.0,41,884.0,9.11340206185567,3.0651990564435896,25,1581.0,0.1447382281620407,16,718.0,0.17612173982651042,41,2299.0
3360.0,46,1023.0,10.76842105263158,3.0552471072342824,25,1567.0,0.20002341329568288,21,715.0,0.134677034892,46,2282.0
3365.0,45,1151.0,12.376344086021506,3.297721173545467,26,1533.0,0.19007135515100265,19,658.0,0.19042135720597742,45,2191.0
3370.0,39,775.0,8.61111111111111,3.4284712760216336,27,1452.0,0.13395203832411057,12,588.0,0.24888822267834232,39,2040.0
3375.0,43,695.0,7.722222222222222,3.687951719196895,29,1237.0,0.15819980432150205,14,573.0,0.2682579344266151,43,1810.0
3380.0,58,849.0,8.84375,3.0506836348287947,36,1305.0,0.1320058809716203,22,657.0,0.23458775674893967,58,1962.0
3385.0,57,860.0,8.958333333333334,3.0576257752297757,35,1316.0,0.15238233451928235,22,710.0,0.2439187925490498,57,2026.0
3390.0,48,806.0,8.224489795918368,3.166287151708993,32,1377.0,0.14452022353437124,16,687.0,0.23666276421697524,48,2064.0
3395.0,44,605.0,6.368421052631579,2.9969650365732816,30,1353.0,0.15470268860037953,14,627.0,0.13716829492784594,44,1980.0
3400.0,43,718.0,7.252525252525253,3.8498145894304288,29,1331.0,0.18946048466915041,14,610.0,0.15462912958750188,43,1941.0
3405.0,45,787.0,8.11340206185567,3.9631574917738597,28,1320.0,0.22721948456447147,17,633.0,0.14666135175077907,45,1953.0
3410.0,47,782.0,8.061855670103093,4.084938542359304,31,1223.0,0.1334574699857898,16,627.0,0.2489492840221405,47,1850.0
3415.0,43,733.0,7.797872340425532,3.6057255699662814,31,1248.0,0.10940377094945297,12,687.0,0.25889639999272274,43,1935.0
3420.0,47,794.0,8.270833333333334,3.4407800294249093,26,1266.0,0.1728463994281707,21,776.0,0.18930866974425292,47,2042.0
3425.0,52,990.0,10.53191489361702,2.9682526816198793,28,1284.0,0.17896101798212583,24,847.0,0.16960457958210068,52,2131.0
3430.0,54,1143.0,12.423913043478262,2.8337471248360684,32,1302.0,0.08203801775949651,22,874.0,0.20152227010137982,54,2176.0
3435.0,47,1169.0,12.177083333333334,2.725993319105689,30,1378.0,0.05625520122148175,17,896.0,0.21556091193126808,47,2274.0
3440.0,44,1128.0,12.0,3.422035830544508,25,1366.0,0.15938339562161669,19,949.0,0.19669768088760106,44,2315.0
3445.0,51,1327.0,13.68041237113402,3.2263711733030846,28,1441.0,0.16676770850435438,23,1015.0,0.15681927962042358,51,2456.0
3450.0,53,1493.0,15.552083333333334,3.204307461501882,32,1542.0,0.07721303887614049,21,1055.0,0.23451338336876915,53,2597.0
3455.0,51,1688.0,18.150537634408604,3.4865820318352507,33,1626.0,0.043192719665054655,18,1083.0,0.2944214675935868,51,2709.0
3460.0,52,1859.0,20.206521739130434,3.022493994695657,29,1646.0,0.08841970340214846,23,1153.0,0.13169976176016795,52,2799.0
3465.0,54,1871.0,20.33695652173913,3.0121489184162233,28,1574.0,0.09394016008699171,26,1226.0,0.1135677760159115,54,2800.0
3470.0,59,1766.0,19.195652173913043,3.461527985328982,31,1448.0,0.14116752356081155,28,1345.0,0.17889979927391006,59,2793.0
3475.0,53,1812.0,19.073684210526316,3.540677279906067,23,1533.0,0.18913415031824826,30,1481.0,0.18855575724120463,53,3014.0
3480.0,53,1968.0,21.161290322580644,3.289548374726665,25,1590.0,0.2236092994551308,28,1573.0,0.1569936070340314,53,3163.0
3485.0,48,2003.0,21.77173913043478,3.5280755523891223,24,1622.0,0.19162082033149908,24,1590.0,0.16197751994793635,48,3212.0
3490.0,47,1757.0,18.49473684210526,3.9523062399008735,25,1611.0,0.14654010088131464,22,1457.0,0.22145817126232586,47,3068.0
3495.0,44,1097.0,11.923913043478262,4.0870435778956455,21,1545.0,0.20842659518761045,23,1185.0,0.21919632014109652,44,2730.0
3500.0,46,569.0,6.252747252747253,3.775803158181669,20,1320.0,0.2358599119183035,26,1041.0,0.19118046357896773,46,2361.0
3505.0,47,715.0,7.771739130434782,4.196141473635345,22,1208.0,0.28435625068737647,25,857.0,0.21608502523882664,47,2065.0
3510.0,57,975.0,10.263157894736842,3.7784653562532275,27,1277.0,0.2408661227290457,30,862.0,0.22466497652209316,57,2139.0
3515.0,58,1051.0,11.301075268817204,2.811994102515877,27,1365.0,0.15979293202686987,31,929.0,0.18126417972402042,58,2294.0
3520.0,57,1199.0,13.032608695652174,2.4790071477004827,23,1428.0,0.15895417874185733,34,999.0,0.08769578510874051,57,2427.0
3525.0,61,1266.0,13.1875,2.446195028126411,25,1377.0,0.1577547427156493,36,1103.0,0.06792099012155398,61,2480.0
3530.0,63,1316.0,13.16,2.9449512714537702,26,1180.0,0.16934621335286287,37,1217.0,0.13198989781240913,63,2397.0
3535.0,63,1386.0,13.86,2.812206335246031,27,1293.0,0.21031059091170337,36,1302.0,0.176057737849065,63,2595.0
3540.0,65,1570.0,15.544554455445544,2.5438796977289537,32,1440.0,0.16845618268051432,33,1332.0,0.15240988799185445,65,2772.0
3545.0,69,1489.0,14.317307692307692,1.7374351850731655,37,1468.0,0.0884757772795676,32,1338.0,0.1062242137696791,69,2806.0
3550.0,59,1046.0,9.961904761904762,2.6877694570546873,33,1397.0,0.10059836141719333,26,1210.0,0.15586142668885755,59,2607.0
3555.0,56,801.0,7.556603773584905,2.817062311996695,34,1503.0,0.10700687409393103,22,1252.0,0.14567014627312078,56,2755.0
3560.0,47,554.0,5.276190476190476,3.411569188398743,29,1535.0,0.14862788172461952,18,1260.0,0.15339848528786115,47,2795.0
3565.0,42,515.0,4.951923076923077,2.8887366529432175,22,1545.0,0.14925793175741617,20,1218.0,0.07193837194030114,42,2763.0
3570.0,43,608.0,6.141414141414141,3.220354094491372,22,1547.0,0.14663205376867314,21,1072.0,0.09934983204442036,43,2619.0
3575.0,46,719.0,7.731182795698925,2.88505991343826,28,1481.0,0.06362730453065772,18,912.0,0.16498837678441547,46,2393.0
3580.0,47,756.0,7.957894736842105,3.6052070411394928,31,1367.0,0.08283973635560928,16,819.0,0.25466982379488384,47,2186.0
3585.0,47,854.0,9.282608695652174,4.6120593789529085,32,1292.0,0.1563223578298745,15,711.0,0.3377626641410102,47,2003.0
3590.0,49,1038.0,11.662921348314606,4.3690871629029155,32,1248.0,0.1550386857010608,17,709.0,0.3417449440816109,49,1957.0
3595.0,49,1276.0,14.837209302325581,4.277704961708752,32,1220.0,0.14704623998314525,17,762.0,0.3134943770150868,49,1982.0
3600.0,49,1349.0,15.870588235294118,3.7088393031193365,35,1319.0,0.07711781680172836,14,745.0,0.34220099057381614,49,2064.0
3605.0,50,1489.0,17.313953488372093,3.3734665986453405,33,1425.0,0.11032253825897648,17,718.0,0.27585304820480977,50,2143.0
3610.0,54,1571.0,18.267441860465116,3.4242411386453435,34,1569.0,0.17193850929307072,20,659.0,0.22557820813359905,54,2228.0
3615.0,52,1419.0,15.9438202247191,3.3501060778192406,32,1649.0,0.1367879217375094,20,575.0,0.2332416362480478,52,2224.0
3620.0,54,1558.0,16.934782608695652,3.4111835747371724,32,1721.0,0.15848844285353075,22,535.0,0.23984785133127565,54,2256.0
3625.0,58,1561.0,17.153846153846153,2.5229313596302383,34,1715.0,0.06964295047305055,24,625.0,0.25107572573765863,58,2340.0
3630.0,53,1226.0,13.472527472527473,3.1830791284513666,30,1532.0,0.1453705162386375,23,687.0,0.21173932336104026,53,2219.0
3635.0,47,790.0,8.876404494382022,2.8400689653744253,22,1330.0,0.12472135756219213,25,722.0,0.14749190403150092,47,2052.0
3640.0,48,819.0,9.0,3.4635075059940865,20,1138.0,0.16320532664778978,28,760.0,0.11233265480927214,48,1898.0
3645.0,45,980.0,11.666666666666666,3.5741627064160792,16,799.0,0.2163558241722091,29,894.0,0.09700025108035552,45,1693.0
3650.0,44,1167.0,13.892857142857142,4.261469329160031,13,646.0,0.34903180207140405,31,1042.0,0.0841909187287034,44,1688.0
3655.0,38,1088.0,12.952380952380953,4.632064034502402,9,537.0,0.4137664143191973,29,1084.0,0.08377014890474588,38,1621.0
3660.0,31,782.0,9.775,4.891646328889573,13,533.0,0.3346593792285859,18,990.0,0.18393930070945944,31,1523.0
3665.0,29,588.0,7.443037974683544,4.369667149479386,16,496.0,0.1886311358499783,13,875.0,0.26849116058727024,29,1371.0
3670.0,38,761.0,9.5125,4.615885573711351,23,502.0,0.16435456018814634,15,722.0,0.31681601084342653,38,1224.0
3675.0,44,968.0,12.41025641025641,4.874499325330112,27,632.0,0.19913860440257866,17,717.0,0.3211456399272378,44,1349.0
3680.0,38,932.0,12.426666666666666,4.4209496560292445,26,680.0,0.16548098447923568,12,636.0,0.3271311422907072,38,1316.0
3685.0,30,819.0,11.535211267605634,4.84240560949849,19,635.0,0.2563316887997561,11,456.0,0.28449557304432815,30,1091.0
3690.0,27,782.0,11.671641791044776,4.844844176914099,11,579.0,0.3104222755920237,16,483.0,0.1847069467807322,27,1062.0
3695.0,29,885.0,13.014705882352942,4.428981127705003,12,616.0,0.2695070548811482,17,562.0,0.16582280107904898,29,1178.0
3700.0,37,800.0,11.764705882352942,3.139275364309864,22,704.0,0.09648734618069797,15,508.0,0.22096688767676206,37,1212.0
3705.0,34,604.0,8.753623188405797,3.2745998993561507,24,777.0,0.14061481957615804,10,300.0,0.29026421237876693,34,1077.0
3710.0,39,718.0,10.112676056338028,4.177380152339355,27,846.0,0.20815949776049544,12,323.0,0.28814589812295505,39,1169.0
3715.0,40,572.0,7.626666666666667,4.290740683760072,27,795.0,0.20650498174674056,13,338.0,0.298658350393631,40,1133.0
3720.0,38,632.0,8.777777777777779,4.365823689718275,22,693.0,0.23091143563650407,16,401.0,0.3264924081629363,38,1094.0
3725.0,43,694.0,9.63888888888889,3.024391360217029,26,708.0,0.13874335337794078,17,466.0,0.27499985633819674,43,1174.0
3730.0,38,619.0,8.597222222222221,3.3328397211542677,20,624.0,0.1988154929633093,18,531.0,0.1454019970607684,38,1155.0
3735.0,37,621.0,8.871428571428572,3.797963436144265,15,526.0,0.2683872403232398,22,631.0,0.10454357672558022,37,1157.0
3740.0,31,558.0,7.6438356164383565,3.728695280641215,12,514.0,0.21122851792091668,19,639.0,0.16196331220759116,31,1153.0
3745.0,32,462.0,6.416666666666667,3.6772139140187576,21,561.0,0.14345167765348996,11,560.0,0.2636970491436748,32,1121.0
3750.0,36,544.0,7.555555555555555,4.109833124402728,25,644.0,0.12375092223086255,11,508.0,0.38889025400738036,36,1152.0
3755.0,38,682.0,8.973684210526315,4.613477004453348,26,729.0,0.165921097407223,12,499.0,0.3679574015120636,38,1228.0
3760.0,35,749.0,10.121621621621621,4.506314524868846,24,755.0,0.16493204530325853,11,527.0,0.3594033805087367,35,1282.0
3765.0,33,755.0,10.342465753424657,4.8843969779492955,18,676.0,0.19614791455975483,15,577.0,0.346371006228262,33,1253.0
3770.0,26,409.0,5.602739726027397,4.2735799025306855,13,614.0,0.19862507843790764,13,415.0,0.27101589595313735,26,1029.0
3775.0,28,223.0,3.0135135135135136,4.805526452440007,16,536.0,0.22663449575214148,12,235.0,0.32327729366643027,28,771.0
3780.0,35,314.0,4.243243243243243,4.099834429466464,21,552.0,0.21881144691592613,14,268.0,0.28904417496459195,35,820.0
3785.0,30,411.0,5.554054054054054,4.806445368838989,16,489.0,0.24155466308056292,14,320.0,0.2653019204763761,30,809.0
3790.0,27,374.0,5.054054054054054,4.548927579920817,13,506.0,0.26051015687720436,14,329.0,0.15179180697225486,27,835.0
3795.0,32,424.0,5.578947368421052,4.6200960534855655,22,575.0,0.1702182118314123,10,281.0,0.254230067499171,32,856.0
3800.0,35,468.0,6.324324324324325,4.407409453229485,24,603.0,0.13319605441921661,11,294.0,0.33489442497894756,35,897.0
3805.0,32,427.0,5.8493150684931505,5.202993773464753,22,625.0,0.18546596451667502,10,306.0,0.37567966279369186,32,931.0
3810.0,34,509.0,6.972602739726027,4.845930250233258,21,637.0,0.165014851626724,13,323.0,0.3611148217574687,34,960.0
3815.0,31,449.0,6.323943661971831,4.203177474607473,17,582.0,0.2277977494649001,14,362.0,0.1851847727817978,31,944.0
3820.0,26,374.0,5.420289855072464,4.055149693814516,8,466.0,0.2665031314628971,18,418.0,0.16221529525311829,26,884.0
3825.0,28,283.0,4.101449275362318,4.705239420073382,12,410.0,0.2693265959997677,16,333.0,0.3087964674739062,28,743.0
3830.0,32,373.0,5.405797101449275,4.516541946830515,20,493.0,0.18979127371965304,12,254.0,0.4153108710773142,32,747.0
3835.0,38,423.0,5.957746478873239,3.826570937272032,25,592.0,0.19619438359423344,13,245.0,0.2841383655888934,38,837.0
3840.0,39,460.0,6.388888888888889,3.4630088137025226,30,733.0,0.1058426978390807,9,179.0,0.2731410789871053,39,912.0
3845.0,37,527.0,7.5285714285714285,3.350583561247502,29,785.0,0.08581044671460825,8,163.0,0.28821063207889475,37,948.0
3850.0,36,492.0,6.648648648648648,4.0782316538022485,22,745.0,0.14844887936304413,14,201.0,0.2538992511328175,36,946.0
3855.0,31,465.0,6.458333333333333,4.324540542765307,16,689.0,0.24550758967684913,15,249.0,0.20149949586024737,31,938.0
3860.0,27,462.0,6.507042253521127,5.244373738293466,10,627.0,0.30908564452383147,17,295.0,0.229769864951522,27,922.0
3865.0,32,603.0,8.492957746478874,4.8038813962199365,14,654.0,0.28459397681465187,18,384.0,0.26678999099782935,32,1038.0
3870.0,32,635.0,8.698630136986301,4.02611048572788,17,720.0,0.21828499471331453,15,379.0,0.2960893169284036,32,1099.0
3875.0,35,655.0,9.632352941176471,3.8240490483310974,24,814.0,0.13333240332959478,11,310.0,0.3563783286416806,35,1124.0
3880.0,36,723.0,10.183098591549296,3.5531421304365622,25,858.0,0.131822596577556,11,304.0,0.31172280797252905,36,1162.0
3885.0,30,710.0,9.726027397260275,3.854088560288055,16,816.0,0.21791499540268078,14,323.0,0.1711170669919364,30,1139.0
3890.0,28,572.0,7.944444444444445,3.799435994684513,11,863.0,0.26882744173537815,17,280.0,0.10844944687147497,28,1143.0
3895.0,34,672.0,9.08108108108108,4.2975390351463965,17,926.0,0.24533271170814955,17,270.0,0.2380642254843005,34,1196.0
3900.0,37,545.0,7.364864864864865,3.855103606458316,22,841.0,0.21701955092268257,15,279.0,0.26280050364947977,37,1120.0
3905.0,35,358.0,4.904109589041096,3.6962321360608557,26,733.0,0.13036727537364032,9,236.0,0.31890670774515745,35,969.0
3910.0,34,413.0,5.736111111111111,3.763791647740896,27,762.0,0.09902930348377972,7,209.0,0.3552658210242168,34,971.0
3915.0,34,378.0,4.846153846153846,4.359160768058841,22,689.0,0.21282590966866388,12,219.0,0.21325777860286424,34,908.0
3920.0,29,374.0,4.857142857142857,4.186969986182272,13,659.0,0.26704058008008413,16,258.0,0.1283908692756969,29,917.0
3925.0,39,499.0,6.3164556962025316,4.155852211458003,18,631.0,0.26098072594305805,21,355.0,0.20985505540717117,39,986.0
3930.0,41,558.0,7.153846153846154,3.2716127958037147,24,672.0,0.18180375261435147,17,386.0,0.2405407110897156,41,1058.0
3935.0,38,504.0,6.3,3.8270442241771887,28,758.0,0.08569467289170259,10,363.0,0.36918305570775894,38,1121.0
3940.0,38,447.0,5.451219512195122,3.702784732451026,29,790.0,0.06587282694554847,9,319.0,0.3206301361695678,38,1109.0
3945.0,35,372.0,4.376470588235295,4.492912191737567,23,726.0,0.15079522176891985,12,257.0,0.2732724506356673,35,983.0
3950.0,35,369.0,4.5,4.510088335090876,18,658.0,0.2753458120773516,17,290.0,0.21779943802643995,35,948.0
3955.0,37,457.0,5.440476190476191,4.886212290007917,15,575.0,0.3215632873085551,22,329.0,0.15118476933330888,37,904.0
3960.0,32,491.0,5.845238095238095,4.867791499171629,13,539.0,0.35005303757589545,19,364.0,0.14391062246823827,32,903.0
3965.0,25,373.0,4.548780487804878,5.066018295586074,14,518.0,0.3001857542774512,11,311.0,0.2652990829504611,25,829.0
3970.0,32,414.0,4.9879518072289155,4.203687395789759,19,541.0,0.2197995550611325,13,296.0,0.22491047673032077,32,837.0
3975.0,36,481.0,5.726190476190476,4.2230408772216546,21,530.0,0.19715755760257367,15,304.0,0.25358236185461774,36,834.0
3980.0,35,581.0,6.916666666666667,4.1621354258649035,19,585.0,0.2295829925242136,16,328.0,0.23371418050521978,35,913.0
3985.0,30,649.0,7.726190476190476,4.416532712306938,20,603.0,0.1859848802537613,10,287.0,0.2919814369321422,30,890.0
3990.0,36,624.0,7.255813953488372,3.8474347011831282,24,576.0,0.14787880471818302,12,316.0,0.2570298045617104,36,892.0
3995.0,47,748.0,9.012048192771084,3.9928391578234472,31,640.0,0.14271910731338286,16,361.0,0.339781615316639,47,1001.0
4000.0,48,728.0,8.771084337349398,3.2906987858447097,32,665.0,0.17788646944745518,16,383.0,0.23526746514929253,48,1048.0
4005.0,44,841.0,10.645569620253164,3.3949220646106824,31,652.0,0.10254281473128679,13,409.0,0.2736946685041497,44,1061.0
4010.0,47,870.0,10.875,3.142379302048826,32,732.0,0.06046668380602771,15,429.0,0.2519775763768506,47,1161.0
4015.0,44,752.0,9.283950617283951,3.4700798958873906,25,725.0,0.1526305486449489,19,429.0,0.151467436259664,44,1154.0
4020.0,36,643.0,8.139240506329115,3.115725269361534,16,743.0,0.19595808552529326,20,502.0,0.07915164062612574,36,1245.0
4025.0,30,598.0,7.569620253164557,3.860655845356669,15,764.0,0.18849023517118274,15,543.0,0.18953671189900742,30,1307.0
4030.0,32,620.0,7.654320987654321,3.7142492418451933,19,743.0,0.1659030330573331,13,551.0,0.14651908999750302,32,1294.0
4035.0,36,711.0,8.777777777777779,4.647243824068738,18,695.0,0.23382522592689028,18,564.0,0.16649158142485646,36,1259.0
4040.0,32,388.0,4.85,4.006489738460127,16,680.0,0.21968564233686827,16,461.0,0.15002504738748584,32,1141.0
4045.0,33,345.0,4.156626506024097,4.751257015136899,20,679.0,0.1976713318653012,13,327.0,0.3481279681332754,33,1006.0
4050.0,37,435.0,5.117647058823529,4.687632200423199,23,703.0,0.2693724177976471,14,324.0,0.3046899908110305,37,1027.0
4055.0,45,577.0,6.869047619047619,3.861582727996441,31,829.0,0.23795652335173226,14,331.0,0.2701947947574174,45,1160.0
4060.0,52,751.0,8.83529411764706,2.7869160067849736,35,897.0,0.15295273420238764,17,375.0,0.2354832113055521,52,1272.0
4065.0,53,848.0,9.86046511627907,2.6556000747688437,34,856.0,0.1323365705451401,19,467.0,0.2016019200353832,53,1323.0
4070.0,51,979.0,10.877777777777778,3.1336082372606615,29,838.0,0.14915862764164853,22,573.0,0.1487661369112576,51,1411.0
4075.0,43,862.0,9.577777777777778,3.684784665266282,22,868.0,0.18510876382812266,21,580.0,0.16171336223176688,43,1448.0
4080.0,35,517.0,5.7444444444444445,3.821232538466548,23,840.0,0.17030784719022726,12,462.0,0.21435018611077725,35,1302.0
4085.0,34,347.0,3.898876404494382,3.2575167795843316,24,895.0,0.0889800470681065,10,452.0,0.27452958467121724,34,1347.0
4090.0,41,416.0,4.7272727272727275,4.218486544229288,27,904.0,0.1547666709539257,14,457.0,0.33246480214337676,41,1361.0
4095.0,50,526.0,5.9772727272727275,3.330654539209298,36,1000.0,0.10887436342547843,14,430.0,0.27806924432170965,50,1430.0
4100.0,50,654.0,7.186813186813187,3.4885289619938824,39,1132.0,0.1100104708481337,11,335.0,0.25768718444691585,50,1467.0
4105.0,47,623.0,6.771739130434782,3.3306428964323715,37,1203.0,0.1250711587395561,10,291.0,0.2551575269505161,47,1494.0
4110.0,45,604.0,6.291666666666667,4.365385738972177,31,1179.0,0.2056704939310084,14,264.0,0.23580354883171353,45,1443.0
4115.0,37,496.0,5.333333333333333,3.9518790919709534,22,1215.0,0.18286381128595416,15,269.0,0.2405978562795952,37,1484.0
4120.0,33,412.0,4.527472527472527,3.7603008248305625,22,1177.0,0.1128958365654651,11,220.0,0.2576183549393668,33,1397.0
4125.0,36,342.0,3.6774193548387095,3.8793403412822998,24,1210.0,0.09092625127312152,12,267.0,0.301787558885495,36,1477.0
4130.0,50,514.0,5.526881720430108,3.484358986110581,31,1256.0,0.11528925236981187,19,344.0,0.23003956809657186,50,1600.0
4135.0,58,653.0,7.0978260869565215,3.0275140680831027,34,1305.0,0.11813793403089894,24,406.0,0.2460070616247896,58,1711.0
4140.0,54,728.0,7.913043478260869,3.084412413915172,30,1240.0,0.14263083551562433,24,495.0,0.17793487630715907,54,1735.0
4145.0,48,763.0,8.384615384615385,3.2922922489670383,22,1069.0,0.20598507026145493,26,564.0,0.11638274771180439,48,1633.0
4150.0,28,626.0,7.033707865168539,4.106561533710858,11,1015.0,0.23130132457972222,17,563.0,0.1564185237541031,28,1578.0
4155.0,35,594.0,6.827586206896552,4.075810416748975,17,1017.0,0.19229731700494604,18,557.0,0.2290706220900248,35,1574.0
4160.0,38,419.0,4.872093023255814,3.4196098818284946,23,1023.0,0.12642922182236363,15,516.0,0.1989268814719313,38,1539.0
4165.0,46,390.0,4.7560975609756095,2.9334074910690227,31,1040.0,0.10549159594977536,15,395.0,0.24153847894033875,46,1435.0
4170.0,43,458.0,5.518072289156627,3.0267249885422647,28,970.0,0.13127574505163822,15,411.0,0.1854158702901651,43,1381.0
4175.0,35,506.0,6.096385542168675,3.98947429180737,22,925.0,0.18771690452010947,13,384.0,0.15278685613117352,35,1309.0
4180.0,31,574.0,6.833333333333333,4.533180478368204,18,906.0,0.22788747713630317,13,383.0,0.16769303680103567,31,1289.0
4185.0,33,652.0,7.951219512195122,4.661612003124262,19,934.0,0.24353268387590313,14,349.0,0.20080258161913003,33,1283.0
4190.0,39,778.0,9.725,3.5892831859857095,25,984.0,0.18848794450058146,14,371.0,0.19929221143934306,39,1355.0
4195.0,36,877.0,11.243589743589743,3.9064730369432734,23,996.0,0.16207993150158848,13,381.0,0.25777331177808455,36,1377.0
4200.0,30,968.0,12.41025641025641,4.252177952382852,20,1074.0,0.14677741102762415,10,383.0,0.3227038032012052,30,1457.0
4205.0,35,1091.0,13.810126582278482,4.80408036746324,24,1153.0,0.18091925731223854,11,413.0,0.35391478128840276,35,1566.0
4210.0,40,1105.0,15.347222222222221,3.0407476820910726,29,1131.0,0.15907119250908733,11,453.0,0.26293646148538524,40,1584.0
4215.0,44,1046.0,13.946666666666667,3.071077475777715,31,1046.0,0.09750412596648146,13,511.0,0.2806480022278197,44,1557.0
4220.0,38,793.0,10.2987012987013,3.5339061428185548,27,1111.0,0.1594349867751135,11,423.0,0.25498444973254886,38,1534.0
4225.0,30,715.0,9.050632911392405,4.510609666144188,21,1103.0,0.23224737784767804,9,338.0,0.19554800192908056,30,1441.0
4230.0,30,593.0,7.4125,4.795119620948774,19,1096.0,0.23718926402853704,11,294.0,0.2736835138376468,30,1390.0
4235.0,31,578.0,7.048780487804878,5.0547862983454515,19,1026.0,0.228493543818628,12,177.0,0.3570841162240945,31,1203.0
4240.0,31,624.0,7.609756097560975,4.406391477282193,20,944.0,0.2227076580140994,11,199.0,0.3332216357328394,31,1143.0
4245.0,30,654.0,8.175,4.24523861601856,20,1000.0,0.17804106372074896,10,206.0,0.39764585797389596,30,1206.0
4250.0,26,693.0,8.555555555555555,4.15189026423743,21,1033.0,0.14364170425466383,5,202.0,0.3574755664352546,26,1235.0
4255.0,34,812.0,9.666666666666666,4.271722429517262,24,1021.0,0.15547929675324493,10,239.0,0.3072145180533491,34,1260.0
4260.0,40,911.0,10.235955056179776,4.7065790034986925,26,1012.0,0.2216118341745701,14,253.0,0.377913277948058,40,1265.0
4265.0,43,904.0,10.157303370786517,4.479868009823396,29,1067.0,0.24668498518870927,14,245.0,0.3678655854212161,43,1312.0
4270.0,47,953.0,10.588888888888889,3.8193141694358745,31,1110.0,0.22792412324155886,16,271.0,0.26269713782126447,47,1381.0
4275.0,47,1005.0,10.923913043478262,3.679581615254708,35,1217.0,0.13940540282510155,12,246.0,0.2971284817623691,47,1463.0
4280.0,47,1002.0,11.010989010989011,3.2555922983761945,33,1269.0,0.13212384764464213,14,221.0,0.17968040422603931,47,1490.0
4285.0,46,1096.0,11.78494623655914,3.7703670820774944,29,1351.0,0.16459341038604977,17,270.0,0.23697822400238652,46,1621.0
4290.0,50,1180.0,12.826086956521738,3.1886692695692838,31,1452.0,0.1103115641760074,19,304.0,0.2643289710857425,50,1756.0
4295.0,51,786.0,8.831460674157304,2.8476653423828324,34,1297.0,0.06353947497031803,17,364.0,0.3356198379073209,51,1661.0
4300.0,51,670.0,7.52808988764045,2.8496835570854335,31,1066.0,0.11560650670133099,20,440.0,0.24625369844286618,51,1506.0
4305.0,59,825.0,8.870967741935484,2.8586916441612367,38,1198.0,0.10552362988298734,21,471.0,0.24864845089701973,59,1669.0
4310.0,54,880.0,9.67032967032967,2.799136339507321,40,1315.0,0.07026706737496713,14,423.0,0.23179568757252342,54,1738.0
4315.0,50,897.0,9.64516129032258,2.801131781068732,38,1405.0,0.06251293464399421,12,381.0,0.24326264120349128,50,1786.0
4320.0,52,1075.0,11.082474226804123,3.404097509144016,38,1489.0,0.13508789505775898,14,342.0,0.23865192908164817,52,1831.0
4325.0,59,1226.0,12.905263157894737,2.9672297198575777,39,1599.0,0.1175519018758425,20,371.0,0.23169348967219808,59,1970.0
4330.0,56,1263.0,13.436170212765957,3.025054729693086,43,1670.0,0.07442249127083568,13,354.0,0.2451888804833544,56,2024.0
4335.0,50,1211.0,12.614583333333334,2.9107426800766336,40,1731.0,0.05992469819728058,10,339.0,0.23401304634513118,50,2070.0
4340.0,48,879.0,8.79,3.285961749910295,33,1653.0,0.09027841972532423,15,301.0,0.2051005303081039,48,1954.0
4345.0,44,632.0,6.383838383838384,3.3633438147166457,27,1735.0,0.14244075069927797,17,324.0,0.20537289317052995,44,2059.0
4350.0,38,410.0,4.183673469387755,3.525392967141228,22,1745.0,0.15016921969836836,16,334.0,0.22262301210794955,38,2079.0
4355.0,33,389.0,3.8514851485148514,3.6739398753530574,22,1708.0,0.16570819277348567,11,325.0,0.21528724420843823,33,2033.0
4360.0,38,485.0,4.948979591836735,3.649532383877477,21,1556.0,0.20325629856153535,17,358.0,0.15448352035991514,38,1914.0
4365.0,43,608.0,6.4,3.405873955543229,22,1420.0,0.2184488209226502,21,393.0,0.11027675937709257,43,1813.0
4370.0,45,619.0,6.585106382978723,3.347652722700793,21,1356.0,0.19044645345267663,24,431.0,0.12873573158520243,45,1787.0
4375.0,45,613.0,6.736263736263736,3.19335005459588,21,1273.0,0.16199830362713188,24,468.0,0.17430774006462466,45,1741.0
4380.0,48,719.0,7.988888888888889,3.0784509676063263,25,1282.0,0.11491518569291696,23,518.0,0.19809999418330623,48,1800.0
4385.0,49,693.0,7.615384615384615,2.886327982149476,29,1233.0,0.07437893721890236,20,543.0,0.2083430572636919,49,1776.0
4390.0,47,596.0,6.478260869565218,3.4830777189079027,33,1237.0,0.024571410947928772,14,470.0,0.31347853993393276,47,1707.0
4395.0,37,460.0,5.054945054945055,3.968180749600045,29,1131.0,0.061083629411924564,8,473.0,0.3129633383862687,37,1604.0
4400.0,36,519.0,5.766666666666667,4.371668396353557,22,1036.0,0.12668661138054246,14,528.0,0.2500391209009193,36,1564.0
4405.0,32,433.0,4.920454545454546,4.2637264154980095,14,939.0,0.180076535907022,18,529.0,0.18507066522107474,32,1468.0
4410.0,30,396.0,4.829268292682927,4.2446198226966985,14,823.0,0.20776254876824535,16,453.0,0.196894215877098,30,1276.0
4415.0,28,374.0,4.734177215189874,3.815887052932698,17,811.0,0.15758705620377209,11,400.0,0.27519703296155323,28,1211.0
4420.0,30,444.0,5.620253164556962,4.308660732395548,16,735.0,0.1981484333358371,14,409.0,0.23853616288592225,30,1144.0
4425.0,34,560.0,7.17948717948718,4.3036788458902135,13,720.0,0.2800276586146425,21,480.0,0.16814857099225142,34,1200.0
4430.0,38,567.0,7.0,4.742329037332663,12,644.0,0.2668577484448118,26,600.0,0.18632533372439974,38,1244.0
4435.0,40,692.0,9.105263157894736,3.839060101599531,17,617.0,0.147012965060763,23,622.0,0.2265516688988842,40,1239.0
4440.0,36,620.0,8.493150684931507,3.952143836212931,21,616.0,0.11720465768995446,15,526.0,0.20150777090770156,36,1142.0
4445.0,34,592.0,8.222222222222221,4.081638134111688,20,563.0,0.11538272061612684,14,491.0,0.2382582998128414,34,1054.0
4450.0,33,628.0,8.373333333333333,4.279220939540905,19,588.0,0.15088581199309017,14,508.0,0.2411308851287869,33,1096.0
4455.0,30,593.0,7.802631578947368,4.679335262579587,11,522.0,0.24046924721211238,19,553.0,0.21294927952494025,30,1075.0
4460.0,27,567.0,7.662162162162162,5.0105572588232095,7,437.0,0.3672993903044333,20,594.0,0.18755927904552205,27,1031.0
4465.0,25,590.0,8.194444444444445,5.187112160223912,12,387.0,0.22095322115823576,13,581.0,0.3006899190133437,25,968.0
4470.0,32,693.0,9.625,4.317043138379855,15,398.0,0.18655659094403948,17,634.0,0.2593021186835869,32,1032.0
4475.0,32,810.0,11.73913043478261,4.322387055898687,10,353.0,0.25434651067048836,22,733.0,0.21019013678318654,32,1086.0
4480.0,34,568.0,8.231884057971014,3.6264642080438545,11,351.0,0.2827139119141528,23,673.0,0.1973429210432424,34,1024.0
4485.0,34,421.0,5.847222222222222,4.037930195638354,15,385.0,0.2717848730840345,19,474.0,0.22425902344144083,34,859.0
4490.0,34,462.0,6.416666666666667,4.146605488667823,14,404.0,0.32082790433769987,20,507.0,0.1897729005419483,34,911.0
4495.0,29,487.0,6.671232876712328,4.784829791868328,9,390.0,0.33872011108112743,20,556.0,0.15223319990001435,29,946.0
4500.0,31,598.0,8.305555555555555,4.5650006170131014,10,418.0,0.26010912326170427,21,579.0,0.18347076402123313,31,997.0
4505.0,38,739.0,10.557142857142857,4.11675422938179,15,478.0,0.2041919135093335,23,558.0,0.18906471920823167,38,1036.0
4510.0,36,618.0,9.363636363636363,3.5365229758963497,14,410.0,0.25606702810695076,22,556.0,0.13301514636858217,36,966.0
4515.0,27,371.0,5.707692307692308,4.365580244412827,14,294.0,0.25503299855173334,13,469.0,0.21536080347906322,27,763.0
4520.0,26,339.0,5.136363636363637,4.29682543975577,14,317.0,0.14908060112727112,12,473.0,0.27176428514936435,26,790.0
4525.0,26,358.0,5.59375,5.1517506092030825,9,313.0,0.27456329799450524,17,497.0,0.23103565614038718,26,810.0
4530.0,24,330.0,5.15625,4.681443408297515,7,274.0,0.3157383546109116,17,498.0,0.15994929255309034,24,772.0
4535.0,25,366.0,5.903225806451613,4.793350453439,12,239.0,0.19632712947663197,13,428.0,0.26487297632905343,25,667.0
4540.0,29,463.0,7.716666666666667,5.238420082438202,16,278.0,0.154265828410425,13,443.0,0.36294063167446544,29,721.0
4545.0,29,580.0,9.830508474576272,5.260187207676041,15,345.0,0.22724553418389323,14,493.0,0.2956862401428407,29,838.0
4550.0,27,632.0,11.285714285714286,4.575635392760893,11,352.0,0.27184938517799095,16,540.0,0.17152284910571924,27,892.0
4555.0,20,440.0,8.0,4.978328482223628,5,285.0,0.3967885546946453,15,496.0,0.14841099328332347,20,781.0
4560.0,20,385.0,7.264150943396227,4.814535736394496,6,300.0,0.3841938598180269,14,427.0,0.08851624070331529,20,727.0
4565.0,24,434.0,7.890909090909091,5.342413027770158,12,346.0,0.35124180025454227,12,457.0,0.15693226769830393,24,803.0
4570.0,25,503.0,10.06,3.985685931730444,13,354.0,0.19177676463595764,12,459.0,0.19661335614175235,25,813.0
4575.0,16,347.0,7.229166666666667,4.958580381895882,7,296.0,0.22911160862034302,9,346.0,0.2746754571830999,16,642.0
4580.0,16,191.0,3.8979591836734695,4.9981224065010394,9,224.0,0.23632033634354613,7,255.0,0.3022333758413532,16,479.0
4585.0,21,240.0,4.615384615384615,5.3076859698725745,12,186.0,0.2534245055767079,9,263.0,0.3219071574830403,21,449.0
4590.0,20,318.0,6.115384615384615,5.5718109325615295,12,232.0,0.3147536769601221,8,272.0,0.4022472567513254,20,504.0
4595.0,24,428.0,8.075471698113208,5.226537152548713,14,296.0,0.24354020908538332,10,315.0,0.3804302100115777,24,611.0
4600.0,23,366.0,6.90566037735849,4.594479907134041,14,306.0,0.22083007743830316,9,291.0,0.318579114644398,23,597.0
4605.0,17,358.0,7.019607843137255,5.314732927735704,8,261.0,0.3154117708249395,9,288.0,0.24268416504149842,17,549.0
4610.0,19,348.0,7.25,4.6972773358897335,10,251.0,0.3142471196749146,9,229.0,0.19364054727890456,19,480.0
4615.0,21,347.0,6.94,5.615829888094651,12,284.0,0.3184145885999194,9,152.0,0.26325922971817994,21,436.0
4620.0,18,387.0,7.8979591836734695,5.308148209210057,9,306.0,0.34597930006313016,9,184.0,0.2677889977645862,18,490.0
4625.0,23,486.0,9.346153846153847,5.414043179378011,11,339.0,0.262365413218547,12,244.0,0.34044782104420385,23,583.0
4630.0,22,387.0,7.30188679245283,4.685484874845697,11,327.0,0.20082409374910082,11,234.0,0.3443828616160058,22,561.0
4635.0,25,457.0,9.14,5.760737279935073,15,333.0,0.2935454078238795,10,205.0,0.4275171199858436,25,538.0
4640.0,20,456.0,9.306122448979592,4.975487220667764,10,358.0,0.4227148998237363,10,187.0,0.26357735437632085,20,545.0
4645.0,23,478.0,9.56,4.664358510309382,10,351.0,0.38226479285371345,13,184.0,0.15474861777303917,23,535.0
4650.0,20,479.0,9.037735849056604,4.346082490241902,9,341.0,0.3572814955599846,11,218.0,0.08676978047925993,20,559.0
4655.0,21,555.0,10.090909090909092,5.815087151106828,11,358.0,0.3245759131324585,10,239.0,0.27963457960659344,21,597.0
4660.0,20,535.0,10.09433962264151,5.394541704939906,11,395.0,0.289952563842541,9,237.0,0.3513263293985563,20,632.0
4665.0,17,535.0,9.727272727272727,6.2062854882771985,10,420.0,0.3530276162506774,7,178.0,0.36198115388299895,17,598.0
4670.0,17,589.0,11.549019607843137,6.006853495543332,11,467.0,0.3907409299642854,6,180.0,0.2694038854398907,17,647.0
4675.0,23,649.0,12.018518518518519,5.3215556637439185,12,518.0,0.36803147752767656,11,180.0,0.18047308680121824,23,698.0
4680.0,24,703.0,12.553571428571429,5.026655504747498,14,547.0,0.3113529803983212,10,198.0,0.3248453457633277,24,745.0
4685.0,19,373.0,6.322033898305085,5.718797619972552,11,357.0,0.3299091432864613,8,229.0,0.465169167571474,19,586.0
4690.0,21,240.0,4.0,5.436327310732598,15,183.0,0.3445293257602157,6,168.0,0.4280222169450139,21,351.0
4695.0,27,272.0,4.317460317460317,5.427296255749927,17,210.0,0.38013207649430636,10,131.0,0.3700726630796256,27,341.0
4700.0,29,331.0,5.092307692307692,5.096023741997013,16,241.0,0.3398901780494026,13,185.0,0.29850028843105286,29,426.0
4705.0,30,312.0,4.333333333333333,3.856927300024269,19,301.0,0.22846814583181313,11,168.0,0.2547957827000901,30,469.0
4710.0,33,378.0,5.178082191780822,5.207199245364141,25,362.0,0.22623088224899812,8,125.0,0.4541145438875072,33,487.0
4715.0,31,371.0,5.013513513513513,4.664850472173535,22,415.0,0.2176070522686518,9,138.0,0.36367540732027853,31,553.0
4720.0,31,296.0,3.844155844155844,5.009182853775117,20,415.0,0.22713058780290796,11,139.0,0.3585487824842626,31,554.0
4725.0,32,312.0,4.105263157894737,4.404408951894329,18,444.0,0.2552959221052078,14,168.0,0.21249291927518674,32,612.0
4730.0,35,424.0,5.72972972972973,4.241391192959184,22,477.0,0.22294361664755907,13,229.0,0.3072765903572939,35,706.0
4735.0,44,570.0,7.702702702702703,3.644266506239978,29,565.0,0.1816012110559018,15,282.0,0.2929585729500672,44,847.0
4740.0,42,599.0,7.986666666666666,3.287514993061464,29,626.0,0.12041626214454952,13,302.0,0.34643949522600015,42,928.0
4745.0,38,615.0,8.092105263157896,3.4892757045156824,30,696.0,0.09398797782121639,8,255.0,0.3380907912557079,38,951.0
4750.0,36,542.0,6.948717948717949,3.5809139159401546,25,706.0,0.10815595124399428,11,244.0,0.19306503610641815,36,950.0
4755.0,29,391.0,4.949367088607595,4.092404333261262,16,689.0,0.12309968641466479,13,203.0,0.2257588879166275,29,892.0
4760.0,30,296.0,3.7468354430379747,4.443207383787494,16,640.0,0.13413342459359368,14,244.0,0.26013613356646986,30,884.0
4765.0,35,360.0,4.7368421052631575,4.026645800279526,18,686.0,0.1772696158170478,17,308.0,0.33128420999223984,35,994.0
4770.0,42,443.0,5.828947368421052,3.725275835308397,25,723.0,0.2056865772337779,17,321.0,0.2879315749824784,42,1044.0
4775.0,36,435.0,5.878378378378378,3.3578464717908787,26,761.0,0.12469376228576595,10,277.0,0.27871175113743585,36,1038.0
4780.0,37,430.0,5.890410958904109,2.897397137960791,23,741.0,0.09122802120606818,14,296.0,0.16699329445847172,37,1037.0
4785.0,34,478.0,6.45945945945946,3.6219052452497245,15,722.0,0.23103811409521485,19,322.0,0.08669634034966635,34,1044.0
4790.0,35,600.0,8.571428571428571,3.885640529012412,14,741.0,0.2587907610684166,21,384.0,0.1657026878400939,35,1125.0
4795.0,31,696.0,10.388059701492537,3.9531738205997606,18,814.0,0.1624647180803346,13,371.0,0.28078856593880086,31,1185.0
4800.0,34,696.0,10.388059701492537,2.8464127880959658,23,857.0,0.08771336814976348,11,339.0,0.1863395899476499,34,1196.0
4805.0,32,719.0,10.420289855072463,3.7717063243724245,16,851.0,0.1593498013242904,16,340.0,0.16892131873638383,32,1191.0
4810.0,28,731.0,10.594202898550725,4.036448044397775,12,837.0,0.24638993004998277,16,385.0,0.18299254722348005,28,1222.0
4815.0,26,617.0,8.569444444444445,4.565766419926708,14,748.0,0.179254354191457,12,390.0,0.29511230999193433,26,1138.0
4820.0,30,291.0,4.217391304347826,4.182707847472126,18,658.0,0.11667134058343254,12,351.0,0.36701052587531735,30,1009.0
4825.0,36,326.0,4.591549295774648,4.901347699648009,23,652.0,0.1832046378709148,13,241.0,0.34401153751235264,36,893.0
4830.0,33,443.0,6.328571428571428,4.5137588641429875,22,741.0,0.2264939085776817,11,271.0,0.2997884045885453,33,1012.0
4835.0,36,617.0,9.073529411764707,4.524896560659254,22,848.0,0.11051644717406105,14,316.0,0.28805586962324453,36,1164.0
4840.0,38,643.0,9.455882352941176,3.654929646402935,23,868.0,0.044353391764286994,15,330.0,0.20277903707240133,38,1198.0
4845.0,30,453.0,6.7611940298507465,4.292106103064787,17,789.0,0.11780164141574913,13,320.0,0.2125893106424645,30,1109.0
4850.0,21,328.0,5.2063492063492065,4.920218888538178,8,704.0,0.33518034785697387,13,306.0,0.19542561198904682,21,1010.0
4855.0,21,343.0,5.532258064516129,5.447411942190054,8,614.0,0.40855993386474687,13,290.0,0.1360293591116781,21,904.0
4860.0,19,277.0,4.467741935483871,4.931129622027457,7,516.0,0.36836907584662704,12,315.0,0.13213199967519074,19,831.0
4865.0,23,247.0,3.9206349206349205,4.867627899022956,10,445.0,0.2778533212263868,13,334.0,0.1896834468190238,23,779.0
4870.0,32,314.0,4.617647058823529,4.268559111249861,18,457.0,0.24062735348020992,14,366.0,0.2000687299015576,32,823.0
4875.0,23,298.0,4.382352941176471,5.56911802392471,10,424.0,0.34830325429004144,13,361.0,0.2690218478249458,23,785.0
4880.0,23,358.0,5.343283582089552,5.869293646084449,10,418.0,0.4511828622781908,13,380.0,0.22196197710342813,23,798.0
4885.0,27,396.0,5.91044776119403,5.814715691293074,15,452.0,0.409966831264027,12,387.0,0.15283658766449498,27,839.0
4890.0,22,389.0,5.893939393939394,5.255117663967766,14,365.0,0.315669911893357,8,416.0,0.17978564880988057,22,781.0
4895.0,28,469.0,7.328125,4.834365054444951,17,243.0,0.21230315829025811,11,459.0,0.23162846850907623,28,702.0
4900.0,28,495.0,7.857142857142857,4.224229368355686,16,285.0,0.16573558760556792,12,465.0,0.2891097032458244,28,750.0
4905.0,30,568.0,8.738461538461538,5.259249151412568,18,308.0,0.26741503960022983,12,456.0,0.35940599136341106,30,764.0
4910.0,28,311.0,4.7846153846153845,5.012993507390717,17,285.0,0.256932421335047,11,344.0,0.407170871087038,28,629.0
4915.0,27,362.0,5.484848484848484,5.735350701571838,15,267.0,0.2964050047251633,12,312.0,0.41931608183698454,27,579.0
4920.0,27,332.0,4.676056338028169,5.019357630252345,16,291.0,0.2951922690023728,11,308.0,0.30544506866840704,27,599.0
4925.0,27,293.0,3.9066666666666667,5.468775028241138,14,293.0,0.3730928836720162,13,277.0,0.24057587830121355,27,570.0
4930.0,25,283.0,3.675324675324675,5.113127622053463,15,305.0,0.3317305334846045,10,301.0,0.2596792249068593,25,606.0
4935.0,27,325.0,4.113924050632911,5.189169970498638,17,325.0,0.24868305642585753,10,317.0,0.34478867466333185,27,642.0
4940.0,32,308.0,4.052631578947368,4.5442854145576606,22,355.0,0.23657595587390107,10,315.0,0.28169198328918726,32,670.0
4945.0,39,396.0,5.012658227848101,4.583876112214181,23,394.0,0.21352535506541648,16,336.0,0.26579698020761877,39,730.0
4950.0,39,452.0,5.947368421052632,3.792991851672758,23,394.0,0.1751313020179937,16,383.0,0.28174258741969244,39,777.0
4955.0,41,571.0,7.415584415584416,4.099467028250003,27,464.0,0.17027029966441776,14,426.0,0.2969858186298119,41,890.0
4960.0,43,673.0,8.973333333333333,3.576948691213028,27,556.0,0.17146414926787956,16,459.0,0.2232860810095915,43,1015.0
4965.0,39,720.0,9.35064935064935,3.341084773295899,28,647.0,0.1036449359804273,11,470.0,0.23321849933956193,39,1117.0
4970.0,37,737.0,9.329113924050633,3.554990947506414,27,694.0,0.14319102490839464,10,500.0,0.2636072209256704,37,1194.0
4975.0,40,600.0,7.228915662650603,4.085294390013677,21,652.0,0.2116879208554522,19,563.0,0.18424675514094982,40,1215.0
4980.0,36,577.0,7.1234567901234565,4.142691191081364,16,605.0,0.1987567343280191,20,569.0,0.20175153398313933,36,1174.0
4985.0,42,539.0,6.493975903614458,3.8784303069368824,22,633.0,0.1920930553109328,20,583.0,0.17857787354078405,42,1216.0
4990.0,41,612.0,7.285714285714286,3.5245663894387826,21,706.0,0.21332140317304918,20,628.0,0.1770950255444351,41,1334.0
4995.0,41,552.0,6.571428571428571,3.2675012337468146,26,743.0,0.1559966038124896,15,610.0,0.21086174920573308,41,1353.0
5000.0,45,628.0,7.136363636363637,3.8012594592880644,28,813.0,0.09541505760875331,17,599.0,0.30490607558019805,45,1412.0
5005.0,45,701.0,7.537634408602151,3.922238632885702,29,860.0,0.0583791287696573,16,606.0,0.33717838333118066,45,1466.0
5010.0,40,701.0,7.619565217391305,4.510810559003712,22,835.0,0.17052049228555458,18,642.0,0.29462525612963764,40,1477.0
5015.0,42,771.0,8.965116279069768,4.050302029328877,17,795.0,0.23676600319263816,25,706.0,0.20127198763689813,42,1501.0
5020.0,42,833.0,9.465909090909092,3.887753185979058,18,786.0,0.1706811116200111,24,730.0,0.1689742616839555,42,1516.0
5025.0,43,671.0,7.53932584269663,3.667897695237493,22,730.0,0.07605390957848418,21,787.0,0.21593839999648684,43,1517.0
5030.0,45,670.0,7.52808988764045,4.657076152472612,21,575.0,0.1984076310120493,24,865.0,0.28521475972280796,45,1440.0
5035.0,46,698.0,7.842696629213483,4.054729906077072,20,597.0,0.2144788720375211,26,836.0,0.28752139356865936,46,1433.0
5040.0,40,525.0,5.833333333333333,4.128888918394926,13,546.0,0.2708367907700462,27,684.0,0.19521105338686032,40,1230.0
5045.0,42,604.0,6.565217391304348,4.633927157134714,12,513.0,0.38174995995175875,30,661.0,0.15478600434099,42,1174.0
5050.0,40,658.0,7.230769230769231,4.291606883605374,13,502.0,0.3219259504409791,27,734.0,0.14781179452245377,40,1236.0
5055.0,41,617.0,6.932584269662922,4.034908666379133,17,488.0,0.22293750911792648,24,750.0,0.17366341646594996,41,1238.0
5060.0,40,609.0,7.0,3.2185667924018384,19,540.0,0.1544166182353094,21,780.0,0.16056961445949497,40,1320.0
5065.0,40,626.0,7.364705882352941,3.6190476176787496,15,572.0,0.25226850492106434,25,773.0,0.07488305915217738,40,1345.0
5070.0,42,596.0,7.180722891566265,3.4232729194464087,14,511.0,0.2653051530591282,28,854.0,0.06549570976696367,42,1365.0
5075.0,48,715.0,8.218390804597702,4.203657422185373,15,459.0,0.3052172799311843,33,926.0,0.107610936646894,48,1385.0
5080.0,47,683.0,8.035294117647059,3.9475880805999997,19,423.0,0.28698788788608814,28,987.0,0.17009600530457947,47,1410.0
5085.0,41,626.0,7.542168674698795,4.153338037036221,21,325.0,0.2686558413679586,20,945.0,0.19806923801684628,41,1270.0
5090.0,38,604.0,7.190476190476191,3.5318357737995414,23,381.0,0.0984894733054882,15,896.0,0.25124839114804776,38,1277.0
5095.0,34,489.0,5.821428571428571,4.239169685265533,17,399.0,0.2128238677575766,17,806.0,0.1989306388144791,34,1205.0
5100.0,35,369.0,4.5,3.930576515201725,16,413.0,0.2351488420781944,19,822.0,0.15906094944079502,35,1235.0
5105.0,42,389.0,4.802469135802469,3.702613465449421,19,430.0,0.2030539177301135,23,829.0,0.1358261513530871,42,1259.0
5110.0,47,531.0,6.555555555555555,2.943643675390156,22,481.0,0.19818284906952208,25,904.0,0.12329408205390668,47,1385.0
5115.0,47,701.0,8.44578313253012,3.3519854525809265,14,492.0,0.31507486518417505,33,1043.0,0.0633787261062786,47,1535.0
5120.0,47,884.0,10.78048780487805,3.381121116609332,14,515.0,0.2801603500145653,33,1121.0,0.10951696659561384,47,1636.0
5125.0,49,1037.0,12.493975903614459,3.1482294844057215,21,557.0,0.20897173611671832,28,1130.0,0.15239479576871937,49,1687.0
5130.0,50,991.0,11.797619047619047,2.216357870822175,24,565.0,0.1387298264626155,26,1113.0,0.13138378355618618,50,1678.0
5135.0,48,831.0,10.134146341463415,2.7188042807992474,28,610.0,0.11652880654573713,20,971.0,0.1582143706757144,48,1581.0
5140.0,42,709.0,8.542168674698795,2.9209603638605905,27,693.0,0.053821962766170774,15,968.0,0.20588031591228356,42,1661.0
5145.0,37,628.0,7.3023255813953485,3.48110009220598,20,710.0,0.13603984751458892,17,942.0,0.12947208909029959,37,1652.0
5150.0,35,701.0,8.654320987654321,3.750966828866366,15,718.0,0.30554422036566686,20,960.0,0.052293928858294085,35,1678.0
5155.0,39,517.0,6.228915662650603,4.1027863895586565,13,585.0,0.2749302641856142,26,938.0,0.08210820472316044,39,1523.0
5160.0,33,343.0,4.341772151898734,4.104225453513304,11,445.0,0.2737220002682276,22,938.0,0.15644351315523236,33,1383.0
5165.0,36,313.0,4.118421052631579,3.512846206820378,19,479.0,0.1569083864216189,17,795.0,0.19067515674411592,36,1274.0
5170.0,37,348.0,4.578947368421052,4.023974601208168,20,530.0,0.10691572773761648,17,676.0,0.2466032671844876,37,1206.0
5175.0,33,484.0,6.205128205128205,5.179147155737145,22,634.0,0.10516828178937364,11,526.0,0.35969035167203756,33,1160.0
5180.0,29,538.0,6.987012987012987,5.674526980972683,18,622.0,0.1487527713833699,11,484.0,0.42167924766271375,29,1106.0
5185.0,22,425.0,5.666666666666667,5.425576604764681,10,547.0,0.2230122723118285,12,440.0,0.2553657935862917,22,987.0
5190.0,27,343.0,4.9,4.540593244138587,7,391.0,0.34410099824337365,20,405.0,0.08790825777351668,27,796.0
5195.0,29,318.0,4.818181818181818,4.897113492403307,10,262.0,0.37588941415899785,19,416.0,0.2299335069674284,29,678.0
5200.0,33,447.0,6.876923076923077,4.375807438457483,12,304.0,0.26252471089462637,21,484.0,0.23988262192985751,33,788.0
5205.0,37,552.0,8.363636363636363,3.4250917288256164,16,376.0,0.20902965244355176,21,531.0,0.18882203805395129,37,907.0
5210.0,31,506.0,7.228571428571429,3.9639009549855033,15,369.0,0.26068744189155546,16,522.0,0.19377284224898128,31,891.0
5215.0,22,510.0,6.986301369863014,5.125528570275702,7,297.0,0.37332444554215405,15,536.0,0.23820904509474264,22,833.0
5220.0,23,542.0,7.131578947368421,5.797864762339328,7,285.0,0.46138434418703045,16,512.0,0.2201831154310985,23,797.0
5225.0,25,467.0,5.987179487179487,5.042866018773592,8,188.0,0.35059289679663486,17,537.0,0.26558080380082233,25,725.0
5230.0,27,433.0,5.551282051282051,5.130504751611702,12,121.0,0.19510444887909814,15,522.0,0.33497332979569333,27,643.0
5235.0,34,374.0,4.921052631578948,4.604018741476414,15,171.0,0.11436326778217061,19,446.0,0.29422393133266006,34,617.0
5240.0,30,313.0,4.287671232876712,4.969835199275956,8,194.0,0.20531055932329384,22,437.0,0.22561370571227712,30,631.0
5245.0,31,290.0,4.202898550724638,3.7647969946382394,7,132.0,0.270125103123827,24,522.0,0.12026796216733092,31,654.0
5250.0,34,424.0,6.235294117647059,4.282092569891953,10,146.0,0.3025759017134665,24,604.0,0.11729299094378311,34,750.0
5255.0,34,493.0,7.25,3.675697320800508,8,162.0,0.2910070239031917,26,661.0,0.12691418424580647,34,823.0
5260.0,30,490.0,6.901408450704225,5.12047405635416,5,155.0,0.5042247713998989,25,724.0,0.13408644058407285,30,879.0
5265.0,25,356.0,5.085714285714285,4.5240562990703275,4,108.0,0.43221994895703264,21,753.0,0.13416311168485984,25,861.0
5270.0,26,301.0,4.36231884057971,5.479922138602905,9,99.0,0.416308478890599,17,712.0,0.20881294911721665,26,811.0
5275.0,30,403.0,6.106060606060606,5.019292402739872,9,124.0,0.261254837907836,21,695.0,0.20079871533878127,30,819.0
5280.0,30,506.0,8.031746031746032,4.6664610888429205,8,127.0,0.16581362119150173,22,739.0,0.17776357209696633,30,866.0
5285.0,27,528.0,9.263157894736842,4.181967104023461,7,129.0,0.20932624422616736,20,748.0,0.15043724923536078,27,877.0
5290.0,26,539.0,9.625,4.532814310443444,6,134.0,0.38347280803576395,20,791.0,0.1949764520167861,26,925.0
5295.0,26,575.0,10.087719298245615,4.353188062065265,7,160.0,0.3770352101027326,19,785.0,0.17533150024985591,26,945.0
5300.0,27,639.0,11.017241379310345,4.825780940778021,7,190.0,0.4538490572232749,20,831.0,0.19233838263578767,27,1021.0
5305.0,24,715.0,12.543859649122806,5.728850616108948,7,225.0,0.4996115085438343,17,836.0,0.21785636538580747,24,1061.0
5310.0,26,802.0,15.132075471698114,5.045811114640298,8,261.0,0.35782663744404947,18,842.0,0.18958350335551422,26,1103.0
5315.0,26,872.0,16.14814814814815,5.055936545579804,10,308.0,0.26919790404308935,16,805.0,0.15426777149829257,26,1113.0
5320.0,23,802.0,15.132075471698114,4.985116164713775,8,222.0,0.35764910910709813,15,868.0,0.17021290546333961,23,1090.0
5325.0,25,864.0,16.941176470588236,5.476654109585421,6,163.0,0.4157134171969881,19,955.0,0.20446644528316862,25,1118.0
5330.0,23,706.0,13.576923076923077,4.102693778141558,7,195.0,0.22112382720901264,16,833.0,0.2051068074465687,23,1028.0
5335.0,26,455.0,8.584905660377359,4.78425543005318,12,239.0,0.2586164954512825,14,643.0,0.2740989131731611,26,882.0
5340.0,22,491.0,8.614035087719298,4.7855212980368,11,290.0,0.4040845026759277,11,632.0,0.22448348119885503,22,922.0
5345.0,20,423.0,7.05,5.635685738972169,9,234.0,0.47524723586421835,11,615.0,0.2501190778332735,20,849.0
5350.0,23,341.0,5.590163934426229,5.2661452001710165,11,261.0,0.44116245752253896,12,560.0,0.25217671518656937,23,821.0
5355.0,27,414.0,6.67741935483871,5.002832242585372,12,309.0,0.36468552722574316,15,490.0,0.24834155921841017,27,799.0
5360.0,34,557.0,8.983870967741936,4.605618184509155,15,354.0,0.27035601847911833,19,577.0,0.17406245023764944,34,931.0
5365.0,34,681.0,10.983870967741936,4.433555655488444,16,433.0,0.21475567087965786,18,627.0,0.1147201280131564,34,1060.0
5370.0,32,728.0,12.133333333333333,4.347123777472586,15,457.0,0.18337633087447872,17,665.0,0.15088170683237034,32,1122.0
5375.0,31,696.0,12.210526315789474,4.041028863011604,15,446.0,0.20054787347820746,16,611.0,0.2055475378252475,31,1057.0
5380.0,25,452.0,7.661016949152542,4.810965924545845,14,354.0,0.27083757684802,11,436.0,0.30722864277998624,25,790.0
5385.0,26,418.0,7.206896551724138,5.1188408377855295,14,266.0,0.3455215950482021,12,383.0,0.31657968016856514,26,649.0
5390.0,25,266.0,4.586206896551724,4.715862739570091,14,278.0,0.3171126696682514,11,346.0,0.27124417088792047,25,624.0
5395.0,27,289.0,4.982758620689655,4.402568090905101,18,306.0,0.16915445389478978,9,256.0,0.29775071154767196,27,562.0
5400.0,27,298.0,4.885245901639344,4.107035909230326,18,343.0,0.09087366000326393,9,240.0,0.30248505564688116,27,583.0
5405.0,24,332.0,5.354838709677419,5.359135833340035,11,325.0,0.2779996251040242,13,212.0,0.3025537326586844,24,537.0
5410.0,23,329.0,5.306451612903226,5.094073286855967,10,281.0,0.270305568219525,13,234.0,0.2918682105037294,23,515.0
5415.0,16,277.0,4.775862068965517,6.467076632745163,8,198.0,0.37847538044373874,8,239.0,0.3746063170549275,16,437.0
5420.0,19,300.0,5.454545454545454,5.8515510767625365,8,148.0,0.3255527789937347,11,275.0,0.35833226024433845,19,423.0
5425.0,29,430.0,7.413793103448276,4.332456636642281,12,203.0,0.18489864896444322,17,356.0,0.24490123977691833,29,559.0
5430.0,37,605.0,10.431034482758621,3.263868438463333,15,276.0,0.12860915380165833,22,458.0,0.23014779449117165,37,734.0
5435.0,37,687.0,11.080645161290322,3.221009712126183,15,324.0,0.18964176864099783,22,527.0,0.21121506775601023,37,851.0
5440.0,30,760.0,12.063492063492063,3.8598141977514353,14,348.0,0.15293930917004642,16,557.0,0.2804473061139449,30,905.0
5445.0,28,644.0,10.222222222222221,4.546932238552499,11,337.0,0.20714461477144244,17,527.0,0.31301779335033536,28,864.0
5450.0,26,599.0,9.075757575757576,4.869131402462695,7,261.0,0.2996376265465862,19,515.0,0.2068110959445062,26,776.0
5455.0,33,443.0,6.514705882352941,4.2642074599804065,11,284.0,0.30580356207200937,22,463.0,0.1385231755016346,33,747.0
5460.0,27,363.0,5.112676056338028,5.5679172941566515,11,320.0,0.37433014875145715,16,362.0,0.24118840225177895,27,682.0
5465.0,22,384.0,5.485714285714286,5.325685697315581,8,318.0,0.4813189612520966,14,384.0,0.233761793250228,22,702.0
5470.0,26,446.0,6.656716417910448,5.649096803303169,9,341.0,0.4505419083396207,17,391.0,0.24122472066978579,26,732.0
5475.0,29,532.0,7.823529411764706,4.369287576959246,12,379.0,0.23482456735277574,17,383.0,0.1922885691843527,29,762.0
5480.0,33,628.0,8.722222222222221,4.834754821234574,18,455.0,0.21617968406459334,15,360.0,0.2572807765697467,33,815.0
5485.0,32,491.0,7.014285714285714,4.741547259905778,15,383.0,0.2606554277677068,17,372.0,0.319096346272579,32,755.0
5490.0,30,445.0,6.267605633802817,4.904681363787322,14,294.0,0.32167274080112934,16,402.0,0.28119277482702715,30,696.0
5495.0,34,510.0,7.285714285714286,4.363773805517269,13,299.0,0.31355551128264697,21,480.0,0.20431952396005404,34,779.0
5500.0,40,642.0,8.794520547945206,4.042029584157954,19,336.0,0.25428235486103207,21,528.0,0.18639271453792058,40,864.0
5505.0,39,676.0,9.013333333333334,3.677149604524401,19,378.0,0.22039171767941793,20,558.0,0.23577855414854523,39,936.0
5510.0,36,549.0,6.949367088607595,4.730445049860532,14,344.0,0.3434407063104571,22,524.0,0.21566428556364242,36,868.0
5515.0,31,626.0,7.825,5.284170335826384,11,344.0,0.35287677346941526,20,511.0,0.1898057148550274,31,855.0
5520.0,30,551.0,6.802469135802469,5.072834959334395,11,344.0,0.3251668949931311,19,511.0,0.17043850808772978,30,855.0
5525.0,34,378.0,4.666666666666667,4.430355776628825,19,352.0,0.2151971260747552,15,424.0,0.15946934706132962,34,776.0
5530.0,36,493.0,6.847222222222222,4.889113896523351,24,450.0,0.20819027942579701,12,333.0,0.33506374285928797,36,783.0
5535.0,36,628.0,9.235294117647058,4.28347915794899,23,538.0,0.15945045832583693,13,305.0,0.3188348507034577,36,843.0
5540.0,29,581.0,8.420289855072463,4.27033457448634,17,572.0,0.1841507493322068,12,289.0,0.19751563392983354,29,861.0
5545.0,31,588.0,8.647058823529411,4.665917850558462,16,587.0,0.2812830177411754,15,284.0,0.13219162260550416,31,871.0
5550.0,31,556.0,8.298507462686567,4.877481272014296,17,570.0,0.2878807515109386,14,284.0,0.2790743429554243,31,854.0
5555.0,30,669.0,10.136363636363637,4.772852708402726,18,621.0,0.2101572501308877,12,308.0,0.44995580637562527,30,929.0
5560.0,27,669.0,9.838235294117647,4.826123421174306,17,640.0,0.1903013313312221,10,275.0,0.36572212109419283,27,915.0
5565.0,30,597.0,8.408450704225352,4.64519282606901,18,600.0,0.1983327650722639,12,247.0,0.2844618564465459,30,847.0
5570.0,32,456.0,6.422535211267606,4.380006571066552,18,517.0,0.24413935783839358,14,316.0,0.20173872381227806,32,833.0
5575.0,35,559.0,7.763888888888889,3.9835043972976587,16,548.0,0.2848907169916702,19,394.0,0.22917567328275393,35,942.0
5580.0,38,597.0,8.291666666666666,4.156730547660053,21,600.0,0.222337928629559,17,384.0,0.28747864488563907,38,984.0
5585.0,35,459.0,6.0394736842105265,3.9431519304954477,25,636.0,0.12563793428413766,10,296.0,0.36124046149714373,35,932.0
5590.0,38,546.0,7.0,4.522733534001462,26,662.0,0.11733851109687327,12,248.0,0.2955647650462936,38,910.0
5595.0,36,550.0,7.051282051282051,4.486976181313929,25,713.0,0.09397000731917064,11,231.0,0.33384878791388045,36,944.0
5600.0,28,407.0,5.151898734177215,4.966694728300798,17,691.0,0.1894683378990059,11,242.0,0.2629781210133392,28,933.0
5605.0,23,374.0,4.921052631578948,5.205720647569898,11,639.0,0.27414674060645977,12,261.0,0.26220244650012287,23,900.0
5610.0,25,329.0,4.569444444444445,5.215625782006611,13,515.0,0.20135887938646674,12,294.0,0.2914114187276669,25,809.0
5615.0,33,406.0,6.059701492537314,4.566922827279026,19,534.0,0.149732142595866,14,349.0,0.2839251456841548,33,883.0
5620.0,39,547.0,8.415384615384616,3.871293477974769,24,580.0,0.15200154806336386,15,416.0,0.2205198920215989,39,996.0
5625.0,41,664.0,10.53968253968254,3.267043743024281,23,609.0,0.19421418472249624,18,477.0,0.16757016600768018,41,1086.0
5630.0,28,598.0,9.64516129032258,4.525509228095097,13,540.0,0.27594944699521834,15,492.0,0.2425147903550778,28,1032.0
5635.0,24,544.0,8.918032786885245,3.808026635828016,10,518.0,0.21816183624813698,14,487.0,0.16706911964513374,24,1005.0
5640.0,26,550.0,9.01639344262295,3.5914243979005804,15,485.0,0.2077228370702792,11,520.0,0.15001590884991758,26,1005.0
5645.0,30,634.0,10.39344262295082,3.4341266881022428,17,487.0,0.11285315925498234,13,532.0,0.2202630979553702,30,1019.0
5650.0,28,375.0,5.859375,4.062369040190017,18,431.0,0.15433787976625052,10,413.0,0.23179215743981332,28,844.0
5655.0,16,185.0,2.7205882352941178,5.602631370787066,9,438.0,0.2983599442057466,7,174.0,0.3721121157644902,16,612.0
5660.0,22,272.0,3.9420289855072466,6.310900538505092,14,462.0,0.3689820386501076,8,152.0,0.4244225373180067,22,614.0
5665.0,29,351.0,5.086956521739131,4.979421294429401,21,549.0,0.24355657938619538,8,160.0,0.40031751844552393,29,709.0
5670.0,31,439.0,6.455882352941177,4.0998746715050585,23,576.0,0.11907790172312087,8,167.0,0.39163557814937716,31,743.0
5675.0,30,419.0,6.161764705882353,4.073485782203553,23,548.0,0.12800813852957615,7,171.0,0.3404878466718835,30,719.0
5680.0,24,429.0,6.3088235294117645,4.54510772886854,17,630.0,0.20753515134624045,7,158.0,0.2721542968470119,24,788.0
5685.0,27,509.0,7.953125,4.501013938751435,20,714.0,0.21777998082716793,7,178.0,0.3097236881976924,27,892.0
5690.0,34,622.0,9.569230769230769,3.5980035610574626,23,765.0,0.15290348382866006,11,217.0,0.21578782092508622,34,982.0
5695.0,29,601.0,9.53968253968254,3.373039467426221,20,770.0,0.16074873227561665,9,188.0,0.21014749691321227,29,958.0
5700.0,28,551.0,8.348484848484848,3.6297342876338723,18,736.0,0.21940954944517943,10,155.0,0.15647737221942074,28,891.0
5705.0,21,437.0,6.522388059701493,4.483958275099203,14,655.0,0.23703387667129538,7,168.0,0.32572611657541145,21,823.0
5710.0,25,270.0,4.029850746268656,4.486854365437091,18,579.0,0.1918056954248508,7,162.0,0.44719015260984785,25,741.0
5715.0,33,394.0,5.96969696969697,3.89924255409314,26,575.0,0.1357062663740089,7,203.0,0.4633900916362686,33,778.0
5720.0,40,413.0,6.164179104477612,3.2988616864696003,33,685.0,0.07548182857441868,7,161.0,0.48138360700510185,40,846.0
5725.0,37,515.0,7.686567164179104,3.6712866590178446,32,767.0,0.09095523965010499,5,60.0,0.457574973398793,37,827.0
5730.0,38,579.0,8.514705882352942,3.4745186777438493,31,820.0,0.129561150379753,7,77.0,0.34420599605106295,38,897.0
5735.0,37,500.0,7.142857142857143,3.48229838670805,24,773.0,0.1495422823241666,13,131.0,0.19010565512598207,37,904.0
5740.0,32,386.0,5.436619718309859,4.030328892919924,18,662.0,0.1729916807337682,14,150.0,0.20443145713474858,32,812.0
5745.0,27,352.0,5.101449275362318,4.708141612270817,12,687.0,0.2414631119949148,15,191.0,0.21014016500800117,27,878.0
5750.0,31,455.0,6.408450704225352,4.306195171437669,15,691.0,0.23827922838869955,16,264.0,0.23685253217638752,31,955.0
5755.0,35,525.0,7.291666666666667,3.7403793777092957,20,732.0,0.17128504094119806,15,324.0,0.2411107020023234,35,1056.0
5760.0,38,590.0,8.428571428571429,3.0162625884537246,26,822.0,0.13221540191353168,12,329.0,0.2941546932662624,38,1151.0
5765.0,38,439.0,5.701298701298701,3.9572465530416676,31,855.0,0.10414998862935076,7,254.0,0.40274633339107757,38,1109.0
5770.0,41,630.0,7.777777777777778,4.854283167832914,32,970.0,0.10550956358795326,9,185.0,0.47857086815015487,41,1155.0
5775.0,38,713.0,8.695121951219512,4.799909909910236,29,1008.0,0.12657710933695804,9,194.0,0.46861256159051395,38,1202.0
5780.0,35,505.0,5.872093023255814,4.568445746527131,24,962.0,0.17201746390373324,11,171.0,0.25176910453088647,35,1133.0
5785.0,30,415.0,5.060975609756097,5.184726561118587,17,998.0,0.2763057832318398,13,141.0,0.2579247809138302,30,1139.0
5790.0,34,495.0,6.1875,4.394528759293657,21,1093.0,0.2196853683070423,13,187.0,0.21933385261439514,34,1280.0
5795.0,39,629.0,8.386666666666667,3.131547893677531,27,1096.0,0.10046116114318039,12,218.0,0.2716436295529786,39,1314.0
5800.0,36,654.0,8.605263157894736,3.497171726266922,25,984.0,0.11432508264971013,11,215.0,0.22248693673972106,36,1199.0
5805.0,33,740.0,9.487179487179487,4.821742103922944,21,881.0,0.23543502304810757,12,212.0,0.26508861516706683,33,1093.0
5810.0,27,654.0,8.278481012658228,5.163857424172182,16,766.0,0.26756386232022206,11,250.0,0.23386735900768038,27,1016.0
5815.0,30,553.0,7.181818181818182,4.769070843964734,19,701.0,0.22805617581356125,11,291.0,0.18465371737465366,30,992.0
5820.0,29,382.0,4.961038961038961,4.332736378939311,19,702.0,0.13822561599381183,10,254.0,0.3121180328462482,29,956.0
5825.0,25,391.0,5.144736842105263,4.98336400446328,16,637.0,0.17188642907565393,9,200.0,0.4118426009666122,25,837.0
5830.0,23,459.0,6.202702702702703,5.781180911233193,15,663.0,0.30705287624019906,8,206.0,0.3374209522325509,23,869.0
5835.0,28,424.0,5.578947368421052,5.065115177572598,16,628.0,0.2523565964243497,12,244.0,0.24120221512439866,28,872.0
5840.0,36,377.0,4.833333333333333,4.31946408156636,27,666.0,0.1420600917376626,9,206.0,0.3392260780956946,36,872.0
5845.0,38,426.0,5.68,4.513238482708781,29,763.0,0.1683845011095026,9,113.0,0.4704828530611269,38,876.0
5850.0,38,496.0,6.358974358974359,4.469266289302436,32,844.0,0.20520635168028967,6,108.0,0.40951620946471295,38,952.0
5855.0,37,590.0,7.283950617283951,4.515188427857918,30,945.0,0.15821440997426708,7,85.0,0.4524763099026604,37,1030.0
5860.0,38,598.0,7.382716049382716,4.275515350359015,28,994.0,0.14226294644953297,10,106.0,0.32439919078676144,38,1100.0
5865.0,38,656.0,7.903614457831325,3.6125858589532642,24,1027.0,0.14696174262622272,14,167.0,0.17670778589919464,38,1194.0
5870.0,43,576.0,6.9397590361445785,3.3638880167369485,26,1064.0,0.15740586426600062,17,195.0,0.18504230704532346,43,1259.0
5875.0,44,550.0,6.7073170731707314,2.9151102946692253,28,1147.0,0.13174312202456004,16,221.0,0.1964214444845083,44,1368.0
5880.0,32,446.0,5.575,3.472421363821718,21,1164.0,0.15138823687575936,11,236.0,0.24671732465467927,32,1400.0
5885.0,32,403.0,4.914634146341464,3.522281613157132,22,1170.0,0.09915032053597744,10,205.0,0.213220548251126,32,1375.0
5890.0,32,494.0,6.175,3.973242942273683,26,1117.0,0.05502519146800908,6,176.0,0.3832157641745513,32,1293.0
5895.0,41,616.0,7.604938271604938,3.86090041124759,32,1102.0,0.09893073865425657,9,178.0,0.3281665513325814,41,1280.0
5900.0,39,707.0,8.8375,3.788949079852428,26,1159.0,0.14983092627339187,13,193.0,0.3442645391243946,39,1352.0
5905.0,35,732.0,9.506493506493506,3.2682426525895663,21,1151.0,0.19363142794221802,14,228.0,0.2285437526871649,35,1379.0
5910.0,29,582.0,7.367088607594937,3.8467578463903664,21,1114.0,0.19043116331629023,8,212.0,0.263158918634675,29,1326.0
5915.0,36,474.0,5.780487804878049,3.97714288354016,25,1034.0,0.15886291347260262,11,172.0,0.23872853983413403,36,1206.0
5920.0,44,381.0,4.646341463414634,3.5805380816408334,32,1055.0,0.09273464421464522,12,162.0,0.3200158470571895,44,1217.0
5925.0,46,517.0,6.628205128205129,3.715039129485583,34,1054.0,0.1053941880039699,12,192.0,0.34619075975277636,46,1246.0
5930.0,44,620.0,7.948717948717949,3.0954610105621367,34,1139.0,0.0633437324414294,10,186.0,0.2688622501146531,44,1325.0
5935.0,36,597.0,7.653846153846154,4.015752988688978,26,1143.0,0.07809157339751413,10,185.0,0.27282633586369237,36,1328.0
5940.0,34,635.0,8.14102564102564,4.172737970635323,21,1129.0,0.15495034758300916,13,240.0,0.20376186469260074,34,1369.0
5945.0,37,618.0,8.35135135135135,3.6739868825675055,22,1044.0,0.14357705196781548,15,300.0,0.2053832272707599,37,1344.0
5950.0,32,580.0,7.945205479452055,3.7287536165494575,21,1075.0,0.10562764072900599,11,325.0,0.2878976230572284,32,1400.0
5955.0,26,444.0,6.3428571428571425,4.2002926825341245,14,1040.0,0.17209682049979982,12,326.0,0.24644070325309225,26,1366.0
5960.0,24,394.0,5.472222222222222,5.13124150536803,14,982.0,0.2014431343094411,10,292.0,0.2988862035625816,24,1274.0
5965.0,31,492.0,7.235294117647059,4.499683471635565,19,885.0,0.22564085000177256,12,288.0,0.2920335746832523,31,1173.0
5970.0,33,602.0,8.852941176470589,3.6988634329424834,20,836.0,0.2197881659271472,13,332.0,0.2726236587421196,33,1168.0
5975.0,29,519.0,7.521739130434782,3.8196349278621824,19,749.0,0.15153587491940212,10,342.0,0.37989918208652174,29,1091.0
5980.0,34,486.0,6.5675675675675675,4.026268188072854,23,740.0,0.09795466895226075,11,296.0,0.38380674384217417,34,1036.0
5985.0,38,531.0,6.9868421052631575,4.745875212756369,24,791.0,0.17925619280001834,14,231.0,0.36970721359352987,38,1022.0
5990.0,34,471.0,6.116883116883117,4.391224206874,16,754.0,0.25726508998712083,18,272.0,0.18373334683233314,34,1026.0
5995.0,31,503.0,6.797297297297297,4.365940032831488,11,689.0,0.2818753556470395,20,314.0,0.14618234249519146,31,1003.0
6000.0,34,506.0,7.027777777777778,4.109519858998223,14,616.0,0.2110690275960878,20,364.0,0.1878935154684562,34,980.0
6005.0,32,337.0,4.680555555555555,3.6903360970402446,17,549.0,0.15970718774028458,15,351.0,0.23937944819344306,32,900.0
6010.0,39,410.0,5.466666666666667,3.7391051782839977,20,563.0,0.14356606982104464,19,372.0,0.23363856563216961,39,935.0
6015.0,38,390.0,5.064935064935065,4.31286952225855,20,586.0,0.23141852729542628,18,384.0,0.23660213399364646,38,970.0
6020.0,32,366.0,4.815789473684211,4.54988719905935,11,528.0,0.30462103933865575,21,456.0,0.2187866626368821,32,984.0
6025.0,33,419.0,5.901408450704225,4.113763426765887,13,480.0,0.30145662410431207,20,520.0,0.17853227113576878,33,1000.0
6030.0,36,437.0,6.154929577464789,3.3958240978195016,13,398.0,0.2332009978968139,23,570.0,0.1283577364500323,36,968.0
6035.0,35,434.0,6.112676056338028,3.4522933801219287,17,451.0,0.20494983917193285,18,547.0,0.14723485197120753,35,998.0
6040.0,40,556.0,7.722222222222222,3.360669533402777,23,517.0,0.13269882789655632,17,564.0,0.24213511668950588,40,1081.0
6045.0,37,614.0,8.186666666666667,3.7911413982906454,20,551.0,0.17647814646749954,17,557.0,0.2616327828276687,37,1108.0
6050.0,34,623.0,8.774647887323944,4.02299984343304,12,488.0,0.3196435413754315,22,622.0,0.1839413169375508,34,1110.0
6055.0,35,582.0,8.083333333333334,3.538713081559594,10,466.0,0.30041047586586095,25,681.0,0.08956282929933643,35,1147.0
6060.0,43,668.0,8.564102564102564,3.4124575276522617,15,411.0,0.22083154708873448,28,744.0,0.09227512721623743,43,1155.0
6065.0,37,709.0,9.328947368421053,4.219557247107769,20,492.0,0.18439751547059532,17,729.0,0.26124793055647794,37,1221.0
6070.0,35,555.0,7.5,4.336478250739927,24,590.0,0.14040082493038286,11,624.0,0.3246687829921577,35,1214.0
6075.0,32,501.0,6.5064935064935066,4.267384898999628,21,625.0,0.2093810345782615,11,452.0,0.21959840330938843,32,1077.0
6080.0,32,454.0,6.305555555555555,4.3106153849986635,12,559.0,0.3211344710522603,20,491.0,0.16282342670428535,32,1050.0
6085.0,33,441.0,5.88,4.385876809628398,10,440.0,0.24998795551127123,23,554.0,0.20021933290901736,33,994.0
6090.0,38,455.0,5.909090909090909,4.18772638737395,15,353.0,0.2143251195819978,23,607.0,0.24690559431883807,38,960.0
6095.0,32,450.0,6.428571428571429,4.070798131580471,18,386.0,0.1943641852789631,14,565.0,0.3067619060083969,32,951.0
6100.0,26,455.0,6.408450704225352,3.943995397759551,12,367.0,0.19394052909728826,14,515.0,0.23247265676905854,26,882.0
6105.0,28,412.0,5.6438356164383565,4.382706360173374,10,324.0,0.24701335203740465,18,535.0,0.2176050598698382,28,859.0
6110.0,36,481.0,6.246753246753247,4.335773547011248,14,298.0,0.24439951066198629,22,578.0,0.23406425725959895,36,876.0
6115.0,29,496.0,6.794520547945205,5.1808309676217865,14,292.0,0.26430232517094626,15,565.0,0.3179124207474015,29,857.0
6120.0,34,624.0,8.914285714285715,4.752733451464773,17,301.0,0.16825396007307533,17,594.0,0.27992427065350917,34,895.0
6125.0,32,710.0,9.466666666666667,4.833656820786305,14,303.0,0.18971518567883716,18,664.0,0.2454194656942176,32,967.0
6130.0,23,613.0,8.757142857142858,5.980814048684516,6,243.0,0.3418822905027276,17,696.0,0.23210021347103169,23,939.0
6135.0,22,615.0,9.044117647058824,6.916465868570145,7,201.0,0.44861070994660085,15,698.0,0.24372807330704702,22,899.0
6140.0,24,653.0,9.893939393939394,5.57611703834664,8,130.0,0.3339881824011855,16,765.0,0.1373299728453959,24,895.0
6145.0,32,789.0,12.523809523809524,4.824009616581625,14,169.0,0.3234244697694821,18,839.0,0.17239363356413137,32,1008.0
6150.0,32,761.0,12.475409836065573,3.9684651177219976,15,204.0,0.2084451501503347,17,825.0,0.2507191380777987,32,1029.0
6155.0,32,891.0,14.142857142857142,5.088776475302553,16,255.0,0.2798849210979463,16,853.0,0.31295748854903693,32,1108.0
6160.0,31,955.0,14.469696969696969,4.058076609626066,15,264.0,0.2169291624188142,16,914.0,0.26353935116545646,31,1178.0
6165.0,28,997.0,15.106060606060606,4.985742453697114,10,235.0,0.25038549942797966,18,998.0,0.2658847779878231,28,1233.0
6170.0,29,1056.0,15.761194029850746,5.174650902872617,12,233.0,0.2926417119820648,17,1007.0,0.17350781500820683,29,1240.0
6175.0,26,1050.0,15.671641791044776,5.3231652835701295,9,234.0,0.2964636176767544,17,1003.0,0.123695991063904,26,1237.0
6180.0,29,823.0,13.274193548387096,5.24014557319213,16,294.0,0.27785781223500744,13,828.0,0.22118240936930042,29,1122.0
6185.0,24,327.0,5.5423728813559325,4.866061271511307,12,254.0,0.26754765632137195,12,558.0,0.22261758053606012,24,812.0
6190.0,29,358.0,6.392857142857143,4.4361163683268865,17,237.0,0.202789055662962,12,422.0,0.2507301106817578,29,659.0
6195.0,27,405.0,6.864406779661017,4.530825827834897,13,265.0,0.26513224263128116,14,453.0,0.25139501709588885,27,718.0
6200.0,22,399.0,6.762711864406779,5.204381032124409,8,241.0,0.30067448508708094,14,471.0,0.288448566556018,22,712.0
6205.0,23,313.0,5.216666666666667,4.680193891718884,8,221.0,0.33627650409033266,15,479.0,0.16530957301671856,23,700.0
6210.0,25,265.0,4.344262295081967,4.717242170224465,11,180.0,0.22163937318294963,14,460.0,0.20261101955402855,25,640.0
6215.0,28,340.0,5.762711864406779,4.103249723601614,14,204.0,0.1328908169949002,14,494.0,0.22324352593957647,28,698.0
6220.0,23,377.0,6.5,5.33936496993527,10,210.0,0.23528880039744687,13,503.0,0.26505647020176676,23,713.0
6225.0,23,361.0,6.11864406779661,4.578881925126732,9,184.0,0.24170006892866233,14,533.0,0.17797337693046886,23,717.0
6230.0,25,456.0,7.6,5.724438213643707,12,204.0,0.2753969130868835,13,570.0,0.26963616147666103,25,774.0
6235.0,23,344.0,5.931034482758621,5.700368064318608,11,200.0,0.32094039436480354,12,511.0,0.2569601264555216,23,711.0
6240.0,24,437.0,7.5344827586206895,6.347682983416281,12,187.0,0.33687148959757424,12,509.0,0.32789562562378105,24,696.0
6245.0,21,400.0,7.407407407407407,5.797792675281794,10,209.0,0.3281718731475409,11,444.0,0.35947878582296866,21,653.0
6250.0,22,365.0,6.4035087719298245,6.044344724846303,12,248.0,0.34619847980027457,10,275.0,0.38092517358473255,22,523.0
6255.0,26,481.0,8.589285714285714,4.940426096577708,13,309.0,0.3222509874262317,13,231.0,0.2900812858134925,26,540.0
6260.0,30,574.0,9.40983606557377,4.156308361751126,17,387.0,0.29382692078970774,13,266.0,0.19577474380200266,30,653.0
6265.0,28,534.0,8.476190476190476,3.9663041536918158,18,383.0,0.2567254669884666,10,286.0,0.15717426532458342,28,669.0
6270.0,23,335.0,5.317460317460317,4.548754337234837,12,280.0,0.2647533380225163,11,269.0,0.15025374974438904,23,549.0
6275.0,17,211.0,3.296875,6.074572234442896,10,217.0,0.33250672009603316,7,222.0,0.25420985290812104,17,439.0
6280.0,21,264.0,4.125,5.746879133088758,13,266.0,0.26719186666391326,8,246.0,0.3095340378019825,21,512.0
6285.0,29,371.0,6.081967213114754,4.464033569355991,19,341.0,0.16953136856199305,10,261.0,0.2396748753839574,29,602.0
6290.0,32,340.0,5.483870967741935,4.397262516911477,20,358.0,0.23774272280102618,12,282.0,0.24662797215472673,32,640.0
6295.0,27,397.0,6.616666666666666,4.794706223070549,18,383.0,0.2244781519337851,9,281.0,0.3170042001458211,27,664.0
6300.0,29,425.0,6.538461538461538,4.373568441384545,18,411.0,0.23934268261171288,11,267.0,0.25206439099751876,29,678.0
6305.0,21,307.0,4.582089552238806,5.266552826527778,12,374.0,0.2786141326521708,9,201.0,0.33032725626096476,21,575.0
6310.0,20,324.0,4.909090909090909,4.994402982519052,11,400.0,0.33323654810027437,9,218.0,0.22341130018936878,20,618.0
6315.0,25,394.0,5.549295774647887,4.9007171660917175,15,435.0,0.1879686287125589,10,232.0,0.29958695668704816,25,667.0
6320.0,29,495.0,6.875,4.699234041594417,19,461.0,0.09389795762934489,10,281.0,0.41847976336319526,29,742.0
6325.0,24,532.0,7.6,5.487867330864262,15,443.0,0.1743173894577266,9,267.0,0.4249266463277499,24,710.0
6330.0,24,444.0,6.8307692307692305,4.6388784905898985,16,422.0,0.17188656657558946,8,241.0,0.30638515583303244,24,663.0
6335.0,36,457.0,7.140625,3.927765084659703,22,385.0,0.15832745357357456,14,284.0,0.22430196383777223,36,669.0
6340.0,36,568.0,8.738461538461538,3.2672975509947495,20,428.0,0.11596306189407611,16,359.0,0.2552618018178847,36,787.0
6345.0,40,711.0,10.772727272727273,3.5624081210712366,27,541.0,0.1156111241485971,13,414.0,0.34717654024541783,40,955.0
6350.0,35,779.0,12.365079365079366,4.3664869314827754,24,588.0,0.12492306539124745,11,409.0,0.4135563522986922,35,997.0
6355.0,26,715.0,11.721311475409836,4.175841974612472,16,559.0,0.13625610318069037,10,409.0,0.24106860567851682,26,968.0
6360.0,31,780.0,11.818181818181818,3.8977178727446926,18,591.0,0.13672643234723345,13,412.0,0.08732163618177351,31,1003.0
6365.0,31,879.0,13.318181818181818,4.263639217384033,19,614.0,0.1877210293470636,12,469.0,0.22008295188587718,31,1083.0
6370.0,31,918.0,14.34375,4.946577264608564,21,649.0,0.23323699597224296,10,497.0,0.3424341602270203,31,1146.0
6375.0,27,464.0,7.03030303030303,5.403938905740056,19,640.0,0.2581998140167348,8,337.0,0.36849579050632214,27,977.0
6380.0,23,241.0,3.6515151515151514,5.306790465753343,16,647.0,0.2185930371166945,7,178.0,0.4467734862874227,23,825.0
6385.0,25,214.0,3.4516129032258065,5.055937012142177,16,574.0,0.20708045533942757,9,126.0,0.3972823862183829,25,700.0
6390.0,19,202.0,3.15625,4.552454325020923,13,574.0,0.22829457442364168,6,142.0,0.2616856670093577,19,716.0
6395.0,24,299.0,4.671875,5.413036105653163,18,629.0,0.19562425573926714,6,142.0,0.36889745743260693,24,771.0
6400.0,29,388.0,6.258064516129032,4.630335351551426,22,666.0,0.16543063017853543,7,162.0,0.33361275758253706,29,828.0
6405.0,31,452.0,7.0625,4.743583319436052,23,648.0,0.1849674834486827,8,203.0,0.32674577352707934,31,851.0
6410.0,26,488.0,7.625,4.42062918364768,19,672.0,0.2114289691754973,7,230.0,0.34514801279181107,26,902.0
6415.0,23,448.0,7.111111111111111,5.265177454758045,15,631.0,0.21193862314004933,8,246.0,0.42665920788342593,23,877.0
6420.0,21,477.0,7.693548387096774,4.981351669187399,14,632.0,0.16144552133483744,7,271.0,0.42629741242262115,21,903.0
6425.0,27,564.0,8.545454545454545,4.988567621125723,20,579.0,0.14264501645947583,7,306.0,0.4703338073121524,27,885.0
6430.0,30,651.0,10.015384615384615,4.399302604334739,21,617.0,0.1824527384280188,9,337.0,0.4287374116296763,30,954.0
6435.0,25,714.0,11.15625,4.851160253847863,15,598.0,0.19945376528571238,10,380.0,0.395622550988479,25,978.0
6440.0,23,587.0,8.761194029850746,4.534996610539665,15,536.0,0.17153074859074038,8,413.0,0.3290102019366203,23,949.0
6445.0,34,635.0,8.819444444444445,4.968666013938375,21,459.0,0.16734879836535135,13,468.0,0.4183735328547486,34,927.0
6450.0,33,646.0,9.228571428571428,4.67152394971313,20,497.0,0.22873643595516577,13,430.0,0.42267189589375415,33,927.0
6455.0,26,701.0,9.873239436619718,5.530597127877329,16,482.0,0.2767217456157777,10,445.0,0.4071015081242637,26,927.0
6460.0,26,352.0,4.756756756756757,4.911401177380662,14,454.0,0.25530788547906086,12,296.0,0.2588750756162735,26,750.0
6465.0,36,434.0,5.636363636363637,5.35163115583073,19,504.0,0.2666601961938724,17,174.0,0.29142407452636415,36,678.0
6470.0,38,547.0,7.293333333333333,4.413656156295816,19,538.0,0.2347644235854989,19,250.0,0.2876085343479418,38,788.0
6475.0,37,668.0,8.675324675324676,4.3435770092239965,20,581.0,0.2609072622115617,17,311.0,0.2808439471277058,37,892.0
6480.0,39,706.0,8.936708860759493,3.9672647481490784,21,555.0,0.2163252512666558,18,342.0,0.30821436483272746,39,897.0
6485.0,39,523.0,6.45679012345679,3.754448520090424,21,520.0,0.2033886561317534,18,360.0,0.26223861116054337,39,880.0
6490.0,35,441.0,5.25,3.914460987580952,20,547.0,0.10850820176270592,15,321.0,0.274154989731422,35,868.0
6495.0,28,290.0,3.5365853658536586,4.273180482196135,16,523.0,0.1642636492479949,12,275.0,0.24652832584336348,28,798.0
6500.0,28,326.0,4.0246913580246915,5.581060859799874,12,500.0,0.32984712880969985,16,269.0,0.2324542258221026,28,769.0
6505.0,28,353.0,4.5256410256410255,4.172174279344759,11,471.0,0.28116781494864723,17,318.0,0.12396980895517956,28,789.0
6510.0,34,437.0,5.4625,4.712819119465782,17,480.0,0.19405387667295143,17,362.0,0.25759784406995223,34,842.0
6515.0,33,517.0,6.8933333333333335,4.256234725216501,19,491.0,0.11764420325660198,14,395.0,0.2764681725612281,33,886.0
6520.0,42,628.0,8.051282051282051,4.455264855250473,20,433.0,0.18669811385899104,22,474.0,0.23253499816742576,42,907.0
6525.0,40,725.0,9.294871794871796,3.772349434757962,18,456.0,0.23884184349063498,22,556.0,0.1897825257356443,40,1012.0
6530.0,30,688.0,8.935064935064934,4.855624140737283,11,400.0,0.3239670741204749,19,607.0,0.16004851809164722,30,1007.0
6535.0,29,640.0,8.421052631578947,4.742048901017654,10,415.0,0.3200815422634206,19,628.0,0.13097444492523577,29,1043.0
6540.0,37,611.0,7.54320987654321,4.442335540056161,17,483.0,0.21510150982154397,20,601.0,0.1268461336869073,37,1084.0
6545.0,41,623.0,8.090909090909092,3.9966301311789474,21,472.0,0.22486869634151604,20,612.0,0.15105389888877796,41,1084.0
6550.0,39,724.0,10.055555555555555,3.9453148193609104,20,508.0,0.259688171845927,19,660.0,0.1927746465721421,39,1168.0
6555.0,34,759.0,10.690140845070422,3.5360023276815196,19,524.0,0.12393442687509537,15,661.0,0.26251112971822893,34,1185.0
6560.0,30,611.0,8.36986301369863,4.211878195722563,15,470.0,0.12638557322825775,15,635.0,0.2642338336524786,30,1105.0
6565.0,26,386.0,5.361111111111111,4.862410162270686,11,428.0,0.2596909790973498,15,629.0,0.23116090918137377,26,1057.0
6570.0,25,437.0,6.069444444444445,5.391957127113496,11,408.0,0.35606704129642186,14,553.0,0.2013351236932841,25,961.0
6575.0,29,473.0,6.757142857142857,4.187871195207949,13,438.0,0.25230077003908685,16,582.0,0.10749814436792347,29,1020.0
6580.0,39,596.0,8.514285714285714,3.896947972973224,19,497.0,0.2125520273623872,20,585.0,0.14943308452107065,39,1082.0
6585.0,41,567.0,7.875,3.1032747088543053,21,530.0,0.16595902461315618,20,588.0,0.1982217835204061,41,1118.0
6590.0,40,705.0,9.791666666666666,4.044001003731996,21,548.0,0.24515830482719114,19,653.0,0.30874704796408664,40,1201.0
6595.0,43,790.0,10.394736842105264,4.184875390767607,23,601.0,0.2675557631905304,20,647.0,0.3118343429297557,43,1248.0
6600.0,34,729.0,9.592105263157896,3.6452925664545486,15,591.0,0.2752209762615205,19,652.0,0.11560640826783322,34,1243.0
6605.0,31,470.0,6.103896103896104,3.6019443157366284,12,461.0,0.2162079576653737,19,579.0,0.12757155341673354,31,1040.0
6610.0,23,189.0,2.4545454545454546,4.453094935754748,12,327.0,0.17619558558776185,11,483.0,0.20297074365925738,23,810.0
6615.0,26,236.0,3.189189189189189,4.674991062083772,16,351.0,0.1493660184931057,10,399.0,0.28318324668832734,26,750.0
6620.0,24,290.0,4.142857142857143,5.437879692637101,12,335.0,0.19205552806037807,12,360.0,0.2540374479914495,24,695.0
6625.0,20,336.0,5.014925373134329,5.560848554372249,11,331.0,0.322148039375654,9,304.0,0.19887824513049088,20,635.0
6630.0,23,355.0,5.546875,4.593731716350296,12,331.0,0.2521481630892242,11,327.0,0.20501857354316183,23,658.0
6635.0,28,457.0,7.491803278688525,4.521791926320249,17,391.0,0.20945075481392886,11,346.0,0.2227200454208551,28,737.0
6640.0,32,557.0,9.131147540983607,4.182681684957583,19,448.0,0.17577612844535467,13,356.0,0.2141776187682212,32,804.0
6645.0,22,606.0,10.1,5.1126865327075155,13,480.0,0.22235252219583065,9,389.0,0.29911775941377194,22,869.0
6650.0,20,412.0,7.103448275862069,4.2681215368704795,11,417.0,0.2136744393384005,9,352.0,0.24993610583509746,20,769.0
6655.0,27,444.0,7.52542372881356,4.867832439086297,14,349.0,0.28489921023991466,13,387.0,0.25206888695122376,27,736.0
6660.0,31,537.0,8.661290322580646,4.854539325034877,16,386.0,0.2985339169684015,15,427.0,0.2911793473748442,31,813.0
6665.0,20,557.0,8.703125,5.184649681295159,9,396.0,0.29589209536471317,11,432.0,0.3353070304743268,20,828.0
6670.0,16,405.0,6.136363636363637,5.165114457275627,8,316.0,0.359348541010352,8,413.0,0.25407027689803846,16,729.0
6675.0,24,383.0,5.632352941176471,5.367446413714593,14,220.0,0.3084323727116811,10,384.0,0.3019572204391541,24,604.0
6680.0,28,263.0,3.925373134328358,4.297528602659732,14,248.0,0.23831021770460503,14,311.0,0.2828037680481719,28,559.0
6685.0,33,293.0,4.246376811594203,4.777428367190332,17,301.0,0.27735750619174065,16,222.0,0.2459964864187683,33,523.0
6690.0,32,340.0,4.657534246575342,4.289057317152834,16,337.0,0.28959784254411436,16,260.0,0.19241355496152082,32,597.0
6695.0,26,295.0,4.154929577464789,4.738976613709897,11,312.0,0.3297384507722374,15,280.0,0.17050683714770815,26,592.0
6700.0,29,309.0,4.232876712328767,4.620984459287118,15,312.0,0.2951431854602095,14,306.0,0.2245663111505791,29,618.0
6705.0,29,328.0,4.493150684931507,4.8644661929839135,18,340.0,0.2071891437088732,11,293.0,0.2968784480780908,29,633.0
6710.0,35,456.0,6.0,4.723571745851892,22,404.0,0.0957595499109952,13,317.0,0.3141024566048371,35,721.0
6715.0,32,548.0,7.116883116883117,5.565056992092126,18,438.0,0.14771488625921583,14,340.0,0.35505659327888284,32,778.0
6720.0,29,641.0,8.780821917808218,5.8604383896971886,18,502.0,0.24630622864973953,11,331.0,0.2947245367229467,29,833.0
6725.0,28,657.0,8.878378378378379,5.275467853613255,16,524.0,0.24811568693583186,12,367.0,0.2212071091174547,28,891.0
6730.0,32,645.0,9.347826086956522,5.253939624054017,15,561.0,0.2195191270195011,17,416.0,0.2614110818583486,32,977.0
6735.0,31,643.0,9.892307692307693,4.513701600350283,15,566.0,0.1784699197260327,16,419.0,0.29755215349877934,31,985.0
6740.0,32,501.0,7.590909090909091,4.03933456145382,14,451.0,0.1885700194985414,18,388.0,0.2286415617568038,32,839.0
6745.0,35,447.0,6.876923076923077,4.460556579733325,19,419.0,0.2651510825500335,16,353.0,0.2749889681175835,35,772.0
6750.0,31,473.0,7.276923076923077,4.509272701747892,16,474.0,0.28450747186049363,15,319.0,0.2744515538894038,31,793.0
6755.0,30,469.0,7.2153846153846155,4.6497269190031645,13,466.0,0.32842667926247227,17,315.0,0.22836120959054385,30,781.0
6760.0,31,446.0,6.656716417910448,4.404882597452018,16,481.0,0.27444969015561466,15,302.0,0.17449467022757573,31,783.0
6765.0,27,383.0,5.550724637681159,4.172335592986777,15,458.0,0.23190766145673192,12,327.0,0.18894803962143236,27,785.0
6770.0,27,224.0,3.2,4.196449752625138,19,415.0,0.2142629289876452,8,302.0,0.2492005002310959,27,717.0
6775.0,31,310.0,4.366197183098592,4.937121846104643,20,363.0,0.14139980478327047,11,321.0,0.3938056308097098,31,684.0
6780.0,31,362.0,4.826666666666667,4.808825166633645,19,399.0,0.12021192294723297,12,318.0,0.38445914309368423,31,717.0
6785.0,27,286.0,3.864864864864865,5.301951415339559,17,406.0,0.17724384752975467,10,289.0,0.3584386176346736,27,695.0
6790.0,24,249.0,3.557142857142857,4.74365114736175,11,389.0,0.2792738833216674,13,298.0,0.24166894291255683,24,687.0
6795.0,32,322.0,4.8059701492537314,3.638348984828658,14,359.0,0.2444961873652822,18,325.0,0.15392722341883774,32,684.0
6800.0,37,406.0,6.246153846153846,2.610922437818256,17,393.0,0.20344268269571736,20,386.0,0.13516103557474166,37,779.0
6805.0,30,447.0,6.984375,3.7525654972232596,12,368.0,0.17903628384600975,18,422.0,0.18687715407490169,30,790.0
6810.0,26,341.0,5.166666666666667,3.842290021785441,10,346.0,0.2063661297932535,16,407.0,0.11302071140809297,26,753.0
6815.0,35,463.0,6.614285714285714,4.778127414668662,14,364.0,0.24721360857052785,21,452.0,0.18773051242993943,35,816.0
6820.0,35,524.0,7.705882352941177,4.298935771704033,16,390.0,0.23083867762908536,19,465.0,0.2541973304066433,35,855.0
6825.0,24,468.0,6.882352941176471,4.826547806439992,8,376.0,0.2806524884682352,16,437.0,0.2550819066762437,24,813.0
6830.0,27,391.0,5.507042253521127,4.311277805611663,10,357.0,0.3272550790537556,17,449.0,0.1589603210132069,27,806.0
6835.0,27,333.0,4.561643835616438,4.7118327683484305,14,311.0,0.24199211055522402,13,427.0,0.2787668574035285,27,738.0
6840.0,35,302.0,4.194444444444445,4.1075391405331025,20,311.0,0.12726083858087367,15,428.0,0.27489603154870634,35,739.0
6845.0,39,361.0,4.945205479452055,4.15886071924146,23,341.0,0.099849298225376,16,420.0,0.2949664796072042,39,761.0
6850.0,39,441.0,6.3,3.35829203772305,21,390.0,0.12959522008805996,18,439.0,0.23097007518793516,39,829.0
6855.0,33,379.0,5.338028169014085,3.7903774028426866,13,376.0,0.16738631902037632,20,433.0,0.21700628350423604,33,809.0
6860.0,28,341.0,4.736111111111111,4.047372266988159,7,342.0,0.2510196477593787,21,458.0,0.19255844353784,28,800.0
6865.0,28,322.0,4.128205128205129,4.41973413523135,13,371.0,0.17698234303639135,15,453.0,0.24317566563135415,28,824.0
6870.0,31,392.0,5.444444444444445,4.4314685300042616,16,425.0,0.18517278097100562,15,454.0,0.2848912954465456,31,879.0
6875.0,40,505.0,6.824324324324325,4.093164033317239,23,527.0,0.16074883688761746,17,481.0,0.24306603667566537,40,1008.0
6880.0,40,601.0,8.232876712328768,3.356434921301571,21,554.0,0.19939252847372085,19,519.0,0.15651956438503054,40,1073.0
6885.0,33,569.0,7.6891891891891895,4.057123521058569,14,495.0,0.20234904799067352,19,537.0,0.16591583906779567,33,1032.0
6890.0,27,550.0,7.2368421052631575,4.577947361722896,6,409.0,0.2535993043635319,21,555.0,0.15383441222046634,27,964.0
6895.0,26,349.0,4.417721518987341,5.429114577643011,7,267.0,0.3853482208631704,19,536.0,0.18438283018739796,26,803.0
6900.0,32,447.0,5.96,4.7567287795363535,12,241.0,0.353686627097532,20,595.0,0.24039644047909647,32,836.0
6905.0,30,515.0,7.054794520547945,4.625156098194931,12,250.0,0.29843398039075364,18,629.0,0.27619179192626847,30,879.0
6910.0,27,382.0,5.305555555555555,4.513820465254152,9,194.0,0.2776246308144587,18,552.0,0.2085682072062537,27,746.0
6915.0,34,398.0,5.4520547945205475,4.410104679310447,11,201.0,0.2356028055863412,23,539.0,0.14321596727611471,34,740.0
6920.0,35,411.0,5.788732394366197,4.588047587993651,10,194.0,0.35483622263663184,25,576.0,0.10353858799686311,35,770.0
6925.0,30,409.0,6.014705882352941,4.2215059696105275,9,194.0,0.24695323555355506,21,574.0,0.16149801983844903,30,768.0
6930.0,31,460.0,6.764705882352941,4.1923028794663235,11,166.0,0.26419533164728265,20,607.0,0.14228360898425851,31,773.0
6935.0,32,513.0,7.434782608695652,5.118597076547932,10,197.0,0.3918523692833555,22,609.0,0.11449549794217297,32,806.0
6940.0,29,498.0,7.323529411764706,4.730433717141836,9,206.0,0.37147018624128264,20,634.0,0.14419457005877445,29,840.0
6945.0,25,343.0,5.119402985074627,4.8786442284757285,11,205.0,0.31809273682768946,14,579.0,0.20182459051110413,25,784.0
6950.0,24,272.0,4.317460317460317,4.5548774819562645,11,161.0,0.22043550689084396,13,578.0,0.2730243161640345,24,739.0
6955.0,37,421.0,6.378787878787879,4.668823919292953,17,224.0,0.17520155672771143,20,643.0,0.2488193183476456,37,867.0
6960.0,34,547.0,8.82258064516129,3.9002190838387243,15,284.0,0.23727233324011168,19,679.0,0.21143533330785758,34,963.0
6965.0,37,670.0,10.806451612903226,3.4481695844455675,18,360.0,0.25322991096517006,19,679.0,0.21504138552349653,37,1039.0
6970.0,39,783.0,12.046153846153846,3.0240672284221564,19,446.0,0.24668864004012933,20,676.0,0.1708651193100261,39,1122.0
6975.0,36,831.0,12.043478260869565,3.6994308046127937,21,545.0,0.15707166968384162,15,575.0,0.2593691749953883,36,1120.0
6980.0,33,830.0,11.527777777777779,4.30695634469286,21,569.0,0.1491380956802163,12,539.0,0.32127809480503405,33,1108.0
6985.0,26,682.0,9.605633802816902,5.128209204201413,12,488.0,0.2503087854677849,14,554.0,0.24915746214486242,26,1042.0
6990.0,32,593.0,8.594202898550725,3.939765773877007,11,400.0,0.2379143574703559,21,641.0,0.07495169426519246,32,1041.0
6995.0,36,534.0,7.970149253731344,3.7085723667154267,12,308.0,0.2024221125983886,24,661.0,0.1007180986061689,36,969.0
7000.0,38,410.0,6.029411764705882,3.7525211869066557,18,303.0,0.25961866341643386,20,593.0,0.16235419357036693,38,896.0
7005.0,26,385.0,5.923076923076923,4.438714390937316,9,233.0,0.38698492950768903,17,632.0,0.14781652094952777,26,865.0
7010.0,27,408.0,6.8,4.3985988993054495,11,208.0,0.40032831949579867,16,635.0,0.1117505690494766,27,843.0
7015.0,28,366.0,5.903225806451613,3.7219600928632883,10,203.0,0.2738100441558618,18,645.0,0.045229239076564766,28,848.0
7020.0,30,332.0,5.442622950819672,4.314828870379433,17,253.0,0.1992282473407925,13,585.0,0.15343098978954675,30,838.0
7025.0,28,334.0,5.859649122807017,4.08205273974814,15,260.0,0.157164258298485,13,544.0,0.20962005890061192,28,804.0
7030.0,27,317.0,5.4655172413793105,4.571232428159085,14,267.0,0.23496264357911212,13,459.0,0.20970288242199817,27,726.0
7035.0,21,298.0,5.418181818181818,4.154506292728319,10,276.0,0.2780485108640096,11,464.0,0.191372401095191,21,740.0
7040.0,20,323.0,6.46,5.441537958261821,10,256.0,0.3249266394413354,10,443.0,0.22501173221079512,20,699.0
7045.0,21,363.0,7.891304347826087,5.084604310224483,10,276.0,0.32354825158848943,11,435.0,0.12938768187493982,21,711.0
7050.0,20,353.0,7.673913043478261,5.335418829668375,11,290.0,0.24047956514333038,9,383.0,0.19135146324200847,20,673.0
7055.0,19,379.0,8.422222222222222,5.186138446178461,10,313.0,0.32411011495715586,9,364.0,0.24337656156067253,19,677.0
7060.0,15,219.0,4.9772727272727275,5.6284851236738005,8,213.0,0.3783964508542644,7,305.0,0.382932903430622,15,518.0
7065.0,18,286.0,6.651162790697675,5.272900585754449,10,170.0,0.2557007110462295,8,254.0,0.4516294661559243,18,424.0
7070.0,18,296.0,6.5777777777777775,5.0520083826810795,12,203.0,0.2759718096413657,6,229.0,0.39135780476774823,18,432.0
7075.0,17,378.0,8.042553191489361,6.528200054661702,10,255.0,0.3669329062434027,7,231.0,0.30988449136060575,17,486.0
7080.0,14,193.0,3.938775510204082,5.812512563850199,7,219.0,0.3771845094383596,7,177.0,0.1431698819104474,14,396.0
7085.0,19,276.0,5.63265306122449,6.950678419978924,10,200.0,0.44258977465175225,9,193.0,0.2538052994515553,19,393.0
7090.0,17,326.0,6.9361702127659575,5.644295977191382,9,237.0,0.37638257365106575,8,220.0,0.2756429538011966,17,457.0
7095.0,17,390.0,8.863636363636363,5.73302809752236,11,270.0,0.282182336227749,6,240.0,0.4443485974052463,17,510.0
7100.0,15,271.0,6.022222222222222,4.8883728315723864,11,226.0,0.2265195406397246,4,200.0,0.319234411586615,15,426.0
7105.0,20,245.0,5.0,5.243921157957085,13,187.0,0.19943955064378907,7,210.0,0.38389953777789415,20,397.0
7110.0,22,295.0,6.020408163265306,5.243399613660738,13,217.0,0.21240876842945325,9,248.0,0.3972521027571804,22,465.0
7115.0,21,348.0,7.1020408163265305,5.066803237853035,14,252.0,0.18285110734488613,7,265.0,0.4360584257078265,21,517.0
7120.0,20,377.0,7.392156862745098,5.066346884426496,12,270.0,0.12711107284958315,8,282.0,0.4311644044255573,20,552.0
7125.0,15,256.0,4.830188679245283,6.448971773814213,7,243.0,0.3333340975021023,8,215.0,0.3649010852806171,15,458.0
7130.0,16,260.0,5.098039215686274,6.963283048974141,8,256.0,0.3263242476979805,8,108.0,0.3346753557128464,16,364.0
7135.0,17,273.0,5.571428571428571,4.940657353656472,8,238.0,0.30823300720040914,9,129.0,0.09489631312755932,17,367.0
7140.0,23,349.0,7.270833333333333,5.789306894832567,9,201.0,0.4375769898126447,14,194.0,0.12638000511928374,23,395.0
7145.0,20,381.0,8.106382978723405,5.463205844689,9,223.0,0.4451710375984403,11,226.0,0.1808724900232973,20,449.0
7150.0,19,440.0,9.777777777777779,6.543484420434847,10,265.0,0.4232049968878841,9,221.0,0.2764751133797568,19,486.0
7155.0,20,523.0,12.162790697674419,5.143973602477475,10,297.0,0.33064504866767896,10,264.0,0.1908670100977449,20,561.0
7160.0,22,628.0,14.272727272727273,5.079887045091581,10,347.0,0.2505246433935801,12,322.0,0.2218130736374099,22,669.0
7165.0,17,353.0,8.209302325581396,4.716006252582645,9,273.0,0.2298739603781439,8,277.0,0.3034713326349509,17,550.0
7170.0,19,331.0,7.355555555555555,5.528803120314632,8,170.0,0.40694997962807444,11,242.0,0.26513182152021825,19,412.0
7175.0,17,302.0,6.425531914893617,6.339147428210614,7,138.0,0.4489791592604287,10,287.0,0.3422947354816873,17,425.0
7180.0,17,347.0,6.94,6.766381049302863,5,97.0,0.5044796794913216,12,334.0,0.36253917705864297,17,431.0
7185.0,17,311.0,5.980769230769231,5.837016886906968,6,110.0,0.4289839763513491,11,321.0,0.35850034094714334,17,431.0
7190.0,16,341.0,6.2,5.852503394993279,8,139.0,0.37291327014528997,8,279.0,0.2997590604736461,16,418.0
7195.0,17,279.0,4.728813559322034,5.954986455332234,11,186.0,0.24071873784933995,6,226.0,0.31358193318555583,17,412.0
7200.0,24,255.0,4.25,6.176277040243775,13,246.0,0.22774818949117664,11,126.0,0.30749587733464384,24,372.0
