step,system_total_stopped,system_total_waiting_time,system_mean_waiting_time,system_mean_speed,J17_stopped,J17_accumulated_waiting_time,J17_average_speed,J18_stopped,J18_accumulated_waiting_time,J18_average_speed,agents_total_stopped,agents_total_accumulated_waiting_time
5.0,1,0.0,0.0,2.153820740932133,0,0.0,1.0,1,0.0,0.18415996238960453,1,0.0
10.0,0,0.0,0.0,7.796153631553849,0,0.0,0.4909381626784888,0,0.0,0.6706074622482457,0,0.0
15.0,1,0.0,0.0,9.874199120576472,0,0.0,0.7554105302716574,1,0.0,0.671364363084441,1,0.0
20.0,1,0.0,0.0,10.033101125156344,1,0.0,0.670864393360361,0,0.0,0.7764230096601691,1,0.0
25.0,0,0.0,0.0,7.736869883474188,0,0.0,0.5108463779875331,0,0.0,0.6070308614994181,0,0.0
30.0,5,12.0,0.6,8.365138854513166,4,7.0,0.5285435854107596,1,5.0,0.6631621888252835,5,12.0
35.0,4,29.0,1.2608695652173914,8.28560740787587,2,17.0,0.5778082186317413,2,12.0,0.5801413367391531,4,29.0
40.0,7,57.0,2.28,6.88795857837011,3,30.0,0.529868049597678,4,27.0,0.4486387411665458,7,57.0
45.0,9,77.0,2.75,6.583648718923156,5,50.0,0.26759448342752223,4,29.0,0.5988084303731936,9,79.0
50.0,11,123.0,3.967741935483871,5.947294128937281,7,82.0,0.32908574022891407,4,44.0,0.42381206209267425,11,126.0
55.0,11,131.0,4.225806451612903,6.255608078640275,4,68.0,0.47419486521858917,7,78.0,0.38492983110209206,11,146.0
60.0,14,195.0,6.09375,6.445178392944391,4,73.0,0.4831555772657975,10,122.0,0.27961831055101355,14,195.0
65.0,14,235.0,6.911764705882353,5.26786077261823,5,98.0,0.3209076063518053,9,150.0,0.1988464061451598,14,248.0
70.0,18,305.0,8.243243243243244,5.162448515838645,8,131.0,0.33242835641552654,10,177.0,0.3188741338862819,18,308.0
75.0,13,184.0,4.842105263157895,5.734303529215194,7,118.0,0.38065359374824825,6,143.0,0.4166210753813154,13,261.0
80.0,13,229.0,5.585365853658536,6.879262150486141,7,117.0,0.4657593880755269,6,124.0,0.5175384805166908,13,241.0
85.0,17,202.0,4.488888888888889,5.477453497639596,6,83.0,0.4388311704000717,11,155.0,0.34900847781101796,17,238.0
90.0,20,298.0,6.208333333333333,5.9433803777184595,8,98.0,0.37825913263537625,12,215.0,0.41095098835936555,20,313.0
95.0,18,187.0,3.816326530612245,4.898975595544177,8,96.0,0.25513536901280537,10,178.0,0.37978298841362074,18,274.0
100.0,13,195.0,3.9,6.146361335979918,3,61.0,0.34169353799292135,10,166.0,0.30689022038892283,13,227.0
105.0,16,163.0,3.326530612244898,5.316596172025717,3,39.0,0.3474442259125281,13,180.0,0.17288677160889224,16,219.0
110.0,24,253.0,4.685185185185185,5.9606673192175545,10,69.0,0.3275207214707409,14,217.0,0.2656564515707047,24,286.0
115.0,17,294.0,6.25531914893617,5.654149161470102,6,80.0,0.3964903350401778,11,264.0,0.3412026533972939,17,344.0
120.0,14,323.0,7.177777777777778,6.300304451460729,5,79.0,0.47397169647152054,9,269.0,0.28252417342620395,14,348.0
125.0,18,281.0,6.386363636363637,5.629046831707357,5,85.0,0.4449474320946481,13,259.0,0.1254187969122774,18,344.0
130.0,17,202.0,4.297872340425532,5.982975548518792,8,62.0,0.23936139694416902,9,211.0,0.24311853497013444,17,273.0
135.0,17,262.0,5.954545454545454,5.73941989143106,9,102.0,0.35108647189425973,8,239.0,0.2328187074536765,17,341.0
140.0,17,308.0,7.7,6.176883142250793,7,118.0,0.4884202672196669,10,277.0,0.19523755745129387,17,395.0
145.0,18,358.0,8.95,5.071033650847854,9,148.0,0.4247216246779976,9,289.0,0.1742138705190494,18,437.0
150.0,19,385.0,9.166666666666666,4.840768514592157,10,149.0,0.2567667176479337,9,329.0,0.24519255338514157,19,478.0
155.0,16,416.0,9.454545454545455,5.743259706624785,9,153.0,0.29272084548271576,7,308.0,0.26704351883423044,16,461.0
160.0,13,415.0,9.021739130434783,6.076504319946998,9,185.0,0.2818607300495175,4,279.0,0.34341938542225336,13,464.0
165.0,16,492.0,10.933333333333334,6.73261336519983,11,234.0,0.3668976763303765,5,305.0,0.4429397654873747,16,539.0
170.0,16,433.0,9.840909090909092,6.021787763715747,10,185.0,0.3171046288030891,6,335.0,0.4120653416514317,16,520.0
175.0,13,206.0,4.681818181818182,5.674561225312412,8,190.0,0.21734272641788083,5,217.0,0.5345717406859738,13,407.0
180.0,19,172.0,3.510204081632653,4.80130287065569,13,221.0,0.1651338832871002,6,95.0,0.4003523046827532,19,316.0
185.0,24,238.0,4.76,4.841298709532813,16,296.0,0.2564923806879326,8,84.0,0.3793410002603922,24,380.0
190.0,19,202.0,3.8846153846153846,5.091473041842827,10,298.0,0.2967964379832967,9,80.0,0.38592081076082946,19,378.0
195.0,19,149.0,2.8653846153846154,5.1510404400456276,9,237.0,0.3337061013297626,10,91.0,0.3206932913084534,19,328.0
200.0,16,169.0,3.4489795918367347,5.585096271283992,7,202.0,0.32882757298580223,9,90.0,0.29397472493333116,16,292.0
205.0,18,181.0,3.9347826086956523,5.184177750241979,9,161.0,0.2370078690439976,9,111.0,0.28320848487689493,18,272.0
210.0,18,170.0,3.6956521739130435,5.202974780990012,10,156.0,0.24354934606311254,8,111.0,0.281299705514119,18,267.0
215.0,21,272.0,6.044444444444444,5.222712661539979,12,179.0,0.2637267930291501,9,159.0,0.3924464965162799,21,338.0
220.0,21,305.0,6.224489795918367,5.0424593786623415,12,194.0,0.31318216534967164,9,185.0,0.3789245022746042,21,379.0
225.0,17,334.0,6.958333333333333,5.390632865123308,8,160.0,0.36723025968795625,9,227.0,0.3245995316799919,17,387.0
230.0,14,282.0,5.222222222222222,5.168779438283775,6,138.0,0.39254775364807987,8,200.0,0.22567288516286993,14,338.0
235.0,23,360.0,6.101694915254237,6.112433090687901,10,171.0,0.42357595507296913,13,221.0,0.3334586604432755,23,392.0
240.0,22,421.0,7.385964912280702,5.728967765072841,12,198.0,0.35764458131161975,10,260.0,0.42777849240994137,22,458.0
245.0,20,478.0,8.241379310344827,5.5450916415524425,11,223.0,0.2976759624653152,9,282.0,0.329446735505375,20,505.0
250.0,24,336.0,5.694915254237288,4.663775929824478,11,187.0,0.2658432078035886,13,283.0,0.13531497767562786,24,470.0
255.0,24,206.0,3.2698412698412698,5.759185314602148,14,143.0,0.2990033290987479,10,239.0,0.25089958439276694,24,382.0
260.0,21,211.0,3.6379310344827585,5.433019372216327,13,177.0,0.3305846449601736,8,231.0,0.34425533971557,21,408.0
265.0,26,306.0,5.016393442622951,5.2004072663712755,17,259.0,0.3190667223339607,9,244.0,0.2910073967986377,26,503.0
270.0,32,374.0,5.5,4.043420365203444,18,302.0,0.24995717315914204,14,289.0,0.2101986290694948,32,591.0
275.0,26,404.0,5.771428571428571,5.047082253986364,13,290.0,0.28936850074957526,13,299.0,0.29978752222341815,26,589.0
280.0,26,455.0,6.319444444444445,5.474584136975663,17,340.0,0.2764784454627849,9,252.0,0.38055412000655725,26,592.0
285.0,29,450.0,6.25,4.183648300724624,19,392.0,0.2526269146745065,10,228.0,0.2250095870053909,29,620.0
290.0,35,459.0,6.202702702702703,4.470811363592575,21,398.0,0.2482276238483812,14,269.0,0.2845391674709812,35,667.0
295.0,38,399.0,5.465753424657534,4.053958311998886,24,424.0,0.18279119076482991,14,267.0,0.31991991289449057,38,691.0
300.0,37,402.0,5.4324324324324325,3.9818505742192194,28,492.0,0.11016876695250388,9,203.0,0.34371358773736727,37,695.0
305.0,30,361.0,5.084507042253521,4.085282210356388,23,519.0,0.14506023751845365,7,184.0,0.22610123688051692,30,703.0
310.0,27,244.0,3.536231884057971,3.7847279927262236,16,521.0,0.2112464310440165,11,167.0,0.06456117123638219,27,688.0
315.0,31,292.0,4.171428571428572,4.24371377053674,19,494.0,0.2064062394797171,12,182.0,0.21397928669748664,31,676.0
320.0,30,378.0,5.5588235294117645,4.511018865536726,21,543.0,0.14626593381468317,9,176.0,0.3949175201060882,30,719.0
325.0,25,432.0,6.352941176470588,5.245989932015943,17,562.0,0.18134785205302437,8,182.0,0.38448982267240817,25,744.0
330.0,26,435.0,6.214285714285714,4.8130527937377785,15,575.0,0.22202106568626306,11,187.0,0.21359848202453122,26,762.0
335.0,29,373.0,5.328571428571428,4.620951533155033,17,557.0,0.26619022176241885,12,224.0,0.1646547199964692,29,781.0
340.0,32,423.0,6.609375,4.17385593246015,20,576.0,0.22886379223909917,12,245.0,0.2408993267315828,32,821.0
345.0,33,436.0,6.707692307692308,3.9586170686826456,24,576.0,0.11476625393933931,9,241.0,0.37088476367543305,33,817.0
350.0,36,582.0,8.953846153846154,3.731824223586392,26,659.0,0.11961938471911061,10,248.0,0.335986738570295,36,907.0
355.0,37,721.0,10.924242424242424,3.9603506176326113,29,686.0,0.20545745779296368,8,284.0,0.3646783173838817,37,970.0
360.0,34,777.0,11.426470588235293,3.836510949684247,24,720.0,0.18583110029312044,10,316.0,0.36014470365668344,34,1036.0
365.0,30,596.0,8.514285714285714,4.780953324780864,22,671.0,0.18193319936013042,8,295.0,0.4134515520383045,30,966.0
370.0,22,472.0,6.555555555555555,5.186574007278223,14,643.0,0.23513497686044374,8,270.0,0.2870987740081635,22,913.0
375.0,25,234.0,3.12,4.878177502975316,18,611.0,0.18644824615726002,7,172.0,0.3860633354143791,25,783.0
380.0,32,297.0,4.068493150684931,4.521045754777067,26,659.0,0.16773194590233656,6,68.0,0.4761943679749689,32,727.0
385.0,37,431.0,5.824324324324325,4.695547461518286,30,760.0,0.17830956015180055,7,95.0,0.4679749891035039,37,855.0
390.0,39,503.0,6.448717948717949,4.103008810485173,31,804.0,0.13187322716446997,8,102.0,0.4653320888650314,39,906.0
395.0,34,507.0,6.417721518987341,4.606991152925539,27,764.0,0.17359223053219688,7,109.0,0.4176438402035506,34,873.0
400.0,32,553.0,7.472972972972973,4.891526096000199,23,698.0,0.22500405826901923,9,144.0,0.349763903980604,32,842.0
405.0,28,586.0,8.027397260273972,5.408015848526535,20,689.0,0.20647059136077814,8,143.0,0.3907356436625562,28,832.0
410.0,27,573.0,8.070422535211268,4.8325979228792875,19,696.0,0.2069220553474831,8,156.0,0.3152532610488835,27,852.0
415.0,30,470.0,7.121212121212121,4.030281784572552,22,664.0,0.21708747169601528,8,166.0,0.20360732884936517,30,830.0
420.0,32,512.0,7.529411764705882,3.7681927820975023,23,718.0,0.17632419062009666,9,198.0,0.23129077757125757,32,916.0
425.0,31,409.0,5.927536231884058,4.11244178685757,25,768.0,0.14974402503923404,6,125.0,0.4137584509092721,31,893.0
430.0,34,504.0,7.411764705882353,4.448471269698594,28,838.0,0.14927406244909716,6,97.0,0.5535853236772017,34,935.0
435.0,29,444.0,6.434782608695652,4.4513958984368225,25,838.0,0.1647280789648458,4,93.0,0.4191511565572172,29,931.0
440.0,24,463.0,6.91044776119403,4.478210735047357,18,830.0,0.10607624235044807,6,79.0,0.32914618299251763,24,909.0
445.0,24,488.0,7.176470588235294,5.953404105006701,19,835.0,0.19349209817821791,5,51.0,0.3778291444696602,24,886.0
450.0,22,371.0,5.621212121212121,5.95217211353366,16,738.0,0.2271977661247593,6,44.0,0.3628346006536502,22,782.0
455.0,25,406.0,6.444444444444445,5.469841226724578,20,693.0,0.19714017105418724,5,59.0,0.4140100871213711,25,752.0
460.0,31,474.0,8.172413793103448,4.64152129942397,25,713.0,0.11469521613871975,6,74.0,0.4586459573215283,31,787.0
465.0,29,456.0,8.142857142857142,3.734919346965048,23,684.0,0.058255375745361854,6,94.0,0.46144725749921317,29,778.0
470.0,29,428.0,7.379310344827586,4.320872588065008,20,734.0,0.11074695168064264,9,125.0,0.4718735712391298,29,859.0
475.0,19,329.0,6.092592592592593,4.718277649074762,11,700.0,0.16449615427421307,8,130.0,0.41961247157394105,19,830.0
480.0,23,376.0,6.714285714285714,4.460736051651071,15,697.0,0.16892725913375917,8,116.0,0.35746024341722993,23,813.0
485.0,22,348.0,5.898305084745763,4.7680518481755225,15,711.0,0.24817208032646304,7,95.0,0.3101317442480952,22,806.0
490.0,29,438.0,7.3,4.559124862419904,18,740.0,0.2558255213224122,11,89.0,0.3432610513701152,29,829.0
495.0,20,475.0,8.189655172413794,4.857653184540987,13,710.0,0.3049332694845717,7,108.0,0.348761712059648,20,818.0
500.0,21,387.0,6.344262295081967,5.635256056723256,12,618.0,0.3439207634499261,9,119.0,0.338427499855355,21,737.0
505.0,21,278.0,4.483870967741935,4.864731549922409,16,514.0,0.2244959542124089,5,109.0,0.2517659652641311,21,623.0
510.0,26,223.0,3.4307692307692306,4.796217595817192,20,502.0,0.18826321588332387,6,89.0,0.3817598877764617,26,591.0
515.0,26,310.0,4.626865671641791,5.590766904596928,21,546.0,0.24907043358862527,5,114.0,0.47686663944566837,26,660.0
520.0,27,380.0,5.757575757575758,5.478839969920106,20,595.0,0.24678209934725745,7,132.0,0.5107303378125324,27,727.0
525.0,22,340.0,5.0,5.219760884865154,16,580.0,0.20150890142878117,6,146.0,0.41955710357200554,22,726.0
530.0,23,410.0,6.029411764705882,5.5409322048711465,14,620.0,0.31677280902454513,9,156.0,0.22708778050554945,23,776.0
535.0,32,431.0,6.734375,4.390640044145513,21,702.0,0.1997041448358889,11,130.0,0.18376301148472596,32,832.0
540.0,38,506.0,8.031746031746032,3.760358020211631,25,717.0,0.13276431604976893,13,146.0,0.2687058860152344,38,863.0
545.0,33,465.0,7.622950819672131,3.79931962739351,24,649.0,0.09629599159162164,9,172.0,0.3475101284833635,33,821.0
550.0,28,491.0,8.049180327868852,4.082837210337028,21,698.0,0.09888652856108207,7,157.0,0.4107065057781279,28,855.0
555.0,23,471.0,7.983050847457627,4.959315049289075,16,656.0,0.13237771968950804,7,174.0,0.41593810992390984,23,830.0
560.0,23,553.0,9.372881355932204,5.786733620065737,15,649.0,0.18402912557254666,8,209.0,0.43203224271176605,23,858.0
565.0,20,460.0,8.070175438596491,5.188509383571018,14,592.0,0.1345968211168066,6,185.0,0.3742035202722988,20,777.0
570.0,25,347.0,6.196428571428571,4.880833605185884,17,560.0,0.1744623245228859,8,178.0,0.36509413123470197,25,738.0
575.0,20,255.0,4.473684210526316,5.774513901359262,16,546.0,0.23124170463952665,4,97.0,0.5322400744400366,20,643.0
580.0,19,272.0,4.533333333333333,6.418518069484716,15,501.0,0.31094668307637185,4,40.0,0.588091928189935,19,541.0
585.0,22,261.0,4.35,6.081457247971089,15,467.0,0.4020529060284498,7,71.0,0.37412470475435594,22,538.0
590.0,20,223.0,3.716666666666667,4.691370147291294,12,455.0,0.28160843233699034,8,77.0,0.30713210359411547,20,532.0
595.0,21,226.0,3.6451612903225805,5.040117418628357,13,391.0,0.17246383726904319,8,93.0,0.3752841072856881,21,484.0
600.0,21,218.0,3.5737704918032787,5.024130287836354,15,385.0,0.15303646748617417,6,95.0,0.3751608176416028,21,480.0
605.0,28,267.0,4.107692307692307,5.4014918293107055,18,384.0,0.1936202228525186,10,97.0,0.33413421029732854,28,481.0
610.0,25,325.0,5.078125,4.556043122423577,16,398.0,0.18987456806478556,9,126.0,0.33997131310127726,25,524.0
615.0,32,448.0,6.892307692307693,5.103050179684253,18,384.0,0.31966618381754996,14,176.0,0.31864727552706273,32,560.0
620.0,29,463.0,7.349206349206349,4.483564122972914,17,402.0,0.27399201510147675,12,200.0,0.35371953648784277,29,602.0
625.0,21,420.0,6.461538461538462,4.217006960205157,13,391.0,0.1326533462130853,8,182.0,0.31602088166211756,21,573.0
630.0,21,323.0,4.82089552238806,4.565926323889006,12,336.0,0.1384956029895755,9,205.0,0.2896772147024803,21,541.0
635.0,31,352.0,5.176470588235294,4.819000542642596,13,306.0,0.18835387800433476,18,259.0,0.2680146702777446,31,565.0
640.0,29,445.0,6.742424242424242,4.412249092308873,13,325.0,0.19110211464046412,16,308.0,0.30041416460245396,29,633.0
645.0,23,479.0,7.484375,5.005054099651048,10,310.0,0.17353715899323097,13,329.0,0.3015643483196662,23,639.0
650.0,24,454.0,6.776119402985074,4.397827496543181,11,321.0,0.20358594502045702,13,345.0,0.19649928090281377,24,666.0
655.0,30,529.0,7.557142857142857,5.149920334620829,14,355.0,0.25844682589090856,16,372.0,0.2707765189075196,30,727.0
660.0,31,471.0,7.029850746268656,4.756077780993586,16,397.0,0.29144269152417096,15,343.0,0.29784409887507285,31,740.0
665.0,24,403.0,6.396825396825397,4.960072756726756,9,397.0,0.30539027785311784,15,286.0,0.2489875287728267,24,683.0
670.0,26,375.0,5.859375,4.176080132005696,10,366.0,0.2910978683902176,16,333.0,0.1522636807635927,26,699.0
675.0,31,420.0,6.363636363636363,3.9738755069647853,15,292.0,0.19925508998318056,16,368.0,0.20237380023968882,31,660.0
680.0,34,445.0,6.449275362318841,4.060820343936943,20,354.0,0.25920021982303937,14,376.0,0.23443958329931303,34,730.0
685.0,23,391.0,5.75,5.1374759448923735,12,384.0,0.28564539189526544,11,310.0,0.2617181157091962,23,694.0
690.0,23,280.0,4.057971014492754,5.037745421275147,10,313.0,0.23302717847022106,13,313.0,0.2317662247009561,23,626.0
695.0,29,326.0,4.72463768115942,4.504178758027613,13,253.0,0.18410103488107063,16,360.0,0.23911412950061123,29,613.0
700.0,36,436.0,6.318840579710145,3.9942179944766822,21,309.0,0.1718859570454551,15,397.0,0.31947469388786437,36,706.0
705.0,28,504.0,7.2,4.755680127309987,15,330.0,0.20607566612172354,13,432.0,0.3411641006345832,28,762.0
710.0,22,349.0,5.057971014492754,4.837040047203988,10,295.0,0.2583657779144699,12,430.0,0.24424013615613835,22,725.0
715.0,28,402.0,5.506849315068493,4.888430877075134,15,268.0,0.2368930929880903,13,389.0,0.20575609974036943,28,657.0
720.0,32,394.0,5.628571428571429,4.587815868149946,17,305.0,0.30551933527620984,15,333.0,0.1533269164614672,32,638.0
725.0,26,340.0,5.0,5.214480366953343,13,317.0,0.3104862396722624,13,259.0,0.21768527088469164,26,576.0
730.0,23,374.0,5.5,4.317843967148772,12,322.0,0.2516440073747757,11,279.0,0.12358623554098584,23,601.0
735.0,22,318.0,4.818181818181818,5.1892110276682955,12,299.0,0.2690720079405063,10,270.0,0.15147053304641867,22,569.0
740.0,27,350.0,5.147058823529412,4.856953911824247,15,308.0,0.21958347381403895,12,276.0,0.26629505227512873,27,584.0
745.0,30,441.0,6.3,5.0246523120228455,20,372.0,0.17625900950477572,10,282.0,0.43405021195588583,30,654.0
750.0,24,491.0,7.220588235294118,5.556700824577087,15,422.0,0.2512793818209243,9,265.0,0.4195714983276772,24,687.0
755.0,23,418.0,6.430769230769231,5.565744284447344,13,327.0,0.26516640567156136,10,242.0,0.3983002549787547,23,569.0
760.0,29,474.0,7.292307692307692,4.764567412220638,18,326.0,0.18810658898774038,11,261.0,0.3177265204811396,29,587.0
765.0,30,413.0,6.770491803278689,4.6192962947434335,19,342.0,0.13580425226611517,11,257.0,0.3453467995095012,30,599.0
770.0,28,348.0,5.704918032786885,4.373945387765534,19,320.0,0.09691470769017105,9,236.0,0.2873043144426669,28,556.0
775.0,31,365.0,5.887096774193548,4.516590364134949,17,353.0,0.19224065283114325,14,185.0,0.2377853325727518,31,538.0
780.0,30,391.0,6.2063492063492065,4.449583705614233,17,391.0,0.24533453623996557,13,207.0,0.2529644722931367,30,598.0
785.0,34,440.0,6.666666666666667,4.548398999152702,18,413.0,0.26322617757119404,16,253.0,0.34004626071622046,34,666.0
790.0,23,323.0,4.82089552238806,5.488947782228785,9,342.0,0.33401867658916445,14,279.0,0.3563595019701509,23,621.0
795.0,20,331.0,4.940298507462686,6.018559982249316,10,296.0,0.4015080730629768,10,250.0,0.22567359455096586,20,546.0
800.0,22,258.0,3.739130434782609,5.416626881660714,10,303.0,0.2839053978181842,12,221.0,0.14447168184264575,22,524.0
805.0,30,362.0,5.171428571428572,4.942730785871266,17,340.0,0.1898936586417551,13,209.0,0.19501258728436727,30,549.0
810.0,29,315.0,4.5,5.0326559931104144,15,352.0,0.24789246389737846,14,230.0,0.25245565168465256,29,582.0
815.0,29,433.0,6.462686567164179,6.043793081038778,15,353.0,0.3148004313443691,14,260.0,0.3466955236329297,29,613.0
820.0,28,436.0,6.507462686567164,4.946369671162549,14,363.0,0.2344298008423374,14,260.0,0.34875607722330415,28,623.0
825.0,21,372.0,5.636363636363637,5.469978248207569,11,338.0,0.23612497189882745,10,214.0,0.3000856169150295,21,552.0
830.0,17,209.0,3.2153846153846155,4.8560480340075785,9,267.0,0.20151140973812245,8,203.0,0.22385339443259228,17,470.0
835.0,26,208.0,3.1515151515151514,4.892309931961354,10,161.0,0.23389960230608373,16,246.0,0.17000687043972382,26,407.0
840.0,32,304.0,4.676923076923077,4.527410172755302,11,177.0,0.3036980297532583,21,288.0,0.20381928948492145,32,465.0
845.0,21,330.0,5.238095238095238,5.242928058512896,8,182.0,0.38074753972708425,13,290.0,0.2086267773875434,21,472.0
850.0,21,315.0,5.163934426229508,5.6180981247411585,9,213.0,0.30680956692819206,12,282.0,0.27132874838854737,21,495.0
855.0,22,245.0,3.888888888888889,5.891344275506183,8,193.0,0.26875634166429263,14,238.0,0.29118129362801926,22,431.0
860.0,25,328.0,5.466666666666667,5.345097153761046,10,193.0,0.39923653233893314,15,277.0,0.1771519633519699,25,470.0
865.0,18,363.0,6.6,5.604658000114287,6,217.0,0.43402985646995357,12,277.0,0.21635346617097975,18,494.0
870.0,23,332.0,5.928571428571429,4.722620527734368,9,236.0,0.36671545871363065,14,245.0,0.12102659502213665,23,481.0
875.0,24,280.0,4.827586206896552,4.399938619418759,8,194.0,0.17738552490041531,16,273.0,0.12767632722191283,24,467.0
880.0,27,307.0,5.482142857142857,4.999279219061007,10,141.0,0.2566939114968016,17,292.0,0.23398637124522173,27,433.0
885.0,27,409.0,7.051724137931035,5.289563882856799,7,170.0,0.32775160167430584,20,380.0,0.26022255341613193,27,550.0
890.0,25,464.0,8.436363636363636,5.3830823601437015,7,187.0,0.3034868021792004,18,421.0,0.2690865076882968,25,608.0
895.0,17,312.0,5.672727272727273,6.03220338552002,5,107.0,0.24352242210417674,12,396.0,0.243357056156728,17,503.0
900.0,19,242.0,4.321428571428571,5.433087602376046,8,139.0,0.2300734360957755,11,355.0,0.19238514464861264,19,494.0
905.0,24,241.0,4.303571428571429,5.4279689570705685,5,106.0,0.40588174896247753,19,339.0,0.18964600876705875,24,445.0
910.0,23,261.0,5.019230769230769,5.483743023503247,6,71.0,0.46020793721432895,17,362.0,0.2722711053146388,23,433.0
915.0,20,236.0,4.452830188679245,5.888019233057557,5,71.0,0.47320426718379477,15,355.0,0.295698459107624,20,426.0
920.0,20,222.0,4.188679245283019,5.3038011095046445,6,53.0,0.45359547253307675,14,388.0,0.26584025060594035,20,441.0
925.0,25,328.0,6.3076923076923075,3.6624663630594765,4,69.0,0.398010410258924,21,459.0,0.16349679575028248,25,528.0
930.0,29,359.0,6.773584905660377,3.197224523605084,7,99.0,0.3222890794349517,22,478.0,0.11205685549331207,29,577.0
935.0,24,256.0,4.923076923076923,4.295403798551758,8,138.0,0.2347146561029577,16,396.0,0.18035324667829003,24,534.0
940.0,18,214.0,4.115384615384615,4.903991620095217,9,153.0,0.2748713586602654,9,394.0,0.24366786447346203,18,547.0
945.0,19,232.0,4.218181818181818,4.864714023541113,6,146.0,0.34066304024149424,13,425.0,0.1621825057657447,19,571.0
950.0,25,290.0,5.37037037037037,5.812139724499169,6,145.0,0.49460195198847995,19,459.0,0.2828628639464716,25,604.0
955.0,20,245.0,4.454545454545454,5.752274533145421,5,126.0,0.5016180265486322,15,460.0,0.2931628215582277,20,586.0
960.0,23,280.0,5.185185185185185,4.158602151959938,7,155.0,0.40900921680201524,16,443.0,0.19972764113918975,23,598.0
965.0,19,182.0,3.3703703703703702,4.153674064474761,5,158.0,0.3249343795286565,14,362.0,0.16198944133779056,19,520.0
970.0,16,224.0,4.0,5.479640759247576,7,161.0,0.3674964049009004,9,301.0,0.16216663816830876,16,462.0
975.0,18,307.0,5.203389830508475,6.668293628504412,8,196.0,0.27993975213175765,10,276.0,0.303665848652735,18,472.0
980.0,17,218.0,3.694915254237288,6.28974574786728,6,148.0,0.3516309670641225,11,278.0,0.21527770110847408,17,426.0
985.0,24,317.0,5.56140350877193,6.292215923344782,7,120.0,0.4725046763888332,17,344.0,0.21638314011774548,24,464.0
990.0,20,306.0,5.5636363636363635,5.706663534915387,4,105.0,0.4799395656636177,16,374.0,0.22888586842366637,20,479.0
995.0,22,296.0,5.803921568627451,4.8286165136037225,6,80.0,0.4209522928928835,16,346.0,0.263448951743386,22,426.0
1000.0,24,358.0,6.754716981132075,4.537390821248409,6,68.0,0.4209807023004754,18,396.0,0.2675822384818737,24,464.0
1005.0,28,393.0,6.894736842105263,4.104397274500876,10,98.0,0.3407477969797666,18,425.0,0.24532805122538004,28,523.0
1010.0,24,288.0,4.9655172413793105,4.254904031537712,10,111.0,0.2731625920078329,14,383.0,0.22701985216722953,24,494.0
1015.0,19,279.0,4.573770491803279,4.815350455372748,7,98.0,0.3151085788549745,12,399.0,0.18621468079013542,19,497.0
1020.0,24,328.0,5.2063492063492065,4.6694802277447325,7,106.0,0.37902057412452167,17,428.0,0.08354706696593464,24,534.0
1025.0,30,441.0,7.112903225806452,4.966949292591379,11,147.0,0.3815574177478786,19,452.0,0.15891647185553606,30,599.0
1030.0,20,415.0,6.80327868852459,5.396855502341499,10,151.0,0.27029029385556114,10,425.0,0.2911710851455938,20,576.0
1035.0,23,309.0,4.904761904761905,5.1193414312973,15,150.0,0.15066572348417628,8,358.0,0.2711910735267154,23,508.0
1040.0,24,266.0,4.290322580645161,5.311729141705007,11,166.0,0.27419101228307324,13,297.0,0.2650614843461862,24,463.0
1045.0,22,256.0,4.19672131147541,5.998878941285933,7,129.0,0.4184374668611497,15,327.0,0.2519520343487118,22,456.0
1050.0,15,276.0,4.677966101694915,5.678523361697065,5,135.0,0.30891538820281234,10,321.0,0.24883912941634845,15,456.0
1055.0,20,308.0,5.049180327868853,6.064654784052233,10,156.0,0.3516628360283423,10,326.0,0.19968010951798146,20,482.0
1060.0,23,350.0,5.737704918032787,6.185425631650594,8,151.0,0.3901778420179139,15,370.0,0.20325062604336586,23,521.0
1065.0,23,283.0,4.564516129032258,6.514296249551567,10,192.0,0.4542462526967278,13,303.0,0.28532213061328604,23,495.0
1070.0,21,310.0,5.254237288135593,5.600406886299787,8,183.0,0.3387223201798934,13,276.0,0.3390029821208835,21,459.0
1075.0,19,274.0,4.6440677966101696,5.327066985542438,6,129.0,0.28996494226182284,13,288.0,0.30783414405844717,19,417.0
1080.0,14,270.0,4.576271186440678,6.602452916828328,8,133.0,0.3417330069758756,6,244.0,0.3336289053129899,14,377.0
1085.0,19,207.0,3.5084745762711864,6.343508485775121,11,173.0,0.26882022121133686,8,179.0,0.2768932649940072,19,352.0
1090.0,22,255.0,4.722222222222222,6.33707692309117,8,200.0,0.3777453050267141,14,134.0,0.19850322423799324,22,334.0
1095.0,24,300.0,5.882352941176471,5.68948167402687,8,203.0,0.4027024103783573,16,178.0,0.16892885994287604,24,381.0
1100.0,21,339.0,6.918367346938775,5.221807559873558,7,178.0,0.3982501075961424,14,240.0,0.22048825867013852,21,418.0
1105.0,22,334.0,6.816326530612245,4.648551744256604,10,188.0,0.271005757373571,12,273.0,0.2736539806972166,22,461.0
1110.0,23,399.0,7.823529411764706,5.117458871438286,9,203.0,0.31712139973964704,14,318.0,0.2840056380677628,23,521.0
1115.0,21,369.0,6.962264150943396,5.309831859192664,8,202.0,0.3984091394937253,13,308.0,0.17892869078329549,21,510.0
1120.0,14,266.0,5.215686274509804,6.100453886839375,8,204.0,0.34363884681906187,6,210.0,0.21093407982466933,14,414.0
1125.0,16,270.0,5.4,6.363201752902897,10,235.0,0.2837191159777548,6,171.0,0.29750592235277795,16,406.0
1130.0,17,257.0,5.14,5.622830428570092,9,248.0,0.28834094716818975,8,147.0,0.29824344640369144,17,395.0
1135.0,19,261.0,5.673913043478261,5.329114798094654,9,239.0,0.40338223093815395,10,167.0,0.30127746446454523,19,406.0
1140.0,20,198.0,4.5,5.039673366638549,8,164.0,0.44929161173796306,12,222.0,0.2697832909388663,20,386.0
1145.0,22,219.0,4.659574468085107,4.093911672670516,12,162.0,0.2488097043234261,10,205.0,0.254198495338651,22,367.0
1150.0,17,126.0,2.423076923076923,5.0409795950718905,11,170.0,0.21175585042829395,6,126.0,0.33854165188430874,17,296.0
1155.0,14,145.0,2.543859649122807,7.370125279223975,9,153.0,0.2990493264674636,5,79.0,0.49603726894150574,14,232.0
1160.0,13,119.0,2.0517241379310347,7.6399620171819596,10,158.0,0.2737044319049105,3,61.0,0.5594212054093998,13,219.0
1165.0,18,141.0,2.517857142857143,6.962004588951976,12,157.0,0.28441682382222966,6,47.0,0.49515353151160596,18,204.0
1170.0,17,170.0,3.1481481481481484,5.923476966020551,11,184.0,0.34110409246678325,6,57.0,0.47511009496481216,17,241.0
1175.0,15,205.0,4.1,6.961961817723086,7,177.0,0.4521408021384705,8,59.0,0.46737214961227036,15,236.0
1180.0,19,124.0,2.3846153846153846,5.658008300216992,10,142.0,0.2974924730854625,9,67.0,0.25686462176530755,19,209.0
1185.0,17,177.0,3.4705882352941178,6.247424500820356,11,147.0,0.2418027758787201,6,73.0,0.4007532091256318,17,220.0
1190.0,19,163.0,3.3958333333333335,5.543642504253836,11,171.0,0.3120254581791904,8,85.0,0.3509573372500884,19,256.0
1195.0,19,221.0,4.804347826086956,5.041171776287776,11,190.0,0.3448972479975347,8,92.0,0.3117215857531836,19,282.0
1200.0,20,192.0,3.84,4.118716422004286,10,192.0,0.2716718371600425,10,101.0,0.21979380816718272,20,293.0
1205.0,12,192.0,3.9183673469387754,6.601791593521444,3,153.0,0.4294032257258261,9,119.0,0.3190932205269983,12,272.0
1210.0,15,254.0,4.980392156862745,6.980662614841034,5,137.0,0.4120545008259663,10,161.0,0.265146595123895,15,298.0
1215.0,12,238.0,4.490566037735849,6.357055720171853,4,149.0,0.278363242641726,8,152.0,0.25672499547218824,12,301.0
1220.0,16,262.0,5.24,6.592790834133756,10,190.0,0.27632296563531955,6,129.0,0.4255498156373811,16,319.0
1225.0,11,241.0,5.239130434782608,6.765878934467221,7,219.0,0.4005370349274995,4,95.0,0.5094814338380222,11,314.0
1230.0,11,274.0,6.088888888888889,7.718368259669014,6,228.0,0.5303043686876572,5,111.0,0.4755269788948823,11,339.0
1235.0,12,89.0,2.022727272727273,5.724891885500527,5,121.0,0.3737868529124224,7,93.0,0.3264932238645448,12,214.0
1240.0,21,151.0,3.2127659574468086,4.55390934281957,13,113.0,0.2257413897898817,8,81.0,0.3164845738504495,21,194.0
1245.0,19,195.0,4.148936170212766,4.508707520720749,12,154.0,0.2979804934231106,7,98.0,0.3224764488796485,19,252.0
1250.0,16,239.0,5.085106382978723,5.923004012867719,8,163.0,0.27990741167760474,8,127.0,0.3985893442418912,16,290.0
1255.0,12,187.0,3.816326530612245,5.8496873471324236,7,155.0,0.2326523500661152,5,96.0,0.4079810137636367,12,251.0
1260.0,15,168.0,3.4285714285714284,6.618611336129636,12,180.0,0.23287197894589487,3,51.0,0.44325442772782203,15,231.0
1265.0,15,205.0,4.456521739130435,6.106609321139634,12,219.0,0.2788623642849533,3,52.0,0.41296096465455845,15,271.0
1270.0,23,301.0,6.02,5.151686638748913,15,289.0,0.26676269490839394,8,81.0,0.30245614711536317,23,370.0
1275.0,26,382.0,7.074074074074074,4.572331682758075,18,367.0,0.2834405192584954,8,95.0,0.3289159126706281,26,462.0
1280.0,20,394.0,7.163636363636364,5.96019526378775,14,396.0,0.3890792302298689,6,103.0,0.5192289245785728,20,499.0
1285.0,12,294.0,5.345454545454546,6.437195401347711,8,336.0,0.39506864619712445,4,93.0,0.4997866160289278,12,429.0
1290.0,16,316.0,5.543859649122807,5.701997374299652,10,325.0,0.22881437335263785,6,86.0,0.39254257400113873,16,411.0
1295.0,19,315.0,5.338983050847458,4.729971545993884,14,351.0,0.1147124112683605,5,91.0,0.3723183111227361,19,442.0
1300.0,26,408.0,7.157894736842105,4.703544701055992,20,398.0,0.18783140742576301,6,114.0,0.4631826702883866,26,512.0
1305.0,21,350.0,6.140350877192983,5.173619614726678,16,430.0,0.2946127753666726,5,53.0,0.3512132586975138,21,483.0
1310.0,16,341.0,5.879310344827586,5.630249162794937,13,460.0,0.2569049365771326,3,24.0,0.44873383498766456,16,484.0
1315.0,26,433.0,7.338983050847458,5.63872061024898,22,521.0,0.2231054463228564,4,23.0,0.5070489718363645,26,544.0
1320.0,27,294.0,4.9,5.329302739332716,23,447.0,0.15975631376297553,4,40.0,0.6305573114263427,27,487.0
1325.0,24,338.0,5.540983606557377,5.3602708765045035,22,420.0,0.14379722340217618,2,30.0,0.6268529843149607,24,450.0
1330.0,27,390.0,6.290322580645161,5.680386572470722,22,467.0,0.2249333248239666,5,47.0,0.5282024867145028,27,514.0
1335.0,25,368.0,5.841269841269841,5.365918201675169,19,479.0,0.2119540259506523,6,55.0,0.4949254173541851,25,534.0
1340.0,24,368.0,6.133333333333334,4.376464145452976,18,503.0,0.20217469019674184,6,75.0,0.36768881812897786,24,578.0
1345.0,23,230.0,3.7096774193548385,4.166352373697035,14,439.0,0.26428490657766224,9,99.0,0.18069944279739367,23,538.0
1350.0,20,282.0,4.40625,5.926741367616923,14,392.0,0.29440643172018066,6,96.0,0.35716620036237634,20,488.0
1355.0,18,271.0,4.301587301587301,6.340389544574666,14,381.0,0.25350959607584544,4,98.0,0.4597952145235402,18,479.0
1360.0,25,302.0,4.950819672131147,6.316089312246807,16,391.0,0.21621811862560614,9,127.0,0.43115299522735345,25,518.0
1365.0,23,266.0,4.836363636363636,4.4218756401925425,15,418.0,0.13980277314863512,8,87.0,0.3699478093972376,23,505.0
1370.0,31,381.0,6.684210526315789,4.291470427607859,21,460.0,0.15509881562195976,10,131.0,0.18663900898064104,31,591.0
1375.0,27,399.0,7.0,4.792310309460075,17,492.0,0.18859510084020692,10,147.0,0.2895932195713828,27,639.0
1380.0,18,356.0,6.357142857142857,5.866651284892929,12,463.0,0.21388746832576347,6,108.0,0.37756390417679625,18,571.0
1385.0,15,290.0,5.8,6.340120837825651,10,374.0,0.22617606579887622,5,109.0,0.45868071211719064,15,483.0
1390.0,13,187.0,3.3392857142857144,6.877683607745456,9,257.0,0.3100063385181068,4,102.0,0.4069984520905586,13,359.0
1395.0,14,197.0,3.7884615384615383,7.2784463670203365,8,249.0,0.42744587304271114,6,124.0,0.474007686869404,14,373.0
1400.0,17,129.0,2.58,6.142809626740643,11,213.0,0.43683966529682583,6,101.0,0.35110503973425317,17,314.0
1405.0,16,175.0,3.5714285714285716,6.124523271442429,11,242.0,0.4325004244005075,5,82.0,0.35774986059068975,16,324.0
1410.0,20,201.0,3.9411764705882355,4.451465267629727,13,256.0,0.24920864143917182,7,107.0,0.34446573478937687,20,363.0
1415.0,29,319.0,5.907407407407407,4.231522334927153,16,312.0,0.21532164885540062,13,164.0,0.3183934983898111,29,476.0
1420.0,29,310.0,5.636363636363637,3.5493445196948827,17,328.0,0.21380963779302403,12,180.0,0.26185809699967655,29,508.0
1425.0,23,342.0,5.896551724137931,4.493997613343553,15,345.0,0.16214529965073426,8,147.0,0.316678420248093,23,492.0
1430.0,19,360.0,6.666666666666667,5.794169424804221,13,380.0,0.24470833692377691,6,141.0,0.3946070706072351,19,521.0
1435.0,23,390.0,6.842105263157895,6.02293164911125,14,419.0,0.2796426589939558,9,130.0,0.3177647780147234,23,549.0
1440.0,22,321.0,5.836363636363636,5.002381125126278,11,348.0,0.20987223672520022,11,166.0,0.33439944310521746,22,514.0
1445.0,24,277.0,5.326923076923077,5.466817344385092,9,243.0,0.3292779530133044,15,230.0,0.3229368465637148,24,473.0
1450.0,23,274.0,5.074074074074074,4.883468522161212,7,209.0,0.32665469229910604,16,245.0,0.24628268915485083,23,454.0
1455.0,26,391.0,7.109090909090909,4.982016860139018,9,200.0,0.28556722062880113,17,304.0,0.25463290185042553,26,504.0
1460.0,23,318.0,5.678571428571429,4.565418169695678,7,179.0,0.24922383429120354,16,322.0,0.2852611643494746,23,501.0
1465.0,18,235.0,3.983050847457627,6.108618209694828,8,156.0,0.3371666989079421,10,267.0,0.3013834046825288,18,423.0
1470.0,19,301.0,5.375,6.388607748890778,11,175.0,0.22513043425120222,8,227.0,0.39242623170512425,19,402.0
1475.0,20,320.0,5.423728813559322,5.395261337639993,8,199.0,0.28270362154108636,12,254.0,0.26022869096489354,20,453.0
1480.0,23,343.0,5.913793103448276,5.396284570016292,9,216.0,0.36234308516266084,14,270.0,0.28451398016497254,23,486.0
1485.0,27,417.0,6.836065573770492,5.002870049882912,10,235.0,0.4379404332396259,17,312.0,0.24092256768965062,27,547.0
1490.0,19,428.0,6.7936507936507935,5.980148837460398,8,244.0,0.4370508577677304,11,319.0,0.3361513069565734,19,563.0
1495.0,21,396.0,6.6,5.728328856485635,11,270.0,0.37666430692093794,10,266.0,0.31713230949364263,21,536.0
1500.0,27,375.0,5.769230769230769,4.92264786174906,13,277.0,0.26004575209695363,14,204.0,0.2582256881557337,27,481.0
1505.0,30,411.0,6.2272727272727275,4.6712062764003015,13,279.0,0.3122855889148264,17,233.0,0.1836081480890023,30,512.0
1510.0,27,297.0,4.714285714285714,5.177996356336372,11,182.0,0.3754654563376106,16,262.0,0.23111670797239312,27,444.0
1515.0,25,340.0,5.396825396825397,5.502578495830737,9,152.0,0.39187365282098974,16,303.0,0.2541927130442746,25,455.0
1520.0,17,299.0,4.746031746031746,5.259507845888214,9,184.0,0.2992440130792352,8,270.0,0.29536045508957254,17,454.0
1525.0,23,317.0,5.112903225806452,5.152036267644777,12,229.0,0.26002989069465987,11,263.0,0.19072818915857603,23,492.0
1530.0,25,304.0,4.825396825396825,4.996858146705241,10,232.0,0.2985496599213849,15,261.0,0.10576120784620915,25,493.0
1535.0,25,270.0,4.354838709677419,4.767026714291008,9,196.0,0.3448131334497592,16,286.0,0.12011001924166634,25,482.0
1540.0,30,394.0,6.15625,4.925510739762638,11,239.0,0.3808934737160759,19,356.0,0.1934420952186104,30,595.0
1545.0,28,433.0,6.5606060606060606,4.986043763852929,12,269.0,0.35683771584036283,16,371.0,0.2407639514802144,28,640.0
1550.0,20,264.0,4.125,5.063936828208142,12,228.0,0.3008487136922788,8,301.0,0.27962242595337444,20,529.0
1555.0,23,318.0,4.892307692307693,5.041383323026408,16,260.0,0.21387676354387544,7,314.0,0.3040892641070336,23,574.0
1560.0,28,410.0,6.212121212121212,5.085641199152527,16,324.0,0.3122167002080626,12,330.0,0.20000342067346874,28,654.0
1565.0,30,500.0,7.936507936507937,5.018411066963017,13,359.0,0.3939742032186305,17,342.0,0.1230662047898422,30,701.0
1570.0,22,476.0,7.80327868852459,5.16706369624456,14,339.0,0.2869895590804495,8,291.0,0.2401767400000247,22,630.0
1575.0,19,295.0,4.758064516129032,5.388197445606498,14,335.0,0.2117582897414357,5,173.0,0.34074567164238273,19,508.0
1580.0,24,198.0,3.142857142857143,5.63433579497271,15,291.0,0.22881670844770224,9,115.0,0.4440761217492337,24,406.0
1585.0,22,221.0,3.622950819672131,5.71051819799556,14,235.0,0.2815904637832334,8,125.0,0.45277718131122663,22,360.0
1590.0,22,272.0,4.610169491525424,5.856423824741494,15,293.0,0.2541278180737201,7,116.0,0.46490546237389146,22,409.0
1595.0,30,269.0,4.559322033898305,3.892801048783387,22,343.0,0.1003539869196056,8,93.0,0.33055021521147054,30,436.0
1600.0,34,304.0,4.903225806451613,3.8771957299540807,21,375.0,0.14767804422325406,13,111.0,0.2754674860970468,34,486.0
1605.0,27,324.0,5.311475409836065,4.36868497955964,14,351.0,0.3073918871824954,13,144.0,0.1808078222560754,27,495.0
1610.0,24,344.0,5.212121212121212,5.211513248110784,15,368.0,0.27994408193662984,9,154.0,0.2279326345524398,24,522.0
1615.0,22,262.0,3.91044776119403,5.782151982934908,14,345.0,0.2860648198587975,8,153.0,0.34535307256570713,22,498.0
1620.0,25,274.0,4.2153846153846155,5.911434671640294,15,357.0,0.2905146451183737,10,168.0,0.393626607235615,25,525.0
1625.0,29,365.0,6.083333333333333,5.677281438933381,16,350.0,0.3314455532491451,13,231.0,0.3738584674647872,29,581.0
1630.0,23,342.0,5.7,4.078467602025149,13,373.0,0.19259118688248172,10,216.0,0.30539255565702195,23,589.0
1635.0,32,474.0,7.9,4.216721499017741,18,393.0,0.19471474605838643,14,225.0,0.29924892068296066,32,618.0
1640.0,32,437.0,6.936507936507937,3.929040664561613,18,400.0,0.21969968935118875,14,244.0,0.25972104878516383,32,644.0
1645.0,20,299.0,4.462686567164179,5.0856467725228685,11,331.0,0.28427028509764896,9,198.0,0.25289157229322556,20,529.0
1650.0,14,217.0,3.287878787878788,6.794803158680505,8,281.0,0.26938455897926095,6,177.0,0.5021528450301814,14,458.0
1655.0,17,267.0,3.926470588235294,6.858638870501386,11,260.0,0.26093477530710557,6,177.0,0.5264008364149854,17,437.0
1660.0,23,181.0,2.6231884057971016,6.09884343701056,16,258.0,0.275088220250531,7,116.0,0.3733960684208633,23,374.0
1665.0,19,231.0,3.7868852459016393,6.404056485284045,10,247.0,0.36596271273029796,9,97.0,0.294054176919138,19,344.0
1670.0,24,195.0,3.0952380952380953,5.544798747901028,13,246.0,0.32836017488167635,11,115.0,0.18228409481304841,24,361.0
1675.0,23,268.0,4.39344262295082,5.568602402861436,14,238.0,0.2461138177103553,9,140.0,0.3178215164935601,23,378.0
1680.0,23,319.0,5.316666666666666,5.032176696441945,14,237.0,0.2190063868760838,9,182.0,0.403709563973028,23,419.0
1685.0,27,328.0,5.290322580645161,5.647077955667063,17,279.0,0.279078966481937,10,162.0,0.40243173282915223,27,441.0
1690.0,29,438.0,7.3,4.905110076309937,15,336.0,0.3023101971861359,14,196.0,0.29081937917848505,29,532.0
1695.0,32,458.0,7.046153846153846,4.365058100972231,19,398.0,0.23044599705463203,13,203.0,0.32040832742498354,32,601.0
1700.0,29,472.0,7.151515151515151,4.577263757253998,21,447.0,0.1975089745524944,8,135.0,0.3873347320818507,29,582.0
1705.0,28,416.0,6.4,4.754396604536786,19,502.0,0.22715581143019997,9,150.0,0.3851098018190103,28,652.0
1710.0,31,375.0,5.514705882352941,4.304939109383507,17,485.0,0.228306316665883,14,181.0,0.29254635417495695,31,666.0
1715.0,30,306.0,4.309859154929577,4.197900091135749,13,374.0,0.2592114243083325,17,224.0,0.19918452949221394,30,598.0
1720.0,25,333.0,4.897058823529412,5.228099922840063,14,371.0,0.315853187132204,11,244.0,0.26901932669285533,25,615.0
1725.0,29,334.0,4.771428571428571,4.961679556750253,16,386.0,0.1983060753214579,13,259.0,0.28215151886509493,29,645.0
1730.0,32,438.0,6.3478260869565215,4.891209351603192,17,416.0,0.1887078578768466,15,288.0,0.32470185548293573,32,704.0
1735.0,33,473.0,7.166666666666667,4.2762238515691156,17,397.0,0.2037222004389218,16,334.0,0.3082841251143647,33,731.0
1740.0,28,509.0,7.597014925373134,4.35869516418252,15,409.0,0.22604309465441358,13,343.0,0.3045429067075583,28,752.0
1745.0,36,473.0,6.855072463768116,4.32590820730587,21,453.0,0.18428038018716777,15,309.0,0.25036206024900537,36,762.0
1750.0,36,511.0,7.3,4.309171012410535,20,515.0,0.23359461637256604,16,256.0,0.21149710197541116,36,771.0
1755.0,36,549.0,7.52054794520548,4.260276433706771,20,547.0,0.28120599096551263,16,273.0,0.20257940071063457,36,820.0
1760.0,38,565.0,7.739726027397261,4.106433436273135,19,550.0,0.26462019614141935,19,285.0,0.24792598192631193,38,835.0
1765.0,29,423.0,5.875,4.5189567395746,14,452.0,0.26108402500971195,15,325.0,0.27345147288755994,29,777.0
1770.0,27,471.0,6.826086956521739,4.81564919335202,15,401.0,0.2383065540270851,12,310.0,0.2599869395411409,27,711.0
1775.0,23,367.0,5.5606060606060606,4.30223557413771,13,372.0,0.1659522972676999,10,282.0,0.23376808311608935,23,654.0
1780.0,29,315.0,4.7727272727272725,4.767882602095265,16,358.0,0.16683540292097088,13,249.0,0.2518815554787244,29,607.0
1785.0,33,408.0,6.08955223880597,4.750745743894114,18,386.0,0.25557261305790985,15,311.0,0.2501693979657003,33,697.0
1790.0,32,467.0,7.184615384615385,4.688095093779981,17,401.0,0.25588506508511505,15,338.0,0.3046044593051202,32,739.0
1795.0,26,500.0,7.8125,4.535220306295659,16,421.0,0.08475719282750988,10,332.0,0.39349830882367753,26,753.0
1800.0,24,524.0,8.317460317460318,5.910772216317031,13,418.0,0.15855394116300622,11,367.0,0.38732849703236366,24,785.0
1805.0,21,331.0,5.253968253968254,5.098621133498205,11,376.0,0.1189299645265646,10,314.0,0.21417015790642166,21,690.0
1810.0,24,310.0,5.0,5.54656045807306,15,372.0,0.20938098221460702,9,242.0,0.30992377310108454,24,614.0
1815.0,22,269.0,4.637931034482759,5.184742334202436,13,394.0,0.3675874815534934,9,194.0,0.26603398159421004,22,588.0
1820.0,19,302.0,5.11864406779661,6.293448793136403,8,372.0,0.41553726076076275,11,199.0,0.3655799631263517,19,571.0
1825.0,23,355.0,5.819672131147541,6.012395038351604,11,382.0,0.35526914534337756,12,220.0,0.3191877082116629,23,602.0
1830.0,20,366.0,6.310344827586207,6.010164230619621,10,348.0,0.2976755938964455,10,248.0,0.32501826878782863,20,596.0
1835.0,20,361.0,6.446428571428571,5.150475945685834,12,370.0,0.2050391505413467,8,241.0,0.3553864185356545,20,611.0
1840.0,26,443.0,7.771929824561403,5.553558568410128,13,426.0,0.3125727142400363,13,240.0,0.30302532375013225,26,666.0
1845.0,29,519.0,9.61111111111111,4.654042471446596,16,489.0,0.3078698851898875,13,244.0,0.2512886142443046,29,733.0
1850.0,30,587.0,10.482142857142858,3.8279707984672577,18,576.0,0.27467392087433035,12,198.0,0.14979074435938283,30,774.0
1855.0,27,587.0,9.62295081967213,4.096429549154157,17,610.0,0.28788334498211665,10,220.0,0.2334020180963381,27,830.0
1860.0,20,562.0,8.78125,5.706577606937879,11,585.0,0.32957489934991635,9,211.0,0.3589717345791631,20,796.0
1865.0,19,564.0,9.096774193548388,6.3922447226754056,12,597.0,0.35804192261508766,7,157.0,0.3058667077255385,19,754.0
1870.0,21,447.0,7.327868852459017,5.8027128751766925,14,533.0,0.26960234501413266,7,131.0,0.2525683405776184,21,664.0
1875.0,24,252.0,4.344827586206897,5.03735531057893,16,394.0,0.18497311136787625,8,121.0,0.3351332530386191,24,515.0
1880.0,21,262.0,5.038461538461538,4.457920631262233,15,439.0,0.20704906061350184,6,100.0,0.3968681182949652,21,539.0
1885.0,20,294.0,5.547169811320755,5.048616656203671,13,456.0,0.2706099897560544,7,110.0,0.4196037982154498,20,566.0
1890.0,29,349.0,6.232142857142857,3.9930146998576745,16,491.0,0.17731142481126042,13,158.0,0.31212115342507935,29,649.0
1895.0,23,413.0,7.0,5.756062558694949,14,520.0,0.22792431493438028,9,167.0,0.4277663594198039,23,687.0
1900.0,23,450.0,7.377049180327869,5.735159804797395,13,488.0,0.22033415287648617,10,159.0,0.3463840438054148,23,647.0
1905.0,24,421.0,6.682539682539683,5.436531082686613,13,417.0,0.292415400259346,11,161.0,0.2878520074498103,24,578.0
1910.0,24,350.0,5.833333333333333,5.955215765239856,11,383.0,0.36794297858622405,13,172.0,0.39496109043184296,24,555.0
1915.0,26,306.0,5.1,5.270918633302699,14,305.0,0.3518969133319351,12,207.0,0.3792483481221856,26,512.0
1920.0,22,324.0,5.142857142857143,4.905797235806885,13,334.0,0.23852225533195567,9,211.0,0.3766416037639693,22,545.0
1925.0,22,310.0,4.696969696969697,5.252508451464675,11,322.0,0.21488556240472031,11,215.0,0.3494678935159476,22,537.0
1930.0,23,251.0,3.8615384615384616,5.715626191397937,10,286.0,0.31957684648514445,13,181.0,0.24050512541368108,23,467.0
1935.0,28,301.0,4.5606060606060606,5.307643121556159,14,274.0,0.30058520477890655,14,221.0,0.20441391003492246,28,495.0
1940.0,31,415.0,6.384615384615385,4.740910699029273,15,322.0,0.2182675975530334,16,284.0,0.26115903148816916,31,606.0
1945.0,22,423.0,6.714285714285714,4.784237531773915,9,330.0,0.32338035263667214,13,310.0,0.23886922248214226,22,640.0
1950.0,18,378.0,6.19672131147541,5.290043805477607,7,278.0,0.29673601231061786,11,293.0,0.29855719264877645,18,571.0
1955.0,23,368.0,5.935483870967742,4.802245370156329,12,293.0,0.1843377608040172,11,268.0,0.2910022070135802,23,561.0
1960.0,29,345.0,5.564516129032258,4.1596945998369055,17,319.0,0.15291868648581938,12,232.0,0.26572974362965057,29,551.0
1965.0,22,370.0,5.78125,4.877961954620788,11,331.0,0.2906571955970867,11,249.0,0.2312131488136393,22,580.0
1970.0,22,334.0,5.566666666666666,5.4443976872159565,7,275.0,0.29672060922206084,15,277.0,0.1969222712193202,22,552.0
1975.0,22,244.0,3.935483870967742,5.268077526125589,10,176.0,0.23772615851796833,12,282.0,0.21496144685782057,22,458.0
1980.0,26,333.0,5.459016393442623,5.034217869363514,12,207.0,0.261683672918814,14,316.0,0.25939136585856076,26,523.0
1985.0,21,379.0,6.767857142857143,5.791583636076946,9,200.0,0.4079649011016136,12,359.0,0.27367580548139736,21,559.0
1990.0,16,386.0,7.423076923076923,5.8329797582299046,6,192.0,0.3825917162848551,10,388.0,0.24468643678417795,16,580.0
1995.0,23,417.0,7.581818181818182,4.871241759459978,11,191.0,0.18328682957879378,12,384.0,0.20818518850734552,23,575.0
2000.0,24,441.0,8.166666666666666,4.891891741060383,14,192.0,0.20781293223177902,10,338.0,0.3377493564614761,24,530.0
2005.0,18,326.0,6.037037037037037,5.9064810786693105,8,194.0,0.40335860018311226,10,276.0,0.28186272096199694,18,470.0
2010.0,19,255.0,4.636363636363637,5.859433574018092,7,158.0,0.39943285552953506,12,212.0,0.2550988625282269,19,370.0
2015.0,25,326.0,5.719298245614035,5.958042527926752,11,129.0,0.3573088828472125,14,229.0,0.29752742935824616,25,358.0
2020.0,21,325.0,5.909090909090909,4.697919826840323,11,162.0,0.2673918670202774,10,237.0,0.3081617812787367,21,399.0
2025.0,16,322.0,5.8545454545454545,5.831174168048624,9,167.0,0.2545863450064631,7,202.0,0.400671580975728,16,369.0
2030.0,20,339.0,6.053571428571429,5.197276879075167,12,203.0,0.2443401313598608,8,177.0,0.27088766266062625,20,380.0
2035.0,27,428.0,7.254237288135593,5.344830408696136,13,248.0,0.28977018373280167,14,199.0,0.24824826095435992,27,447.0
2040.0,23,378.0,6.75,4.801403635301179,12,283.0,0.2598118171797363,11,158.0,0.3725638306674089,23,441.0
2045.0,22,453.0,8.38888888888889,5.24176319766493,11,303.0,0.3276825570756993,11,166.0,0.3338212820991876,22,469.0
2050.0,24,373.0,6.660714285714286,4.932868676875903,11,277.0,0.32392313631198444,13,183.0,0.2228655834620395,24,460.0
2055.0,22,393.0,7.017857142857143,5.600628069015541,14,277.0,0.24987513799249475,8,153.0,0.3130570060533535,22,430.0
2060.0,21,197.0,3.6481481481481484,4.385747068225535,13,213.0,0.1867955189315074,8,127.0,0.2333053694176197,21,340.0
2065.0,22,224.0,4.148148148148148,5.355545405430739,14,204.0,0.19708259839017495,8,116.0,0.3085357119213482,22,320.0
2070.0,18,227.0,4.450980392156863,5.198645096715584,12,224.0,0.2237620670442433,6,112.0,0.41793184062633415,18,336.0
2075.0,13,202.0,4.122448979591836,6.969918451934922,7,197.0,0.3943732568181958,6,90.0,0.38363375177476744,13,287.0
2080.0,14,130.0,2.6530612244897958,5.972780413247607,7,151.0,0.28681522720126595,7,88.0,0.25231602709719686,14,239.0
2085.0,22,191.0,3.7450980392156863,5.508105714988386,10,122.0,0.24695803915626,12,140.0,0.23474892515877355,22,262.0
2090.0,23,228.0,4.56,5.137017807206214,10,138.0,0.25681626376793387,13,175.0,0.3304772664972408,23,313.0
2095.0,22,293.0,6.369565217391305,5.168099698720207,9,171.0,0.37234671311422235,13,180.0,0.29149941198115326,22,351.0
2100.0,27,380.0,7.755102040816326,4.236388394750323,9,180.0,0.33263976677394796,18,258.0,0.16616840305040198,27,438.0
2105.0,28,519.0,9.79245283018868,4.289546220580742,10,229.0,0.36338155266004274,18,348.0,0.10036469063186906,28,577.0
2110.0,26,439.0,8.283018867924529,4.28118895740432,9,199.0,0.34888802378093026,17,383.0,0.16821238431313248,26,582.0
2115.0,12,260.0,4.90566037735849,5.965220811926999,4,97.0,0.32598258553564013,8,330.0,0.32178901876636434,12,427.0
2120.0,15,314.0,5.814814814814815,7.257360904341981,7,82.0,0.26897852882742235,8,276.0,0.3777235314066284,15,358.0
2125.0,13,179.0,3.314814814814815,7.017602342808855,5,93.0,0.23171915830733888,8,206.0,0.30627205824123405,13,299.0
2130.0,19,222.0,4.352941176470588,6.54438336919623,9,134.0,0.37468633889969877,10,137.0,0.18077750647510976,19,271.0
2135.0,15,166.0,3.608695652173913,6.600485427614328,7,132.0,0.49270454536023184,8,128.0,0.2740950810076804,15,260.0
2140.0,15,214.0,4.7555555555555555,6.626781907962816,8,138.0,0.4240342250419539,7,120.0,0.4055176728113736,15,258.0
2145.0,12,158.0,3.761904761904762,5.465989648987953,6,142.0,0.3066540205860674,6,98.0,0.46580041069726413,12,240.0
2150.0,13,194.0,4.9743589743589745,6.045871237571958,6,114.0,0.27527368930453444,7,100.0,0.42900339531693293,13,214.0
2155.0,12,142.0,3.380952380952381,5.126812967288381,5,64.0,0.2151404373607435,7,121.0,0.3017507031503577,12,185.0
2160.0,20,205.0,4.270833333333333,5.600544682954528,9,64.0,0.3371067129249232,11,163.0,0.2302658993594889,20,227.0
2165.0,15,125.0,2.6041666666666665,5.77631382266991,6,76.0,0.4658926873536576,9,139.0,0.34327514913988505,15,215.0
2170.0,10,127.0,2.5918367346938775,7.685822475811918,3,55.0,0.5313425945494683,7,103.0,0.4621763120558908,10,158.0
2175.0,13,82.0,1.5185185185185186,6.707442145688133,7,55.0,0.42139191853459,6,93.0,0.39486718014145206,13,148.0
2180.0,20,147.0,2.672727272727273,6.395397315597828,11,100.0,0.31958470011057294,9,81.0,0.42930671046557395,20,181.0
2185.0,20,188.0,3.357142857142857,5.667006340088608,11,122.0,0.27647713772653476,9,120.0,0.45281194523441315,20,242.0
2190.0,25,283.0,5.1454545454545455,5.565290860715737,12,147.0,0.3821621907762501,13,177.0,0.3650716121704929,25,324.0
2195.0,22,220.0,3.8596491228070176,4.686240540434752,9,146.0,0.3405004480568715,13,174.0,0.2867510377423419,22,320.0
2200.0,18,224.0,3.8620689655172415,6.058496752685276,6,107.0,0.35746560025615415,12,169.0,0.32543297197547416,18,276.0
2205.0,22,261.0,4.5,5.625505560615552,9,115.0,0.2561204544203775,13,180.0,0.2206619672199832,22,295.0
2210.0,21,254.0,4.233333333333333,5.9267585877173286,10,145.0,0.26207939244190004,11,193.0,0.18999681936474674,21,338.0
2215.0,19,234.0,4.5,5.360793370668677,8,166.0,0.41634714382960186,11,204.0,0.17842798493610568,19,370.0
2220.0,21,201.0,4.02,4.8229945413499395,8,163.0,0.32511744768659007,13,180.0,0.234212049112651,21,343.0
2225.0,22,212.0,4.326530612244898,4.823966148459244,12,152.0,0.3448903841561103,10,193.0,0.23448661892709824,22,345.0
2230.0,22,209.0,4.098039215686274,4.630319929477474,10,167.0,0.2172307066811905,12,164.0,0.28131118290051765,22,331.0
2235.0,18,223.0,4.2075471698113205,5.109250684446357,8,152.0,0.21090690196428669,10,175.0,0.30028990873178085,18,327.0
2240.0,18,213.0,3.8727272727272726,6.117775682796379,9,165.0,0.2836969999779327,9,155.0,0.3534991323265509,18,320.0
2245.0,22,258.0,4.526315789473684,6.394311771452199,12,162.0,0.3356132173666569,10,178.0,0.3668485101929054,22,340.0
2250.0,24,320.0,5.925925925925926,4.912938661930898,10,187.0,0.329948380713852,14,218.0,0.3444859146932073,24,405.0
2255.0,23,343.0,6.017543859649122,5.288338599411469,10,202.0,0.37161091590231904,13,246.0,0.33122534032979206,23,448.0
2260.0,20,414.0,7.392857142857143,5.458503861741278,12,248.0,0.2812778163008675,8,240.0,0.3513846361501626,20,488.0
2265.0,24,398.0,6.862068965517241,4.53198333943128,13,255.0,0.2111550795563092,11,250.0,0.27124655665206343,24,505.0
2270.0,26,393.0,6.55,4.549241281067876,9,225.0,0.29600531166765637,17,261.0,0.16244705554002328,26,486.0
2275.0,28,496.0,8.266666666666667,4.931264941951247,11,243.0,0.34638671353367545,17,329.0,0.18035451306062789,28,572.0
2280.0,22,418.0,6.634920634920635,5.860158035930975,9,152.0,0.34778200427198175,13,354.0,0.2556727153179739,22,506.0
2285.0,25,465.0,7.5,5.856686855744409,12,192.0,0.3088649917391469,13,378.0,0.21647067901771316,25,570.0
2290.0,27,551.0,9.032786885245901,5.534636646386849,12,235.0,0.2722843804797916,15,414.0,0.23414541333065894,27,649.0
2295.0,27,443.0,7.771929824561403,4.713607462372203,12,258.0,0.2612460880655205,15,343.0,0.22186618476630607,27,601.0
2300.0,24,320.0,5.614035087719298,5.058050234826548,12,234.0,0.22632873874863538,12,305.0,0.3232065918544319,24,539.0
2305.0,25,327.0,5.45,4.808046919021319,15,219.0,0.19491322746032902,10,310.0,0.31874585559974244,25,529.0
2310.0,25,289.0,4.587301587301587,5.427933899762125,13,219.0,0.278639096027366,12,274.0,0.37931793455965274,25,493.0
2315.0,19,316.0,5.180327868852459,6.617889738493793,6,159.0,0.43129403470301925,13,316.0,0.37545682848778894,19,475.0
2320.0,21,284.0,4.369230769230769,5.616691398479036,6,135.0,0.38615459468594593,15,334.0,0.1517399695434626,21,469.0
2325.0,24,333.0,5.203125,5.9487508741082475,10,112.0,0.40505497642873145,14,366.0,0.24571998153773297,24,478.0
2330.0,26,308.0,4.888888888888889,4.8651544203143615,12,120.0,0.3426499631236017,14,384.0,0.27547757653579946,26,504.0
2335.0,27,414.0,6.786885245901639,5.18531948375124,13,169.0,0.32569838864764916,14,388.0,0.33545450978988345,27,557.0
2340.0,25,409.0,6.196969696969697,4.7381766674864565,12,174.0,0.2347974060539587,13,421.0,0.3057183792052675,25,595.0
2345.0,22,411.0,6.629032258064516,5.659252591824899,11,149.0,0.33924594247353446,11,416.0,0.2586605711939676,22,565.0
2350.0,23,499.0,8.60344827586207,5.307872985664198,10,176.0,0.2848505217833331,13,453.0,0.2087520632636456,23,629.0
2355.0,25,413.0,7.0,5.040644504722511,12,217.0,0.20936592184284308,13,383.0,0.1939113359740444,25,600.0
2360.0,24,358.0,6.392857142857143,5.767645083337119,12,227.0,0.30744805994641006,12,285.0,0.27655172002750644,24,512.0
2365.0,22,361.0,6.11864406779661,5.8205558648538664,13,228.0,0.36502560974682474,9,257.0,0.25706575762046124,22,485.0
2370.0,17,233.0,3.7580645161290325,6.319378663011239,12,249.0,0.3591683198980498,5,181.0,0.41839304625725565,17,430.0
2375.0,21,285.0,4.253731343283582,6.537260814614257,13,230.0,0.37475461663263515,8,156.0,0.49555362516869744,21,386.0
2380.0,22,248.0,3.701492537313433,5.768032737358381,16,231.0,0.3251804900605478,6,154.0,0.4732043164746245,22,385.0
2385.0,24,310.0,4.920634920634921,5.322089878398598,14,213.0,0.2211179972133376,10,189.0,0.40511070694130447,24,402.0
2390.0,31,374.0,6.131147540983607,4.022885630316952,20,268.0,0.11708061715645325,11,205.0,0.19494860222453353,31,473.0
2395.0,32,499.0,8.457627118644067,4.4039165432774485,20,327.0,0.1375807662429975,12,225.0,0.11889935997776085,32,552.0
2400.0,29,555.0,9.568965517241379,4.409973619899589,18,392.0,0.19967947981044826,11,237.0,0.20180145950321715,29,629.0
2405.0,22,593.0,10.781818181818181,5.746434218899973,14,431.0,0.28960182059283535,8,234.0,0.34385959246330733,22,665.0
2410.0,19,433.0,8.018518518518519,5.0671739682013035,13,439.0,0.21725715927330894,6,165.0,0.3405487333794693,19,604.0
2415.0,21,280.0,5.0,5.52089751525794,14,410.0,0.20951899012322667,7,115.0,0.3945666326011354,21,525.0
2420.0,21,198.0,3.6,5.215865896882157,13,430.0,0.2473569023500207,8,129.0,0.38272653273902524,21,559.0
2425.0,26,284.0,5.071428571428571,4.8283078719900185,17,442.0,0.21414579476209322,9,171.0,0.3974224721824419,26,613.0
2430.0,29,273.0,4.55,4.145180853582153,21,496.0,0.17690294893709227,8,164.0,0.3945594167501221,29,660.0
2435.0,21,259.0,4.389830508474576,5.256603521982524,14,494.0,0.27033060737718834,7,145.0,0.3608426547671703,21,639.0
2440.0,23,343.0,5.532258064516129,6.237145473652984,15,513.0,0.2851173926244327,8,179.0,0.30353552939794193,23,692.0
2445.0,20,339.0,5.136363636363637,5.801640056170567,12,497.0,0.22170651739454403,8,156.0,0.2284242719077957,20,653.0
2450.0,25,333.0,5.459016393442623,5.789787463571086,14,503.0,0.23895540373844718,11,183.0,0.3091126730642843,25,686.0
2455.0,21,309.0,5.327586206896552,5.018573247344294,13,539.0,0.22396441760036284,8,168.0,0.3298709220547795,21,707.0
2460.0,23,360.0,6.315789473684211,5.57074445056701,13,540.0,0.2440746192369404,10,140.0,0.38382984703384987,23,680.0
2465.0,23,367.0,6.43859649122807,5.225127059309791,14,578.0,0.24427585203393876,9,142.0,0.35582993491326964,23,720.0
2470.0,29,499.0,8.457627118644067,5.379149077719902,16,653.0,0.31602948565166444,13,166.0,0.24305378263932947,29,819.0
2475.0,29,451.0,7.6440677966101696,4.527041422864879,15,594.0,0.2777126510525506,14,234.0,0.22133208111429434,29,828.0
2480.0,27,382.0,6.47457627118644,4.756482383457851,15,538.0,0.28964591916817756,12,239.0,0.3052745514001727,27,777.0
2485.0,23,336.0,5.894736842105263,5.044993424174964,16,523.0,0.2176178050084057,7,176.0,0.42200057294304416,23,699.0
2490.0,21,235.0,3.983050847457627,5.269305891658166,16,436.0,0.18574644105960716,5,129.0,0.43075714450448527,21,565.0
2495.0,22,224.0,3.6721311475409837,5.122329218259739,15,457.0,0.17558618047440788,7,100.0,0.41062370209943977,22,557.0
2500.0,21,197.0,3.283333333333333,5.276687621538918,12,415.0,0.27519486393164927,9,100.0,0.33720800128132083,21,515.0
2505.0,18,251.0,3.984126984126984,6.08123627304912,12,388.0,0.296942202850515,6,110.0,0.29645490764128946,18,498.0
2510.0,23,291.0,4.619047619047619,5.734824979865574,16,322.0,0.23756441611349693,7,119.0,0.2797974490312566,23,441.0
2515.0,28,310.0,5.0,4.753052012001701,16,325.0,0.20963500094434942,12,155.0,0.2585504416941755,28,480.0
2520.0,26,330.0,5.7894736842105265,5.054551579060427,14,278.0,0.32173764657870163,12,202.0,0.278264025332211,26,480.0
2525.0,24,343.0,6.236363636363636,5.036231870381857,16,278.0,0.23839486211891966,8,203.0,0.37195760498839897,24,481.0
2530.0,18,332.0,5.724137931034483,5.733923589773561,9,226.0,0.25710431816507184,9,230.0,0.3302835384639526,18,456.0
2535.0,19,226.0,3.830508474576271,5.829327680947126,11,211.0,0.29018387943936635,8,178.0,0.20707617497284542,19,389.0
2540.0,29,327.0,5.45,5.664785692293706,15,249.0,0.2596820481304673,14,209.0,0.19931968135349315,29,458.0
2545.0,26,328.0,5.754385964912281,5.043480237357495,17,322.0,0.13097480392893984,9,183.0,0.3680607037808651,26,505.0
2550.0,25,317.0,5.4655172413793105,5.08424495763673,15,335.0,0.23264080902186934,10,142.0,0.41535303335199053,25,477.0
2555.0,22,321.0,5.732142857142857,5.712338056929253,14,343.0,0.36278543544649683,8,146.0,0.42509176859336556,22,489.0
2560.0,16,277.0,4.946428571428571,5.889623711114325,10,314.0,0.27180027790164457,6,120.0,0.500140753460418,16,434.0
2565.0,17,261.0,4.5,6.491514206813005,9,223.0,0.34057155370846237,8,137.0,0.39789682276702126,17,360.0
2570.0,17,202.0,3.543859649122807,5.706771782671989,10,194.0,0.29893533917846005,7,127.0,0.20982087049828207,17,321.0
2575.0,23,254.0,4.535714285714286,5.803399229140895,11,187.0,0.29231028045461843,12,165.0,0.28937269613767413,23,352.0
2580.0,22,211.0,3.981132075471698,4.955424500335966,12,216.0,0.23025328425481265,10,143.0,0.3389534158483704,22,359.0
2585.0,25,279.0,4.982142857142857,4.726820680714018,16,262.0,0.25574776130275534,9,158.0,0.32623086377357186,25,420.0
2590.0,26,280.0,4.827586206896552,4.1037068275561115,14,265.0,0.286913333703969,12,178.0,0.2629695625817523,26,443.0
2595.0,20,288.0,4.9655172413793105,5.667041763400698,12,257.0,0.402423353522108,8,152.0,0.2768667514230258,20,409.0
2600.0,20,244.0,4.357142857142857,5.13423131814462,12,238.0,0.2866511470968676,8,156.0,0.27127800467874014,20,394.0
2605.0,24,292.0,5.12280701754386,5.332971019604353,13,223.0,0.24156378332516829,11,168.0,0.28863858594165037,24,391.0
2610.0,25,355.0,6.228070175438597,4.342002437039225,13,251.0,0.1777453450649703,12,198.0,0.2648907192982709,25,449.0
2615.0,23,408.0,7.0344827586206895,5.75967915988121,13,278.0,0.28457807253948586,10,200.0,0.3053695227566577,23,478.0
2620.0,20,365.0,6.293103448275862,5.867356587756458,13,336.0,0.31589840760492466,7,154.0,0.22322130102615437,20,490.0
2625.0,21,307.0,5.203389830508475,6.477179491173696,11,300.0,0.3148040218170475,10,121.0,0.27829671450619214,21,421.0
2630.0,17,223.0,4.054545454545455,6.5236827102403945,9,229.0,0.3546739606092505,8,122.0,0.33681167279475893,17,351.0
2635.0,17,219.0,4.211538461538462,6.287662813504384,8,223.0,0.355757517062071,9,144.0,0.3569180512175402,17,367.0
2640.0,15,235.0,4.433962264150943,6.282966096523042,7,213.0,0.34888193593629047,8,144.0,0.4349370070896013,15,357.0
2645.0,22,234.0,4.178571428571429,6.078018529196228,12,203.0,0.3211812011638461,10,184.0,0.4647242298571226,22,387.0
2650.0,20,289.0,5.254545454545455,5.689231563939841,9,188.0,0.3793339479905911,11,240.0,0.37845322366567014,20,428.0
2655.0,21,237.0,4.086206896551724,4.5175645387144705,9,218.0,0.34077887394732964,12,230.0,0.2729855108342302,21,448.0
2660.0,16,226.0,3.7666666666666666,5.498906812925627,8,226.0,0.330298509063328,8,156.0,0.28323563900218046,16,382.0
2665.0,18,203.0,3.3833333333333333,5.419215776262411,11,198.0,0.28550561511733674,7,154.0,0.25995900311143466,18,352.0
2670.0,24,302.0,4.7936507936507935,5.656777145310657,13,206.0,0.31190837586291453,11,176.0,0.235725021512013,24,382.0
2675.0,26,269.0,4.559322033898305,4.919276622684316,12,233.0,0.38920987999045636,14,162.0,0.22241370978161268,26,395.0
2680.0,24,348.0,5.612903225806452,5.503812740889614,11,251.0,0.3703269809101383,13,180.0,0.32919501495295955,24,431.0
2685.0,24,325.0,4.779411764705882,4.92907870286316,12,272.0,0.2992507843917978,12,180.0,0.3489189018380103,24,452.0
2690.0,22,345.0,5.390625,5.719036665679955,16,306.0,0.2826965233042805,6,132.0,0.3976276254505469,22,438.0
2695.0,19,404.0,6.8474576271186445,5.592486195870189,15,354.0,0.17239943595667986,4,97.0,0.4907592961486772,19,451.0
2700.0,25,474.0,7.645161290322581,5.065978102063939,17,395.0,0.21932752975628345,8,125.0,0.2526277796629555,25,520.0
2705.0,28,330.0,5.32258064516129,5.014814902727301,16,351.0,0.28249647070028855,12,128.0,0.2899691472658767,28,479.0
2710.0,23,305.0,4.841269841269841,6.0537845130038805,11,232.0,0.36388114768794727,12,177.0,0.3731126684025525,23,409.0
2715.0,21,292.0,4.634920634920635,4.929247630824029,12,252.0,0.23433674878157407,9,199.0,0.4636789761580175,21,451.0
2720.0,21,295.0,4.682539682539683,5.892169159517595,14,243.0,0.25495587603681386,7,174.0,0.49795762978783825,21,417.0
2725.0,20,171.0,3.0,4.99347924972164,14,241.0,0.24270368015002863,6,110.0,0.3234132933466508,20,351.0
2730.0,28,263.0,4.5344827586206895,5.272726317762317,15,293.0,0.17871953255603024,13,81.0,0.2489349437183951,28,374.0
2735.0,25,274.0,4.807017543859649,4.666778809518641,12,266.0,0.23142357621044915,13,117.0,0.2479954160500248,25,383.0
2740.0,20,295.0,5.363636363636363,6.774373090460681,10,211.0,0.37281935315789305,10,141.0,0.4210800493605915,20,352.0
2745.0,17,205.0,3.727272727272727,5.814459066373109,10,177.0,0.2692906573470473,7,149.0,0.4112130403608517,17,326.0
2750.0,21,221.0,3.810344827586207,6.071174034408223,10,148.0,0.29928631034532616,11,155.0,0.37917369971246345,21,303.0
2755.0,20,231.0,3.9152542372881354,5.129650882627742,8,146.0,0.36320943276610496,12,194.0,0.2940005237360232,20,340.0
2760.0,17,264.0,4.4,5.983435522424097,7,129.0,0.4342062606780704,10,217.0,0.30112600784502175,17,346.0
2765.0,20,253.0,4.015873015873016,5.841146995781106,9,154.0,0.4031399948940912,11,210.0,0.2762154256296534,20,364.0
2770.0,29,370.0,5.522388059701493,5.333881281368036,13,217.0,0.3335533132584634,16,240.0,0.2649463646347358,29,457.0
2775.0,34,506.0,7.228571428571429,5.104303176969479,14,264.0,0.3344803577665567,20,329.0,0.246334396263834,34,593.0
2780.0,30,578.0,8.376811594202898,5.060889211112666,12,283.0,0.35667126999422855,18,396.0,0.2514280916105331,30,679.0
2785.0,26,571.0,8.522388059701493,5.217912511375966,14,301.0,0.2978287253924017,12,410.0,0.2479738933304905,26,711.0
2790.0,25,511.0,7.197183098591549,4.744163330233806,13,313.0,0.2106385535490955,12,401.0,0.23980845752924237,25,714.0
2795.0,35,501.0,6.68,4.519341229343281,16,270.0,0.19476090624762302,19,420.0,0.2469225982493707,35,690.0
2800.0,33,561.0,7.791666666666667,4.8855556098824975,17,237.0,0.28636057545728894,16,482.0,0.30555485841219865,33,719.0
2805.0,34,647.0,8.626666666666667,5.386882728133094,14,271.0,0.34404927649894945,20,553.0,0.3257501844447369,34,824.0
2810.0,32,501.0,6.423076923076923,5.148515557006738,13,282.0,0.33730500687142995,19,488.0,0.27727305407366737,32,770.0
2815.0,39,477.0,5.888888888888889,4.363028472905726,17,303.0,0.2878249916409153,22,484.0,0.2063049984933907,39,787.0
2820.0,37,464.0,5.728395061728395,4.3218558674632135,13,285.0,0.3525665501894575,24,520.0,0.13149507702758936,37,805.0
2825.0,33,401.0,5.207792207792208,4.075365388030057,13,326.0,0.22898310737232094,20,474.0,0.15712788047234502,33,800.0
2830.0,35,456.0,5.772151898734177,4.8095476669749955,22,386.0,0.15337990976330812,13,458.0,0.24472692313704378,35,844.0
2835.0,36,484.0,6.205128205128205,4.657350595127767,21,406.0,0.08795039305226211,15,417.0,0.27520426558258226,36,823.0
2840.0,32,426.0,5.605263157894737,4.542384947546764,17,391.0,0.19439968609952168,15,395.0,0.22519966677035205,32,786.0
2845.0,29,470.0,6.266666666666667,4.344002799344708,15,413.0,0.2495432605803502,14,416.0,0.26513702470782147,29,829.0
2850.0,25,455.0,6.594202898550725,4.570200312216411,13,385.0,0.26631627560139,12,397.0,0.23347340094179314,25,782.0
2855.0,26,422.0,6.492307692307692,3.9122873754241856,12,324.0,0.14512220472325707,14,396.0,0.19069403264984974,26,720.0
2860.0,31,520.0,7.536231884057971,4.25831172280268,17,335.0,0.1287303172342621,14,427.0,0.22803017594363645,31,762.0
2865.0,29,431.0,6.53030303030303,4.49261569148376,13,357.0,0.24409628198856742,16,410.0,0.28882695455385904,29,767.0
2870.0,32,554.0,8.393939393939394,4.463012967565332,12,384.0,0.2901445010742701,20,454.0,0.2624758589645678,32,838.0
2875.0,34,585.0,8.013698630136986,3.8599772501255747,12,390.0,0.30802398130454517,22,508.0,0.1827203946509784,34,898.0
2880.0,29,588.0,8.054794520547945,4.707652317725408,10,360.0,0.3567176917141511,19,532.0,0.17187509304889317,29,892.0
2885.0,27,368.0,5.111111111111111,4.690319371028994,10,325.0,0.34782784657065036,17,458.0,0.17818347879466778,27,783.0
2890.0,33,322.0,4.410958904109589,4.360609249766036,13,250.0,0.25014252091056943,20,423.0,0.15439671929720272,33,673.0
2895.0,36,426.0,6.085714285714285,3.9697957808165167,15,232.0,0.27904258589760195,21,470.0,0.17495692104262262,36,702.0
2900.0,39,427.0,6.188405797101449,3.3477683670500564,15,245.0,0.22825221975574975,24,502.0,0.1778505420177984,39,747.0
2905.0,36,475.0,6.690140845070423,3.2051865174488814,13,259.0,0.2980449762406056,23,547.0,0.06227069020745712,36,806.0
2910.0,29,396.0,5.424657534246576,4.242637042472806,11,237.0,0.33815073975902993,18,531.0,0.07165234229168883,29,768.0
2915.0,24,254.0,3.6285714285714286,4.83407402865922,13,221.0,0.2533918235374235,11,506.0,0.2030959275539175,24,727.0
2920.0,27,295.0,4.154929577464789,4.555195747743579,13,257.0,0.21836265871708838,14,466.0,0.17193339107583636,27,723.0
2925.0,29,385.0,5.746268656716418,4.375193710462939,13,281.0,0.2792073387173238,16,495.0,0.14877140851819745,29,776.0
2930.0,25,455.0,7.711864406779661,4.982632837668604,13,297.0,0.19894160518535264,12,510.0,0.22786572530406643,25,807.0
2935.0,21,449.0,7.87719298245614,4.8794627935114905,12,295.0,0.08710980868248612,9,460.0,0.2946507503883491,21,755.0
2940.0,24,410.0,7.321428571428571,4.499998325161312,13,290.0,0.0723875281255934,11,416.0,0.33382053711092535,24,706.0
2945.0,27,423.0,8.134615384615385,4.175546723493296,12,296.0,0.19272556257908344,15,414.0,0.2914388175742248,27,710.0
2950.0,26,262.0,4.763636363636364,3.9423511930519743,11,246.0,0.22083865599016614,15,357.0,0.2678631766807744,26,603.0
2955.0,26,284.0,4.813559322033898,4.3786559537348175,10,230.0,0.36252635340036476,16,380.0,0.20796833498031372,26,610.0
2960.0,19,177.0,2.95,4.741769209156061,7,229.0,0.2886147768413155,12,343.0,0.2218263938070657,19,572.0
2965.0,17,226.0,3.7666666666666666,6.103381209152046,7,203.0,0.3033601322778332,10,328.0,0.33193967129671714,17,531.0
2970.0,16,215.0,3.467741935483871,5.863015340042273,8,204.0,0.3065706380519458,8,338.0,0.254733082616366,16,542.0
2975.0,27,280.0,4.516129032258065,5.580601374388453,11,221.0,0.36208695694528437,16,358.0,0.25846263032356587,27,579.0
2980.0,27,348.0,6.0,4.6145341773518185,9,238.0,0.3722290319677713,18,355.0,0.2557523703481989,27,593.0
2985.0,28,411.0,6.85,4.53744039783965,11,289.0,0.3395750775956281,17,308.0,0.2773068607298272,28,597.0
2990.0,29,360.0,5.806451612903226,4.191046182274653,12,252.0,0.3271440451073739,17,347.0,0.23437358151359503,29,599.0
2995.0,32,429.0,6.6,4.305885417834003,10,183.0,0.31513236162174774,22,427.0,0.2173256007581834,32,610.0
3000.0,35,493.0,7.46969696969697,4.0515493068397905,15,251.0,0.31462824225080466,20,455.0,0.20015310833132574,35,706.0
3005.0,32,464.0,6.628571428571429,4.008271603022691,19,339.0,0.17898367423202757,13,400.0,0.24994558540018685,32,739.0
3010.0,36,510.0,7.285714285714286,4.667184605168011,21,374.0,0.1356952077724414,15,361.0,0.3520847896883335,36,735.0
3015.0,27,437.0,6.333333333333333,5.352188113750315,12,334.0,0.1427229573300103,15,383.0,0.3107880064533696,27,717.0
3020.0,25,475.0,6.985294117647059,5.648584654537094,7,275.0,0.20977170840954287,18,455.0,0.19444337036899595,25,730.0
3025.0,25,488.0,7.393939393939394,5.879356867728265,9,241.0,0.252179748987891,16,457.0,0.20157633508100112,25,698.0
3030.0,23,418.0,6.430769230769231,5.879743126821659,9,259.0,0.24105329756835658,14,444.0,0.23013863788191627,23,703.0
3035.0,23,414.0,7.137931034482759,5.461406197825056,13,317.0,0.28657807320057044,10,422.0,0.29358664953177577,23,739.0
3040.0,25,320.0,5.714285714285714,4.767568019163099,13,321.0,0.2899581655083197,12,359.0,0.2658255077149593,25,680.0
3045.0,27,337.0,6.017857142857143,3.9824604449181646,14,345.0,0.24324191123517305,13,365.0,0.24959840860413587,27,710.0
3050.0,27,379.0,6.423728813559322,4.527802204994147,12,349.0,0.2583885849698331,15,395.0,0.2826831413237353,27,744.0
3055.0,20,347.0,5.88135593220339,5.113414647902336,6,266.0,0.3086826469816383,14,405.0,0.2372492290316026,20,671.0
3060.0,19,198.0,3.3559322033898304,5.489315869732422,5,144.0,0.41969525230194754,14,381.0,0.14013162040340743,19,525.0
3065.0,20,167.0,2.830508474576271,5.458178754729621,8,107.0,0.3992765914553534,12,380.0,0.17835839399434625,20,487.0
3070.0,22,204.0,3.5789473684210527,5.5834057081966755,11,117.0,0.2840455619278075,11,361.0,0.3166244170662391,22,478.0
3075.0,24,288.0,5.052631578947368,5.377608731875864,12,158.0,0.16842046952119005,12,368.0,0.39425096171065904,24,526.0
3080.0,24,316.0,5.448275862068965,4.7058013094479,13,177.0,0.23967163296002808,11,350.0,0.3213533846447864,24,527.0
3085.0,21,250.0,4.464285714285714,5.361360688217431,7,140.0,0.4438729252901163,14,330.0,0.2306681967030294,21,470.0
3090.0,23,297.0,5.4,4.5631937873939465,7,143.0,0.347592537652116,16,285.0,0.22865326280590098,23,428.0
3095.0,22,254.0,4.618181818181818,4.673847808696316,9,143.0,0.34766696136060193,13,281.0,0.2728454447110153,22,424.0
3100.0,23,273.0,5.352941176470588,5.010671010055099,9,144.0,0.3198456843693728,14,249.0,0.34885059410528846,23,393.0
3105.0,26,272.0,5.132075471698113,4.334699678801822,11,157.0,0.25007155950972054,15,258.0,0.2577798179727686,26,415.0
3110.0,26,308.0,5.703703703703703,4.518572301136267,13,208.0,0.1822248597700869,13,230.0,0.2501886700085168,26,438.0
3115.0,27,330.0,6.111111111111111,3.9453330080929985,13,220.0,0.15420163206557783,14,249.0,0.23732884072069466,27,469.0
3120.0,25,331.0,5.910714285714286,4.777342413371136,7,212.0,0.3537077461555464,18,275.0,0.18657014011362502,25,487.0
3125.0,24,251.0,4.327586206896552,4.265560230264489,4,156.0,0.3795677706127026,20,321.0,0.1702464389754691,24,477.0
3130.0,28,330.0,5.593220338983051,5.07292757463439,7,137.0,0.3508444011403653,21,362.0,0.22227687085637385,28,499.0
3135.0,28,370.0,6.271186440677966,4.175217541603385,9,144.0,0.2506421637379054,19,385.0,0.2084999955802687,28,529.0
3140.0,18,309.0,5.15,5.886254547802275,5,115.0,0.32322462893931314,13,370.0,0.27405162071068173,18,485.0
3145.0,19,191.0,3.1311475409836067,5.135216640676404,5,104.0,0.29828644605677235,14,359.0,0.1751621197782161,19,463.0
3150.0,22,197.0,3.2295081967213113,6.052734931830768,9,124.0,0.38819469666087547,13,302.0,0.2421582070884621,22,426.0
3155.0,25,312.0,5.2,6.095596035066766,10,170.0,0.39580098266954966,15,337.0,0.319557108087513,25,507.0
3160.0,23,302.0,5.11864406779661,5.434306020895734,9,171.0,0.4005803537905314,14,353.0,0.22585882105406013,23,524.0
3165.0,20,279.0,4.728813559322034,5.60620354283481,5,114.0,0.3804835682807434,15,345.0,0.21158537710268358,20,459.0
3170.0,20,251.0,4.048387096774194,5.160353256514329,6,71.0,0.3871439493038934,14,396.0,0.12958276083296896,20,467.0
3175.0,30,372.0,6.0,4.88802223451628,13,111.0,0.35619672762442867,17,448.0,0.17780138883229588,30,559.0
3180.0,29,349.0,5.721311475409836,4.544374819283217,12,144.0,0.3478908208729842,17,431.0,0.22070624487943125,29,575.0
3185.0,20,303.0,5.135593220338983,5.392042116658642,7,150.0,0.3278989032850015,13,297.0,0.28048041837465604,20,447.0
3190.0,20,247.0,4.116666666666666,5.1295874518505356,9,145.0,0.21783731910715406,11,269.0,0.2698739645685541,20,414.0
3195.0,26,326.0,5.433333333333334,5.429304146215334,15,207.0,0.2209060259595211,11,253.0,0.28780460588873585,26,460.0
3200.0,28,318.0,5.578947368421052,5.201009771881711,13,215.0,0.31202263778234746,15,301.0,0.26384556129815123,28,516.0
3205.0,25,400.0,7.407407407407407,4.682673468020362,13,235.0,0.2614061093525915,12,331.0,0.2953127541327276,25,566.0
3210.0,24,394.0,6.677966101694915,3.602017799725171,14,257.0,0.1824065930411193,10,340.0,0.29049165751751777,24,597.0
3215.0,20,358.0,5.682539682539683,5.602086749416063,9,213.0,0.2729690525437473,11,337.0,0.3697534924556599,20,550.0
3220.0,17,341.0,5.412698412698413,6.735333535427011,6,177.0,0.426220309885027,11,316.0,0.30396253894133096,17,493.0
3225.0,19,173.0,2.621212121212121,6.562700207403652,7,128.0,0.43926403687347115,12,248.0,0.24779329995771796,19,376.0
3230.0,25,245.0,3.888888888888889,5.2495626921451795,12,145.0,0.37860900340091225,13,277.0,0.16984862204388962,25,422.0
3235.0,29,288.0,4.571428571428571,4.6680197956801255,15,179.0,0.3059809727500442,14,300.0,0.26501049937240334,29,479.0
3240.0,29,369.0,5.951612903225806,4.613780513385445,17,254.0,0.2511298932569788,12,330.0,0.3422646895173986,29,584.0
3245.0,32,405.0,6.136363636363637,4.010913870859983,20,304.0,0.192157947925425,12,321.0,0.29983982658721464,32,625.0
3250.0,33,478.0,7.029411764705882,4.7033559926090645,19,345.0,0.2194023404559952,14,322.0,0.3420583532913087,33,667.0
3255.0,31,458.0,6.542857142857143,4.572839320995143,20,375.0,0.1937545062996518,11,290.0,0.33633593203817,31,665.0
3260.0,21,342.0,5.104477611940299,4.737224705634072,12,324.0,0.23748600345586784,9,323.0,0.2936652741639794,21,647.0
3265.0,22,384.0,6.4,4.561837770004976,11,274.0,0.2534179286208961,11,347.0,0.2283022882080247,22,621.0
3270.0,23,315.0,5.163934426229508,4.13346200210736,9,265.0,0.24221353326061035,14,286.0,0.13238418628199308,23,551.0
3275.0,31,425.0,6.967213114754099,4.364066532770268,15,287.0,0.24088205786263908,16,308.0,0.2201008775154364,31,595.0
3280.0,24,419.0,7.224137931034483,4.843916696881942,12,287.0,0.324616810375078,12,288.0,0.2348880540703188,24,575.0
3285.0,23,375.0,6.25,5.263534267120817,10,243.0,0.3616471219203888,13,263.0,0.15491143886766132,23,506.0
3290.0,24,393.0,6.442622950819672,5.748655190976878,12,203.0,0.3552070549145195,12,301.0,0.2914769327588477,24,504.0
3295.0,27,380.0,6.666666666666667,5.428571066984701,17,218.0,0.26086669867611906,10,293.0,0.4108847522696316,27,511.0
3300.0,26,372.0,6.305084745762712,4.917256697077299,14,221.0,0.18009527382420065,12,290.0,0.36103850478423644,26,511.0
3305.0,21,247.0,4.049180327868853,4.518062279657999,14,259.0,0.18665682807949935,7,232.0,0.2837694308330225,21,491.0
3310.0,23,260.0,4.482758620689655,5.091029148500562,12,256.0,0.2637079516845279,11,260.0,0.3209770461490989,23,516.0
3315.0,19,258.0,5.16,5.125032286750021,10,227.0,0.27867240572141866,9,278.0,0.27688547225527715,19,505.0
3320.0,19,264.0,5.076923076923077,5.010186090283889,9,184.0,0.17718937558868364,10,272.0,0.2511521168229906,19,456.0
3325.0,24,313.0,5.796296296296297,4.961906883750806,11,196.0,0.15540451055503038,13,239.0,0.3312267724804428,24,435.0
3330.0,23,298.0,5.418181818181818,5.77772507195644,9,186.0,0.3158017538568678,14,272.0,0.41402050006334745,23,458.0
3335.0,18,284.0,5.071428571428571,6.429585355743387,7,154.0,0.3472859532344354,11,285.0,0.4926499152067632,18,439.0
3340.0,22,227.0,4.053571428571429,5.621922247942929,10,188.0,0.3996646957892388,12,238.0,0.31209621513558294,22,426.0
3345.0,33,341.0,5.779661016949152,4.280038946208838,14,245.0,0.28334774072270547,19,250.0,0.152407530770853,33,495.0
3350.0,32,307.0,5.116666666666666,3.312270817537381,13,255.0,0.24976503441922673,19,291.0,0.08627224654905566,32,546.0
3355.0,23,315.0,5.163934426229508,5.0545307806666395,12,262.0,0.3080894935384928,11,277.0,0.19759841331430053,23,539.0
3360.0,22,317.0,5.112903225806452,5.2052839890728135,13,279.0,0.2421477660516879,9,253.0,0.24988171994605965,22,532.0
3365.0,29,343.0,5.359375,5.408115323065552,13,272.0,0.2856390481181608,16,280.0,0.24659367702577484,29,552.0
3370.0,28,353.0,6.086206896551724,4.275721548559165,12,268.0,0.319071284777288,16,322.0,0.20507993504906655,28,590.0
3375.0,27,418.0,7.464285714285714,4.262132977276925,11,256.0,0.3249631466064011,16,394.0,0.2279232866767503,27,650.0
3380.0,29,427.0,6.887096774193548,3.6401337353118404,15,289.0,0.22097802024573165,14,385.0,0.23624211624705152,29,674.0
3385.0,34,522.0,8.03076923076923,4.254151695160226,17,320.0,0.2522893098723528,17,384.0,0.28361117604326935,34,704.0
3390.0,32,466.0,6.955223880597015,4.200908193415988,17,344.0,0.26110647932957376,15,385.0,0.3109896822812768,32,729.0
3395.0,21,288.0,4.114285714285714,4.708562630970352,12,319.0,0.26052556087231893,9,280.0,0.26676989220277203,21,599.0
3400.0,19,314.0,4.361111111111111,5.278708352996764,12,325.0,0.23934686901592903,7,175.0,0.2807977447063355,19,500.0
3405.0,23,354.0,4.985915492957746,6.542196655310985,18,335.0,0.220269005069214,5,120.0,0.4859575812022427,23,455.0
3410.0,30,312.0,4.656716417910448,5.039926952403053,19,322.0,0.236100213625784,11,150.0,0.3210825320862262,30,472.0
3415.0,33,365.0,5.615384615384615,4.486430225718548,16,282.0,0.24013063781901686,17,221.0,0.25065823310948365,33,503.0
3420.0,32,412.0,6.242424242424242,3.731800668980737,15,296.0,0.18238049898901498,17,281.0,0.22529863278337905,32,577.0
3425.0,23,364.0,5.352941176470588,5.05684690342637,13,273.0,0.2232850088385179,10,290.0,0.26541338230035694,23,563.0
3430.0,27,304.0,4.606060606060606,4.811673718978237,14,276.0,0.16622946635265914,13,274.0,0.2787877829329933,27,550.0
3435.0,35,388.0,5.542857142857143,4.438053765116023,20,356.0,0.15234788773034466,15,252.0,0.25095006824225063,35,608.0
3440.0,32,449.0,6.803030303030303,4.198106110827157,16,387.0,0.23477544721554877,16,311.0,0.2719503053565057,32,698.0
3445.0,33,512.0,7.641791044776119,4.434779789586964,14,397.0,0.3257061078222593,19,366.0,0.2585948946607507,33,763.0
3450.0,34,441.0,6.391304347826087,3.9192446990081855,16,390.0,0.20905272424051477,18,363.0,0.25803887906874634,34,753.0
3455.0,42,547.0,7.927536231884058,3.9899306942965866,19,411.0,0.22926579633279298,23,429.0,0.26265471851322486,42,840.0
3460.0,38,528.0,7.436619718309859,3.244105911441682,16,404.0,0.22183567441107313,22,474.0,0.1810003173948882,38,878.0
3465.0,31,365.0,5.140845070422535,3.9875931023196167,12,319.0,0.19818394361939629,19,438.0,0.192629861524791,31,757.0
3470.0,29,460.0,6.216216216216216,4.962797707253836,13,337.0,0.1727044503728767,16,413.0,0.27731968172706567,29,750.0
3475.0,29,502.0,6.783783783783784,5.368622685526081,16,377.0,0.15025924465376098,13,359.0,0.3009046413844898,29,736.0
3480.0,35,518.0,7.095890410958904,4.387456454899052,17,423.0,0.2200736025505001,18,356.0,0.21347200981677675,35,779.0
3485.0,28,500.0,7.142857142857143,4.65327256893194,10,416.0,0.3064440800047906,18,376.0,0.22446469665434102,28,792.0
3490.0,27,402.0,5.661971830985915,5.2734046949687405,9,340.0,0.39293201162869695,18,357.0,0.2552262382784681,27,697.0
3495.0,31,436.0,6.228571428571429,4.930094753621669,12,254.0,0.32892685671086924,19,404.0,0.24472559302412736,31,658.0
3500.0,28,435.0,6.126760563380282,5.043614277003156,13,286.0,0.2682654556002021,15,386.0,0.26860107488865903,28,672.0
3505.0,23,408.0,5.746478873239437,4.979946536057952,10,300.0,0.2584164534715264,13,364.0,0.19127015236826544,23,664.0
3510.0,29,381.0,5.366197183098592,4.815077639834623,11,287.0,0.2979353953321753,18,382.0,0.151133099583225,29,669.0
3515.0,35,368.0,5.333333333333333,4.936256476515512,13,224.0,0.31202047793496496,22,427.0,0.2268082968660739,35,651.0
3520.0,31,405.0,6.136363636363637,3.968609491489951,12,261.0,0.26430078241590566,19,426.0,0.22998053618172207,31,687.0
3525.0,31,463.0,7.123076923076923,3.5060525257837982,12,272.0,0.28978162643481326,19,458.0,0.14168092465206727,31,730.0
3530.0,23,321.0,4.6521739130434785,4.507517960412047,8,243.0,0.2991459753508823,15,427.0,0.19634430375514395,23,670.0
3535.0,27,332.0,4.611111111111111,5.268820771604449,12,179.0,0.23565808814002143,15,471.0,0.2826246788980682,27,650.0
3540.0,39,457.0,6.347222222222222,4.30018700095632,17,191.0,0.19199428040655342,22,564.0,0.18466164929345005,39,755.0
3545.0,43,484.0,6.63013698630137,3.7874163668091,19,214.0,0.15665867681245044,24,582.0,0.1778437784650214,43,796.0
3550.0,37,475.0,6.785714285714286,3.716318762072852,15,259.0,0.23886326233635302,22,571.0,0.2003885256198568,37,830.0
3555.0,29,435.0,6.590909090909091,4.119849381273161,9,248.0,0.3596810616166242,20,605.0,0.1687575906945829,29,853.0
3560.0,22,335.0,5.075757575757576,4.756053563562465,6,218.0,0.2984898044321078,16,558.0,0.1859926247340087,22,776.0
3565.0,26,348.0,5.2727272727272725,4.351504475686488,11,230.0,0.18880438869582275,15,546.0,0.151546132545328,26,776.0
3570.0,31,302.0,4.71875,4.625772428999942,14,252.0,0.2534385012143438,17,508.0,0.14810394739236227,31,760.0
3575.0,22,346.0,5.9655172413793105,4.302388143303169,7,212.0,0.312497489742949,15,524.0,0.12488015135715755,22,736.0
3580.0,22,408.0,7.555555555555555,4.4555888113884405,9,214.0,0.327755451818149,13,484.0,0.1349761662704572,22,698.0
3585.0,21,419.0,7.7592592592592595,5.117915949533565,9,205.0,0.35751339110862745,12,484.0,0.16504542914751563,21,689.0
3590.0,24,458.0,8.481481481481481,5.157446341569693,10,186.0,0.33707955032877734,14,466.0,0.2189175775419835,24,652.0
3595.0,23,377.0,7.392156862745098,4.557127498430174,9,198.0,0.3212031338722813,14,450.0,0.29307427397617886,23,648.0
3600.0,25,479.0,9.211538461538462,4.778643510406938,14,259.0,0.20159007854077604,11,421.0,0.40972015317756655,25,680.0
3605.0,25,355.0,6.454545454545454,4.640541634291598,14,221.0,0.2979826992845031,11,386.0,0.32668418667730764,25,607.0
3610.0,28,366.0,6.1,4.82497136161702,14,239.0,0.32968987848939196,14,360.0,0.30008285149156355,28,599.0
3615.0,27,301.0,5.016666666666667,4.042673342971443,12,242.0,0.28018469078746205,15,364.0,0.25495943375501345,27,606.0
3620.0,21,242.0,3.8412698412698414,4.938499491070313,8,191.0,0.24310746825510648,13,311.0,0.29592771636623777,21,502.0
3625.0,21,267.0,4.306451612903226,5.038353671184705,11,224.0,0.1825968833911255,10,320.0,0.28621082332348835,21,544.0
3630.0,28,354.0,5.619047619047619,5.4538802755618105,18,303.0,0.2094736020475822,10,321.0,0.36415926134645427,28,624.0
3635.0,28,467.0,8.192982456140351,4.807834598062202,17,348.0,0.27999459173473845,11,362.0,0.3324772176018298,28,710.0
3640.0,24,489.0,8.89090909090909,4.821521849408707,12,350.0,0.30328653303254705,12,339.0,0.2519192069229283,24,689.0
3645.0,21,444.0,8.072727272727272,4.7667918555943585,10,332.0,0.28678496036500645,11,297.0,0.167109856754275,21,629.0
3650.0,27,528.0,9.428571428571429,4.64208892014739,14,302.0,0.2463039952962235,13,347.0,0.2712325069310459,27,649.0
3655.0,26,521.0,9.140350877192983,4.20933032968551,15,338.0,0.25718491409815525,11,336.0,0.29663185702884953,26,674.0
3660.0,18,526.0,10.115384615384615,5.697130811301042,9,358.0,0.306863118761896,9,272.0,0.38802423283125986,18,630.0
3665.0,13,210.0,3.8181818181818183,5.6400109805061875,7,260.0,0.2685697388420381,6,176.0,0.33705531057785415,13,436.0
3670.0,20,253.0,4.362068965517241,5.771909371103498,13,164.0,0.26937270405807046,7,133.0,0.323234214165861,20,297.0
3675.0,21,250.0,4.237288135593221,6.064215120282422,14,212.0,0.3555377710779929,7,105.0,0.33148893768077653,21,317.0
3680.0,17,288.0,5.052631578947368,6.763741089865193,9,215.0,0.37522035456831254,8,127.0,0.398288389053398,17,342.0
3685.0,15,200.0,3.4482758620689653,5.617536502986211,10,166.0,0.33166688727231514,5,137.0,0.28672330426047865,15,303.0
3690.0,22,242.0,4.172413793103448,5.893973958787402,15,174.0,0.258939251587272,7,137.0,0.34619189934945827,22,311.0
3695.0,20,284.0,5.163636363636364,5.399077041092791,16,216.0,0.1418732205620389,4,139.0,0.4317969592029332,20,355.0
3700.0,19,324.0,5.890909090909091,5.657201924683125,12,239.0,0.17546631571971505,7,168.0,0.4141553196650361,19,407.0
3705.0,20,180.0,3.2142857142857144,4.934087330057461,13,231.0,0.2336174903830194,7,93.0,0.2631895470715931,20,324.0
3710.0,23,267.0,4.767857142857143,5.846028813606501,15,269.0,0.344009427732025,8,77.0,0.31293453697537,23,346.0
3715.0,18,275.0,4.910714285714286,5.437548682314186,14,304.0,0.3041989958852932,4,77.0,0.4006402563763525,18,381.0
3720.0,16,298.0,5.8431372549019605,6.398301372801852,11,295.0,0.27137212003072464,5,68.0,0.5543747524302833,16,363.0
3725.0,18,247.0,4.8431372549019605,4.521748410287139,14,266.0,0.14647783649329782,4,84.0,0.27672821042712487,18,350.0
3730.0,27,320.0,6.037735849056604,4.52694366829124,16,275.0,0.21330147243729272,11,125.0,0.11683900113908821,27,400.0
3735.0,26,347.0,7.081632653061225,4.226383560335755,17,323.0,0.21319271504433476,9,129.0,0.30632999534982586,26,452.0
3740.0,21,393.0,7.86,5.256803023977166,13,340.0,0.2444459591454039,8,115.0,0.3669495145172706,21,455.0
3745.0,21,353.0,6.788461538461538,4.491010812379273,16,353.0,0.13425007254035273,5,107.0,0.37399672626453584,21,460.0
3750.0,26,426.0,7.745454545454545,5.649920676415138,17,380.0,0.2383478591565606,9,128.0,0.39459964773064754,26,508.0
3755.0,21,415.0,7.545454545454546,5.0955259366325185,15,425.0,0.2931571264770232,6,96.0,0.36862724966647314,21,521.0
3760.0,20,459.0,8.5,6.684556559381418,14,439.0,0.3352175649633598,6,51.0,0.46685770711656965,20,490.0
3765.0,20,472.0,8.90566037735849,6.099260424635501,13,468.0,0.2524626042659745,7,56.0,0.38902663643107643,20,524.0
3770.0,20,465.0,8.303571428571429,5.977049130765772,11,471.0,0.20718280212500312,9,95.0,0.3457312867273769,20,566.0
3775.0,18,239.0,4.877551020408164,5.022638379448798,11,350.0,0.24812175782767976,7,86.0,0.4227402104567704,18,436.0
3780.0,20,191.0,3.673076923076923,5.730284995366509,10,255.0,0.3893825797050957,10,117.0,0.36720730562729365,20,372.0
3785.0,20,217.0,4.018518518518518,5.0864791965390355,12,271.0,0.37156551785564285,8,117.0,0.33429853758628475,20,388.0
3790.0,19,259.0,4.709090909090909,5.536172300514367,11,262.0,0.3290192857949944,8,135.0,0.36632572099178606,19,397.0
3795.0,22,215.0,3.6440677966101696,4.213921943126754,13,285.0,0.21344080423151976,9,124.0,0.3065099581663925,22,409.0
3800.0,20,245.0,3.9516129032258065,5.617980369953452,14,297.0,0.2507590914688482,6,105.0,0.36252569515693556,20,402.0
3805.0,19,268.0,4.466666666666667,5.860376733227242,13,280.0,0.26981086941710447,6,107.0,0.3474332752328696,19,387.0
3810.0,28,361.0,5.82258064516129,5.31033050610206,15,287.0,0.23928911576128975,13,161.0,0.28374065219739864,28,448.0
3815.0,31,417.0,6.95,4.128641576770108,17,323.0,0.2405041971690682,14,203.0,0.2501003753186061,31,526.0
3820.0,31,527.0,8.639344262295081,4.209788827139964,14,340.0,0.25788102091334,17,257.0,0.2558098150841481,31,597.0
3825.0,29,537.0,8.80327868852459,4.267079652207654,16,377.0,0.2731821918411091,13,283.0,0.3087830256700141,29,660.0
3830.0,18,457.0,7.370967741935484,5.266570859079978,10,356.0,0.23756958124403965,8,258.0,0.3862517717189614,18,614.0
3835.0,18,311.0,5.271186440677966,5.120411465298641,8,232.0,0.26773161799095097,10,283.0,0.3012624500711676,18,515.0
3840.0,27,394.0,6.566666666666666,4.69695394660874,10,166.0,0.272154500288485,17,355.0,0.21196790659459164,27,521.0
3845.0,27,480.0,8.135593220338983,4.69772590894231,10,189.0,0.31094291904961974,17,401.0,0.27612532701613374,27,590.0
3850.0,21,534.0,9.206896551724139,5.76448366718848,8,192.0,0.2778350417598549,13,415.0,0.39149966996848407,21,607.0
3855.0,23,397.0,6.728813559322034,5.832198653607891,11,223.0,0.28620021388995476,12,328.0,0.28331856288316815,23,551.0
3860.0,20,327.0,5.5423728813559325,6.214711405089054,9,196.0,0.277358330408758,11,241.0,0.25645107089772146,20,437.0
3865.0,20,279.0,4.728813559322034,5.833487158548717,9,209.0,0.3330207972799731,11,207.0,0.26373256235665254,20,416.0
3870.0,21,280.0,5.090909090909091,5.760042064739345,7,210.0,0.4565498676405797,14,196.0,0.2919041543247883,21,406.0
3875.0,20,312.0,5.886792452830188,5.768204132247439,7,197.0,0.4720650300078961,13,227.0,0.3586319528787437,20,424.0
3880.0,17,193.0,3.5090909090909093,5.703752226812461,4,131.0,0.41753211723841377,13,215.0,0.38350254097249054,17,346.0
3885.0,22,241.0,4.381818181818182,5.029161230158875,8,74.0,0.3364820418619767,14,243.0,0.32129073693835913,22,317.0
3890.0,22,225.0,3.9473684210526314,4.938626544397274,8,73.0,0.36838686461331577,14,245.0,0.25774012658573653,22,318.0
3895.0,20,217.0,3.6779661016949152,5.064946717626332,6,60.0,0.41958886965849945,14,275.0,0.20767847720199273,20,335.0
3900.0,23,196.0,3.43859649122807,4.980494937380343,7,65.0,0.41163787505986316,16,278.0,0.21750093822716296,23,343.0
3905.0,27,266.0,4.433333333333334,4.818908916342383,11,90.0,0.3236053604219097,16,325.0,0.2486078284378433,27,415.0
3910.0,24,268.0,4.620689655172414,4.850275816666673,10,118.0,0.27477970267816276,14,336.0,0.3082740293104647,24,454.0
3915.0,25,324.0,5.225806451612903,4.469568262915534,11,136.0,0.2806085585508241,14,369.0,0.21790667918114665,25,505.0
3920.0,27,344.0,5.375,5.048017281766617,9,143.0,0.38587247903953265,18,391.0,0.21189413094132303,27,534.0
3925.0,27,388.0,5.878787878787879,5.11589981094469,7,117.0,0.43572768244026655,20,440.0,0.19278239479450585,27,557.0
3930.0,25,451.0,7.046875,4.656405172831682,11,143.0,0.34562756595146216,14,465.0,0.18466349476171967,25,608.0
3935.0,24,342.0,5.181818181818182,4.904751332023285,10,180.0,0.220395217934162,14,412.0,0.25060792168393825,24,592.0
3940.0,27,316.0,4.647058823529412,4.955085491642571,11,156.0,0.21827035523273286,16,370.0,0.2590296358129276,27,526.0
3945.0,32,402.0,6.090909090909091,4.991624950389929,13,164.0,0.30043457952691255,19,408.0,0.26636381377304397,32,572.0
3950.0,31,485.0,7.028985507246377,5.206110596255463,11,171.0,0.3637279645855781,20,465.0,0.2765789650696536,31,636.0
3955.0,30,499.0,6.930555555555555,4.710337849593557,9,141.0,0.3575578379082135,21,511.0,0.18374021655025694,30,652.0
3960.0,22,482.0,6.602739726027397,5.847700152765167,8,157.0,0.4368559603634005,14,505.0,0.1806558938224625,22,662.0
3965.0,21,421.0,5.767123287671233,5.882932750796337,7,163.0,0.3889367690100741,14,473.0,0.17040737499929914,21,636.0
3970.0,31,320.0,4.324324324324325,4.851044594754897,14,215.0,0.25758871625277224,17,415.0,0.17008365358112124,31,630.0
3975.0,35,365.0,5.2898550724637685,4.164177052731697,18,220.0,0.21304730035384725,17,438.0,0.29119529257146654,35,658.0
3980.0,29,361.0,5.231884057971015,4.718326001702569,13,212.0,0.3126554182733997,16,407.0,0.3231829839902083,29,619.0
3985.0,33,437.0,5.986301369863014,4.072326681980399,11,232.0,0.30492465455435575,22,483.0,0.2187926007072792,33,715.0
3990.0,32,419.0,5.441558441558442,4.385303422210324,7,204.0,0.34436309304256424,25,529.0,0.1544616660549235,32,733.0
3995.0,26,382.0,5.093333333333334,5.069846641532046,8,189.0,0.3467243280174946,18,493.0,0.17641517834879547,26,682.0
4000.0,26,325.0,4.333333333333333,4.51951489628982,11,205.0,0.2539892094344803,15,486.0,0.18310773110749273,26,691.0
4005.0,29,254.0,3.5277777777777777,4.4640698114512825,15,205.0,0.21193540162163005,14,456.0,0.23308324916154177,29,661.0
4010.0,43,392.0,5.681159420289855,3.59445232241762,20,256.0,0.17282585386948948,23,484.0,0.15444389638485792,43,740.0
4015.0,42,462.0,6.507042253521127,3.468014982534372,18,296.0,0.1990462639525155,24,525.0,0.14305605558428372,42,821.0
4020.0,35,439.0,6.552238805970149,3.5278244079919743,11,272.0,0.2758570730875105,24,554.0,0.08962432917781904,35,826.0
4025.0,24,360.0,5.373134328358209,3.831182490470608,7,273.0,0.24870467895998918,17,514.0,0.13530627406275197,24,787.0
4030.0,27,297.0,4.304347826086956,4.204851815816048,14,285.0,0.25365048236662796,13,518.0,0.14061339959615937,27,803.0
4035.0,35,406.0,5.884057971014493,4.3016135746019115,18,327.0,0.31637898846377605,17,525.0,0.1715124577382718,35,852.0
4040.0,30,408.0,5.828571428571428,4.129258139310715,11,294.0,0.2978111383981916,19,542.0,0.16301875818720696,30,836.0
4045.0,31,321.0,4.458333333333333,4.022664868434806,13,259.0,0.29523688062590575,18,538.0,0.14039904059355138,31,797.0
4050.0,31,341.0,4.371794871794871,4.5645306373120755,14,219.0,0.3382506358992413,17,548.0,0.19453106329185185,31,767.0
4055.0,27,296.0,3.844155844155844,4.971102182210196,17,254.0,0.3131415930173572,10,451.0,0.3031890211711577,27,705.0
4060.0,28,357.0,4.636363636363637,5.405118545821461,18,268.0,0.239632357622781,10,379.0,0.32357411076764836,28,647.0
4065.0,28,351.0,4.3875,4.918393980901415,17,314.0,0.1756542113414624,11,354.0,0.24191592008170087,28,668.0
4070.0,38,437.0,5.602564102564102,4.482358487324685,22,365.0,0.18720936535026095,16,309.0,0.23150613650665083,38,674.0
4075.0,42,490.0,6.805555555555555,3.940002872080799,26,441.0,0.20050759421167028,16,341.0,0.2814672402947751,42,782.0
4080.0,37,555.0,7.602739726027397,4.082393427775258,22,490.0,0.2255899881789244,15,379.0,0.2720390223511442,37,869.0
4085.0,38,573.0,7.5394736842105265,3.6935464157033957,21,536.0,0.19799639225927076,17,373.0,0.23394034235056146,38,909.0
4090.0,26,439.0,6.097222222222222,4.6119772518270885,17,532.0,0.1458643886761648,9,315.0,0.3332640659877431,26,847.0
4095.0,25,311.0,4.507246376811594,5.037127068447622,17,464.0,0.19498823349939104,8,237.0,0.33425134137241624,25,701.0
4100.0,32,265.0,3.533333333333333,4.748040972971837,19,460.0,0.21904181379874868,13,188.0,0.2060097766965839,32,648.0
4105.0,33,334.0,4.513513513513513,4.690432306273665,20,499.0,0.28333536535291776,13,216.0,0.26725279847612443,33,715.0
4110.0,34,411.0,5.48,4.9867196803216345,19,558.0,0.32998889986933877,15,268.0,0.2799905917287718,34,826.0
4115.0,32,442.0,5.8933333333333335,4.515534475275772,21,584.0,0.25023485823786595,11,265.0,0.3519188689628528,32,849.0
4120.0,27,372.0,4.96,4.141448344563028,20,569.0,0.15238597857683586,7,216.0,0.2576517098628934,27,785.0
4125.0,29,254.0,3.3866666666666667,4.092959169878664,19,578.0,0.12411051794042076,10,179.0,0.27361072653135615,29,757.0
4130.0,36,371.0,4.818181818181818,4.118659865563364,24,598.0,0.13516630298033117,12,183.0,0.26530492413901896,36,781.0
4135.0,39,497.0,6.454545454545454,3.9588124105094895,27,670.0,0.16129038653333252,12,206.0,0.29630349625393293,39,876.0
4140.0,31,555.0,7.302631578947368,5.065927475517867,20,695.0,0.218220157211943,11,198.0,0.3709100922169004,31,893.0
4145.0,31,522.0,6.868421052631579,4.674061803486346,18,698.0,0.21766748210052095,13,160.0,0.19972318811040088,31,858.0
4150.0,34,508.0,6.773333333333333,4.656484773226196,18,663.0,0.2407937268624063,16,201.0,0.14857134892898843,34,864.0
4155.0,36,460.0,6.301369863013699,3.5929294797860436,21,653.0,0.1937250449354662,15,221.0,0.18355389252571258,36,874.0
4160.0,34,427.0,6.188405797101449,4.314978321895486,24,599.0,0.1737298984089358,10,216.0,0.354480399674186,34,815.0
4165.0,31,387.0,5.608695652173913,4.067417018129364,23,664.0,0.12107284767007287,8,210.0,0.33123312357416024,31,874.0
4170.0,27,370.0,5.138888888888889,4.775143926566626,19,679.0,0.11832992185751609,8,189.0,0.3361984469352928,27,868.0
4175.0,29,471.0,7.029850746268656,5.579762286607075,19,697.0,0.25402674269234643,10,231.0,0.21934381225867597,29,928.0
4180.0,29,554.0,8.393939393939394,5.589778308356832,19,693.0,0.2521037142210987,10,270.0,0.20160884193736753,29,963.0
4185.0,30,602.0,9.709677419354838,4.230157182014895,19,676.0,0.1773704994040983,11,328.0,0.22135471170626142,30,1004.0
4190.0,31,608.0,10.305084745762711,3.550148125143249,23,678.0,0.1750694792019117,8,323.0,0.30003708803125534,31,1001.0
4195.0,28,625.0,10.245901639344263,4.299307151257683,20,649.0,0.22084792045135404,8,316.0,0.37697288730903217,28,965.0
4200.0,29,555.0,8.80952380952381,4.833779062418804,23,700.0,0.25196687930825357,6,222.0,0.46004324172746397,29,922.0
4205.0,28,539.0,8.166666666666666,4.254848979893912,21,748.0,0.15464351337227636,7,122.0,0.45211302678845366,28,870.0
4210.0,34,546.0,8.149253731343284,3.3692592103044756,27,791.0,0.14016607443398074,7,126.0,0.3247788258735609,34,917.0
4215.0,30,444.0,6.434782608695652,3.99474042703765,22,768.0,0.13321295949347053,8,133.0,0.3489218504319123,30,901.0
4220.0,26,475.0,6.785714285714286,5.049004850572871,18,763.0,0.246419204952717,8,138.0,0.1816041371619762,26,901.0
4225.0,26,318.0,4.3561643835616435,5.539772977466721,15,643.0,0.31156165275987774,11,156.0,0.12316057966695879,26,799.0
4230.0,33,414.0,5.914285714285715,4.629367819544577,24,625.0,0.19485198564776943,9,190.0,0.3562125562096838,33,815.0
4235.0,32,431.0,6.1571428571428575,4.482139504742339,26,631.0,0.14281704237412726,6,186.0,0.4757541631794668,32,817.0
4240.0,28,373.0,5.180555555555555,5.470283369216665,24,605.0,0.15738167006890116,4,170.0,0.5932258241077158,28,775.0
4245.0,32,452.0,6.108108108108108,5.487161577511877,23,649.0,0.22623432199180024,9,172.0,0.5203078454289488,32,821.0
4250.0,25,399.0,5.541666666666667,4.983357900520421,17,622.0,0.22732946014694091,8,190.0,0.3996582896051917,25,812.0
4255.0,24,358.0,4.837837837837838,4.617082269803804,17,575.0,0.16573919508796697,7,201.0,0.3614790484107186,24,776.0
4260.0,29,284.0,3.641025641025641,4.963197425020403,18,561.0,0.18720553257574704,11,215.0,0.3717903245261661,29,776.0
4265.0,34,382.0,4.716049382716049,5.048836837689185,19,594.0,0.2588014745501507,15,264.0,0.3299606054330942,34,858.0
4270.0,27,430.0,5.443037974683544,4.883966530865584,12,567.0,0.28708073832867703,15,306.0,0.2687924123356306,27,873.0
4275.0,34,533.0,7.0131578947368425,4.347879922359574,18,615.0,0.2772608514719645,16,344.0,0.20878076866761375,34,959.0
4280.0,43,627.0,7.8375,3.659470813329667,25,705.0,0.24822502409159472,18,389.0,0.15733509005003402,43,1094.0
4285.0,41,734.0,9.061728395061728,4.0182424019120395,28,794.0,0.17260425045261135,13,378.0,0.3057266860977242,41,1172.0
4290.0,36,833.0,10.158536585365853,4.424463089196136,24,860.0,0.10656576694132087,12,394.0,0.33158004547650866,36,1254.0
4295.0,36,921.0,11.807692307692308,4.213922685200991,23,890.0,0.11166917387623333,13,421.0,0.30285304897971554,36,1311.0
4300.0,39,767.0,9.96103896103896,3.711544033877522,23,899.0,0.1040165603228725,16,316.0,0.23284578657346242,39,1215.0
4305.0,38,757.0,10.093333333333334,3.846310484962014,24,984.0,0.17135378841570328,14,270.0,0.2588435714523002,38,1254.0
4310.0,43,941.0,13.069444444444445,3.4863370999519154,28,1082.0,0.1533941276065634,15,283.0,0.24556802315757056,43,1365.0
4315.0,44,1008.0,13.621621621621621,2.62594774353057,27,1176.0,0.10878332725779156,17,306.0,0.18276513204457775,44,1482.0
4320.0,32,954.0,12.23076923076923,3.8686784847297955,21,1206.0,0.17333140740142788,11,269.0,0.21938206128815588,32,1475.0
4325.0,29,998.0,13.131578947368421,4.484779595950313,18,1213.0,0.20879846859680365,11,276.0,0.2034341814592875,29,1489.0
4330.0,39,1118.0,14.519480519480519,4.656281291543175,21,1202.0,0.17611913784748295,18,334.0,0.20109888562425565,39,1536.0
4335.0,40,970.0,12.933333333333334,3.745768955333171,24,1131.0,0.13686950067308393,16,351.0,0.22103830600471727,40,1482.0
4340.0,41,744.0,9.92,3.77059315633403,23,1008.0,0.14240155606301547,18,389.0,0.2741769902356677,41,1397.0
4345.0,43,685.0,9.256756756756756,3.9984561982214895,23,1023.0,0.23980975255751907,20,482.0,0.2882718172445133,43,1505.0
4350.0,39,644.0,8.363636363636363,3.2485256254054375,20,1050.0,0.23772518201755974,19,495.0,0.18085683163604313,39,1545.0
4355.0,31,444.0,5.766233766233766,3.097578651938904,16,1009.0,0.19423616304723015,15,462.0,0.127994794762764,31,1471.0
4360.0,28,355.0,4.4375,3.989750939984309,17,1020.0,0.2350541216903487,11,395.0,0.18922365520473966,28,1415.0
4365.0,36,349.0,4.204819277108434,4.48818287611918,22,1042.0,0.24680016396097548,14,337.0,0.2146399410762638,36,1379.0
4370.0,44,385.0,4.63855421686747,3.8862182442105335,27,1086.0,0.14162666476910485,17,383.0,0.26321116483495444,44,1469.0
4375.0,50,588.0,7.636363636363637,3.1099306910440934,32,1191.0,0.09075220141372553,18,433.0,0.26383530666428334,50,1624.0
4380.0,52,704.0,9.263157894736842,2.4573799570736212,32,1264.0,0.07594430840191871,20,442.0,0.21653373332654516,52,1706.0
4385.0,36,608.0,8.0,3.3843807668167023,23,1239.0,0.058218839495745224,13,387.0,0.24640487838443484,36,1626.0
4390.0,25,459.0,5.961038961038961,3.9799035001678003,16,1141.0,0.09826440369433376,9,364.0,0.259867434232524,25,1505.0
4395.0,31,389.0,5.0519480519480515,4.436250832074838,17,1101.0,0.14345216745550157,14,362.0,0.3002661156780764,31,1463.0
4400.0,37,292.0,3.8421052631578947,3.9419687466001405,18,1116.0,0.14968216850770288,19,358.0,0.2795649960425002,37,1474.0
4405.0,43,406.0,5.342105263157895,3.8314438602354146,23,1121.0,0.12068845656506727,20,363.0,0.2670854627388619,43,1484.0
4410.0,40,475.0,6.25,3.7327760601475575,23,1141.0,0.17166247418439834,17,371.0,0.249004846873796,40,1512.0
4415.0,27,330.0,4.4,4.5519174893710215,14,1069.0,0.21239870255763776,13,302.0,0.22192129964467391,27,1371.0
4420.0,22,375.0,4.934210526315789,5.666500733315375,11,1006.0,0.27239538362052385,11,265.0,0.279029171639264,22,1271.0
4425.0,24,370.0,5.0,5.550318277594583,12,909.0,0.24233972971389894,12,263.0,0.2883700379489225,24,1172.0
4430.0,30,382.0,5.305555555555555,4.650637842547067,15,715.0,0.16932541840636184,15,312.0,0.25592961119740554,30,1027.0
4435.0,32,339.0,5.2153846153846155,4.087863914246212,13,723.0,0.21342494867237652,19,317.0,0.2856336899721745,32,1040.0
4440.0,26,350.0,5.645161290322581,4.462682389871658,10,682.0,0.2561819859736435,16,309.0,0.189859711895039,26,991.0
4445.0,31,423.0,6.714285714285714,4.085166589664032,13,675.0,0.2868232798396533,18,335.0,0.0908138699690445,31,1010.0
4450.0,26,393.0,6.046153846153846,4.915499107218857,12,592.0,0.26309348169462926,14,308.0,0.16928474706504607,26,900.0
4455.0,23,439.0,6.968253968253968,5.156661095257227,11,382.0,0.27478625905216414,12,325.0,0.27088309319001586,23,707.0
4460.0,22,421.0,6.682539682539683,4.90933795210712,9,361.0,0.24497611602346642,13,360.0,0.3119583806180502,22,721.0
4465.0,31,550.0,8.73015873015873,5.174156564648372,15,367.0,0.27775435192767506,16,441.0,0.3276444046051821,31,808.0
4470.0,27,383.0,6.079365079365079,4.162169175016596,11,314.0,0.28841590176958043,16,415.0,0.27259018153223524,27,729.0
4475.0,27,425.0,6.4393939393939394,5.229556119647273,11,310.0,0.3068934450091853,16,421.0,0.3213949395928324,27,731.0
4480.0,27,370.0,5.4411764705882355,4.632723340335417,12,301.0,0.3084179153312107,15,422.0,0.2748451988599545,27,723.0
4485.0,22,315.0,4.5,5.105761246644917,7,251.0,0.3958900405525572,15,369.0,0.19992708873296164,22,620.0
4490.0,25,341.0,5.014705882352941,5.430086614150789,8,272.0,0.40874477494075884,17,362.0,0.16252968561613218,25,634.0
4495.0,26,285.0,4.253731343283582,5.292716747804601,7,219.0,0.3461300864793531,19,348.0,0.15140360110680606,26,567.0
4500.0,31,308.0,4.7384615384615385,4.66195436422965,11,130.0,0.2455611774543398,20,407.0,0.18534605196124007,31,537.0
4505.0,34,428.0,7.016393442622951,3.8849593134665805,9,151.0,0.30438290822690917,25,520.0,0.20529007038785033,34,671.0
4510.0,37,496.0,8.551724137931034,3.1993373345299894,15,206.0,0.2417401454506847,22,547.0,0.17886884940208436,37,753.0
4515.0,31,457.0,7.616666666666666,3.495635137390004,12,249.0,0.24592367219002476,19,541.0,0.14559371156209364,31,790.0
4520.0,23,417.0,6.619047619047619,4.350060665684515,7,236.0,0.34606249773316344,16,541.0,0.12887447094246007,23,777.0
4525.0,21,328.0,5.290322580645161,5.912828642388136,8,238.0,0.3877984499050548,13,481.0,0.18807137207476113,21,719.0
4530.0,20,231.0,3.85,5.2519240675630945,7,197.0,0.2212404116221013,13,424.0,0.22460531365126152,20,621.0
4535.0,22,247.0,4.116666666666666,5.244139920330503,10,190.0,0.21180738208588878,12,398.0,0.2328317314348153,22,588.0
4540.0,25,248.0,4.428571428571429,5.2338018590784845,11,184.0,0.31842179883848687,14,422.0,0.27036726856617777,25,606.0
4545.0,25,337.0,6.3584905660377355,4.883489420021691,8,143.0,0.4770150378121639,17,505.0,0.17661807840235186,25,648.0
4550.0,25,334.0,6.549019607843137,3.813383687224103,6,135.0,0.3063185557816239,19,522.0,0.18248644450319648,25,657.0
4555.0,21,360.0,7.0588235294117645,5.366656847476977,6,107.0,0.34773992814439875,15,485.0,0.2359479658184248,21,592.0
4560.0,22,415.0,8.645833333333334,4.722914440720042,9,137.0,0.25842839618928637,13,498.0,0.16478140157188975,22,635.0
4565.0,24,448.0,9.142857142857142,5.235548240486951,10,190.0,0.3726544917111777,14,502.0,0.1221090329959569,24,692.0
4570.0,18,301.0,6.688888888888889,4.5141670676918295,6,143.0,0.38485080601563576,12,468.0,0.18711451440120302,18,611.0
4575.0,17,208.0,4.7272727272727275,5.234580203747523,7,110.0,0.37418907325057094,10,364.0,0.27622542056222876,17,474.0
4580.0,16,192.0,4.266666666666667,5.506898384518486,6,89.0,0.33685100199262763,10,395.0,0.34690723808244456,16,484.0
4585.0,23,284.0,5.795918367346939,5.3403429019637,7,97.0,0.3088989906211369,16,459.0,0.2953027806376185,23,556.0
4590.0,20,278.0,5.450980392156863,4.8593471364998875,5,99.0,0.39274221454569097,15,475.0,0.23909422715149575,20,574.0
4595.0,18,333.0,6.283018867924528,6.6495780985213555,4,84.0,0.5641844620851255,14,472.0,0.32308586889560525,18,556.0
4600.0,17,273.0,5.352941176470588,5.93708183240366,5,102.0,0.5592932623233858,12,439.0,0.21357756710386186,17,541.0
4605.0,17,258.0,5.0588235294117645,6.532979315963998,6,131.0,0.5193623664338216,11,340.0,0.24741615971537084,17,471.0
4610.0,19,225.0,4.591836734693878,4.3218116495428704,7,91.0,0.23081357263586239,12,360.0,0.14919380164707943,19,451.0
4615.0,24,314.0,6.1568627450980395,5.062196813896658,10,104.0,0.22387330011625814,14,413.0,0.2453700341806832,24,517.0
4620.0,21,350.0,7.142857142857143,5.090750675116047,8,123.0,0.3468707153899314,13,454.0,0.3176894948699103,21,577.0
4625.0,21,444.0,8.88,5.820971113171099,7,136.0,0.4304164549707495,14,520.0,0.3542167547135158,21,656.0
4630.0,18,407.0,7.826923076923077,5.246333481774457,6,137.0,0.45183469224089623,12,521.0,0.32062206790988684,18,658.0
4635.0,18,456.0,8.60377358490566,6.156502809935449,5,102.0,0.5064438056058155,13,521.0,0.29510043612373216,18,623.0
4640.0,14,284.0,5.795918367346939,5.275960918071177,3,27.0,0.36210685989608543,11,422.0,0.17350660272365376,14,449.0
4645.0,21,162.0,3.24,5.543199149322556,9,63.0,0.2925591835432257,12,286.0,0.14762378186557826,21,349.0
4650.0,18,198.0,4.040816326530612,5.697884465290309,8,74.0,0.4150469566377352,10,229.0,0.18143025851423505,18,303.0
4655.0,15,221.0,4.604166666666667,5.958721055576134,6,88.0,0.4339925122656849,9,240.0,0.2589759332497356,15,328.0
4660.0,16,234.0,4.875,5.6652644205015905,5,81.0,0.46104915843528205,11,279.0,0.2650487487768405,16,360.0
4665.0,14,212.0,4.1568627450980395,6.3118447917900475,5,46.0,0.5159110994316763,9,297.0,0.2688257995135986,14,343.0
4670.0,14,252.0,5.361702127659575,7.219212672037642,6,75.0,0.5214529637129207,8,263.0,0.3151830554463757,14,338.0
4675.0,17,224.0,4.226415094339623,6.029038570835986,9,113.0,0.36549248002375495,8,239.0,0.19297920184262576,17,352.0
4680.0,20,230.0,4.107142857142857,6.322616397912026,12,144.0,0.3008336875371584,8,181.0,0.3047782478814126,20,325.0
4685.0,16,201.0,3.7222222222222223,6.550024520337723,9,153.0,0.37697956318865716,7,160.0,0.39436419683806667,16,313.0
4690.0,14,147.0,2.7735849056603774,6.5381490588673605,8,146.0,0.43397875403425673,6,144.0,0.4697084991562833,14,290.0
4695.0,21,160.0,3.018867924528302,5.048556974579427,11,150.0,0.3492387851680567,10,173.0,0.36207237583300766,21,323.0
4700.0,23,233.0,4.160714285714286,4.465978261910869,13,189.0,0.2954213477511308,10,200.0,0.3378639891188092,23,389.0
4705.0,29,321.0,5.015625,4.020596938256638,18,234.0,0.2794529279340817,11,242.0,0.2773778999499345,29,476.0
4710.0,36,486.0,7.363636363636363,4.683877540614181,20,316.0,0.3169489938787161,16,304.0,0.3190313816971927,36,620.0
4715.0,33,489.0,6.887323943661972,4.520096399379118,18,368.0,0.2861763451041351,15,306.0,0.299743415192151,33,674.0
4720.0,30,544.0,7.253333333333333,4.846871910406764,19,396.0,0.2300876529260783,11,279.0,0.35193516619299997,30,675.0
4725.0,35,457.0,5.935064935064935,4.183983846209672,23,407.0,0.16621711526835078,12,233.0,0.2905661250340908,35,640.0
4730.0,41,562.0,7.394736842105263,4.650749974416312,24,427.0,0.19555905964717746,17,227.0,0.3118895830264404,41,654.0
4735.0,41,578.0,7.605263157894737,3.4444795180100853,24,461.0,0.14511628337932225,17,278.0,0.23507451327638293,41,739.0
4740.0,33,464.0,6.105263157894737,3.752096956658364,19,413.0,0.13661439332055014,14,311.0,0.2059862328110146,33,724.0
4745.0,26,425.0,5.592105263157895,4.80513697133583,14,395.0,0.2253837461178294,12,331.0,0.19904635765252235,26,726.0
4750.0,30,443.0,5.753246753246753,5.100735014587325,12,378.0,0.27164039282475194,18,363.0,0.16354700989766574,30,741.0
4755.0,35,461.0,6.315068493150685,4.38058633341279,14,388.0,0.2264702227080933,21,375.0,0.2190173416011328,35,763.0
4760.0,29,449.0,6.414285714285715,4.755587397732561,12,368.0,0.18527181096210013,17,364.0,0.2714085096917876,29,732.0
4765.0,29,527.0,7.219178082191781,4.7803472014185235,13,394.0,0.30047202470808676,16,397.0,0.21247092124441325,29,791.0
4770.0,24,498.0,7.217391304347826,5.371775683644962,12,416.0,0.27498980017824076,12,379.0,0.27280077345538684,24,795.0
4775.0,27,571.0,9.063492063492063,4.6626721741933865,15,421.0,0.20419329269525222,12,327.0,0.255094440970241,27,748.0
4780.0,33,667.0,10.758064516129032,3.7997885771663067,17,488.0,0.16837501434502364,16,349.0,0.18975813494540497,33,837.0
4785.0,30,686.0,11.627118644067796,3.5467999039644624,13,523.0,0.2544846836339655,17,366.0,0.14945644003396408,30,889.0
4790.0,28,554.0,9.551724137931034,3.99307615033434,10,465.0,0.31850309577311153,18,360.0,0.1676124782994475,28,825.0
4795.0,32,628.0,10.64406779661017,4.114760072937723,16,431.0,0.22147449244811884,16,390.0,0.27333745973643914,32,821.0
4800.0,28,709.0,12.43859649122807,4.263101041549929,14,487.0,0.20271789710481672,14,379.0,0.2841777822024961,28,866.0
4805.0,25,644.0,11.10344827586207,4.727759746912455,11,503.0,0.20722693926278565,14,354.0,0.2719159408249087,25,857.0
4810.0,25,452.0,7.533333333333333,4.6319411089541065,12,453.0,0.23092276849740181,13,277.0,0.2105081334732382,25,730.0
4815.0,28,294.0,4.741935483870968,4.96774545538813,11,344.0,0.34017706119941926,17,303.0,0.23245986762581566,28,647.0
4820.0,24,354.0,5.709677419354839,5.148907052522073,9,368.0,0.3243970551477106,15,316.0,0.3522038053617827,24,684.0
4825.0,25,367.0,5.825396825396825,4.37630946087815,11,368.0,0.3229948311326965,14,332.0,0.22925901594821652,25,700.0
4830.0,22,386.0,6.327868852459017,5.3834552287981285,9,315.0,0.37148653350026073,13,318.0,0.23254892305267202,22,633.0
4835.0,25,469.0,7.688524590163935,5.528681665237067,10,291.0,0.3395509247468694,15,380.0,0.18291628914841299,25,671.0
4840.0,29,470.0,7.833333333333333,4.6937335368413375,12,266.0,0.1693861291116804,17,442.0,0.24688174347922823,29,708.0
4845.0,29,446.0,7.689655172413793,4.283379116185008,14,205.0,0.15907359150428727,15,427.0,0.2797690201655466,29,632.0
4850.0,29,487.0,8.543859649122806,3.7952842799745685,15,278.0,0.21882606039189167,14,447.0,0.2746057716836654,29,725.0
4855.0,27,468.0,7.932203389830509,3.2296116871731546,14,299.0,0.25632467998081315,13,466.0,0.17204120321694044,27,765.0
4860.0,20,408.0,6.688524590163935,4.792411604980723,6,252.0,0.34602564029016575,14,456.0,0.14679464753813717,20,708.0
4865.0,25,379.0,5.921875,4.651754471012237,7,173.0,0.3342671558208257,18,483.0,0.0924455760955518,25,656.0
4870.0,33,476.0,6.8,4.9150686145076925,15,227.0,0.2917122366159203,18,502.0,0.16060932213227447,33,729.0
4875.0,28,562.0,8.264705882352942,5.1496911698891,14,247.0,0.3680602494060869,14,550.0,0.24656140043333602,28,797.0
4880.0,19,564.0,8.545454545454545,5.0583655159118095,8,216.0,0.38109815720691026,11,580.0,0.25029864861287027,19,796.0
4885.0,26,560.0,8.615384615384615,4.473993764918297,13,175.0,0.34597013189760384,13,595.0,0.12163902354535132,26,770.0
4890.0,30,400.0,5.970149253731344,4.376433122724581,15,209.0,0.26270306800241927,15,473.0,0.17785181086697718,30,682.0
4895.0,36,448.0,6.588235294117647,4.094312218798442,20,272.0,0.12172309188277419,16,344.0,0.2591926318719345,36,616.0
4900.0,34,491.0,7.3283582089552235,4.6631037138554,21,332.0,0.19724884520156102,13,357.0,0.33846756750892076,34,689.0
4905.0,32,461.0,6.681159420289855,4.777241403257895,21,367.0,0.2141109330409257,11,299.0,0.38600316816726876,32,666.0
4910.0,33,542.0,7.970588235294118,4.436583745614027,21,443.0,0.23835628977476617,12,325.0,0.3574554851437588,33,768.0
4915.0,35,467.0,6.577464788732394,3.7872265030280294,22,463.0,0.23285145386734576,13,315.0,0.2883891290446902,35,778.0
4920.0,29,282.0,3.710526315789474,4.166229310081434,15,408.0,0.2577364460702633,14,334.0,0.21603602231363098,29,742.0
4925.0,27,347.0,4.3375,5.3101354985532625,15,365.0,0.3581380053531184,12,326.0,0.21301045470590443,27,691.0
4930.0,28,306.0,3.5172413793103448,5.188859565630114,16,372.0,0.28281572457095694,12,311.0,0.2631344560299427,28,683.0
4935.0,39,381.0,4.280898876404494,5.18575934211039,22,369.0,0.25863117638179,17,341.0,0.2964111871678563,39,710.0
4940.0,41,459.0,5.337209302325581,4.6091276891363195,24,420.0,0.25168560475483653,17,372.0,0.28063316324644183,41,792.0
4945.0,44,539.0,6.416666666666667,3.4837340661511758,26,476.0,0.20075012609367807,18,364.0,0.22032465497988732,44,840.0
4950.0,47,627.0,7.7407407407407405,2.570585124144522,28,526.0,0.12365804876693481,19,404.0,0.22240542216204662,47,930.0
4955.0,40,591.0,7.3875,3.353486534701865,25,562.0,0.1598271554169008,15,395.0,0.17495277425030445,40,957.0
4960.0,30,447.0,5.658227848101266,3.618223817014599,18,549.0,0.17561935858511807,12,382.0,0.14976129795039733,30,931.0
4965.0,35,385.0,4.63855421686747,4.034769008351696,21,561.0,0.19399833931496557,14,358.0,0.1663408470769406,35,919.0
4970.0,38,492.0,5.857142857142857,4.029068993342204,22,620.0,0.2165311346335548,16,382.0,0.22046173273188188,38,1002.0
4975.0,31,541.0,6.597560975609756,4.393741393461237,20,637.0,0.22575616405099613,11,382.0,0.26672365657005875,31,1019.0
4980.0,31,604.0,7.105882352941176,4.712849846033474,22,681.0,0.18879350680974563,9,352.0,0.27936044180144165,31,1033.0
4985.0,38,653.0,7.593023255813954,4.399359917511275,23,675.0,0.19524036935900768,15,405.0,0.21433635380737387,38,1080.0
4990.0,40,702.0,7.887640449438202,4.811278986223516,24,661.0,0.2400323304322347,16,454.0,0.25063968491384425,40,1115.0
4995.0,37,792.0,9.777777777777779,4.358978993965,26,736.0,0.1683224134038746,11,451.0,0.3500536538971374,37,1187.0
5000.0,41,818.0,10.098765432098766,3.674836906418105,27,771.0,0.09073107317779776,14,458.0,0.3437705860648542,41,1229.0
5005.0,45,766.0,8.804597701149426,3.6483066072166186,26,775.0,0.11664823973473908,19,455.0,0.29358828713024154,45,1230.0
5010.0,44,651.0,7.314606741573034,4.307982261842804,25,723.0,0.1775265725865619,19,442.0,0.306298534110694,44,1165.0
5015.0,42,548.0,6.372093023255814,3.5479259804273022,24,776.0,0.14276478412744636,18,371.0,0.2633156280305743,42,1147.0
5020.0,43,437.0,4.910112359550562,3.536937111729436,22,760.0,0.15672449316380938,21,409.0,0.22068233617803162,43,1169.0
5025.0,34,368.0,4.181818181818182,3.749577753010533,14,683.0,0.1788015105176585,20,409.0,0.1778612930928599,34,1092.0
5030.0,28,400.0,4.444444444444445,5.201148210346882,12,643.0,0.22136025618973165,16,436.0,0.31301069317837704,28,1079.0
5035.0,33,436.0,4.638297872340425,4.515731724839212,16,641.0,0.11623358734833228,17,469.0,0.32338767404958024,33,1110.0
5040.0,46,508.0,5.521739130434782,3.996261408496241,24,647.0,0.1787456559949979,22,489.0,0.24400422232154328,46,1136.0
5045.0,51,537.0,5.836956521739131,3.45209829698548,22,634.0,0.2309182818457878,29,521.0,0.1953095679602853,51,1155.0
5050.0,54,692.0,7.688888888888889,3.3705958406930145,23,678.0,0.22304101602074602,31,588.0,0.1828319532550371,54,1266.0
5055.0,54,767.0,8.428571428571429,2.687645697843827,24,702.0,0.1688456561172131,30,677.0,0.1498397165608749,54,1379.0
5060.0,45,616.0,6.695652173913044,3.017914193203206,17,621.0,0.18408855941963237,28,708.0,0.0928087708886482,45,1329.0
5065.0,39,678.0,7.533333333333333,3.849922875752477,13,597.0,0.24229188296392673,26,747.0,0.10701068377791882,39,1344.0
5070.0,39,616.0,6.695652173913044,3.925105948307093,14,596.0,0.23805946265498323,25,780.0,0.09998327886228218,39,1376.0
5075.0,44,544.0,5.913043478260869,3.526665279344253,18,573.0,0.1936154200654429,26,737.0,0.10566827797922429,44,1310.0
5080.0,44,607.0,6.8977272727272725,3.6836944027480585,20,599.0,0.27106216075067263,24,777.0,0.15780940181898284,44,1376.0
5085.0,42,640.0,7.529411764705882,3.709820812210716,16,547.0,0.2567965627076319,26,796.0,0.15978314736229443,42,1343.0
5090.0,45,756.0,8.894117647058824,3.391675055339936,18,541.0,0.25204515639224156,27,846.0,0.12491211123576196,45,1387.0
5095.0,46,825.0,9.593023255813954,3.962076612600387,19,587.0,0.24878097696520057,27,859.0,0.14644582868028944,46,1446.0
5100.0,45,823.0,9.569767441860465,3.6300958145353395,23,643.0,0.19323711774830532,22,892.0,0.16525877035273082,45,1535.0
5105.0,44,638.0,8.075949367088608,2.786449222434108,27,624.0,0.10032728243106932,17,825.0,0.19790879845527215,44,1449.0
5110.0,46,596.0,7.180722891566265,2.845571697312365,28,562.0,0.1347762066139993,18,801.0,0.1872427271369845,46,1363.0
5115.0,45,681.0,7.9186046511627906,3.426270970464389,24,623.0,0.18331705021236322,21,760.0,0.17190708858711531,45,1383.0
5120.0,44,727.0,8.453488372093023,3.8358552763185267,20,630.0,0.2761926849107254,24,789.0,0.15170760780640571,44,1419.0
5125.0,30,559.0,6.425287356321839,3.8605105653462934,13,578.0,0.19106671383610577,17,749.0,0.1689519829440328,30,1327.0
5130.0,33,478.0,5.431818181818182,4.167524988646977,16,480.0,0.19332114239561318,17,740.0,0.20371937700256124,33,1220.0
5135.0,37,518.0,6.166666666666667,3.9085899372815285,20,522.0,0.12401314643355207,17,699.0,0.256525643467439,37,1221.0
5140.0,42,623.0,7.7875,3.596630899993618,21,520.0,0.16019176474900645,21,727.0,0.1488701455207279,42,1247.0
5145.0,31,594.0,7.518987341772152,3.8329466919954736,14,491.0,0.17851941544521496,17,726.0,0.10525478823283836,31,1217.0
5150.0,35,580.0,7.631578947368421,3.9550170128410245,18,472.0,0.1524583016768987,17,705.0,0.1455724350778447,35,1177.0
5155.0,40,470.0,6.184210526315789,3.5713033205360873,22,492.0,0.16321029180625077,18,608.0,0.16180753796818653,40,1100.0
5160.0,37,522.0,7.25,3.303052274294771,23,567.0,0.14344485334370885,14,650.0,0.21516274792260429,37,1217.0
5165.0,32,573.0,8.070422535211268,3.4339962435402986,22,587.0,0.10344409433018696,10,641.0,0.28729849417886966,32,1228.0
5170.0,28,552.0,7.561643835616438,5.168899641641681,13,552.0,0.185549165277314,15,657.0,0.3263329709112595,28,1209.0
5175.0,21,388.0,5.243243243243243,5.501563150527653,7,466.0,0.24721393170591896,14,626.0,0.3182026155364235,21,1092.0
5180.0,28,345.0,4.6,5.216695253522356,10,377.0,0.2575475312202877,18,645.0,0.251966664028498,28,1022.0
5185.0,33,444.0,6.434782608695652,3.9100251971232036,14,384.0,0.26274574764361097,19,721.0,0.21134233603726857,33,1105.0
5190.0,27,488.0,7.176470588235294,4.829570941826362,9,322.0,0.3443313357977252,18,770.0,0.1660222884575981,27,1092.0
5195.0,27,577.0,8.242857142857142,4.750555607627376,8,300.0,0.2510153672974904,19,854.0,0.1789837928720812,27,1154.0
5200.0,37,713.0,10.04225352112676,4.631079286427074,15,278.0,0.23090621735465805,22,954.0,0.1575143638191158,37,1232.0
5205.0,36,572.0,8.17142857142857,4.009952269576904,14,261.0,0.23819352242613168,22,908.0,0.19126940247719348,36,1169.0
5210.0,36,696.0,10.235294117647058,4.143506918658575,16,289.0,0.31940114249154583,20,892.0,0.19950989648702147,36,1181.0
5215.0,38,739.0,10.123287671232877,4.222193673623964,15,288.0,0.32051665767502135,23,954.0,0.18163696427936518,38,1242.0
5220.0,27,668.0,9.150684931506849,4.85062987224451,9,225.0,0.24700427339909614,18,951.0,0.24667599369448592,27,1176.0
5225.0,24,578.0,7.8108108108108105,4.708994507993114,7,185.0,0.2552601940826474,17,867.0,0.25437322817767366,24,1052.0
5230.0,33,411.0,5.48,4.645650742691334,12,236.0,0.19481203404495478,21,705.0,0.31826348135220867,33,941.0
5235.0,33,295.0,3.933333333333333,4.478098537876499,15,264.0,0.17676256111539146,18,600.0,0.32190640298121354,33,864.0
5240.0,36,402.0,5.506849315068493,4.125375211626456,19,302.0,0.16170684600627663,17,533.0,0.2930985564013783,36,835.0
5245.0,40,458.0,6.273972602739726,2.991043085753305,18,317.0,0.14216126614123795,22,579.0,0.19524339233012503,40,896.0
5250.0,31,421.0,5.6891891891891895,3.839039347192231,10,263.0,0.1760053045570984,21,606.0,0.1725004904362149,31,869.0
5255.0,26,374.0,4.986666666666666,4.390473203620122,4,224.0,0.3187014469495704,22,650.0,0.07721821925728907,26,874.0
5260.0,34,437.0,5.675324675324675,4.9908680474672735,5,206.0,0.3998117429819612,29,696.0,0.09037510940676957,34,902.0
5265.0,39,558.0,7.54054054054054,4.493947907582882,12,250.0,0.35214149190606275,27,736.0,0.15390318768045863,39,986.0
5270.0,39,625.0,9.057971014492754,4.009769134499274,16,279.0,0.3107230442424443,23,732.0,0.19896477403675528,39,1011.0
5275.0,42,580.0,8.529411764705882,2.831876854537208,20,363.0,0.21162882835059318,22,729.0,0.1581945801902644,42,1092.0
5280.0,35,449.0,6.323943661971831,3.0315070850149883,18,394.0,0.16720109953597193,17,649.0,0.17964068033865652,35,1043.0
5285.0,34,328.0,4.619718309859155,3.697263762268938,14,326.0,0.1993259260185543,20,677.0,0.17565714451251868,34,1003.0
5290.0,24,263.0,3.6527777777777777,4.925211347481356,7,233.0,0.2861336599321,17,649.0,0.14499000381486796,24,882.0
5295.0,25,286.0,3.8133333333333335,5.162382334973184,6,201.0,0.35416980584006824,19,676.0,0.12722836150551786,25,877.0
5300.0,33,349.0,4.780821917808219,4.833036311161064,10,236.0,0.2642372096037728,23,666.0,0.18384026786090013,33,902.0
5305.0,35,371.0,5.455882352941177,3.9815101253236955,15,235.0,0.2509912120178226,20,664.0,0.19888050234974913,35,899.0
5310.0,35,433.0,6.661538461538462,3.7778277630154338,18,315.0,0.21830462127934144,17,597.0,0.24138210122342763,35,912.0
5315.0,34,460.0,6.666666666666667,3.4659968791747153,18,330.0,0.17120931664465255,16,597.0,0.1815290069688772,34,927.0
5320.0,28,364.0,5.352941176470588,4.844349489132848,10,265.0,0.22121593258486802,18,573.0,0.20656995874613557,28,838.0
5325.0,20,362.0,5.934426229508197,5.337738040683268,4,191.0,0.348536272303378,16,564.0,0.167220904402155,20,755.0
5330.0,23,403.0,6.716666666666667,5.169493694737644,7,218.0,0.23583462360988228,16,515.0,0.19683440604032348,23,733.0
5335.0,32,467.0,8.192982456140351,4.123832839053473,13,218.0,0.2549620976712915,19,545.0,0.16804259887374623,32,763.0
5340.0,29,391.0,6.109375,4.7765460048371216,12,227.0,0.3277532481616951,17,503.0,0.22649063239435302,29,730.0
5345.0,26,385.0,5.833333333333333,5.275694809052111,12,223.0,0.3921927607392277,14,444.0,0.2931706726786887,26,667.0
5350.0,16,308.0,4.597014925373134,5.57964799065089,4,148.0,0.4438974020637053,12,436.0,0.2686208424578166,16,584.0
5355.0,22,351.0,5.318181818181818,5.133716400964712,8,160.0,0.3500218057163724,14,427.0,0.18857419945939702,22,587.0
5360.0,30,307.0,4.723076923076923,3.930714271155273,14,205.0,0.1578622458964794,16,375.0,0.16331213837868336,30,580.0
5365.0,35,296.0,4.553846153846154,4.016037965088519,19,243.0,0.14709568344216864,16,238.0,0.21595739724775034,35,481.0
5370.0,33,397.0,6.616666666666666,4.268965665358752,20,295.0,0.20117005335039492,13,268.0,0.27526520991757286,33,563.0
5375.0,33,447.0,7.327868852459017,3.9553513649407708,19,317.0,0.13987870827145107,14,274.0,0.24801449085256114,33,591.0
5380.0,26,362.0,5.934426229508197,4.613163209162704,13,266.0,0.24515600178524388,13,291.0,0.2756562678860531,26,557.0
5385.0,19,389.0,7.072727272727272,5.382110548136398,7,232.0,0.2996919188423644,12,307.0,0.29802758267954943,19,539.0
5390.0,16,233.0,4.314814814814815,4.85935123270891,6,202.0,0.27092717548753137,10,267.0,0.2467279037596303,16,469.0
5395.0,23,260.0,4.814814814814815,4.769141025968537,12,243.0,0.16759825659877625,11,199.0,0.31880884774080354,23,442.0
5400.0,28,226.0,3.9649122807017543,4.094117812545555,18,276.0,0.18250106867984528,10,186.0,0.2493344449271488,28,462.0
5405.0,26,317.0,5.4655172413793105,4.886210831488952,16,332.0,0.26147127841623846,10,185.0,0.304902903191963,26,517.0
5410.0,27,309.0,4.983870967741935,5.092799238843975,16,344.0,0.2592545375932123,11,202.0,0.3842332582848132,27,546.0
5415.0,16,192.0,3.2,6.063102707978229,10,269.0,0.2519067280133757,6,175.0,0.4648848071348807,16,444.0
5420.0,14,235.0,4.12280701754386,6.936557255537658,7,208.0,0.3750549027716284,7,187.0,0.35623260656383104,14,395.0
5425.0,15,179.0,2.9833333333333334,6.169573823098949,6,158.0,0.2944562602733788,9,158.0,0.2355671933032109,15,316.0
5430.0,21,222.0,3.8275862068965516,5.818000637292338,11,163.0,0.17733057000901253,10,177.0,0.3876909486732245,21,340.0
5435.0,20,172.0,3.0714285714285716,5.4023861335352015,12,184.0,0.2664505199363101,8,102.0,0.4206184419343854,20,286.0
5440.0,17,222.0,3.8275862068965516,6.382301674833305,8,174.0,0.35288260800794513,9,118.0,0.4346391190862596,17,292.0
5445.0,19,143.0,2.4237288135593222,5.986315774145412,9,130.0,0.2995961214895661,10,130.0,0.365758551935333,19,260.0
5450.0,21,201.0,3.406779661016949,6.650786528117559,12,145.0,0.37050203488702843,9,121.0,0.3594579427589139,21,266.0
5455.0,23,215.0,3.7719298245614037,4.4527122635186815,12,167.0,0.3188992589481032,11,131.0,0.21882845860177724,23,298.0
5460.0,27,311.0,5.098360655737705,5.438129896731722,13,192.0,0.33268831167351415,14,176.0,0.2836180897933003,27,368.0
5465.0,27,259.0,4.111111111111111,4.9809950170823,15,213.0,0.2595801885718909,12,185.0,0.36836402533961,27,398.0
5470.0,17,197.0,3.078125,5.689722570441108,9,188.0,0.3129725901733258,8,129.0,0.3073737256222809,17,317.0
5475.0,19,201.0,3.1904761904761907,5.176682142578617,6,157.0,0.2804335063993422,13,173.0,0.21686943572197534,19,330.0
5480.0,32,326.0,4.865671641791045,4.4405439521283325,14,195.0,0.13127124489912811,18,247.0,0.22548960235876592,32,442.0
5485.0,37,482.0,7.650793650793651,4.1739235895173445,16,240.0,0.21418107619226837,21,346.0,0.24369598158200673,37,586.0
5490.0,28,543.0,8.619047619047619,4.277421201984749,9,229.0,0.30889429787264805,19,409.0,0.21688138548438213,28,638.0
5495.0,29,571.0,9.360655737704919,4.549343058697444,11,226.0,0.27201541780839694,18,442.0,0.1524582547997454,29,668.0
5500.0,30,446.0,6.96875,4.447547045301367,12,227.0,0.20082423907127891,18,444.0,0.16281060426844965,30,671.0
5505.0,26,351.0,5.161764705882353,5.264587104430245,11,214.0,0.23539350176890902,15,362.0,0.27598702146935217,26,576.0
5510.0,26,290.0,4.603174603174603,5.060529550024788,13,243.0,0.3455895543143992,13,330.0,0.31637203308573875,26,573.0
5515.0,25,240.0,3.6923076923076925,5.243257272646627,11,252.0,0.3727043573349828,14,277.0,0.30809877817739073,25,529.0
5520.0,26,318.0,4.676470588235294,5.342053405224851,12,231.0,0.3798235396602616,14,290.0,0.2572955354133319,26,521.0
5525.0,32,367.0,5.318840579710145,5.078874248876795,13,245.0,0.39060404767641405,19,320.0,0.09323051901070173,32,565.0
5530.0,28,374.0,5.3428571428571425,5.714747141941676,10,246.0,0.43081911430391,18,354.0,0.22504501986585357,28,600.0
5535.0,23,338.0,5.365079365079365,4.896896810532445,13,259.0,0.2875062285680905,10,320.0,0.30731818510068626,23,579.0
5540.0,26,275.0,4.296875,4.785171738206455,18,242.0,0.19953530703670685,8,258.0,0.31350059087684823,26,500.0
5545.0,30,310.0,4.626865671641791,4.5875353253287585,19,309.0,0.20337843753475365,11,227.0,0.22248447784174366,30,536.0
5550.0,26,246.0,3.727272727272727,5.220485589186834,13,317.0,0.25444756697994325,13,203.0,0.2850457166382861,26,520.0
5555.0,24,276.0,4.246153846153846,5.609647684179894,13,333.0,0.25851153887044725,11,155.0,0.3183081017025295,24,488.0
5560.0,30,337.0,5.029850746268656,4.951226841994651,19,360.0,0.1798911659966299,11,167.0,0.3253897149369899,30,527.0
5565.0,25,356.0,5.313432835820896,5.440909983977802,19,422.0,0.21971495436216204,6,126.0,0.4310013915159652,25,548.0
5570.0,24,417.0,6.318181818181818,5.007654454552654,13,430.0,0.2714874224374516,11,134.0,0.2582264869765731,24,564.0
5575.0,26,447.0,6.573529411764706,5.652730604453999,12,395.0,0.3521540435140904,14,190.0,0.2380474796476353,26,585.0
5580.0,23,447.0,6.876923076923077,5.642938969387625,11,355.0,0.3069473611004762,12,217.0,0.2785652115559689,23,572.0
5585.0,25,349.0,5.5396825396825395,4.8874176880439375,15,323.0,0.1849414166508491,10,206.0,0.378774470343802,25,529.0
5590.0,28,257.0,4.079365079365079,4.55471186102844,17,259.0,0.1712830927838365,11,193.0,0.3216725293794533,28,452.0
5595.0,33,352.0,5.587301587301587,4.379318652017572,21,344.0,0.17826456156218573,12,168.0,0.36850432779168485,33,512.0
5600.0,31,436.0,6.606060606060606,4.423690491787988,20,430.0,0.24539657464401785,11,201.0,0.3092083434485388,31,631.0
5605.0,33,482.0,7.303030303030303,4.378631853706428,19,464.0,0.23192207686758895,14,226.0,0.31295176537253,33,690.0
5610.0,28,378.0,5.7272727272727275,4.405441424836551,14,434.0,0.2358094125248801,14,251.0,0.21233006489513073,28,685.0
5615.0,19,397.0,6.203125,5.655707466224864,11,407.0,0.27145447259846034,8,230.0,0.25264026399112904,19,637.0
5620.0,19,262.0,4.09375,5.535624077069116,13,375.0,0.2692890648637969,6,165.0,0.15002485347475725,19,540.0
5625.0,24,258.0,4.3,5.164259793758165,13,336.0,0.26255201965953023,11,140.0,0.15630780943761236,24,476.0
5630.0,24,315.0,5.625,4.59866359445851,16,369.0,0.21645794526281387,8,149.0,0.30503652083961874,24,518.0
5635.0,18,344.0,6.254545454545455,6.003423828984006,11,378.0,0.2282846039695164,7,133.0,0.42309382292186604,18,511.0
5640.0,15,217.0,4.254901960784314,5.080917000236391,10,292.0,0.18745574218481253,5,136.0,0.15674937491738702,15,428.0
5645.0,25,304.0,5.62962962962963,5.044296465899444,13,268.0,0.18067811739868814,12,167.0,0.22468499144118015,25,435.0
5650.0,30,359.0,6.527272727272727,4.418118260970721,19,299.0,0.2125025435598099,11,189.0,0.35003260603677955,30,488.0
5655.0,23,432.0,7.714285714285714,5.611520310735585,16,331.0,0.3145461557615463,7,192.0,0.4969219367589359,23,523.0
5660.0,18,414.0,7.016949152542373,5.193827340635434,12,355.0,0.34315076625892754,6,190.0,0.4369121871090072,18,545.0
5665.0,19,363.0,6.1525423728813555,5.414214161647799,11,322.0,0.3154208982523166,8,178.0,0.4054632804873575,19,500.0
5670.0,17,126.0,2.032258064516129,5.354922388334201,8,288.0,0.2849907667685298,9,95.0,0.3183641614410571,17,383.0
5675.0,27,192.0,2.909090909090909,5.043848828066745,14,240.0,0.2365613038040089,13,109.0,0.27866047551445794,27,349.0
5680.0,26,240.0,3.75,5.147165356077622,16,262.0,0.27894910351316526,10,130.0,0.3557613516822287,26,392.0
5685.0,20,268.0,4.701754385964913,5.697019365295679,12,264.0,0.3254498391353829,8,131.0,0.3472058814403376,20,395.0
5690.0,23,288.0,4.88135593220339,4.521528288440007,13,263.0,0.2517448078449738,10,135.0,0.10072605453244743,23,398.0
5695.0,21,209.0,3.603448275862069,5.49113187985961,14,247.0,0.22451559226911003,7,93.0,0.19216289973777143,21,340.0
5700.0,24,270.0,4.5,5.788517499674918,15,235.0,0.19686329269455982,9,96.0,0.23988524981398135,24,331.0
5705.0,19,286.0,5.296296296296297,6.103925440695706,15,288.0,0.21607029031239675,4,89.0,0.48605888291071037,19,377.0
5710.0,16,332.0,6.64,6.457554110987259,11,316.0,0.2768077730581746,5,98.0,0.4763986871860615,16,414.0
5715.0,15,256.0,5.224489795918367,5.4789583665933606,12,281.0,0.21120827288426516,3,82.0,0.4765190704682484,15,363.0
5720.0,22,341.0,7.104166666666667,5.618361085115491,16,320.0,0.25072594657134023,6,91.0,0.4496780779056763,22,411.0
5725.0,20,281.0,6.108695652173913,5.339721040528462,14,344.0,0.2918973937716484,6,44.0,0.4872191222244346,20,388.0
5730.0,19,236.0,5.0212765957446805,5.37649188904782,12,323.0,0.29541338552780066,7,78.0,0.46260332959948625,19,401.0
5735.0,16,212.0,4.416666666666667,4.220270914852211,12,341.0,0.2751786541739765,4,71.0,0.3449711603143446,16,412.0
5740.0,17,217.0,4.173076923076923,5.609273208059605,11,302.0,0.29572628298305476,6,80.0,0.41932852999485515,17,382.0
5745.0,16,278.0,5.346153846153846,5.926306218325043,9,300.0,0.22354447830308533,7,106.0,0.3808651573841407,16,406.0
5750.0,21,341.0,5.982456140350878,5.83000511514467,14,291.0,0.1918709316234303,7,129.0,0.368150004909438,21,420.0
5755.0,25,428.0,7.642857142857143,5.221948615280536,17,343.0,0.2242118386600782,8,165.0,0.33433908662988676,25,508.0
5760.0,17,383.0,7.509803921568627,5.883268951699305,11,349.0,0.3463987131303542,6,125.0,0.4054819183564943,17,474.0
5765.0,18,286.0,5.107142857142857,5.0168336926452595,12,284.0,0.2496720695016058,6,117.0,0.3542112459698533,18,401.0
5770.0,27,268.0,4.39344262295082,5.83891741818953,19,248.0,0.24581590334929387,8,114.0,0.4542714527210503,27,362.0
5775.0,21,288.0,4.8,5.961869229333662,16,293.0,0.2716611253019877,5,73.0,0.5162379125577383,21,366.0
5780.0,24,333.0,5.370967741935484,4.681153110844833,15,336.0,0.22922309884589215,9,102.0,0.39296085379411044,24,438.0
5785.0,27,386.0,6.03125,4.90714521048378,15,363.0,0.31747946691983575,12,150.0,0.2697124830058286,27,513.0
5790.0,27,334.0,5.21875,5.081141966254667,14,340.0,0.29320156311546497,13,149.0,0.23518697613073825,27,489.0
5795.0,24,381.0,5.861538461538461,4.794566543176835,17,383.0,0.14553855537022037,7,120.0,0.30206294400103556,24,503.0
5800.0,24,409.0,6.196969696969697,4.719608539993397,19,424.0,0.1515269743017307,5,112.0,0.2664944939047742,24,536.0
5805.0,28,333.0,5.045454545454546,4.915431914501176,18,381.0,0.2225638400004737,10,119.0,0.3436967553802202,28,500.0
5810.0,25,339.0,5.380952380952381,5.00816807679323,18,332.0,0.23726392007573197,7,149.0,0.442089573908383,25,481.0
5815.0,28,374.0,5.84375,5.214220239842069,22,374.0,0.23686871864124057,6,148.0,0.4173187779589999,28,522.0
5820.0,27,349.0,5.287878787878788,4.673664852150199,21,439.0,0.1717095257162637,6,104.0,0.3839500015259795,27,543.0
5825.0,33,394.0,5.7101449275362315,4.501550628030058,24,488.0,0.15288957420020446,9,88.0,0.41248027793978453,33,576.0
5830.0,25,305.0,4.420289855072464,5.5294406349225165,17,460.0,0.28326851194775327,8,115.0,0.3809478636756538,25,575.0
5835.0,20,360.0,5.217391304347826,6.0112276656447285,14,416.0,0.335030163624283,6,117.0,0.32162124315373836,20,533.0
5840.0,30,334.0,4.638888888888889,4.207036731775606,22,446.0,0.10284303611844571,8,95.0,0.24257226109159047,30,541.0
5845.0,35,350.0,4.861111111111111,4.765342316700592,21,476.0,0.1936274412985136,14,140.0,0.27779257115789735,35,616.0
5850.0,29,360.0,5.070422535211268,4.674346982165166,17,508.0,0.27542151446844654,12,179.0,0.336034238770128,29,687.0
5855.0,27,456.0,6.422535211267606,4.638007748194382,15,515.0,0.2862998649196767,12,216.0,0.3039117424266889,27,731.0
5860.0,32,390.0,5.342465753424658,4.2770754184924495,16,512.0,0.26040005890757784,16,235.0,0.2326109202373517,32,747.0
5865.0,38,524.0,6.894736842105263,4.520520798230241,22,535.0,0.22834217117392552,16,274.0,0.2526641446911996,38,809.0
5870.0,40,461.0,6.22972972972973,3.789309588204584,25,573.0,0.1978568191008133,15,281.0,0.25074307054810563,40,854.0
5875.0,37,393.0,5.103896103896104,3.929573857162394,26,570.0,0.18239030815370214,11,212.0,0.21627240930036482,37,782.0
5880.0,29,440.0,5.866666666666666,4.38575163714732,24,640.0,0.11828740183191234,5,152.0,0.3769983202653273,29,792.0
5885.0,30,497.0,6.626666666666667,5.238311970069497,21,686.0,0.07383367477656295,9,141.0,0.41358264310598786,30,827.0
5890.0,30,505.0,7.112676056338028,4.271312380378403,24,704.0,0.05209879417874955,6,130.0,0.30503934603562005,30,834.0
5895.0,34,481.0,6.774647887323944,4.053993975710232,22,672.0,0.14076804063657009,12,156.0,0.23737818618035494,34,828.0
5900.0,33,481.0,7.073529411764706,4.303480925248022,20,636.0,0.22621432160024862,13,201.0,0.3215381433538476,33,837.0
5905.0,25,503.0,7.084507042253521,4.620339089680276,18,621.0,0.2507363926517206,7,207.0,0.3375513307940014,25,828.0
5910.0,22,407.0,5.652777777777778,4.638981387306156,16,642.0,0.21718089265838647,6,155.0,0.3516041932120093,22,797.0
5915.0,27,396.0,5.424657534246576,4.771530784405649,16,604.0,0.26596500165933573,11,108.0,0.22870286255113298,27,712.0
5920.0,31,326.0,4.6571428571428575,3.8642879639179424,16,580.0,0.23928183058565422,15,158.0,0.16023613100992184,31,738.0
5925.0,42,465.0,6.838235294117647,3.865143535826111,20,536.0,0.19083614959981052,22,262.0,0.21526881071406972,42,798.0
5930.0,42,568.0,8.606060606060606,2.7888720271820158,23,579.0,0.0943477384575081,19,318.0,0.21284625322296724,42,897.0
5935.0,32,515.0,7.463768115942029,3.1476754097271376,20,583.0,0.08743436291390326,12,306.0,0.18564969404533618,32,889.0
5940.0,26,392.0,5.52112676056338,4.4890083406881836,17,552.0,0.1471751760423794,9,315.0,0.3200507893686607,26,867.0
5945.0,33,416.0,5.859154929577465,4.594223378807738,20,530.0,0.17778096986137026,13,328.0,0.26187247577619177,33,858.0
5950.0,37,449.0,6.507246376811594,3.235726011962619,21,550.0,0.16952393984904524,16,346.0,0.1984744113486834,37,896.0
5955.0,25,321.0,4.720588235294118,4.031506158947848,12,504.0,0.1888319724081122,13,323.0,0.20740293374677019,25,827.0
5960.0,22,406.0,6.151515151515151,5.532671415014101,10,455.0,0.25457982995616585,12,318.0,0.318906873950509,22,773.0
5965.0,25,423.0,6.313432835820896,5.345317621105665,11,417.0,0.2219835846467288,14,348.0,0.23785180013942642,25,765.0
5970.0,34,454.0,6.878787878787879,4.062704584853247,13,366.0,0.19549788103993246,21,415.0,0.1521689842289609,34,781.0
5975.0,32,508.0,7.9375,3.674448246715948,12,370.0,0.23877463571472865,20,451.0,0.23834748832284766,32,821.0
5980.0,27,557.0,8.703125,4.449490425390544,10,354.0,0.2935991278119014,17,501.0,0.2867458063346945,27,855.0
5985.0,25,591.0,8.954545454545455,5.015644390204682,9,339.0,0.3564521190959485,16,498.0,0.2817798545516946,25,837.0
5990.0,25,547.0,8.044117647058824,5.046390679883114,11,305.0,0.31127102372943727,14,477.0,0.24063371488393484,25,782.0
5995.0,30,575.0,8.712121212121213,3.5791149800731437,13,294.0,0.11968959057497398,17,503.0,0.24407575229790932,30,797.0
6000.0,37,719.0,10.893939393939394,4.034487788038061,17,335.0,0.19396769524543506,20,580.0,0.2213233417438027,37,915.0
6005.0,39,717.0,10.701492537313433,3.3788790902441925,17,310.0,0.1914942040504889,22,660.0,0.23276055300196802,39,970.0
6010.0,39,845.0,12.071428571428571,3.5147538556269224,15,332.0,0.26496366434820473,24,747.0,0.20344128437976225,39,1079.0
6015.0,43,689.0,9.569444444444445,3.2959450788658557,16,361.0,0.3071859336284245,27,706.0,0.15014014930324687,43,1067.0
6020.0,43,706.0,9.413333333333334,3.5800426267096337,17,407.0,0.2552228880126061,26,570.0,0.1856915131506655,43,977.0
6025.0,44,665.0,8.986486486486486,3.000617075923613,19,406.0,0.1826668151460849,25,604.0,0.1748474881286592,44,1010.0
6030.0,33,361.0,4.75,3.6342842368424275,12,324.0,0.19896420401510126,21,554.0,0.14076196120255685,33,878.0
6035.0,26,403.0,5.302631578947368,5.344278611778863,9,268.0,0.2944106869713064,17,531.0,0.20556577830309972,26,799.0
6040.0,25,375.0,5.0,5.469824076955991,10,280.0,0.2236777358335684,15,475.0,0.26835811655074726,25,755.0
6045.0,30,417.0,6.043478260869565,4.385638096223394,15,307.0,0.19631937639480398,15,474.0,0.22144653414782442,30,781.0
6050.0,38,510.0,7.846153846153846,3.3747327296642213,20,401.0,0.24601292603842034,18,471.0,0.17150588460789304,38,872.0
6055.0,37,600.0,9.090909090909092,3.473682864762645,16,417.0,0.29936132900143847,21,477.0,0.13500216836328455,37,894.0
6060.0,33,575.0,8.455882352941176,3.7757522748125876,11,358.0,0.3087554894639063,22,518.0,0.1227309472991104,33,876.0
6065.0,28,418.0,6.2388059701492535,4.470732442344666,9,266.0,0.28332314392418717,19,513.0,0.19804049560504852,28,779.0
6070.0,27,408.0,6.0,4.9618569949681515,11,197.0,0.3282969021123659,16,520.0,0.19033737513297655,27,717.0
6075.0,24,299.0,4.53030303030303,4.578745879854018,12,230.0,0.21877147081472248,12,451.0,0.2574469360489698,24,681.0
6080.0,22,359.0,5.4393939393939394,5.316126145124565,10,245.0,0.22196046463674968,12,404.0,0.29444979276647965,22,649.0
6085.0,21,342.0,5.104477611940299,5.693151303476271,9,261.0,0.20275991485328596,12,358.0,0.3555405832521543,21,619.0
6090.0,30,441.0,6.485294117647059,5.45428907395661,15,283.0,0.23374110199411893,15,370.0,0.3263869688790406,30,653.0
6095.0,29,469.0,7.564516129032258,4.480081306199704,13,312.0,0.315510433066775,16,368.0,0.25618969363882677,29,680.0
6100.0,28,550.0,9.166666666666666,4.644291703417321,13,350.0,0.32258637141215113,15,349.0,0.3164549470232665,28,699.0
6105.0,28,550.0,8.73015873015873,3.833453192271064,13,376.0,0.21180131506067143,15,353.0,0.26619198506794545,28,729.0
6110.0,23,518.0,7.969230769230769,4.952637135736403,7,337.0,0.26647028695770864,16,322.0,0.23977016882675248,23,659.0
6115.0,23,226.0,3.53125,5.112490911827534,7,199.0,0.2750956665091248,16,271.0,0.24351934100781947,23,470.0
6120.0,30,272.0,4.121212121212121,5.1575218716803395,14,177.0,0.2221849395725375,16,235.0,0.252892289965651,30,412.0
6125.0,32,361.0,5.388059701492537,4.4918945106242205,14,200.0,0.2968900181424441,18,304.0,0.17822820094925423,32,504.0
6130.0,23,403.0,6.014925373134329,5.556840167830438,8,171.0,0.3973473601194273,15,345.0,0.17913260943859236,23,516.0
6135.0,20,296.0,4.698412698412699,5.587261303130943,6,110.0,0.38255042340409384,14,338.0,0.17790342928516092,20,448.0
6140.0,21,355.0,5.634920634920635,6.016757387872889,4,52.0,0.42742994128656786,17,394.0,0.16929925495163103,21,446.0
6145.0,25,309.0,4.904761904761905,5.29254212526398,6,40.0,0.4371128511120505,19,388.0,0.1743084151464189,25,428.0
6150.0,25,254.0,4.163934426229508,5.490137179278311,12,92.0,0.3421239283115762,13,359.0,0.3135025154994668,25,451.0
6155.0,24,235.0,3.8524590163934427,5.03672123104599,12,116.0,0.30609291679853134,12,369.0,0.28147941139688626,24,485.0
6160.0,17,234.0,3.9,5.388447025736466,8,115.0,0.2725989130126085,9,349.0,0.2676178458396816,17,464.0
6165.0,23,281.0,4.532258064516129,5.080211436168245,11,142.0,0.2277752366694388,12,356.0,0.17869411377972277,23,498.0
6170.0,28,346.0,5.672131147540983,4.697998085912279,15,171.0,0.24692870502582978,13,380.0,0.2142979311298346,28,551.0
6175.0,22,220.0,4.0,3.9045909136870867,12,176.0,0.2990445452486175,10,321.0,0.2628415558484582,22,497.0
6180.0,31,344.0,6.254545454545455,3.9188979624945106,16,215.0,0.29414663555269066,15,325.0,0.25546982453871897,31,540.0
6185.0,28,352.0,6.175438596491228,3.4862915856513585,13,237.0,0.24817163359208785,15,353.0,0.17908911337939554,28,590.0
6190.0,23,301.0,5.016666666666667,4.852757988124098,10,205.0,0.20121267394421935,13,337.0,0.22977563410010435,23,542.0
6195.0,21,299.0,4.901639344262295,4.880711468408007,8,194.0,0.209165592837253,13,324.0,0.18980106877090008,21,518.0
6200.0,28,336.0,5.419354838709677,5.485045157353997,15,251.0,0.20329523271620606,13,308.0,0.28152474047835,28,559.0
6205.0,23,371.0,6.396551724137931,4.988004465728976,14,273.0,0.30369727229085297,9,306.0,0.27063233782321683,23,579.0
6210.0,17,383.0,6.963636363636364,5.030139448027548,7,235.0,0.31395727420779784,10,311.0,0.2433414769062632,17,546.0
6215.0,24,252.0,4.5,4.331585229164624,10,228.0,0.1931991516018297,14,240.0,0.14052314054716974,24,468.0
6220.0,28,292.0,5.0344827586206895,4.805307471965022,12,208.0,0.19068831262232594,16,278.0,0.17304254077941453,28,486.0
6225.0,30,369.0,6.15,5.023570465514953,15,228.0,0.22876362399633146,15,297.0,0.2750662817911439,30,525.0
6230.0,21,390.0,6.842105263157895,5.522637936674138,12,281.0,0.33734917040333356,9,262.0,0.36154040872675847,21,543.0
6235.0,22,403.0,7.196428571428571,4.928378133695669,14,342.0,0.3662027538887046,8,243.0,0.26763296448525936,22,585.0
6240.0,25,433.0,7.338983050847458,4.815885347120101,13,354.0,0.3643864405108262,12,295.0,0.23097204742211322,25,649.0
6245.0,25,341.0,5.879310344827586,4.076628937322349,10,288.0,0.3112506852446509,15,297.0,0.18545956610705447,25,585.0
6250.0,21,176.0,2.838709677419355,4.417664132016835,10,219.0,0.23911454234141744,11,248.0,0.23614396866165333,21,467.0
6255.0,23,201.0,3.1904761904761907,5.0985922649661175,14,169.0,0.21723714275170872,9,234.0,0.2848437618365425,23,403.0
6260.0,26,209.0,3.265625,4.976448314472897,16,225.0,0.24789798216940578,10,235.0,0.32292874889951706,26,460.0
6265.0,27,280.0,4.17910447761194,5.0744911900745,19,289.0,0.3210397863638439,8,250.0,0.31504928312184677,27,539.0
6270.0,28,318.0,5.213114754098361,4.719499615215185,16,311.0,0.3081414221559845,12,250.0,0.29064808863690655,28,561.0
6275.0,23,315.0,5.25,5.107387228797935,11,276.0,0.272915918111357,12,305.0,0.288571041767971,23,581.0
6280.0,21,236.0,3.806451612903226,4.907319163722173,11,252.0,0.17213648338580825,10,315.0,0.2847512457313748,21,567.0
6285.0,27,315.0,5.163934426229508,5.028420904299968,17,251.0,0.17643651022738163,10,346.0,0.30920783299491267,27,597.0
6290.0,28,362.0,6.135593220338983,4.625481328691749,17,315.0,0.2664712471681645,11,331.0,0.27310396752962673,28,646.0
6295.0,23,349.0,5.915254237288136,5.383662556701352,15,363.0,0.322424200891262,8,275.0,0.3359767828139275,23,638.0
6300.0,28,421.0,7.016666666666667,4.594116770805971,19,432.0,0.2701744656733589,9,222.0,0.3438000445528002,28,654.0
6305.0,24,449.0,7.126984126984127,4.59901468269245,18,498.0,0.2513272745267797,6,196.0,0.3995344172759497,24,694.0
6310.0,32,474.0,7.074626865671642,4.265752080941664,20,501.0,0.28193488583154885,12,224.0,0.2746593419101784,32,725.0
6315.0,26,311.0,4.380281690140845,4.7636478809059595,15,417.0,0.3355602371604117,11,222.0,0.25050832938647905,26,639.0
6320.0,20,340.0,4.533333333333333,5.4393855536100055,14,368.0,0.22781137920728792,6,194.0,0.37928619171843647,20,562.0
6325.0,24,365.0,4.866666666666666,5.56759210239798,16,390.0,0.22292471970753885,8,159.0,0.3310724051426356,24,549.0
6330.0,27,396.0,5.5,5.337329671126557,17,445.0,0.18213377300879172,10,120.0,0.35091662818879304,27,565.0
6335.0,29,320.0,4.705882352941177,4.111103421988358,20,435.0,0.17740687630587995,9,132.0,0.2595422401331237,29,567.0
6340.0,27,273.0,4.333333333333333,4.009514070375761,19,389.0,0.13474316960588767,8,129.0,0.3343038840250928,27,518.0
6345.0,32,354.0,5.53125,4.376159968509274,23,443.0,0.11976442428241899,9,150.0,0.42313511399559,32,593.0
6350.0,23,323.0,5.295081967213115,5.282667528222097,17,449.0,0.17506421130513167,6,131.0,0.39704092618016573,23,580.0
6355.0,20,259.0,4.709090909090909,5.351941053328837,13,413.0,0.24083574903122645,7,110.0,0.3450053943513803,20,523.0
6360.0,28,357.0,6.155172413793103,4.434229811800429,18,428.0,0.19360692346065775,10,145.0,0.23887376099808488,28,573.0
6365.0,32,468.0,7.8,4.3863354799759255,22,526.0,0.20241987003941128,10,166.0,0.3160272419955691,32,692.0
6370.0,31,589.0,10.333333333333334,4.294999242394722,21,594.0,0.23765425744462937,10,205.0,0.37803274165818257,31,799.0
6375.0,23,586.0,9.60655737704918,4.495482818206256,14,597.0,0.27948176557803267,9,214.0,0.22422245521076628,23,811.0
6380.0,21,563.0,9.542372881355933,5.160968323400069,14,589.0,0.21459174380417018,7,199.0,0.32379808764448753,21,788.0
6385.0,22,287.0,4.864406779661017,4.843082368258597,17,566.0,0.08539343806951652,5,111.0,0.38034694232313454,22,677.0
6390.0,24,255.0,4.112903225806452,5.043536872400492,16,561.0,0.1568841883034665,8,58.0,0.4018239680079747,24,619.0
6395.0,24,232.0,4.0701754385964914,5.5621732035771005,17,512.0,0.26196656711856836,7,78.0,0.4256564024162591,24,590.0
6400.0,25,299.0,5.155172413793103,5.099417905652106,16,533.0,0.26122023173333925,9,113.0,0.3305479851936678,25,646.0
6405.0,20,259.0,4.316666666666666,5.547423020457398,14,546.0,0.26437885277786516,6,114.0,0.3490024005201448,20,660.0
6410.0,18,269.0,4.338709677419355,6.407588533900144,14,573.0,0.3161916344372453,4,60.0,0.312726722291289,18,633.0
6415.0,18,303.0,4.809523809523809,6.574242403946224,13,563.0,0.2812583249722048,5,64.0,0.33360211912527693,18,627.0
6420.0,24,326.0,5.433333333333334,5.5263117141767655,13,490.0,0.18409072817083422,11,103.0,0.36711236107163003,24,593.0
6425.0,21,242.0,4.245614035087719,4.544062520219848,15,471.0,0.14997562516943216,6,126.0,0.4656552215200543,21,597.0
6430.0,23,316.0,5.543859649122807,5.534581216571545,15,439.0,0.20667262988860507,8,141.0,0.5031940106238212,23,580.0
6435.0,21,299.0,5.155172413793103,5.652571037407872,15,467.0,0.20429086684312373,6,129.0,0.4905524494583268,21,596.0
6440.0,21,330.0,5.32258064516129,6.196760635180915,13,447.0,0.22427798481086136,8,118.0,0.4212582825173638,21,565.0
6445.0,28,409.0,6.196969696969697,5.196015865591436,16,437.0,0.1898585961513713,12,164.0,0.35286661907126055,28,601.0
6450.0,28,468.0,7.090909090909091,5.6094385262349835,13,420.0,0.29350848172736926,15,239.0,0.3434993764605512,28,659.0
6455.0,32,611.0,9.257575757575758,4.621789592161845,12,445.0,0.2704061447520853,20,327.0,0.28817430654789344,32,772.0
6460.0,33,703.0,10.651515151515152,4.395768944742114,15,514.0,0.26914497314719427,18,383.0,0.27880479153110643,33,897.0
6465.0,34,704.0,10.202898550724637,4.143111804778913,15,532.0,0.24500521246174006,19,396.0,0.19771299599036216,34,928.0
6470.0,31,798.0,11.23943661971831,4.348169503629387,15,554.0,0.1909791594238647,16,425.0,0.23964034437971435,31,979.0
6475.0,38,751.0,10.287671232876713,4.3247518471105675,16,456.0,0.22261009759779918,22,501.0,0.27537880674073306,38,957.0
6480.0,32,520.0,7.123287671232877,4.8630918120473305,11,351.0,0.3215720808580389,21,450.0,0.3087807749816396,32,801.0
6485.0,23,300.0,4.054054054054054,4.636142562150283,9,331.0,0.29241441091449083,14,380.0,0.2741594731269623,23,711.0
6490.0,29,331.0,4.298701298701299,4.716260516683272,12,289.0,0.2328538658944099,17,335.0,0.28349286121287887,29,624.0
6495.0,35,327.0,4.1923076923076925,4.100250224931055,15,308.0,0.22888108245004718,20,379.0,0.22828464608376162,35,687.0
6500.0,29,314.0,4.131578947368421,4.676684669933753,11,300.0,0.3004023732575796,18,394.0,0.1889790830326491,29,694.0
6505.0,29,308.0,4.052631578947368,3.9818039156779643,10,288.0,0.18059229779099886,19,438.0,0.16025254886738674,29,726.0
6510.0,35,382.0,4.8354430379746836,4.283691800897282,14,253.0,0.22175158127060032,21,488.0,0.19106528301883227,35,741.0
6515.0,38,499.0,6.48051948051948,4.506755023021309,13,277.0,0.3005158768252242,25,569.0,0.21848809598684277,38,846.0
6520.0,30,556.0,7.616438356164384,4.416540097758477,11,284.0,0.27797688548074034,19,599.0,0.19788708290358317,30,883.0
6525.0,27,471.0,6.28,4.128886885520635,10,238.0,0.23421286429159788,17,619.0,0.17941700448245676,27,857.0
6530.0,35,499.0,6.565789473684211,4.716608009357838,15,260.0,0.33044533104735463,20,623.0,0.1320347166759533,35,883.0
6535.0,32,523.0,7.164383561643835,4.938828945170603,13,244.0,0.42088671213638007,19,685.0,0.17168013344309124,32,929.0
6540.0,33,628.0,8.486486486486486,4.554074213071365,16,281.0,0.23935171264199362,17,706.0,0.20697209711369535,33,987.0
6545.0,33,648.0,9.126760563380282,3.780277161965295,16,301.0,0.184071916999967,17,732.0,0.1798887862543688,33,1033.0
6550.0,42,799.0,11.253521126760564,4.236443979201097,17,302.0,0.30058275674723184,25,815.0,0.14511393111629825,42,1117.0
6555.0,40,857.0,12.420289855072463,3.3704979409140092,17,314.0,0.2340035102665795,23,899.0,0.1761416374074578,40,1213.0
6560.0,33,789.0,10.958333333333334,3.7634534056537126,14,255.0,0.13382155566872095,19,957.0,0.22977453465539438,33,1212.0
6565.0,26,653.0,9.19718309859155,4.765932742437631,8,268.0,0.22457638847995598,18,864.0,0.22589122127201153,26,1132.0
6570.0,28,447.0,6.123287671232877,5.023589340771066,11,295.0,0.2051320765053182,17,772.0,0.22842646253988563,28,1067.0
6575.0,32,425.0,6.25,4.46694772479739,17,347.0,0.22824467058720757,15,694.0,0.2723095452430375,32,1041.0
6580.0,33,539.0,8.044776119402986,4.106872202863206,19,419.0,0.17477508301400452,14,734.0,0.324374766464554,33,1153.0
6585.0,33,598.0,8.305555555555555,3.8576838570682863,18,433.0,0.1366669794299299,15,741.0,0.2999278322411571,33,1174.0
6590.0,28,591.0,7.776315789473684,4.934980638346597,11,358.0,0.2279975262651849,17,803.0,0.3206961475178782,28,1161.0
6595.0,25,553.0,7.089743589743589,5.936685553195285,6,296.0,0.42838946167969283,19,803.0,0.2003034753523048,25,1099.0
6600.0,29,348.0,4.51948051948052,5.078374186979952,8,281.0,0.38772554713002605,21,739.0,0.12766053505506358,29,1020.0
6605.0,36,415.0,5.845070422535211,3.4354540330485355,13,285.0,0.21190537440549012,23,759.0,0.11913539218717321,36,1044.0
6610.0,40,444.0,6.529411764705882,2.989587928735066,19,331.0,0.17207704757604256,21,712.0,0.17465927176725782,40,1043.0
6615.0,41,529.0,7.779411764705882,2.92749158493083,25,429.0,0.15014833227671331,16,760.0,0.17093461520471154,41,1189.0
6620.0,35,546.0,8.029411764705882,3.712523229292487,20,461.0,0.16626849636331226,15,752.0,0.17956383120453012,35,1213.0
6625.0,28,491.0,7.3283582089552235,4.165867085257621,12,404.0,0.18078786947499453,16,715.0,0.16415934751276817,28,1119.0
6630.0,23,403.0,6.106060606060606,4.699965511229012,8,358.0,0.2837346458275992,15,606.0,0.1757358728906283,23,964.0
6635.0,31,485.0,7.698412698412699,4.316513980263844,12,382.0,0.3249098730510789,19,621.0,0.1937611548616398,31,1003.0
6640.0,31,471.0,7.476190476190476,3.714406411466536,14,351.0,0.2149554553027484,17,575.0,0.31347420967662004,31,926.0
6645.0,32,331.0,5.092307692307692,3.754265967861867,21,413.0,0.15767743881257693,11,501.0,0.3638797482806618,32,914.0
6650.0,30,332.0,4.955223880597015,3.8617804969382297,18,431.0,0.16564758044710734,12,369.0,0.28268102409234097,30,800.0
6655.0,23,181.0,2.585714285714286,4.110303026531026,7,334.0,0.28945217668918327,16,393.0,0.12530944097880323,23,727.0
6660.0,21,211.0,2.8904109589041096,5.021244802530102,5,223.0,0.2903794396180752,16,410.0,0.16319240524082165,21,633.0
6665.0,20,246.0,3.3698630136986303,5.616518250845971,4,163.0,0.3598762036322557,16,404.0,0.164848960176209,20,567.0
6670.0,25,280.0,3.835616438356164,5.553791589911996,10,203.0,0.327113316060446,15,390.0,0.24031441768009182,25,593.0
6675.0,32,354.0,4.916666666666667,4.4762259312499015,17,265.0,0.2620353347069482,15,389.0,0.2711060054244307,32,654.0
6680.0,30,398.0,5.768115942028985,4.1268616636651405,18,337.0,0.2942943846526187,12,369.0,0.21938684595291638,30,706.0
6685.0,37,466.0,6.472222222222222,3.667192056086487,19,351.0,0.2681471806160033,18,362.0,0.18198095743925236,37,713.0
6690.0,35,410.0,5.324675324675325,3.789400811653467,16,334.0,0.2785492614107801,19,395.0,0.14042465935512213,35,729.0
6695.0,26,406.0,5.413333333333333,4.181686283675382,11,388.0,0.25468776032250956,15,370.0,0.18557097549549986,26,758.0
6700.0,33,479.0,5.9875,4.264499735143688,17,445.0,0.19171502281998745,16,388.0,0.24722637350081544,33,833.0
6705.0,37,403.0,5.10126582278481,4.130094229148704,23,431.0,0.16238052443686343,14,392.0,0.2663589791796267,37,823.0
6710.0,40,505.0,6.4743589743589745,4.079299032931319,25,466.0,0.1404875653832035,15,433.0,0.34089451787461456,40,899.0
6715.0,39,571.0,7.227848101265823,3.7062128189790715,26,517.0,0.10435996773459223,13,412.0,0.336053398185875,39,929.0
6720.0,33,531.0,6.6375,4.4710621626001785,21,490.0,0.15887834895060746,12,418.0,0.3078376117253785,33,908.0
6725.0,30,325.0,4.012345679012346,3.877289823324073,13,518.0,0.22058979424135225,17,346.0,0.1759988434390915,30,864.0
6730.0,35,374.0,4.617283950617284,4.511304306588233,14,540.0,0.24722283454248167,21,325.0,0.25034339419170076,35,865.0
6735.0,37,432.0,5.468354430379747,3.4406910552844097,16,561.0,0.20921347226616233,21,365.0,0.21336039242855906,37,926.0
6740.0,43,552.0,7.076923076923077,2.818112908499006,25,635.0,0.10863457405800207,18,362.0,0.19161782489610668,43,997.0
6745.0,45,627.0,7.8375,3.279503464626457,28,683.0,0.13587460320154143,17,397.0,0.21518221787780564,45,1080.0
6750.0,38,596.0,7.180722891566265,4.016999635078562,24,644.0,0.13002347469619013,14,381.0,0.21314649667120805,38,1025.0
6755.0,35,671.0,8.49367088607595,4.683874336678526,18,590.0,0.19130908820166356,17,420.0,0.21922767584232264,35,1010.0
6760.0,30,530.0,6.625,5.232108965476077,13,579.0,0.2717716391157295,17,393.0,0.14491142982695482,30,972.0
6765.0,29,571.0,7.5131578947368425,4.893295245086167,12,581.0,0.309002282808985,17,342.0,0.1456983603513338,29,923.0
6770.0,31,529.0,7.053333333333334,4.3123564833891015,15,602.0,0.255472066268988,16,355.0,0.18778562017562395,31,957.0
6775.0,33,368.0,4.972972972972973,3.907661212785193,20,506.0,0.14606501314719222,13,388.0,0.32353383037460703,33,894.0
6780.0,41,444.0,5.842105263157895,3.3690214211061185,29,552.0,0.08020498329619379,12,410.0,0.3344496688407981,41,962.0
6785.0,41,539.0,6.822784810126582,4.059685768544082,28,614.0,0.08793964382164843,13,416.0,0.38153115288636513,41,1030.0
6790.0,34,562.0,7.205128205128205,5.24385034152297,19,578.0,0.1552700886833299,15,472.0,0.3546088293144106,34,1050.0
6795.0,32,580.0,7.631578947368421,5.42250247625373,12,528.0,0.20244970424564404,20,561.0,0.16417663007388242,32,1089.0
6800.0,31,642.0,9.17142857142857,5.315563561248751,10,444.0,0.2868304972496937,21,618.0,0.07452924230153801,31,1062.0
6805.0,26,692.0,11.344262295081966,4.854523761193591,6,371.0,0.3367904375521316,20,690.0,0.10852808443859095,26,1061.0
6810.0,29,548.0,8.98360655737705,4.199116311908785,12,334.0,0.2576977657971904,17,638.0,0.15768799820650742,29,972.0
6815.0,29,602.0,10.203389830508474,4.48114379682715,13,384.0,0.33220408856345873,16,567.0,0.23328891529704873,29,951.0
6820.0,29,638.0,10.633333333333333,4.250576620731649,15,449.0,0.2602120913403952,14,542.0,0.33023205565631997,29,991.0
6825.0,30,587.0,9.317460317460318,4.32037456358417,17,536.0,0.29709910079013296,13,475.0,0.2923169969576951,30,1011.0
6830.0,34,596.0,8.764705882352942,3.4846932237243644,22,636.0,0.20228363800340493,12,501.0,0.2614673076012045,34,1137.0
6835.0,37,644.0,8.944444444444445,3.4743261874708407,22,661.0,0.17821771202105002,15,496.0,0.24956237691234126,37,1157.0
6840.0,34,494.0,6.767123287671233,3.5569149634113244,17,586.0,0.18026974655036276,17,518.0,0.20626365029915128,34,1104.0
6845.0,27,501.0,6.68,4.653726852915838,14,536.0,0.18855297276546168,13,534.0,0.220157642149553,27,1070.0
6850.0,25,524.0,6.986666666666666,5.005554950191634,11,561.0,0.183332555048808,14,513.0,0.21712239208357498,25,1074.0
6855.0,32,583.0,7.671052631578948,4.345518343770829,15,631.0,0.1600879102753824,17,442.0,0.21467450945903033,32,1073.0
6860.0,32,455.0,6.408450704225352,3.6690116492842755,17,599.0,0.15658765686377382,15,486.0,0.27273408187660775,32,1085.0
6865.0,38,405.0,5.4,3.6633993142119965,22,505.0,0.17800512211828448,16,540.0,0.24403104396021233,38,1045.0
6870.0,41,460.0,6.216216216216216,3.5841605421151557,21,540.0,0.21454969210540775,20,582.0,0.23258997683919133,41,1122.0
6875.0,33,412.0,5.421052631578948,4.156399883134939,16,489.0,0.17384905064242592,17,588.0,0.24083403204534182,33,1077.0
6880.0,29,443.0,6.152777777777778,4.836655080029214,11,433.0,0.2226338161484708,18,637.0,0.2255472674186493,29,1070.0
6885.0,28,497.0,6.626666666666667,5.3793146138415215,8,382.0,0.3499045018120508,20,696.0,0.14648007619191813,28,1078.0
6890.0,28,544.0,7.157894736842105,5.315910554913262,8,339.0,0.3148925442877797,20,740.0,0.14626219188863787,28,1079.0
6895.0,29,458.0,6.1891891891891895,5.3122255676961325,12,360.0,0.30932655044234514,17,695.0,0.22300833411126933,29,1055.0
6900.0,32,573.0,7.958333333333333,5.626164002987139,16,425.0,0.3279701401295116,16,658.0,0.3061487048878059,32,1083.0
6905.0,28,602.0,8.6,4.880790804024326,13,437.0,0.3384706048287393,15,697.0,0.2510228703396525,28,1134.0
6910.0,22,600.0,8.823529411764707,5.384927478090995,7,378.0,0.28413674423731944,15,712.0,0.3093836530574053,22,1090.0
6915.0,24,568.0,8.875,5.49862291254971,8,329.0,0.31032390894302386,16,664.0,0.22570844195518008,24,993.0
6920.0,28,443.0,7.145161290322581,4.4235872791080135,14,389.0,0.1881480253780472,14,533.0,0.1855408313562203,28,922.0
6925.0,30,387.0,6.672413793103448,3.273678309738952,16,437.0,0.1592019940760136,14,502.0,0.19699512114472248,30,939.0
6930.0,28,440.0,7.333333333333333,3.9474389962489114,16,474.0,0.22464863886040887,12,468.0,0.23704946098976545,28,942.0
6935.0,29,509.0,8.344262295081966,4.3141843510565785,14,489.0,0.27250997784623404,15,489.0,0.2335700504746067,29,978.0
6940.0,23,446.0,7.311475409836065,5.04370963673672,8,422.0,0.37265659839256726,15,519.0,0.23586605413522832,23,941.0
6945.0,22,457.0,7.370967741935484,5.234508679437159,8,449.0,0.3276149336068575,14,495.0,0.24817064826405397,22,944.0
6950.0,28,451.0,7.39344262295082,4.164044455592682,15,507.0,0.1608160635482427,13,481.0,0.21202225573208053,28,988.0
6955.0,35,405.0,6.532258064516129,4.148128073640224,19,391.0,0.14957043198656186,16,506.0,0.19532517525860255,35,897.0
6960.0,29,403.0,6.830508474576271,4.761887035397888,16,294.0,0.2837789048521135,13,490.0,0.23419104770419324,29,784.0
6965.0,29,416.0,6.819672131147541,4.908104204700454,19,354.0,0.23784397990955244,10,383.0,0.31188458588606577,29,737.0
6970.0,24,355.0,5.725806451612903,4.774762503606581,17,363.0,0.26302533000371536,7,356.0,0.33047109823243,24,719.0
6975.0,21,228.0,3.5625,5.233085979070463,11,294.0,0.23940101429315772,10,337.0,0.30738599769028474,21,631.0
6980.0,16,224.0,3.4461538461538463,5.252587248060407,5,294.0,0.27248058341052844,11,306.0,0.255512537489655,16,600.0
6985.0,26,299.0,4.53030303030303,5.132842785978781,14,342.0,0.24167459092051147,12,252.0,0.2848874519809325,26,594.0
6990.0,28,311.0,4.859375,3.919252034078519,17,355.0,0.20929599648572472,11,264.0,0.23027934276465126,28,619.0
6995.0,23,336.0,5.694915254237288,3.9714754931444336,9,301.0,0.2812918027935405,14,264.0,0.18357883908515427,23,565.0
7000.0,25,294.0,4.666666666666667,3.783003689368002,9,232.0,0.33882178029506593,16,297.0,0.07044551704588055,25,529.0
7005.0,24,361.0,5.82258064516129,4.5347768608719,8,205.0,0.36889922762587496,16,331.0,0.13614632674532792,24,536.0
7010.0,24,341.0,5.779661016949152,4.206163554051353,11,211.0,0.3473274579671052,13,328.0,0.1857816815624454,24,539.0
7015.0,24,339.0,6.053571428571429,4.348760915385086,12,195.0,0.20598936898977657,12,283.0,0.2092152088675451,24,478.0
7020.0,24,295.0,5.267857142857143,3.718495546586696,12,174.0,0.15488150477684914,12,310.0,0.12597063363712446,24,484.0
7025.0,28,353.0,6.303571428571429,4.662698675137536,14,180.0,0.23993309515685568,14,337.0,0.15259282209244185,28,517.0
7030.0,32,470.0,8.867924528301886,3.6671201183692057,19,249.0,0.2243201618007042,13,375.0,0.2459211035085868,32,624.0
7035.0,25,490.0,9.074074074074074,4.090597113085587,15,278.0,0.21978028006663397,10,377.0,0.3533053131539489,25,655.0
7040.0,21,427.0,7.907407407407407,4.467812787565584,12,273.0,0.30645063819388774,9,367.0,0.2009740345851895,21,640.0
7045.0,16,392.0,7.686274509803922,4.6738620189515006,7,227.0,0.2656644403003472,9,350.0,0.1587761684222652,16,577.0
7050.0,17,143.0,2.75,4.837810256521884,11,204.0,0.17432788311512115,6,226.0,0.25278230068642366,17,430.0
7055.0,26,258.0,4.961538461538462,5.106764504134004,18,251.0,0.16071141686703735,8,155.0,0.3712185621222826,26,406.0
7060.0,21,307.0,6.14,4.973398627422556,16,284.0,0.18235529652814988,5,170.0,0.4788168452106047,21,454.0
7065.0,14,288.0,6.4,5.995979088255933,9,245.0,0.2509375999877849,5,185.0,0.5117743794564409,14,430.0
7070.0,12,161.0,3.425531914893617,5.258478579662234,9,203.0,0.12310387043690892,3,132.0,0.5347241474492453,12,335.0
7075.0,21,246.0,5.125,5.142339100741716,14,244.0,0.21052695220806547,7,116.0,0.34744615596404727,21,360.0
7080.0,20,232.0,4.73469387755102,4.444352747875788,14,269.0,0.2654574944201405,6,79.0,0.24173383795101316,20,348.0
7085.0,16,273.0,5.934782608695652,5.922390776954518,8,238.0,0.3957683822699823,8,76.0,0.2469444960665509,16,314.0
7090.0,16,303.0,6.183673469387755,5.558225501291918,10,257.0,0.3836060720195548,6,82.0,0.1901429533617396,16,339.0
7095.0,13,261.0,5.326530612244898,6.258939967468981,10,241.0,0.3399682208645445,3,84.0,0.38635834983429623,13,325.0
7100.0,22,305.0,6.354166666666667,4.961429742979442,16,255.0,0.18504555886035348,6,90.0,0.39909836063679033,22,345.0
7105.0,23,240.0,4.8979591836734695,4.089871765635607,16,230.0,0.14093072425677022,7,121.0,0.38802126933353026,23,351.0
7110.0,25,333.0,6.66,5.1878270421563775,15,222.0,0.19246122245105018,10,164.0,0.4285492472092488,25,386.0
7115.0,24,332.0,6.384615384615385,4.455800658573991,15,255.0,0.11367605440430342,9,169.0,0.4090291567603599,24,424.0
7120.0,15,278.0,5.054545454545455,6.075318901540634,8,222.0,0.22813510372757487,7,149.0,0.39086225208056813,15,371.0
7125.0,16,241.0,4.462962962962963,6.173207177902617,8,193.0,0.2579025908237929,8,174.0,0.33948875526544897,16,367.0
7130.0,23,295.0,5.566037735849057,6.3981530211764674,12,172.0,0.28635867923115293,11,223.0,0.3227569063547512,23,395.0
7135.0,20,203.0,4.142857142857143,5.024904653291278,11,212.0,0.3031062055751803,9,139.0,0.25240709764052927,20,351.0
7140.0,23,278.0,5.791666666666667,5.478391540546714,12,270.0,0.42129619543157476,11,114.0,0.23356013804277842,23,384.0
7145.0,20,237.0,4.74,4.444350453888038,11,253.0,0.39275878148920795,9,128.0,0.16329851804683052,20,381.0
7150.0,13,209.0,4.098039215686274,6.281286150092504,7,157.0,0.4423433189316175,6,105.0,0.28788955483891987,13,262.0
7155.0,9,191.0,3.7450980392156863,7.405649289066457,7,168.0,0.4241978205725757,2,63.0,0.4249129638795572,9,231.0
7160.0,12,179.0,3.58,7.314595573617265,8,173.0,0.37417327332053896,4,41.0,0.42118179258451194,12,214.0
7165.0,16,216.0,4.5,6.668200793066357,14,206.0,0.26493391084464696,2,44.0,0.5938944105516002,16,250.0
7170.0,18,264.0,5.617021276595745,5.707477987642796,14,251.0,0.19862179073095493,4,52.0,0.5005183681934444,18,303.0
7175.0,13,291.0,6.613636363636363,6.6182820441752765,11,275.0,0.29705857039851535,2,47.0,0.559824988842588,13,322.0
7180.0,12,293.0,6.369565217391305,6.400674997743878,10,294.0,0.3111742219743662,2,50.0,0.43732889577114054,12,344.0
7185.0,15,285.0,6.0638297872340425,6.597450988258031,12,319.0,0.35605368858933306,3,11.0,0.3861118708564069,15,330.0
7190.0,16,174.0,3.702127659574468,6.204766811631072,10,270.0,0.3545715575678638,6,27.0,0.4039933171215591,16,297.0
7195.0,17,170.0,3.4,6.356170909294382,11,170.0,0.3280615582493585,6,56.0,0.48679536656270955,17,226.0
7200.0,19,177.0,3.6122448979591835,5.251716209433717,14,188.0,0.1960266683864411,5,75.0,0.5411080871976509,19,263.0
