step,system_total_stopped,system_total_waiting_time,system_mean_waiting_time,system_mean_speed,J17_stopped,J17_accumulated_waiting_time,J17_average_speed,J18_stopped,J18_accumulated_waiting_time,J18_average_speed,agents_total_stopped,agents_total_accumulated_waiting_time
5.0,1,0.0,0.0,2.1673148686531936,0,0.0,1.0,1,0.0,0.16689933448283806,1,0.0
10.0,0,0.0,0.0,7.966486616854566,0,0.0,0.5012459951896693,0,0.0,0.7089685437191188,0,0.0
15.0,1,0.0,0.0,9.79410468350195,0,0.0,0.7754734143336416,1,0.0,0.6871727865271837,1,0.0
20.0,0,0.0,0.0,10.664327335682843,0,0.0,0.8011030539288756,0,0.0,0.7646993801611925,0,0.0
25.0,1,3.0,0.2,7.3350932191685185,0,0.0,0.4770774042263651,1,3.0,0.5563256236300774,1,3.0
30.0,6,22.0,1.1,7.118831782990293,4,10.0,0.3820556564899607,2,12.0,0.58799696843704,6,22.0
35.0,6,50.0,2.1739130434782608,7.196275974638603,3,25.0,0.49657776286052374,3,25.0,0.5160747474048492,6,50.0
40.0,5,60.0,2.3076923076923075,6.441242476867467,2,30.0,0.5323070464633772,3,30.0,0.4228242285150009,5,60.0
45.0,8,95.0,3.392857142857143,8.102711439332543,3,48.0,0.4394910679913604,5,53.0,0.5617910390218519,8,101.0
50.0,8,105.0,3.3870967741935485,7.451444845155291,5,68.0,0.3965559297445564,3,43.0,0.5178520944689853,8,111.0
55.0,7,114.0,3.6774193548387095,7.658077487238224,3,64.0,0.6320791638083434,4,62.0,0.40904652014133536,7,126.0
60.0,9,92.0,3.066666666666667,7.0223940293908145,5,82.0,0.4919625734409334,4,37.0,0.4473588294669719,9,119.0
65.0,7,60.0,1.875,6.910363083595813,4,72.0,0.48693745358412466,3,27.0,0.4474627542253698,7,99.0
70.0,14,113.0,3.054054054054054,5.730255911232678,8,80.0,0.31723322593172704,6,52.0,0.42834284860530936,14,132.0
75.0,11,85.0,2.1794871794871793,6.767480429512268,5,64.0,0.4368624363747476,6,59.0,0.506698375560274,11,123.0
80.0,8,104.0,2.6,7.343773445774079,3,37.0,0.38697861647965104,5,75.0,0.5386173663025166,8,112.0
85.0,9,100.0,2.380952380952381,7.9588621832996145,3,45.0,0.46402874331393873,6,76.0,0.396865489361486,9,121.0
90.0,10,97.0,2.255813953488372,7.559397876673767,3,40.0,0.4466613206946588,7,63.0,0.3696264751941226,10,103.0
95.0,10,102.0,2.55,7.2839135032282245,3,52.0,0.5632239961758994,7,69.0,0.3822143943294502,10,121.0
100.0,9,113.0,3.054054054054054,7.125011181196745,1,41.0,0.681830398823671,8,85.0,0.3465816754918212,9,126.0
105.0,10,102.0,2.6842105263157894,6.252197779319162,4,52.0,0.559201024866229,6,85.0,0.3344849804006559,10,137.0
110.0,16,160.0,3.7209302325581395,5.811193521729175,9,87.0,0.40105940225333053,7,92.0,0.3603993581428762,16,179.0
115.0,13,154.0,3.5813953488372094,5.468993725542257,7,111.0,0.29064437953152544,6,87.0,0.42909039929036724,13,198.0
120.0,10,183.0,4.357142857142857,7.192742206442946,5,114.0,0.40887703993363655,5,83.0,0.42110173269355994,10,197.0
125.0,14,178.0,4.45,6.5033714263525155,5,132.0,0.33807200662495485,9,79.0,0.27748951408059847,14,211.0
130.0,11,165.0,4.024390243902439,6.3127830175626345,5,109.0,0.20382926970757298,6,71.0,0.3092797639601606,11,180.0
135.0,12,179.0,4.7105263157894735,6.1091687191442245,9,148.0,0.3504020914724199,3,60.0,0.29678193215406634,12,208.0
140.0,10,126.0,3.7058823529411766,7.277409881086333,5,84.0,0.5701675221637128,5,72.0,0.35582451808706106,10,156.0
145.0,10,146.0,4.171428571428572,6.575288698790392,6,103.0,0.5135780593783221,4,68.0,0.35443139906555793,10,171.0
150.0,14,153.0,4.135135135135135,6.429122382271821,10,112.0,0.3408448243384097,4,85.0,0.4493201130975073,14,197.0
155.0,11,157.0,3.925,6.20574578534732,9,115.0,0.2735389481385712,2,81.0,0.46142793642011404,11,196.0
160.0,14,194.0,4.7317073170731705,6.560033738160228,11,161.0,0.2904972011928386,3,58.0,0.5671900766870974,14,219.0
165.0,15,220.0,5.365853658536586,6.431203682219273,12,218.0,0.3571431509219908,3,29.0,0.5721076329076231,15,247.0
170.0,14,171.0,4.071428571428571,5.253455526664458,9,209.0,0.27552469363096727,5,49.0,0.47779744601920604,14,258.0
175.0,9,85.0,1.9318181818181819,5.6365450216138475,6,135.0,0.3507362709329498,3,39.0,0.3748990533164328,9,174.0
180.0,13,116.0,2.6363636363636362,7.267369116671701,9,112.0,0.29608533213010546,4,19.0,0.43030810746748804,13,131.0
185.0,14,177.0,3.933333333333333,8.048412020523816,9,149.0,0.3082906231174483,5,31.0,0.4636337299990822,14,180.0
190.0,13,234.0,5.441860465116279,7.346530142189495,9,194.0,0.2273211735466351,4,44.0,0.4010044956744157,13,238.0
195.0,12,227.0,5.675,7.238385608854246,7,186.0,0.34639632968948914,5,63.0,0.4665015596960125,12,249.0
200.0,10,219.0,6.083333333333333,6.895570123282381,6,200.0,0.3712253158681261,4,43.0,0.5586649227536157,10,243.0
205.0,9,181.0,5.171428571428572,7.695298828977179,5,186.0,0.5017830845818525,4,48.0,0.5540147453325998,9,234.0
210.0,11,197.0,5.794117647058823,7.23790609153917,5,163.0,0.4352664009944088,6,77.0,0.5289704783056383,11,240.0
215.0,9,109.0,3.1142857142857143,5.966507184870983,5,93.0,0.3684126627323216,4,87.0,0.4386702048571311,9,180.0
220.0,11,115.0,3.026315789473684,6.529190132708921,5,75.0,0.4649560851578722,6,96.0,0.34433613475459207,11,171.0
225.0,10,56.0,1.4,7.167693611191029,6,54.0,0.5071238125766024,4,61.0,0.5335870962275467,10,115.0
230.0,12,106.0,2.3555555555555556,7.663095491803054,6,78.0,0.5792999498086987,6,59.0,0.43320508994289664,12,137.0
235.0,11,64.0,1.28,5.940978862203992,5,75.0,0.4472597707561223,6,65.0,0.3987342796135032,11,140.0
240.0,8,74.0,1.4509803921568627,7.37853978109523,4,60.0,0.40506117379003315,4,64.0,0.5366975062972064,8,124.0
245.0,16,92.0,1.6727272727272726,6.311502783854172,7,55.0,0.3301069417772688,9,83.0,0.3349175007082199,16,138.0
250.0,24,188.0,3.2982456140350878,5.713449802845444,12,97.0,0.3123983688166445,12,137.0,0.1896236587856355,24,234.0
255.0,24,217.0,3.9454545454545453,4.667010863545615,13,128.0,0.31881701693610415,11,152.0,0.2896260199588496,24,280.0
260.0,24,312.0,5.672727272727273,5.741148911957044,14,183.0,0.4050963485887612,10,184.0,0.33467678976935655,24,367.0
265.0,24,275.0,4.508196721311475,4.660054463688802,15,208.0,0.28932978249868796,9,177.0,0.28609696726703515,24,385.0
270.0,17,198.0,3.046153846153846,5.895282257774122,11,184.0,0.30443568892418554,6,130.0,0.38806916952477943,17,314.0
275.0,17,183.0,2.772727272727273,5.725617686119419,9,171.0,0.2756770739936403,8,147.0,0.3586806945170786,17,318.0
280.0,28,270.0,3.857142857142857,5.585374959797002,16,195.0,0.2323136163383776,12,200.0,0.31840922077751127,28,395.0
285.0,31,363.0,5.5,4.425968112975071,18,236.0,0.2608017697429511,13,228.0,0.2036698858743731,31,464.0
290.0,23,405.0,6.136363636363637,5.39294612266097,13,244.0,0.2431728486570474,10,239.0,0.28913128900918933,23,483.0
295.0,24,403.0,5.926470588235294,4.8923684043682325,15,274.0,0.13561986774097465,9,247.0,0.2556483648748949,24,521.0
300.0,28,433.0,6.661538461538462,5.5058153337500695,18,314.0,0.1931546498669949,10,276.0,0.3876185077116003,28,590.0
305.0,26,262.0,4.440677966101695,4.4252045574830845,16,347.0,0.24108576255390488,10,196.0,0.26023482415873506,26,543.0
310.0,26,326.0,5.719298245614035,4.75300888610431,18,382.0,0.23511261705240158,8,105.0,0.33079579001389825,26,487.0
315.0,29,350.0,5.932203389830509,4.179766556011826,20,408.0,0.23422561679863033,9,127.0,0.2952086085684421,29,535.0
320.0,31,443.0,7.262295081967213,4.843062065798492,19,445.0,0.22958173020232403,12,180.0,0.373437423470222,31,625.0
325.0,29,395.0,6.475409836065574,3.959934275818944,20,460.0,0.16643776371076757,9,185.0,0.36775584576195297,29,645.0
330.0,19,274.0,4.419354838709677,4.8099067776713555,13,396.0,0.18197050901227108,6,134.0,0.39296666767242694,19,530.0
335.0,18,280.0,4.516129032258065,5.905924773439232,11,354.0,0.34413720262778613,7,134.0,0.23125940272302703,18,488.0
340.0,25,276.0,4.451612903225806,5.380153757507184,12,323.0,0.3159859711130626,13,135.0,0.09185419106969167,25,458.0
345.0,25,228.0,3.8,4.936952772366066,14,284.0,0.25055086703569035,11,144.0,0.28310875470749836,25,428.0
350.0,27,317.0,5.4655172413793105,4.496037563274586,17,336.0,0.20520284773192146,10,166.0,0.3490923208663812,27,502.0
355.0,21,318.0,5.578947368421052,5.033906339695261,14,349.0,0.3169226298666475,7,158.0,0.34157823504627943,21,507.0
360.0,14,224.0,3.8620689655172415,5.573197661988124,11,342.0,0.34409258035222035,3,99.0,0.34973961942900267,14,441.0
365.0,18,248.0,4.133333333333334,6.049788281225173,14,364.0,0.3037520909429285,4,70.0,0.42057248472169806,18,434.0
370.0,25,254.0,4.163934426229508,5.211901739129437,16,336.0,0.23290192784114713,9,101.0,0.4107733332753843,25,437.0
375.0,26,279.0,4.359375,5.217081332171786,20,354.0,0.2356565831880942,6,115.0,0.49595606842772094,26,469.0
380.0,29,334.0,5.387096774193548,5.170978144552047,21,409.0,0.2648471466235637,8,100.0,0.4609264240420473,29,509.0
385.0,21,282.0,4.338461538461538,5.484470526537304,14,407.0,0.29077817409775364,7,88.0,0.3912529031511728,21,495.0
390.0,25,284.0,4.115942028985507,5.06277518981331,15,378.0,0.25330131930275385,10,98.0,0.2664751630760277,25,476.0
395.0,27,225.0,3.260869565217391,5.293728041676831,17,346.0,0.29029757281379326,10,91.0,0.2818767871844944,27,437.0
400.0,30,289.0,4.128571428571429,5.088826175145378,17,381.0,0.26241039584593995,13,145.0,0.353995554465779,30,526.0
405.0,32,342.0,4.956521739130435,4.869457210754192,23,437.0,0.2020866511763971,9,166.0,0.4361036162974019,32,603.0
410.0,30,362.0,5.484848484848484,4.14000205718979,23,482.0,0.1390195982919057,7,133.0,0.40403191111434966,30,615.0
415.0,28,360.0,5.714285714285714,4.372304120095674,19,479.0,0.17014868677757405,9,147.0,0.2855047263102682,28,626.0
420.0,20,274.0,4.349206349206349,4.002901674822222,13,489.0,0.16642784158402146,7,117.0,0.13616146194490283,20,606.0
425.0,21,270.0,4.285714285714286,5.111385246851099,13,480.0,0.16965388780254503,8,90.0,0.40088148496792325,21,570.0
430.0,25,366.0,6.1,4.9199531490375445,17,520.0,0.1743233426396693,8,119.0,0.46906220352349937,25,639.0
435.0,21,384.0,6.4,5.061182919639174,15,517.0,0.19422110356084732,6,125.0,0.3898705390003947,21,642.0
440.0,20,382.0,6.821428571428571,5.177140275981192,13,500.0,0.16874180945998926,7,121.0,0.29614371221753066,20,621.0
445.0,22,321.0,5.631578947368421,5.1628410307392985,15,507.0,0.09302360002690285,7,94.0,0.40625237886278676,22,601.0
450.0,21,187.0,3.280701754385965,5.22616664659993,16,427.0,0.16718792225296136,5,53.0,0.4542656079014753,21,480.0
455.0,24,275.0,4.910714285714286,5.61840465020448,18,436.0,0.25487774445900213,6,71.0,0.43872699379548424,24,507.0
460.0,24,329.0,6.092592592592593,4.8100296072166975,16,467.0,0.22137172190995302,8,101.0,0.4338697815667396,24,568.0
465.0,18,295.0,5.566037735849057,4.70356824891115,9,428.0,0.235392302651596,9,122.0,0.3486732664600021,18,550.0
470.0,21,278.0,5.346153846153846,4.933187065327467,10,389.0,0.22802169840989867,11,123.0,0.2761403779980239,21,512.0
475.0,17,199.0,3.9019607843137254,5.512284193424101,8,304.0,0.24147437363109386,9,137.0,0.27156692736162474,17,441.0
480.0,24,263.0,5.0576923076923075,5.212577834948868,12,307.0,0.17688035704994115,12,152.0,0.3365445551751874,24,459.0
485.0,21,212.0,4.076923076923077,5.735369568363355,12,326.0,0.3533374609753926,9,145.0,0.3550413324719833,21,471.0
490.0,20,262.0,4.943396226415095,5.897452388185948,10,321.0,0.3805910071384728,10,130.0,0.39303369677514505,20,451.0
495.0,22,308.0,5.5,5.092127885643158,13,378.0,0.32959343586486706,9,130.0,0.34247327621108686,22,508.0
500.0,20,278.0,4.793103448275862,5.337215706106459,12,361.0,0.2895966813936331,8,127.0,0.4299754462667767,20,488.0
505.0,17,238.0,4.327272727272727,6.2965252015767605,9,266.0,0.34797445806859234,8,147.0,0.3903220958918802,17,413.0
510.0,15,225.0,3.8793103448275863,6.143328037261434,7,237.0,0.3164603229720263,8,150.0,0.25128348326352645,15,387.0
515.0,15,182.0,3.0847457627118646,6.844886503842001,6,177.0,0.3855983425562677,9,150.0,0.2894238479253681,15,327.0
520.0,16,117.0,2.0892857142857144,6.713433993395896,7,119.0,0.44540393595010014,9,132.0,0.32604821232432046,16,251.0
525.0,19,135.0,2.5961538461538463,6.024714228137081,10,123.0,0.3967649946072778,9,111.0,0.37720835074404,19,234.0
530.0,19,178.0,3.423076923076923,5.8779774005276835,12,158.0,0.3638646686711967,7,127.0,0.4323789156251129,19,285.0
535.0,21,225.0,4.245283018867925,5.271022685661307,13,190.0,0.3068015906282666,8,128.0,0.2738342199113816,21,318.0
540.0,18,190.0,3.877551020408163,4.952196204916398,12,192.0,0.17746953575501603,6,113.0,0.33231637398993125,18,305.0
545.0,19,223.0,4.645833333333333,5.241702290176,12,231.0,0.20734526389988756,7,96.0,0.25023087788711157,19,327.0
550.0,18,184.0,3.68,5.66910876959456,13,254.0,0.2314326133486606,5,69.0,0.38215145645005894,18,323.0
555.0,18,201.0,4.466666666666667,5.679481512828099,12,273.0,0.3023810666460869,6,72.0,0.45570666145036876,18,345.0
560.0,15,161.0,3.3541666666666665,6.230855076821048,12,276.0,0.32363670264729133,3,65.0,0.5379505629544661,15,341.0
565.0,14,168.0,3.5,5.328237144345997,11,278.0,0.17994216242774755,3,21.0,0.5065747035545065,14,299.0
570.0,13,171.0,3.489795918367347,6.579129572469251,10,247.0,0.24285474357724182,3,32.0,0.49103516676542447,13,279.0
575.0,13,197.0,3.7169811320754715,7.632631359502274,10,248.0,0.2282126454054753,3,21.0,0.6071992723468375,13,269.0
580.0,17,222.0,4.111111111111111,6.945172438767593,11,256.0,0.30015528074086273,6,37.0,0.38474420348742305,17,293.0
585.0,18,266.0,5.115384615384615,7.186994955184463,10,251.0,0.4189880326207458,8,63.0,0.3829038361934889,18,314.0
590.0,17,206.0,4.291666666666667,6.331548782752608,7,194.0,0.46110064749683183,10,107.0,0.33906116901877165,17,301.0
595.0,22,299.0,6.1020408163265305,5.631383587659081,11,193.0,0.29681430787564794,11,166.0,0.45944234612716356,22,359.0
600.0,20,293.0,5.634615384615385,5.248668266170209,9,167.0,0.32375236874288116,11,218.0,0.3754302665916452,20,385.0
605.0,23,318.0,5.781818181818182,4.636611895066705,11,144.0,0.2753847714666042,12,238.0,0.3408952382699493,23,382.0
610.0,24,333.0,5.55,4.79649016543034,9,153.0,0.29871258555318986,15,271.0,0.2917948532965335,24,424.0
615.0,25,286.0,4.5396825396825395,5.4613267821711124,8,128.0,0.4028941962068201,17,250.0,0.24274074601551068,25,378.0
620.0,19,252.0,4.2,6.4282854638754285,8,161.0,0.42657983500273156,11,197.0,0.25780353461327243,19,358.0
625.0,19,325.0,5.701754385964913,6.486428684447305,10,203.0,0.13105742952288169,9,188.0,0.34376644973343307,19,391.0
630.0,20,351.0,6.381818181818182,5.572986954082158,10,234.0,0.11050139857148424,10,195.0,0.2571038909479424,20,429.0
635.0,24,448.0,8.145454545454545,5.958859230009184,10,275.0,0.33268691197278333,14,235.0,0.27516047897179524,24,510.0
640.0,17,363.0,7.26,5.613660605929422,4,241.0,0.4648280571808399,13,278.0,0.3124388530699573,17,519.0
645.0,18,418.0,8.708333333333334,5.8773400886849005,3,182.0,0.5755432724525603,15,318.0,0.3209320143458776,18,500.0
650.0,20,462.0,9.058823529411764,5.028991388540966,6,202.0,0.41551045038935397,14,344.0,0.2769868379231759,20,546.0
655.0,21,493.0,8.963636363636363,6.162817195056869,7,232.0,0.4494376130108746,14,335.0,0.2825565458555757,21,567.0
660.0,21,434.0,7.75,6.147853422189129,6,259.0,0.4594119560052145,15,302.0,0.22588657816492422,21,561.0
665.0,23,313.0,5.6909090909090905,6.259885297900389,6,216.0,0.4776849409910478,17,278.0,0.18313260581332322,23,494.0
670.0,22,267.0,5.134615384615385,4.814881208883477,7,106.0,0.386908873339548,15,316.0,0.17408384800968796,22,422.0
675.0,19,216.0,4.153846153846154,5.244444856320644,8,123.0,0.34168953117330814,11,299.0,0.28217715787269937,19,422.0
680.0,21,274.0,5.074074074074074,4.8751112949989475,10,133.0,0.33474058059614487,11,330.0,0.29936914265812925,21,463.0
685.0,26,341.0,6.089285714285714,5.020167394874069,9,152.0,0.4390898923378482,17,400.0,0.2367905787154011,26,552.0
690.0,25,309.0,5.421052631578948,4.847127389770917,7,134.0,0.39838995787071113,18,401.0,0.22932720942260826,25,535.0
695.0,19,315.0,5.080645161290323,5.535452566056869,7,160.0,0.3117262910304381,12,322.0,0.2577103705177165,19,482.0
700.0,21,349.0,5.5396825396825395,5.6994477043319165,12,214.0,0.21170720137395999,9,300.0,0.3023623388938302,21,514.0
705.0,25,258.0,4.095238095238095,5.596357034408295,14,182.0,0.2691814861134866,11,246.0,0.33077545786434465,25,428.0
710.0,26,366.0,6.203389830508475,5.573622936233855,15,195.0,0.375294241397701,11,286.0,0.34457539448132274,26,481.0
715.0,25,402.0,6.7,4.3481995048424045,12,209.0,0.2556558082697478,13,333.0,0.2906449913338412,25,542.0
720.0,19,258.0,4.229508196721311,5.232426880215042,7,183.0,0.3443360467317219,12,272.0,0.20290646236455342,19,455.0
725.0,16,160.0,2.6666666666666665,5.908521435184536,4,134.0,0.3787796667297971,12,218.0,0.23331427475871216,16,352.0
730.0,22,181.0,2.9672131147540983,5.340125309945484,12,141.0,0.3328183054931276,10,214.0,0.17870707566567767,22,355.0
735.0,27,229.0,3.9482758620689653,4.779142190084702,15,185.0,0.28353471867968694,12,216.0,0.2573876040166729,27,401.0
740.0,31,316.0,5.3559322033898304,4.559216084223705,19,251.0,0.2918115772948606,12,241.0,0.3092854621950058,31,492.0
745.0,23,320.0,4.923076923076923,5.260777082215981,16,265.0,0.21317420480658086,7,231.0,0.4532438361711013,23,496.0
750.0,20,270.0,4.153846153846154,6.240759387225263,13,227.0,0.22912932237644806,7,235.0,0.4719773289734333,20,462.0
755.0,15,260.0,4.126984126984127,7.062421575428308,8,211.0,0.31048521949233837,7,225.0,0.4560385960558054,15,436.0
760.0,17,287.0,4.864406779661017,6.312065648780992,9,209.0,0.25158921687202956,8,226.0,0.3348097599771602,17,435.0
765.0,25,261.0,4.833333333333333,5.152053126633688,15,247.0,0.18879937408816486,10,209.0,0.2726009063297679,25,456.0
770.0,25,270.0,5.0,4.705934914311803,15,279.0,0.16347094153187172,10,157.0,0.2957618940269063,25,436.0
775.0,28,331.0,6.365384615384615,4.591866162572253,17,314.0,0.23705392789481095,11,166.0,0.3189410532400047,28,480.0
780.0,22,363.0,6.6,4.95522135176049,13,322.0,0.21468090799475656,9,195.0,0.36121104818012695,22,517.0
785.0,18,291.0,4.85,6.150277330419825,9,246.0,0.24540950267037331,9,209.0,0.43729884426106397,18,455.0
790.0,18,330.0,5.5,6.369617096817549,6,225.0,0.32134611382666234,12,263.0,0.3417527734898602,18,488.0
795.0,24,277.0,4.775862068965517,5.457648050971822,12,255.0,0.3364195911187292,12,229.0,0.26900851362215145,24,484.0
800.0,26,269.0,4.719298245614035,5.140592508361905,12,263.0,0.34315171187354204,14,177.0,0.2077212132289685,26,440.0
805.0,25,297.0,5.120689655172414,4.459815465941092,13,253.0,0.31595052356773407,12,208.0,0.21727844140160335,25,461.0
810.0,26,355.0,5.725806451612903,5.344401734880168,11,238.0,0.3734807308884792,15,239.0,0.2903261554899818,26,477.0
815.0,17,256.0,4.129032258064516,6.164673989518663,8,167.0,0.40231361734403454,9,221.0,0.33662759421388594,17,388.0
820.0,17,242.0,3.78125,6.468155452354232,10,156.0,0.3438546040104257,7,171.0,0.36370426840475983,17,327.0
825.0,20,280.0,4.375,6.218115935952964,12,205.0,0.22528920637916505,8,180.0,0.2943848122229271,20,385.0
830.0,24,243.0,3.9193548387096775,5.621725118804177,11,193.0,0.22293292693814393,13,180.0,0.24086956543148103,24,373.0
835.0,25,303.0,5.224137931034483,5.528987754765943,12,173.0,0.24713736409746279,13,226.0,0.2838769685563427,25,399.0
840.0,26,393.0,7.1454545454545455,5.588874412977738,10,213.0,0.3188567062936363,16,295.0,0.3333865122935616,26,508.0
845.0,21,425.0,7.7272727272727275,5.103859687589515,9,235.0,0.33973890709942967,12,297.0,0.2553201139134204,21,532.0
850.0,16,333.0,5.946428571428571,5.822969419186413,7,194.0,0.356383107864713,9,239.0,0.29246946481852787,16,433.0
855.0,17,292.0,5.12280701754386,6.385284252626758,9,204.0,0.2840358103000088,8,195.0,0.3550913715999321,17,399.0
860.0,20,237.0,4.232142857142857,5.524640517189914,7,168.0,0.3790437480815368,13,198.0,0.23917736322155975,20,366.0
865.0,24,278.0,5.245283018867925,5.006920449658632,8,111.0,0.4371447721824169,16,231.0,0.15545556075866662,24,342.0
870.0,19,293.0,5.634615384615385,5.26112648294947,8,124.0,0.3727599883347907,11,235.0,0.25285422510653144,19,359.0
875.0,16,305.0,5.980392156862745,5.6644393437292395,7,129.0,0.26625297860314284,9,225.0,0.27864033074116795,16,354.0
880.0,17,255.0,5.0,5.617938855840555,5,82.0,0.3047797950423403,12,249.0,0.2775453375679342,17,331.0
885.0,16,281.0,5.509803921568627,6.33564534761743,6,44.0,0.4274503183370108,10,288.0,0.34076221378044247,16,332.0
890.0,17,336.0,6.857142857142857,6.587352432670841,8,77.0,0.3288971773469536,9,295.0,0.413876152414441,17,372.0
895.0,18,215.0,4.574468085106383,5.503643814273835,10,123.0,0.21501545640894462,8,218.0,0.39107078199669393,18,341.0
900.0,20,194.0,3.88,4.846529001514174,12,146.0,0.2493945887830899,8,80.0,0.23351879882520282,20,226.0
905.0,22,246.0,5.020408163265306,4.976594951409663,9,188.0,0.3876544070335656,13,114.0,0.26966984215109513,22,302.0
910.0,18,229.0,4.490196078431373,5.469637567748445,7,170.0,0.36722283950126766,11,155.0,0.35128782290217725,18,325.0
915.0,14,181.0,3.549019607843137,6.160027674345535,5,107.0,0.3639722279695884,9,172.0,0.3885732046240984,14,279.0
920.0,15,195.0,3.9,5.859237202747373,8,128.0,0.27768916113274084,7,163.0,0.3341267122079702,15,291.0
925.0,21,189.0,3.78,5.105633281589693,11,173.0,0.1947406289939622,10,148.0,0.26352214564852505,21,321.0
930.0,22,224.0,4.571428571428571,4.698966808879689,11,210.0,0.24172928735265023,11,150.0,0.2515389475605129,22,360.0
935.0,22,282.0,6.0,4.4097641549143525,11,221.0,0.2617524709482268,11,174.0,0.3061242076476017,22,395.0
940.0,21,302.0,6.163265306122449,5.528143016834415,10,213.0,0.2990446491650929,11,178.0,0.38018832291393556,21,391.0
945.0,15,216.0,4.0754716981132075,5.349044887354868,7,177.0,0.3523250884035631,8,155.0,0.2294258366075203,15,332.0
950.0,16,196.0,3.43859649122807,6.660009027036975,6,188.0,0.32095885838293436,10,122.0,0.3756267844424569,16,310.0
955.0,18,250.0,4.545454545454546,6.861374400895842,7,188.0,0.4060587426596566,11,155.0,0.38789954230691875,18,343.0
960.0,20,174.0,3.3461538461538463,5.9560964459073755,7,110.0,0.42254670975845876,13,177.0,0.28577265769820975,20,287.0
965.0,20,225.0,4.787234042553192,5.18022874233913,7,135.0,0.4152977869776116,13,181.0,0.23259833210192776,20,316.0
970.0,19,203.0,4.319148936170213,3.49707080929459,7,139.0,0.29312850928356693,12,197.0,0.15138528745928626,19,336.0
975.0,14,143.0,2.86,5.5215452442378625,6,107.0,0.3260394820363245,8,165.0,0.26756582419202046,14,272.0
980.0,13,123.0,2.46,5.487860964185191,6,100.0,0.31351315992419143,7,171.0,0.27953450787547857,13,271.0
985.0,22,196.0,3.6296296296296298,5.588684257560697,11,107.0,0.35032873048623275,11,203.0,0.2408514541596581,22,310.0
990.0,22,203.0,3.830188679245283,4.956751232632706,11,139.0,0.32214323552156315,11,199.0,0.2824064061573866,22,338.0
995.0,25,320.0,6.2745098039215685,5.475453243872061,13,202.0,0.3860938439612731,12,235.0,0.3330448693854173,25,437.0
1000.0,21,293.0,5.232142857142857,5.035689468653495,12,207.0,0.3329871528611748,9,235.0,0.3445469352981737,21,442.0
1005.0,13,202.0,3.4237288135593222,6.019999055611969,7,163.0,0.3417527909984895,6,195.0,0.33614189567992664,13,358.0
1010.0,13,89.0,1.5084745762711864,5.561966659848505,4,126.0,0.2883300019665534,9,177.0,0.25870454724044495,13,303.0
1015.0,26,163.0,2.629032258064516,5.14442318441086,13,144.0,0.23164284702125057,13,167.0,0.22577367320288352,26,311.0
1020.0,27,231.0,3.85,4.778145189576666,15,166.0,0.28374679522471885,12,191.0,0.2204459332962186,27,357.0
1025.0,14,228.0,4.0,5.8442478357854775,7,157.0,0.34305607136122146,7,164.0,0.2989517286746273,14,321.0
1030.0,15,217.0,3.875,6.204824524315696,9,158.0,0.31838399940161616,6,139.0,0.3234807952999895,15,297.0
1035.0,18,199.0,3.4310344827586206,5.754855226853109,9,137.0,0.22092834503547734,9,149.0,0.27363046570366417,18,286.0
1040.0,19,177.0,3.2181818181818183,6.16431930811214,12,146.0,0.2811936402951194,7,123.0,0.35424639822709586,19,269.0
1045.0,16,182.0,3.5,7.2480090613567025,10,154.0,0.4118663231140689,6,117.0,0.45922770808718216,16,271.0
1050.0,13,159.0,3.0576923076923075,6.58687759516114,9,157.0,0.3617573693894824,4,94.0,0.4441308923699175,13,251.0
1055.0,13,110.0,2.0754716981132075,6.315402616720467,9,149.0,0.29042532286343037,4,25.0,0.3742313312040785,13,174.0
1060.0,11,112.0,2.036363636363636,7.4150883468284965,6,109.0,0.3819509364650873,5,46.0,0.34687524147118876,11,155.0
1065.0,12,130.0,2.2413793103448274,7.135694067737403,6,119.0,0.3869831304436868,6,57.0,0.3132792085534721,12,176.0
1070.0,22,209.0,3.8,6.573250975334346,13,157.0,0.27984414178348976,9,94.0,0.38706271386055546,22,251.0
1075.0,21,257.0,4.849056603773585,5.346383854295191,15,188.0,0.1687718524124679,6,116.0,0.4624067068975332,21,304.0
1080.0,14,275.0,5.392156862745098,6.3910386090724085,9,190.0,0.18008894758090704,5,120.0,0.5180929532986538,14,310.0
1085.0,16,276.0,5.411764705882353,6.135396047698441,12,213.0,0.216318472430419,4,80.0,0.3585707519345538,16,293.0
1090.0,15,273.0,5.46,6.8276053085847295,8,199.0,0.26581616952896203,7,105.0,0.35590761280242617,15,304.0
1095.0,18,283.0,6.431818181818182,5.804379114077944,8,195.0,0.3141021300405464,10,151.0,0.25138686585338943,18,346.0
1100.0,15,171.0,3.8863636363636362,5.215663636795103,8,155.0,0.28687198633121613,7,111.0,0.36209317375397065,15,266.0
1105.0,22,244.0,5.674418604651163,4.720767446189959,14,212.0,0.21562102685251952,8,98.0,0.34230025868638675,22,310.0
1110.0,17,257.0,5.711111111111111,5.506714825225245,10,232.0,0.35002594957372096,7,127.0,0.3223795511483603,17,359.0
1115.0,19,305.0,6.48936170212766,5.568343864927977,9,213.0,0.387432415024326,10,164.0,0.16065638380595518,19,377.0
1120.0,23,373.0,7.9361702127659575,4.843056348131256,12,225.0,0.34444070956254563,11,218.0,0.10585955712134508,23,443.0
1125.0,19,293.0,6.369565217391305,4.701453008551067,10,207.0,0.33024345047067055,9,205.0,0.205872238554458,19,412.0
1130.0,17,254.0,5.404255319148936,5.233081970566387,10,202.0,0.3097151121420962,7,170.0,0.35545893827614167,17,372.0
1135.0,21,166.0,3.3877551020408165,4.57763004313451,16,190.0,0.24395501754663793,5,116.0,0.4094929856676459,21,306.0
1140.0,16,120.0,2.608695652173913,6.242544348147144,15,223.0,0.2909351500766884,1,25.0,0.6681678445702638,16,248.0
1145.0,16,132.0,2.869565217391304,5.745995193148822,13,221.0,0.22065825235355627,3,15.0,0.4391733336798833,16,236.0
1150.0,14,128.0,2.4615384615384617,5.726801644456502,11,226.0,0.1505081766399143,3,10.0,0.47290319569387945,14,236.0
1155.0,20,145.0,2.5892857142857144,6.418665694006202,16,240.0,0.24991423488313128,4,21.0,0.509879905138845,20,261.0
1160.0,16,168.0,3.0,6.16279209729183,14,271.0,0.265407408748692,2,13.0,0.5918314956878112,16,284.0
1165.0,21,243.0,4.5,5.978301276588865,16,303.0,0.24674475169936616,5,33.0,0.6057213925311982,21,336.0
1170.0,22,234.0,4.105263157894737,4.996476507554384,18,329.0,0.2272459541860131,4,24.0,0.5047690220956145,22,353.0
1175.0,14,196.0,3.5,6.153275802834388,9,298.0,0.2929523702921915,5,29.0,0.45489326157771215,14,327.0
1180.0,15,127.0,2.267857142857143,5.022495638335481,7,234.0,0.2285015178697223,8,45.0,0.2595824167743312,15,279.0
1185.0,21,189.0,3.375,5.426622490138869,11,240.0,0.1698709259307351,10,71.0,0.3464854594119105,21,311.0
1190.0,28,250.0,4.716981132075472,4.407332290360889,16,296.0,0.1667209808069304,12,98.0,0.27188853554840964,28,394.0
1195.0,26,353.0,6.921568627450981,4.322498639422613,18,385.0,0.23063455802754154,8,110.0,0.3268838402993074,26,495.0
1200.0,23,339.0,6.277777777777778,4.12214433621401,15,408.0,0.28960292220619716,8,113.0,0.24875831913195948,23,521.0
1205.0,14,277.0,5.326923076923077,6.062515313202823,8,359.0,0.3568624363781062,6,90.0,0.38081837121228085,14,449.0
1210.0,15,301.0,5.679245283018868,6.345887347232663,8,328.0,0.33147401589021414,7,94.0,0.2733525873827427,15,422.0
1215.0,19,238.0,4.175438596491228,5.902893863170867,8,261.0,0.24868092186369622,11,136.0,0.2593797722676805,19,397.0
1220.0,20,194.0,3.5925925925925926,5.45086510062196,13,178.0,0.2056528259085403,7,155.0,0.4096762076844453,20,333.0
1225.0,22,240.0,4.705882352941177,5.279715843514557,15,224.0,0.29875918743792185,7,144.0,0.43282663396145654,22,368.0
1230.0,26,302.0,5.69811320754717,5.253286062208894,18,297.0,0.29440389892273483,8,143.0,0.376222873755095,26,440.0
1235.0,30,371.0,7.0,3.98002315449483,18,365.0,0.16303859300865822,12,143.0,0.27391787638542126,30,508.0
1240.0,27,377.0,6.8545454545454545,3.916328157506657,18,415.0,0.1883066407939174,9,127.0,0.2567835804570956,27,542.0
1245.0,24,358.0,6.392857142857143,4.280587297340925,16,425.0,0.16323289234571756,8,118.0,0.3416709211576885,24,543.0
1250.0,19,182.0,3.25,5.279878641085988,10,356.0,0.19412819808336138,9,136.0,0.35673734011168745,19,492.0
1255.0,16,185.0,3.135593220338983,5.456018221233071,6,368.0,0.2518841136526091,10,136.0,0.3225774900982403,16,504.0
1260.0,21,168.0,2.896551724137931,5.118358824000927,12,394.0,0.2704490026220511,9,145.0,0.2741632393977184,21,539.0
1265.0,21,211.0,3.8363636363636364,5.181765285527444,14,376.0,0.2400725577891511,7,120.0,0.3886397330266273,21,496.0
1270.0,16,159.0,2.694915254237288,5.2849855978091815,9,284.0,0.3116091630926235,7,98.0,0.2852533202909255,16,382.0
1275.0,18,218.0,3.4603174603174605,6.684896285068383,9,225.0,0.39487485885189766,9,85.0,0.30822779313062165,18,310.0
1280.0,21,308.0,4.967741935483871,7.519220416719554,9,233.0,0.4872113979218317,12,134.0,0.31287590297822543,21,367.0
1285.0,19,284.0,4.896551724137931,6.563174942246774,7,145.0,0.3478810434334937,12,194.0,0.27154948264850676,19,339.0
1290.0,20,292.0,5.3090909090909095,5.516994558361764,9,129.0,0.17323167552070753,11,212.0,0.32938559897668235,20,341.0
1295.0,24,334.0,6.30188679245283,5.008634647977023,12,159.0,0.22579821970770125,12,210.0,0.32618390315239976,24,369.0
1300.0,23,355.0,6.69811320754717,5.653676701153283,13,219.0,0.3227278541851106,10,215.0,0.37936964330791495,23,434.0
1305.0,23,311.0,5.553571428571429,5.597287608455278,12,237.0,0.4148944160609027,11,184.0,0.2675915362940986,23,421.0
1310.0,22,236.0,4.214285714285714,5.0241952899603195,11,215.0,0.3485977365115572,11,181.0,0.2656253276453166,22,396.0
1315.0,21,214.0,3.8214285714285716,5.076741718516387,11,211.0,0.2547286822735123,10,172.0,0.3367229109324168,21,383.0
1320.0,19,170.0,2.8333333333333335,5.324377941875552,11,173.0,0.19243525424911387,8,165.0,0.3630910124659784,19,338.0
1325.0,22,192.0,3.0476190476190474,5.842512921919415,12,195.0,0.26115738493661944,10,154.0,0.2974223424839748,22,349.0
1330.0,25,235.0,3.7301587301587302,5.846432139148598,13,211.0,0.3290619091274003,12,178.0,0.28607459065726265,25,389.0
1335.0,26,331.0,5.338709677419355,5.55511484379438,11,237.0,0.30192428240956276,15,244.0,0.30506709764199247,26,481.0
1340.0,25,370.0,6.379310344827586,4.839987478018577,12,251.0,0.2964262586565432,13,273.0,0.21223643051106525,25,524.0
1345.0,22,348.0,5.898305084745763,5.091249770706593,13,263.0,0.2367686951445668,9,251.0,0.16637300595630086,22,514.0
1350.0,21,260.0,4.333333333333333,5.393310000454076,12,232.0,0.2040627762247604,9,185.0,0.2559459652826049,21,417.0
1355.0,24,325.0,5.603448275862069,5.652912740770346,13,275.0,0.2379400039185176,11,167.0,0.36796134113541573,24,442.0
1360.0,25,400.0,7.547169811320755,4.982204283011943,13,294.0,0.2753381413594045,12,226.0,0.3650104885765575,25,520.0
1365.0,30,405.0,7.363636363636363,3.2353587594181548,12,256.0,0.21252079227654144,18,303.0,0.23851748614723173,30,559.0
1370.0,36,535.0,9.224137931034482,3.141912334531585,16,255.0,0.18972409747007388,20,400.0,0.18220386750512316,36,655.0
1375.0,33,514.0,8.426229508196721,3.6118087506294527,13,269.0,0.20411187481129986,20,440.0,0.1944193931507559,33,709.0
1380.0,24,489.0,7.887096774193548,5.184448066257362,9,242.0,0.28218906493375756,15,425.0,0.2332968738222095,24,667.0
1385.0,18,358.0,5.774193548387097,4.975299953961241,8,210.0,0.26377456608857297,10,403.0,0.23225138580630234,18,613.0
1390.0,23,369.0,5.507462686567164,5.892094595101268,9,177.0,0.3641533817517939,14,363.0,0.2606675397038523,23,540.0
1395.0,25,310.0,5.0,5.648331914553458,8,174.0,0.4713022485273543,17,380.0,0.2442035744730712,25,554.0
1400.0,25,260.0,4.126984126984127,5.520499029526421,8,137.0,0.5104869106895092,17,344.0,0.17905289571124355,25,481.0
1405.0,22,239.0,3.8548387096774195,4.726407650825173,6,118.0,0.4387457220477479,16,351.0,0.1733679488416685,22,469.0
1410.0,20,191.0,3.23728813559322,4.873115438789815,11,143.0,0.3171792419003617,9,293.0,0.19420543436098628,20,436.0
1415.0,21,252.0,4.344827586206897,4.537654130486281,10,157.0,0.2339508014498502,11,302.0,0.2215859374175421,21,459.0
1420.0,26,334.0,5.475409836065574,4.766886460968846,11,207.0,0.3055091958595712,15,329.0,0.17506498276609486,26,536.0
1425.0,26,282.0,4.7,4.598741789992144,10,209.0,0.34688339824199854,16,328.0,0.26164353174342125,26,537.0
1430.0,28,384.0,6.4,5.07955939635641,9,239.0,0.4065197697940702,19,364.0,0.2629584472529108,28,603.0
1435.0,24,424.0,6.950819672131147,4.353205357799377,8,262.0,0.3895161721993531,16,379.0,0.22903501080302135,24,641.0
1440.0,24,378.0,6.096774193548387,4.355470689584353,12,311.0,0.22424918253625462,12,294.0,0.2488042240518718,24,605.0
1445.0,25,460.0,7.540983606557377,4.701390967873822,15,351.0,0.1455810377038325,10,253.0,0.31787047208733776,25,604.0
1450.0,23,493.0,7.825396825396825,4.907831581011414,14,394.0,0.18477982615265373,9,245.0,0.27324466097932565,23,639.0
1455.0,25,404.0,6.622950819672131,4.1251811655273105,11,326.0,0.19297226293093905,14,287.0,0.23520023610335491,25,613.0
1460.0,29,409.0,6.816666666666666,4.8139027533147525,13,256.0,0.2566778320175875,16,324.0,0.3338431654731243,29,580.0
1465.0,21,411.0,6.737704918032787,5.664756014475864,10,279.0,0.34199838190191234,11,316.0,0.3763204298853442,21,595.0
1470.0,23,431.0,6.951612903225806,5.1151630699105874,12,295.0,0.2470106499188339,11,309.0,0.3145864099359412,23,604.0
1475.0,24,258.0,3.7941176470588234,5.33597311973119,9,256.0,0.3255269314765992,15,265.0,0.22152749041146028,24,521.0
1480.0,26,271.0,4.044776119402985,5.262770991429875,8,208.0,0.44959388564834624,18,290.0,0.1765682620226034,26,498.0
1485.0,32,332.0,4.742857142857143,5.235252230170486,8,184.0,0.42495119950001853,24,371.0,0.2123384862825178,32,555.0
1490.0,27,345.0,5.0,5.3834807334005115,6,136.0,0.41739019008038686,21,430.0,0.24042203735675785,27,566.0
1495.0,20,267.0,3.926470588235294,5.788073759412135,7,141.0,0.4298370878753892,13,421.0,0.25900968770572613,20,562.0
1500.0,22,320.0,4.923076923076923,5.753643963928599,11,170.0,0.3110790637168905,11,406.0,0.29971777102748476,22,576.0
1505.0,23,255.0,3.8636363636363638,5.4262105375916345,14,208.0,0.23656814467421672,9,338.0,0.2764383430669449,23,546.0
1510.0,24,297.0,4.5,6.0137351124374305,12,241.0,0.3100953185115381,12,323.0,0.29626151178121385,24,564.0
1515.0,26,328.0,5.377049180327869,5.257782670007924,10,248.0,0.3462399675288827,16,361.0,0.2929475754604135,26,609.0
1520.0,30,449.0,7.610169491525424,4.307280101045294,13,262.0,0.30417191897189694,17,430.0,0.18601250952401943,30,692.0
1525.0,31,480.0,8.135593220338983,3.787401445579145,14,299.0,0.27456192050875383,17,463.0,0.1739285207125644,31,762.0
1530.0,22,459.0,7.524590163934426,5.061321364818616,13,309.0,0.2518411712168535,9,428.0,0.22498385130184403,22,737.0
1535.0,19,365.0,5.983606557377049,4.684615691913309,12,329.0,0.20516673774043812,7,336.0,0.14941214103725572,19,665.0
1540.0,27,395.0,5.984848484848484,5.527098564795739,13,351.0,0.3086268837259886,14,254.0,0.1980897188658461,27,605.0
1545.0,28,273.0,4.2,5.420372479190521,12,238.0,0.31746037106308045,16,269.0,0.30912926942404273,28,507.0
1550.0,23,262.0,4.158730158730159,6.199482142453847,10,152.0,0.4014680347512994,13,278.0,0.392051752806147,23,430.0
1555.0,27,236.0,3.6875,4.553330498345692,12,161.0,0.29916253518244396,15,279.0,0.26391537880918425,27,440.0
1560.0,20,161.0,2.515625,5.012901091631502,11,147.0,0.3477027946369379,9,212.0,0.16939141887481685,20,359.0
1565.0,20,181.0,2.9193548387096775,5.882786855823514,10,143.0,0.3579542027161352,10,181.0,0.26764171180876456,20,324.0
1570.0,21,228.0,3.5625,5.596322377717009,15,193.0,0.24099156507673875,6,168.0,0.2925228028061943,21,361.0
1575.0,29,307.0,4.651515151515151,4.909286445989296,16,239.0,0.1922401144307056,13,185.0,0.29572044561424865,29,424.0
1580.0,27,346.0,5.580645161290323,5.142924930982683,17,278.0,0.23144596621751662,10,194.0,0.4174760615815755,27,472.0
1585.0,23,367.0,6.116666666666666,5.57980454524301,16,321.0,0.24937945195528124,7,178.0,0.46496739181621155,23,499.0
1590.0,24,414.0,7.016949152542373,4.929655391758521,13,309.0,0.2493862452497956,11,220.0,0.2541604874606009,24,529.0
1595.0,32,409.0,6.932203389830509,3.232622371051702,15,284.0,0.1372217029319066,17,293.0,0.07409347360825952,32,577.0
1600.0,33,470.0,7.704918032786885,4.109111586211039,16,237.0,0.21765386687687865,17,366.0,0.2011502411796797,33,603.0
1605.0,26,534.0,9.05084745762712,5.027361043449541,13,272.0,0.315295430111197,13,394.0,0.29010186319720704,26,666.0
1610.0,24,445.0,7.063492063492063,5.721748076129931,12,284.0,0.3658277039447166,12,304.0,0.29835482658927065,24,588.0
1615.0,24,429.0,6.5,5.702579948292519,11,292.0,0.29156642116948916,13,278.0,0.2904378451780053,24,570.0
1620.0,27,330.0,5.15625,5.995050682599412,14,281.0,0.33389730545905055,13,227.0,0.2964336679639845,27,508.0
1625.0,25,303.0,4.967213114754099,5.467847133900795,13,299.0,0.32579045549913094,12,198.0,0.33667955382419346,25,497.0
1630.0,23,291.0,5.196428571428571,4.090591703196185,14,272.0,0.18461325197203315,9,198.0,0.32582520188216285,23,470.0
1635.0,25,280.0,4.827586206896552,4.841655862024858,14,310.0,0.213994360376473,11,161.0,0.33611137447879214,25,471.0
1640.0,19,319.0,5.316666666666666,5.3506159678622875,13,331.0,0.1939528435488281,6,134.0,0.34139767869827164,19,465.0
1645.0,24,357.0,5.758064516129032,5.517352262877777,11,333.0,0.24988708589632097,13,165.0,0.22274312865229248,24,498.0
1650.0,25,407.0,6.783333333333333,5.556006119134417,12,316.0,0.22782955112646186,13,191.0,0.3305300166801132,25,507.0
1655.0,22,342.0,5.60655737704918,5.878644931044091,9,258.0,0.34895373241025407,13,211.0,0.3257034474510586,22,469.0
1660.0,21,289.0,4.587301587301587,5.805446527263969,8,165.0,0.49698325938994387,13,229.0,0.22694826537686758,21,394.0
1665.0,17,228.0,3.6774193548387095,6.294177513686914,8,164.0,0.44278275979527604,9,208.0,0.30254398264728904,17,372.0
1670.0,18,144.0,2.3225806451612905,5.110042238861019,9,158.0,0.32125914913255166,9,174.0,0.23606873084611568,18,332.0
1675.0,22,166.0,2.515151515151515,5.123613548973808,12,157.0,0.2505855891686915,10,149.0,0.26815324080647274,22,306.0
1680.0,25,234.0,3.4925373134328357,4.804154820778792,14,191.0,0.2432250490015944,11,159.0,0.28035407305814203,25,350.0
1685.0,25,235.0,3.6153846153846154,5.490721873176375,17,224.0,0.2256969329459142,8,142.0,0.4328688446124569,25,366.0
1690.0,21,249.0,4.016129032258065,5.5990045543111,13,235.0,0.21321060068890246,8,146.0,0.41844951186045676,21,381.0
1695.0,29,264.0,4.061538461538461,4.360622802536381,14,246.0,0.24075096202067534,15,188.0,0.1953952099644231,29,434.0
1700.0,33,309.0,4.611940298507463,4.702676736312303,15,238.0,0.3169460145376968,18,209.0,0.19586760817204601,33,447.0
1705.0,31,430.0,6.615384615384615,5.251469537841427,13,280.0,0.38159112847884613,18,292.0,0.2868380059023366,31,572.0
1710.0,30,512.0,7.641791044776119,4.794384535784483,15,334.0,0.34190797641616355,15,340.0,0.2818237706705596,30,674.0
1715.0,28,474.0,6.869565217391305,4.550570134203324,18,367.0,0.18609437888038133,10,319.0,0.3442816934175262,28,686.0
1720.0,30,376.0,5.295774647887324,4.198782598046587,19,381.0,0.17288206730888958,11,307.0,0.3064970246528775,30,688.0
1725.0,30,309.0,4.175675675675675,4.353935822120709,17,413.0,0.2101933870615325,13,277.0,0.27942013829979917,30,690.0
1730.0,32,307.0,4.205479452054795,4.226988973604824,14,361.0,0.22304041582206727,18,308.0,0.2579306737230212,32,669.0
1735.0,30,296.0,4.111111111111111,4.043989410655436,16,380.0,0.12768042439353694,14,300.0,0.2657888474338164,30,680.0
1740.0,29,251.0,3.3466666666666667,4.445332397988668,17,363.0,0.12829943362577104,12,302.0,0.25142096180500845,29,665.0
1745.0,36,353.0,4.644736842105263,4.790600884656236,18,400.0,0.23153637137080543,18,320.0,0.19042829968171632,36,720.0
1750.0,38,387.0,5.301369863013699,4.191076616352405,17,384.0,0.30881639393397325,21,372.0,0.1624057034854518,38,756.0
1755.0,37,481.0,6.5,4.333994667201674,16,389.0,0.3325636972790399,21,432.0,0.18319334457558722,37,821.0
1760.0,35,490.0,6.621621621621622,4.217702234948656,14,351.0,0.3174313614009485,21,481.0,0.1961979729334806,35,832.0
1765.0,27,485.0,6.6438356164383565,5.042068682586994,14,350.0,0.2991868709981883,13,453.0,0.2569581903610283,27,803.0
1770.0,27,458.0,6.361111111111111,4.805578400883914,17,379.0,0.173532601359649,10,381.0,0.3444302822874508,27,760.0
1775.0,34,349.0,4.915492957746479,4.164607463798217,21,397.0,0.1342937942392143,13,312.0,0.27371285972642323,34,709.0
1780.0,38,474.0,6.970588235294118,4.013376890323789,21,414.0,0.17181568656367346,17,340.0,0.22754714789178293,38,754.0
1785.0,31,520.0,7.647058823529412,3.978936549768242,20,462.0,0.09477246344081634,11,318.0,0.2764156376564121,31,780.0
1790.0,27,471.0,6.728571428571429,4.626792959111391,13,467.0,0.16114462094459972,14,306.0,0.24726402068643605,27,773.0
1795.0,31,454.0,6.676470588235294,4.560977646000161,12,424.0,0.1896033949939192,19,350.0,0.2034235494307803,31,774.0
1800.0,33,359.0,5.523076923076923,4.878727838705184,13,346.0,0.2479304255891115,20,381.0,0.25804520636293204,33,727.0
1805.0,31,352.0,5.5,4.367207559622983,12,348.0,0.22882955729370671,19,402.0,0.250555352541371,31,750.0
1810.0,33,420.0,6.461538461538462,3.8935838115102746,15,341.0,0.293700751496383,18,438.0,0.1555505488923604,33,779.0
1815.0,25,349.0,5.208955223880597,4.839543386335724,12,336.0,0.3530820340314337,13,417.0,0.18412664076230592,25,753.0
1820.0,21,376.0,5.449275362318841,6.302963740739784,7,270.0,0.3501032118632123,14,415.0,0.28844004681722446,21,685.0
1825.0,21,419.0,6.546875,5.8046973460216185,7,234.0,0.22460750257827253,14,438.0,0.2958639774124422,21,672.0
1830.0,29,438.0,7.064516129032258,5.509036142698223,17,301.0,0.1722986219434354,12,404.0,0.33023176701660445,29,705.0
1835.0,24,374.0,6.448275862068965,5.256681292762982,16,365.0,0.20622553675024977,8,325.0,0.3606749967814808,24,690.0
1840.0,27,424.0,7.43859649122807,4.989819901437629,16,427.0,0.28476177158027965,11,340.0,0.32623466445463123,27,767.0
1845.0,28,469.0,8.228070175438596,4.490534904839107,14,439.0,0.30987878875011565,14,356.0,0.25817364551690847,28,795.0
1850.0,23,428.0,7.133333333333334,4.483273536715305,9,386.0,0.36591128488787644,14,403.0,0.14904507337876113,23,789.0
1855.0,21,425.0,6.746031746031746,5.3098954923424815,9,331.0,0.32563654657696955,12,435.0,0.2065968532119234,21,766.0
1860.0,21,226.0,3.476923076923077,5.728425077984032,12,236.0,0.26278421570605626,9,370.0,0.3268596711499119,21,606.0
1865.0,28,280.0,4.3076923076923075,5.352131097576312,18,295.0,0.3065659689234623,10,286.0,0.3272478849307875,28,581.0
1870.0,30,363.0,5.854838709677419,5.350512473433213,19,371.0,0.2806130535557755,11,269.0,0.40639691001482164,30,640.0
1875.0,30,353.0,5.603174603174603,4.676202807523223,22,443.0,0.16849008027357806,8,183.0,0.43203559123683893,30,626.0
1880.0,31,453.0,7.190476190476191,3.8760784075620354,25,515.0,0.11231368557466473,6,196.0,0.40734438548546187,31,711.0
1885.0,34,505.0,8.015873015873016,3.5481572812901954,23,546.0,0.12599317584566017,11,226.0,0.3171064223680023,34,772.0
1890.0,29,420.0,6.5625,4.5129991019644615,15,475.0,0.164360718036923,14,294.0,0.30311867249968477,29,769.0
1895.0,23,403.0,6.2,5.858013986225372,11,423.0,0.2914171984807706,12,302.0,0.27935054388404734,23,725.0
1900.0,22,340.0,5.230769230769231,5.775681533026441,12,381.0,0.275959288395701,10,269.0,0.28470954647793945,22,650.0
1905.0,23,305.0,4.765625,5.188537641059617,14,345.0,0.2698728233140329,9,273.0,0.3100355697215078,23,618.0
1910.0,26,288.0,4.645161290322581,5.593859718298661,14,359.0,0.30600201112160547,12,281.0,0.40508731851160656,26,640.0
1915.0,27,363.0,5.950819672131147,4.632171485521085,16,341.0,0.2738279405021815,11,322.0,0.3991882590266987,27,663.0
1920.0,28,430.0,6.615384615384615,4.498024996978619,15,338.0,0.1947340739036476,13,374.0,0.3770369109059528,28,712.0
1925.0,30,434.0,6.575757575757576,4.947925864318177,14,266.0,0.22487196616780558,16,447.0,0.33616058183216413,30,713.0
1930.0,24,476.0,7.104477611940299,5.650602047179156,8,228.0,0.39891153967456994,16,485.0,0.19276363026750892,24,713.0
1935.0,23,499.0,7.796875,5.099507396989917,5,222.0,0.38345354024529904,18,508.0,0.13908563041917096,23,730.0
1940.0,27,473.0,7.629032258064516,4.294843900768252,11,259.0,0.22971773799375017,16,491.0,0.22846781906466457,27,750.0
1945.0,26,301.0,4.777777777777778,4.741314462315261,13,276.0,0.2784008364978952,13,386.0,0.28365308199385125,26,662.0
1950.0,30,424.0,6.625,4.880525931778629,15,315.0,0.29289892102636333,15,424.0,0.2725075807072415,30,739.0
1955.0,35,478.0,7.46875,3.9982277892679403,16,326.0,0.23149008118680015,19,477.0,0.234252677311437,35,803.0
1960.0,37,501.0,7.590909090909091,3.7957800927425924,19,349.0,0.2212497589267118,18,489.0,0.23722255336555495,37,838.0
1965.0,35,502.0,7.606060606060606,3.9296683298520847,19,381.0,0.2629360470797078,16,464.0,0.27536305986364357,35,845.0
1970.0,26,291.0,4.409090909090909,4.141256040525923,11,331.0,0.35322510291362685,15,461.0,0.15707233404857832,26,792.0
1975.0,22,246.0,3.6176470588235294,4.463758719723153,7,262.0,0.2809621108485053,15,416.0,0.13433279382119323,22,678.0
1980.0,20,271.0,3.816901408450704,4.739460225668358,7,268.0,0.24449142073270194,13,444.0,0.14719271155262076,20,712.0
1985.0,28,354.0,5.057142857142857,5.322379001612407,11,282.0,0.28933328814446707,17,499.0,0.20776174783321247,28,781.0
1990.0,27,424.0,6.625,4.249447742552696,14,279.0,0.2622354934265636,13,528.0,0.21365411399925685,27,807.0
1995.0,26,464.0,7.365079365079365,4.5801819693142125,14,227.0,0.16958127001136475,12,547.0,0.2573837129989929,26,774.0
2000.0,21,549.0,9.0,5.545833675249987,9,205.0,0.23953451226531866,12,597.0,0.26873050106853774,21,802.0
2005.0,21,567.0,9.0,6.2107239964940515,9,208.0,0.34256797777425185,12,606.0,0.19494325027699427,21,814.0
2010.0,25,627.0,9.796875,5.314318863986489,10,236.0,0.3191340180952492,15,615.0,0.19989052135611737,25,851.0
2015.0,24,556.0,9.75438596491228,5.149866434140244,14,262.0,0.3649017103269495,10,510.0,0.31222147519737137,24,772.0
2020.0,23,252.0,4.421052631578948,4.4378755119509705,16,244.0,0.2388694286739209,7,330.0,0.3330461056793107,23,574.0
2025.0,25,249.0,4.15,4.478971127782286,17,212.0,0.1913286319005955,8,299.0,0.3553189670822107,25,511.0
2030.0,30,306.0,4.707692307692308,4.677103451112022,18,260.0,0.2475656157828587,12,317.0,0.3341925777551325,30,577.0
2035.0,24,183.0,2.859375,4.982576754210106,12,244.0,0.32745186746464033,12,321.0,0.2796022839534897,24,565.0
2040.0,14,176.0,2.75,6.3474702569566785,8,213.0,0.32585074010807025,6,288.0,0.38853909326632236,14,501.0
2045.0,13,166.0,2.8135593220338984,6.128811180477517,9,209.0,0.2501300393840618,4,181.0,0.3757097407968038,13,390.0
2050.0,19,162.0,2.7,5.663292683029155,13,236.0,0.1775072913945223,6,59.0,0.3534370665864655,19,295.0
2055.0,26,275.0,5.0,5.341050298218843,19,304.0,0.2153760828602052,7,63.0,0.41074398755535213,26,367.0
2060.0,23,252.0,4.666666666666667,4.527848928012621,17,297.0,0.23538375900321895,6,73.0,0.3899840002808385,23,370.0
2065.0,24,328.0,6.3076923076923075,5.181809311755217,17,341.0,0.22039436448338348,7,77.0,0.40129904482370676,24,418.0
2070.0,27,430.0,7.818181818181818,4.738323775156351,20,432.0,0.11390239797563115,7,91.0,0.4061237762507069,27,523.0
2075.0,28,552.0,10.222222222222221,4.457420540757211,21,538.0,0.19269841016646902,7,106.0,0.3029322662236341,28,644.0
2080.0,26,540.0,9.818181818181818,3.633513303276342,19,553.0,0.2264534266968687,7,128.0,0.14053265449929672,26,681.0
2085.0,16,330.0,6.111111111111111,4.886974263326366,10,453.0,0.21684062727881392,6,135.0,0.3041052211383211,16,588.0
2090.0,14,318.0,5.578947368421052,6.787351000353603,8,360.0,0.2776707717297345,6,154.0,0.378834069707168,14,514.0
2095.0,11,127.0,2.189655172413793,6.810392739437718,7,283.0,0.27960036202237815,4,89.0,0.36213981638656073,11,372.0
2100.0,19,197.0,3.581818181818182,6.135109400744372,14,316.0,0.25102299893643937,5,83.0,0.3420944864883725,19,399.0
2105.0,20,189.0,3.6346153846153846,5.829359489496719,15,338.0,0.32355047576776347,5,78.0,0.25291805957398084,20,416.0
2110.0,22,291.0,5.938775510204081,5.631815046989694,15,384.0,0.28038744898535345,7,108.0,0.37148650898493324,22,492.0
2115.0,21,289.0,6.148936170212766,4.494215013983066,17,373.0,0.14267423076166608,4,114.0,0.5418803165947226,21,487.0
2120.0,16,217.0,4.428571428571429,5.177057944094714,12,275.0,0.12955683925252306,4,115.0,0.4963404573562977,16,390.0
2125.0,13,241.0,4.918367346938775,6.857951454681488,6,207.0,0.28418699621962146,7,144.0,0.398379379102319,13,351.0
2130.0,15,201.0,3.792452830188679,7.3093651322440945,7,179.0,0.47699017206369815,8,103.0,0.19483495893471234,15,282.0
2135.0,8,145.0,3.152173913043478,7.471281833825607,3,141.0,0.44112337489950265,5,75.0,0.3292042526931757,8,216.0
2140.0,13,163.0,3.6222222222222222,7.178883527673769,9,160.0,0.3982847463909003,4,70.0,0.3649914437110402,13,230.0
2145.0,16,133.0,3.1666666666666665,6.855937215865876,10,153.0,0.32737249663908163,6,86.0,0.47981375765152534,16,239.0
2150.0,15,173.0,4.325,5.276710526273433,11,147.0,0.2538788899850113,4,77.0,0.3788397139396729,15,224.0
2155.0,20,249.0,5.928571428571429,5.070951677540744,15,209.0,0.2240853218268427,5,77.0,0.519642157424798,20,286.0
2160.0,19,241.0,5.239130434782608,5.289194111420298,12,228.0,0.35203003951995737,7,77.0,0.4666985881241535,19,305.0
2165.0,13,229.0,4.673469387755102,6.2830621169105205,5,177.0,0.44865038266112417,8,105.0,0.38497345780013226,13,282.0
2170.0,12,194.0,3.88,6.5000207315872425,7,181.0,0.3556318517273238,5,75.0,0.4327599123043704,12,256.0
2175.0,18,243.0,4.339285714285714,6.062147511418873,14,236.0,0.2064431965615657,4,40.0,0.4565311307092173,18,276.0
2180.0,22,204.0,3.642857142857143,6.238217188547259,14,225.0,0.27792404919264785,8,63.0,0.5005573567052513,22,288.0
2185.0,19,199.0,3.685185185185185,6.097351315484268,12,179.0,0.3089934123841321,7,98.0,0.45973873475066035,19,277.0
2190.0,21,201.0,3.7222222222222223,5.10945109297263,12,184.0,0.27737037333620157,9,124.0,0.3654885668118943,21,308.0
2195.0,23,239.0,4.267857142857143,5.040018145288469,8,156.0,0.3315654853985262,15,166.0,0.21849623867316628,23,322.0
2200.0,21,271.0,4.927272727272728,5.359229611903956,9,165.0,0.28438047550662876,12,191.0,0.23654716584434404,21,356.0
2205.0,23,260.0,4.642857142857143,5.24759614730789,12,189.0,0.19605418575421082,11,194.0,0.2421849437600488,23,383.0
2210.0,21,270.0,5.0,5.198999306022063,13,231.0,0.33276858878796,8,185.0,0.24889970377820198,21,416.0
2215.0,20,262.0,5.137254901960785,5.19503127379525,12,269.0,0.3476905681712723,8,146.0,0.26271899836706347,20,415.0
2220.0,21,271.0,5.42,4.645200994003162,11,271.0,0.29629770945655093,10,175.0,0.2478480990671914,21,446.0
2225.0,22,343.0,6.7254901960784315,4.4283547378612305,12,316.0,0.23037159837154195,10,184.0,0.2674479071163866,22,500.0
2230.0,26,396.0,7.333333333333333,4.377004139616338,18,396.0,0.24590023788087526,8,179.0,0.23788306954631092,26,575.0
2235.0,28,449.0,8.017857142857142,3.975200046414024,14,436.0,0.24811600825320476,14,221.0,0.23519456251972246,28,657.0
2240.0,21,373.0,6.322033898305085,5.426889247129995,11,420.0,0.29574906764355413,10,207.0,0.33835877804603065,21,627.0
2245.0,17,392.0,6.533333333333333,6.025454875320672,10,418.0,0.26458604763766536,7,169.0,0.37801389557822773,17,587.0
2250.0,19,377.0,6.283333333333333,5.560969997873745,12,409.0,0.15119363425612822,7,134.0,0.39845596317442117,19,543.0
2255.0,23,242.0,4.033333333333333,5.89399861753514,12,322.0,0.2663269610819656,11,154.0,0.43532061884517076,23,476.0
2260.0,23,297.0,5.303571428571429,5.92114510633553,14,215.0,0.3538384978017079,9,187.0,0.41793505088510147,23,402.0
2265.0,22,317.0,5.56140350877193,5.551496652234676,12,233.0,0.3119791788672543,10,210.0,0.2912177252070941,22,443.0
2270.0,23,291.0,4.932203389830509,4.699502438647868,11,196.0,0.2002210083601628,12,210.0,0.1319012615593571,23,406.0
2275.0,26,237.0,3.8852459016393444,5.131287547875896,13,223.0,0.22558432323507627,13,180.0,0.2158856302848873,26,403.0
2280.0,26,260.0,4.193548387096774,5.2412791917751305,13,226.0,0.2964175781194091,13,214.0,0.2576854171017384,26,440.0
2285.0,22,339.0,5.947368421052632,5.571801753728568,9,254.0,0.4104518326520691,13,253.0,0.32605136862063905,22,507.0
2290.0,22,361.0,6.016666666666667,5.7483603406202395,12,263.0,0.3186225592795417,10,270.0,0.3198414491136363,22,533.0
2295.0,20,302.0,4.870967741935484,5.701192336774775,12,215.0,0.2551503525048204,8,233.0,0.280527156216443,20,448.0
2300.0,25,277.0,4.467741935483871,5.786105022904566,14,204.0,0.13056301819531024,11,247.0,0.3297550105252513,25,451.0
2305.0,27,280.0,4.666666666666667,4.911102370074867,16,234.0,0.14354285776231807,11,233.0,0.35153259615595656,27,467.0
2310.0,27,370.0,6.271186440677966,5.035457581615324,15,272.0,0.26525131757899395,12,273.0,0.3755615173131157,27,545.0
2315.0,25,426.0,7.1,5.494600112931675,10,300.0,0.40704348594077466,15,332.0,0.3376100853266292,25,632.0
2320.0,21,406.0,6.34375,5.394267531056987,7,261.0,0.43685389317774664,14,364.0,0.2306548620758591,21,625.0
2325.0,21,349.0,5.208955223880597,5.5697745449471014,10,229.0,0.3704315222987214,11,356.0,0.20772821564144908,21,585.0
2330.0,24,334.0,4.840579710144928,5.532107453678162,13,226.0,0.2819800042185108,11,378.0,0.24916230537878406,24,604.0
2335.0,26,398.0,5.940298507462686,4.88747888610729,13,210.0,0.20206054392294057,13,397.0,0.3040687654535458,26,607.0
2340.0,28,472.0,7.151515151515151,5.03555258616326,14,236.0,0.26128217746784,14,435.0,0.2858331584831891,28,671.0
2345.0,25,521.0,8.540983606557377,4.954703157964715,14,253.0,0.24825739745800707,11,448.0,0.2506876068701643,25,701.0
2350.0,25,596.0,9.770491803278688,5.157266580132905,14,280.0,0.26021527555774054,11,482.0,0.23741039872281178,25,762.0
2355.0,30,640.0,10.158730158730158,4.409024113119789,15,272.0,0.24084079941021752,15,537.0,0.2227272589515627,30,809.0
2360.0,32,715.0,11.53225806451613,4.718373890935977,17,290.0,0.3128146303959522,15,588.0,0.2852939122360981,32,878.0
2365.0,28,800.0,12.5,4.662476248520955,15,340.0,0.2908552087738246,13,611.0,0.3011461312111932,28,951.0
2370.0,30,672.0,9.882352941176471,4.828697669206283,18,386.0,0.2768214761087509,12,509.0,0.34349414859276484,30,895.0
2375.0,26,493.0,6.402597402597403,5.852889004610743,16,396.0,0.3202266658142517,10,319.0,0.4124534228245194,26,715.0
2380.0,27,528.0,7.135135135135135,5.838176967104462,15,360.0,0.36513104155323944,12,350.0,0.34444254922758666,27,710.0
2385.0,35,479.0,6.652777777777778,4.382085391013372,16,332.0,0.2451275960004321,19,436.0,0.20387080917586148,35,768.0
2390.0,38,495.0,6.971830985915493,3.3851413320878088,16,265.0,0.15361595711360726,22,499.0,0.10813404139402952,38,764.0
2395.0,36,557.0,8.569230769230769,3.415424211536352,20,329.0,0.11067318526777942,16,524.0,0.15285623408959922,36,853.0
2400.0,32,427.0,6.569230769230769,3.3924342747126057,18,408.0,0.13803225004377767,14,420.0,0.15760589642247452,32,828.0
2405.0,32,435.0,6.796875,3.6693452342525137,19,446.0,0.1361048659984672,13,344.0,0.23590706748876736,32,790.0
2410.0,31,456.0,7.015384615384615,4.81443262730655,18,457.0,0.20944791529705054,13,285.0,0.2960553461985681,31,742.0
2415.0,24,349.0,5.5396825396825395,5.567044025142176,15,418.0,0.2613835865490983,9,243.0,0.33281759170035785,24,661.0
2420.0,27,404.0,6.412698412698413,5.142909070382051,16,416.0,0.21008973362342453,11,272.0,0.2882874717098018,27,688.0
2425.0,32,449.0,7.610169491525424,4.406812696650967,17,424.0,0.22047783514315128,15,324.0,0.3001129360542397,32,748.0
2430.0,31,425.0,6.854838709677419,4.424905723499324,17,371.0,0.1846793659177268,14,337.0,0.3003158212676125,31,708.0
2435.0,25,411.0,6.421875,4.815292750985978,16,392.0,0.17019670945810186,9,287.0,0.30236956891982775,25,679.0
2440.0,27,336.0,5.25,5.050623495010107,16,380.0,0.2338662580006706,11,253.0,0.2871127161950747,27,633.0
2445.0,24,389.0,5.984615384615385,4.8365326846614956,13,402.0,0.2445919509379437,11,264.0,0.2632123422411128,24,666.0
2450.0,34,497.0,7.888888888888889,4.110729665774131,18,473.0,0.26701563677727486,16,305.0,0.22035811889964743,34,778.0
2455.0,26,483.0,7.430769230769231,4.424758134807356,16,480.0,0.23654687452021955,10,314.0,0.27102798624356766,26,794.0
2460.0,25,418.0,6.430769230769231,5.31178571459777,14,445.0,0.17320067180522766,11,347.0,0.3433091509944386,25,792.0
2465.0,22,374.0,5.420289855072464,6.328375942070989,12,426.0,0.24667222313040546,10,328.0,0.3208515730468423,22,754.0
2470.0,24,316.0,4.7164179104477615,6.067068023064836,9,351.0,0.3629185553800674,15,247.0,0.19251012572294712,24,598.0
2475.0,26,327.0,5.190476190476191,5.485675141988687,11,359.0,0.3964080907672003,15,274.0,0.18957676443676807,26,633.0
2480.0,24,378.0,6.096774193548387,5.4227997605890375,10,378.0,0.3392946602240605,14,279.0,0.28734013327874625,24,657.0
2485.0,24,423.0,7.169491525423729,5.723491829516281,12,401.0,0.3864581556281233,12,312.0,0.3512158592922166,24,713.0
2490.0,23,379.0,6.423728813559322,4.924232691229176,14,340.0,0.2279033150580624,9,282.0,0.36062212526534365,23,622.0
2495.0,24,263.0,4.311475409836065,4.831540876671357,16,333.0,0.11965350750813263,8,232.0,0.3764454540915746,24,565.0
2500.0,27,265.0,4.140625,4.995518456204774,15,345.0,0.19766294491912106,12,184.0,0.3176509610434658,27,529.0
2505.0,21,205.0,3.306451612903226,4.8151811208959945,6,247.0,0.3214106043783171,15,216.0,0.19757595949286622,21,463.0
2510.0,18,257.0,4.213114754098361,5.956495295482398,7,200.0,0.4356228645552622,11,232.0,0.1705967149177135,18,432.0
2515.0,17,218.0,3.40625,5.3862024107525635,8,168.0,0.2487736260198932,9,230.0,0.1689254746810856,17,398.0
2520.0,29,321.0,5.262295081967213,5.537780419778677,14,210.0,0.2805802407540807,15,244.0,0.18345686408064912,29,454.0
2525.0,28,400.0,7.142857142857143,4.6090670338985165,15,242.0,0.3001779722466002,13,287.0,0.1673508388081643,28,529.0
2530.0,19,430.0,7.818181818181818,5.525996138662096,10,236.0,0.3241650798130251,9,287.0,0.2167431526355728,19,523.0
2535.0,19,322.0,6.0754716981132075,4.787995126629427,11,220.0,0.26996722472864293,8,209.0,0.1565797463902494,19,429.0
2540.0,27,420.0,7.368421052631579,5.775864098173345,13,255.0,0.30569856806068324,14,241.0,0.239104879254202,27,496.0
2545.0,25,246.0,4.555555555555555,4.8817435154326505,14,216.0,0.19056002334823696,11,208.0,0.3447313346895766,25,424.0
2550.0,22,272.0,4.857142857142857,5.799315547173888,11,167.0,0.28731877162596625,11,189.0,0.41852529665309685,22,356.0
2555.0,20,231.0,4.2,5.157220729829585,12,179.0,0.3450043285561813,8,179.0,0.39376309233284396,20,358.0
2560.0,18,238.0,4.103448275862069,5.988001589984966,10,149.0,0.36219018393808194,8,146.0,0.3646414426730748,18,295.0
2565.0,18,175.0,2.8688524590163933,5.861428854977332,11,180.0,0.3189899987190431,7,111.0,0.2825649377038204,18,291.0
2570.0,25,239.0,3.8548387096774195,5.686686569805922,15,213.0,0.3106556576748601,10,93.0,0.20711181239151635,25,306.0
2575.0,25,277.0,4.694915254237288,5.1682674626713085,14,234.0,0.2835593503394894,11,126.0,0.3387784148185139,25,360.0
2580.0,22,340.0,6.071428571428571,5.497374581821809,15,264.0,0.20337745232984902,7,131.0,0.4787716953624343,22,395.0
2585.0,23,230.0,3.8983050847457625,4.549422617087215,15,259.0,0.1861746157422138,8,105.0,0.32857305246829854,23,364.0
2590.0,22,231.0,3.725806451612903,5.350206818446435,11,232.0,0.3078729835934758,11,113.0,0.28257110824954135,22,345.0
2595.0,22,222.0,3.4153846153846152,5.223319536377777,10,222.0,0.3691470655679598,12,146.0,0.22846570184030682,22,368.0
2600.0,17,222.0,3.8947368421052633,5.8343387813670695,8,197.0,0.3808734598150535,9,150.0,0.28390174379245464,17,347.0
2605.0,15,208.0,3.7818181818181817,5.994220663588749,8,207.0,0.3029651868296038,7,135.0,0.31248571682209303,15,342.0
2610.0,24,277.0,4.775862068965517,4.858982715010913,12,228.0,0.12348674639645175,12,147.0,0.203378121220282,24,375.0
2615.0,28,348.0,6.105263157894737,5.039874713084216,14,239.0,0.3000683373026312,14,182.0,0.20396117772944994,28,421.0
2620.0,22,376.0,6.5964912280701755,5.606351369712433,11,259.0,0.39796052545925414,11,216.0,0.26810963219959105,22,475.0
2625.0,23,391.0,7.109090909090909,5.687830428211061,13,259.0,0.35068657576169837,10,234.0,0.4033048602398868,23,493.0
2630.0,17,346.0,6.528301886792453,5.348805608370054,11,279.0,0.23784776886474812,6,182.0,0.4295288002474939,17,461.0
2635.0,20,390.0,6.964285714285714,5.634185338978033,13,279.0,0.23525985679164477,7,176.0,0.3558268252440588,20,455.0
2640.0,24,351.0,5.9491525423728815,5.263369434212795,12,261.0,0.16815076021255684,12,187.0,0.27565221058397815,24,448.0
2645.0,26,347.0,5.783333333333333,5.680126953539578,12,197.0,0.26360583465624793,14,255.0,0.31696952280748103,26,452.0
2650.0,22,302.0,5.298245614035087,5.860715268681699,10,199.0,0.3716316427101261,12,219.0,0.38636327084013433,22,418.0
2655.0,19,274.0,4.807017543859649,5.400582904572516,9,197.0,0.3430161630872913,10,157.0,0.3655548938291864,19,354.0
2660.0,23,310.0,5.254237288135593,5.233407262243731,12,211.0,0.3335434555077834,11,178.0,0.33510395047560676,23,389.0
2665.0,20,302.0,4.950819672131147,5.676652114002431,9,205.0,0.3350663848649177,11,173.0,0.33728512007387534,20,378.0
2670.0,21,357.0,5.758064516129032,6.482350813308041,8,168.0,0.39506128466743784,13,228.0,0.2955390714665916,21,396.0
2675.0,20,381.0,6.35,5.835901168578924,7,178.0,0.39369685083539246,13,254.0,0.21355404080353602,20,432.0
2680.0,25,474.0,7.645161290322581,5.900015549292981,9,187.0,0.3910577904448126,16,328.0,0.21236497219654524,25,515.0
2685.0,25,370.0,5.967741935483871,5.218551897267878,11,104.0,0.30520386349055306,14,352.0,0.3467677759771787,25,456.0
2690.0,25,419.0,7.101694915254237,5.496226631843071,15,149.0,0.2761994589289215,10,315.0,0.43231747488125555,25,464.0
2695.0,24,301.0,5.016666666666667,4.580116006089005,12,201.0,0.2702292841679259,12,256.0,0.30518780946971696,24,457.0
2700.0,29,376.0,5.968253968253968,5.229941717885208,15,255.0,0.3003439562530119,14,175.0,0.288124975856641,29,430.0
2705.0,27,316.0,4.787878787878788,4.552154627202728,13,260.0,0.28610903675943794,14,192.0,0.22489463255303022,27,452.0
2710.0,22,289.0,4.378787878787879,5.651052009251289,12,238.0,0.31343361497238365,10,168.0,0.2960824674387982,22,406.0
2715.0,19,328.0,4.96969696969697,5.771120054552196,11,246.0,0.32205765148507415,8,167.0,0.30489319514583546,19,413.0
2720.0,25,279.0,4.164179104477612,5.71040723396201,10,208.0,0.30667620929714057,15,218.0,0.2665758716046505,25,426.0
2725.0,24,280.0,4.590163934426229,5.919120105607532,9,128.0,0.3618991542377246,15,265.0,0.32870416463974383,24,393.0
2730.0,19,297.0,5.033898305084746,5.3987841776601755,7,143.0,0.23540935968400625,12,268.0,0.32751328382766176,19,411.0
2735.0,24,269.0,4.719298245614035,4.841039775625033,14,181.0,0.10453547837223334,10,222.0,0.35657514934477946,24,403.0
2740.0,22,324.0,5.586206896551724,5.818513260280915,12,206.0,0.25761479815677507,10,182.0,0.3672293581204525,22,388.0
2745.0,23,427.0,7.491228070175438,5.430886581901469,12,250.0,0.363359947088583,11,229.0,0.3150998261851752,23,479.0
2750.0,20,429.0,7.396551724137931,5.454357096915609,9,252.0,0.34697732354831157,11,267.0,0.32299606457458235,20,519.0
2755.0,20,425.0,7.456140350877193,5.750778618164619,7,180.0,0.2977426151418243,13,314.0,0.30683860778303346,20,494.0
2760.0,16,240.0,3.75,6.041469606195031,5,114.0,0.3400167975851102,11,278.0,0.25077082291606173,16,392.0
2765.0,26,268.0,4.1875,5.908114397367658,12,125.0,0.308808553762364,14,246.0,0.30970544554539853,26,371.0
2770.0,23,331.0,5.171875,5.184116264159329,10,138.0,0.3709952397409087,13,294.0,0.32345265215993224,23,432.0
2775.0,21,389.0,5.893939393939394,6.045642383362754,7,123.0,0.4028701932771537,14,332.0,0.3607219398008822,21,455.0
2780.0,22,343.0,5.276923076923077,6.294127287046133,10,149.0,0.4003172819663306,12,305.0,0.31895427030521334,22,454.0
2785.0,25,356.0,5.393939393939394,5.907038450156256,12,175.0,0.33633274412758263,13,262.0,0.2003895302501877,25,437.0
2790.0,25,305.0,4.621212121212121,5.109790463599356,11,179.0,0.2584167073539921,14,241.0,0.21524573080355924,25,420.0
2795.0,24,316.0,4.9375,5.207185789602407,13,210.0,0.28748000431796966,11,207.0,0.33332487392610255,24,417.0
2800.0,26,342.0,5.104477611940299,5.245250775411361,14,253.0,0.2826744800223769,12,194.0,0.3400755040426416,26,447.0
2805.0,29,374.0,5.3428571428571425,5.112282748763457,14,295.0,0.3302998613883628,15,192.0,0.28782658358671237,29,487.0
2810.0,29,396.0,5.5,5.164083443857241,15,313.0,0.34658172056814457,14,210.0,0.27577378325245544,29,523.0
2815.0,27,453.0,6.121621621621622,5.1209679547938745,15,357.0,0.3282056061723918,12,198.0,0.2185830277876146,27,555.0
2820.0,30,475.0,6.333333333333333,4.942552938012648,19,393.0,0.2822334164672572,11,200.0,0.22593168815401293,30,593.0
2825.0,35,556.0,7.616438356164384,4.772843858987411,20,454.0,0.19298159473682527,15,208.0,0.28758078683023597,35,662.0
2830.0,38,660.0,9.295774647887324,4.201394277533075,22,492.0,0.19519959975151738,16,261.0,0.274515170189575,38,753.0
2835.0,36,602.0,8.36111111111111,3.8747911256817185,21,460.0,0.19307683507472526,15,312.0,0.25052403618742275,36,772.0
2840.0,35,555.0,7.5,4.2375317290095005,21,405.0,0.1987210546290597,14,345.0,0.29475781748534996,35,750.0
2845.0,32,617.0,8.452054794520548,4.616215410056217,21,423.0,0.1935725288521361,11,323.0,0.376533490884942,32,746.0
2850.0,33,741.0,10.150684931506849,4.615483475318545,21,492.0,0.15007146880536296,12,365.0,0.3296956092807279,33,857.0
2855.0,36,752.0,10.301369863013699,3.8406026239683673,20,525.0,0.1281699858607991,16,420.0,0.21837180878974508,36,945.0
2860.0,31,596.0,8.054054054054054,3.485287186197976,13,455.0,0.17437846952248087,18,465.0,0.1521908584148246,31,920.0
2865.0,27,649.0,9.271428571428572,5.158442118735187,12,372.0,0.27463843752066985,15,490.0,0.21316005540378308,27,862.0
2870.0,23,392.0,5.6,4.901546394621964,10,310.0,0.22432925778331586,13,415.0,0.22955281647907413,23,725.0
2875.0,27,332.0,4.742857142857143,4.692030516931584,12,275.0,0.25262185883799826,15,264.0,0.2370571202522645,27,539.0
2880.0,32,347.0,4.819444444444445,4.695723284571879,14,253.0,0.34613752921618707,18,313.0,0.2227810812091936,32,566.0
2885.0,31,425.0,6.159420289855072,5.245089011963099,14,260.0,0.3372190920336724,17,343.0,0.2895317896634703,31,603.0
2890.0,27,400.0,5.882352941176471,4.379485968041119,14,267.0,0.21635487177105311,13,348.0,0.2783830314039062,27,615.0
2895.0,31,410.0,5.942028985507246,4.073988337633789,15,299.0,0.2084539698313576,16,358.0,0.1779374728408299,31,657.0
2900.0,34,443.0,6.328571428571428,3.6535568627861217,14,289.0,0.23120993844936177,20,420.0,0.16377601745689563,34,709.0
2905.0,26,391.0,5.924242424242424,4.270653158424509,10,238.0,0.28930581710940917,16,449.0,0.1641641549892712,26,687.0
2910.0,22,388.0,6.258064516129032,4.88110748159889,8,196.0,0.41200158079110166,14,479.0,0.1321227081102079,22,675.0
2915.0,28,426.0,7.1,4.332459273687152,9,166.0,0.32137460329896633,19,503.0,0.11577507514678825,28,669.0
2920.0,36,365.0,6.083333333333333,3.5596804443983796,16,208.0,0.26568785680606877,20,455.0,0.15273491419516808,36,663.0
2925.0,30,354.0,6.0,3.884277714479742,13,261.0,0.27554982130570155,17,413.0,0.1895097849046654,30,674.0
2930.0,30,375.0,6.3559322033898304,3.7738208668154978,12,253.0,0.19639705743752098,18,443.0,0.22884544091818992,30,696.0
2935.0,22,289.0,4.661290322580645,4.844102644823033,10,214.0,0.21998194725828396,12,407.0,0.24910857525091346,22,621.0
2940.0,18,304.0,5.066666666666666,5.1372067939050385,10,211.0,0.11216494059747961,8,367.0,0.33353872116652694,18,578.0
2945.0,25,386.0,6.771929824561403,4.912602484548901,12,238.0,0.13887735775308555,13,417.0,0.32618552787430743,25,655.0
2950.0,28,387.0,6.7894736842105265,3.948966723931902,13,218.0,0.22057534019670913,15,448.0,0.23568317053000148,28,666.0
2955.0,22,438.0,8.11111111111111,4.363101926315563,11,235.0,0.23490300975933437,11,450.0,0.26749168982519944,22,685.0
2960.0,22,480.0,8.727272727272727,5.374250203205802,10,235.0,0.20218130526659475,12,466.0,0.3481901739002203,22,701.0
2965.0,17,508.0,8.758620689655173,6.675621403046251,4,190.0,0.31802972493932474,13,499.0,0.3049753043692969,17,689.0
2970.0,20,346.0,6.0701754385964914,5.802435028393964,7,159.0,0.3182342250088747,13,439.0,0.17997696245866754,20,598.0
2975.0,19,238.0,4.25,6.834234291840739,8,107.0,0.3894368946858495,11,392.0,0.29844283345083994,19,499.0
2980.0,22,331.0,6.0181818181818185,5.519977024637703,9,142.0,0.2904700087043039,13,310.0,0.29675678140268497,22,452.0
2985.0,20,341.0,6.089285714285714,5.095651879444598,7,141.0,0.37717508269638295,13,344.0,0.2835809082138466,20,485.0
2990.0,21,406.0,7.518518518518518,6.05176557150467,6,103.0,0.4217594893781881,15,395.0,0.3037656254526867,21,498.0
2995.0,20,430.0,7.543859649122807,5.990833044160698,5,120.0,0.44412105031957777,15,433.0,0.19491059152676124,20,553.0
3000.0,23,413.0,7.0,5.837279106922394,5,50.0,0.4014611273817484,18,454.0,0.14113151453092115,23,504.0
3005.0,22,299.0,5.245614035087719,5.310076350392967,8,83.0,0.42511998393285977,14,345.0,0.21276837593434222,22,428.0
3010.0,22,290.0,5.37037037037037,5.55015988141207,8,107.0,0.43577731128614466,14,276.0,0.2912610679877315,22,383.0
3015.0,25,359.0,6.773584905660377,5.005191666307299,11,156.0,0.3023014747171323,14,318.0,0.3467007496224634,25,474.0
3020.0,30,498.0,9.054545454545455,4.125089739472185,14,222.0,0.23254706753275117,16,373.0,0.23491754744812313,30,595.0
3025.0,29,523.0,9.339285714285714,3.4988106556392387,13,250.0,0.09862420780152574,16,403.0,0.25082499991593754,29,653.0
3030.0,21,503.0,8.824561403508772,5.156656075556752,7,233.0,0.31505822151463486,14,427.0,0.2537016034098532,21,660.0
3035.0,23,510.0,9.107142857142858,4.610436535773758,9,272.0,0.32221345808797247,14,422.0,0.21208289401698732,23,694.0
3040.0,32,502.0,8.655172413793103,3.7401883461419265,15,336.0,0.27221499492361856,17,440.0,0.17123294189130608,32,776.0
3045.0,33,634.0,10.745762711864407,3.787488417733998,13,367.0,0.27047180988591873,20,433.0,0.198683809014561,33,800.0
3050.0,27,660.0,11.0,4.450082849788382,9,359.0,0.3304310728786927,18,482.0,0.19117873040574235,27,841.0
3055.0,24,658.0,11.152542372881356,4.496291309100065,10,328.0,0.2834187977615482,14,494.0,0.21765913803253456,24,822.0
3060.0,33,739.0,11.919354838709678,3.954165034445397,16,394.0,0.1971497367933963,17,521.0,0.14611740392534428,33,915.0
3065.0,31,800.0,13.333333333333334,4.105991670729658,16,452.0,0.28465956969202894,15,524.0,0.1060178131491392,31,976.0
3070.0,25,670.0,11.35593220338983,4.633487159408219,12,468.0,0.30364398948918403,13,449.0,0.15094306593811624,25,917.0
3075.0,22,300.0,4.918032786885246,5.4541710709124,12,359.0,0.2858350786792821,10,315.0,0.31767765605063925,22,674.0
3080.0,20,221.0,3.622950819672131,5.873351879003351,13,183.0,0.3328903465885592,7,311.0,0.32498984477412846,20,494.0
3085.0,25,261.0,4.423728813559322,5.725375237344128,13,191.0,0.2754410251885427,12,333.0,0.33399515467367563,25,524.0
3090.0,26,311.0,5.098360655737705,5.396951078856961,15,225.0,0.16453927091900628,11,322.0,0.3795898755578901,26,547.0
3095.0,26,355.0,5.725806451612903,5.073948992656943,17,259.0,0.12939510983698446,9,297.0,0.4066831094379381,26,556.0
3100.0,23,311.0,5.456140350877193,5.803619572496276,11,255.0,0.2896669467496144,12,256.0,0.3633218915520623,23,511.0
3105.0,21,285.0,5.588235294117647,4.936449941325163,9,221.0,0.29662445775004315,12,245.0,0.2454908991238108,21,466.0
3110.0,25,328.0,6.188679245283019,4.203017172093895,10,225.0,0.2682997524499679,15,291.0,0.17416957073925718,25,516.0
3115.0,28,439.0,8.78,4.643944822196942,14,268.0,0.263755931441418,14,323.0,0.2808943396417773,28,591.0
3120.0,24,439.0,8.607843137254902,4.430937183399116,10,296.0,0.2082270135701098,14,316.0,0.2679580702153471,24,612.0
3125.0,21,415.0,7.685185185185185,4.805417632917673,8,313.0,0.27855778062088066,13,258.0,0.22777067915133056,21,571.0
3130.0,22,337.0,6.3584905660377355,4.906838081006728,8,250.0,0.2996487532500716,14,272.0,0.26259989060211425,22,522.0
3135.0,26,392.0,6.87719298245614,5.168030707876038,9,208.0,0.2850982555741597,17,320.0,0.2637532277138918,26,528.0
3140.0,26,465.0,8.303571428571429,4.677134208791961,10,229.0,0.29330063734605155,16,374.0,0.23332531455681962,26,603.0
3145.0,30,479.0,8.258620689655173,5.027641794269567,11,217.0,0.3028570803698763,19,412.0,0.20885139199674793,30,629.0
3150.0,27,372.0,6.526315789473684,4.542743941539525,10,165.0,0.28264671965740923,17,408.0,0.17147284163556223,27,573.0
3155.0,22,264.0,4.327868852459017,5.229939334554307,10,162.0,0.331594419245505,12,329.0,0.28165529390445204,22,491.0
3160.0,18,244.0,4.135593220338983,5.713540681003493,8,124.0,0.43114201706850225,10,324.0,0.292987700514509,18,448.0
3165.0,20,156.0,2.6440677966101696,5.48355129393249,7,104.0,0.44679670595632187,13,293.0,0.21220259086376037,20,397.0
3170.0,28,248.0,3.875,4.846435772964343,12,140.0,0.3490924995897464,16,324.0,0.18262537629033154,28,464.0
3175.0,32,349.0,5.5396825396825395,4.755293329673928,17,211.0,0.2911808197099538,15,319.0,0.20241276181952805,32,530.0
3180.0,28,364.0,5.777777777777778,4.471765964516256,14,244.0,0.30619743423329,14,334.0,0.20097771705922704,28,578.0
3185.0,26,415.0,6.587301587301587,5.151413541586542,10,242.0,0.2804493071760003,16,354.0,0.21576283927605566,26,596.0
3190.0,26,355.0,5.634920634920635,4.726894570042041,10,206.0,0.18774843026691415,16,389.0,0.23090760784917272,26,595.0
3195.0,29,368.0,5.75,5.053325070685304,15,206.0,0.17068231749169055,14,419.0,0.2490959296277026,29,625.0
3200.0,26,398.0,6.862068965517241,4.513902673475153,12,238.0,0.233438278702263,14,435.0,0.22721798381628452,26,673.0
3205.0,28,479.0,8.258620689655173,4.641114269637391,10,241.0,0.30986742197232264,18,447.0,0.13836760750726287,28,688.0
3210.0,28,477.0,7.693548387096774,4.691250075995743,10,207.0,0.3134731916666151,18,494.0,0.16070620293349341,28,701.0
3215.0,26,501.0,7.828125,5.670223189953089,12,194.0,0.3326908966042841,14,511.0,0.3160854273737275,26,705.0
3220.0,23,486.0,7.476923076923077,5.196118867353956,11,217.0,0.3334664992220649,12,520.0,0.33371948455775857,23,737.0
3225.0,22,540.0,8.181818181818182,5.756226889502421,9,226.0,0.4248727587338909,13,521.0,0.24352795384068923,22,747.0
3230.0,26,539.0,8.421875,5.442413134691469,11,261.0,0.41462206744685937,15,499.0,0.14523677167595989,26,760.0
3235.0,31,292.0,4.294117647058823,5.055696616995742,14,229.0,0.30409530077713737,17,409.0,0.14971464696940665,31,638.0
3240.0,28,364.0,5.777777777777778,4.4920527666074905,15,251.0,0.2781841171065385,13,437.0,0.23305584770690566,28,688.0
3245.0,33,359.0,5.4393939393939394,3.84131196003293,20,294.0,0.2275960951282217,13,462.0,0.24837981254893104,33,756.0
3250.0,31,350.0,5.223880597014926,4.267662030166572,16,298.0,0.28072797940996075,15,493.0,0.27879961778763035,31,791.0
3255.0,30,388.0,5.542857142857143,4.7400882534307485,15,332.0,0.20489281170529433,15,511.0,0.3396420692717279,30,843.0
3260.0,29,473.0,7.390625,4.374391880614105,13,334.0,0.1330793200777502,16,550.0,0.2885877522840231,29,884.0
3265.0,32,449.0,7.360655737704918,3.97092412467149,15,303.0,0.1703803022725248,17,553.0,0.15771515377059578,32,856.0
3270.0,27,476.0,7.933333333333334,4.413456917826531,10,238.0,0.3265226600018177,17,611.0,0.17769745116371893,27,849.0
3275.0,36,613.0,10.216666666666667,4.276900822803291,16,254.0,0.24623892655902718,20,701.0,0.23903674135454914,36,955.0
3280.0,31,586.0,9.451612903225806,4.369168061039774,13,285.0,0.2612916361634354,18,674.0,0.27641440500613207,31,959.0
3285.0,25,485.0,7.578125,4.102931263879043,11,315.0,0.2630067828796498,14,574.0,0.24099272710604255,25,889.0
3290.0,26,325.0,5.327868852459017,4.128125066983167,16,369.0,0.31804363600172986,10,510.0,0.21438132432845,26,879.0
3295.0,30,326.0,5.344262295081967,4.279129536267172,17,410.0,0.3455333653970964,13,481.0,0.12912461615752352,30,891.0
3300.0,34,412.0,6.4375,3.9869346397251713,14,413.0,0.30972344714817956,20,485.0,0.12394547846958234,34,898.0
3305.0,26,406.0,6.246153846153846,4.852122952290496,12,390.0,0.3013336322334613,14,458.0,0.27097989429766334,26,848.0
3310.0,28,401.0,6.573770491803279,4.471071615424448,16,360.0,0.24108150173624038,12,481.0,0.3564543420512657,28,841.0
3315.0,26,412.0,6.866666666666666,4.645337664290483,15,367.0,0.18038964011735462,11,459.0,0.41425007834134997,26,826.0
3320.0,27,261.0,4.142857142857143,4.497575327910289,14,344.0,0.09147507131592958,13,405.0,0.34761015533420686,27,749.0
3325.0,29,303.0,4.522388059701493,4.606054425670221,14,381.0,0.14636622814310496,15,363.0,0.33107584553415265,29,744.0
3330.0,25,349.0,5.208955223880597,5.277216485988125,12,373.0,0.28619779614201823,13,402.0,0.32823971846798045,25,775.0
3335.0,26,383.0,5.803030303030303,5.056531939004503,13,385.0,0.2361941929659202,13,440.0,0.31372077058281117,26,825.0
3340.0,27,351.0,5.4,4.611496584026411,9,364.0,0.2894834955048994,18,449.0,0.19784069491633638,27,813.0
3345.0,32,372.0,5.636363636363637,3.787310665964903,10,372.0,0.25616454509419934,22,412.0,0.1559390526272137,32,784.0
3350.0,34,465.0,7.265625,3.485128007140215,13,405.0,0.26585840191668064,21,486.0,0.14597969979212766,34,891.0
3355.0,36,534.0,8.090909090909092,3.7648755788363952,13,404.0,0.30962987869393527,23,520.0,0.11571003808597866,36,924.0
3360.0,32,551.0,8.102941176470589,4.2964901725693965,10,340.0,0.3222100327913054,22,586.0,0.1760750927588615,32,926.0
3365.0,27,572.0,8.411764705882353,5.264788622940969,12,394.0,0.35277499411291147,15,588.0,0.27361544339126115,27,982.0
3370.0,30,489.0,7.761904761904762,4.3803611027659715,15,461.0,0.20898953458214287,15,502.0,0.22751523576809554,30,963.0
3375.0,31,475.0,7.196969696969697,4.189137157578675,18,491.0,0.1762372126404499,13,408.0,0.1618778975416045,31,899.0
3380.0,32,448.0,6.492753623188406,3.989726576821164,16,465.0,0.20820338721977874,16,401.0,0.1895093873895598,32,866.0
3385.0,29,343.0,5.044117647058823,5.043455269799747,13,401.0,0.31238706947587624,16,366.0,0.34831300749780203,29,767.0
3390.0,27,380.0,5.757575757575758,5.069580942547566,13,376.0,0.3717515522088596,14,378.0,0.3047570992584376,27,754.0
3395.0,28,342.0,4.956521739130435,4.7852994349039735,13,350.0,0.3107512348052872,15,337.0,0.25073436940970906,28,687.0
3400.0,24,240.0,3.3333333333333335,5.250987728938308,12,286.0,0.25286052960512134,12,311.0,0.27742873461085205,24,597.0
3405.0,28,312.0,4.457142857142857,5.470767395808364,14,333.0,0.2724276678360208,14,334.0,0.3273911563708716,28,667.0
3410.0,34,422.0,6.0285714285714285,4.762252870356759,17,378.0,0.26672660199500214,17,386.0,0.21664889282524677,34,764.0
3415.0,30,483.0,7.102941176470588,4.689157272903019,17,393.0,0.22236961719227627,13,430.0,0.21789088030922002,30,823.0
3420.0,30,414.0,6.0,4.6868989691725025,17,361.0,0.2129533423687435,13,389.0,0.22089370528778357,30,750.0
3425.0,34,410.0,5.857142857142857,4.801598986830861,18,390.0,0.2635236285329683,16,313.0,0.25535034197552026,34,703.0
3430.0,31,478.0,7.134328358208955,5.0303306068258475,14,381.0,0.33678943340422146,17,366.0,0.29266897207682,31,747.0
3435.0,28,500.0,7.352941176470588,5.166439500597197,13,363.0,0.2374702748540219,15,379.0,0.34321765462903703,28,742.0
3440.0,28,465.0,6.642857142857143,4.577653208252248,14,363.0,0.14062096545839525,14,393.0,0.25880526686100574,28,756.0
3445.0,33,525.0,7.191780821917808,4.929865689485847,17,385.0,0.20840210524952357,16,427.0,0.28169554136227887,33,812.0
3450.0,35,662.0,9.594202898550725,4.390593988371327,19,433.0,0.1828998272237172,16,481.0,0.34009214537585125,35,914.0
3455.0,33,719.0,10.573529411764707,3.8261280735542265,17,481.0,0.1628123948036144,16,535.0,0.33539711575200964,33,1016.0
3460.0,37,862.0,12.865671641791044,3.671871072251667,20,534.0,0.17681638279395123,17,573.0,0.2618808789704834,37,1107.0
3465.0,37,707.0,9.95774647887324,3.2764405373839067,20,531.0,0.12506088244883123,17,544.0,0.23053045371523284,37,1075.0
3470.0,31,406.0,5.638888888888889,4.363388619698777,12,449.0,0.2184748216357126,19,467.0,0.2556398425672443,31,916.0
3475.0,25,343.0,4.698630136986301,4.631479001965384,10,392.0,0.34032914074378756,15,510.0,0.19692485202523002,25,902.0
3480.0,32,378.0,5.108108108108108,4.727347836477916,12,387.0,0.3236677298896508,20,561.0,0.19552827902823683,32,948.0
3485.0,33,452.0,6.026666666666666,3.7880888139120317,13,409.0,0.20797063420829673,20,622.0,0.20987258609266699,33,1031.0
3490.0,28,445.0,5.705128205128205,4.641234329332637,12,382.0,0.22192148701986641,16,632.0,0.2359292065535542,28,1014.0
3495.0,27,542.0,7.226666666666667,5.971403150181239,12,405.0,0.3827348055176316,15,603.0,0.2617534692374401,27,1008.0
3500.0,27,543.0,7.647887323943662,4.6939616080853535,9,375.0,0.2912395480995562,18,545.0,0.14351961278578387,27,920.0
3505.0,28,405.0,5.955882352941177,4.593299093611015,11,295.0,0.3727050814800063,17,509.0,0.17556053810722194,28,804.0
3510.0,28,458.0,6.735294117647059,4.614044054389457,11,343.0,0.362901651632396,17,465.0,0.21562079986174965,28,808.0
3515.0,33,577.0,8.485294117647058,5.0272503114840905,10,370.0,0.41816293416473965,23,509.0,0.2123079592614144,33,879.0
3520.0,34,582.0,8.314285714285715,4.317351023654125,13,360.0,0.30164976925884246,21,503.0,0.1906012056218856,34,863.0
3525.0,35,513.0,7.125,3.765430690739138,13,290.0,0.2526439708762412,22,554.0,0.17450474317478673,35,844.0
3530.0,38,591.0,8.095890410958905,3.736937934690257,15,302.0,0.28101044847506257,23,615.0,0.201701125321973,38,917.0
3535.0,42,614.0,7.871794871794871,3.810130051061769,19,327.0,0.21337445703468327,23,629.0,0.23559161670712905,42,956.0
3540.0,34,436.0,5.662337662337662,4.360724031570623,17,370.0,0.22335751979521673,17,545.0,0.25823316232138915,34,915.0
3545.0,28,416.0,5.546666666666667,4.950440184252192,12,363.0,0.19781843182138487,16,475.0,0.2639363674734057,28,838.0
3550.0,24,470.0,6.438356164383562,5.2098376401946425,8,348.0,0.2890791769541761,16,451.0,0.19658653705099777,24,799.0
3555.0,25,441.0,6.211267605633803,5.446812102813824,9,314.0,0.3361028845744405,16,438.0,0.18265543467308376,25,752.0
3560.0,31,348.0,5.4375,4.407064868207495,13,274.0,0.2988155536305512,18,423.0,0.20737780603955833,31,697.0
3565.0,30,320.0,5.079365079365079,3.9594006129911907,12,199.0,0.30366448816923786,18,410.0,0.17217668843295436,30,609.0
3570.0,37,430.0,7.049180327868853,3.61975491943941,18,279.0,0.2913980034700453,19,440.0,0.12527922072187386,37,719.0
3575.0,30,426.0,6.870967741935484,3.597467151925729,17,318.0,0.1328878695840187,13,410.0,0.17756658979711512,30,728.0
3580.0,25,441.0,7.112903225806452,4.492550348247744,13,301.0,0.155595648322822,12,401.0,0.22441059031822824,25,702.0
3585.0,23,501.0,9.10909090909091,5.647941120191911,9,244.0,0.40177685945949604,14,464.0,0.09837845984662053,23,708.0
3590.0,23,503.0,9.49056603773585,5.31341111119952,10,223.0,0.4111785041092199,13,453.0,0.16440876907252333,23,676.0
3595.0,19,342.0,6.576923076923077,5.576300094328527,9,179.0,0.3247791910138241,10,406.0,0.35286779010659813,19,585.0
3600.0,20,370.0,7.254901960784314,5.520042815698112,11,115.0,0.2750834848740879,9,446.0,0.40691958425351954,20,561.0
3605.0,24,430.0,7.818181818181818,5.404762236346792,12,143.0,0.30263318683618345,12,499.0,0.3907714942653093,24,642.0
3610.0,24,497.0,8.719298245614034,5.551637566200819,10,138.0,0.38033909233957347,14,508.0,0.2761254404241415,24,646.0
3615.0,25,563.0,9.542372881355933,4.882241256148826,9,148.0,0.3114287741412282,16,504.0,0.208393410773186,25,652.0
3620.0,29,608.0,9.967213114754099,4.815808733962891,13,191.0,0.27100116011823977,16,525.0,0.27367285817366477,29,716.0
3625.0,23,518.0,8.931034482758621,4.791966850482911,12,184.0,0.22005567280582866,11,468.0,0.34157451754160834,23,652.0
3630.0,24,538.0,9.11864406779661,5.21048519675526,12,179.0,0.18202891293656054,12,496.0,0.35613474435066483,24,675.0
3635.0,25,575.0,9.745762711864407,5.21329608068016,13,213.0,0.23191433316180843,12,508.0,0.30758588579611545,25,721.0
3640.0,26,662.0,11.033333333333333,4.960302320141023,13,243.0,0.27905860309456165,13,509.0,0.28573004263528234,26,752.0
3645.0,24,649.0,11.8,4.387345196286213,9,230.0,0.24958378787607288,15,526.0,0.242637465300353,24,756.0
3650.0,21,617.0,11.017857142857142,5.364906866371925,4,141.0,0.2622261248619952,17,596.0,0.2356151873423693,21,737.0
3655.0,19,344.0,6.490566037735849,5.4737043334269035,5,140.0,0.3185425065624767,14,436.0,0.18547618215689587,19,576.0
3660.0,19,222.0,4.44,6.052290737172182,11,185.0,0.3034651097350799,8,266.0,0.2815592949403085,19,451.0
3665.0,17,240.0,4.8,5.183006182469159,11,182.0,0.2980819975931252,6,281.0,0.2965521497969855,17,463.0
3670.0,17,269.0,5.0754716981132075,5.811204189997522,5,127.0,0.3790502151705741,12,330.0,0.2389085987956873,17,457.0
3675.0,17,333.0,6.166666666666667,5.99083234364676,6,142.0,0.40824666811687754,11,334.0,0.2672501593550048,17,476.0
3680.0,21,396.0,7.071428571428571,6.25382540250895,11,186.0,0.3706546718502712,10,317.0,0.32601244073354585,21,503.0
3685.0,22,328.0,6.074074074074074,4.9039183409070235,15,251.0,0.3209697074852734,7,266.0,0.2849974376573691,22,517.0
3690.0,22,307.0,5.482142857142857,5.275980511097463,14,290.0,0.3032897165016505,8,131.0,0.3407764904138607,22,421.0
3695.0,18,314.0,5.9245283018867925,5.480205038000859,9,269.0,0.29432207997582605,9,149.0,0.3148718454069643,18,418.0
3700.0,21,320.0,5.818181818181818,5.029330461024507,11,275.0,0.21552855937616178,10,195.0,0.2975727223630911,21,470.0
3705.0,23,352.0,6.068965517241379,5.311844982234125,13,253.0,0.27589559013935305,10,197.0,0.2595953809995549,23,450.0
3710.0,26,300.0,5.2631578947368425,5.313785323359999,14,223.0,0.3532201201025407,12,204.0,0.26011343621648003,26,427.0
3715.0,22,257.0,4.3559322033898304,5.851525443447553,15,193.0,0.3506019566862405,7,173.0,0.3599887400708073,22,366.0
3720.0,20,230.0,4.181818181818182,5.868515925129794,14,218.0,0.2442019965710216,6,117.0,0.49813536026579375,20,335.0
3725.0,17,188.0,3.418181818181818,5.702801056296236,10,185.0,0.19051360315397006,7,130.0,0.41294867242263317,17,315.0
3730.0,19,258.0,4.607142857142857,5.637433138729065,9,169.0,0.32607797075591505,10,163.0,0.15585938792897552,19,332.0
3735.0,25,321.0,5.944444444444445,4.853054250529964,11,177.0,0.24949379200726918,14,219.0,0.13119036121564362,25,396.0
3740.0,25,314.0,5.709090909090909,5.220316763550639,12,210.0,0.2897972631929697,13,199.0,0.25943554209857345,25,409.0
3745.0,24,327.0,6.055555555555555,5.145116358153486,12,219.0,0.25093300207982944,12,194.0,0.3692699182521036,24,413.0
3750.0,26,368.0,6.943396226415095,5.60620443883753,15,247.0,0.322803040328901,11,205.0,0.42263742214784106,26,452.0
3755.0,23,390.0,6.842105263157895,5.293560233828797,11,255.0,0.35774419956818776,12,209.0,0.28728618924739857,23,464.0
3760.0,19,347.0,5.982758620689655,5.996236369612013,8,226.0,0.39322372437999037,11,216.0,0.30333282525981875,19,442.0
3765.0,16,186.0,3.3214285714285716,5.871462140238991,11,217.0,0.2512726248196191,5,150.0,0.3749499061976677,16,367.0
3770.0,22,212.0,3.533333333333333,5.123066369269494,15,195.0,0.14368884397362203,7,162.0,0.33462705048142033,22,357.0
3775.0,31,345.0,5.948275862068965,4.521963471600016,18,263.0,0.10819112234325409,13,212.0,0.32835306991586555,31,475.0
3780.0,27,405.0,6.864406779661017,4.5901126159895895,14,301.0,0.2533401155241939,13,230.0,0.31156936290477033,27,531.0
3785.0,19,397.0,6.728813559322034,5.635931999729303,10,289.0,0.36261552696076016,9,175.0,0.2832584555185336,19,464.0
3790.0,15,274.0,4.9818181818181815,6.238507181860537,7,238.0,0.3413706799855621,8,125.0,0.31515798752863433,15,363.0
3795.0,18,174.0,2.9,6.166048694726256,9,193.0,0.3120784613713995,9,130.0,0.27227023105545684,18,323.0
3800.0,20,187.0,3.280701754385965,5.530088796733707,9,197.0,0.34693456045563215,11,169.0,0.3123656897892782,20,366.0
3805.0,21,257.0,4.589285714285714,6.384805402049028,13,224.0,0.34633759804025926,8,179.0,0.43592315353359984,21,403.0
3810.0,21,271.0,4.839285714285714,4.853241461410511,12,234.0,0.2346803313347538,9,174.0,0.301711395448688,21,408.0
3815.0,29,371.0,6.183333333333334,5.0106035120025,15,227.0,0.24435502526329217,14,209.0,0.2765361436656816,29,436.0
3820.0,29,384.0,6.620689655172414,4.356018744873408,14,237.0,0.25247819927201454,15,251.0,0.27605262216413934,29,488.0
3825.0,19,373.0,6.781818181818182,5.969605202001725,8,207.0,0.2806260403090183,11,261.0,0.3866742172503699,19,468.0
3830.0,19,382.0,7.346153846153846,5.660842231131371,10,208.0,0.27015079716654583,9,220.0,0.2968211940517703,19,428.0
3835.0,22,458.0,8.807692307692308,5.335785948442297,11,238.0,0.2568804616384979,11,248.0,0.2654368844252432,22,486.0
3840.0,22,354.0,7.08,5.287719223549113,13,270.0,0.3293074811299125,9,188.0,0.2900263044404109,22,458.0
3845.0,20,362.0,7.24,5.100568478979759,11,279.0,0.32265533508678046,9,146.0,0.3577214828192704,20,425.0
3850.0,18,397.0,7.784313725490196,5.190305884776317,9,297.0,0.3528679705846148,9,171.0,0.39117958699656613,18,468.0
3855.0,22,318.0,5.888888888888889,5.367918856873099,10,210.0,0.28264310196763087,12,213.0,0.40606788480263606,22,423.0
3860.0,22,339.0,6.053571428571429,5.5192984951271615,12,165.0,0.17620820853312497,10,242.0,0.40586255388853654,22,407.0
3865.0,27,453.0,7.677966101694915,5.031919310930164,13,228.0,0.20876551130618654,14,278.0,0.30863542425261753,27,506.0
3870.0,32,563.0,9.080645161290322,4.395637755800029,16,303.0,0.26374622776778445,16,325.0,0.21422771871599355,32,628.0
3875.0,28,536.0,9.241379310344827,4.5753437354550845,13,288.0,0.2365447869573537,15,370.0,0.26392275498037565,28,658.0
3880.0,25,361.0,6.11864406779661,4.1490273877003805,7,199.0,0.25106799108016864,18,389.0,0.17879680772787696,25,588.0
3885.0,21,229.0,3.693548387096774,4.4759634628078455,5,189.0,0.31890156429140487,16,412.0,0.1254690409368955,21,601.0
3890.0,25,267.0,4.377049180327869,4.623375315425965,11,205.0,0.3305421313602578,14,411.0,0.1963087320526983,25,616.0
3895.0,25,350.0,5.833333333333333,4.77444176109731,10,208.0,0.2991511184492538,15,448.0,0.2835932868821067,25,656.0
3900.0,20,345.0,5.8474576271186445,5.533839608965472,6,138.0,0.30266445511236545,14,486.0,0.3325752893208707,20,624.0
3905.0,25,364.0,5.870967741935484,4.877032047325352,8,136.0,0.2919611933476853,17,522.0,0.2215272029317609,25,658.0
3910.0,29,286.0,4.688524590163935,4.2027184769147805,10,145.0,0.2838961143162967,19,477.0,0.1659900596467665,29,622.0
3915.0,30,332.0,5.1875,4.38415149950225,10,148.0,0.34052985486743376,20,483.0,0.16702283028568277,30,631.0
3920.0,27,381.0,5.953125,4.875884372749281,7,122.0,0.4363685248600677,20,555.0,0.14893325791970427,27,677.0
3925.0,24,430.0,6.417910447761194,5.547878496096057,8,138.0,0.37623743427829753,16,584.0,0.194186168639819,24,722.0
3930.0,28,464.0,6.925373134328358,4.987037870977412,9,141.0,0.2871171424221979,19,588.0,0.1761129643909598,28,729.0
3935.0,27,338.0,5.121212121212121,4.569355640426112,10,130.0,0.23740965307531037,17,542.0,0.24552661185832886,27,672.0
3940.0,27,296.0,4.484848484848484,4.511549544125117,15,164.0,0.2171869438831338,12,544.0,0.3108603356979273,27,708.0
3945.0,27,336.0,5.014925373134329,4.686558012134019,12,190.0,0.2564090524929225,15,559.0,0.34358556383470557,27,749.0
3950.0,27,314.0,4.301369863013699,4.932079689039483,9,165.0,0.3231417444669642,18,594.0,0.26505510358558654,27,759.0
3955.0,24,314.0,4.243243243243243,5.184487203114895,8,164.0,0.3528542749366747,16,587.0,0.19996008216153024,24,751.0
3960.0,27,369.0,4.855263157894737,5.202040936436269,10,152.0,0.3346328165794539,17,597.0,0.17272471713527543,27,749.0
3965.0,34,362.0,4.826666666666667,4.640079528397437,12,158.0,0.3502049392452812,22,567.0,0.14711545526539885,34,725.0
3970.0,34,461.0,6.315068493150685,3.7009448100145486,17,207.0,0.2859247357249562,17,639.0,0.1968704201512016,34,846.0
3975.0,35,528.0,6.857142857142857,4.322869425348685,19,245.0,0.18903556226996518,16,671.0,0.303706880576899,35,916.0
3980.0,32,462.0,5.848101265822785,4.546627340552122,12,213.0,0.23830323647360505,20,701.0,0.2365542720997269,32,914.0
3985.0,30,529.0,6.69620253164557,4.989063701648715,8,190.0,0.33619884464442956,22,741.0,0.18253645045079134,30,931.0
3990.0,35,416.0,5.265822784810126,4.646191584729448,10,198.0,0.32815633747506273,25,686.0,0.17256382340242704,35,884.0
3995.0,37,453.0,5.8076923076923075,4.5800532856000595,15,231.0,0.2921985001565647,22,563.0,0.22396979715945786,37,794.0
4000.0,34,513.0,6.662337662337662,4.194860663450423,11,229.0,0.3000730922737993,23,625.0,0.1262592916877756,34,854.0
4005.0,27,530.0,7.464788732394366,5.091734776708181,11,250.0,0.2880655916875168,16,642.0,0.18256474145448617,27,892.0
4010.0,29,489.0,6.791666666666667,4.652467132541513,13,223.0,0.15166444269355253,16,696.0,0.14708963962386692,29,919.0
4015.0,40,644.0,9.333333333333334,4.084088508356673,18,255.0,0.1685300418886697,22,756.0,0.09883997794285604,40,1011.0
4020.0,37,641.0,10.338709677419354,3.930716277417196,15,262.0,0.2779156359950969,22,774.0,0.13820277464390576,37,1036.0
4025.0,33,571.0,8.784615384615385,4.573867970568974,15,294.0,0.28512678915324546,18,695.0,0.2479499313992545,33,989.0
4030.0,28,427.0,6.777777777777778,3.835843639142098,13,297.0,0.3234511803702037,15,682.0,0.24488737662922888,28,979.0
4035.0,30,486.0,7.363636363636363,4.585679855409815,14,286.0,0.39283344713229984,16,664.0,0.22760620715762298,30,950.0
4040.0,35,423.0,5.957746478873239,3.744755965407627,15,295.0,0.2951827520080315,20,659.0,0.19308113649141975,35,954.0
4045.0,24,180.0,2.3684210526315788,4.361132944320353,11,216.0,0.2402147574767636,13,576.0,0.19847314704862223,24,792.0
4050.0,22,255.0,3.2278481012658227,6.042986487740744,10,192.0,0.3654571764689357,12,525.0,0.21967166321439607,22,717.0
4055.0,22,298.0,3.6790123456790123,6.6938774206825995,9,195.0,0.3920246830508937,13,452.0,0.2025860308125184,22,647.0
4060.0,30,339.0,4.52,5.0072371117434065,16,257.0,0.24836680390859062,14,367.0,0.24022279679787661,30,624.0
4065.0,36,372.0,5.23943661971831,4.123849090288324,25,315.0,0.1873333893358379,11,395.0,0.3340985099329492,36,710.0
4070.0,37,529.0,7.450704225352113,4.08998807109157,23,378.0,0.21977252369731087,14,446.0,0.2797206498380491,37,824.0
4075.0,37,582.0,8.083333333333334,3.9620908495238933,23,439.0,0.19954347256996213,14,474.0,0.2951460144197147,37,913.0
4080.0,29,509.0,6.878378378378378,4.738506180226159,18,455.0,0.18841326568573857,11,437.0,0.31292904044608066,29,892.0
4085.0,30,508.0,7.154929577464789,4.818208311041495,18,462.0,0.1827498675290853,12,403.0,0.28894600867921827,30,865.0
4090.0,32,508.0,7.257142857142857,5.227290840409961,17,445.0,0.21264585786208862,15,369.0,0.25821648802921,32,814.0
4095.0,33,408.0,6.276923076923077,3.9371168856534338,19,441.0,0.19913471420805817,14,327.0,0.26332528494742585,33,768.0
4100.0,33,336.0,4.9411764705882355,4.104171729376015,18,467.0,0.26244902959372923,15,238.0,0.25638244056896403,33,705.0
4105.0,31,398.0,5.605633802816901,3.975264742552818,18,499.0,0.2641940805107123,13,269.0,0.24596983008968892,31,768.0
4110.0,38,452.0,6.026666666666666,4.582806432229129,22,540.0,0.2923548053194753,16,315.0,0.3036639967008162,38,855.0
4115.0,39,504.0,6.545454545454546,4.428829603846559,25,570.0,0.2514363839180417,14,312.0,0.3252839162684254,39,882.0
4120.0,33,432.0,5.684210526315789,4.0969856821807,26,620.0,0.1530985910255366,7,246.0,0.328847394198962,33,866.0
4125.0,33,432.0,5.4,4.455784661294954,22,614.0,0.09842799091295532,11,227.0,0.3063310210624557,33,841.0
4130.0,29,455.0,5.7594936708860756,5.337981948060432,20,631.0,0.21930322091664411,9,211.0,0.2922424281435249,29,842.0
4135.0,31,475.0,6.1688311688311686,5.218620391808059,16,581.0,0.26127770114951065,15,238.0,0.22982187212083913,31,819.0
4140.0,31,384.0,5.1891891891891895,5.009066709172832,17,484.0,0.23492430925181249,14,246.0,0.32412863490075566,31,730.0
4145.0,29,330.0,4.714285714285714,4.829762656258623,17,530.0,0.28411020705716994,12,230.0,0.3202889161868868,29,760.0
4150.0,30,362.0,5.246376811594203,4.059372289757059,20,564.0,0.22837123743971652,10,241.0,0.29614830616793525,30,805.0
4155.0,39,456.0,6.422535211267606,3.6467186652793218,26,601.0,0.15173692675475992,13,223.0,0.24877602679708133,39,824.0
4160.0,36,499.0,7.231884057971015,4.084741372701494,25,600.0,0.11424315856434358,11,216.0,0.3037075984386809,36,816.0
4165.0,36,512.0,7.420289855072464,4.275013053246303,24,649.0,0.09961534142473177,12,198.0,0.3135426316588506,36,847.0
4170.0,31,410.0,5.942028985507246,3.86716028367903,19,615.0,0.1392159755821819,12,220.0,0.21103476385472847,31,835.0
4175.0,25,435.0,6.304347826086956,5.580107957041227,15,587.0,0.2922242984472154,10,239.0,0.19454365599087955,25,826.0
4180.0,25,513.0,7.656716417910448,5.9466185705959305,15,563.0,0.3278141764327203,10,263.0,0.17437344868048227,25,826.0
4185.0,27,603.0,9.885245901639344,5.431004848997504,14,529.0,0.3028547242813797,13,308.0,0.119537572998494,27,837.0
4190.0,27,588.0,10.31578947368421,4.154838125443951,17,501.0,0.20267949370852195,10,314.0,0.17622015349823528,27,815.0
4195.0,27,675.0,11.25,4.357128308898418,17,562.0,0.24570822524164745,10,312.0,0.27419393781285945,27,874.0
4200.0,25,663.0,11.431034482758621,4.973986356892314,15,598.0,0.29808229750168114,10,286.0,0.35701147194800825,25,884.0
4205.0,25,591.0,9.85,5.322381724070871,16,606.0,0.28964851797408536,9,260.0,0.41848544598407944,25,866.0
4210.0,29,525.0,8.46774193548387,4.082790772906745,19,605.0,0.19086847528824266,10,247.0,0.26190429408664584,29,852.0
4215.0,30,599.0,9.359375,4.172415023352766,21,677.0,0.15320457796525883,9,209.0,0.34440835779219725,30,886.0
4220.0,27,633.0,9.738461538461538,4.766962614096832,17,721.0,0.22371751577676469,10,218.0,0.19125557269967294,27,939.0
4225.0,25,680.0,10.461538461538462,5.549726465767555,15,701.0,0.3264430222788446,10,237.0,0.13157226027547642,25,938.0
4230.0,26,654.0,10.380952380952381,5.311775370064897,15,693.0,0.2637836463959177,11,211.0,0.29855011704522516,26,904.0
4235.0,29,735.0,11.484375,4.709963028855038,17,724.0,0.22461783943457556,12,181.0,0.3576545455945755,29,905.0
4240.0,27,750.0,11.029411764705882,4.7028353248846555,17,738.0,0.2532785839623759,10,197.0,0.3683590216379494,27,935.0
4245.0,34,458.0,6.63768115942029,4.911371693936426,19,588.0,0.2795103428124744,15,231.0,0.41250551210570924,34,819.0
4250.0,31,373.0,5.180555555555555,4.559821817331311,20,386.0,0.23974133976355635,11,234.0,0.33686016190709994,31,620.0
4255.0,32,287.0,3.727272727272727,4.1193923317603955,22,442.0,0.12489795097955445,10,174.0,0.36026439194520943,32,616.0
4260.0,26,309.0,3.9615384615384617,5.363682831944621,18,456.0,0.1950093996377367,8,140.0,0.4229169648026314,26,596.0
4265.0,30,390.0,4.7560975609756095,5.679100539031175,20,500.0,0.24350515106211942,10,150.0,0.38079622492166754,30,650.0
4270.0,33,473.0,5.7682926829268295,5.04566172966315,17,537.0,0.2588804868180601,16,216.0,0.23026891108240508,33,753.0
4275.0,39,585.0,7.5,3.7873590769815086,21,569.0,0.2266288022129256,18,287.0,0.21045776155276172,39,856.0
4280.0,43,757.0,9.582278481012658,3.9789673629023667,26,663.0,0.19518823911272587,17,337.0,0.22651123606373566,43,1000.0
4285.0,40,749.0,9.246913580246913,3.934468545348607,24,723.0,0.14100128031936715,16,340.0,0.240007927537604,40,1063.0
4290.0,35,747.0,8.892857142857142,5.043542262492757,19,728.0,0.14243525296022655,16,323.0,0.2908965165168866,35,1051.0
4295.0,38,829.0,10.49367088607595,4.541485609935184,21,720.0,0.11517470537570731,17,388.0,0.2648710672466189,38,1108.0
4300.0,45,759.0,9.986842105263158,3.6805745744183334,23,744.0,0.14384409537458276,22,478.0,0.17461636781975418,45,1222.0
4305.0,42,635.0,8.466666666666667,3.2364471789769707,19,711.0,0.19654806835640068,23,497.0,0.1890516394530874,42,1208.0
4310.0,39,639.0,8.875,3.5530874761691975,17,682.0,0.270681136102407,22,422.0,0.22115610344228795,39,1104.0
4315.0,35,626.0,8.346666666666666,3.774950034195433,12,649.0,0.29168602588034337,23,463.0,0.14376365761425108,35,1112.0
4320.0,33,566.0,7.1645569620253164,3.873792517768426,16,644.0,0.20961046091211813,17,430.0,0.14571127604704265,33,1074.0
4325.0,29,557.0,7.141025641025641,4.25593319185534,17,636.0,0.14421314090763507,12,409.0,0.2585427591895334,29,1045.0
4330.0,34,634.0,8.233766233766234,4.210915751640583,19,687.0,0.14592083025309344,15,371.0,0.2474486012735883,34,1058.0
4335.0,34,728.0,9.706666666666667,4.039581417244201,17,734.0,0.18812683547437517,17,385.0,0.16497118116269713,34,1119.0
4340.0,32,613.0,8.173333333333334,4.345300679994016,17,669.0,0.14775065455784492,15,360.0,0.21752845898392364,32,1029.0
4345.0,27,425.0,5.666666666666667,5.000968328970645,18,568.0,0.15142319668459908,9,328.0,0.31570990981528413,27,896.0
4350.0,31,368.0,4.972972972972973,4.888242849481976,16,543.0,0.2595003416351717,15,321.0,0.23482985132706732,31,864.0
4355.0,35,494.0,6.675675675675675,4.758847887346247,18,532.0,0.3350337505174866,17,370.0,0.21130993360194797,35,902.0
4360.0,29,516.0,6.7894736842105265,4.821182582222618,17,569.0,0.2851333741734771,12,361.0,0.25558717388817564,29,930.0
4365.0,24,365.0,5.069444444444445,5.130544971612998,14,555.0,0.28393971857070244,10,296.0,0.25436714872301774,24,851.0
4370.0,27,402.0,5.661971830985915,5.160220550341331,14,518.0,0.2328514235000954,13,247.0,0.24229448963811412,27,765.0
4375.0,33,472.0,6.9411764705882355,4.480503910535412,18,498.0,0.16676714033690468,15,282.0,0.19064372871787025,33,780.0
4380.0,30,516.0,8.0625,4.512808662807036,20,561.0,0.10945781869642288,10,285.0,0.3394963991408384,30,846.0
4385.0,28,581.0,9.524590163934427,4.5073363112095475,22,623.0,0.0011329929161637566,6,250.0,0.3800787314344405,28,873.0
4390.0,31,591.0,9.53225806451613,5.343939198534348,20,616.0,0.10459795692139412,11,273.0,0.4156873558736971,31,889.0
4395.0,26,557.0,8.983870967741936,5.273825237663236,16,525.0,0.20955471874114787,10,311.0,0.3584389278634319,26,836.0
4400.0,25,575.0,9.745762711864407,4.88381894327317,13,517.0,0.13090778548362528,12,354.0,0.4003405854440808,25,871.0
4405.0,22,321.0,5.262295081967213,4.819250650963838,9,419.0,0.16082799086481595,13,309.0,0.3103530317856335,22,728.0
4410.0,16,198.0,3.193548387096774,5.86570152827891,4,320.0,0.3549296691552216,12,213.0,0.25763241244425583,16,533.0
4415.0,19,161.0,2.5555555555555554,5.694604017935264,6,272.0,0.3536523937802796,13,199.0,0.24014994694094088,19,471.0
4420.0,26,219.0,3.532258064516129,5.697727935302011,12,231.0,0.32580516174110447,14,211.0,0.2937194428472906,26,442.0
4425.0,29,265.0,4.568965517241379,4.522023495758168,14,216.0,0.24167244140750044,15,252.0,0.28902385747365017,29,468.0
4430.0,22,273.0,4.627118644067797,5.323534228496242,13,204.0,0.170037411977485,9,238.0,0.412736593047356,22,442.0
4435.0,16,253.0,4.6,6.319398897510831,5,138.0,0.2426627875316243,11,263.0,0.41996885742774265,16,401.0
4440.0,17,238.0,4.327272727272727,5.006498633937072,5,129.0,0.17372180583792257,12,255.0,0.18896209603701114,17,384.0
4445.0,26,286.0,5.296296296296297,4.695295188790412,11,164.0,0.23094491527699715,15,266.0,0.1595318459985163,26,430.0
4450.0,25,246.0,4.6415094339622645,4.445784830378633,12,224.0,0.34636279884767207,13,246.0,0.20734976356030987,25,470.0
4455.0,21,274.0,4.9818181818181815,5.277243370911113,8,218.0,0.36697344146386135,13,211.0,0.30487034791522344,21,429.0
4460.0,14,233.0,4.236363636363636,6.030887168178809,4,139.0,0.4550595552200154,10,231.0,0.30424059899605704,14,370.0
4465.0,16,281.0,4.9298245614035086,7.049533056643243,6,125.0,0.4574272842998499,10,221.0,0.3091989371335852,16,346.0
4470.0,20,326.0,5.821428571428571,6.350894564051529,7,158.0,0.3218077351472442,13,227.0,0.2602884186091471,20,385.0
4475.0,24,394.0,7.296296296296297,5.759287690734492,10,205.0,0.30513623769661014,14,234.0,0.28523148253155417,24,439.0
4480.0,27,414.0,7.961538461538462,4.309338774332215,12,257.0,0.3619588774823305,15,247.0,0.21129885574937832,27,504.0
4485.0,20,302.0,5.921568627450981,5.160395527534852,8,210.0,0.43607543599791626,12,228.0,0.26347566374649595,20,438.0
4490.0,19,348.0,6.823529411764706,6.0186014269266,7,183.0,0.4930294817463841,12,254.0,0.2763619556147405,19,437.0
4495.0,23,341.0,6.433962264150943,5.2729924253668665,10,113.0,0.34146034855088697,13,297.0,0.27097848124746443,23,410.0
4500.0,23,363.0,6.6,5.001117847540499,11,142.0,0.27242245982633023,12,319.0,0.3035790583372923,23,461.0
4505.0,25,405.0,7.232142857142857,4.700481776678491,12,168.0,0.25813534222131745,13,333.0,0.3059002880660581,25,501.0
4510.0,19,309.0,5.722222222222222,5.234818673530124,7,163.0,0.38703560626179356,12,296.0,0.24057053938379266,19,459.0
4515.0,18,316.0,5.962264150943396,6.504649154122685,8,181.0,0.484361199655939,10,196.0,0.22269113784971117,18,377.0
4520.0,20,281.0,5.109090909090909,6.098843330914035,9,223.0,0.4601826007214608,11,148.0,0.16329586861834045,20,371.0
4525.0,18,327.0,6.673469387755102,6.804212680727673,10,267.0,0.40036374110710676,8,133.0,0.2681769003636782,18,400.0
4530.0,16,255.0,5.204081632653061,5.336160295669826,8,233.0,0.29323255309870866,8,154.0,0.22196639298035248,16,387.0
4535.0,19,329.0,7.1521739130434785,5.175600328425922,11,234.0,0.23292024112746734,8,176.0,0.33834913311946124,19,410.0
4540.0,21,287.0,6.239130434782608,5.2009254879429205,12,190.0,0.2919945909708822,9,197.0,0.35524750434701435,21,387.0
4545.0,18,357.0,7.595744680851064,5.741150942859684,9,189.0,0.3321062541403998,9,211.0,0.2939903343100202,18,400.0
4550.0,18,368.0,8.177777777777777,5.203301363199616,8,197.0,0.2746757090620778,10,247.0,0.18174948201074723,18,444.0
4555.0,15,399.0,8.673913043478262,6.531631318971554,6,174.0,0.35177932637452836,9,275.0,0.24967517149987284,15,449.0
4560.0,11,195.0,4.7560975609756095,6.022876793141839,3,95.0,0.46449713068216,8,241.0,0.14018019267645757,11,336.0
4565.0,12,198.0,4.95,7.098644911946979,4,32.0,0.5621261362113018,8,200.0,0.25811963909305385,12,232.0
4570.0,13,261.0,6.868421052631579,6.000981059532568,5,55.0,0.47434232329234416,8,229.0,0.33004882200842595,13,284.0
4575.0,13,168.0,4.421052631578948,6.4006752062978345,7,83.0,0.4320314448058394,6,145.0,0.46899381954943425,13,228.0
4580.0,10,111.0,2.8461538461538463,5.9129894243211485,6,85.0,0.39028251422403554,4,75.0,0.46859115692493053,10,160.0
4585.0,10,115.0,2.8048780487804876,6.415496228537132,5,74.0,0.439361481129458,5,69.0,0.41512751090882416,10,143.0
4590.0,12,152.0,3.4545454545454546,7.409758752493915,5,89.0,0.4527876550858851,7,88.0,0.3884094243810979,12,177.0
4595.0,14,197.0,4.4772727272727275,7.676773088717623,6,113.0,0.4724067417005808,8,96.0,0.3840125221970981,14,209.0
4600.0,13,158.0,3.95,6.332126459514818,5,60.0,0.4606335618868059,8,119.0,0.2720623031461898,13,179.0
4605.0,17,209.0,5.358974358974359,5.831880095897196,8,78.0,0.4112319258490513,9,149.0,0.32853133282299585,17,227.0
4610.0,16,275.0,6.875,5.209876628635102,7,106.0,0.3161333714616077,9,184.0,0.28791154678012243,16,290.0
4615.0,17,248.0,6.048780487804878,5.44764573215197,9,136.0,0.17895336211183663,8,136.0,0.3838063538371951,17,272.0
4620.0,15,236.0,5.619047619047619,5.803493921952121,8,145.0,0.2460838624728803,7,136.0,0.38337443623786194,15,281.0
4625.0,14,219.0,5.093023255813954,5.774420890311865,9,181.0,0.34764241423442005,5,111.0,0.3875655207383302,14,292.0
4630.0,13,148.0,3.148936170212766,6.243484797108909,5,154.0,0.39313348657478947,8,99.0,0.4157307338473862,13,253.0
4635.0,11,95.0,2.0652173913043477,6.765763617544927,3,59.0,0.5066884366083234,8,123.0,0.35222863186474607,11,182.0
4640.0,12,150.0,3.658536585365854,7.41191340783675,2,26.0,0.5485934435560855,10,163.0,0.2826226106108171,12,189.0
4645.0,14,168.0,4.097560975609756,5.78988124938091,3,11.0,0.34375840996583185,11,200.0,0.1011209992772999,14,211.0
4650.0,18,244.0,6.1,5.955766132585319,8,38.0,0.37851971414911917,10,242.0,0.17211986656998884,18,280.0
4655.0,14,194.0,4.9743589743589745,6.299058402375301,7,73.0,0.4475263107139805,7,205.0,0.3398411428565861,14,278.0
4660.0,10,154.0,3.85,7.309956380043388,5,77.0,0.5167235872843601,5,140.0,0.46703924057965684,10,217.0
4665.0,9,167.0,3.9761904761904763,7.480466105786656,4,58.0,0.55585889934614,5,146.0,0.35169429234005806,9,204.0
4670.0,12,209.0,5.097560975609756,7.948137290468403,5,74.0,0.5363404829705248,7,177.0,0.26499084021748215,12,251.0
4675.0,11,156.0,3.391304347826087,6.442785647581097,6,83.0,0.3815996685972721,5,142.0,0.3199903424133891,11,225.0
4680.0,17,132.0,2.64,6.281660922369574,13,100.0,0.24764069789572274,4,63.0,0.5318916021617335,17,163.0
4685.0,14,159.0,3.3125,6.273598385722658,11,133.0,0.33134891651639453,3,61.0,0.5707069147114643,14,194.0
4690.0,16,190.0,3.6538461538461537,6.285440794884935,9,160.0,0.40972055823616876,7,86.0,0.4619136068483048,16,246.0
4695.0,20,234.0,4.333333333333333,5.934159231777523,12,160.0,0.39375604996360836,8,103.0,0.3094910468629845,20,263.0
4700.0,19,289.0,5.160714285714286,5.464227572891547,12,202.0,0.3104029905551359,7,122.0,0.2681555253810771,19,324.0
4705.0,25,324.0,5.142857142857143,4.67690799801919,17,256.0,0.27727105701607035,8,121.0,0.24427254784731747,25,377.0
4710.0,24,294.0,4.741935483870968,5.6008248749466985,17,243.0,0.2971652434678287,7,114.0,0.45499365620516363,24,357.0
4715.0,24,289.0,4.446153846153846,5.809906913488737,17,257.0,0.27088893330956276,7,74.0,0.4556996840135977,24,331.0
4720.0,26,310.0,4.5588235294117645,4.933741689251185,19,303.0,0.19803336190194387,7,83.0,0.3984632898485614,26,386.0
4725.0,24,330.0,4.852941176470588,5.392814718762004,17,306.0,0.2770587147819802,7,121.0,0.40489894296560536,24,427.0
4730.0,26,339.0,5.136363636363637,4.829212751983442,15,333.0,0.28523827870594437,11,161.0,0.27098700476550003,26,494.0
4735.0,24,269.0,4.014925373134329,4.777255016004958,13,281.0,0.2932289188406736,11,196.0,0.23179166872789692,24,477.0
4740.0,24,330.0,5.0,4.589380890734379,15,305.0,0.16136015857187344,9,203.0,0.24666525844187928,24,508.0
4745.0,25,316.0,5.096774193548387,4.357495581490846,16,339.0,0.1519097793628037,9,175.0,0.28762557734745975,25,514.0
4750.0,27,320.0,4.923076923076923,4.94023471424059,18,372.0,0.16765413024396827,9,135.0,0.34522602504864097,27,507.0
4755.0,24,356.0,6.033898305084746,4.296628418072327,15,384.0,0.18103092365323808,9,156.0,0.28515831270409053,24,540.0
4760.0,24,376.0,6.714285714285714,4.769922263703561,14,399.0,0.1551871410885957,10,185.0,0.3508818266794282,24,584.0
4765.0,23,362.0,5.838709677419355,5.243738335700864,17,398.0,0.11162268932082793,6,187.0,0.4553081258599841,23,585.0
4770.0,28,328.0,5.377049180327869,5.571264566058349,20,408.0,0.2106329634280636,8,196.0,0.4509681074680325,28,604.0
4775.0,26,404.0,7.345454545454546,5.274573263553994,19,409.0,0.29605537111252417,7,182.0,0.4631280860809916,26,591.0
4780.0,28,442.0,7.892857142857143,4.019228949877341,21,471.0,0.18162799049803804,7,161.0,0.38449153053513435,28,632.0
4785.0,30,375.0,6.25,3.5446456066508167,20,503.0,0.18279172299169977,10,152.0,0.27957854918390573,30,655.0
4790.0,33,385.0,6.416666666666667,3.4649143321960643,20,528.0,0.19967831198690622,13,159.0,0.27402162839092176,33,687.0
4795.0,29,266.0,4.433333333333334,3.5535819965471713,17,484.0,0.17140325452402308,12,200.0,0.2761128024552797,29,684.0
4800.0,18,270.0,4.426229508196721,5.028656499859972,9,428.0,0.23093307593157994,9,210.0,0.2683130810483839,18,638.0
4805.0,21,331.0,5.338709677419355,5.808605156759403,10,374.0,0.3074378438533841,11,234.0,0.19348997489209546,21,608.0
4810.0,25,339.0,5.380952380952381,5.4083196403625555,10,347.0,0.27212379207837184,15,249.0,0.16896967127874346,25,596.0
4815.0,31,411.0,6.737704918032787,5.190253248104241,17,365.0,0.22867875435492357,14,264.0,0.31690712220883177,31,629.0
4820.0,29,478.0,8.535714285714286,4.866742759867546,17,390.0,0.22309480901466983,12,281.0,0.42609193509185267,29,671.0
4825.0,31,488.0,8.413793103448276,3.987633925741923,19,360.0,0.21679435346330433,12,297.0,0.33253084100816693,31,657.0
4830.0,29,519.0,8.948275862068966,3.6046299235130177,17,382.0,0.16710746700527707,12,278.0,0.29593173880262597,29,660.0
4835.0,26,493.0,8.5,4.9130700028556005,11,333.0,0.25402260772115476,15,345.0,0.26403162229541005,26,678.0
4840.0,23,561.0,9.35,5.3842610973906,9,315.0,0.26032976041142103,14,398.0,0.22320202251032253,23,713.0
4845.0,24,563.0,9.383333333333333,4.658887729751268,11,310.0,0.18019318822412422,13,430.0,0.20263370180490262,24,740.0
4850.0,25,406.0,7.25,4.20205534084861,13,337.0,0.21038096052833757,12,358.0,0.24871325589751453,25,695.0
4855.0,28,292.0,5.0344827586206895,5.099018021078668,15,291.0,0.3247477961078726,13,232.0,0.20699671340333714,28,523.0
4860.0,29,339.0,5.844827586206897,4.730265450494282,14,328.0,0.26938925220585574,15,242.0,0.20075772612621456,29,570.0
4865.0,28,366.0,6.1,4.273603959510743,17,316.0,0.238256046672315,11,257.0,0.2225064183859717,28,573.0
4870.0,31,498.0,7.904761904761905,4.639176590166916,21,408.0,0.27707605605377733,10,284.0,0.29894349770704776,31,692.0
4875.0,25,422.0,6.393939393939394,4.825743739660973,16,408.0,0.2940630558609298,9,269.0,0.3269648138468597,25,677.0
4880.0,22,282.0,4.147058823529412,5.604132843669168,12,314.0,0.3065998155546993,10,268.0,0.32535426577772747,22,582.0
4885.0,22,299.0,4.462686567164179,5.984703915145754,9,247.0,0.35399725818923694,13,325.0,0.1449658351781866,22,572.0
4890.0,22,340.0,5.230769230769231,6.10391293331159,10,198.0,0.3573591925637124,12,366.0,0.12635950267938506,22,564.0
4895.0,25,378.0,6.19672131147541,4.649997574767748,15,245.0,0.1853793725536335,10,378.0,0.26651323750701983,25,623.0
4900.0,27,431.0,7.431034482758621,4.5707099070843835,19,294.0,0.2158675546872625,8,388.0,0.43681558319658437,27,682.0
4905.0,26,408.0,6.915254237288136,4.7839887885829535,18,319.0,0.2743981871848791,8,368.0,0.385269233293629,26,687.0
4910.0,28,358.0,5.774193548387097,4.866007406688567,20,337.0,0.2398360128235303,8,294.0,0.48475705423764476,28,631.0
4915.0,21,326.0,4.794117647058823,5.047450977988279,14,297.0,0.26323775002517513,7,309.0,0.37475842931367254,21,606.0
4920.0,25,377.0,5.309859154929577,5.3733096799631825,12,316.0,0.30298624850065764,13,350.0,0.27866353851042686,25,666.0
4925.0,32,334.0,4.282051282051282,5.022795972428182,17,366.0,0.24013002454970064,15,294.0,0.21808961505543453,32,660.0
4930.0,36,411.0,5.074074074074074,5.010722706173247,21,422.0,0.22197949564751288,15,257.0,0.3202608838988806,36,679.0
4935.0,37,548.0,6.765432098765432,5.126504041353301,26,490.0,0.2582647907711886,11,309.0,0.37765303349166796,37,799.0
4940.0,38,563.0,7.217948717948718,4.783365227106653,26,525.0,0.1993045567788979,12,336.0,0.41284003409485975,38,861.0
4945.0,42,592.0,7.493670886075949,4.109363741286175,27,589.0,0.15103498705193374,15,298.0,0.3130083079046367,42,887.0
4950.0,43,636.0,7.851851851851852,3.493738284145398,28,633.0,0.13061851370121463,15,277.0,0.19463681979448422,43,910.0
4955.0,40,531.0,6.9868421052631575,3.30125367526895,24,584.0,0.141090928792509,16,326.0,0.16894807435043166,40,910.0
4960.0,35,558.0,7.44,4.3357045202293705,18,567.0,0.23125858015758938,17,363.0,0.1302966848275424,35,930.0
4965.0,36,609.0,7.708860759493671,4.264629243831845,20,600.0,0.24557847881769893,16,409.0,0.07614577069044452,36,1009.0
4970.0,28,588.0,7.443037974683544,4.630693167885443,20,671.0,0.198324815099695,8,397.0,0.26690564617429796,28,1068.0
4975.0,36,421.0,5.397435897435898,4.228939404414099,27,724.0,0.1558663425530371,9,275.0,0.3264524017451026,36,999.0
4980.0,41,524.0,6.717948717948718,4.449311238883792,31,792.0,0.14383881124632358,10,209.0,0.38297531725018713,41,1001.0
4985.0,45,581.0,7.448717948717949,3.402614358965985,33,864.0,0.12831526313568656,12,226.0,0.3444061527331044,45,1090.0
4990.0,42,665.0,8.012048192771084,4.266826555481149,34,916.0,0.15052746462642827,8,215.0,0.40578964714769467,42,1131.0
4995.0,45,692.0,8.238095238095237,3.932317271349021,34,938.0,0.10161364711751945,11,197.0,0.3478137719053718,45,1135.0
5000.0,40,582.0,6.613636363636363,4.442069144457145,26,884.0,0.1293799639347939,14,215.0,0.32948533782431355,40,1099.0
5005.0,37,535.0,6.22093023255814,4.119345064070479,20,788.0,0.16940823607604186,17,260.0,0.2664132604427473,37,1048.0
5010.0,28,603.0,7.178571428571429,4.991246212798427,16,749.0,0.21086213448964222,12,291.0,0.31502492437860313,28,1040.0
5015.0,29,627.0,7.936708860759493,4.955173222078216,16,713.0,0.23980867968812467,13,290.0,0.2487358421764888,29,1003.0
5020.0,36,680.0,8.292682926829269,4.416684854899043,17,736.0,0.19506261450008028,19,324.0,0.18492814614959222,36,1060.0
5025.0,41,563.0,7.0375,3.4301739390076897,21,726.0,0.14285034256321474,20,318.0,0.21337869511035512,41,1044.0
5030.0,40,479.0,6.063291139240507,4.448638875014341,22,672.0,0.18281324106237923,18,325.0,0.3285260150166488,40,997.0
5035.0,36,461.0,5.488095238095238,4.314818594354926,19,697.0,0.19510144454020006,17,364.0,0.3100863675688953,36,1061.0
5040.0,30,378.0,4.395348837209302,4.786656034417797,14,657.0,0.19270150384745097,16,359.0,0.27400246690557983,30,1016.0
5045.0,29,397.0,4.616279069767442,5.049548693420184,13,640.0,0.2753378401075449,16,384.0,0.21407500956816167,29,1024.0
5050.0,38,429.0,5.107142857142857,5.270440912337357,16,606.0,0.3213666506682332,22,400.0,0.17731110479065634,38,1006.0
5055.0,41,510.0,6.375,3.971716553148842,17,542.0,0.22855481580894377,24,480.0,0.15214528506261743,41,1022.0
5060.0,42,452.0,5.87012987012987,3.2461556618148295,16,516.0,0.2255912828884704,26,538.0,0.15705808202321003,42,1054.0
5065.0,41,510.0,6.7105263157894735,3.2321924526454624,19,506.0,0.23520412757011452,22,589.0,0.15179735637220387,41,1095.0
5070.0,45,583.0,7.4743589743589745,3.557952960096766,22,552.0,0.22824061635684845,23,588.0,0.18413285732135581,45,1140.0
5075.0,40,544.0,6.554216867469879,4.06381695472817,16,534.0,0.28628785164177784,24,610.0,0.1275209047558575,40,1144.0
5080.0,31,350.0,4.320987654320987,4.096814416087021,14,486.0,0.23319292789738613,17,550.0,0.13710870106316358,31,1036.0
5085.0,34,450.0,5.555555555555555,4.527906074881512,21,523.0,0.1875092303272538,13,559.0,0.2279981136383948,34,1082.0
5090.0,41,515.0,6.3580246913580245,3.683253477549055,25,547.0,0.11907161821796335,16,564.0,0.23031123954472252,41,1111.0
5095.0,42,581.0,7.448717948717949,3.62700132504518,24,523.0,0.16149421973014644,18,582.0,0.27730785169939587,42,1105.0
5100.0,36,629.0,8.5,3.5814440135529906,22,549.0,0.18639105873586828,14,549.0,0.26884092337086,36,1098.0
5105.0,32,528.0,7.04,3.551693853676967,17,511.0,0.14800392644773852,15,531.0,0.17021247059956426,32,1042.0
5110.0,34,489.0,6.35064935064935,4.167758160004729,17,517.0,0.23600660021772102,17,483.0,0.11561944381703577,34,1000.0
5115.0,34,589.0,7.551282051282051,4.0377204211900946,16,524.0,0.2902945471796525,18,526.0,0.09438549379952822,34,1050.0
5120.0,41,706.0,9.289473684210526,4.026912840106202,19,570.0,0.27326204501514867,22,579.0,0.17523396844503103,41,1149.0
5125.0,43,817.0,10.893333333333333,2.8140634359795462,23,624.0,0.15979872889657296,20,631.0,0.19922016786926638,43,1255.0
5130.0,37,844.0,11.105263157894736,3.4504257570374595,21,661.0,0.1742899418113827,16,648.0,0.1545662283787251,37,1309.0
5135.0,32,906.0,12.41095890410959,4.33989085958226,19,706.0,0.19565126467670668,13,608.0,0.18126601707356252,32,1314.0
5140.0,30,839.0,11.816901408450704,5.151000836271147,17,687.0,0.21092433262860627,13,557.0,0.17608747303095235,30,1244.0
5145.0,33,732.0,10.764705882352942,4.07436006363186,18,687.0,0.15841349167766378,15,470.0,0.14771987873130946,33,1157.0
5150.0,34,549.0,8.446153846153846,4.937091470980197,19,630.0,0.27889263021916666,15,359.0,0.2340431988660712,34,989.0
5155.0,29,407.0,6.359375,4.594888539086532,15,531.0,0.32571653533050005,14,358.0,0.2614998676814381,29,889.0
5160.0,24,404.0,6.516129032258065,4.135252420178421,15,571.0,0.19003105364008818,9,315.0,0.3544280675719074,24,886.0
5165.0,24,463.0,7.123076923076923,5.17426915902628,15,568.0,0.13192819641169168,9,294.0,0.35236253903457154,24,862.0
5170.0,24,434.0,6.477611940298507,5.092932881575089,13,602.0,0.19601137091403273,11,254.0,0.25002709399402356,24,856.0
5175.0,29,498.0,7.217391304347826,5.365831397094322,19,680.0,0.17331874555127033,10,228.0,0.3080038897153466,29,908.0
5180.0,27,521.0,8.140625,5.175125255618376,17,647.0,0.2557134250831605,10,243.0,0.34991917876616485,27,890.0
5185.0,25,576.0,9.442622950819672,5.196452260904388,16,576.0,0.21449009761962368,9,252.0,0.39934662664144693,25,828.0
5190.0,23,514.0,8.426229508196721,5.105931345310595,15,547.0,0.2522185401208857,8,257.0,0.3230012346478105,23,804.0
5195.0,29,413.0,6.770491803278689,5.318185971755974,14,430.0,0.29574689012652533,15,312.0,0.26024892875720174,29,742.0
5200.0,28,421.0,6.901639344262295,4.27335567068777,14,424.0,0.21659804868045596,14,361.0,0.2649238058472022,28,785.0
5205.0,21,357.0,5.758064516129032,4.858397674665167,10,356.0,0.22331840087433125,11,389.0,0.274651975158734,21,745.0
5210.0,22,322.0,4.953846153846154,5.476871303468593,10,324.0,0.3327760872357714,12,340.0,0.17497047175727506,22,664.0
5215.0,23,276.0,3.942857142857143,6.044709571463135,9,333.0,0.38394605910360524,14,283.0,0.20027218727205678,23,616.0
5220.0,28,367.0,5.318840579710145,5.819512437948719,15,381.0,0.3403720932415122,13,325.0,0.32552063386571456,28,706.0
5225.0,27,430.0,6.515151515151516,4.855383357567654,15,423.0,0.19038304216084775,12,326.0,0.3697253807175581,27,749.0
5230.0,27,506.0,7.4411764705882355,5.301590704064209,11,448.0,0.15423076009932377,16,350.0,0.379381105976217,27,798.0
5235.0,25,481.0,7.17910447761194,5.190688105537891,10,363.0,0.16735877834441595,15,366.0,0.3243183788309926,25,729.0
5240.0,32,459.0,6.954545454545454,4.757370025829045,14,289.0,0.21192426660476257,18,377.0,0.2421562201238988,32,666.0
5245.0,32,302.0,4.71875,3.92846658797356,13,196.0,0.23373836572094223,19,351.0,0.1917882351258243,32,547.0
5250.0,28,335.0,5.317460317460317,4.3284458779326895,14,229.0,0.22214774932065612,14,394.0,0.2637841511321437,28,623.0
5255.0,27,356.0,5.393939393939394,4.614614734474368,12,249.0,0.28176569219419506,15,414.0,0.25508560041959477,27,663.0
5260.0,25,286.0,4.46875,4.743505690611641,6,206.0,0.41367663130107823,19,439.0,0.1433734668597978,25,645.0
5265.0,19,237.0,3.646153846153846,4.9326304326391766,3,156.0,0.37149835736223596,16,452.0,0.1927694304732315,19,608.0
5270.0,29,290.0,4.603174603174603,5.060754503560339,12,156.0,0.30846298932285826,17,475.0,0.23422622642600258,29,631.0
5275.0,33,377.0,6.180327868852459,4.194427652296148,14,216.0,0.24593456236752653,19,503.0,0.1791904168243665,33,719.0
5280.0,35,510.0,7.96875,3.9435835398470016,16,284.0,0.21686077580695318,19,577.0,0.19163308204470383,35,861.0
5285.0,33,578.0,9.796610169491526,3.8662011219010584,16,291.0,0.13383489271521878,17,627.0,0.25297883814521405,33,918.0
5290.0,23,482.0,8.033333333333333,4.755472533163667,7,238.0,0.26455823562192793,16,646.0,0.17563099364390372,23,884.0
5295.0,21,412.0,6.4375,5.3095307390895465,5,168.0,0.2952390947384633,16,620.0,0.1497805736432884,21,788.0
5300.0,27,423.0,6.934426229508197,5.235847204565077,9,160.0,0.2770097408173085,18,612.0,0.2382127966726863,27,772.0
5305.0,26,291.0,4.932203389830509,5.401701692281668,12,190.0,0.2927088387488431,14,530.0,0.3304196981237139,26,720.0
5310.0,27,297.0,5.303571428571429,4.406873794590012,15,256.0,0.2589028371742907,12,546.0,0.3029478963830616,27,802.0
5315.0,27,313.0,5.6909090909090905,3.457432380971337,13,250.0,0.19955637905440868,14,526.0,0.21079374912360763,27,776.0
5320.0,22,280.0,5.0,4.131260948636819,6,180.0,0.22918094876461237,16,516.0,0.1741059851840188,22,696.0
5325.0,18,325.0,5.909090909090909,5.480722459082989,5,178.0,0.3086354775419441,13,431.0,0.23556501089321352,18,609.0
5330.0,24,432.0,7.714285714285714,4.833498945072425,10,210.0,0.2459980501228013,14,398.0,0.2261141909977256,24,608.0
5335.0,27,480.0,8.135593220338983,4.532593472417057,13,227.0,0.2278361941513509,14,432.0,0.24803105950689272,27,659.0
5340.0,21,530.0,8.833333333333334,5.757440490860669,6,195.0,0.36850591301694186,15,449.0,0.24863552134400738,21,644.0
5345.0,19,462.0,7.451612903225806,6.784538605973327,6,181.0,0.5086105061404314,13,376.0,0.24417208624655284,19,557.0
5350.0,16,466.0,7.639344262295082,7.535685424180727,6,187.0,0.5399159717668555,10,365.0,0.2751644316299845,16,552.0
5355.0,22,353.0,6.192982456140351,5.8099981334281665,12,228.0,0.39645622063607655,10,292.0,0.2651573334037914,22,520.0
5360.0,23,223.0,4.12962962962963,5.290345820096515,11,163.0,0.31401699485421075,12,194.0,0.2759256522020182,23,357.0
5365.0,27,312.0,5.886792452830188,4.611622692013403,14,138.0,0.2018879427034871,13,240.0,0.31260533129673085,27,378.0
5370.0,25,398.0,7.509433962264151,5.494386175824486,14,181.0,0.18981084788240507,11,292.0,0.36901353253167646,25,473.0
5375.0,24,383.0,7.365384615384615,4.94885745349798,15,221.0,0.11580959338437107,9,281.0,0.3544788889445578,24,502.0
5380.0,23,299.0,5.6415094339622645,4.928449239011115,15,239.0,0.20390428779654113,8,216.0,0.2992199824351596,23,455.0
5385.0,13,207.0,4.224489795918367,5.722905101626179,4,179.0,0.3831516374847071,9,252.0,0.27142299068031595,13,431.0
5390.0,13,255.0,5.543478260869565,7.213769503855622,5,127.0,0.43372756655019656,8,266.0,0.3258517737637922,13,393.0
5395.0,13,200.0,4.545454545454546,7.036759966058895,6,110.0,0.32499176030793453,7,219.0,0.2849135847320417,13,329.0
5400.0,14,193.0,4.288888888888889,6.642559267242078,7,119.0,0.26404863784429783,7,138.0,0.27282870968278916,14,257.0
5405.0,9,168.0,3.8181818181818183,7.917131443572282,5,126.0,0.509852002225841,4,129.0,0.42745110219779847,9,255.0
5410.0,9,111.0,2.466666666666667,8.370541950729073,4,62.0,0.49530369439032196,5,124.0,0.5858173005192959,9,186.0
5415.0,11,155.0,3.522727272727273,7.419993683651276,5,69.0,0.43326394975064875,6,150.0,0.5143054814441774,11,219.0
5420.0,15,154.0,3.6666666666666665,6.326845051776208,7,103.0,0.46098212527403176,8,116.0,0.42719940602513873,15,219.0
5425.0,13,149.0,3.239130434782609,5.920367926159776,4,99.0,0.36551920520013625,9,80.0,0.39585168150268724,13,179.0
5430.0,14,150.0,3.125,5.868982215507773,6,104.0,0.4068344516456914,8,91.0,0.32415911625867144,14,195.0
5435.0,16,211.0,4.137254901960785,6.95551885360078,6,128.0,0.37974255115625105,10,97.0,0.3356567003344682,16,225.0
5440.0,13,180.0,3.3962264150943398,6.241126402305508,6,130.0,0.2732362187242531,7,112.0,0.36084467441015566,13,242.0
5445.0,17,232.0,4.549019607843137,7.042250432076952,7,127.0,0.35320501793127096,10,124.0,0.4616904008955937,17,251.0
5450.0,17,297.0,6.456521739130435,6.595799208962224,7,90.0,0.47212746007842715,10,174.0,0.39520247154281923,17,264.0
5455.0,17,269.0,5.489795918367347,5.500216769798334,7,87.0,0.5205821745276883,10,178.0,0.25663212596183266,17,265.0
5460.0,20,325.0,6.5,5.943092240357589,7,100.0,0.4969577096649166,13,190.0,0.31637656893500554,20,290.0
5465.0,18,256.0,4.654545454545454,5.946030588716042,6,98.0,0.4078972506255477,12,172.0,0.3679444327199179,18,270.0
5470.0,18,318.0,5.578947368421052,6.86902404807316,6,94.0,0.4849234472402523,12,190.0,0.3339350930729199,18,284.0
5475.0,21,151.0,2.559322033898305,4.818355052123967,6,53.0,0.3597244644439649,15,194.0,0.15690692412455967,21,247.0
5480.0,18,167.0,2.693548387096774,5.701442876884404,10,66.0,0.27865835913450815,8,164.0,0.3273237614773754,18,230.0
5485.0,22,225.0,3.6885245901639343,5.868346054735504,11,106.0,0.27522412781636824,11,196.0,0.3415765442497152,22,302.0
5490.0,22,302.0,4.950819672131147,6.188624469287779,8,129.0,0.36927022367254486,14,243.0,0.2819892148754111,22,372.0
5495.0,25,238.0,4.25,4.575627388104648,11,145.0,0.3395080649393124,14,244.0,0.13284591625798245,25,389.0
5500.0,24,249.0,4.446428571428571,5.114633853797989,10,155.0,0.342357892744174,14,222.0,0.22164005362749667,24,377.0
5505.0,24,260.0,4.262295081967213,4.436924308528277,11,174.0,0.3150810951287603,13,232.0,0.249473071346312,24,406.0
5510.0,25,279.0,4.65,5.872959084178634,17,233.0,0.3158242052088783,8,191.0,0.46103909579251096,25,424.0
5515.0,25,319.0,5.406779661016949,5.457532431367543,17,289.0,0.2655531454093657,8,158.0,0.4722045744153019,25,447.0
5520.0,27,415.0,6.916666666666667,5.46560740645475,19,330.0,0.2565343278755629,8,172.0,0.46266715013522924,27,502.0
5525.0,31,416.0,6.709677419354839,3.9689415089298508,23,383.0,0.24215581547943646,8,167.0,0.26888966349653554,31,550.0
5530.0,33,503.0,7.984126984126984,4.300220243207214,20,421.0,0.317381415450549,13,205.0,0.21321128406517584,33,626.0
5535.0,34,485.0,7.461538461538462,3.8844059096585557,22,451.0,0.2530281120900673,12,225.0,0.24714695531547465,34,676.0
5540.0,26,331.0,5.015151515151516,4.207495901219249,18,408.0,0.18544242418823215,8,191.0,0.26035969435318645,26,599.0
5545.0,22,308.0,4.666666666666667,4.868983572073404,16,418.0,0.26285620403496524,6,133.0,0.1593394079450891,22,551.0
5550.0,23,326.0,4.9393939393939394,5.863712339327364,13,381.0,0.2847650145755056,10,120.0,0.2830146241445865,23,501.0
5555.0,25,406.0,6.34375,5.630501446114165,15,404.0,0.17369058285210784,10,164.0,0.40794321474226525,25,568.0
5560.0,29,401.0,6.365079365079365,5.005418493035532,18,425.0,0.1948197795088094,11,214.0,0.3480906661831791,29,639.0
5565.0,27,351.0,5.318181818181818,5.124372144137333,18,367.0,0.2600541891543935,9,210.0,0.3882259827928516,27,577.0
5570.0,26,359.0,5.609375,4.796347858248374,17,391.0,0.24847647337738943,9,159.0,0.3238000100030189,26,550.0
5575.0,22,345.0,5.2272727272727275,5.816789165283198,12,363.0,0.3211392485408894,10,173.0,0.350898915879619,22,536.0
5580.0,24,348.0,5.1940298507462686,5.5227929043803075,12,338.0,0.25491711207972845,12,216.0,0.23979690015746521,24,554.0
5585.0,30,310.0,4.626865671641791,4.709497734031859,18,308.0,0.18521373818623676,12,219.0,0.25970632804428334,30,527.0
5590.0,27,300.0,4.6875,4.812879013031841,18,345.0,0.2202295692537428,9,189.0,0.3060182520164996,27,534.0
5595.0,29,346.0,5.40625,4.9498095118920284,22,393.0,0.19662659487461803,7,183.0,0.41197241539264096,29,576.0
5600.0,29,372.0,5.552238805970149,4.7101027970570915,21,431.0,0.14137099950930962,8,158.0,0.4145836281235369,29,589.0
5605.0,24,363.0,5.854838709677419,5.622302440605925,15,408.0,0.18747603403575042,9,183.0,0.4583767869750427,24,591.0
5610.0,20,415.0,6.693548387096774,5.210552193484396,11,445.0,0.1670664753972789,9,198.0,0.2991726262492845,20,643.0
5615.0,27,496.0,8.131147540983607,4.696100541964379,17,524.0,0.1414975953058269,10,215.0,0.2732970042491671,27,739.0
5620.0,32,424.0,7.310344827586207,3.677176872054454,22,565.0,0.18404312524365185,10,167.0,0.16906462197867417,32,732.0
5625.0,32,521.0,9.303571428571429,4.036978628539144,21,610.0,0.2297248313537199,11,170.0,0.180995431585495,32,780.0
5630.0,28,549.0,9.631578947368421,4.2150920772171485,19,642.0,0.23102880912485257,9,184.0,0.3019454359009629,28,826.0
5635.0,23,515.0,9.035087719298245,4.912590078997922,15,596.0,0.1546866394040089,8,199.0,0.33681323727770845,23,795.0
5640.0,19,515.0,9.537037037037036,5.675629849528893,13,563.0,0.22977087728271725,6,187.0,0.23254962721922548,19,750.0
5645.0,16,286.0,5.107142857142857,6.04737689072721,10,408.0,0.27775207447693345,6,162.0,0.10562083645291334,16,570.0
5650.0,22,246.0,4.392857142857143,5.3542531774008975,15,235.0,0.26449646456395715,7,189.0,0.28208397388374046,22,424.0
5655.0,19,309.0,5.722222222222222,5.860656343485541,13,259.0,0.2991582243511122,6,213.0,0.5246935662507783,19,472.0
5660.0,13,321.0,5.732142857142857,6.7301213783842755,9,247.0,0.32401722764444896,4,226.0,0.6032463272578388,13,473.0
5665.0,13,274.0,4.6440677966101696,6.5787372271606,6,182.0,0.3780418566847095,7,239.0,0.4515032584391048,13,421.0
5670.0,21,241.0,4.016666666666667,5.932068953300434,11,184.0,0.3304560893050805,10,201.0,0.3656404897767959,21,385.0
5675.0,28,237.0,3.95,4.858856114538087,16,223.0,0.260664846709325,12,122.0,0.33521111498453365,28,345.0
5680.0,29,334.0,5.758620689655173,4.6260586094439615,18,305.0,0.26245901813159556,11,158.0,0.35232012320973993,29,463.0
5685.0,31,447.0,8.127272727272727,4.199644829550568,22,407.0,0.17179156756739686,9,166.0,0.3456569227644244,31,573.0
5690.0,32,457.0,8.160714285714286,2.7200219324882036,23,463.0,0.07474939301538781,9,174.0,0.1796116320232261,32,637.0
5695.0,29,437.0,7.803571428571429,3.752339701414565,16,458.0,0.17124316444155332,13,195.0,0.04790874748594074,29,653.0
5700.0,26,356.0,6.137931034482759,4.63983572431015,14,401.0,0.28364412146030854,12,177.0,0.10987077894560832,26,578.0
5705.0,24,334.0,5.758620689655173,5.133727286318236,14,374.0,0.2693866324998009,10,214.0,0.25962599489304533,24,588.0
5710.0,25,353.0,6.303571428571429,4.725141134572467,18,399.0,0.220615052497117,7,209.0,0.3895145697712732,25,608.0
5715.0,19,340.0,5.964912280701754,5.550289911613513,13,369.0,0.20022078827720935,6,179.0,0.48549122916398346,19,548.0
5720.0,21,421.0,7.385964912280702,6.182772529846897,15,373.0,0.24530879437599487,6,194.0,0.3184014852849989,21,567.0
5725.0,22,385.0,6.637931034482759,6.266781035039733,12,346.0,0.24137240472407043,10,231.0,0.2103385329779979,22,577.0
5730.0,22,247.0,4.574074074074074,5.58959808928156,15,329.0,0.2310916343999123,7,165.0,0.24352833011675473,22,494.0
5735.0,21,267.0,5.5625,5.408119480373962,15,351.0,0.30519213575758397,6,102.0,0.3747799802862646,21,453.0
5740.0,22,313.0,6.137254901960785,5.572433381170875,17,400.0,0.256086589786038,5,83.0,0.5545970173886101,22,483.0
5745.0,22,347.0,6.803921568627451,5.0607895801936085,15,426.0,0.22992899657258303,7,91.0,0.5447483298191139,22,517.0
5750.0,17,358.0,6.509090909090909,5.87717327665195,9,395.0,0.24375833268707073,8,123.0,0.4457956503800929,17,518.0
5755.0,16,252.0,4.581818181818182,5.988885689833983,9,346.0,0.2741363929711013,7,91.0,0.30930669486129614,16,437.0
5760.0,19,152.0,2.7142857142857144,5.468406708346605,9,246.0,0.1931880965683835,10,96.0,0.292677967987442,19,342.0
5765.0,20,185.0,3.3035714285714284,5.812408983950454,12,199.0,0.3030430240849838,8,106.0,0.4007781804226408,20,305.0
5770.0,19,229.0,3.9482758620689653,5.983012409666341,9,209.0,0.39804602489465435,10,123.0,0.4352115222598642,19,332.0
5775.0,14,176.0,3.0344827586206895,6.133366197682844,6,184.0,0.3426468279256948,8,121.0,0.47807543027648775,14,305.0
5780.0,25,250.0,3.90625,5.091970653393617,14,206.0,0.29356129975616196,11,131.0,0.25424156907375955,25,337.0
5785.0,27,325.0,5.0,5.050222096350819,14,241.0,0.3159558997841256,13,183.0,0.2418904149721499,27,424.0
5790.0,28,414.0,6.46875,4.5351677295533595,13,278.0,0.2514621630220262,15,234.0,0.25726690561845056,28,512.0
5795.0,24,370.0,5.78125,4.295988542255817,13,293.0,0.24209527327998986,11,222.0,0.1846400234030035,24,515.0
5800.0,26,354.0,5.363636363636363,4.62889838084299,18,345.0,0.17624302775399509,8,151.0,0.24173068188855004,26,496.0
5805.0,25,369.0,5.507462686567164,4.804838142604546,19,403.0,0.16944112450649962,6,154.0,0.3007948946810627,25,557.0
5810.0,28,421.0,6.1911764705882355,4.714980530665222,18,470.0,0.23262412371528352,10,145.0,0.3167516226462842,28,615.0
5815.0,24,466.0,7.1692307692307695,5.097349316912618,15,504.0,0.29492503693850775,9,141.0,0.3126304512390745,24,645.0
5820.0,25,390.0,5.909090909090909,5.212633363236702,19,450.0,0.23468060962661,6,110.0,0.3284924887049027,25,560.0
5825.0,28,384.0,5.408450704225352,5.143848542600057,22,486.0,0.14327415741074045,6,82.0,0.4389690711525172,28,568.0
5830.0,35,329.0,4.768115942028985,4.931763477751181,24,473.0,0.2130930086628946,11,123.0,0.3988241926184142,35,596.0
5835.0,32,443.0,6.611940298507463,4.82754310121497,23,492.0,0.22072026720193624,9,147.0,0.3932463568487115,32,639.0
5840.0,33,495.0,7.071428571428571,3.8154519860584037,26,556.0,0.09327923247136272,7,136.0,0.3955871422172757,33,692.0
5845.0,29,496.0,6.888888888888889,4.883051624436067,20,568.0,0.1608243494489314,9,164.0,0.38959071201596857,29,732.0
5850.0,31,597.0,8.178082191780822,5.212297334563632,19,570.0,0.23765058514678974,12,210.0,0.328784675250362,31,780.0
5855.0,32,642.0,8.675675675675675,5.230791345716567,19,600.0,0.27695929355576726,13,231.0,0.3050625970011921,32,831.0
5860.0,33,702.0,9.75,4.519172423337805,18,648.0,0.24205589988855186,15,238.0,0.28423076766583094,33,886.0
5865.0,36,779.0,10.819444444444445,4.372866721124696,22,726.0,0.2435954830032882,14,222.0,0.2907287091441603,36,948.0
5870.0,41,964.0,13.205479452054794,4.0054742230389495,24,846.0,0.2416162457592895,17,289.0,0.23815545331752325,41,1135.0
5875.0,40,968.0,13.08108108108108,3.052329459646877,24,899.0,0.22809166051209892,16,306.0,0.15618216126152856,40,1205.0
5880.0,30,899.0,12.315068493150685,4.133909535654432,19,916.0,0.1954685434664877,11,264.0,0.2356392359496779,30,1180.0
5885.0,32,848.0,11.616438356164384,4.123745916239443,22,919.0,0.06913763309975808,10,214.0,0.2890059653635731,32,1133.0
5890.0,28,556.0,7.413333333333333,4.265536376581717,24,863.0,0.04806907316400945,4,186.0,0.3018570352964392,28,1049.0
5895.0,30,406.0,5.638888888888889,3.969412731427884,17,936.0,0.1684481678162228,13,184.0,0.28706079340880136,30,1120.0
5900.0,24,307.0,4.385714285714286,4.460546006059985,11,953.0,0.25631534224850583,13,209.0,0.2697367909574387,24,1162.0
5905.0,21,318.0,4.416666666666667,4.557636772365683,13,919.0,0.2329026390335416,8,192.0,0.2476993592716604,21,1111.0
5910.0,22,333.0,4.625,4.62669708197137,16,814.0,0.19853761919186072,6,189.0,0.2926057985999241,22,1003.0
5915.0,28,393.0,5.3108108108108105,4.314909472123844,14,864.0,0.22689465610278603,14,198.0,0.22288298260089892,28,1062.0
5920.0,30,478.0,7.029411764705882,3.9578586223121697,13,889.0,0.18907037295348686,17,260.0,0.22399573240700085,30,1149.0
5925.0,36,414.0,6.2727272727272725,3.3539365292772048,17,833.0,0.13941986889648705,19,330.0,0.1665923529716076,36,1163.0
5930.0,38,497.0,7.202898550724638,3.475832290709591,20,802.0,0.15019551742206907,18,371.0,0.16074296210489314,38,1173.0
5935.0,31,485.0,7.028985507246377,4.164335234796006,22,794.0,0.1456874150269823,9,328.0,0.25492335214787265,31,1122.0
5940.0,29,524.0,7.705882352941177,5.3940973503420455,20,709.0,0.147439751497745,9,325.0,0.42383750803961623,29,1034.0
5945.0,24,503.0,7.397058823529412,4.865090775264444,14,742.0,0.1548488844700826,10,352.0,0.2914420548418331,24,1094.0
5950.0,24,509.0,8.079365079365079,4.292683880781843,9,731.0,0.22425754030958192,15,385.0,0.21906015386467878,24,1116.0
5955.0,27,272.0,4.387096774193548,3.9799477328066737,11,638.0,0.21541744721060635,16,317.0,0.1897874631394745,27,955.0
5960.0,36,368.0,5.841269841269841,4.178863382637089,19,646.0,0.2231391386109558,17,333.0,0.21703780847849535,36,979.0
5965.0,32,432.0,6.857142857142857,3.914482530312512,17,696.0,0.1873690256007862,15,349.0,0.23131950633668402,32,1045.0
5970.0,25,404.0,6.412698412698413,4.521869068609167,15,736.0,0.22984889089434402,10,293.0,0.20258668984226524,25,1029.0
5975.0,24,446.0,6.96875,5.252241693101043,17,711.0,0.16901174469887317,7,299.0,0.312758742329299,24,1010.0
5980.0,25,424.0,6.235294117647059,5.238023822393033,13,594.0,0.18762282993750035,12,336.0,0.32156712594377396,25,930.0
5985.0,26,294.0,4.59375,5.286242734098506,12,500.0,0.31270423326664304,14,312.0,0.35336523621757093,26,812.0
5990.0,26,346.0,5.492063492063492,4.758980669078353,9,518.0,0.3498173805290014,17,306.0,0.3092997565469915,26,824.0
5995.0,28,375.0,5.681818181818182,4.078282554555532,10,508.0,0.2868027474066345,18,311.0,0.18833654261239405,28,819.0
6000.0,27,391.0,6.015384615384615,4.567617262210535,14,501.0,0.22135757902260983,13,266.0,0.19608395375288906,27,767.0
6005.0,28,424.0,6.235294117647059,4.314508771553073,15,441.0,0.12089707951043414,13,288.0,0.21675230200284343,28,729.0
6010.0,29,320.0,4.571428571428571,4.177350996395306,15,421.0,0.19492386300849376,14,304.0,0.19641687525798474,29,725.0
6015.0,32,403.0,6.014925373134329,4.337633776820241,15,424.0,0.3085547468018635,17,371.0,0.23420722133353863,32,795.0
6020.0,36,397.0,5.838235294117647,3.9448605501018648,15,406.0,0.27584686095959593,21,416.0,0.2662442312389832,36,822.0
6025.0,38,485.0,7.132352941176471,3.574401396777042,18,442.0,0.23302650584381812,20,468.0,0.227289631695116,38,910.0
6030.0,44,588.0,8.521739130434783,3.3964588305052845,18,470.0,0.19427766775260064,26,572.0,0.1549960252212293,44,1042.0
6035.0,36,550.0,7.638888888888889,3.8616983047789506,11,429.0,0.29811205336674934,25,592.0,0.09526637308117153,36,1021.0
6040.0,27,397.0,5.438356164383562,4.726276331350015,9,374.0,0.29357557486980834,18,539.0,0.17558095930945916,27,913.0
6045.0,21,334.0,4.638888888888889,5.407585173366915,10,281.0,0.20292665344245386,11,500.0,0.28181496552880037,21,781.0
6050.0,25,359.0,5.128571428571429,5.0853994940224005,15,297.0,0.21644595207211265,10,474.0,0.25461142368898065,25,771.0
6055.0,24,341.0,5.166666666666667,5.053277432140397,10,308.0,0.3197523606322768,14,433.0,0.13157971874158533,24,741.0
6060.0,30,430.0,6.615384615384615,3.8673468002397184,11,290.0,0.26347256916033235,19,463.0,0.11101002699952461,30,753.0
6065.0,28,510.0,8.5,4.50887321224568,16,296.0,0.20135304128050854,12,448.0,0.290030924625646,28,744.0
6070.0,27,432.0,7.2,4.16211272516809,18,317.0,0.15610323848716096,9,416.0,0.31201227136011417,27,733.0
6075.0,28,341.0,5.590163934426229,4.019672320507876,14,303.0,0.23767436511818102,14,374.0,0.22173788524876467,28,677.0
6080.0,30,384.0,6.0,4.207439346422911,12,321.0,0.28179731188186924,18,397.0,0.22761879866395826,30,718.0
6085.0,23,386.0,5.7611940298507465,5.698642521277504,11,296.0,0.25190561113238485,12,392.0,0.32857106493807,23,688.0
6090.0,25,410.0,6.3076923076923075,5.407972810915844,14,316.0,0.17528747813653253,11,347.0,0.345465032822593,25,663.0
6095.0,30,504.0,7.753846153846154,5.8845865063280565,14,339.0,0.2839781734521095,16,342.0,0.26399692458436336,30,681.0
6100.0,36,666.0,10.918032786885245,4.070728944145674,16,411.0,0.25944972761052043,20,429.0,0.19799647129433512,36,840.0
6105.0,39,811.0,13.295081967213115,2.823513875908503,19,502.0,0.14101693482681438,20,468.0,0.22451069247448927,39,970.0
6110.0,35,684.0,10.523076923076923,2.914835951548359,19,467.0,0.15604685843618732,16,473.0,0.23214229902784608,35,940.0
6115.0,32,517.0,7.7164179104477615,4.060901321044575,17,375.0,0.26448300896013327,15,425.0,0.28860055615551716,32,800.0
6120.0,31,442.0,6.405797101449275,4.285242194193012,15,380.0,0.26397195049258176,16,379.0,0.2882268720849,31,759.0
6125.0,29,351.0,4.875,4.1246301690555764,11,315.0,0.3163168433150157,18,398.0,0.1645244372428842,29,713.0
6130.0,27,308.0,4.162162162162162,5.365093527014653,12,315.0,0.35932385326207333,15,365.0,0.16964592522161423,27,680.0
6135.0,23,263.0,3.506666666666667,5.365265920540078,9,270.0,0.3290538169375119,14,415.0,0.1726558337724573,23,685.0
6140.0,28,328.0,4.493150684931507,5.153590807029455,9,207.0,0.3171002457599158,19,485.0,0.15668070870211928,28,692.0
6145.0,38,369.0,5.054794520547945,4.357507398447226,13,197.0,0.3367362723300396,25,544.0,0.15358003298261005,38,741.0
6150.0,36,406.0,5.71830985915493,3.8222946351441816,16,199.0,0.254299162286057,20,567.0,0.21014001900141444,36,766.0
6155.0,35,446.0,6.28169014084507,4.068172357906934,18,244.0,0.233354142988403,17,569.0,0.24440659848127363,35,813.0
6160.0,24,325.0,4.391891891891892,4.492244138280569,11,233.0,0.21511402287137218,13,500.0,0.18766335888457106,24,733.0
6165.0,22,329.0,4.7,5.632498407147823,10,195.0,0.24456178976524917,12,454.0,0.2513159394603044,22,649.0
6170.0,27,399.0,5.7,5.295491854207125,14,210.0,0.19470953177297293,13,450.0,0.27320118991777204,27,660.0
6175.0,29,415.0,6.484375,4.576164872613035,16,243.0,0.22177171537179585,13,432.0,0.26122309720604897,29,675.0
6180.0,28,257.0,4.213114754098361,4.020380978928054,15,264.0,0.2756227443678059,13,344.0,0.2315861263726744,28,608.0
6185.0,31,315.0,5.25,3.5981749699366303,14,283.0,0.26255806144681604,17,293.0,0.20516476966568664,31,576.0
6190.0,28,276.0,4.451612903225806,3.6468776040048545,11,257.0,0.20056850704108423,17,314.0,0.1834242824276342,28,571.0
6195.0,21,247.0,3.742424242424242,4.828494126269457,10,280.0,0.2400754749688182,11,282.0,0.18538303446396134,21,562.0
6200.0,26,325.0,4.924242424242424,5.013917517244692,15,338.0,0.12692988475876676,11,300.0,0.29038293681290417,26,638.0
6205.0,28,350.0,5.384615384615385,4.724252248644379,18,383.0,0.20625030117817025,10,291.0,0.26352354620851964,28,674.0
6210.0,19,378.0,6.3,4.883196585817915,9,359.0,0.3565437443494679,10,296.0,0.17450930983828705,19,655.0
6215.0,23,431.0,7.305084745762712,4.948966899562955,12,406.0,0.24755981384508302,11,266.0,0.2015829335511442,23,672.0
6220.0,27,535.0,9.067796610169491,4.279169164792943,17,481.0,0.05146574806508801,10,267.0,0.24251679678308502,27,748.0
6225.0,32,562.0,9.064516129032258,4.5163962402970075,19,504.0,0.13277829116445272,13,265.0,0.24797948245323415,32,769.0
6230.0,25,513.0,8.694915254237289,4.976096151492505,14,465.0,0.29667278252898416,11,278.0,0.3178478523023189,25,743.0
6235.0,28,573.0,9.55,4.904389967709307,12,474.0,0.3799138804292851,16,345.0,0.25268210391803775,28,819.0
6240.0,24,542.0,9.033333333333333,4.810802934888118,10,430.0,0.3281129858680573,14,367.0,0.255603034289766,24,797.0
6245.0,22,559.0,9.316666666666666,4.644466348351044,11,428.0,0.2385942441153056,11,331.0,0.24139275553773773,22,759.0
6250.0,29,672.0,10.338461538461539,4.993433681779857,17,419.0,0.1262457918301364,12,352.0,0.2909651015359105,29,771.0
6255.0,27,493.0,7.951612903225806,5.1830700716075935,16,335.0,0.19213137940375244,11,364.0,0.32589647707759706,27,699.0
6260.0,18,425.0,6.967213114754099,6.034281798577779,11,243.0,0.298376039070092,7,385.0,0.40332186459562874,18,628.0
6265.0,22,189.0,3.098360655737705,5.080661489713873,13,228.0,0.3488983467854057,9,228.0,0.2843546071558185,22,456.0
6270.0,21,179.0,2.9344262295081966,5.619889329256528,9,186.0,0.39850560123828593,12,198.0,0.2502391365995238,21,384.0
6275.0,24,244.0,3.935483870967742,5.3599189470705815,12,199.0,0.35708078162629714,12,223.0,0.22242467818000783,24,422.0
6280.0,29,337.0,5.435483870967742,5.3086795073202975,17,247.0,0.216266674250294,12,224.0,0.38025917620149313,29,471.0
6285.0,26,349.0,5.721311475409836,4.239155907949372,16,272.0,0.17652118604970052,10,229.0,0.31004594436765087,26,501.0
6290.0,23,370.0,5.967741935483871,5.321826960109422,13,285.0,0.3006773553480193,10,206.0,0.20719599637735225,23,491.0
6295.0,24,433.0,6.983870967741935,5.2292596425134334,13,323.0,0.304741876168238,11,224.0,0.10716260252679208,24,547.0
6300.0,34,486.0,7.253731343283582,5.118969056555557,17,345.0,0.2496137206598403,17,276.0,0.10546399868256665,34,621.0
6305.0,30,483.0,7.546875,5.025401515400159,18,349.0,0.2987175457683603,12,253.0,0.24615470918958984,30,602.0
6310.0,28,479.0,7.484375,5.027324649824973,16,347.0,0.3247047602143161,12,276.0,0.28762212483493876,28,623.0
6315.0,30,468.0,7.3125,4.416219799909259,17,336.0,0.2857880387532609,13,339.0,0.30049513501354785,30,675.0
6320.0,31,461.0,6.779411764705882,4.262299475080831,16,347.0,0.19760011246016987,15,408.0,0.34337881325339614,31,755.0
6325.0,30,472.0,6.742857142857143,4.258314454279439,16,371.0,0.1779788371846749,14,403.0,0.3114367273275673,30,774.0
6330.0,26,392.0,5.9393939393939394,3.8447869866598694,17,400.0,0.09839434133390305,9,337.0,0.3332812636651718,26,737.0
6335.0,25,435.0,6.904761904761905,4.336374061762809,14,432.0,0.1677793025169546,11,329.0,0.2779758061384069,25,761.0
6340.0,26,341.0,5.08955223880597,4.201377168252298,18,461.0,0.0688015009125973,8,256.0,0.2981661330962353,26,717.0
6345.0,29,318.0,4.818181818181818,4.929408603038635,21,528.0,0.16672114682420786,8,172.0,0.3115636544136793,29,700.0
6350.0,28,396.0,6.285714285714286,4.836861483871,19,586.0,0.21828732463682465,9,202.0,0.32370855507431234,28,788.0
6355.0,24,445.0,7.416666666666667,5.317228215517036,15,593.0,0.2648318581382096,9,206.0,0.2512852238870227,24,799.0
6360.0,26,446.0,7.193548387096774,4.074754596019248,17,586.0,0.13405470281565937,9,210.0,0.17340092410134453,26,796.0
6365.0,30,400.0,6.0606060606060606,4.585153764267331,15,533.0,0.20813894918715395,15,276.0,0.1981958294684589,30,809.0
6370.0,27,357.0,5.95,4.803791483094673,13,496.0,0.3470260789844063,14,317.0,0.2859053021769007,27,813.0
6375.0,23,352.0,5.5,4.825152936330173,7,498.0,0.3679153849192706,16,368.0,0.28301110697392146,23,866.0
6380.0,25,361.0,5.73015873015873,4.402149434283527,10,469.0,0.27378061868056974,15,393.0,0.2486923790334307,25,862.0
6385.0,24,303.0,4.887096774193548,4.644169592617455,15,494.0,0.13861151345494802,9,364.0,0.30354109673015334,24,858.0
6390.0,24,291.0,4.476923076923077,4.794382555406833,19,552.0,0.07914245742684178,5,258.0,0.30791471926269703,24,810.0
6395.0,27,254.0,4.096774193548387,4.75013806408276,17,580.0,0.2118293968607205,10,170.0,0.23888635267931807,27,750.0
6400.0,31,357.0,5.852459016393443,4.630244648215259,16,627.0,0.2968323203723548,15,213.0,0.22072193208495258,31,840.0
6405.0,28,445.0,7.17741935483871,4.939315355031889,13,655.0,0.26650871896726347,15,272.0,0.29271056803067674,28,927.0
6410.0,26,446.0,6.96875,5.035541026287126,13,698.0,0.3286784924833773,13,273.0,0.21755014633827952,26,971.0
6415.0,25,420.0,6.5625,5.17384315184953,17,764.0,0.28624117881753014,8,222.0,0.23661494958725213,25,986.0
6420.0,25,517.0,8.206349206349206,5.108016674628214,20,856.0,0.14355895455562698,5,203.0,0.41071696335386976,25,1059.0
6425.0,29,619.0,9.378787878787879,4.698572680188764,21,927.0,0.10612910464508017,8,231.0,0.3472173010965285,29,1158.0
6430.0,28,703.0,10.492537313432836,4.77363133970555,17,954.0,0.21485789448309342,11,236.0,0.30503741826210307,28,1190.0
6435.0,21,638.0,10.459016393442623,5.750219696040882,16,902.0,0.2661840458599223,5,199.0,0.40234995426549314,21,1101.0
6440.0,22,405.0,6.136363636363637,4.835698377839581,14,774.0,0.1708614331820218,8,184.0,0.2916882313400131,22,958.0
6445.0,31,361.0,5.231884057971015,5.226766642842732,16,651.0,0.1988306205111678,15,248.0,0.3677280687529176,31,899.0
6450.0,25,211.0,3.196969696969697,4.995681030776812,11,643.0,0.2581356500456248,14,193.0,0.3892086383983258,25,836.0
6455.0,26,277.0,4.134328358208955,4.866597979086978,11,647.0,0.27951833045955593,15,229.0,0.335724081452025,26,876.0
6460.0,32,366.0,5.228571428571429,4.904995103367701,13,648.0,0.2964149900895694,19,294.0,0.32675501350113145,32,942.0
6465.0,35,485.0,6.466666666666667,4.441027411573689,13,653.0,0.30808301383710995,22,384.0,0.19468943740864975,35,1037.0
6470.0,42,626.0,8.12987012987013,4.377397438277198,16,611.0,0.2812372854525644,26,488.0,0.20280510220094106,42,1099.0
6475.0,37,605.0,7.756410256410256,4.0953077208116895,12,452.0,0.30462497690284807,25,544.0,0.1883120326228841,37,996.0
6480.0,39,649.0,8.012345679012345,4.178451102176793,12,473.0,0.34427758577150896,27,592.0,0.2095187555750359,39,1065.0
6485.0,43,639.0,7.9875,3.4845408399886617,16,474.0,0.2652400568758057,27,624.0,0.1928509672145394,43,1098.0
6490.0,40,450.0,5.487804878048781,3.7815790589020892,20,527.0,0.16524493308889152,20,547.0,0.25137623854698404,40,1074.0
6495.0,32,413.0,5.036585365853658,4.4315412076639085,15,550.0,0.18586789899460338,17,461.0,0.22463469663872115,32,1011.0
6500.0,31,467.0,5.8375,4.58127512291481,14,507.0,0.20879632221836883,17,487.0,0.21277933611820513,31,994.0
6505.0,34,510.0,6.455696202531645,3.93060546538212,14,444.0,0.15965457418821286,20,537.0,0.194459339692291,34,981.0
6510.0,42,623.0,7.886075949367089,3.5715234672114695,18,408.0,0.20743806558664582,24,599.0,0.18692229581314065,42,1007.0
6515.0,43,666.0,8.64935064935065,3.688478140957398,16,408.0,0.2698398543173927,27,666.0,0.21775638235214106,43,1074.0
6520.0,49,828.0,10.222222222222221,3.299174553019256,20,444.0,0.2444556733240713,29,729.0,0.19398690699490223,49,1173.0
6525.0,41,814.0,9.69047619047619,3.5219818990993383,18,468.0,0.24543964747049068,23,710.0,0.17677691211612542,41,1178.0
6530.0,32,748.0,8.904761904761905,4.675770667543235,12,427.0,0.28535172114358404,20,707.0,0.1846363904280648,32,1134.0
6535.0,29,815.0,9.588235294117647,5.485924733171529,9,384.0,0.40996172025315986,20,751.0,0.1701486492860261,29,1135.0
6540.0,32,742.0,8.833333333333334,5.033506324033829,8,294.0,0.336033796295994,24,787.0,0.08672412719250619,32,1081.0
6545.0,42,649.0,8.428571428571429,3.7384813886945323,14,250.0,0.25579422226281273,28,763.0,0.07126789119720432,42,1013.0
6550.0,39,466.0,6.297297297297297,4.034800930461943,15,288.0,0.31740732867300886,24,735.0,0.13658974213234362,39,1023.0
6555.0,34,502.0,6.972222222222222,3.331324839312543,17,321.0,0.21794753740447467,17,769.0,0.2134025380930761,34,1090.0
6560.0,33,446.0,5.717948717948718,3.829046110845686,21,366.0,0.11749755559419892,12,708.0,0.27815519916961606,33,1074.0
6565.0,29,479.0,6.472972972972973,5.214699726639346,14,362.0,0.20302964358142447,15,669.0,0.3444299330269412,29,1031.0
6570.0,25,528.0,6.947368421052632,5.232810289191578,10,370.0,0.26055158680747875,15,684.0,0.19747289923509787,25,1054.0
6575.0,36,538.0,7.36986301369863,4.369227009956533,11,317.0,0.27549311465377846,25,712.0,0.06662882321228482,36,1029.0
6580.0,35,454.0,6.776119402985074,4.293983046778736,12,265.0,0.30790288388108267,23,719.0,0.14452368443468408,35,984.0
6585.0,34,519.0,7.414285714285715,4.4047399821382145,12,287.0,0.33278572125292516,22,716.0,0.23311217530918535,34,1003.0
6590.0,33,579.0,8.271428571428572,4.240754296769106,14,309.0,0.3376304258408292,19,706.0,0.2899691370437287,33,1015.0
6595.0,34,510.0,7.083333333333333,4.3639319193426855,15,342.0,0.3189768970583425,19,602.0,0.30122188754588547,34,944.0
6600.0,35,461.0,6.1466666666666665,3.252394040029994,20,346.0,0.25433790691852226,15,610.0,0.19101261493256733,35,956.0
6605.0,36,365.0,4.740259740259741,3.268944676032118,21,389.0,0.18100094751861978,15,548.0,0.20212641511995258,36,937.0
6610.0,29,299.0,3.8333333333333335,3.7957632892885513,17,372.0,0.1299150457569363,12,538.0,0.2056481108904421,29,910.0
6615.0,27,359.0,4.662337662337662,5.4152702295741815,13,336.0,0.2359930114950428,14,535.0,0.2343891436519636,27,871.0
6620.0,22,302.0,4.136986301369863,5.922095906947518,8,242.0,0.3176024989576011,14,472.0,0.2109708772408928,22,714.0
6625.0,25,290.0,4.202898550724638,5.194243730476468,12,187.0,0.24042327902808547,13,408.0,0.18323545987839496,25,595.0
6630.0,26,229.0,3.578125,4.599215365583347,14,211.0,0.22000464953327245,12,409.0,0.2548545027240708,26,620.0
6635.0,34,377.0,5.984126984126984,3.945122220792754,18,276.0,0.23653942628947253,16,443.0,0.19404800084584503,34,719.0
6640.0,32,408.0,6.375,4.030149325224635,15,299.0,0.2556794916116872,17,475.0,0.17034546944467502,32,774.0
6645.0,21,331.0,5.338709677419355,5.183625480688695,9,239.0,0.24704431445342478,12,459.0,0.25926942837205513,21,698.0
6650.0,17,265.0,4.416666666666667,4.578919244806405,5,172.0,0.23567884804649822,12,446.0,0.20526185712985032,17,618.0
6655.0,26,251.0,4.048387096774194,5.146031222795663,10,132.0,0.2839414650980014,16,388.0,0.255527319302081,26,520.0
6660.0,28,321.0,5.35,4.760449351536847,12,178.0,0.3427444368959734,16,392.0,0.2933317015525058,28,570.0
6665.0,26,386.0,6.126984126984127,4.428698425001442,15,245.0,0.28988836762138803,11,404.0,0.3102027955903347,26,649.0
6670.0,21,379.0,5.742424242424242,4.866078647304147,12,246.0,0.28221926522242724,9,361.0,0.3038343015933677,21,607.0
6675.0,20,208.0,3.0144927536231885,5.309725700822437,7,188.0,0.2762225696610724,13,306.0,0.274905720147767,20,494.0
6680.0,23,272.0,4.0,5.584470407266164,6,181.0,0.4230501005544945,17,306.0,0.21624403024786606,23,487.0
6685.0,34,367.0,5.477611940298507,4.665110025299782,12,212.0,0.4020496130800596,22,363.0,0.14814252953154688,34,575.0
6690.0,32,321.0,4.791044776119403,3.8806074235646184,12,178.0,0.3479209550367232,20,381.0,0.1578412670838613,32,559.0
6695.0,27,293.0,4.246376811594203,4.385804340243325,13,198.0,0.36034062297521396,14,380.0,0.22478335230238639,27,578.0
6700.0,34,390.0,5.492957746478873,4.411881027649689,13,209.0,0.3653747094586466,21,444.0,0.25461955544733605,34,653.0
6705.0,31,350.0,4.861111111111111,4.2178543508530915,11,182.0,0.3459185035019968,20,474.0,0.21041719951930657,31,656.0
6710.0,28,245.0,3.1818181818181817,4.417129545702043,12,209.0,0.2675919530713518,16,446.0,0.20929694567561574,28,655.0
6715.0,28,263.0,3.371794871794872,4.6484807544125335,15,233.0,0.16926187350409017,13,457.0,0.3042856233153251,28,690.0
6720.0,32,288.0,3.6,4.862820677640399,16,274.0,0.20787935194520493,16,442.0,0.293267252579304,32,716.0
6725.0,37,383.0,4.7875,4.1359848214174875,21,349.0,0.20455343019644223,16,455.0,0.246428643279576,37,804.0
6730.0,36,435.0,5.723684210526316,3.987346635477209,20,391.0,0.14220638173120775,16,427.0,0.24572002740481105,36,818.0
6735.0,29,324.0,4.207792207792208,4.11056775553982,13,358.0,0.14139316604229613,16,441.0,0.1873975382874631,29,799.0
6740.0,33,386.0,5.012987012987013,4.190801358913393,9,376.0,0.26039354251911684,24,473.0,0.07952099388860634,33,849.0
6745.0,39,467.0,6.144736842105263,4.071887505336257,13,377.0,0.2841751856415911,26,528.0,0.09921128739076754,39,905.0
6750.0,40,549.0,7.418918918918919,3.636684664908071,17,386.0,0.23971224471193725,23,554.0,0.17861420159808367,40,940.0
6755.0,31,533.0,7.507042253521127,3.511393285358505,13,361.0,0.24753475690834564,18,575.0,0.19913718441929773,31,936.0
6760.0,26,503.0,6.797297297297297,4.828523441177308,12,351.0,0.2912181714960934,14,508.0,0.21001779048637417,26,859.0
6765.0,21,388.0,5.315068493150685,5.175019979976221,10,358.0,0.3062854478754502,11,422.0,0.21460192891235685,21,780.0
6770.0,30,446.0,5.946666666666666,5.09934600302754,14,401.0,0.29238724379163533,16,383.0,0.20936113747345014,30,784.0
6775.0,35,355.0,5.0,4.225845554092697,18,326.0,0.2412751643155734,17,400.0,0.25244790671710277,35,726.0
6780.0,34,434.0,6.027777777777778,4.379110745240407,18,343.0,0.21417818973292962,16,388.0,0.35935372180809455,34,731.0
6785.0,32,428.0,5.631578947368421,4.336387162341572,21,389.0,0.19269552440123422,11,403.0,0.3505272486286364,32,792.0
6790.0,21,315.0,4.256756756756757,4.963246049495793,12,362.0,0.24151922319359864,9,364.0,0.30537761710314726,21,726.0
6795.0,21,325.0,4.391891891891892,4.971844077918199,7,335.0,0.2840818106754819,14,376.0,0.15325437182228963,21,711.0
6800.0,33,287.0,3.9315068493150687,4.4737228335873,11,245.0,0.28244716769087885,22,453.0,0.07219563390527006,33,698.0
6805.0,38,349.0,5.132352941176471,3.748285346869409,11,216.0,0.2370745413236926,27,562.0,0.11231687162851763,38,778.0
6810.0,39,509.0,7.8307692307692305,3.16000673989974,13,252.0,0.22786388903724566,26,682.0,0.1496034340471646,39,934.0
6815.0,32,545.0,8.257575757575758,3.7703038224837946,7,228.0,0.32840176228126355,25,717.0,0.11827651793290822,32,945.0
6820.0,28,506.0,7.4411764705882355,4.518246686120474,6,217.0,0.35566017805813405,22,716.0,0.1669515821773182,28,933.0
6825.0,30,455.0,6.5,4.547754553941873,12,249.0,0.2864696810490988,18,720.0,0.26984636819944785,30,969.0
6830.0,28,308.0,4.219178082191781,4.173975422617593,15,283.0,0.2789364676834364,13,628.0,0.2293570038085043,28,911.0
6835.0,20,323.0,4.424657534246576,5.338299295960155,7,286.0,0.312137802991146,13,554.0,0.26819885088397244,20,840.0
6840.0,23,340.0,4.788732394366197,6.180900668280541,9,294.0,0.35184987975042353,14,544.0,0.27768340161657074,23,838.0
6845.0,28,288.0,4.056338028169014,4.945295327639604,9,211.0,0.20792849181326029,19,562.0,0.20325306935842533,28,773.0
6850.0,33,386.0,5.938461538461539,4.362640408436483,12,222.0,0.2175862813645689,21,600.0,0.1731988043520498,33,822.0
6855.0,28,444.0,6.9375,4.305781721501621,11,257.0,0.19722629935385028,17,616.0,0.22280350977222196,28,873.0
6860.0,25,515.0,7.803030303030303,4.674757633362943,8,267.0,0.19324517079093645,17,679.0,0.22100149618618575,25,946.0
6865.0,29,475.0,6.785714285714286,4.671884195631476,7,199.0,0.2907830353367876,22,755.0,0.16942526520732198,29,954.0
6870.0,32,492.0,7.343283582089552,5.181013297220094,9,115.0,0.452442874984441,23,748.0,0.2005405695391712,32,863.0
6875.0,32,425.0,6.538461538461538,4.44022797808127,9,136.0,0.3799959542950456,23,688.0,0.2063793888252931,32,824.0
6880.0,32,398.0,6.21875,3.977145848974332,13,177.0,0.2907017338535969,19,727.0,0.21542314758414002,32,904.0
6885.0,28,321.0,4.791044776119403,3.8124505566756195,11,182.0,0.22370882386762117,17,699.0,0.19940929123486975,28,881.0
6890.0,21,314.0,4.617647058823529,4.975771731932589,4,136.0,0.3028517050159195,17,692.0,0.20813523983278046,21,828.0
6895.0,24,300.0,4.109589041095891,5.355973901920129,6,151.0,0.2868329015102884,18,684.0,0.2517884906783353,24,835.0
6900.0,33,446.0,6.194444444444445,5.456899995171512,11,198.0,0.40700724485553114,22,749.0,0.22052935021031547,33,947.0
6905.0,30,447.0,6.478260869565218,4.819389037193574,7,203.0,0.44457489168332276,23,798.0,0.20204660404454677,30,1001.0
6910.0,31,491.0,7.4393939393939394,4.685066941660965,6,166.0,0.3983514711620992,25,794.0,0.18013517261809564,31,960.0
6915.0,27,556.0,8.96774193548387,4.373385036877174,6,175.0,0.3617386999541193,21,857.0,0.1643015262489722,27,1032.0
6920.0,26,578.0,9.174603174603174,5.296792405355206,8,199.0,0.3219235071177397,18,874.0,0.21930601805410352,26,1073.0
6925.0,25,466.0,7.898305084745763,4.281194764376575,7,107.0,0.10855496875166223,18,826.0,0.17879805065113735,25,933.0
6930.0,29,396.0,6.491803278688525,4.548743331116557,11,139.0,0.17651043817857426,18,703.0,0.21447699560286065,29,842.0
6935.0,26,374.0,6.131147540983607,4.951993666821847,8,177.0,0.3650707954514544,18,689.0,0.23879124078698397,26,866.0
6940.0,24,410.0,7.068965517241379,4.533569322689718,8,209.0,0.48660006728806426,16,646.0,0.227336583983862,24,855.0
6945.0,24,404.0,6.733333333333333,4.2884451395252805,5,186.0,0.438195228934333,19,659.0,0.19994632851668834,24,845.0
6950.0,27,468.0,7.932203389830509,4.730599564222744,4,116.0,0.5392324478540756,23,679.0,0.14375142728448434,27,795.0
6955.0,30,465.0,7.5,4.1010905897812915,6,35.0,0.3319116982362474,24,662.0,0.15528043569461014,30,697.0
6960.0,29,439.0,7.080645161290323,4.356661207444299,9,57.0,0.31363826539536854,20,670.0,0.18394530352523028,29,727.0
6965.0,32,540.0,8.709677419354838,4.333587064850034,12,98.0,0.3123285503942972,20,686.0,0.2235282556626342,32,784.0
6970.0,37,690.0,10.615384615384615,4.208204026473461,13,143.0,0.3760087504380222,24,737.0,0.15177848335336389,37,880.0
6975.0,36,764.0,11.235294117647058,4.143071027448224,12,165.0,0.3258081112005493,24,761.0,0.2279848407211777,36,926.0
6980.0,25,600.0,8.695652173913043,4.217603550150628,5,132.0,0.35447304265361396,20,738.0,0.18832498506846068,25,870.0
6985.0,24,287.0,4.2835820895522385,5.269997461745381,7,106.0,0.44872544392975844,17,588.0,0.19202837495679018,24,694.0
6990.0,23,324.0,4.695652173913044,5.717980010876607,10,128.0,0.332770398678596,13,460.0,0.1993190881613302,23,588.0
6995.0,24,289.0,4.313432835820896,5.618153062026569,7,120.0,0.3389257361189056,17,454.0,0.15704445318089708,24,574.0
7000.0,28,360.0,5.625,4.569272916833741,11,145.0,0.30251126008340845,17,472.0,0.12485534551019302,28,617.0
7005.0,27,364.0,6.169491525423729,4.823222727433641,7,117.0,0.5006715147590847,20,534.0,0.11088405351034178,27,651.0
7010.0,26,367.0,6.796296296296297,4.364236500557798,8,120.0,0.4558829193554029,18,559.0,0.12846032451671272,26,679.0
7015.0,27,376.0,6.962962962962963,3.212137392971076,9,133.0,0.2929699875883748,18,526.0,0.13769231874357613,27,659.0
7020.0,22,363.0,6.980769230769231,4.176454391480659,10,147.0,0.2739260245137459,12,452.0,0.151795489693997,22,599.0
7025.0,24,481.0,10.020833333333334,4.955873575378171,11,196.0,0.276304357206046,13,431.0,0.2030015557453293,24,627.0
7030.0,21,490.0,10.208333333333334,4.615970227503448,9,207.0,0.2377773490964168,12,449.0,0.1057426304001701,21,656.0
7035.0,21,518.0,11.26086956521739,5.232816704341504,8,204.0,0.3428821165193412,13,455.0,0.17671590029103995,21,659.0
7040.0,18,428.0,9.953488372093023,5.039243484143027,6,123.0,0.42163639594300534,12,473.0,0.21809648242505214,18,596.0
7045.0,18,446.0,10.372093023255815,5.942615505913931,8,138.0,0.4516997718830187,10,433.0,0.2871465115070158,18,571.0
7050.0,19,439.0,9.755555555555556,4.693766373762141,8,108.0,0.3396489384382168,11,431.0,0.22106086065502029,19,539.0
7055.0,20,494.0,10.291666666666666,5.202388235096923,7,108.0,0.38367926955999365,13,496.0,0.2489094451864635,20,604.0
7060.0,19,437.0,9.104166666666666,4.65067445598656,9,121.0,0.2862114425345593,10,478.0,0.29421566550575956,19,599.0
7065.0,17,463.0,10.065217391304348,5.643709015424127,9,117.0,0.16933952343396033,8,436.0,0.378572723735935,17,553.0
7070.0,14,161.0,3.744186046511628,5.749951976311423,9,118.0,0.14418098707701876,5,253.0,0.3455549750217521,14,371.0
7075.0,12,167.0,3.883720930232558,6.89361402534218,6,102.0,0.3638303024510373,6,112.0,0.2596717973544485,12,214.0
7080.0,14,236.0,5.7560975609756095,6.372614369338707,6,125.0,0.4842010099511422,8,150.0,0.2404409400734753,14,275.0
7085.0,12,242.0,5.902439024390244,6.675517911064936,6,132.0,0.49997767944884225,6,164.0,0.4000337193128404,12,296.0
7090.0,12,270.0,6.27906976744186,6.7215201280347,6,134.0,0.42926404282349795,6,165.0,0.4085396081344461,12,299.0
7095.0,12,329.0,7.311111111111111,7.760837523288636,7,168.0,0.3376123344375148,5,190.0,0.49899413883805954,12,358.0
7100.0,12,89.0,1.8936170212765957,6.728161544966284,7,103.0,0.22752568154706868,5,99.0,0.35449114183972275,12,202.0
7105.0,13,107.0,2.3777777777777778,7.2460221721644,8,74.0,0.3089482059720099,5,43.0,0.41616932177194227,13,117.0
7110.0,11,78.0,1.813953488372093,7.706600121273914,5,69.0,0.42258992855767835,6,44.0,0.4784667055705091,11,113.0
7115.0,14,136.0,3.1627906976744184,7.0583499417098405,7,75.0,0.3722938562314329,7,80.0,0.4801003834229805,14,155.0
7120.0,8,62.0,1.4761904761904763,6.040820186633492,4,70.0,0.3290418630918854,4,74.0,0.4918002161114612,8,144.0
7125.0,10,89.0,2.022727272727273,8.018970898138267,4,43.0,0.47505745295767154,6,62.0,0.5032185559252433,10,105.0
7130.0,13,140.0,3.3333333333333335,8.167897610439454,5,53.0,0.44534892229916245,8,91.0,0.30766880726281787,13,144.0
7135.0,12,124.0,2.9523809523809526,7.143533309296684,5,74.0,0.3961265140538101,7,79.0,0.1095066464265046,12,153.0
7140.0,15,192.0,5.485714285714286,6.816438898128094,6,105.0,0.5006754292139394,9,97.0,0.1747659727673243,15,202.0
7145.0,11,134.0,4.32258064516129,5.545992148040375,5,93.0,0.5123806103562404,6,94.0,0.23700780130339524,11,187.0
7150.0,11,146.0,4.294117647058823,7.211694694759155,5,65.0,0.6296392066821429,6,93.0,0.34247103624292813,11,158.0
7155.0,8,119.0,3.4,6.411420094242801,6,83.0,0.4415289139645284,2,61.0,0.5559693132944963,8,144.0
7160.0,11,145.0,3.918918918918919,7.863094593671545,9,125.0,0.4579527074483151,2,29.0,0.6648815365208692,11,154.0
7165.0,11,168.0,4.421052631578948,6.977948161855509,8,153.0,0.3285882610091625,3,36.0,0.5000432022203655,11,189.0
7170.0,20,230.0,5.348837209302325,5.798177678822308,12,178.0,0.25551833013460107,8,64.0,0.29863088451369196,20,242.0
7175.0,17,179.0,4.475,5.4662339167555665,9,148.0,0.29162941361795724,8,103.0,0.3929494587524141,17,251.0
7180.0,12,168.0,4.0,6.042811262787076,7,93.0,0.33417969465020564,5,115.0,0.44773880219204837,12,208.0
7185.0,10,162.0,3.6,6.724761646607087,4,93.0,0.44428689031007,6,123.0,0.4235539530588609,10,216.0
7190.0,17,215.0,4.479166666666667,6.153330066219021,7,87.0,0.3828539118041948,10,154.0,0.34099109093717295,17,241.0
7195.0,22,311.0,6.098039215686274,5.807626848006102,11,136.0,0.34691748139418405,11,201.0,0.29993035098492676,22,337.0
7200.0,20,257.0,5.14,4.97918488410428,10,168.0,0.26213514656447495,10,159.0,0.30005109773483524,20,327.0
